type,step,episode_reward,mean_episode_fC,actor_loss,critic_loss,eval_reward,eval_mean_fC
train_episode,150,2.7199198404850904,0.014830525716145833,,,,
train_episode,300,2.765024821041152,0.015055338541666666,,,,
train_episode,450,2.695393880130723,0.014654337565104167,,,,
train_episode,600,2.5261637369694654,0.013528849283854167,,,,
train_episode,750,2.6346537275239825,0.014230550130208333,,,,
train_episode,900,2.805959065735806,0.015338134765625,,,,
train_episode,1050,2.8481750492937863,0.015632527669270833,,,,
train_episode,1200,2.6495361328125,0.014321695963541667,,,,
train_episode,1350,2.651713052910054,0.014348551432291667,,,,
train_episode,1500,2.7294718422926962,0.014840291341145834,,,,
train_episode,1650,2.869323730621545,0.0158026123046875,,,,
train_episode,1800,4.557932513882406,0.027079264322916668,,,,
train_episode,1950,3.5958150232036132,0.020627644856770832,,,,
train_episode,2100,4.261932371649891,0.025082194010416666,,,,
train_episode,2250,20.397430285811424,0.13312886555989584,,,,
train_episode,2400,3.651774097699672,0.020996500651041666,,,,
train_episode,2550,23.475484021008015,0.15431905110677083,,,,
train_episode,2700,38.97948199510574,0.25827189127604167,,,,
train_episode,2850,65.43344134092331,0.4354066975911458,,,,
train_episode,3000,66.35393263399601,0.4411138916015625,,,,
train_episode,3150,62.98479238152504,0.41849365234375,,,,
train_episode,3300,62.05533865094185,0.4125590006510417,,,,
train_episode,3450,63.84043410420418,0.42463887532552086,,,,
train_episode,3600,62.63300582766533,0.4163494873046875,,,,
train_episode,3750,61.37512215971947,0.407861328125,,,,
train_episode,3900,59.323028564453125,0.39429158528645836,,,,
train_episode,4050,59.14027917385101,0.392899169921875,,,,
train_episode,4200,60.10261058807373,0.39934366861979165,,,,
train_episode,4350,56.856272876262665,0.377550048828125,,,,
train_episode,4500,58.782267570495605,0.39044514973958333,,,,
train_episode,4650,58.80608117580414,0.3906103515625,,,,
train_episode,4800,58.317779898643494,0.38725931803385416,,,,
train_episode,4950,56.89477562904358,0.3777870686848958,,,,
train_episode,5100,57.68385860323906,0.3832049560546875,,,,
train_episode,5250,58.05837032198906,0.38562581380208333,,,,
train_episode,5400,59.91632091999054,0.39799662272135417,,,,
train_episode,5550,58.945485949516296,0.3914870198567708,,,,
train_episode,5700,59.22031709551811,0.3933414713541667,,,,
train_episode,5850,60.89862102270126,0.40455322265625,,,,
train_episode,6000,61.808522909879684,0.41067362467447915,,,,
eval,6000,,,,,23.867447916666663,0.15596223958333333
train_episode,6150,58.91160145401955,0.5533390299479166,,,,
train_episode,6300,61.646789997816086,0.40965901692708334,,,,
train_episode,6450,62.43433681130409,0.4149224853515625,,,,
train_episode,6600,60.10846996307373,0.399288330078125,,,,
train_episode,6750,61.38703462481499,0.4079060872395833,,,,
train_episode,6900,61.483317732810974,0.4085459391276042,,,,
train_episode,7050,61.83270302414894,0.4108624267578125,,,,
train_episode,7200,63.08781975507736,0.41927001953125,,,,
train_episode,7350,63.549937069416046,0.42242818196614584,,,,
train_episode,7500,63.354950457811356,0.4210687255859375,,,,
train_episode,7650,63.308380633592606,0.4207684326171875,,,,
train_episode,7800,63.73873960971832,0.42371744791666666,,,,
train_episode,7950,63.01412007212639,0.41883280436197917,,,,
train_episode,8100,63.787191063165665,0.42404805501302084,,,,
train_episode,8250,64.51517802476883,0.4288677978515625,,,,
train_episode,8400,62.137553215026855,0.413046875,,,,
train_episode,8550,62.87835747003555,0.417984619140625,,,,
train_episode,8700,64.0598249733448,0.42587483723958336,,,,
train_episode,8850,63.2694094479084,0.42054300944010414,,,,
train_episode,9000,63.88165298104286,0.4247566731770833,,,,
train_episode,9150,62.84204152226448,0.4177032470703125,,,,
train_episode,9300,64.42174339294434,0.4282867431640625,,,,
train_episode,9450,63.01400810480118,0.418961181640625,,,,
train_episode,9600,63.20469215512276,0.4201230875651042,,,,
train_episode,9750,62.24042850732803,0.4137310791015625,,,,
train_episode,9900,62.418935507535934,0.4149267578125,,,,
train_episode,10050,63.46383714675903,0.4218831380208333,,,,
train_episode,10200,62.61154240369797,0.4161606852213542,,,,
train_episode,10350,63.4705613553524,0.42195271809895835,,,,
train_episode,10500,63.13298609852791,0.419725341796875,,,,
train_episode,10650,64.60056605935097,0.42954813639322914,,,,
train_episode,10800,62.31736275553703,0.41419921875,,,,
train_episode,10950,63.05336570739746,0.4191941324869792,,,,
train_episode,11100,63.329875230789185,0.42104268391927085,,,,
train_episode,11250,62.75480189919472,0.4170867919921875,,,,
train_episode,11400,61.97422334551811,0.4119635009765625,,,,
train_episode,11550,62.40213096141815,0.41483500162760417,,,,
train_episode,11700,62.807434648275375,0.417567138671875,,,,
train_episode,11850,60.848867028951645,0.40433349609375,,,,
train_episode,12000,62.275940507650375,0.41397013346354167,,,,
eval,12000,,,,,3.8799479166666666,0.02246484375
train_episode,12150,64.64708516001701,0.45364481608072915,,,,
train_episode,12300,62.536122828722,0.41570943196614585,,,,
train_episode,12450,61.06963121891022,0.40594482421875,,,,
train_episode,12600,59.90048271417618,0.39806640625,,,,
train_episode,12750,58.51539149880409,0.38875691731770834,,,,
train_episode,12900,61.459361135959625,0.40854207356770833,,,,
train_episode,13050,59.213125079870224,0.3935205078125,,,,
train_episode,13200,59.447530537843704,0.39509379069010414,,,,
train_episode,13350,60.50355076789856,0.4020815022786458,,,,
train_episode,13500,61.34982344508171,0.40785624186197916,,,,
train_episode,13650,63.54509526491165,0.4224601236979167,,,,
train_episode,13800,61.51508617401123,0.40894144694010415,,,,
train_episode,13950,63.267690509557724,0.42060546875,,,,
train_episode,14100,62.20381712913513,0.41348103841145833,,,,
train_episode,14250,63.92968791723251,0.4250258382161458,,,,
train_episode,14400,63.73343953490257,0.4236726888020833,,,,
train_episode,14550,62.66640257835388,0.416566162109375,,,,
train_episode,14700,63.23966509103775,0.420374755859375,,,,
train_episode,14850,62.900503277778625,0.4180959065755208,,,,
train_episode,15000,62.59226515889168,0.41605692545572914,,,,
train_episode,15150,63.850047171115875,0.42441630045572915,,,,
train_episode,15300,62.46248435974121,0.41512410481770834,,,,
train_episode,15450,62.989715963602066,0.41860270182291665,,,,
train_episode,15600,63.407461017370224,0.4214046223958333,,,,
train_episode,15750,64.66833534836769,0.42985860188802083,,,,
train_episode,15900,63.12745222449303,0.41961568196614585,,,,
train_episode,16050,62.681132435798645,0.4164544677734375,,,,
train_episode,16200,62.95733663439751,0.41836751302083336,,,,
train_episode,16350,64.79058876633644,0.43065266927083334,,,,
train_episode,16500,63.32787108421326,0.42093282063802084,,,,
train_episode,16650,65.19053190946579,0.4333601888020833,,,,
train_episode,16800,64.5477806031704,0.4290004475911458,,,,
train_episode,16950,64.93919885158539,0.4316351318359375,,,,
train_episode,17100,65.90945449471474,0.4381309000651042,,,,
train_episode,17250,67.12219268083572,0.446259765625,,,,
train_episode,17400,66.58078023791313,0.44261067708333335,,,,
train_episode,17550,66.15334078669548,0.43972086588541665,,,,
train_episode,17700,67.66438800096512,0.4498846435546875,,,,
train_episode,17850,67.39016708731651,0.44805074055989585,,,,
train_episode,18000,67.71573862433434,0.45029276529947915,,,,
eval,18000,,,,,4.683658854166667,0.02783333333333333
train_episode,18150,68.94928014278412,0.47499409993489583,,,,
train_episode,18300,69.27284708619118,0.46061136881510417,,,,
train_episode,18450,68.92204800248146,0.4582059733072917,,,,
train_episode,18600,68.14059457182884,0.45302388509114583,,,,
train_episode,18750,69.11774668097496,0.45959391276041667,,,,
train_episode,18900,69.37713581323624,0.4613055419921875,,,,
train_episode,19050,70.02322429418564,0.46557027180989585,,,,
train_episode,19200,69.10262045264244,0.4594801839192708,,,,
train_episode,19350,68.50550311803818,0.45545166015625,,,,
train_episode,19500,69.75231927633286,0.4637782796223958,,,,
train_episode,19650,69.3758852481842,0.46131062825520835,,,,
train_episode,19800,69.5311176776886,0.46228719075520835,,,,
train_episode,19950,69.20653250813484,0.4601674397786458,,,,
train_episode,20100,68.94402027130127,0.45851338704427086,,,,
train_episode,20250,69.60505139827728,0.46284586588541665,,,,
train_episode,20400,70.0793964266777,0.465989990234375,,,,
train_episode,20550,70.57276400923729,0.46927449544270833,,,,
train_episode,20700,70.70117166638374,0.4701593017578125,,,,
train_episode,20850,69.71234086155891,0.46352986653645833,,,,
train_episode,21000,70.23486295342445,0.4669769287109375,,,,
train_episode,21150,71.04265332221985,0.47247802734375,,,,
train_episode,21300,71.01222720742226,0.4721982828776042,,,,
train_episode,21450,69.61858075857162,0.46298116048177085,,,,
train_episode,21600,70.59553015232086,0.4695819091796875,,,,
train_episode,21750,71.07616102695465,0.47278157552083333,,,,
train_episode,21900,70.47986844182014,0.46877705891927085,,,,
train_episode,22050,70.83968046307564,0.471202392578125,,,,
train_episode,22200,70.29614260792732,0.46760233561197917,,,,
train_episode,22350,71.49332690238953,0.47553181966145835,,,,
train_episode,22500,72.12509113550186,0.4797930908203125,,,,
train_episode,22650,71.61315831542015,0.47637247721354165,,,,
train_episode,22800,71.79411768913269,0.477607421875,,,,
train_episode,22950,71.56223502755165,0.475982666015625,,,,
train_episode,23100,72.00494340062141,0.47902323404947916,,,,
train_episode,23250,71.3699441254139,0.47468505859375,,,,
train_episode,23400,71.8918861746788,0.4782391357421875,,,,
train_episode,23550,71.2921952009201,0.4741292317708333,,,,
train_episode,23700,71.17323791980743,0.4734906005859375,,,,
train_episode,23850,71.02029421925545,0.4724654134114583,,,,
train_episode,24000,71.41643169522285,0.4750693766276042,,,,
eval,24000,,,,,3.852213541666667,0.022257812499999998
train_episode,24150,71.92278036475182,0.49845540364583335,,,,
train_episode,24300,72.4385983645916,0.4819012451171875,,,,
train_episode,24450,71.44116175174713,0.47519490559895833,,,,
train_episode,24600,71.02908337116241,0.4724300130208333,,,,
train_episode,24750,71.38441953063011,0.4748663330078125,,,,
train_episode,24900,70.77818763256073,0.4708258056640625,,,,
train_episode,25050,72.49040699005127,0.482166748046875,,,,
train_episode,25200,69.3811845779419,0.4614508056640625,,,,
train_episode,25350,71.72398841381073,0.47711832682291666,,,,
train_episode,25500,72.22219783067703,0.48049560546875,,,,
train_episode,25650,71.33336398005486,0.47446329752604166,,,,
train_episode,25800,71.1215512752533,0.4730615234375,,,,
train_episode,25950,71.18833374977112,0.47351236979166667,,,,
train_episode,26100,72.0164383649826,0.47902262369791665,,,,
train_episode,26250,72.14783698320389,0.47991780598958333,,,,
train_episode,26400,71.49549341201782,0.47550069173177084,,,,
train_episode,26550,71.48136368393898,0.4754901123046875,,,,
train_episode,26700,71.58142057061195,0.4762009684244792,,,,
train_episode,26850,69.20399948954582,0.46021870930989583,,,,
train_episode,27000,69.98794582486153,0.4654266357421875,,,,
train_episode,27150,73.06125864386559,0.4860174560546875,,,,
train_episode,27300,70.38452133536339,0.46817626953125,,,,
train_episode,27450,71.81436145305634,0.4775996907552083,,,,
train_episode,27600,72.52905264496803,0.4823974609375,,,,
train_episode,27750,70.65412384271622,0.46987752278645833,,,,
train_episode,27900,71.51975497603416,0.4756852213541667,,,,
train_episode,28050,70.84295600652695,0.47118408203125,,,,
train_episode,28200,72.155283421278,0.47996134440104166,,,,
train_episode,28350,72.18331924080849,0.48010823567708333,,,,
train_episode,28500,72.8068034350872,0.4841385904947917,,,,
train_episode,28650,70.98651096224785,0.47204732259114585,,,,
train_episode,28800,71.25549304485321,0.47393900553385415,,,,
train_episode,28950,72.23133301734924,0.4804030354817708,,,,
train_episode,29100,69.60100317001343,0.4629720052083333,,,,
train_episode,29250,71.48180118203163,0.4753745524088542,,,,
train_episode,29400,71.45654249191284,0.4752726236979167,,,,
train_episode,29550,70.2835588157177,0.467447509765625,,,,
train_episode,29700,70.0144650042057,0.4655792236328125,,,,
train_episode,29850,67.41880306601524,0.44826416015625,,,,
train_episode,30000,67.0323791205883,0.44575052897135414,,,,
eval,30000,,,,,8.185742187499997,0.051134114583333334
train_episode,30150,71.81620255112648,0.5204180908203125,,,,
train_episode,30300,69.62993317842484,0.4630596923828125,,,,
train_episode,30450,73.37304675579071,0.48802978515625,,,,
train_episode,30600,72.12056490778923,0.47956787109375,,,,
train_episode,30750,71.80830904841423,0.4775315348307292,,,,
train_episode,30900,71.41337037086487,0.474949951171875,,,,
train_episode,31050,67.57154315710068,0.44935404459635414,,,,
train_episode,31200,65.79615271091461,0.4374794514973958,,,,
train_episode,31350,70.83682256937027,0.4711179606119792,,,,
train_episode,31500,64.62428775429726,0.429642333984375,,,,
train_episode,31650,65.75597137212753,0.4372125244140625,,,,
train_episode,31800,69.37007650732994,0.461329345703125,,,,
train_episode,31950,66.5706378519535,0.4426725260416667,,,,
train_episode,32100,68.46756979823112,0.45530253092447914,,,,
train_episode,32250,70.11021918058395,0.46628438313802084,,,,
train_episode,32400,69.53865531086922,0.4624560546875,,,,
train_episode,32550,71.5846757888794,0.4760713704427083,,,,
train_episode,32700,72.15913891792297,0.4798787434895833,,,,
train_episode,32850,72.11907961964607,0.47956705729166665,,,,
train_episode,33000,72.69677677750587,0.483499755859375,,,,
train_episode,33150,72.4849645793438,0.481982421875,,,,
train_episode,33300,73.79499265551567,0.4907415771484375,,,,
train_episode,33450,73.3103837966919,0.4875653076171875,,,,
train_episode,33600,73.4552812576294,0.48851094563802083,,,,
train_episode,33750,72.64711487293243,0.4831787109375,,,,
train_episode,33900,73.32211291790009,0.48758544921875,,,,
train_episode,34050,73.63800001144409,0.489732666015625,,,,
train_episode,34200,73.37631168961525,0.48795756022135417,,,,
train_episode,34350,73.38029980659485,0.48799763997395834,,,,
train_episode,34500,73.79720038175583,0.4908251953125,,,,
train_episode,34650,74.51729309558868,0.4955185953776042,,,,
train_episode,34800,73.71485379338264,0.4902060953776042,,,,
train_episode,34950,74.08752450346947,0.4926568603515625,,,,
train_episode,35100,73.93438729643822,0.49171284993489583,,,,
train_episode,35250,73.56599968671799,0.48917277018229166,,,,
train_episode,35400,74.12212121486664,0.49292948404947917,,,,
train_episode,35550,73.88290423154831,0.49134684244791665,,,,
train_episode,35700,74.2335202395916,0.49365397135416667,,,,
train_episode,35850,73.4513447880745,0.488458251953125,,,,
train_episode,36000,73.71670493483543,0.49022216796875,,,,
eval,36000,,,,,15.749283854166672,0.10195052083333334
train_episode,36150,75.23810830712318,0.5763822428385417,,,,
train_episode,36300,75.8400269150734,0.5043723551432292,,,,
train_episode,36450,75.35518416762352,0.5010196940104167,,,,
train_episode,36600,75.82943716645241,0.504208984375,,,,
train_episode,36750,75.82916218042374,0.5041770426432292,,,,
train_episode,36900,75.58706647157669,0.5025665283203125,,,,
train_episode,37050,75.68235301971436,0.5033182779947917,,,,
train_episode,37200,76.621113717556,0.5093853759765625,,,,
train_episode,37350,77.30269321799278,0.51399658203125,,,,
train_episode,37500,76.95081588625908,0.51158203125,,,,
train_episode,37650,77.75151520967484,0.517025146484375,,,,
train_episode,37800,76.58830747008324,0.5092195638020833,,,,
train_episode,37950,77.90443909168243,0.5180269368489583,,,,
train_episode,38100,76.96687859296799,0.5116876220703125,,,,
train_episode,38250,77.71775287389755,0.5166733805338541,,,,
train_episode,38400,77.70185282826424,0.5166312662760416,,,,
train_episode,38550,77.72584968805313,0.5168756103515625,,,,
train_episode,38700,78.42251551151276,0.5214491780598959,,,,
train_episode,38850,77.01184037327766,0.5119712320963542,,,,
train_episode,39000,76.90858951210976,0.5112870279947916,,,,
train_episode,39150,77.29882848262787,0.5139898681640624,,,,
train_episode,39300,77.40402233600616,0.5145928955078125,,,,
train_episode,39450,77.3349498808384,0.51412353515625,,,,
train_episode,39600,76.77636709809303,0.5103354899088541,,,,
train_episode,39750,77.36399391293526,0.5144346110026041,,,,
train_episode,39900,76.92370593547821,0.51133056640625,,,,
train_episode,40050,76.45830276608467,0.5082084147135416,,,,
train_episode,40200,77.37515291571617,0.5143007405598958,,,,
train_episode,40350,77.08921337127686,0.5124055989583334,,,,
train_episode,40500,76.44108095765114,0.5079189046223959,,,,
train_episode,40650,77.17519128322601,0.5128464762369792,,,,
train_episode,40800,75.87066587805748,0.5042120361328125,,,,
train_episode,40950,75.86847910284996,0.5041162109375,,,,
train_episode,41100,75.79586806893349,0.5035868326822917,,,,
train_episode,41250,75.04495257139206,0.4986446126302083,,,,
train_episode,41400,73.63088965415955,0.4891512044270833,,,,
train_episode,41550,74.05330410599709,0.49192484537760417,,,,
train_episode,41700,73.43641141057014,0.48777201334635417,,,,
train_episode,41850,72.169718593359,0.4793782552083333,,,,
train_episode,42000,73.81063854694366,0.49033203125,,,,
eval,42000,,,,,30.877278645833332,0.20311979166666666
train_episode,42150,74.148488342762,0.68803466796875,,,,
train_episode,42300,72.3927915096283,0.4807893880208333,,,,
train_episode,42450,71.53186020255089,0.47504781087239584,,,,
train_episode,42600,71.60099259018898,0.47559468587239584,,,,
train_episode,42750,70.02338615059853,0.46491353352864584,,,,
train_episode,42900,70.49328655004501,0.4680458577473958,,,,
train_episode,43050,71.08834835886955,0.47215596516927083,,,,
train_episode,43200,68.8013611137867,0.456763916015625,,,,
train_episode,43350,69.4065650999546,0.4608485921223958,,,,
train_episode,43500,69.66910806298256,0.46262430826822915,,,,
train_episode,43650,70.58365911245346,0.4687119547526042,,,,
train_episode,43800,69.99269619584084,0.4648567708333333,,,,
train_episode,43950,71.68897485733032,0.4761474609375,,,,
train_episode,44100,68.0289001762867,0.45179117838541666,,,,
train_episode,44250,70.20064309239388,0.46629536946614586,,,,
train_episode,44400,70.29810565710068,0.46698954264322917,,,,
train_episode,44550,69.91085827350616,0.46448404947916666,,,,
train_episode,44700,69.8975320160389,0.464403076171875,,,,
train_episode,44850,68.780070155859,0.45697184244791667,,,,
train_episode,45000,69.95295214653015,0.4648529052734375,,,,
train_episode,45150,69.81521579623222,0.46385518391927083,,,,
train_episode,45300,67.35911017656326,0.447694091796875,,,,
train_episode,45450,70.33652743697166,0.46751953125,,,,
train_episode,45600,69.06844046711922,0.4590273030598958,,,,
train_episode,45750,68.17841604351997,0.45312357584635415,,,,
train_episode,45900,69.94431579113007,0.4648695882161458,,,,
train_episode,46050,69.08024048805237,0.45911966959635414,,,,
train_episode,46200,71.18160033226013,0.47305867513020833,,,,
train_episode,46350,71.32163494825363,0.47408162434895834,,,,
train_episode,46500,70.41438800096512,0.4679536946614583,,,,
train_episode,46650,71.67914843559265,0.47650594075520836,,,,
train_episode,46800,71.94879162311554,0.47826212565104165,,,,
train_episode,46950,71.50386536121368,0.4753135172526042,,,,
train_episode,47100,72.59328246116638,0.48260498046875,,,,
train_episode,47250,70.76929703354836,0.47029683430989583,,,,
train_episode,47400,73.20124360918999,0.4866562906901042,,,,
train_episode,47550,72.26335656642914,0.4804248046875,,,,
train_episode,47700,72.77320393919945,0.4837752278645833,,,,
train_episode,47850,72.07056692242622,0.4791363525390625,,,,
train_episode,48000,73.04567450284958,0.4856111653645833,,,,
eval,48000,,,,,16.014388020833344,0.10356640624999999
train_episode,48150,73.60322058200836,0.579683837890625,,,,
train_episode,48300,74.48559534549713,0.4952191162109375,,,,
train_episode,48450,72.65554770827293,0.48293965657552085,,,,
train_episode,48600,73.65312683582306,0.4895859781901042,,,,
train_episode,48750,73.6983031630516,0.4898583984375,,,,
train_episode,48900,72.6528010070324,0.4829054768880208,,,,
train_episode,49050,73.88343247771263,0.49115580240885415,,,,
train_episode,49200,75.09107482433319,0.499093017578125,,,,
train_episode,49350,73.93775433301926,0.49136189778645833,,,,
train_episode,49500,74.53555282950401,0.49540608723958335,,,,
train_episode,49650,73.62870210409164,0.489276123046875,,,,
train_episode,49800,72.87944543361664,0.4843646240234375,,,,
train_episode,49950,73.43852689862251,0.4880694580078125,,,,
train_episode,50100,73.12898755073547,0.4859952799479167,,,,
train_episode,50250,73.47399914264679,0.4882525634765625,,,,
train_episode,50400,74.11295565962791,0.49254496256510416,,,,
train_episode,50550,73.18761223554611,0.4863507080078125,,,,
train_episode,50700,73.55444318056107,0.4887929280598958,,,,
train_episode,50850,72.95755025744438,0.4848221842447917,,,,
train_episode,51000,73.91357398033142,0.49127766927083333,,,,
train_episode,51150,73.73480215668678,0.4899810791015625,,,,
train_episode,51300,74.35446184873581,0.4941387939453125,,,,
train_episode,51450,73.42783629894257,0.488037109375,,,,
train_episode,51600,72.638702750206,0.4827681477864583,,,,
train_episode,51750,73.3779399394989,0.487740478515625,,,,
train_episode,51900,72.56090265512466,0.4823050944010417,,,,
train_episode,52050,73.30055758357048,0.4871596272786458,,,,
train_episode,52200,72.3448893725872,0.4808251953125,,,,
train_episode,52350,73.08749386668205,0.485689697265625,,,,
train_episode,52500,72.2168779373169,0.47996622721354165,,,,
train_episode,52650,73.19222021102905,0.4865266927083333,,,,
train_episode,52800,72.22894260287285,0.4801436360677083,,,,
train_episode,52950,72.86843860149384,0.48426188151041666,,,,
train_episode,53100,72.43711388111115,0.4814349365234375,,,,
train_episode,53250,71.93906638026237,0.4781040445963542,,,,
train_episode,53400,72.90842700004578,0.484552001953125,,,,
train_episode,53550,72.74499467015266,0.48359781901041665,,,,
train_episode,53700,71.39986196160316,0.47459859212239586,,,,
train_episode,53850,72.447011500597,0.4815549723307292,,,,
train_episode,54000,71.8605143725872,0.47770263671875,,,,
eval,54000,,,,,29.321940104166664,0.19253125000000001
train_episode,54150,71.45477271080017,0.680108642578125,,,,
train_episode,54300,73.72072350978851,0.4899871826171875,,,,
train_episode,54450,72.86824542284012,0.484320068359375,,,,
train_episode,54600,71.53719106316566,0.47543212890625,,,,
train_episode,54750,72.72616586089134,0.4833087158203125,,,,
train_episode,54900,73.81908178329468,0.490638427734375,,,,
train_episode,55050,72.6402587890625,0.48280232747395835,,,,
train_episode,55200,72.84832739830017,0.48409871419270833,,,,
train_episode,55350,73.26901236176491,0.486929931640625,,,,
train_episode,55500,73.13223248720169,0.48605021158854167,,,,
train_episode,55650,71.66725635528564,0.47620463053385415,,,,
train_episode,55800,72.98305261135101,0.4848836263020833,,,,
train_episode,55950,70.87172430753708,0.4709724934895833,,,,
train_episode,56100,72.50492343306541,0.48174214680989585,,,,
train_episode,56250,73.14877316355705,0.48605794270833336,,,,
train_episode,56400,71.59456345438957,0.47565327962239584,,,,
train_episode,56550,72.56509384512901,0.48220174153645834,,,,
train_episode,56700,72.75623545050621,0.48330118815104167,,,,
train_episode,56850,70.15194693207741,0.4661204020182292,,,,
train_episode,57000,70.99680599570274,0.47163309733072917,,,,
train_episode,57150,72.43919882178307,0.481207275390625,,,,
train_episode,57300,71.63269028067589,0.475843505859375,,,,
train_episode,57450,71.62545770406723,0.47575439453125,,,,
train_episode,57600,70.93752011656761,0.471143798828125,,,,
train_episode,57750,70.83467635512352,0.47053466796875,,,,
train_episode,57900,70.40949520468712,0.46758443196614585,,,,
train_episode,58050,71.91567984223366,0.4777105712890625,,,,
train_episode,58200,71.64635172486305,0.4759185791015625,,,,
train_episode,58350,68.02924600243568,0.45172749837239584,,,,
train_episode,58500,70.59527590870857,0.4687841796875,,,,
train_episode,58650,72.54448464512825,0.48171793619791664,,,,
train_episode,58800,72.09948697686195,0.478790283203125,,,,
train_episode,58950,73.30961102247238,0.48693522135416667,,,,
train_episode,59100,73.7637428343296,0.4899422200520833,,,,
train_episode,59250,71.66959643363953,0.47599385579427084,,,,
train_episode,59400,74.49875909090042,0.4947403971354167,,,,
train_episode,59550,71.73566734790802,0.4761960856119792,,,,
train_episode,59700,73.61671960353851,0.4887947591145833,,,,
train_episode,59850,69.37700390815735,0.4605938720703125,,,,
train_episode,60000,71.49005144834518,0.47455790201822917,,,,
eval,60000,,,,,66.45924479166669,0.4425286458333334
train_episode,60150,71.22989872097969,0.875419921875,,,,
train_episode,60300,74.40090951323509,0.4938785807291667,,,,
train_episode,60450,74.0633339881897,0.49175089518229165,,,,
train_episode,60600,73.13654559850693,0.485391845703125,,,,
train_episode,60750,72.39337167143822,0.4804868570963542,,,,
train_episode,60900,72.15125501155853,0.47888671875,,,,
train_episode,61050,73.11450177431107,0.48533548990885417,,,,
train_episode,61200,72.13971963524818,0.4788372802734375,,,,
train_episode,61350,70.6152853667736,0.46873067220052084,,,,
train_episode,61500,73.02111801505089,0.484566650390625,,,,
train_episode,61650,72.50569677352905,0.4811151123046875,,,,
train_episode,61800,72.62627100944519,0.4820196533203125,,,,
train_episode,61950,74.0990192592144,0.4918546549479167,,,,
train_episode,62100,71.96481314301491,0.47744893391927085,,,,
train_episode,62250,71.98670464754105,0.4776584879557292,,,,
train_episode,62400,72.7417502105236,0.4827504475911458,,,,
train_episode,62550,72.39127600193024,0.4804986572265625,,,,
train_episode,62700,72.4559836089611,0.48083841959635415,,,,
train_episode,62850,72.16826349496841,0.47890157063802086,,,,
train_episode,63000,72.00576797127724,0.4777445475260417,,,,
train_episode,63150,70.09623205661774,0.46501729329427083,,,,
train_episode,63300,72.59143084287643,0.4816359456380208,,,,
train_episode,63450,71.34156268835068,0.4732379150390625,,,,
train_episode,63600,71.72091662883759,0.47595560709635415,,,,
train_episode,63750,73.14354467391968,0.4854376220703125,,,,
train_episode,63900,71.77269491553307,0.4763136800130208,,,,
train_episode,64050,71.88483673334122,0.4770159912109375,,,,
train_episode,64200,72.13653579354286,0.4785945638020833,,,,
train_episode,64350,71.77847319841385,0.47623087565104166,,,,
train_episode,64500,71.8280231654644,0.4765574137369792,,,,
train_episode,64650,71.47432452440262,0.4742169189453125,,,,
train_episode,64800,72.05892938375473,0.4782078043619792,,,,
train_episode,64950,73.47612491250038,0.487569580078125,,,,
train_episode,65100,73.04769882559776,0.4847332763671875,,,,
train_episode,65250,71.74001067876816,0.47605570475260417,,,,
train_episode,65400,71.50646963715553,0.4743452962239583,,,,
train_episode,65550,71.48662304878235,0.47429728190104165,,,,
train_episode,65700,70.70136538147926,0.4690681966145833,,,,
train_episode,65850,70.50914478302002,0.46787455240885417,,,,
train_episode,66000,73.10670951008797,0.48513163248697916,,,,
eval,66000,,,,,23.39270833333333,0.1532109375
train_episode,66150,70.08990496397018,0.5992803955078125,,,,
train_episode,66300,72.83972123265266,0.48341227213541665,,,,
train_episode,66450,72.05902081727982,0.4781756591796875,,,,
train_episode,66600,71.73367291688919,0.4759547932942708,,,,
train_episode,66750,71.5430097579956,0.474647216796875,,,,
train_episode,66900,71.40559855103493,0.4737005615234375,,,,
train_episode,67050,69.99220788478851,0.46422119140625,,,,
train_episode,67200,71.22720322012901,0.47262369791666664,,,,
train_episode,67350,69.76883932948112,0.4627433268229167,,,,
train_episode,67500,72.17044049501419,0.4786669921875,,,,
train_episode,67650,71.89448046684265,0.47694254557291665,,,,
train_episode,67800,72.29066979885101,0.4795556640625,,,,
train_episode,67950,70.7770488858223,0.46949137369791666,,,,
train_episode,68100,70.65006491541862,0.4686260986328125,,,,
train_episode,68250,68.85085052251816,0.45659912109375,,,,
train_episode,68400,70.46259534358978,0.467366943359375,,,,
train_episode,68550,68.40787735581398,0.4535909016927083,,,,
train_episode,68700,70.86788964271545,0.4699125162760417,,,,
train_episode,68850,70.81713876128197,0.46960591634114585,,,,
train_episode,69000,71.72066250443459,0.47555887858072915,,,,
train_episode,69150,72.24500489234924,0.47915201822916664,,,,
train_episode,69300,71.04469832777977,0.47108317057291665,,,,
train_episode,69450,71.21626791357994,0.4720721435546875,,,,
train_episode,69600,72.23902371525764,0.47897237141927085,,,,
train_episode,69750,72.0021263062954,0.4774733479817708,,,,
train_episode,69900,69.3856911957264,0.460047607421875,,,,
train_episode,70050,72.70480373501778,0.4820638020833333,,,,
train_episode,70200,72.67430612444878,0.48182027180989584,,,,
train_episode,70350,72.03067025542259,0.47763895670572915,,,,
train_episode,70500,73.35185724496841,0.4863970947265625,,,,
train_episode,70650,71.47763058543205,0.47390848795572915,,,,
train_episode,70800,66.31375139951706,0.4395576985677083,,,,
train_episode,70950,71.61542755365372,0.4748996988932292,,,,
train_episode,71100,72.72178167104721,0.482210693359375,,,,
train_episode,71250,72.33220455050468,0.4796756998697917,,,,
train_episode,71400,73.94320660829544,0.4903847249348958,,,,
train_episode,71550,73.2399697303772,0.485814208984375,,,,
train_episode,71700,74.46164950728416,0.49384033203125,,,,
train_episode,71850,74.95769250392914,0.49723368326822914,,,,
train_episode,72000,74.81848147511482,0.4964251708984375,,,,
eval,72000,,,,,45.96666666666666,0.30451432291666664
train_episode,72150,77.54339599609375,0.7914335123697916,,,,
train_episode,72300,75.8984072804451,0.5036470540364584,,,,
train_episode,72450,75.9259640276432,0.5038104248046875,,,,
train_episode,72600,76.32886731624603,0.5065053304036459,,,,
train_episode,72750,76.02856451272964,0.5045882161458334,,,,
train_episode,72900,78.29751536250114,0.5197239176432291,,,,
train_episode,73050,76.7257789671421,0.5092142740885417,,,,
train_episode,73200,76.91445910930634,0.5106321207682292,,,,
train_episode,73350,79.13990297913551,0.525450439453125,,,,
train_episode,73500,78.62700387835503,0.5220058186848958,,,,
train_episode,73650,78.11439043283463,0.5186574300130208,,,,
train_episode,73800,76.50975534319878,0.5080316162109375,,,,
train_episode,73950,81.50266510248184,0.5413051350911459,,,,
train_episode,74100,80.10897848010063,0.53210205078125,,,,
train_episode,74250,80.02665185928345,0.5315482584635417,,,,
train_episode,74400,81.5498965382576,0.5416630045572917,,,,
train_episode,74550,79.56924429535866,0.5283518473307292,,,,
train_episode,74700,79.7894082069397,0.5298935953776042,,,,
train_episode,74850,81.0626118183136,0.5383453369140625,,,,
train_episode,75000,81.59330204129219,0.5419492594401042,,,,
train_episode,75150,81.23940029740334,0.5396307373046875,,,,
train_episode,75300,81.60754391551018,0.5421187337239584,,,,
train_episode,75450,80.61327117681503,0.5354632568359375,,,,
train_episode,75600,81.30276435613632,0.5398612467447916,,,,
train_episode,75750,81.93173238635063,0.5442380777994792,,,,
train_episode,75900,80.66657510399818,0.5358341471354167,,,,
train_episode,76050,81.54123911261559,0.5416485595703125,,,,
train_episode,76200,83.77961239218712,0.5564943440755208,,,,
train_episode,76350,81.84308812022209,0.5435953776041667,,,,
train_episode,76500,82.68047040700912,0.54923583984375,,,,
train_episode,76650,82.94573932886124,0.551080322265625,,,,
train_episode,76800,84.37778753042221,0.5606475830078125,,,,
train_episode,76950,84.52836030721664,0.5617287190755208,,,,
train_episode,77100,83.66735845804214,0.5559413655598958,,,,
train_episode,77250,84.13984143733978,0.559091796875,,,,
train_episode,77400,85.3905845284462,0.5675638834635417,,,,
train_episode,77550,83.26191186904907,0.5532234700520834,,,,
train_episode,77700,84.41920959949493,0.5610441080729167,,,,
train_episode,77850,86.16846722364426,0.5727207438151042,,,,
train_episode,78000,85.92208796739578,0.5711574300130209,,,,
eval,78000,,,,,29.672330729166667,0.19567708333333333
train_episode,78150,83.83625280857086,0.79877197265625,,,,
train_episode,78300,86.93814104795456,0.5779288736979167,,,,
train_episode,78450,88.30972295999527,0.5870977783203125,,,,
train_episode,78600,84.04285681247711,0.5585426839192709,,,,
train_episode,78750,85.31987491250038,0.5671311442057292,,,,
train_episode,78900,90.3818564414978,0.6010009765625,,,,
train_episode,79050,86.2499289214611,0.5733858235677083,,,,
train_episode,79200,87.49138402938843,0.5816347249348959,,,,
train_episode,79350,88.54232758283615,0.5887935384114583,,,,
train_episode,79500,87.04888853430748,0.578765869140625,,,,
train_episode,79650,85.73199474811554,0.569993896484375,,,,
train_episode,79800,87.94463101029396,0.5848598225911459,,,,
train_episode,79950,88.64496895670891,0.589515380859375,,,,
train_episode,80100,88.98138362169266,0.5917333984375,,,,
train_episode,80250,87.64652574062347,0.5829838053385417,,,,
train_episode,80400,88.97731545567513,0.5918180338541666,,,,
train_episode,80550,89.1994321346283,0.5934885660807292,,,,
train_episode,80700,90.37822526693344,0.6014298502604166,,,,
train_episode,80850,88.33753475546837,0.587686767578125,,,,
train_episode,81000,90.74992883205414,0.6038621012369791,,,,
train_episode,81150,89.8956395983696,0.5980971272786458,,,,
train_episode,81300,92.15658593177795,0.6132688395182292,,,,
train_episode,81450,89.55445355176926,0.5959157307942708,,,,
train_episode,81600,89.52621525526047,0.5957265218098958,,,,
train_episode,81750,92.85362738370895,0.6179246012369791,,,,
train_episode,81900,92.87384048104286,0.6183634440104167,,,,
train_episode,82050,91.85888609290123,0.6115972900390625,,,,
train_episode,82200,93.39636212587357,0.6217161051432292,,,,
train_episode,82350,94.90175387263298,0.63209716796875,,,,
train_episode,82500,92.47444680333138,0.6157468668619792,,,,
train_episode,82650,96.08457386493683,0.6400010172526042,,,,
train_episode,82800,91.55936688184738,0.6095231119791666,,,,
train_episode,82950,96.49733501672745,0.6428336588541667,,,,
train_episode,83100,94.52636694908142,0.6294038899739584,,,,
train_episode,83250,93.84871453046799,0.6249715169270833,,,,
train_episode,83400,94.9965108036995,0.6326881917317708,,,,
train_episode,83550,93.19763141870499,0.620479736328125,,,,
train_episode,83700,92.85979163646698,0.6182820638020833,,,,
train_episode,83850,90.79276537895203,0.6044478352864583,,,,
train_episode,84000,92.06223571300507,0.6129618326822917,,,,
eval,84000,,,,,7.068489583333331,0.04374999999999999
train_episode,84150,91.03454619646072,0.6342022705078125,,,,
train_episode,84300,90.11329144239426,0.5998531087239584,,,,
train_episode,84450,91.66013589501381,0.61030029296875,,,,
train_episode,84600,91.75919580459595,0.6108268229166667,,,,
train_episode,84750,93.0005696117878,0.6192940266927084,,,,
train_episode,84900,93.19383779168129,0.6205507405598958,,,,
train_episode,85050,91.17191502451897,0.6069342041015625,,,,
train_episode,85200,93.59578424692154,0.6231813557942708,,,,
train_episode,85350,92.20652240514755,0.61399658203125,,,,
train_episode,85500,91.89733880758286,0.61197998046875,,,,
train_episode,85650,92.1935425400734,0.6138936360677083,,,,
train_episode,85800,96.10809296369553,0.6404140218098958,,,,
train_episode,85950,94.55315139889717,0.6298944091796875,,,,
train_episode,86100,92.65064460039139,0.6170994059244792,,,,
train_episode,86250,93.39907866716385,0.6221942138671875,,,,
train_episode,86400,93.18583184480667,0.6208622233072917,,,,
train_episode,86550,94.8684794306755,0.6321626790364583,,,,
train_episode,86700,95.80043548345566,0.6385101318359375,,,,
train_episode,86850,95.92954516410828,0.6394968668619792,,,,
train_episode,87000,95.26578778028488,0.6349582926432291,,,,
train_episode,87150,97.60787951946259,0.6508982340494792,,,,
train_episode,87300,97.3706259727478,0.6491861979166667,,,,
train_episode,87450,96.15726760029793,0.6410970052083333,,,,
train_episode,87600,100.05325281620026,0.6672652180989583,,,,
train_episode,87750,97.31724032759666,0.6488594563802084,,,,
train_episode,87900,98.89908766746521,0.6597957356770834,,,,
train_episode,88050,99.82958978414536,0.6658357747395833,,,,
train_episode,88200,98.54923537373543,0.6573012288411458,,,,
train_episode,88350,100.6939188838005,0.6717205810546875,,,,
train_episode,88500,101.17102003097534,0.6749833170572916,,,,
train_episode,88650,99.81917369365692,0.6659427897135417,,,,
train_episode,88800,99.79524743556976,0.665869140625,,,,
train_episode,88950,100.42390957474709,0.670079345703125,,,,
train_episode,89100,102.59123647212982,0.6846966552734375,,,,
train_episode,89250,103.57266214489937,0.6914070638020834,,,,
train_episode,89400,103.4572241306305,0.6906626383463542,,,,
train_episode,89550,104.41306567192078,0.6970052083333333,,,,
train_episode,89700,104.02357995510101,0.6943497721354167,,,,
train_episode,89850,104.7860209941864,0.6994759114583333,,,,
train_episode,90000,104.52260380983353,0.6976182047526042,,,,
eval,90000,,,,,6.443424479166663,0.0393828125
train_episode,90150,106.5127665400505,0.7617441813151041,,,,
train_episode,90300,106.62170404195786,0.7118849690755208,,,,
train_episode,90450,107.2469272017479,0.7159549967447917,,,,
train_episode,90600,109.07960975170135,0.7283984375,,,,
train_episode,90750,109.02474933862686,0.7280316162109375,,,,
train_episode,90900,109.2809756398201,0.7297391764322917,,,,
train_episode,91050,110.948557138443,0.7410190836588542,,,,
train_episode,91200,111.41423559188843,0.74413330078125,,,,
train_episode,91350,110.78877782821655,0.7398958333333333,,,,
train_episode,91500,111.2628064751625,0.7430987548828125,,,,
train_episode,91650,109.30536884069443,0.7298797607421875,,,,
train_episode,91800,112.37314820289612,0.7505108642578125,,,,
train_episode,91950,113.05808448791504,0.7551025390625,,,,
train_episode,92100,111.14526349306107,0.7423909505208334,,,,
train_episode,92250,111.88746076822281,0.7473870849609375,,,,
train_episode,92400,112.91751092672348,0.7542669677734375,,,,
train_episode,92550,112.63095116615295,0.7523000081380208,,,,
train_episode,92700,113.54212486743927,0.7584747314453125,,,,
train_episode,92850,112.19410145282745,0.7494529215494792,,,,
train_episode,93000,112.42029809951782,0.7508597819010416,,,,
train_episode,93150,112.06667071580887,0.7484466552734375,,,,
train_episode,93300,112.0628045797348,0.7484818522135417,,,,
train_episode,93450,109.5382382273674,0.7314837646484375,,,,
train_episode,93600,113.16276007890701,0.7559348551432291,,,,
train_episode,93750,112.44222009181976,0.7510434977213541,,,,
train_episode,93900,112.35661870241165,0.7504510498046875,,,,
train_episode,94050,113.3608911037445,0.7571588134765626,,,,
train_episode,94200,113.44921863079071,0.7577616373697916,,,,
train_episode,94350,113.06765693426132,0.7551082356770833,,,,
train_episode,94500,114.3571065068245,0.7637929280598958,,,,
train_episode,94650,114.28782117366791,0.7632938639322917,,,,
train_episode,94800,113.70794606208801,0.7594746907552083,,,,
train_episode,94950,114.53889977931976,0.7650044759114584,,,,
train_episode,95100,115.45380693674088,0.7711338297526041,,,,
train_episode,95250,115.56675177812576,0.7718312581380208,,,,
train_episode,95400,114.21559649705887,0.7626442464192709,,,,
train_episode,95550,114.2442216873169,0.7628759765625,,,,
train_episode,95700,112.60035109519958,0.7517842610677083,,,,
train_episode,95850,114.68704152107239,0.765791015625,,,,
train_episode,96000,112.00411009788513,0.7478564453125,,,,
eval,96000,,,,,21.40598958333333,0.13942578125
train_episode,96150,113.8617959022522,0.9657379150390625,,,,
train_episode,96300,114.93443804979324,0.767520751953125,,,,
train_episode,96450,115.33133959770203,0.7699853515625,,,,
train_episode,96600,114.80068004131317,0.7665293375651042,,,,
train_episode,96750,114.31859296560287,0.7633286539713542,,,,
train_episode,96900,113.88954657316208,0.7604227701822917,,,,
train_episode,97050,114.72673499584198,0.7661252848307292,,,,
train_episode,97200,111.89958691596985,0.7471142578125,,,,
train_episode,97350,113.81497186422348,0.7599869791666667,,,,
train_episode,97500,113.08319091796875,0.7551359049479167,,,,
train_episode,97650,114.3132119178772,0.7633036295572917,,,,
train_episode,97800,114.94742852449417,0.76761474609375,,,,
train_episode,97950,114.92619854211807,0.7673583984375,,,,
train_episode,98100,114.24850457906723,0.7629490152994791,,,,
train_episode,98250,114.60857105255127,0.7653330485026042,,,,
train_episode,98400,112.52281630039215,0.7512919108072916,,,,
train_episode,98550,113.26576662063599,0.7563240559895833,,,,
train_episode,98700,115.08304810523987,0.7685349527994791,,,,
train_episode,98850,114.09303748607635,0.7618955485026042,,,,
train_episode,99000,113.91145849227905,0.7607037353515625,,,,
train_episode,99150,114.7864887714386,0.7665041097005209,,,,
train_episode,99300,114.59843975305557,0.7653379313151042,,,,
train_episode,99450,115.02202355861664,0.7680059814453125,,,,
train_episode,99600,115.99544268846512,0.7746392822265625,,,,
train_episode,99750,116.62573230266571,0.7788275146484375,,,,
train_episode,99900,115.09130853414536,0.7685972086588542,,,,
train_episode,100050,117.36289483308792,0.7837986246744791,,,,
train_episode,100200,117.7307026386261,0.7862510172526042,,,,
train_episode,100350,117.27853393554688,0.7831919352213542,,,,
train_episode,100500,116.93964630365372,0.7809956868489584,,,,
train_episode,100650,117.7940565943718,0.7866672770182291,,,,
train_episode,100800,117.53543084859848,0.7849092610677083,,,,
train_episode,100950,117.77140295505524,0.7864670817057292,,,,
train_episode,101100,117.29575604200363,0.7832497151692709,,,,
train_episode,101250,115.93170112371445,0.7741790771484375,,,,
train_episode,101400,117.10453277826309,0.7820627848307292,,,,
train_episode,101550,118.28142237663269,0.7898386637369792,,,,
train_episode,101700,117.10130792856216,0.7819767252604166,,,,
train_episode,101850,117.40602564811707,0.7841119384765625,,,,
train_episode,102000,118.85212177038193,0.79369873046875,,,,
eval,102000,,,,,18.77356770833334,0.12194401041666666
train_episode,102150,117.25979620218277,0.9680977376302083,,,,
train_episode,102300,118.11857080459595,0.788822021484375,,,,
train_episode,102450,117.00747662782669,0.7813116455078125,,,,
train_episode,102600,116.88260930776596,0.7804213460286459,,,,
train_episode,102750,117.96620696783066,0.7876558430989583,,,,
train_episode,102900,117.77147394418716,0.78640869140625,,,,
train_episode,103050,117.269480407238,0.7829941813151041,,,,
train_episode,103200,117.45804834365845,0.784259033203125,,,,
train_episode,103350,117.71040856838226,0.7859920247395833,,,,
train_episode,103500,117.77243012189865,0.7863728841145833,,,,
train_episode,103650,118.33742290735245,0.7901328531901042,,,,
train_episode,103800,118.46355140209198,0.7909861246744792,,,,
train_episode,103950,117.97085577249527,0.7876829020182292,,,,
train_episode,104100,117.94629913568497,0.7876090494791667,,,,
train_episode,104250,115.58438086509705,0.7716485595703125,,,,
train_episode,104400,117.14231395721436,0.7820395914713542,,,,
train_episode,104550,117.07774847745895,0.781630859375,,,,
train_episode,104700,115.79304939508438,0.7731123860677084,,,,
train_episode,104850,116.68061292171478,0.7789640299479167,,,,
train_episode,105000,115.75201451778412,0.7727144368489584,,,,
train_episode,105150,115.19588232040405,0.7690134684244792,,,,
train_episode,105300,116.50259405374527,0.7777412923177084,,,,
train_episode,105450,115.06407672166824,0.768155517578125,,,,
train_episode,105600,114.96567791700363,0.7674186197916667,,,,
train_episode,105750,115.72504705190659,0.7724831136067708,,,,
train_episode,105900,115.68172150850296,0.7722102864583333,,,,
train_episode,106050,114.77711993455887,0.7661307779947917,,,,
train_episode,106200,113.90577191114426,0.760399169921875,,,,
train_episode,106350,114.47481340169907,0.764197998046875,,,,
train_episode,106500,114.01184087991714,0.7610898844401042,,,,
train_episode,106650,112.84341388940811,0.7532086181640625,,,,
train_episode,106800,114.06512439250946,0.7613871256510417,,,,
train_episode,106950,113.13297510147095,0.7551717122395833,,,,
train_episode,107100,114.27134215831757,0.7627701822916667,,,,
train_episode,107250,114.53610169887543,0.7645548502604167,,,,
train_episode,107400,113.29825896024704,0.7562172444661458,,,,
train_episode,107550,113.31720966100693,0.7563413492838542,,,,
train_episode,107700,112.94084656238556,0.7538297526041666,,,,
train_episode,107850,112.70427364110947,0.7523256429036458,,,,
train_episode,108000,112.63267034292221,0.7517948404947916,,,,
eval,108000,,,,,16.38125,0.10578515625
train_episode,108150,112.18820160627365,0.8312864176432292,,,,
train_episode,108300,112.85918164253235,0.7532863362630209,,,,
train_episode,108450,113.73538219928741,0.7591499837239584,,,,
train_episode,108600,112.78637719154358,0.7528363037109375,,,,
train_episode,108750,112.40593457221985,0.7501690673828125,,,,
train_episode,108900,111.24804675579071,0.7424629720052084,,,,
train_episode,109050,112.34934496879578,0.7497023518880208,,,,
train_episode,109200,112.47663378715515,0.7506304931640625,,,,
train_episode,109350,111.44747960567474,0.7438018798828125,,,,
train_episode,109500,111.194162607193,0.7420273844401042,,,,
train_episode,109650,111.55901086330414,0.7444512939453125,,,,
train_episode,109800,110.5722451210022,0.7378216552734375,,,,
train_episode,109950,110.97718280553818,0.7404836018880209,,,,
train_episode,110100,110.10668921470642,0.7347015380859375,,,,
train_episode,110250,109.70194470882416,0.7320363362630208,,,,
train_episode,110400,111.1443994641304,0.7416597493489583,,,,
train_episode,110550,109.28249126672745,0.7292073567708334,,,,
train_episode,110700,110.05642706155777,0.7344150797526041,,,,
train_episode,110850,109.65414452552795,0.7316843668619791,,,,
train_episode,111000,109.89792901277542,0.7332708740234375,,,,
train_episode,111150,109.71343994140625,0.7321128336588542,,,,
train_episode,111300,108.83619213104248,0.7262038167317708,,,,
train_episode,111450,109.0867001414299,0.72779541015625,,,,
train_episode,111600,109.28301972150803,0.7291446940104167,,,,
train_episode,111750,108.81498211622238,0.7260341389973959,,,,
train_episode,111900,109.3515117764473,0.729600830078125,,,,
train_episode,112050,109.54176795482635,0.7308931477864583,,,,
train_episode,112200,109.3409218788147,0.7295115152994792,,,,
train_episode,112350,108.86912029981613,0.726346435546875,,,,
train_episode,112500,108.18768292665482,0.7218015543619791,,,,
train_episode,112650,109.52156573534012,0.7307102457682292,,,,
train_episode,112800,108.80650860071182,0.7259486897786458,,,,
train_episode,112950,108.55289727449417,0.7242551676432292,,,,
train_episode,113100,107.99515789747238,0.7204827880859375,,,,
train_episode,113250,108.06822711229324,0.7209307861328125,,,,
train_episode,113400,108.5514829158783,0.7241766357421875,,,,
train_episode,113550,107.99435448646545,0.7204547119140625,,,,
train_episode,113700,107.82785999774933,0.7193088785807291,,,,
train_episode,113850,107.40359419584274,0.716483154296875,,,,
train_episode,114000,107.70844542980194,0.7185422770182291,,,,
eval,114000,,,,,19.43020833333333,0.1262799479166667
train_episode,114150,107.12474501132965,0.8673903401692709,,,,
train_episode,114300,105.67687970399857,0.7048838297526042,,,,
train_episode,114450,107.72889268398285,0.7186903889973958,,,,
train_episode,114600,106.54403692483902,0.7108062744140625,,,,
train_episode,114750,107.14280164241791,0.7146934000651042,,,,
train_episode,114900,106.40573090314865,0.7097605387369792,,,,
train_episode,115050,106.24451726675034,0.7086962890625,,,,
train_episode,115200,107.10541766881943,0.7144529215494791,,,,
train_episode,115350,106.31068885326385,0.7090976969401042,,,,
train_episode,115500,106.55589807033539,0.7107273356119792,,,,
train_episode,115650,105.67221081256866,0.7047456868489583,,,,
train_episode,115800,106.49292987585068,0.7103426106770834,,,,
train_episode,115950,105.15546649694443,0.70132568359375,,,,
train_episode,116100,104.202199280262,0.6950429280598959,,,,
train_episode,116250,104.8744712471962,0.6994771321614583,,,,
train_episode,116400,104.7023828625679,0.6983390299479166,,,,
train_episode,116550,105.53265351057053,0.7039447021484375,,,,
train_episode,116700,104.63701391220093,0.6978757731119791,,,,
train_episode,116850,106.46327716112137,0.710155029296875,,,,
train_episode,117000,104.85380017757416,0.6994004313151042,,,,
train_episode,117150,104.67668664455414,0.6981325276692708,,,,
train_episode,117300,104.52994877099991,0.6972819010416667,,,,
train_episode,117450,106.43294250965118,0.7101133219401041,,,,
train_episode,117600,105.82125842571259,0.7059354654947917,,,,
train_episode,117750,105.4883017539978,0.7037066650390625,,,,
train_episode,117900,105.49593156576157,0.70379638671875,,,,
train_episode,118050,106.88067692518234,0.7130183919270834,,,,
train_episode,118200,104.44545435905457,0.6968064371744792,,,,
train_episode,118350,106.26768004894257,0.7090858968098959,,,,
train_episode,118500,106.30926531553268,0.7093155924479166,,,,
train_episode,118650,108.480051279068,0.7238763427734375,,,,
train_episode,118800,107.8959144949913,0.7199527994791667,,,,
train_episode,118950,107.85485863685608,0.7197760009765625,,,,
train_episode,119100,108.86868315935135,0.7265999348958333,,,,
train_episode,119250,108.41945415735245,0.7235988362630208,,,,
train_episode,119400,109.35979223251343,0.7298482259114584,,,,
train_episode,119550,110.8192230463028,0.7396262613932292,,,,
train_episode,119700,111.30672204494476,0.7428080240885416,,,,
train_episode,119850,110.09512323141098,0.7348699951171875,,,,
train_episode,120000,110.91494750976562,0.7404720052083333,,,,
eval,120000,,,,,14.075716145833336,0.09072395833333334
train_episode,120150,110.41580218076706,0.8229549153645833,,,,
train_episode,120300,111.40716487169266,0.7437357584635417,,,,
train_episode,120450,111.04619359970093,0.7412504069010417,,,,
train_episode,120600,113.32890772819519,0.75650634765625,,,,
train_episode,120750,110.39865106344223,0.736944580078125,,,,
train_episode,120900,111.68914765119553,0.7454646809895833,,,,
train_episode,121050,112.01111847162247,0.7474983723958334,,,,
train_episode,121200,110.64995288848877,0.7384861246744792,,,,
train_episode,121350,110.45058196783066,0.7371116129557291,,,,
train_episode,121500,110.39552760124207,0.7368076578776042,,,,
train_episode,121650,109.99370288848877,0.7339762369791667,,,,
train_episode,121800,109.79192119836807,0.7327398681640624,,,,
train_episode,121950,109.01025372743607,0.7276017252604167,,,,
train_episode,122100,109.37941467761993,0.7299879964192708,,,,
train_episode,122250,110.24646991491318,0.7358087158203125,,,,
train_episode,122400,110.25380474328995,0.7358306884765625,,,,
train_episode,122550,111.13754266500473,0.7417488606770833,,,,
train_episode,122700,110.49290978908539,0.73750732421875,,,,
train_episode,122850,110.72247314453125,0.7390476481119792,,,,
train_episode,123000,109.20369452238083,0.72884521484375,,,,
train_episode,123150,108.29193168878555,0.7227860514322917,,,,
train_episode,123300,109.25702917575836,0.7292826334635417,,,,
train_episode,123450,109.92934185266495,0.7337845865885416,,,,
train_episode,123600,110.706573843956,0.7389609781901042,,,,
train_episode,123750,108.53595000505447,0.7245027669270834,,,,
train_episode,123900,108.8154701590538,0.726273193359375,,,,
train_episode,124050,109.12315899133682,0.7283225504557291,,,,
train_episode,124200,105.74260485172272,0.7058365885416666,,,,
train_episode,124350,108.64794981479645,0.725135498046875,,,,
train_episode,124500,105.93804985284805,0.7070027669270833,,,,
train_episode,124650,105.90737903118134,0.7067952473958333,,,,
train_episode,124800,108.65575140714645,0.7252081298828125,,,,
train_episode,124950,106.96366387605667,0.7138218180338541,,,,
train_episode,125100,106.92870056629181,0.7136163330078125,,,,
train_episode,125250,104.65905737876892,0.698521728515625,,,,
train_episode,125400,108.07802307605743,0.721343994140625,,,,
train_episode,125550,106.32241779565811,0.7096195475260416,,,,
train_episode,125700,105.46613591909409,0.7039034016927084,,,,
train_episode,125850,107.97389715909958,0.7207529703776042,,,,
train_episode,126000,107.06390339136124,0.714637451171875,,,,
eval,126000,,,,,7.534570312499999,0.046644531249999996
train_episode,126150,106.93784552812576,0.7476824951171875,,,,
train_episode,126300,106.24071276187897,0.7092232259114584,,,,
train_episode,126450,105.38560968637466,0.7033968098958333,,,,
train_episode,126600,106.19101911783218,0.7089540608723959,,,,
train_episode,126750,107.79043567180634,0.7196384684244792,,,,
train_episode,126900,105.74718183279037,0.7059478759765625,,,,
train_episode,127050,103.91208916902542,0.6936568196614583,,,,
train_episode,127200,106.39475500583649,0.7101983642578125,,,,
train_episode,127350,103.53982555866241,0.6912428792317709,,,,
train_episode,127500,108.16903692483902,0.7221763102213542,,,,
train_episode,127650,107.41050189733505,0.7169818115234375,,,,
train_episode,127800,108.89935278892517,0.7270003255208334,,,,
train_episode,127950,106.46047902107239,0.7107830810546875,,,,
train_episode,128100,107.76709997653961,0.7195182291666666,,,,
train_episode,128250,106.15962731838226,0.7086952718098959,,,,
train_episode,128400,106.73639923334122,0.71267333984375,,,,
train_episode,128550,104.66559839248657,0.698681640625,,,,
train_episode,128700,107.03221642971039,0.7146266682942708,,,,
train_episode,128850,105.96826195716858,0.7074684651692709,,,,
train_episode,129000,106.83761537075043,0.7131752522786459,,,,
train_episode,129150,105.25750690698624,0.702750244140625,,,,
train_episode,129300,104.02917522192001,0.6945381673177083,,,,
train_episode,129450,106.316823720932,0.7098830159505208,,,,
train_episode,129600,106.03186053037643,0.7079587809244792,,,,
train_episode,129750,106.13727807998657,0.7087127685546875,,,,
train_episode,129900,107.23901349306107,0.7160772705078124,,,,
train_episode,130050,106.36901831626892,0.7103554280598958,,,,
train_episode,130200,107.03150409460068,0.7148667399088542,,,,
train_episode,130350,105.57468616962433,0.7050417073567709,,,,
train_episode,130500,105.63053357601166,0.7053983561197916,,,,
train_episode,130650,104.87480598688126,0.7003487141927084,,,,
train_episode,130800,107.35843849182129,0.7169095865885416,,,,
train_episode,130950,103.93179351091385,0.69400146484375,,,,
train_episode,131100,106.46982842683792,0.7109967041015625,,,,
train_episode,131250,105.23298108577728,0.7027557373046875,,,,
train_episode,131400,107.4755147099495,0.7178261311848958,,,,
train_episode,131550,107.56674164533615,0.7184018961588542,,,,
train_episode,131700,107.86881518363953,0.7204667154947917,,,,
train_episode,131850,107.19843482971191,0.7158774820963542,,,,
train_episode,132000,107.70075476169586,0.7193412272135417,,,,
eval,132000,,,,,6.207226562499999,0.037957031249999995
train_episode,132150,107.47841387987137,0.7576564534505208,,,,
train_episode,132300,106.29153442382812,0.7099782307942708,,,,
train_episode,132450,107.42064344882965,0.7175111897786458,,,,
train_episode,132600,106.76515674591064,0.7130948893229166,,,,
train_episode,132750,106.82611000537872,0.7135601806640625,,,,
train_episode,132900,107.33892750740051,0.7169744873046875,,,,
train_episode,133050,107.272795855999,0.7164764404296875,,,,
train_episode,133200,104.71351063251495,0.6993434651692708,,,,
train_episode,133350,106.66802942752838,0.7123227945963542,,,,
train_episode,133500,106.26701825857162,0.7097324625651041,,,,
train_episode,133650,104.930459856987,0.7007722981770833,,,,
train_episode,133800,103.15479445457458,0.6887656656901041,,,,
train_episode,133950,101.5679520368576,0.6781087239583333,,,,
train_episode,134100,103.15317732095718,0.6887481689453125,,,,
train_episode,134250,100.69518041610718,0.6721565755208333,,,,
train_episode,134400,101.42010498046875,0.6771978759765624,,,,
train_episode,134550,99.2213129401207,0.6623716227213542,,,,
train_episode,134700,100.882080078125,0.6734141031901042,,,,
train_episode,134850,100.58561235666275,0.6713608805338541,,,,
train_episode,135000,101.80406671762466,0.6796683756510417,,,,
train_episode,135150,102.66819256544113,0.6854638671875,,,,
train_episode,135300,100.49352008104324,0.6709639485677084,,,,
train_episode,135450,102.5250952243805,0.6846476236979167,,,,
train_episode,135600,102.08942693471909,0.6816204833984375,,,,
train_episode,135750,102.06095361709595,0.681439208984375,,,,
train_episode,135900,100.95214861631393,0.6740140787760417,,,,
train_episode,136050,99.78650915622711,0.6661885579427084,,,,
train_episode,136200,100.51800537109375,0.6710434977213542,,,,
train_episode,136350,100.18603473901749,0.6688368733723958,,,,
train_episode,136500,100.09984335303307,0.6682073974609375,,,,
train_episode,136650,100.84618067741394,0.6732830810546875,,,,
train_episode,136800,100.0697221159935,0.6680135091145833,,,,
train_episode,136950,104.29203301668167,0.6963714599609375,,,,
train_episode,137100,102.490213483572,0.6843339029947917,,,,
train_episode,137250,102.75962263345718,0.6861334228515625,,,,
train_episode,137400,100.38668829202652,0.6702484130859375,,,,
train_episode,137550,99.53548181056976,0.6645269775390625,,,,
train_episode,137700,100.42730695009232,0.6703208414713542,,,,
train_episode,137850,100.30718958377838,0.6696736653645833,,,,
train_episode,138000,100.8828427195549,0.67352294921875,,,,
eval,138000,,,,,12.84934895833334,0.08230078125
train_episode,138150,97.86847984790802,0.7427388509114583,,,,
train_episode,138300,101.07709664106369,0.6748240152994792,,,,
train_episode,138450,98.72626793384552,0.6589703369140625,,,,
train_episode,138600,99.26234889030457,0.6625960286458333,,,,
train_episode,138750,101.4686786532402,0.6773470052083334,,,,
train_episode,138900,101.37116438150406,0.6767417399088541,,,,
train_episode,139050,102.31326216459274,0.6830263264973958,,,,
train_episode,139200,102.41614806652069,0.6838252766927083,,,,
train_episode,139350,102.82930445671082,0.6864786783854167,,,,
train_episode,139500,99.72519910335541,0.66578857421875,,,,
train_episode,139650,101.09753435850143,0.6747316487630208,,,,
train_episode,139800,103.84609961509705,0.69332275390625,,,,
train_episode,139950,101.80704826116562,0.6796657307942708,,,,
train_episode,140100,104.05980402231216,0.6947161865234375,,,,
train_episode,140250,103.28526747226715,0.6895644124348959,,,,
train_episode,140400,100.92574089765549,0.673646240234375,,,,
train_episode,140550,100.10618108510971,0.6681526692708334,,,,
train_episode,140700,102.1930233836174,0.6820489501953125,,,,
train_episode,140850,100.77901238203049,0.6726556396484376,,,,
train_episode,141000,101.57637530565262,0.678182373046875,,,,
train_episode,141150,102.8459677696228,0.6865858968098958,,,,
train_episode,141300,101.96186351776123,0.6804850260416667,,,,
train_episode,141450,99.91099047660828,0.6668697102864584,,,,
train_episode,141600,100.87882506847382,0.6733614095052083,,,,
train_episode,141750,101.26249188184738,0.6759556070963542,,,,
train_episode,141900,100.11571234464645,0.6682478841145834,,,,
train_episode,142050,101.10723930597305,0.6750030517578125,,,,
train_episode,142200,99.0084228515625,0.6607865397135416,,,,
train_episode,142350,100.04927533864975,0.667808837890625,,,,
train_episode,142500,97.77597063779831,0.6525044759114583,,,,
train_episode,142650,98.71255502104759,0.6588279215494791,,,,
train_episode,142800,98.75201347470284,0.6590726725260416,,,,
train_episode,142950,98.89280232787132,0.6600665283203125,,,,
train_episode,143100,98.4866229891777,0.6573415120442708,,,,
train_episode,143250,97.24224871397018,0.6489701334635417,,,,
train_episode,143400,97.98925811052322,0.6540081787109375,,,,
train_episode,143550,101.07573449611664,0.6747819010416667,,,,
train_episode,143700,97.5018208026886,0.650648193359375,,,,
train_episode,143850,96.028269469738,0.6408345540364583,,,,
train_episode,144000,98.0893144607544,0.6545676676432292,,,,
eval,144000,,,,,12.438802083333332,0.07942578125000001
train_episode,144150,96.07858255505562,0.7147902425130208,,,,
train_episode,144300,97.6995235979557,0.6520377604166666,,,,
train_episode,144450,93.4371951520443,0.6234507242838542,,,,
train_episode,144600,94.3822728395462,0.629757080078125,,,,
train_episode,144750,95.21344938874245,0.6352412923177083,,,,
train_episode,144900,96.73552420735359,0.6454842122395833,,,,
train_episode,145050,93.62482744455338,0.6246620686848958,,,,
train_episode,145200,93.82107490301132,0.6259193929036458,,,,
train_episode,145350,93.67898550629616,0.625069580078125,,,,
train_episode,145500,95.91703295707703,0.6400872802734375,,,,
train_episode,145650,98.74925693869591,0.6590655517578125,,,,
train_episode,145800,95.63523352146149,0.6382452392578125,,,,
train_episode,145950,98.02197298407555,0.6542777506510417,,,,
train_episode,146100,95.7662044763565,0.6390692138671875,,,,
train_episode,146250,95.41726666688919,0.6366151936848958,,,,
train_episode,146400,94.63092002272606,0.6314713541666667,,,,
train_episode,146550,96.77002984285355,0.6457366943359375,,,,
train_episode,146700,94.660207092762,0.631527099609375,,,,
train_episode,146850,95.9189760684967,0.6399586995442709,,,,
train_episode,147000,96.71671533584595,0.6452988688151041,,,,
train_episode,147150,96.59215307235718,0.6445859781901042,,,,
train_episode,147300,95.60527583956718,0.6379302978515625,,,,
train_episode,147450,95.18376639485359,0.6349387613932291,,,,
train_episode,147600,95.48941040039062,0.6370440673828125,,,,
train_episode,147750,96.43522116541862,0.6433687337239583,,,,
train_episode,147900,94.45154771208763,0.6300636800130208,,,,
train_episode,148050,96.55512499809265,0.6441082763671875,,,,
train_episode,148200,95.49345862865448,0.6370985921223958,,,,
train_episode,148350,95.4212042093277,0.6363889567057291,,,,
train_episode,148500,95.01468938589096,0.6338161214192708,,,,
train_episode,148650,94.94156867265701,0.6331988525390625,,,,
train_episode,148800,94.07265320420265,0.6274627685546875,,,,
train_episode,148950,94.59526562690735,0.6310011800130209,,,,
train_episode,149100,95.77126085758209,0.638836669921875,,,,
train_episode,149250,95.18540418148041,0.6349527994791667,,,,
train_episode,149400,93.90991213917732,0.6263618977864583,,,,
train_episode,149550,94.6993510723114,0.6317083740234375,,,,
train_episode,149700,94.30571520328522,0.6290810139973958,,,,
train_episode,149850,94.62567168474197,0.6311555989583333,,,,
train_episode,150000,90.07901978492737,0.6006962076822917,,,,
eval,150000,,,,,15.48248697916668,0.09961588541666667
train_episode,150150,94.03079229593277,0.7234016927083333,,,,
train_episode,150300,93.11831668019295,0.6209075927734375,,,,
train_episode,150450,93.79659044742584,0.6255564371744792,,,,
train_episode,150600,92.48549363017082,0.6167671712239583,,,,
train_episode,150750,93.04605117440224,0.6204994710286459,,,,
train_episode,150900,92.53556340932846,0.617080078125,,,,
train_episode,151050,92.7545265853405,0.6184796142578125,,,,
train_episode,151200,91.28149434924126,0.6085931396484375,,,,
train_episode,151350,90.7492062151432,0.6051255289713542,,,,
train_episode,151500,90.45158958435059,0.6031402587890625,,,,
train_episode,151650,90.14760309457779,0.60095947265625,,,,
train_episode,151800,91.79203262925148,0.6119820149739583,,,,
train_episode,151950,89.27662137150764,0.595152587890625,,,,
train_episode,152100,89.36928328871727,0.5957259114583333,,,,
train_episode,152250,90.58348578214645,0.6038979085286459,,,,
train_episode,152400,91.61316952109337,0.6109153238932291,,,,
train_episode,152550,91.72234052419662,0.6115598551432292,,,,
train_episode,152700,91.75908371806145,0.6118277994791667,,,,
train_episode,152850,92.05259290337563,0.613909912109375,,,,
train_episode,153000,88.88993290066719,0.5926177978515625,,,,
train_episode,153150,89.93445810675621,0.5996527099609374,,,,
train_episode,153300,90.27074092626572,0.6018131510416667,,,,
train_episode,153450,93.77308130264282,0.6254215494791666,,,,
train_episode,153600,91.99673491716385,0.6133347574869792,,,,
train_episode,153750,92.33712786436081,0.6157545979817708,,,,
train_episode,153900,90.85693359375,0.6057586669921875,,,,
train_episode,154050,90.26510617136955,0.6018479410807291,,,,
train_episode,154200,91.93102005124092,0.6130206298828125,,,,
train_episode,154350,92.2439161837101,0.61516357421875,,,,
train_episode,154500,91.97334840893745,0.6132840983072917,,,,
train_episode,154650,93.27350863814354,0.6220353190104166,,,,
train_episode,154800,91.01108786463737,0.6068540445963542,,,,
train_episode,154950,90.85320967435837,0.605771484375,,,,
train_episode,155100,91.60408490896225,0.6106768798828125,,,,
train_episode,155250,90.47715246677399,0.603306884765625,,,,
train_episode,155400,92.92045068740845,0.6195361328125,,,,
train_episode,155550,93.8406788110733,0.6257295735677083,,,,
train_episode,155700,90.77637708187103,0.605247802734375,,,,
train_episode,155850,91.65844747424126,0.6110630289713541,,,,
train_episode,156000,92.56075024604797,0.6171402994791667,,,,
eval,156000,,,,,14.706054687500014,0.09456510416666666
train_episode,156150,91.4135947227478,0.7105482991536458,,,,
train_episode,156300,91.26277646422386,0.60845458984375,,,,
train_episode,156450,92.73620620369911,0.6181886800130209,,,,
train_episode,156600,89.20531246066093,0.5945867919921874,,,,
train_episode,156750,90.86143979430199,0.6056840006510417,,,,
train_episode,156900,90.47724443674088,0.6030814615885417,,,,
train_episode,157050,90.02077236771584,0.6000555419921875,,,,
train_episode,157200,92.45650225877762,0.6162184651692708,,,,
train_episode,157350,90.46435558795929,0.6030072021484375,,,,
train_episode,157500,92.6349684894085,0.6174566650390625,,,,
train_episode,157650,89.47006210684776,0.5960984293619792,,,,
train_episode,157800,88.73419150710106,0.5913252766927083,,,,
train_episode,157950,90.20118218660355,0.6010957845052083,,,,
train_episode,158100,91.14344310760498,0.6073421223958333,,,,
train_episode,158250,89.68516045808792,0.5975968424479167,,,,
train_episode,158400,89.48714211583138,0.5963625081380208,,,,
train_episode,158550,89.35693410038948,0.5954447428385417,,,,
train_episode,158700,91.5659274160862,0.6102201334635416,,,,
train_episode,158850,90.62665796279907,0.6039548746744792,,,,
train_episode,159000,88.92224109172821,0.5924839274088541,,,,
train_episode,159150,89.76312232017517,0.5981880696614583,,,,
train_episode,159300,88.9056087732315,0.5924263509114583,,,,
train_episode,159450,88.46289047598839,0.5893949381510417,,,,
train_episode,159600,88.35094192624092,0.5886985270182291,,,,
train_episode,159750,88.91828417778015,0.5924702962239583,,,,
train_episode,159900,88.36004585027695,0.5887674967447917,,,,
train_episode,160050,88.734294205904,0.5912615966796875,,,,
train_episode,160200,89.58018985390663,0.5970442708333333,,,,
train_episode,160350,87.78174784779549,0.5849458821614584,,,,
train_episode,160500,90.08702516555786,0.6003458658854167,,,,
train_episode,160650,88.37787881493568,0.5887636311848958,,,,
train_episode,160800,89.32494089007378,0.5952768961588542,,,,
train_episode,160950,89.96120193600655,0.5994917805989584,,,,
train_episode,161100,91.39129707217216,0.6091597493489583,,,,
train_episode,161250,91.27841186523438,0.6083817545572917,,,,
train_episode,161400,91.55986607074738,0.6102549235026041,,,,
train_episode,161550,93.44027677178383,0.6228631591796875,,,,
train_episode,161700,92.19914734363556,0.6145662434895833,,,,
train_episode,161850,91.12573239207268,0.6073577880859375,,,,
train_episode,162000,91.48442608118057,0.6097562662760416,,,,
eval,162000,,,,,10.770703125000006,0.06841927083333334
train_episode,162150,92.38327994942665,0.7059104410807292,,,,
train_episode,162300,92.04980486631393,0.6135127766927083,,,,
train_episode,162450,92.3485209941864,0.6154087320963542,,,,
train_episode,162600,90.63888567686081,0.6040879313151042,,,,
train_episode,162750,92.76783275604248,0.6183003743489583,,,,
train_episode,162900,91.90989193320274,0.6124721272786459,,,,
train_episode,163050,92.68413290381432,0.617813720703125,,,,
train_episode,163200,91.11844897270203,0.6073518880208333,,,,
train_episode,163350,92.66741943359375,0.6176863606770834,,,,
train_episode,163500,91.51046794652939,0.6099586995442708,,,,
train_episode,163650,91.51036608219147,0.6100242106119792,,,,
train_episode,163800,93.75364178419113,0.6249879964192708,,,,
train_episode,163950,92.73376476764679,0.618062744140625,,,,
train_episode,164100,92.70238271355629,0.617862548828125,,,,
train_episode,164250,93.61547785997391,0.6240303548177083,,,,
train_episode,164400,93.46836298704147,0.6230509440104167,,,,
train_episode,164550,91.99679493904114,0.6132086181640625,,,,
train_episode,164700,93.33224582672119,0.6221490478515626,,,,
train_episode,164850,92.68840542435646,0.6177897135416667,,,,
train_episode,165000,93.68740874528885,0.6244301350911459,,,,
train_episode,165150,92.50230914354324,0.6165669759114584,,,,
train_episode,165300,94.48729437589645,0.62970703125,,,,
train_episode,165450,94.12362685799599,0.6273626708984374,,,,
train_episode,165600,92.13630193471909,0.6140096028645833,,,,
train_episode,165750,92.54967233538628,0.616805419921875,,,,
train_episode,165900,92.64102163910866,0.6173240152994791,,,,
train_episode,166050,93.17026796936989,0.6208650716145834,,,,
train_episode,166200,91.10796076059341,0.6069944254557291,,,,
train_episode,166350,92.4847614467144,0.6162263997395834,,,,
train_episode,166500,93.50225865840912,0.6230623372395834,,,,
train_episode,166650,91.77028393745422,0.6114306640625,,,,
train_episode,166800,94.49058046936989,0.6296339925130209,,,,
train_episode,166950,90.92986047267914,0.605728759765625,,,,
train_episode,167100,92.98428398370743,0.6195965576171875,,,,
train_episode,167250,92.18525165319443,0.6141977945963542,,,,
train_episode,167400,91.80961114168167,0.6116998291015625,,,,
train_episode,167550,92.69648271799088,0.6175754801432292,,,,
train_episode,167700,90.77500373125076,0.6046931966145833,,,,
train_episode,167850,90.14413452148438,0.6004890950520834,,,,
train_episode,168000,92.09071832895279,0.6135054524739584,,,,
eval,168000,,,,,16.96673177083334,0.10989322916666669
train_episode,168150,90.17650321125984,0.7030584716796875,,,,
train_episode,168300,90.7782895565033,0.604664306640625,,,,
train_episode,168450,91.1599830687046,0.6073114013671875,,,,
train_episode,168600,90.79699721932411,0.6049324544270833,,,,
train_episode,168750,91.35009777545929,0.608636474609375,,,,
train_episode,168900,90.93752002716064,0.6057242838541667,,,,
train_episode,169050,90.61188787221909,0.6036324055989584,,,,
train_episode,169200,90.35672008991241,0.6019547526041666,,,,
train_episode,169350,90.74497482180595,0.6044490559895833,,,,
train_episode,169500,90.12157189846039,0.600303955078125,,,,
train_episode,169650,90.01272562146187,0.5996940104166667,,,,
train_episode,169800,88.9241235256195,0.5923404947916666,,,,
train_episode,169950,90.4052124619484,0.6022395833333334,,,,
train_episode,170100,91.17452985048294,0.6074460856119792,,,,
train_episode,170250,89.51303094625473,0.5961496988932292,,,,
train_episode,170400,89.28760841488838,0.5947650146484375,,,,
train_episode,170550,90.11459383368492,0.6004164632161458,,,,
train_episode,170700,90.22462975978851,0.6011067708333333,,,,
train_episode,170850,88.28024309873581,0.5880332438151041,,,,
train_episode,171000,89.42141726613045,0.5956424967447916,,,,
train_episode,171150,89.18236276507378,0.5940523274739583,,,,
train_episode,171300,88.7210288643837,0.5909903971354167,,,,
train_episode,171450,88.1213484108448,0.5869525146484375,,,,
train_episode,171600,88.6506042778492,0.590460205078125,,,,
train_episode,171750,88.87302613258362,0.5920296223958333,,,,
train_episode,171900,89.97946158051491,0.5994337972005208,,,,
train_episode,172050,90.22000142931938,0.6010089111328125,,,,
train_episode,172200,90.8239951133728,0.6050132242838542,,,,
train_episode,172350,88.76073104143143,0.5911488850911458,,,,
train_episode,172500,90.02074211835861,0.5996211751302083,,,,
train_episode,172650,90.60722848773003,0.6036004638671875,,,,
train_episode,172800,91.4015600681305,0.6088525390625,,,,
train_episode,172950,90.47868865728378,0.6027329508463541,,,,
train_episode,173100,90.18685925006866,0.6009132893880208,,,,
train_episode,173250,90.73602271080017,0.6045511881510417,,,,
train_episode,173400,91.10328203439713,0.6068788655598958,,,,
train_episode,173550,91.16036033630371,0.6072941080729166,,,,
train_episode,173700,91.24315392971039,0.6077907307942708,,,,
train_episode,173850,90.77261385321617,0.6047359212239584,,,,
train_episode,174000,90.26786303520203,0.6012237548828125,,,,
eval,174000,,,,,13.9529296875,0.08959765624999999
train_episode,174150,90.90487653017044,0.6995005289713542,,,,
train_episode,174300,89.4779460132122,0.5960648600260416,,,,
train_episode,174450,90.76446580886841,0.6046657307942709,,,,
train_episode,174600,89.77144393324852,0.597965087890625,,,,
train_episode,174750,89.23925757408142,0.5943174235026042,,,,
train_episode,174900,90.43523168563843,0.6023935953776042,,,,
train_episode,175050,88.86171466112137,0.5917867024739584,,,,
train_episode,175200,88.72301211953163,0.5909234619140625,,,,
train_episode,175350,88.79497283697128,0.5913035074869791,,,,
train_episode,175500,89.60141023993492,0.5967938232421875,,,,
train_episode,175650,88.25947055220604,0.5877638753255209,,,,
train_episode,175800,87.87171411514282,0.585224609375,,,,
train_episode,175950,89.36524441838264,0.5951523844401042,,,,
train_episode,176100,87.96669447422028,0.58579345703125,,,,
train_episode,176250,89.84095308184624,0.5983286539713542,,,,
train_episode,176400,89.9637556374073,0.5991526285807292,,,,
train_episode,176550,89.37319931387901,0.5952632649739583,,,,
train_episode,176700,87.44810965657234,0.5823042805989583,,,,
train_episode,176850,88.29943868517876,0.588057861328125,,,,
train_episode,177000,87.37699377536774,0.5819014485677083,,,,
train_episode,177150,90.18650335073471,0.6007407633463542,,,,
train_episode,177300,89.49082455039024,0.5959456380208333,,,,
train_episode,177450,88.95204657316208,0.5923295084635417,,,,
train_episode,177600,90.1737265586853,0.6005533854166667,,,,
train_episode,177750,89.52149480581284,0.596263427734375,,,,
train_episode,177900,89.77743497490883,0.5979007975260416,,,,
train_episode,178050,88.22458872199059,0.5874761962890624,,,,
train_episode,178200,90.07968118786812,0.59988525390625,,,,
train_episode,178350,90.7788999080658,0.6046311442057292,,,,
train_episode,178500,90.94346064329147,0.6056526692708334,,,,
train_episode,178650,90.90243542194366,0.60544677734375,,,,
train_episode,178800,90.50847381353378,0.602786865234375,,,,
train_episode,178950,90.22572839260101,0.6008636474609375,,,,
train_episode,179100,89.35083067417145,0.595103759765625,,,,
train_episode,179250,89.97071248292923,0.5992533365885416,,,,
train_episode,179400,89.3557733297348,0.5951153564453125,,,,
train_episode,179550,90.57128828763962,0.6033070882161459,,,,
train_episode,179700,90.61044305562973,0.6035636393229167,,,,
train_episode,179850,89.43298310041428,0.595615234375,,,,
train_episode,180000,90.3509312570095,0.6017513020833334,,,,
eval,180000,,,,,14.827018229166674,0.09527864583333334
train_episode,180150,89.56796282529831,0.66216552734375,,,,
train_episode,180300,89.55580693483353,0.5963885498046875,,,,
train_episode,180450,90.18171167373657,0.600650634765625,,,,
train_episode,180600,88.14993312954903,0.5870648193359375,,,,
train_episode,180750,87.73036706447601,0.5841764322916667,,,,
train_episode,180900,90.97712230682373,0.6058711751302084,,,,
train_episode,181050,89.7083637714386,0.5974165852864584,,,,
train_episode,181200,90.44487476348877,0.6023366292317708,,,,
train_episode,181350,89.47457814216614,0.5958524576822917,,,,
train_episode,181500,88.81889802217484,0.5914493815104167,,,,
train_episode,181650,90.071828186512,0.599862060546875,,,,
train_episode,181800,89.99838271737099,0.5993253580729166,,,,
train_episode,181950,90.34252947568893,0.6015830485026041,,,,
train_episode,182100,89.38943469524384,0.5952701822916666,,,,
train_episode,182250,89.98696893453598,0.5992626953125,,,,
train_episode,182400,89.35087043046951,0.5950223795572916,,,,
train_episode,182550,89.10644525289536,0.5933935546875,,,,
train_episode,182700,89.21922826766968,0.5941164143880209,,,,
train_episode,182850,89.4119873046875,0.5954107666015624,,,,
train_episode,183000,88.6498412489891,0.5901969401041667,,,,
train_episode,183150,88.6217548251152,0.5901564534505208,,,,
train_episode,183300,88.14200866222382,0.58689208984375,,,,
train_episode,183450,87.93986022472382,0.5855501302083334,,,,
train_episode,183600,87.45404976606369,0.5823179117838542,,,,
train_episode,183750,86.31331366300583,0.574708251953125,,,,
train_episode,183900,87.662556797266,0.5836610921223958,,,,
train_episode,184050,88.22307348251343,0.5874932861328125,,,,
train_episode,184200,87.82760626077652,0.5847841389973958,,,,
train_episode,184350,87.44896459579468,0.5822121175130208,,,,
train_episode,184500,86.8713788986206,0.5782993570963542,,,,
train_episode,184650,89.7549644112587,0.5977052815755208,,,,
train_episode,184800,87.17657470703125,0.5803983561197916,,,,
train_episode,184950,87.89889562129974,0.5852095540364584,,,,
train_episode,185100,88.44524145126343,0.5889947509765625,,,,
train_episode,185250,87.38004520535469,0.5817392985026042,,,,
train_episode,185400,89.37359648942947,0.5951218668619792,,,,
train_episode,185550,85.92839485406876,0.5720819091796875,,,,
train_episode,185700,87.05460673570633,0.5795556640625,,,,
train_episode,185850,88.10177546739578,0.5865995279947916,,,,
train_episode,186000,86.94693994522095,0.5788899739583333,,,,
eval,186000,,,,,15.183984375000009,0.09769140625
train_episode,186150,88.07236778736115,0.6797493489583334,,,,
train_episode,186300,86.07243913412094,0.5730743408203125,,,,
train_episode,186450,87.05323272943497,0.579520263671875,,,,
train_episode,186600,86.77373212575912,0.5777119954427083,,,,
train_episode,186750,86.94482421875,0.5788629150390625,,,,
train_episode,186900,86.41826367378235,0.5752921549479166,,,,
train_episode,187050,86.57270333170891,0.5762894694010416,,,,
train_episode,187200,86.10888662934303,0.5733109537760417,,,,
train_episode,187350,85.14954641461372,0.5668766276041667,,,,
train_episode,187500,84.95059236884117,0.5655021158854167,,,,
train_episode,187650,86.06217429041862,0.5729343668619792,,,,
train_episode,187800,86.08030188083649,0.5731502278645834,,,,
train_episode,187950,86.42320740222931,0.5753741455078125,,,,
train_episode,188100,87.27650937438011,0.5811385091145833,,,,
train_episode,188250,85.24019375443459,0.5674381510416666,,,,
train_episode,188400,86.95460003614426,0.5789780680338542,,,,
train_episode,188550,86.91596475243568,0.5786663818359375,,,,
train_episode,188700,87.68882256746292,0.5838667805989584,,,,
train_episode,188850,86.73913556337357,0.5775616455078125,,,,
train_episode,189000,88.2427673637867,0.5876239013671875,,,,
train_episode,189150,87.60746258497238,0.5832733154296875,,,,
train_episode,189300,87.12320926785469,0.5802058919270834,,,,
train_episode,189450,87.2451474070549,0.5808860270182291,,,,
train_episode,189600,89.01698797941208,0.5926991780598958,,,,
train_episode,189750,88.16495841741562,0.5870920817057291,,,,
train_episode,189900,87.59822624921799,0.5833172607421875,,,,
train_episode,190050,86.68839472532272,0.5771500651041667,,,,
train_episode,190200,88.73175030946732,0.5908917236328125,,,,
train_episode,190350,87.90109235048294,0.58531494140625,,,,
train_episode,190500,87.56273436546326,0.5830544026692709,,,,
train_episode,190650,86.85666936635971,0.5783103434244792,,,,
train_episode,190800,88.22387731075287,0.5874129231770834,,,,
train_episode,190950,87.9270122051239,0.585380859375,,,,
train_episode,191100,87.275858938694,0.5811012776692709,,,,
train_episode,191250,85.95496645569801,0.5723158772786459,,,,
train_episode,191400,87.64137768745422,0.5835689290364583,,,,
train_episode,191550,86.73108971118927,0.5774613444010417,,,,
train_episode,191700,89.07758617401123,0.59302978515625,,,,
train_episode,191850,87.02728280425072,0.5794443766276042,,,,
train_episode,192000,88.52602118253708,0.5894411214192709,,,,
eval,192000,,,,,14.467968749999997,0.09291145833333334
train_episode,192150,87.60938546061516,0.7979781087239584,,,,
train_episode,192300,88.27803492546082,0.5876949055989583,,,,
train_episode,192450,84.98891213536263,0.5656679280598959,,,,
train_episode,192600,87.96641010046005,0.5856744384765625,,,,
train_episode,192750,85.99262470006943,0.5724702962239583,,,,
train_episode,192900,87.01406875252724,0.5793727620442708,,,,
train_episode,193050,85.60863280296326,0.5698970540364583,,,,
train_episode,193200,86.446818202734,0.5755714925130209,,,,
train_episode,193350,86.2519941329956,0.5741695149739583,,,,
train_episode,193500,86.09869396686554,0.573077392578125,,,,
train_episode,193650,86.87069720029831,0.57828125,,,,
train_episode,193800,86.09434980154037,0.5731182861328125,,,,
train_episode,193950,87.22514826059341,0.5807289632161459,,,,
train_episode,194100,85.22548425197601,0.5672959391276041,,,,
train_episode,194250,86.22891235351562,0.5739638264973959,,,,
train_episode,194400,84.633025765419,0.56327880859375,,,,
train_episode,194550,85.00153595209122,0.5657680257161458,,,,
train_episode,194700,86.38762420415878,0.57509033203125,,,,
train_episode,194850,87.98760002851486,0.5856939697265625,,,,
train_episode,195000,87.42834430932999,0.5819930013020833,,,,
train_episode,195150,88.17679840326309,0.5870930989583333,,,,
train_episode,195300,86.76506578922272,0.5775758870442709,,,,
train_episode,195450,86.51166778802872,0.575916748046875,,,,
train_episode,195600,88.08740234375,0.5864626057942708,,,,
train_episode,195750,86.89390105009079,0.5784535725911458,,,,
train_episode,195900,86.00634735822678,0.5724424235026042,,,,
train_episode,196050,86.55224621295929,0.5761909993489583,,,,
train_episode,196200,87.24953246116638,0.5808418782552084,,,,
train_episode,196350,88.19593292474747,0.5871101888020833,,,,
train_episode,196500,87.16971778869629,0.5802756754557291,,,,
train_episode,196650,86.83599835634232,0.5780959065755208,,,,
train_episode,196800,86.57008820772171,0.5762198893229167,,,,
train_episode,196950,87.75089472532272,0.5841444905598958,,,,
train_episode,197100,87.02726233005524,0.5793809000651041,,,,
train_episode,197250,85.97325646877289,0.5723392740885417,,,,
train_episode,197400,86.97289073467255,0.5789202880859375,,,,
train_episode,197550,88.12318968772888,0.5867059326171875,,,,
train_episode,197700,86.47027546167374,0.5755552164713542,,,,
train_episode,197850,86.90275067090988,0.5785892740885417,,,,
train_episode,198000,85.4051621556282,0.568441162109375,,,,
eval,198000,,,,,14.741536458333337,0.09471484375
train_episode,198150,86.9591064453125,0.6614601643880208,,,,
train_episode,198300,85.80121856927872,0.5711924235026041,,,,
train_episode,198450,86.34122657775879,0.5747265625,,,,
train_episode,198600,89.50829035043716,0.5959759521484375,,,,
train_episode,198750,86.70948302745819,0.5772043863932291,,,,
train_episode,198900,88.79417943954468,0.5912556966145833,,,,
train_episode,199050,87.37892699241638,0.5816969807942708,,,,
train_episode,199200,88.0470479130745,0.5861895751953125,,,,
train_episode,199350,86.16345220804214,0.573585205078125,,,,
train_episode,199500,87.53241005539894,0.5828009033203125,,,,
train_episode,199650,87.49429365992546,0.5825730387369792,,,,
train_episode,199800,87.87425768375397,0.5851401774088542,,,,
train_episode,199950,87.6348876953125,0.5834427897135417,,,,
train_episode,200100,87.05742362141609,0.5795794677734375,,,,
train_episode,200250,86.26108795404434,0.5741424560546875,,,,
train_episode,200400,85.20412150025368,0.5670859781901042,,,,
train_episode,200550,86.05027210712433,0.5728000895182291,,,,
train_episode,200700,85.65975975990295,0.5702083333333333,,,,
train_episode,200850,86.84559059143066,0.578045654296875,,,,
train_episode,201000,85.33944660425186,0.56794921875,,,,
train_episode,201150,86.26136296987534,0.5741237386067708,,,,
train_episode,201300,85.27261307835579,0.5675089518229167,,,,
train_episode,201450,84.59298694133759,0.5629901123046875,,,,
train_episode,201600,84.90308666229248,0.5650510660807292,,,,
train_episode,201750,84.05702742934227,0.5593827311197916,,,,
train_episode,201900,84.46486416459084,0.5621441650390625,,,,
train_episode,202050,85.61349481344223,0.5698948160807291,,,,
train_episode,202200,85.00433385372162,0.5657484944661458,,,,
train_episode,202350,86.03834056854248,0.5727573649088542,,,,
train_episode,202500,84.71193477511406,0.5638529459635416,,,,
train_episode,202650,85.381886780262,0.568309326171875,,,,
train_episode,202800,85.59576404094696,0.5697511800130208,,,,
train_episode,202950,85.27493327856064,0.567587890625,,,,
train_episode,203100,86.01174965500832,0.5725421142578125,,,,
train_episode,203250,86.45205694437027,0.5754561360677083,,,,
train_episode,203400,86.43336981534958,0.575474853515625,,,,
train_episode,203550,87.42034876346588,0.5820050048828125,,,,
train_episode,203700,86.81163546442986,0.5780080159505209,,,,
train_episode,203850,88.219899892807,0.5873781331380208,,,,
train_episode,204000,87.24218738079071,0.5808966064453125,,,,
eval,204000,,,,,36.2111328125,0.23842578125
train_episode,204150,87.67253652215004,0.804801025390625,,,,
train_episode,204300,88.42813101410866,0.58894775390625,,,,
train_episode,204450,87.90033993124962,0.5852333577473958,,,,
train_episode,204600,88.84095293283463,0.5916202799479167,,,,
train_episode,204750,87.42665627598763,0.5821142578125,,,,
train_episode,204900,88.3833312690258,0.5885066731770834,,,,
train_episode,205050,87.6745200753212,0.5837050374348959,,,,
train_episode,205200,87.03749591112137,0.5794659423828125,,,,
train_episode,205350,88.9921265244484,0.5925982666015625,,,,
train_episode,205500,88.00791358947754,0.5858964029947916,,,,
train_episode,205650,88.43265783786774,0.5887613932291667,,,,
train_episode,205800,87.90530300140381,0.5851088460286459,,,,
train_episode,205950,87.313232421875,0.5812925211588542,,,,
train_episode,206100,87.1466366648674,0.5800612386067708,,,,
train_episode,206250,86.9932450056076,0.5791691080729167,,,,
train_episode,206400,86.32792130112648,0.5746291097005208,,,,
train_episode,206550,87.38012701272964,0.5816888427734375,,,,
train_episode,206700,86.47037720680237,0.5756766764322917,,,,
train_episode,206850,86.23217764496803,0.5740218098958333,,,,
train_episode,207000,86.36493009328842,0.5749576822916667,,,,
train_episode,207150,85.26032534241676,0.5675130208333333,,,,
train_episode,207300,85.87901803851128,0.5717185465494792,,,,
train_episode,207450,86.39311796426773,0.575130615234375,,,,
train_episode,207600,87.50777205824852,0.5825687662760417,,,,
train_episode,207750,85.37961810827255,0.568248291015625,,,,
train_episode,207900,85.391621530056,0.5684958902994791,,,,
train_episode,208050,84.8703305721283,0.5648044840494791,,,,
train_episode,208200,86.35817489027977,0.5748799641927084,,,,
train_episode,208350,86.74482202529907,0.5774918619791667,,,,
train_episode,208500,87.83015894889832,0.5846541341145833,,,,
train_episode,208650,86.21346020698547,0.5738421630859375,,,,
train_episode,208800,85.51654052734375,0.56923583984375,,,,
train_episode,208950,85.32851177453995,0.5678883870442708,,,,
train_episode,209100,84.48715221881866,0.56222900390625,,,,
train_episode,209250,85.12449133396149,0.5664691162109375,,,,
train_episode,209400,84.68383777141571,0.5635581461588541,,,,
train_episode,209550,87.10059630870819,0.5797332763671875,,,,
train_episode,209700,86.19082620739937,0.5736055501302083,,,,
train_episode,209850,84.85530641674995,0.5646205647786459,,,,
train_episode,210000,84.99677455425262,0.5656984456380209,,,,
eval,210000,,,,,35.05052083333333,0.23080598958333334
train_episode,210150,86.72040766477585,0.7583461507161459,,,,
train_episode,210300,86.56478837132454,0.5761317952473959,,,,
train_episode,210450,85.91808071732521,0.5718731689453125,,,,
train_episode,210600,86.7939048409462,0.57767333984375,,,,
train_episode,210750,84.70449787378311,0.5636149088541667,,,,
train_episode,210900,85.56781980395317,0.5694708251953124,,,,
train_episode,211050,85.30652910470963,0.5676560465494792,,,,
train_episode,211200,85.69361346960068,0.5703824869791667,,,,
train_episode,211350,85.96168008446693,0.5720821126302084,,,,
train_episode,211500,86.69157946109772,0.576925048828125,,,,
train_episode,211650,86.18170180916786,0.5735835774739584,,,,
train_episode,211800,86.74084469676018,0.5773382568359375,,,,
train_episode,211950,87.3370361328125,0.5814056396484375,,,,
train_episode,212100,87.67924946546555,0.5836977132161458,,,,
train_episode,212250,87.17126470804214,0.5803155517578125,,,,
train_episode,212400,87.17884302139282,0.5803181966145833,,,,
train_episode,212550,87.90250658988953,0.5851932779947917,,,,
train_episode,212700,89.3909502029419,0.5950604248046875,,,,
train_episode,212850,88.05415830016136,0.5862278238932291,,,,
train_episode,213000,86.77508544921875,0.5775758870442709,,,,
train_episode,213150,87.62302666902542,0.5832936604817708,,,,
train_episode,213300,88.7139687538147,0.5906020100911459,,,,
train_episode,213450,87.8248496055603,0.5846103922526041,,,,
train_episode,213600,86.58057659864426,0.5763151041666666,,,,
train_episode,213750,86.15517190098763,0.5734010823567708,,,,
train_episode,213900,86.75668269395828,0.577412109375,,,,
train_episode,214050,87.59570324420929,0.5830503336588542,,,,
train_episode,214200,87.68119311332703,0.5835640462239583,,,,
train_episode,214350,86.6652626991272,0.5768060302734375,,,,
train_episode,214500,86.74942955374718,0.5774395751953125,,,,
train_episode,214650,86.26128098368645,0.5739349365234375,,,,
train_episode,214800,86.39547726511955,0.5748551432291666,,,,
train_episode,214950,86.62186652421951,0.5764676920572916,,,,
train_episode,215100,86.92444866895676,0.5784891764322917,,,,
train_episode,215250,86.62088006734848,0.5764825439453125,,,,
train_episode,215400,87.17707324028015,0.5801202392578125,,,,
train_episode,215550,86.02488258481026,0.5724200439453125,,,,
train_episode,215700,85.62603768706322,0.5696608479817709,,,,
train_episode,215850,85.54853296279907,0.5692020670572917,,,,
train_episode,216000,85.15886452794075,0.5666770426432292,,,,
eval,216000,,,,,57.55800781249999,0.38159765625
train_episode,216150,85.57639607787132,1.039832763671875,,,,
train_episode,216300,85.34193915128708,0.5678908284505209,,,,
train_episode,216450,85.41181457042694,0.5682234700520833,,,,
train_episode,216600,84.77216577529907,0.563975830078125,,,,
train_episode,216750,85.76754721999168,0.5706911214192708,,,,
train_episode,216900,83.9271434545517,0.5583321126302083,,,,
train_episode,217050,84.22549411654472,0.5603190104166667,,,,
train_episode,217200,85.25980630517006,0.5672597249348958,,,,
train_episode,217350,85.35863247513771,0.5679060872395834,,,,
train_episode,217500,85.87111401557922,0.5714166259765625,,,,
train_episode,217650,85.89822363853455,0.5716717529296875,,,,
train_episode,217800,84.54913341999054,0.5625602213541666,,,,
train_episode,217950,85.01084396243095,0.5658302815755208,,,,
train_episode,218100,85.51455709338188,0.5690372721354167,,,,
train_episode,218250,86.22456848621368,0.5738521321614584,,,,
train_episode,218400,86.17631059885025,0.5735028076171875,,,,
train_episode,218550,85.66808080673218,0.5702067057291667,,,,
train_episode,218700,85.09234619140625,0.5663836669921875,,,,
train_episode,218850,86.24417129158974,0.5740146891276041,,,,
train_episode,219000,86.71467071771622,0.5772092692057291,,,,
train_episode,219150,86.80969229340553,0.5778861490885416,,,,
train_episode,219300,86.58711752295494,0.5764149983723958,,,,
train_episode,219450,86.2877808213234,0.5743507893880209,,,,
train_episode,219600,87.07658889889717,0.5795835367838542,,,,
train_episode,219750,86.82501235604286,0.5779836018880208,,,,
train_episode,219900,86.67823329567909,0.5769541422526042,,,,
train_episode,220050,87.80006912350655,0.5845082600911459,,,,
train_episode,220200,87.40218108892441,0.58177978515625,,,,
train_episode,220350,87.91180393099785,0.5851043701171875,,,,
train_episode,220500,86.8450922369957,0.5779569498697916,,,,
train_episode,220650,89.02726238965988,0.5925174967447917,,,,
train_episode,220800,88.54567402601242,0.5893695068359375,,,,
train_episode,220950,88.10753393173218,0.5864780680338542,,,,
train_episode,221100,87.85195955634117,0.5847684733072916,,,,
train_episode,221250,87.82320141792297,0.5846449788411459,,,,
train_episode,221400,88.65608739852905,0.5901991780598959,,,,
train_episode,221550,87.87789797782898,0.5848573811848958,,,,
train_episode,221700,86.45894366502762,0.5755015055338542,,,,
train_episode,221850,86.37308731675148,0.5748238118489584,,,,
train_episode,222000,87.78619411587715,0.5842006429036458,,,,
eval,222000,,,,,69.05670572916665,0.45923828125000005
train_episode,222150,87.50283813476562,1.0423179117838541,,,,
train_episode,222300,87.38986140489578,0.5815671793619792,,,,
train_episode,222450,85.60405400395393,0.5696193440755208,,,,
train_episode,222600,86.60244718194008,0.5763120524088542,,,,
train_episode,222750,85.02694711089134,0.5656919352213542,,,,
train_episode,222900,85.15050232410431,0.5665435791015625,,,,
train_episode,223050,86.0692443549633,0.5726291910807292,,,,
train_episode,223200,85.57101455330849,0.5693650309244792,,,,
train_episode,223350,85.52603137493134,0.5689886474609375,,,,
train_episode,223500,85.07770723104477,0.566024169921875,,,,
train_episode,223650,85.25522917509079,0.5671457926432292,,,,
train_episode,223800,85.22745743393898,0.567132568359375,,,,
train_episode,223950,85.49634736776352,0.5687628173828125,,,,
train_episode,224100,84.98486325144768,0.5654520670572917,,,,
train_episode,224250,84.11854037642479,0.559549560546875,,,,
train_episode,224400,83.36798050999641,0.5546089680989583,,,,
train_episode,224550,83.64068582654,0.55643798828125,,,,
train_episode,224700,84.64199885725975,0.5631209309895834,,,,
train_episode,224850,85.25028523802757,0.5671293131510416,,,,
train_episode,225000,83.17053166031837,0.5532853190104167,,,,
train_episode,225150,84.39894551038742,0.5614752197265624,,,,
train_episode,225300,84.40331003069878,0.5614058430989584,,,,
train_episode,225450,82.13444995880127,0.5462613932291667,,,,
train_episode,225600,83.07165536284447,0.5525246175130208,,,,
train_episode,225750,83.08940571546555,0.5527614339192708,,,,
train_episode,225900,84.98806792497635,0.5653358968098958,,,,
train_episode,226050,83.00577771663666,0.552193603515625,,,,
train_episode,226200,83.77035528421402,0.5572285970052083,,,,
train_episode,226350,83.62858122587204,0.5561916097005208,,,,
train_episode,226500,83.58511352539062,0.5559102376302083,,,,
train_episode,226650,82.75037658214569,0.55045166015625,,,,
train_episode,226800,83.95682775974274,0.5585514322916667,,,,
train_episode,226950,84.0019326210022,0.5588517252604167,,,,
train_episode,227100,84.30438297986984,0.5608858235677083,,,,
train_episode,227250,84.51224735379219,0.5622794596354167,,,,
train_episode,227400,83.60960918664932,0.5561826578776041,,,,
train_episode,227550,84.00065052509308,0.5588004557291667,,,,
train_episode,227700,83.28986606001854,0.5541180419921875,,,,
train_episode,227850,83.40564975142479,0.5548162841796875,,,,
train_episode,228000,84.3964033126831,0.5615696207682291,,,,
eval,228000,,,,,74.47662760416667,0.4952395833333333
train_episode,228150,83.99557447433472,1.09504150390625,,,,
train_episode,228300,83.30895987153053,0.5542195638020834,,,,
train_episode,228450,83.64158156514168,0.5564900716145833,,,,
train_episode,228600,84.43502804636955,0.5618778483072917,,,,
train_episode,228750,84.07782992720604,0.559444580078125,,,,
train_episode,228900,84.31925415992737,0.5609521484375,,,,
train_episode,229050,83.73398840427399,0.5569921875,,,,
train_episode,229200,85.70449882745743,0.5701674397786458,,,,
train_episode,229350,84.38007628917694,0.5613972981770833,,,,
train_episode,229500,83.3218484222889,0.5544051106770833,,,,
train_episode,229650,85.55378261208534,0.569132080078125,,,,
train_episode,229800,84.07876577973366,0.5593477376302083,,,,
train_episode,229950,85.37170428037643,0.5679671223958334,,,,
train_episode,230100,84.08202117681503,0.559267578125,,,,
train_episode,230250,86.35398370027542,0.574503173828125,,,,
train_episode,230400,84.90271040797234,0.5647395833333333,,,,
train_episode,230550,84.66665643453598,0.5632607014973958,,,,
train_episode,230700,83.99818915128708,0.5586582438151042,,,,
train_episode,230850,84.662607640028,0.5631626383463542,,,,
train_episode,231000,83.454773157835,0.555032958984375,,,,
train_episode,231150,85.35074853897095,0.5677433268229166,,,,
train_episode,231300,84.04420945048332,0.5589803059895834,,,,
train_episode,231450,83.47989892959595,0.5552166748046875,,,,
train_episode,231600,84.06957942247391,0.55925537109375,,,,
train_episode,231750,84.35228461027145,0.5609853108723958,,,,
train_episode,231900,84.13816356658936,0.5596811930338542,,,,
train_episode,232050,84.4506433904171,0.5618100992838542,,,,
train_episode,232200,84.51230877637863,0.562152099609375,,,,
train_episode,232350,84.69816121459007,0.5634792073567708,,,,
train_episode,232500,85.51247170567513,0.5688480631510416,,,,
train_episode,232650,84.4815668463707,0.5618965657552083,,,,
train_episode,232800,84.06197148561478,0.5590976969401041,,,,
train_episode,232950,85.45285120606422,0.5684865315755209,,,,
train_episode,233100,84.53588905930519,0.5623567708333334,,,,
train_episode,233250,84.05482006072998,0.5591705322265625,,,,
train_episode,233400,85.54153391718864,0.5691243489583333,,,,
train_episode,233550,83.87740102410316,0.5579815673828125,,,,
train_episode,233700,83.74314391613007,0.5570928955078125,,,,
train_episode,233850,85.54089343547821,0.5690358479817709,,,,
train_episode,234000,84.609375,0.5628277587890625,,,,
eval,234000,,,,,69.53248697916665,0.46232291666666664
train_episode,234150,84.98951238393784,1.0370430501302084,,,,
train_episode,234300,85.12009698152542,0.5663161214192708,,,,
train_episode,234450,84.14049229025841,0.5598028564453125,,,,
train_episode,234600,84.53490188717842,0.5624167887369792,,,,
train_episode,234750,85.17080721259117,0.5666792805989583,,,,
train_episode,234900,84.82282537221909,0.56451416015625,,,,
train_episode,235050,86.5854799747467,0.5761763509114584,,,,
train_episode,235200,85.39832592010498,0.5682902018229167,,,,
train_episode,235350,85.30665111541748,0.5676263427734375,,,,
train_episode,235500,84.748728454113,0.5640096028645833,,,,
train_episode,235650,84.78026333451271,0.5642368570963542,,,,
train_episode,235800,85.28688570857048,0.5676080322265625,,,,
train_episode,235950,85.98449712991714,0.5723651123046875,,,,
train_episode,236100,84.55906173586845,0.5627431233723958,,,,
train_episode,236250,85.2840271294117,0.5675386555989583,,,,
train_episode,236400,84.85274240374565,0.5646893310546875,,,,
train_episode,236550,86.51729339361191,0.5758782958984375,,,,
train_episode,236700,85.89817276597023,0.5718277994791666,,,,
train_episode,236850,86.24615493416786,0.5740879313151042,,,,
train_episode,237000,85.99068251252174,0.5724135335286459,,,,
train_episode,237150,85.96393820643425,0.5722707112630209,,,,
train_episode,237300,85.98136377334595,0.5724420166015625,,,,
train_episode,237450,85.65517094731331,0.57019775390625,,,,
train_episode,237600,86.85732010006905,0.5783992513020834,,,,
train_episode,237750,84.41140747070312,0.5619580078125,,,,
train_episode,237900,85.35049390792847,0.5682230631510417,,,,
train_episode,238050,84.07706689834595,0.5597825113932292,,,,
train_episode,238200,84.735585719347,0.5640826416015625,,,,
train_episode,238350,85.2081089913845,0.5672601318359375,,,,
train_episode,238500,83.978342294693,0.55913330078125,,,,
train_episode,238650,85.06030237674713,0.5663236490885417,,,,
train_episode,238800,84.58893790841103,0.563138427734375,,,,
train_episode,238950,85.64199739694595,0.5700982666015625,,,,
train_episode,239100,84.92515069246292,0.5654931640625,,,,
train_episode,239250,83.84207132458687,0.558128662109375,,,,
train_episode,239400,83.68203723430634,0.55714111328125,,,,
train_episode,239550,85.9537655711174,0.5722281901041667,,,,
train_episode,239700,84.0938213467598,0.5598665364583333,,,,
train_episode,239850,84.04297930002213,0.5594936116536459,,,,
train_episode,240000,83.86783835291862,0.5582609049479167,,,,
eval,240000,,,,,66.3578125,0.44076171875000003
train_episode,240150,83.76978519558907,0.9888285319010417,,,,
train_episode,240300,81.97805839776993,0.5456022135416667,,,,
train_episode,240450,84.60969024896622,0.5633135986328125,,,,
train_episode,240600,84.96556609869003,0.5656931559244792,,,,
train_episode,240750,82.8359067440033,0.5513700358072917,,,,
train_episode,240900,82.10457301139832,0.5462858072916666,,,,
train_episode,241050,82.59652742743492,0.5497882080078125,,,,
train_episode,241200,83.63559985160828,0.5566827392578125,,,,
train_episode,241350,82.39136752486229,0.5483732096354167,,,,
train_episode,241500,82.72069275379181,0.5505832926432291,,,,
train_episode,241650,83.04662081599236,0.5527640787760416,,,,
train_episode,241800,81.9987381696701,0.5457688395182292,,,,
train_episode,241950,82.3473209142685,0.5479923502604167,,,,
train_episode,242100,81.96886190772057,0.5454229736328124,,,,
train_episode,242250,81.2044575214386,0.5404349772135416,,,,
train_episode,242400,82.50156712532043,0.5490639241536458,,,,
train_episode,242550,80.94706174731255,0.5386309814453125,,,,
train_episode,242700,81.09425872564316,0.5396537272135417,,,,
train_episode,242850,82.70294198393822,0.5504593912760417,,,,
train_episode,243000,80.70634931325912,0.537091064453125,,,,
train_episode,243150,81.11612951755524,0.5397397867838541,,,,
train_episode,243300,82.2447918355465,0.5472438557942708,,,,
train_episode,243450,80.79022258520126,0.5376047770182292,,,,
train_episode,243600,81.24925708770752,0.5406844075520834,,,,
train_episode,243750,82.46386790275574,0.5487957763671875,,,,
train_episode,243900,82.66422510147095,0.5501175944010417,,,,
train_episode,244050,81.0249131321907,0.5391343180338541,,,,
train_episode,244200,82.51810705661774,0.5491819254557292,,,,
train_episode,244350,80.90513119101524,0.5383846028645833,,,,
train_episode,244500,81.55363965034485,0.5426572672526042,,,,
train_episode,244650,82.45520943403244,0.5487164306640625,,,,
train_episode,244800,80.7596233189106,0.5373490397135416,,,,
train_episode,244950,80.95784568786621,0.5387312825520834,,,,
train_episode,245100,82.64633163809776,0.549969482421875,,,,
train_episode,245250,80.30130058526993,0.5342059326171875,,,,
train_episode,245400,81.58149245381355,0.5429278564453125,,,,
train_episode,245550,81.96605429053307,0.5455069986979166,,,,
train_episode,245700,83.196797311306,0.5537569173177084,,,,
train_episode,245850,82.35610911250114,0.5482246907552083,,,,
train_episode,246000,82.37156194448471,0.5483101399739584,,,,
eval,246000,,,,,72.1609375,0.47997526041666666
train_episode,246150,83.05624347925186,1.0175901285807292,,,,
train_episode,246300,83.70465126633644,0.5571793619791666,,,,
train_episode,246450,81.27854406833649,0.540933837890625,,,,
train_episode,246600,80.59242734313011,0.5364237467447917,,,,
train_episode,246750,82.00151592493057,0.545784912109375,,,,
train_episode,246900,82.20263653993607,0.5470878092447916,,,,
train_episode,247050,83.51875859498978,0.5561014811197916,,,,
train_episode,247200,82.88431784510612,0.5517545572916667,,,,
train_episode,247350,84.32563236355782,0.5614693196614583,,,,
train_episode,247500,84.94357258081436,0.5655314127604166,,,,
train_episode,247650,84.36698395013809,0.5617742919921875,,,,
train_episode,247800,83.93462145328522,0.5588808186848958,,,,
train_episode,247950,84.91051211953163,0.5653472900390625,,,,
train_episode,248100,83.53190073370934,0.5560630289713542,,,,
train_episode,248250,84.94441765546799,0.5657096354166666,,,,
train_episode,248400,85.54214507341385,0.569608154296875,,,,
train_episode,248550,84.67429593205452,0.5638043212890625,,,,
train_episode,248700,85.65683990716934,0.570428466796875,,,,
train_episode,248850,83.74672442674637,0.5576536051432291,,,,
train_episode,249000,82.62214130163193,0.5499688720703125,,,,
train_episode,249150,84.0618687570095,0.5597389729817709,,,,
train_episode,249300,82.77622526884079,0.5510744222005208,,,,
train_episode,249450,83.76313257217407,0.5576133219401042,,,,
train_episode,249600,83.43065336346626,0.5554736328125,,,,
train_episode,249750,84.83295702934265,0.5649631754557292,,,,
train_episode,249900,83.0198466181755,0.5527091471354166,,,,
train_episode,250050,83.31747403740883,0.5547100830078125,,,,
train_episode,250200,82.69638058543205,0.5505255126953125,,,,
train_episode,250350,83.76257294416428,0.5577227783203125,,,,
train_episode,250500,83.77819809317589,0.5577396647135416,,,,
train_episode,250650,84.35983315110207,0.5616520182291667,,,,
train_episode,250800,82.92991170287132,0.5521197509765625,,,,
train_episode,250950,82.60631266236305,0.549879150390625,,,,
train_episode,251100,82.50835153460503,0.5492787679036458,,,,
train_episode,251250,82.72362330555916,0.5508298746744792,,,,
train_episode,251400,83.04396542906761,0.5528196207682292,,,,
train_episode,251550,83.04235836863518,0.5528122965494792,,,,
train_episode,251700,83.18998205661774,0.5538179524739584,,,,
train_episode,251850,85.19140601158142,0.5673087565104167,,,,
train_episode,252000,82.49457836151123,0.5492061360677083,,,,
eval,252000,,,,,75.70286458333332,0.5036679687500001
train_episode,252150,83.67935112118721,1.058611857096354,,,,
train_episode,252300,80.83312019705772,0.5380745442708333,,,,
train_episode,252450,82.23043850064278,0.547498779296875,,,,
train_episode,252600,84.29840102791786,0.561171875,,,,
train_episode,252750,85.44618698954582,0.569031982421875,,,,
train_episode,252900,83.54926583170891,0.5562705485026042,,,,
train_episode,253050,85.3198444545269,0.5681992594401042,,,,
train_episode,253200,82.90202862024307,0.5519991048177083,,,,
train_episode,253350,83.46078497171402,0.555704345703125,,,,
train_episode,253500,83.59378024935722,0.5565384928385416,,,,
train_episode,253650,82.61693343520164,0.5500437418619791,,,,
train_episode,253800,83.72354120016098,0.557501220703125,,,,
train_episode,253950,82.97617617249489,0.5524513753255208,,,,
train_episode,254100,83.23337775468826,0.5541121419270834,,,,
train_episode,254250,83.33978360891342,0.5548848470052083,,,,
train_episode,254400,83.74711087346077,0.5576145426432292,,,,
train_episode,254550,84.741414219141,0.5641457112630208,,,,
train_episode,254700,83.43627899885178,0.5554412841796875,,,,
train_episode,254850,82.75310263037682,0.5509352620442708,,,,
train_episode,255000,83.459269374609,0.555623779296875,,,,
train_episode,255150,85.58013916015625,0.5697092692057292,,,,
train_episode,255300,83.33434054255486,0.5548545328776041,,,,
train_episode,255450,83.83340463042259,0.5582078043619791,,,,
train_episode,255600,83.36669987440109,0.5549308268229166,,,,
train_episode,255750,83.26944902539253,0.5543644205729167,,,,
train_episode,255900,83.00581926107407,0.5525736490885417,,,,
train_episode,256050,83.4785361289978,0.5557234700520833,,,,
train_episode,256200,84.08623215556145,0.559842529296875,,,,
train_episode,256350,82.78594988584518,0.5510614013671875,,,,
train_episode,256500,83.03608173131943,0.552821044921875,,,,
train_episode,256650,83.73116084933281,0.5573897298177083,,,,
train_episode,256800,82.84389206767082,0.5516005452473959,,,,
train_episode,256950,83.27913436293602,0.5543699137369792,,,,
train_episode,257100,82.23309269547462,0.54740966796875,,,,
train_episode,257250,84.10841828584671,0.5599277750651042,,,,
train_episode,257400,83.47212740778923,0.5556632486979166,,,,
train_episode,257550,83.45685821771622,0.5556691487630209,,,,
train_episode,257700,84.06847083568573,0.5596761067708333,,,,
train_episode,257850,83.4821067750454,0.5557808430989584,,,,
train_episode,258000,83.63639357686043,0.556787109375,,,,
eval,258000,,,,,70.386328125,0.46830078124999996
train_episode,258150,84.08090248703957,0.9684285481770833,,,,
train_episode,258300,84.15240478515625,0.5602482096354167,,,,
train_episode,258450,82.75909465551376,0.5508966064453125,,,,
train_episode,258600,81.24925777316093,0.5406882731119792,,,,
train_episode,258750,82.75426208972931,0.5507950846354167,,,,
train_episode,258900,82.88989192247391,0.5517392985026042,,,,
train_episode,259050,81.83040368556976,0.5446950276692708,,,,
train_episode,259200,82.48438486456871,0.5488838704427084,,,,
train_episode,259350,83.15766441822052,0.5534881591796875,,,,
train_episode,259500,81.35961884260178,0.5415022786458333,,,,
train_episode,259650,80.78393495082855,0.5376112874348958,,,,
train_episode,259800,81.90113309025764,0.5450262451171874,,,,
train_episode,259950,80.85412594676018,0.5380594889322917,,,,
train_episode,260100,81.79558327794075,0.5443654378255208,,,,
train_episode,260250,80.01816812157631,0.5324995930989583,,,,
train_episode,260400,80.98662301898003,0.5389737955729167,,,,
train_episode,260550,78.97409051656723,0.5255377197265625,,,,
train_episode,260700,79.72653245925903,0.5305967203776042,,,,
train_episode,260850,80.92374685406685,0.538466796875,,,,
train_episode,261000,79.54652935266495,0.5292950439453125,,,,
train_episode,261150,79.67167124152184,0.5302286783854167,,,,
train_episode,261300,80.89492708444595,0.538359375,,,,
train_episode,261450,80.70906665921211,0.5371162923177083,,,,
train_episode,261600,80.27035507559776,0.53421630859375,,,,
train_episode,261750,78.51581832766533,0.5225240071614583,,,,
train_episode,261900,79.45146709680557,0.5286930338541667,,,,
train_episode,262050,80.32040405273438,0.534547119140625,,,,
train_episode,262200,81.41254678368568,0.5419358317057291,,,,
train_episode,262350,81.10689294338226,0.5398494466145833,,,,
train_episode,262500,80.37005627155304,0.5348101806640625,,,,
train_episode,262650,80.18814086914062,0.5337833658854166,,,,
train_episode,262800,78.8404541015625,0.5246921793619792,,,,
train_episode,262950,81.15224185585976,0.5403196207682291,,,,
train_episode,263100,81.30353790521622,0.5411531575520834,,,,
train_episode,263250,78.66565945744514,0.5234922281901042,,,,
train_episode,263400,81.20020589232445,0.540555419921875,,,,
train_episode,263550,78.07562226057053,0.5195499674479167,,,,
train_episode,263700,80.73021492362022,0.5373722330729167,,,,
train_episode,263850,78.40462285280228,0.52185302734375,,,,
train_episode,264000,79.03642818331718,0.5259238688151041,,,,
eval,264000,,,,,66.47402343750001,0.44182812499999996
train_episode,264150,80.23885098099709,0.9900614420572916,,,,
train_episode,264300,79.73085576295853,0.5306341552734375,,,,
train_episode,264450,81.72320607304573,0.5439589436848958,,,,
train_episode,264600,78.95653247833252,0.5254329427083333,,,,
train_episode,264750,80.74915570020676,0.5374906412760416,,,,
train_episode,264900,82.93503868579865,0.5521632893880208,,,,
train_episode,265050,81.13246709108353,0.5401003011067709,,,,
train_episode,265200,81.28612220287323,0.5410821533203125,,,,
train_episode,265350,81.89874243736267,0.5451806640625,,,,
train_episode,265500,80.3175453543663,0.5346089680989583,,,,
train_episode,265650,80.35795083642006,0.5348480224609375,,,,
train_episode,265800,81.62118539214134,0.5434458414713542,,,,
train_episode,265950,82.18078663945198,0.5470363362630208,,,,
train_episode,266100,81.2195842564106,0.5407297770182292,,,,
train_episode,266250,82.09813460707664,0.5466292317708333,,,,
train_episode,266400,83.72153750061989,0.5573994954427083,,,,
train_episode,266550,80.91760259866714,0.5385740152994791,,,,
train_episode,266700,80.10549920797348,0.5331636555989583,,,,
train_episode,266850,82.20600399374962,0.5472200520833334,,,,
train_episode,267000,80.49612393975258,0.535819091796875,,,,
train_episode,267150,80.03616291284561,0.5326694742838541,,,,
train_episode,267300,81.5704345703125,0.54296142578125,,,,
train_episode,267450,78.9156194627285,0.52509033203125,,,,
train_episode,267600,80.41749095916748,0.5351869710286459,,,,
train_episode,267750,79.78060963749886,0.5309214274088542,,,,
train_episode,267900,78.69091814756393,0.5236214192708334,,,,
train_episode,268050,79.87489828467369,0.5315303548177084,,,,
train_episode,268200,79.8221127986908,0.5311594645182292,,,,
train_episode,268350,78.2803655564785,0.5207830810546875,,,,
train_episode,268500,79.07061737775803,0.5260841878255208,,,,
train_episode,268650,78.81383264064789,0.5243839518229166,,,,
train_episode,268800,77.15395084023476,0.5131610107421875,,,,
train_episode,268950,76.96686851978302,0.51197021484375,,,,
train_episode,269100,78.4174292087555,0.5217030843098959,,,,
train_episode,269250,78.24179074168205,0.5205784098307291,,,,
train_episode,269400,77.19047084450722,0.5136055501302084,,,,
train_episode,269550,77.886708766222,0.5181304931640625,,,,
train_episode,269700,77.46817019581795,0.5153318277994792,,,,
train_episode,269850,78.69543519616127,0.523575439453125,,,,
train_episode,270000,77.90386945009232,0.5182985432942708,,,,
eval,270000,,,,,70.62805989583335,0.46937890624999995
train_episode,270150,78.38955718278885,0.9799947102864583,,,,
train_episode,270300,78.15769472718239,0.5198773193359375,,,,
train_episode,270450,77.13456231355667,0.5131732177734375,,,,
train_episode,270600,77.32190933823586,0.5145334879557292,,,,
train_episode,270750,76.64658582210541,0.5099155680338542,,,,
train_episode,270900,76.78839123249054,0.5107316080729166,,,,
train_episode,271050,77.63306653499603,0.5165130615234375,,,,
train_episode,271200,77.52314221858978,0.51584716796875,,,,
train_episode,271350,77.61631298065186,0.5165116373697917,,,,
train_episode,271500,77.97048965096474,0.5187192789713542,,,,
train_episode,271650,78.23126262426376,0.5205525716145833,,,,
train_episode,271800,77.80136096477509,0.5176922607421875,,,,
train_episode,271950,77.8603213429451,0.5180399576822917,,,,
train_episode,272100,78.71729570627213,0.5238130696614584,,,,
train_episode,272250,79.22790563106537,0.5272159830729166,,,,
train_episode,272400,79.11525481939316,0.5263861083984375,,,,
train_episode,272550,77.91091918945312,0.5183512369791666,,,,
train_episode,272700,78.98785412311554,0.5257379150390625,,,,
train_episode,272850,78.9892273247242,0.5256943766276042,,,,
train_episode,273000,79.27315255999565,0.5275887044270834,,,,
train_episode,273150,77.9360254406929,0.5186468505859375,,,,
train_episode,273300,80.05295839905739,0.5327349853515625,,,,
train_episode,273450,80.86120617389679,0.5381534830729167,,,,
train_episode,273600,79.9873656630516,0.5323695882161459,,,,
train_episode,273750,80.66355443000793,0.5370406087239583,,,,
train_episode,273900,80.83244809508324,0.5379488118489584,,,,
train_episode,274050,80.44270849227905,0.5353774007161458,,,,
train_episode,274200,81.39395159482956,0.541678466796875,,,,
train_episode,274350,80.24680587649345,0.5341153971354167,,,,
train_episode,274500,81.02116945385933,0.5393310546875,,,,
train_episode,274650,81.4384253025055,0.5420987955729166,,,,
train_episode,274800,80.9791157245636,0.5389510091145834,,,,
train_episode,274950,80.05998682975769,0.5327823893229167,,,,
train_episode,275100,80.68969711661339,0.5371370442708333,,,,
train_episode,275250,80.70859721302986,0.5370914713541667,,,,
train_episode,275400,80.63022887706757,0.5366800944010417,,,,
train_episode,275550,81.33935594558716,0.5414251708984374,,,,
train_episode,275700,79.91246548295021,0.531846923828125,,,,
train_episode,275850,80.96708157658577,0.5388838704427084,,,,
train_episode,276000,79.28109732270241,0.5275775146484375,,,,
eval,276000,,,,,70.139453125,0.46645312499999997
train_episode,276150,78.53202244639397,1.0006591796875,,,,
train_episode,276300,78.32953864336014,0.521217041015625,,,,
train_episode,276450,78.03006985783577,0.519356689453125,,,,
train_episode,276600,78.97380504012108,0.5255731201171875,,,,
train_episode,276750,79.56600940227509,0.5295357259114584,,,,
train_episode,276900,80.28673249483109,0.5343406168619792,,,,
train_episode,277050,77.94913747906685,0.5186922200520834,,,,
train_episode,277200,78.51637724041939,0.5225278727213541,,,,
train_episode,277350,78.29496240615845,0.5209065755208333,,,,
train_episode,277500,76.69129452109337,0.5103668212890625,,,,
train_episode,277650,78.17860886454582,0.520223388671875,,,,
train_episode,277800,78.84683302044868,0.5247029622395833,,,,
train_episode,277950,78.274912327528,0.520911865234375,,,,
train_episode,278100,78.577687561512,0.522843017578125,,,,
train_episode,278250,76.6221721470356,0.509891357421875,,,,
train_episode,278400,77.57537892460823,0.5162064615885417,,,,
train_episode,278550,77.54269406199455,0.5160719807942709,,,,
train_episode,278700,77.9267475605011,0.5185929361979167,,,,
train_episode,278850,77.49598163366318,0.5156284586588542,,,,
train_episode,279000,80.50123152136803,0.53593505859375,,,,
train_episode,279150,77.98379537463188,0.5190478515625,,,,
train_episode,279300,78.8724060356617,0.5249076334635416,,,,
train_episode,279450,80.38309717178345,0.5350229899088542,,,,
train_episode,279600,80.5202232003212,0.5359840901692708,,,,
train_episode,279750,79.79467767477036,0.5311555989583333,,,,
train_episode,279900,81.23681718111038,0.5408837890625,,,,
train_episode,280050,80.63088968396187,0.5368672688802083,,,,
train_episode,280200,82.02656054496765,0.546170654296875,,,,
train_episode,280350,81.10909020900726,0.5400703938802084,,,,
train_episode,280500,80.76444435119629,0.5377321370442708,,,,
train_episode,280650,81.63838678598404,0.5435856119791667,,,,
train_episode,280800,82.94858777523041,0.5522428385416667,,,,
train_episode,280950,83.77895045280457,0.5579300944010417,,,,
train_episode,281100,82.99336749315262,0.5527130126953125,,,,
train_episode,281250,81.60696405172348,0.5432963053385417,,,,
train_episode,281400,82.50688695907593,0.5493849690755208,,,,
train_episode,281550,83.06577545404434,0.5532977294921875,,,,
train_episode,281700,83.60996448993683,0.556923828125,,,,
train_episode,281850,83.29735338687897,0.5547556559244792,,,,
train_episode,282000,82.6541548371315,0.5505094401041667,,,,
eval,282000,,,,,69.45729166666665,0.46167708333333335
train_episode,282150,83.90070629119873,1.056451416015625,,,,
train_episode,282300,82.90838658809662,0.5522633870442708,,,,
train_episode,282450,82.39879351854324,0.5486757405598959,,,,
train_episode,282600,83.17709320783615,0.553985595703125,,,,
train_episode,282750,83.02759844064713,0.5529241943359375,,,,
train_episode,282900,81.83935534954071,0.545068359375,,,,
train_episode,283050,82.83047503232956,0.551661376953125,,,,
train_episode,283200,81.21161890029907,0.540787353515625,,,,
train_episode,283350,83.93272906541824,0.5590899658203125,,,,
train_episode,283500,83.99172967672348,0.5595039876302084,,,,
train_episode,283650,84.52500355243683,0.5629453531901042,,,,
train_episode,283800,82.95605444908142,0.552333984375,,,,
train_episode,283950,83.97974675893784,0.55920654296875,,,,
train_episode,284100,82.65453070402145,0.550455322265625,,,,
train_episode,284250,81.61858159303665,0.5435188802083334,,,,
train_episode,284400,81.82070952653885,0.5448148600260416,,,,
train_episode,284550,82.12661743164062,0.5469545491536458,,,,
train_episode,284700,80.83801287412643,0.5381583658854167,,,,
train_episode,284850,81.87452137470245,0.5452032470703125,,,,
train_episode,285000,83.02244997024536,0.552847900390625,,,,
train_episode,285150,81.48916614055634,0.5425722249348959,,,,
train_episode,285300,83.47021466493607,0.5558408610026042,,,,
train_episode,285450,82.19370472431183,0.5472857666015625,,,,
train_episode,285600,82.4368286728859,0.5490012613932291,,,,
train_episode,285750,82.6719463467598,0.5505082194010417,,,,
train_episode,285900,82.41468298435211,0.5488736979166666,,,,
train_episode,286050,83.69584143161774,0.557406005859375,,,,
train_episode,286200,81.51805639266968,0.5429254150390626,,,,
train_episode,286350,84.21538233757019,0.5608473714192709,,,,
train_episode,286500,83.11637371778488,0.5535502115885417,,,,
train_episode,286650,81.81526702642441,0.5449369303385416,,,,
train_episode,286800,83.56390380859375,0.5566206868489584,,,,
train_episode,286950,82.84759485721588,0.5518170166015625,,,,
train_episode,287100,82.40727692842484,0.5488765462239583,,,,
train_episode,287250,81.90187573432922,0.5455157470703125,,,,
train_episode,287400,83.18292212486267,0.5540450032552083,,,,
train_episode,287550,82.41257697343826,0.5490283203125,,,,
train_episode,287700,84.06418871879578,0.559984130859375,,,,
train_episode,287850,83.75854474306107,0.5579557291666667,,,,
train_episode,288000,83.34261029958725,0.5551588948567708,,,,
eval,288000,,,,,64.02421875,0.42561328125
train_episode,288150,84.12639278173447,0.9739048258463542,,,,
train_episode,288300,82.93614715337753,0.5525008138020834,,,,
train_episode,288450,83.87428760528564,0.5586714680989583,,,,
train_episode,288600,84.22520983219147,0.5611159261067709,,,,
train_episode,288750,84.24798572063446,0.5612538655598959,,,,
train_episode,288900,83.60240626335144,0.556956787109375,,,,
train_episode,289050,84.28743451833725,0.5614939371744792,,,,
train_episode,289200,84.166473031044,0.560701904296875,,,,
train_episode,289350,84.53626507520676,0.5630916341145833,,,,
train_episode,289500,83.85657733678818,0.5586012776692708,,,,
train_episode,289650,86.58230644464493,0.5768068440755209,,,,
train_episode,289800,84.90867072343826,0.5658614095052084,,,,
train_episode,289950,85.9160463809967,0.5724100748697917,,,,
train_episode,290100,86.2670384645462,0.5747503662109374,,,,
train_episode,290250,87.89754205942154,0.5856146240234374,,,,
train_episode,290400,84.60876458883286,0.5636973063151042,,,,
train_episode,290550,85.79294794797897,0.5717020670572917,,,,
train_episode,290700,85.55514514446259,0.5702107747395834,,,,
train_episode,290850,85.33797121047974,0.5686433919270834,,,,
train_episode,291000,85.13465386629105,0.5672969563802084,,,,
train_episode,291150,84.98798578977585,0.5662919108072917,,,,
train_episode,291300,83.72431433200836,0.5577901204427084,,,,
train_episode,291450,84.12189680337906,0.5605745442708333,,,,
train_episode,291600,84.69267684221268,0.5643809000651042,,,,
train_episode,291750,83.93813037872314,0.5594254557291667,,,,
train_episode,291900,83.22814846038818,0.5545926920572917,,,,
train_episode,292050,83.80158525705338,0.5584615071614584,,,,
train_episode,292200,84.35482668876648,0.5623301188151042,,,,
train_episode,292350,83.29626470804214,0.5550533040364584,,,,
train_episode,292500,81.70091706514359,0.54434814453125,,,,
train_episode,292650,81.91147899627686,0.545791015625,,,,
train_episode,292800,83.84002643823624,0.5586466471354167,,,,
train_episode,292950,82.63300555944443,0.5505832926432291,,,,
train_episode,293100,82.52719086408615,0.54980712890625,,,,
train_episode,293250,83.38645452260971,0.5554278564453125,,,,
train_episode,293400,81.03395527601242,0.5398866780598959,,,,
train_episode,293550,82.39568048715591,0.5489693196614583,,,,
train_episode,293700,83.16157007217407,0.5539290364583334,,,,
train_episode,293850,82.25913447141647,0.5478938802083333,,,,
train_episode,294000,82.12121576070786,0.547218017578125,,,,
eval,294000,,,,,78.45481770833332,0.5220286458333334
train_episode,294150,83.3890580534935,1.0752728271484375,,,,
train_episode,294300,84.34816479682922,0.5620133463541667,,,,
train_episode,294450,83.58980232477188,0.5569602457682291,,,,
train_episode,294600,84.70172035694122,0.5645345052083334,,,,
train_episode,294750,83.11677098274231,0.5537742106119792,,,,
train_episode,294900,83.98611426353455,0.5595815022786458,,,,
train_episode,295050,83.04065918922424,0.5532981363932291,,,,
train_episode,295200,85.5181171298027,0.5698919677734375,,,,
train_episode,295350,85.63601684570312,0.57085205078125,,,,
train_episode,295500,85.04836982488632,0.5668967692057292,,,,
train_episode,295650,84.77045649290085,0.5650160725911458,,,,
train_episode,295800,85.080322265625,0.5671116129557292,,,,
train_episode,295950,85.81737184524536,0.5719211832682292,,,,
train_episode,296100,86.39570075273514,0.5757224527994792,,,,
train_episode,296250,86.46947175264359,0.5763071695963542,,,,
train_episode,296400,85.14931112527847,0.56759033203125,,,,
train_episode,296550,84.87132745981216,0.56564208984375,,,,
train_episode,296700,85.30574536323547,0.568551025390625,,,,
train_episode,296850,86.3339741230011,0.5754347737630209,,,,
train_episode,297000,85.21256494522095,0.5679231770833333,,,,
train_episode,297150,84.07896941900253,0.5603529866536459,,,,
train_episode,297300,85.4172865152359,0.5693393961588542,,,,
train_episode,297450,87.29368042945862,0.581907958984375,,,,
train_episode,297600,87.3485204577446,0.5822798665364584,,,,
train_episode,297750,86.87742030620575,0.5792010498046875,,,,
train_episode,297900,86.58886617422104,0.5772538248697917,,,,
train_episode,298050,86.85722875595093,0.5789190673828125,,,,
train_episode,298200,86.63068586587906,0.5773557535807292,,,,
train_episode,298350,86.83585518598557,0.5789292399088541,,,,
train_episode,298500,86.09603852033615,0.5740787760416667,,,,
train_episode,298650,85.8430272936821,0.5722825113932292,,,,
train_episode,298800,86.67183375358582,0.5777968343098958,,,,
train_episode,298950,86.50726211071014,0.576656494140625,,,,
train_episode,299100,87.10680097341537,0.5807415771484375,,,,
train_episode,299250,88.6142880320549,0.590836181640625,,,,
train_episode,299400,89.4845067858696,0.5966914876302083,,,,
train_episode,299550,86.97540247440338,0.5798455810546875,,,,
train_episode,299700,88.64457160234451,0.5910591634114584,,,,
train_episode,299850,89.48330610990524,0.5967156982421875,,,,
train_episode,300000,87.91109198331833,0.5861564127604166,,,,
eval,300000,,,,,83.60006510416667,0.556125
train_episode,300150,88.75978523492813,1.1377278645833333,,,,
train_episode,300300,89.9549251794815,0.5997587076822917,,,,
train_episode,300450,88.89176386594772,0.5926704915364583,,,,
train_episode,300600,89.61325943470001,0.5975429280598958,,,,
train_episode,300750,88.32184821367264,0.5888665771484375,,,,
train_episode,300900,86.93832367658615,0.579561767578125,,,,
train_episode,301050,88.90791779756546,0.5927583821614584,,,,
train_episode,301200,88.02411890029907,0.5868644205729167,,,,
train_episode,301350,88.66678768396378,0.5911142985026042,,,,
train_episode,301500,88.55827754735947,0.5904935709635417,,,,
train_episode,301650,88.36671882867813,0.5890462239583333,,,,
train_episode,301800,89.36565166711807,0.5958843994140625,,,,
train_episode,301950,88.92377710342407,0.5928436279296875,,,,
train_episode,302100,90.12676936388016,0.6009812418619792,,,,
train_episode,302250,88.72255438566208,0.5915653483072917,,,,
train_episode,302400,87.69806838035583,0.5845871988932292,,,,
train_episode,302550,87.136789560318,0.5809163411458333,,,,
train_episode,302700,88.39134699106216,0.5893558756510416,,,,
train_episode,302850,87.98968458175659,0.5866990152994792,,,,
train_episode,303000,86.60306787490845,0.5773390706380208,,,,
train_episode,303150,88.50608229637146,0.590076904296875,,,,
train_episode,303300,85.66571974754333,0.5711490885416667,,,,
train_episode,303450,87.01349830627441,0.5802947998046875,,,,
train_episode,303600,87.54041516780853,0.5836897786458334,,,,
train_episode,303750,88.69894367456436,0.5914265950520833,,,,
train_episode,303900,86.95638954639435,0.5798386637369791,,,,
train_episode,304050,88.22893238067627,0.5883713785807292,,,,
train_episode,304200,87.10532599687576,0.5808624267578125,,,,
train_episode,304350,87.20383608341217,0.5813887532552083,,,,
train_episode,304500,88.08071857690811,0.5873038736979167,,,,
train_episode,304650,89.07771784067154,0.59387451171875,,,,
train_episode,304800,87.78836005926132,0.5853668212890625,,,,
train_episode,304950,88.23658210039139,0.5883742268880209,,,,
train_episode,305100,87.28111708164215,0.5818959554036458,,,,
train_episode,305250,88.304514169693,0.5888250732421875,,,,
train_episode,305400,87.79972273111343,0.585386962890625,,,,
train_episode,305550,86.13594496250153,0.574256591796875,,,,
train_episode,305700,87.4206537604332,0.5828310139973958,,,,
train_episode,305850,85.35777711868286,0.5691286214192708,,,,
train_episode,306000,84.71043884754181,0.5646238199869792,,,,
eval,306000,,,,,85.63125,0.570390625
train_episode,306150,85.2138158082962,1.1501222737630208,,,,
train_episode,306300,85.69377547502518,0.5713055419921875,,,,
train_episode,306450,86.6630546450615,0.5776340738932292,,,,
train_episode,306600,85.00911390781403,0.566595458984375,,,,
train_episode,306750,84.91038984060287,0.5660919189453125,,,,
train_episode,306900,86.3632807135582,0.5758197021484375,,,,
train_episode,307050,84.89887398481369,0.5660703531901041,,,,
train_episode,307200,85.43824195861816,0.5695967610677083,,,,
train_episode,307350,84.43174135684967,0.5629783121744791,,,,
train_episode,307500,85.58206129074097,0.5706011962890625,,,,
train_episode,307650,85.37114381790161,0.5693345133463542,,,,
train_episode,307800,85.67731684446335,0.5713240559895834,,,,
train_episode,307950,85.77234828472137,0.5718184407552084,,,,
train_episode,308100,85.35561037063599,0.56901123046875,,,,
train_episode,308250,85.31595802307129,0.5688791910807292,,,,
train_episode,308400,85.15995180606842,0.5677262369791667,,,,
train_episode,308550,83.72194367647171,0.5582206217447917,,,,
train_episode,308700,85.80434089899063,0.5721236165364584,,,,
train_episode,308850,85.97802656888962,0.5733221435546875,,,,
train_episode,309000,85.32307869195938,0.5688926188151041,,,,
train_episode,309150,86.56841957569122,0.5772768147786458,,,,
train_episode,309300,87.48126143217087,0.5833827718098958,,,,
train_episode,309450,87.75680476427078,0.5852628580729167,,,,
train_episode,309600,87.62905812263489,0.5843105061848959,,,,
train_episode,309750,86.18203639984131,0.5746171061197917,,,,
train_episode,309900,85.31897920370102,0.5688330078125,,,,
train_episode,310050,84.40645319223404,0.562806396484375,,,,
train_episode,310200,86.15017610788345,0.5744327799479166,,,,
train_episode,310350,86.5878895521164,0.577430419921875,,,,
train_episode,310500,85.04894936084747,0.5670635986328125,,,,
train_episode,310650,85.41446805000305,0.56936279296875,,,,
train_episode,310800,84.25923591852188,0.5617936197916666,,,,
train_episode,310950,86.17437666654587,0.5745574951171875,,,,
train_episode,311100,84.83053529262543,0.5655218505859375,,,,
train_episode,311250,84.81950831413269,0.5655244954427083,,,,
train_episode,311400,85.70114028453827,0.5713773600260417,,,,
train_episode,311550,85.52514553070068,0.570220947265625,,,,
train_episode,311700,86.24794435501099,0.5750345865885417,,,,
train_episode,311850,86.32863277196884,0.5755873616536459,,,,
train_episode,312000,86.13441962003708,0.5742460123697917,,,,
eval,312000,,,,,75.74303385416665,0.5042864583333333
train_episode,312150,87.02730184793472,1.126202596028646,,,,
train_episode,312300,86.01977437734604,0.5734519449869792,,,,
train_episode,312450,86.5029086470604,0.5767386881510417,,,,
train_episode,312600,87.40427607297897,0.5827195231119792,,,,
train_episode,312750,86.78891956806183,0.5786423746744792,,,,
train_episode,312900,86.6106453537941,0.5775128173828125,,,,
train_episode,313050,86.0821024775505,0.5739066569010417,,,,
train_episode,313200,86.43196475505829,0.5763606770833334,,,,
train_episode,313350,85.01377272605896,0.5668959554036458,,,,
train_episode,313500,86.67262709140778,0.57793212890625,,,,
train_episode,313650,85.35259926319122,0.5691739908854166,,,,
train_episode,313800,85.01122957468033,0.5669101969401041,,,,
train_episode,313950,84.86182528734207,0.565875244140625,,,,
train_episode,314100,85.0870149731636,0.5673280843098958,,,,
train_episode,314250,84.41739845275879,0.5627626546223958,,,,
train_episode,314400,84.52734220027924,0.5635933430989584,,,,
train_episode,314550,84.28161519765854,0.5619671630859375,,,,
train_episode,314700,85.31177699565887,0.5688551839192708,,,,
train_episode,314850,84.36941432952881,0.5625205485026041,,,,
train_episode,315000,84.0041800737381,0.5601029459635417,,,,
train_episode,315150,84.6318866610527,0.5642685953776042,,,,
train_episode,315300,84.41929018497467,0.56283447265625,,,,
train_episode,315450,84.08007687330246,0.5605544026692708,,,,
train_episode,315600,84.16047024726868,0.5611702473958333,,,,
train_episode,315750,85.68257492780685,0.5712312825520833,,,,
train_episode,315900,83.86708468198776,0.5590897623697917,,,,
train_episode,316050,83.61850899457932,0.5575038655598958,,,,
train_episode,316200,84.11931300163269,0.5607716878255208,,,,
train_episode,316350,83.18804860115051,0.5545951334635416,,,,
train_episode,316500,83.4161365032196,0.55610595703125,,,,
train_episode,316650,82.9571322798729,0.5530318196614583,,,,
train_episode,316800,82.22659128904343,0.5481791178385417,,,,
train_episode,316950,83.21487295627594,0.5547816975911458,,,,
train_episode,317100,82.24466848373413,0.5482204182942708,,,,
train_episode,317250,83.8384290933609,0.5589082845052084,,,,
train_episode,317400,82.7461947798729,0.551602783203125,,,,
train_episode,317550,84.61477607488632,0.5640885416666667,,,,
train_episode,317700,83.86819380521774,0.5590873209635416,,,,
train_episode,317850,83.96310353279114,0.5597208658854167,,,,
train_episode,318000,84.18077510595322,0.5612721761067708,,,,
eval,318000,,,,,30.591406249999988,0.20163281250000004
train_episode,318150,83.46403932571411,0.7731479899088541,,,,
train_episode,318300,84.86601632833481,0.565784912109375,,,,
train_episode,318450,84.69552516937256,0.5647330729166666,,,,
train_episode,318600,84.22914576530457,0.561575927734375,,,,
train_episode,318750,84.35716652870178,0.5624269612630208,,,,
train_episode,318900,84.54788112640381,0.5637933349609375,,,,
train_episode,319050,84.03487068414688,0.5603139241536458,,,,
train_episode,319200,85.02040523290634,0.5667673746744791,,,,
train_episode,319350,84.88458144664764,0.5659112548828125,,,,
train_episode,319500,85.88476461172104,0.5727199300130208,,,,
train_episode,319650,86.32188826799393,0.5756050618489583,,,,
train_episode,319800,86.13038074970245,0.5743223063151042,,,,
train_episode,319950,85.81119722127914,0.5721657307942708,,,,
train_episode,320100,84.59285396337509,0.5639829508463542,,,,
train_episode,320250,84.97212648391724,0.5665675862630208,,,,
train_episode,320400,86.57480752468109,0.5774114990234375,,,,
train_episode,320550,87.41462081670761,0.5829799397786458,,,,
train_episode,320700,86.50653982162476,0.5768876139322917,,,,
train_episode,320850,85.58000618219376,0.5706966145833333,,,,
train_episode,321000,85.69167965650558,0.5715966796875,,,,
train_episode,321150,86.3185721039772,0.5757027180989583,,,,
train_episode,321300,86.83977138996124,0.579171142578125,,,,
train_episode,321450,87.10203945636749,0.5810402425130209,,,,
train_episode,321600,86.86116415262222,0.5794085693359375,,,,
train_episode,321750,86.9277126789093,0.5797633870442709,,,,
train_episode,321900,87.84341335296631,0.5860135904947916,,,,
train_episode,322050,88.46319442987442,0.59005615234375,,,,
train_episode,322200,87.90333926677704,0.586370849609375,,,,
train_episode,322350,88.27222615480423,0.5888130696614583,,,,
train_episode,322500,87.92774364352226,0.5864217122395833,,,,
train_episode,322650,88.14719504117966,0.5879746500651042,,,,
train_episode,322800,88.36076724529266,0.5893733723958333,,,,
train_episode,322950,87.47310280799866,0.5834110514322917,,,,
train_episode,323100,89.33709609508514,0.5959029134114583,,,,
train_episode,323250,88.71616464853287,0.5917563883463541,,,,
train_episode,323400,88.61480605602264,0.5910972086588542,,,,
train_episode,323550,88.95496493577957,0.5934549967447916,,,,
train_episode,323700,89.03871470689774,0.5940047200520834,,,,
train_episode,323850,87.22059988975525,0.5817510986328125,,,,
train_episode,324000,88.89427578449249,0.5929801432291667,,,,
eval,324000,,,,,31.636458333333337,0.20869270833333334
train_episode,324150,87.89859944581985,0.8015458170572917,,,,
train_episode,324300,88.38175350427628,0.5895369466145833,,,,
train_episode,324450,88.2628264427185,0.58867919921875,,,,
train_episode,324600,86.92493653297424,0.5798785400390625,,,,
train_episode,324750,87.27146303653717,0.5821783447265625,,,,
train_episode,324900,89.30186831951141,0.5957253011067708,,,,
train_episode,325050,88.45142549276352,0.5899151611328125,,,,
train_episode,325200,87.270516872406,0.5820159912109375,,,,
train_episode,325350,86.96773159503937,0.5800368245442709,,,,
train_episode,325500,89.56376057863235,0.5974733479817709,,,,
train_episode,325650,87.57788020372391,0.58412353515625,,,,
train_episode,325800,89.0485423207283,0.5940427652994792,,,,
train_episode,325950,87.86524319648743,0.586114501953125,,,,
train_episode,326100,88.10190689563751,0.5876003011067709,,,,
train_episode,326250,87.59212058782578,0.5842490641276041,,,,
train_episode,326400,87.0336594581604,0.5805338541666667,,,,
train_episode,326550,87.281798183918,0.5821490478515625,,,,
train_episode,326700,87.4258616566658,0.5832316080729166,,,,
train_episode,326850,87.39990073442459,0.5829915364583333,,,,
train_episode,327000,88.30729019641876,0.5889524332682292,,,,
train_episode,327150,87.55073946714401,0.5839357503255208,,,,
train_episode,327300,88.62310594320297,0.5911165364583333,,,,
train_episode,327450,88.92059206962585,0.5932002766927084,,,,
train_episode,327600,87.47325468063354,0.5835331217447917,,,,
train_episode,327750,89.91901522874832,0.599830322265625,,,,
train_episode,327900,89.52411657571793,0.5972580973307292,,,,
train_episode,328050,89.57335263490677,0.5975736490885417,,,,
train_episode,328200,89.28710752725601,0.59553466796875,,,,
train_episode,328350,88.36149936914444,0.5894557698567708,,,,
train_episode,328500,88.70435428619385,0.5917026774088542,,,,
train_episode,328650,90.31154215335846,0.6025425211588542,,,,
train_episode,328800,90.1562380194664,0.6015181477864583,,,,
train_episode,328950,90.23052889108658,0.6020456949869791,,,,
train_episode,329100,89.84338194131851,0.599503173828125,,,,
train_episode,329250,90.87841606140137,0.6063859049479167,,,,
train_episode,329400,91.47918611764908,0.61052001953125,,,,
train_episode,329550,93.16701102256775,0.6217073567708333,,,,
train_episode,329700,92.76157504320145,0.6189693196614583,,,,
train_episode,329850,92.8317043185234,0.6194600423177083,,,,
train_episode,330000,91.03518521785736,0.6075337727864584,,,,
eval,330000,,,,,32.08704427083332,0.2115703125
train_episode,330150,91.80388283729553,0.8646246337890625,,,,
train_episode,330300,92.12218064069748,0.6147991943359375,,,,
train_episode,330450,94.82620078325272,0.6329779052734374,,,,
train_episode,330600,93.57017904520035,0.6244993082682292,,,,
train_episode,330750,93.90014469623566,0.6266807047526042,,,,
train_episode,330900,93.84019899368286,0.6263352457682292,,,,
train_episode,331050,93.12556874752045,0.6215252685546875,,,,
train_episode,331200,92.82078951597214,0.6194148763020834,,,,
train_episode,331350,94.07646548748016,0.6279091389973959,,,,
train_episode,331500,93.9839973449707,0.6270880126953124,,,,
train_episode,331650,92.27550077438354,0.6158642578125,,,,
train_episode,331800,92.77254045009613,0.6191448974609375,,,,
train_episode,331950,93.19696950912476,0.6220345052083334,,,,
train_episode,332100,93.21250241994858,0.6221250406901042,,,,
train_episode,332250,92.40314602851868,0.6167049153645834,,,,
train_episode,332400,92.24061924219131,0.6155320231119792,,,,
train_episode,332550,92.17700064182281,0.6151064046223959,,,,
train_episode,332700,93.85132670402527,0.6265415445963541,,,,
train_episode,332850,92.41081589460373,0.6168100992838542,,,,
train_episode,333000,93.4005720615387,0.6233917236328125,,,,
train_episode,333150,94.70493370294571,0.6321360270182291,,,,
train_episode,333300,95.03762626647949,0.6343467203776042,,,,
train_episode,333450,95.3219386935234,0.6362091064453125,,,,
train_episode,333600,95.23511642217636,0.6356754557291666,,,,
train_episode,333750,94.66517996788025,0.6318064371744792,,,,
train_episode,333900,95.18327707052231,0.6353342692057292,,,,
train_episode,334050,95.82905954122543,0.6396541341145834,,,,
train_episode,334200,96.33020895719528,0.6431229654947916,,,,
train_episode,334350,96.01470810174942,0.6408573404947917,,,,
train_episode,334500,96.84121578931808,0.6463968912760417,,,,
train_episode,334650,95.26722031831741,0.63593505859375,,,,
train_episode,334800,97.3637884259224,0.6499369303385417,,,,
train_episode,334950,97.00610172748566,0.6476169840494792,,,,
train_episode,335100,96.18279874324799,0.642017822265625,,,,
train_episode,335250,94.50000876188278,0.6307196044921874,,,,
train_episode,335400,95.81400394439697,0.6394974772135417,,,,
train_episode,335550,95.50410866737366,0.6374873860677084,,,,
train_episode,335700,94.6520168185234,0.6317425537109375,,,,
train_episode,335850,94.79914176464081,0.6326619466145833,,,,
train_episode,336000,94.54107505083084,0.6309842936197917,,,,
eval,336000,,,,,38.920963541666666,0.2578515625
train_episode,336150,94.88728708028793,0.8252008056640625,,,,
train_episode,336300,95.50170701742172,0.6374289957682292,,,,
train_episode,336450,93.58897799253464,0.6246431477864584,,,,
train_episode,336600,93.74047684669495,0.6256892903645833,,,,
train_episode,336750,93.81656736135483,0.6262209065755209,,,,
train_episode,336900,95.81615048646927,0.6396028645833334,,,,
train_episode,337050,95.8661682009697,0.6399558512369792,,,,
train_episode,337200,95.13129508495331,0.6349619547526042,,,,
train_episode,337350,94.21652126312256,0.628936767578125,,,,
train_episode,337500,96.05227488279343,0.64121826171875,,,,
train_episode,337650,94.2294293642044,0.6289211018880209,,,,
train_episode,337800,94.28962045907974,0.6294551595052084,,,,
train_episode,337950,93.94248300790787,0.6269724527994792,,,,
train_episode,338100,94.40955412387848,0.6301127115885417,,,,
train_episode,338250,92.47986704111099,0.6172505696614583,,,,
train_episode,338400,93.45771086215973,0.6237725830078125,,,,
train_episode,338550,93.82991355657578,0.6261643473307291,,,,
train_episode,338700,91.90417325496674,0.6134798177083334,,,,
train_episode,338850,92.64778500795364,0.6183052571614583,,,,
train_episode,339000,92.95488291978836,0.6203790283203126,,,,
train_episode,339150,92.8150315284729,0.6194441731770833,,,,
train_episode,339300,93.65193504095078,0.6249861653645833,,,,
train_episode,339450,93.61185556650162,0.6247709147135416,,,,
train_episode,339600,92.96181029081345,0.6204134114583333,,,,
train_episode,339750,93.22296971082687,0.6221248372395833,,,,
train_episode,339900,93.08097124099731,0.6211271158854167,,,,
train_episode,340050,93.16400891542435,0.6217368570963542,,,,
train_episode,340200,93.76081120967865,0.6257615152994792,,,,
train_episode,340350,93.20675504207611,0.622086181640625,,,,
train_episode,340500,93.31451290845871,0.6228658040364583,,,,
train_episode,340650,94.18854546546936,0.6285972086588542,,,,
train_episode,340800,94.10749119520187,0.6280108642578125,,,,
train_episode,340950,92.97255343198776,0.6204862467447917,,,,
train_episode,341100,94.85927188396454,0.6331215413411458,,,,
train_episode,341250,93.85052317380905,0.6263791910807291,,,,
train_episode,341400,93.19195383787155,0.62197998046875,,,,
train_episode,341550,94.44625693559647,0.6302534993489584,,,,
train_episode,341700,94.15786576271057,0.6284165445963542,,,,
train_episode,341850,92.97979581356049,0.62059814453125,,,,
train_episode,342000,93.46145468950272,0.6237093098958333,,,,
eval,342000,,,,,60.77011718750001,0.40555078125
train_episode,342150,94.03080087900162,1.02356689453125,,,,
train_episode,342300,96.29648643732071,0.6427199300130209,,,,
train_episode,342450,95.28283613920212,0.6359962972005209,,,,
train_episode,342600,96.0616745352745,0.6412186686197917,,,,
train_episode,342750,95.59950625896454,0.638111572265625,,,,
train_episode,342900,96.40160012245178,0.6432963053385417,,,,
train_episode,343050,94.0555813908577,0.6276055908203125,,,,
train_episode,343200,94.50092417001724,0.6306844075520833,,,,
train_episode,343350,93.5950608253479,0.6246828206380208,,,,
train_episode,343500,93.86421579122543,0.626309814453125,,,,
train_episode,343650,93.62535548210144,0.6248089599609375,,,,
train_episode,343800,92.79445260763168,0.6191943359375,,,,
train_episode,343950,93.97017288208008,0.6271209716796875,,,,
train_episode,344100,93.04709750413895,0.6209285481770833,,,,
train_episode,344250,94.1931546330452,0.6285874430338542,,,,
train_episode,344400,92.57915103435516,0.6177510579427083,,,,
train_episode,344550,94.68122184276581,0.6318560791015625,,,,
train_episode,344700,94.22484219074249,0.6290329996744791,,,,
train_episode,344850,95.74490189552307,0.6390576171875,,,,
train_episode,345000,94.53506290912628,0.6308465576171876,,,,
train_episode,345150,94.25308060646057,0.6291092936197916,,,,
train_episode,345300,94.83884501457214,0.6330552164713542,,,,
train_episode,345450,94.45438474416733,0.63029541015625,,,,
train_episode,345600,94.04988467693329,0.6276702880859375,,,,
train_episode,345750,93.24120938777924,0.6221763102213541,,,,
train_episode,345900,91.96745681762695,0.6136570231119791,,,,
train_episode,346050,92.03923392295837,0.6141790771484374,,,,
train_episode,346200,91.83346408605576,0.6127675374348959,,,,
train_episode,346350,92.03562247753143,0.6142161051432292,,,,
train_episode,346500,92.02516490221024,0.6140122477213542,,,,
train_episode,346650,91.27500253915787,0.609007568359375,,,,
train_episode,346800,91.7314025759697,0.6121219889322916,,,,
train_episode,346950,91.2117999792099,0.6085441080729167,,,,
train_episode,347100,91.1657503247261,0.6081787109375,,,,
train_episode,347250,91.3195886015892,0.6092901611328125,,,,
train_episode,347400,91.09800106287003,0.6079111735026042,,,,
train_episode,347550,92.15675669908524,0.6149053955078125,,,,
train_episode,347700,91.23912417888641,0.6088063557942708,,,,
train_episode,347850,90.85529392957687,0.6061265055338542,,,,
train_episode,348000,90.13330906629562,0.6012776692708334,,,,
eval,348000,,,,,24.847591145833327,0.1634765625
train_episode,348150,89.24138283729553,0.7695003255208334,,,,
train_episode,348300,89.14534425735474,0.5946879069010417,,,,
train_episode,348450,89.1183152794838,0.5945155843098958,,,,
train_episode,348600,90.65476268529892,0.604720458984375,,,,
train_episode,348750,89.5912971496582,0.5976047770182291,,,,
train_episode,348900,88.66708248853683,0.59141845703125,,,,
train_episode,349050,89.2144147157669,0.5950449625651042,,,,
train_episode,349200,89.1149178147316,0.5944685872395833,,,,
train_episode,349350,87.63980972766876,0.5845277913411459,,,,
train_episode,349500,89.78740292787552,0.5989813232421874,,,,
train_episode,349650,87.87842625379562,0.5861427815755208,,,,
train_episode,349800,88.74129074811935,0.5919211832682292,,,,
train_episode,349950,87.69933933019638,0.5850044759114583,,,,
train_episode,350100,90.10444045066833,0.6011063639322917,,,,
train_episode,350250,90.70690780878067,0.6051214599609375,,,,
train_episode,350400,90.22000926733017,0.6019842529296875,,,,
train_episode,350550,90.09780794382095,0.6010182698567709,,,,
train_episode,350700,91.66207760572433,0.6115787760416667,,,,
train_episode,350850,92.31459373235703,0.6160524495442709,,,,
train_episode,351000,92.97626566886902,0.6203529866536458,,,,
train_episode,351150,92.64622849225998,0.6182720947265625,,,,
train_episode,351300,92.08605796098709,0.6144411214192709,,,,
train_episode,351450,92.94029527902603,0.620181884765625,,,,
train_episode,351600,94.46137344837189,0.6304329427083334,,,,
train_episode,351750,94.64463132619858,0.6315177408854167,,,,
train_episode,351900,93.76642692089081,0.6256854248046875,,,,
train_episode,352050,93.14120310544968,0.6215879313151041,,,,
train_episode,352200,93.41701084375381,0.6234659830729167,,,,
train_episode,352350,95.16288018226624,0.6351883951822916,,,,
train_episode,352500,94.9242228269577,0.633475341796875,,,,
train_episode,352650,93.80174571275711,0.6260243733723958,,,,
train_episode,352800,94.55740129947662,0.6310255940755208,,,,
train_episode,352950,94.00664138793945,0.6273388671875,,,,
train_episode,353100,94.47294998168945,0.6304878743489584,,,,
train_episode,353250,94.1922082901001,0.6286472574869791,,,,
train_episode,353400,94.73140281438828,0.6320945231119791,,,,
train_episode,353550,94.79252994060516,0.6326723225911458,,,,
train_episode,353700,93.97213596105576,0.6272041829427083,,,,
train_episode,353850,93.65810978412628,0.6249176025390625,,,,
train_episode,354000,92.15509903430939,0.6149979654947917,,,,
eval,354000,,,,,28.27037760416666,0.18636848958333335
train_episode,354150,92.57215166091919,0.8451039632161458,,,,
train_episode,354300,93.9374167919159,0.6269246419270833,,,,
train_episode,354450,93.57388055324554,0.6245296223958333,,,,
train_episode,354600,94.07065641880035,0.6279532877604167,,,,
train_episode,354750,93.62284165620804,0.6248388671875,,,,
train_episode,354900,93.82812303304672,0.626148681640625,,,,
train_episode,355050,94.87284165620804,0.6333150227864583,,,,
train_episode,355200,94.3386926651001,0.6295815022786458,,,,
train_episode,355350,93.84491789340973,0.6263798014322917,,,,
train_episode,355500,93.43352043628693,0.623592529296875,,,,
train_episode,355650,93.5821104645729,0.6245432535807292,,,,
train_episode,355800,92.79491978883743,0.6193772379557292,,,,
train_episode,355950,94.27889788150787,0.6292600504557292,,,,
train_episode,356100,94.29878544807434,0.6292848714192708,,,,
train_episode,356250,93.08471488952637,0.6212080891927083,,,,
train_episode,356400,93.23942875862122,0.6222135416666666,,,,
train_episode,356550,94.06155186891556,0.6277864583333334,,,,
train_episode,356700,93.97924619913101,0.6271856689453125,,,,
train_episode,356850,94.58657604455948,0.6312886555989583,,,,
train_episode,357000,95.2305074930191,0.6356101481119791,,,,
train_episode,357150,96.14730602502823,0.6417628987630208,,,,
train_episode,357300,95.53883624076843,0.6377298990885417,,,,
train_episode,357450,95.41842412948608,0.6369122314453125,,,,
train_episode,357600,94.83334201574326,0.63297607421875,,,,
train_episode,357750,95.98369151353836,0.640660400390625,,,,
train_episode,357900,94.29253911972046,0.629202880859375,,,,
train_episode,358050,93.7086871266365,0.625404052734375,,,,
train_episode,358200,94.90989941358566,0.6334193929036458,,,,
train_episode,358350,94.23676317930222,0.6289577229817709,,,,
train_episode,358500,93.79388236999512,0.6259735107421875,,,,
train_episode,358650,94.87308585643768,0.6332753499348959,,,,
train_episode,358800,93.93854570388794,0.626993408203125,,,,
train_episode,358950,93.57877391576767,0.6244952392578125,,,,
train_episode,359100,93.66502726078033,0.6249859619140625,,,,
train_episode,359250,94.24398559331894,0.6289302571614583,,,,
train_episode,359400,94.01303941011429,0.6273610432942708,,,,
train_episode,359550,94.22791320085526,0.6288468424479167,,,,
train_episode,359700,93.68626683950424,0.6251430257161459,,,,
train_episode,359850,93.58880400657654,0.6245017496744791,,,,
train_episode,360000,94.23188036680222,0.628807373046875,,,,
eval,360000,,,,,24.61555989583332,0.16133463541666668
train_episode,360150,94.41650170087814,0.7911572265625,,,,
train_episode,360300,94.80138957500458,0.6327388509114583,,,,
train_episode,360450,95.94517838954926,0.6402773030598958,,,,
train_episode,360600,94.53006780147552,0.63089599609375,,,,
train_episode,360750,94.33066612482071,0.6295163981119791,,,,
train_episode,360900,94.17640990018845,0.6283823649088541,,,,
train_episode,361050,92.6043370962143,0.6180057779947916,,,,
train_episode,361200,93.92692857980728,0.6267746988932291,,,,
train_episode,361350,93.96374291181564,0.6270420328776042,,,,
train_episode,361500,93.702705681324,0.62527587890625,,,,
train_episode,361650,95.35465282201767,0.63641845703125,,,,
train_episode,361800,95.00651830434799,0.63401123046875,,,,
train_episode,361950,95.73885846138,0.6388981119791667,,,,
train_episode,362100,95.80941557884216,0.639437255859375,,,,
train_episode,362250,94.89512872695923,0.6333290608723958,,,,
train_episode,362400,95.60156059265137,0.638040771484375,,,,
train_episode,362550,94.81897807121277,0.6327467854817709,,,,
train_episode,362700,94.66066294908524,0.6316617838541667,,,,
train_episode,362850,94.26815569400787,0.6290716552734374,,,,
train_episode,363000,95.98258250951767,0.6406443277994792,,,,
train_episode,363150,96.78339409828186,0.6459474690755208,,,,
train_episode,363300,97.70606261491776,0.6522161865234375,,,,
train_episode,363450,98.44163763523102,0.6570786539713541,,,,
train_episode,363600,97.5557227730751,0.6512091064453125,,,,
train_episode,363750,98.08740025758743,0.6547786458333333,,,,
train_episode,363900,97.08591532707214,0.6479050699869792,,,,
train_episode,364050,97.83206975460052,0.6531144205729167,,,,
train_episode,364200,99.323850274086,0.6630080159505208,,,,
train_episode,364350,99.46257334947586,0.6639955647786459,,,,
train_episode,364500,100.37663519382477,0.6700482177734375,,,,
train_episode,364650,101.18708091974258,0.6755403645833333,,,,
train_episode,364800,100.96903246641159,0.6740704345703125,,,,
train_episode,364950,102.05164331197739,0.6813753255208334,,,,
train_episode,365100,100.49825805425644,0.6709169514973958,,,,
train_episode,365250,99.56765580177307,0.6646225992838541,,,,
train_episode,365400,98.89875096082687,0.6601981608072917,,,,
train_episode,365550,97.58262920379639,0.6513193766276042,,,,
train_episode,365700,98.12337070703506,0.6549692789713542,,,,
train_episode,365850,98.00416839122772,0.6540679931640625,,,,
train_episode,366000,99.1450474858284,0.6617911783854167,,,,
eval,366000,,,,,93.0889322916667,0.6205130208333334
train_episode,366150,98.59482580423355,1.2675233968098958,,,,
train_episode,366300,100.38642138242722,0.6701668294270834,,,,
train_episode,366450,100.60707348585129,0.67164306640625,,,,
train_episode,366600,100.09318840503693,0.6681730143229166,,,,
train_episode,366750,100.44172948598862,0.6704597981770833,,,,
train_episode,366900,99.8979880809784,0.6667901611328125,,,,
train_episode,367050,100.34026849269867,0.6698374430338542,,,,
train_episode,367200,99.89221012592316,0.6668119303385417,,,,
train_episode,367350,100.20490300655365,0.6688972981770833,,,,
train_episode,367500,100.06787890195847,0.66796630859375,,,,
train_episode,367650,100.8360778093338,0.6731658935546875,,,,
train_episode,367800,101.67043817043304,0.6787618001302084,,,,
train_episode,367950,101.45704936981201,0.6774409993489583,,,,
train_episode,368100,101.89298325777054,0.680225830078125,,,,
train_episode,368250,101.586057305336,0.6782513427734375,,,,
train_episode,368400,101.51473772525787,0.6777166748046874,,,,
train_episode,368550,101.14611560106277,0.6752219645182291,,,,
train_episode,368700,101.51193004846573,0.6777351888020834,,,,
train_episode,368850,102.08042138814926,0.6815283203125,,,,
train_episode,369000,101.4208254814148,0.6772086588541667,,,,
train_episode,369150,102.11748021841049,0.6818448893229166,,,,
train_episode,369300,102.42209649085999,0.683809814453125,,,,
train_episode,369450,102.78832775354385,0.6862723795572917,,,,
train_episode,369600,102.86315697431564,0.6868318684895833,,,,
train_episode,369750,102.27213323116302,0.6828466796875,,,,
train_episode,369900,102.00127911567688,0.6810750325520833,,,,
train_episode,370050,103.81350445747375,0.6932086181640625,,,,
train_episode,370200,102.97572594881058,0.6876253255208333,,,,
train_episode,370350,103.18797570466995,0.6889670817057292,,,,
train_episode,370500,103.02245819568634,0.6879376220703125,,,,
train_episode,370650,104.49987548589706,0.6978533935546875,,,,
train_episode,370800,103.4546589255333,0.6908514404296875,,,,
train_episode,370950,103.87150847911835,0.6935540771484375,,,,
train_episode,371100,105.02537822723389,0.7012841796875,,,,
train_episode,371250,102.92981761693954,0.6873170979817709,,,,
train_episode,371400,103.93274736404419,0.6940317789713542,,,,
train_episode,371550,103.55706512928009,0.6914182535807292,,,,
train_episode,371700,102.5931276679039,0.6850205485026042,,,,
train_episode,371850,102.711758852005,0.6858489990234375,,,,
train_episode,372000,102.30953693389893,0.6831182861328124,,,,
eval,372000,,,,,74.817578125,0.49763671875000004
train_episode,372150,101.444211602211,1.1883349609375,,,,
train_episode,372300,102.60683012008667,0.6850948079427084,,,,
train_episode,372450,102.99008965492249,0.687681884765625,,,,
train_episode,372600,104.08704364299774,0.6950547281901042,,,,
train_episode,372750,104.45866620540619,0.6976188151041667,,,,
train_episode,372900,105.20171880722046,0.7024849446614584,,,,
train_episode,373050,106.40897381305695,0.7106990559895834,,,,
train_episode,373200,105.31323981285095,0.7032706705729167,,,,
train_episode,373350,105.11608642339706,0.7020127360026042,,,,
train_episode,373500,104.9563672542572,0.7010691324869792,,,,
train_episode,373650,105.35926115512848,0.703646240234375,,,,
train_episode,373800,105.43861669301987,0.704244384765625,,,,
train_episode,373950,106.56954658031464,0.7118446858723958,,,,
train_episode,374100,107.00073009729385,0.7146982828776042,,,,
train_episode,374250,107.67695862054825,0.7192549641927083,,,,
train_episode,374400,107.35590368509293,0.717047119140625,,,,
train_episode,374550,106.50555181503296,0.7114388020833333,,,,
train_episode,374700,107.49066925048828,0.7179659016927084,,,,
train_episode,374850,107.03152221441269,0.7149235026041667,,,,
train_episode,375000,107.12753033638,0.7155877685546875,,,,
train_episode,375150,107.44282847642899,0.717647705078125,,,,
train_episode,375300,107.67884075641632,0.7193306477864584,,,,
train_episode,375450,107.37641203403473,0.7171929931640625,,,,
train_episode,375600,107.07002520561218,0.7151961263020833,,,,
train_episode,375750,108.12152928113937,0.7222664388020833,,,,
train_episode,375900,109.22186028957367,0.7296504720052084,,,,
train_episode,376050,110.06745165586472,0.7353340657552083,,,,
train_episode,376200,109.66923826932907,0.732584228515625,,,,
train_episode,376350,109.14867913722992,0.7291542561848958,,,,
train_episode,376500,111.27737188339233,0.74345458984375,,,,
train_episode,376650,110.25954985618591,0.7365736897786458,,,,
train_episode,376800,110.56753319501877,0.7386871337890625,,,,
train_episode,376950,111.81850963830948,0.7470068359375,,,,
train_episode,377100,112.5901974439621,0.752305908203125,,,,
train_episode,377250,111.80693352222443,0.7470430501302083,,,,
train_episode,377400,111.25818634033203,0.7433247884114583,,,,
train_episode,377550,112.31446105241776,0.7504270426432291,,,,
train_episode,377700,112.28324162960052,0.7502569580078124,,,,
train_episode,377850,113.81828570365906,0.7604610188802083,,,,
train_episode,378000,112.13312548398972,0.74924560546875,,,,
eval,378000,,,,,112.71868489583335,0.7522643229166667
train_episode,378150,113.32390111684799,1.5626822916666667,,,,
train_episode,378300,113.04535681009293,0.7553312174479166,,,,
train_episode,378450,112.46942889690399,0.751497802734375,,,,
train_episode,378600,113.70725291967392,0.7597052001953125,,,,
train_episode,378750,113.96108728647232,0.7614994303385416,,,,
train_episode,378900,114.16896319389343,0.7628597005208333,,,,
train_episode,379050,113.75034326314926,0.7600785319010417,,,,
train_episode,379200,113.95314288139343,0.7614296468098959,,,,
train_episode,379350,114.61780554056168,0.7658841959635416,,,,
train_episode,379500,114.6371129155159,0.7660367838541666,,,,
train_episode,379650,115.02787029743195,0.7686018880208333,,,,
train_episode,379800,114.93681615591049,0.7679766845703125,,,,
train_episode,379950,114.7434566617012,0.7667690022786459,,,,
train_episode,380100,114.24307000637054,0.7634232584635416,,,,
train_episode,380250,115.12709307670593,0.7692561848958334,,,,
train_episode,380400,115.34799975156784,0.7707877604166666,,,,
train_episode,380550,115.90791577100754,0.7745139567057292,,,,
train_episode,380700,115.7151061296463,0.773232421875,,,,
train_episode,380850,115.68156731128693,0.7730159505208334,,,,
train_episode,381000,116.16157692670822,0.776204833984375,,,,
train_episode,381150,116.14113134145737,0.776199951171875,,,,
train_episode,381300,115.923947930336,0.77462890625,,,,
train_episode,381450,115.80369824171066,0.7738081868489584,,,,
train_episode,381600,115.9687066078186,0.7749257405598958,,,,
train_episode,381750,116.33457219600677,0.7773687744140625,,,,
train_episode,381900,116.80105328559875,0.7805088297526042,,,,
train_episode,382050,116.32586407661438,0.7773244222005208,,,,
train_episode,382200,116.60582202672958,0.7792283121744792,,,,
train_episode,382350,116.81054437160492,0.7805690511067709,,,,
train_episode,382500,116.56741070747375,0.7789874267578125,,,,
train_episode,382650,116.56777685880661,0.7789955647786458,,,,
train_episode,382800,116.18323546648026,0.7764481608072916,,,,
train_episode,382950,115.93246275186539,0.7746378580729166,,,,
train_episode,383100,115.40476268529892,0.7712510172526041,,,,
train_episode,383250,115.44158744812012,0.7713950602213542,,,,
train_episode,383400,115.4768448472023,0.771605224609375,,,,
train_episode,383550,114.78629314899445,0.7669960530598958,,,,
train_episode,383700,114.97423005104065,0.7682220458984375,,,,
train_episode,383850,115.88761109113693,0.7743438720703125,,,,
train_episode,384000,115.87444812059402,0.7742974853515625,,,,
eval,384000,,,,,114.10149739583332,0.7618268229166667
train_episode,384150,116.53518444299698,1.5399593098958333,,,,
train_episode,384300,117.39936089515686,0.7845231119791667,,,,
train_episode,384450,117.90095829963684,0.7879052734375,,,,
train_episode,384600,116.75415802001953,0.78025634765625,,,,
train_episode,384750,117.62963610887527,0.786121826171875,,,,
train_episode,384900,116.25779008865356,0.7768929036458333,,,,
train_episode,385050,116.76349675655365,0.7803037516276041,,,,
train_episode,385200,116.87401068210602,0.7810909016927083,,,,
train_episode,385350,116.90365344285965,0.7812343343098959,,,,
train_episode,385500,117.19750720262527,0.7831880696614584,,,,
train_episode,385650,116.97448498010635,0.7816884358723958,,,,
train_episode,385800,117.32737064361572,0.7840995279947917,,,,
train_episode,385950,117.69521850347519,0.7864798990885417,,,,
train_episode,386100,117.19561523199081,0.7831894938151042,,,,
train_episode,386250,116.20218741893768,0.7765201822916666,,,,
train_episode,386400,116.64539343118668,0.7794130452473959,,,,
train_episode,386550,116.05781811475754,0.7755082194010416,,,,
train_episode,386700,117.37194615602493,0.7843631998697916,,,,
train_episode,386850,118.64256542921066,0.7929734293619791,,,,
train_episode,387000,118.47620421648026,0.7917557779947917,,,,
train_episode,387150,117.04636389017105,0.7821120198567708,,,,
train_episode,387300,116.63548582792282,0.7793800862630208,,,,
train_episode,387450,115.60125517845154,0.7724704996744791,,,,
train_episode,387600,117.05313897132874,0.782301025390625,,,,
train_episode,387750,119.00932586193085,0.7953615315755208,,,,
train_episode,387900,118.22019201517105,0.7900581868489583,,,,
train_episode,388050,117.71629625558853,0.7866414388020834,,,,
train_episode,388200,116.62894523143768,0.7793214925130209,,,,
train_episode,388350,117.58569097518921,0.7856968180338542,,,,
train_episode,388500,117.36052197217941,0.784298095703125,,,,
train_episode,388650,117.30594688653946,0.7839837646484376,,,,
train_episode,388800,118.02578502893448,0.7887752278645833,,,,
train_episode,388950,118.1454952955246,0.7896024576822916,,,,
train_episode,389100,118.98933655023575,0.7951609293619791,,,,
train_episode,389250,117.90411126613617,0.7879469807942708,,,,
train_episode,389400,118.12552636861801,0.7894484456380209,,,,
train_episode,389550,117.7696100473404,0.7871146647135416,,,,
train_episode,389700,118.82583349943161,0.7942201741536459,,,,
train_episode,389850,119.46271485090256,0.7984224446614583,,,,
train_episode,390000,119.59256780147552,0.7992681884765624,,,,
eval,390000,,,,,97.38138020833333,0.6498828125
train_episode,390150,96.95921671390533,1.2940891520182292,,,,
train_episode,390300,117.02552038431168,0.7818703206380209,,,,
train_episode,390450,117.3735026717186,0.7845644124348958,,,,
train_episode,390600,119.40293192863464,0.7980712890625,,,,
train_episode,390750,120.71148455142975,0.8068430582682292,,,,
train_episode,390900,120.67183184623718,0.8066019694010417,,,,
train_episode,391050,119.68911510705948,0.8000541178385416,,,,
train_episode,391200,119.91366368532181,0.8014581298828125,,,,
train_episode,391350,119.27592730522156,0.7971938069661458,,,,
train_episode,391500,119.33267968893051,0.7974627685546875,,,,
train_episode,391650,117.98121893405914,0.7884883626302084,,,,
train_episode,391800,118.4184849858284,0.7914601643880208,,,,
train_episode,391950,118.90862846374512,0.7946964518229167,,,,
train_episode,392100,118.0924763083458,0.7892679850260417,,,,
train_episode,392250,115.79802227020264,0.7737776692708334,,,,
train_episode,392400,117.54878479242325,0.7855452473958333,,,,
train_episode,392550,117.08034008741379,0.78251708984375,,,,
train_episode,392700,117.37844675779343,0.7843967692057292,,,,
train_episode,392850,116.91923773288727,0.7814107259114583,,,,
train_episode,393000,118.15259569883347,0.7895998128255208,,,,
train_episode,393150,118.61691057682037,0.7926936848958334,,,,
train_episode,393300,116.32430750131607,0.777347412109375,,,,
train_episode,393450,116.73435205221176,0.7800640869140625,,,,
train_episode,393600,117.47258275747299,0.7850685628255208,,,,
train_episode,393750,116.6713536977768,0.7797190348307291,,,,
train_episode,393900,116.33596616983414,0.7774625651041667,,,,
train_episode,394050,116.56769579648972,0.7789508056640625,,,,
train_episode,394200,116.82804089784622,0.78072265625,,,,
train_episode,394350,116.65656280517578,0.7795402018229166,,,,
train_episode,394500,116.52141064405441,0.7786545817057292,,,,
train_episode,394650,116.73762756586075,0.7800787353515625,,,,
train_episode,394800,117.00993579626083,0.781912841796875,,,,
train_episode,394950,117.63432592153549,0.7861248779296875,,,,
train_episode,395100,116.778215944767,0.7803592936197916,,,,
train_episode,395250,116.55105400085449,0.7788199869791667,,,,
train_episode,395400,117.54487854242325,0.7855181884765625,,,,
train_episode,395550,115.99208348989487,0.7751350911458333,,,,
train_episode,395700,117.10559874773026,0.7826273600260417,,,,
train_episode,395850,117.07849884033203,0.7823940022786459,,,,
train_episode,396000,116.8305025100708,0.780677490234375,,,,
eval,396000,,,,,69.3580078125,0.46187630208333336
train_episode,396150,114.69217681884766,1.266193644205729,,,,
train_episode,396300,115.18401855230331,0.7696455891927083,,,,
train_episode,396450,114.7223487496376,0.7666483561197917,,,,
train_episode,396600,116.16049951314926,0.7761916097005208,,,,
train_episode,396750,116.1087931394577,0.7759132893880208,,,,
train_episode,396900,116.51916301250458,0.7786006673177084,,,,
train_episode,397050,116.50544995069504,0.7786224365234375,,,,
train_episode,397200,117.13151842355728,0.7828006998697916,,,,
train_episode,397350,116.46679431200027,0.7782698567708334,,,,
train_episode,397500,116.13203656673431,0.7760530598958333,,,,
train_episode,397650,115.58787786960602,0.772396240234375,,,,
train_episode,397800,116.20510625839233,0.7766269938151041,,,,
train_episode,397950,115.14976817369461,0.7695096842447917,,,,
train_episode,398100,115.52153265476227,0.7720076497395834,,,,
train_episode,398250,115.12382751703262,0.7691969807942708,,,,
train_episode,398400,115.21431243419647,0.7699456787109376,,,,
train_episode,398550,115.01355743408203,0.7685947672526041,,,,
train_episode,398700,114.56037133932114,0.7655576578776042,,,,
train_episode,398850,114.34967827796936,0.76418701171875,,,,
train_episode,399000,114.87891399860382,0.7676682535807292,,,,
train_episode,399150,113.76510363817215,0.7602130126953125,,,,
train_episode,399300,114.20372301340103,0.76311767578125,,,,
train_episode,399450,114.59809118509293,0.7657979329427084,,,,
train_episode,399600,113.16658318042755,0.75600341796875,,,,
train_episode,399750,111.29353612661362,0.7436798095703125,,,,
train_episode,399900,112.95338708162308,0.7546921793619792,,,,
train_episode,400050,113.01958000659943,0.7551121012369791,,,,
train_episode,400200,112.22920501232147,0.7498891194661458,,,,
train_episode,400350,111.65054148435593,0.7459586588541667,,,,
train_episode,400500,112.19584983587265,0.7495888264973959,,,,
train_episode,400650,112.19564592838287,0.749652099609375,,,,
train_episode,400800,112.72595024108887,0.7532065836588542,,,,
train_episode,400950,111.97875791788101,0.7481573486328125,,,,
train_episode,401100,112.52555084228516,0.7518072509765625,,,,
train_episode,401250,112.57162207365036,0.7521364339192709,,,,
train_episode,401400,113.63300347328186,0.7592047119140625,,,,
train_episode,401550,112.8668697476387,0.7540321858723958,,,,
train_episode,401700,112.26578497886658,0.7501104736328125,,,,
train_episode,401850,112.79489934444427,0.753621826171875,,,,
train_episode,402000,111.83461266756058,0.7471706136067708,,,,
eval,402000,,,,,31.211263020833325,0.20585286458333335
train_episode,402150,112.88766276836395,0.9588588460286458,,,,
train_episode,402300,112.18606281280518,0.7495760091145833,,,,
train_episode,402450,110.91824066638947,0.7410019938151041,,,,
train_episode,402600,107.94864672422409,0.7211749267578125,,,,
train_episode,402750,109.76548063755035,0.7333624267578125,,,,
train_episode,402900,109.99992620944977,0.7348549397786458,,,,
train_episode,403050,110.10657471418381,0.7356233723958333,,,,
train_episode,403200,110.09429681301117,0.7355283610026042,,,,
train_episode,403350,110.08935290575027,0.7354522705078125,,,,
train_episode,403500,109.72881829738617,0.7330224609375,,,,
train_episode,403650,109.44755846261978,0.73118896484375,,,,
train_episode,403800,109.37239360809326,0.7306168619791666,,,,
train_episode,403950,108.95953094959259,0.7278664143880208,,,,
train_episode,404100,109.75178796052933,0.7331642659505209,,,,
train_episode,404250,108.89889335632324,0.7274578857421875,,,,
train_episode,404400,109.24650835990906,0.7297916666666666,,,,
train_episode,404550,109.59172338247299,0.7320045979817709,,,,
train_episode,404700,106.40516918897629,0.710748291015625,,,,
train_episode,404850,107.33466356992722,0.717073974609375,,,,
train_episode,405000,107.7896808385849,0.7200760904947917,,,,
train_episode,405150,108.53807348012924,0.72509521484375,,,,
train_episode,405300,108.37289202213287,0.7239739990234375,,,,
train_episode,405450,109.51170587539673,0.731568603515625,,,,
train_episode,405600,108.30643510818481,0.723443603515625,,,,
train_episode,405750,107.47724133729935,0.71791015625,,,,
train_episode,405900,107.35456079244614,0.717115478515625,,,,
train_episode,406050,108.5818561911583,0.7253745524088542,,,,
train_episode,406200,106.69580870866776,0.7126554361979167,,,,
train_episode,406350,105.58796960115433,0.7052223714192708,,,,
train_episode,406500,107.46778130531311,0.7178670247395833,,,,
train_episode,406650,106.45974552631378,0.711180419921875,,,,
train_episode,406800,106.23606157302856,0.709462890625,,,,
train_episode,406950,107.55023938417435,0.7184320068359376,,,,
train_episode,407100,107.04202055931091,0.7150042724609375,,,,
train_episode,407250,106.21321403980255,0.7093747965494792,,,,
train_episode,407400,105.29834777116776,0.7032621256510416,,,,
train_episode,407550,105.13249450922012,0.7021490478515625,,,,
train_episode,407700,103.94394749403,0.6942319742838542,,,,
train_episode,407850,105.64544421434402,0.7054695638020834,,,,
train_episode,408000,105.46626549959183,0.7044632975260416,,,,
eval,408000,,,,,26.832356770833325,0.17631119791666666
train_episode,408150,105.11256664991379,0.864693603515625,,,,
train_episode,408300,102.72903275489807,0.6858841959635417,,,,
train_episode,408450,101.30903869867325,0.6765679931640625,,,,
train_episode,408600,102.26498138904572,0.6828875732421875,,,,
train_episode,408750,103.14332872629166,0.6887396240234375,,,,
train_episode,408900,102.79450249671936,0.6864426676432291,,,,
train_episode,409050,102.92077404260635,0.6872524007161458,,,,
train_episode,409200,102.21147394180298,0.6824900309244791,,,,
train_episode,409350,102.33872252702713,0.6833182779947916,,,,
train_episode,409500,102.99098527431488,0.687666015625,,,,
train_episode,409650,102.0285513997078,0.6813138834635417,,,,
train_episode,409800,100.70569658279419,0.6722599283854167,,,,
train_episode,409950,99.95764940977097,0.6673514811197917,,,,
train_episode,410100,100.20186126232147,0.6690216064453125,,,,
train_episode,410250,100.27378129959106,0.6695284016927083,,,,
train_episode,410400,99.62082666158676,0.6651369222005208,,,,
train_episode,410550,100.04679089784622,0.6679477945963541,,,,
train_episode,410700,100.39083653688431,0.670335693359375,,,,
train_episode,410850,100.21561461687088,0.6691080729166666,,,,
train_episode,411000,99.92876940965652,0.6671771240234375,,,,
train_episode,411150,99.26334363222122,0.6626995849609375,,,,
train_episode,411300,100.57115459442139,0.6715769449869792,,,,
train_episode,411450,100.66351115703583,0.6720566813151042,,,,
train_episode,411600,100.42632830142975,0.6705364990234375,,,,
train_episode,411750,100.34491729736328,0.6699131266276042,,,,
train_episode,411900,101.97060906887054,0.6809403483072917,,,,
train_episode,412050,103.04556035995483,0.6879890950520834,,,,
train_episode,412200,102.1354758143425,0.6820023600260416,,,,
train_episode,412350,102.29153168201447,0.6830206298828125,,,,
train_episode,412500,101.59032994508743,0.678306884765625,,,,
train_episode,412650,102.16984832286835,0.6821763102213542,,,,
train_episode,412800,102.19783335924149,0.6824558512369792,,,,
train_episode,412950,102.71930688619614,0.6859210205078125,,,,
train_episode,413100,103.9643839597702,0.6942919921875,,,,
train_episode,413250,103.43012243509293,0.6906618245442708,,,,
train_episode,413400,103.16069263219833,0.6888340250651042,,,,
train_episode,413550,103.68240088224411,0.6924300130208333,,,,
train_episode,413700,105.1020992398262,0.7018747965494792,,,,
train_episode,413850,104.7757134437561,0.6996254475911459,,,,
train_episode,414000,103.91809928417206,0.6940352376302084,,,,
eval,414000,,,,,38.3228515625,0.2534309895833333
train_episode,414150,104.58200854063034,0.943338623046875,,,,
train_episode,414300,104.2191950082779,0.6959889729817709,,,,
train_episode,414450,104.05397325754166,0.694892578125,,,,
train_episode,414600,104.66014349460602,0.698974609375,,,,
train_episode,414750,106.16196501255035,0.7090120442708333,,,,
train_episode,414900,106.96037548780441,0.7144097900390625,,,,
train_episode,415050,106.2502828836441,0.7095774332682292,,,,
train_episode,415200,106.86848717927933,0.7137371826171875,,,,
train_episode,415350,106.16706073284149,0.7090911865234375,,,,
train_episode,415500,106.86638134717941,0.7137746175130208,,,,
train_episode,415650,106.9302242398262,0.7142490641276041,,,,
train_episode,415800,107.6885656118393,0.7192344156901042,,,,
train_episode,415950,107.34484612941742,0.7170509847005209,,,,
train_episode,416100,107.94342786073685,0.7209016927083334,,,,
train_episode,416250,109.32637310028076,0.7302718098958333,,,,
train_episode,416400,109.8072994351387,0.7335404459635416,,,,
train_episode,416550,108.86351299285889,0.7270908610026041,,,,
train_episode,416700,108.33082872629166,0.7236297607421875,,,,
train_episode,416850,108.70757806301117,0.7260113525390625,,,,
train_episode,417000,109.84000384807587,0.7336574300130209,,,,
train_episode,417150,109.54954785108566,0.7317014567057292,,,,
train_episode,417300,109.48536938428879,0.731395263671875,,,,
train_episode,417450,108.1201149225235,0.7221986897786459,,,,
train_episode,417600,109.9882584810257,0.7346675618489583,,,,
train_episode,417750,109.84245616197586,0.7337701416015625,,,,
train_episode,417900,110.00560224056244,0.7347226969401042,,,,
train_episode,418050,110.38682848215103,0.7373545328776042,,,,
train_episode,418200,109.51947820186615,0.7315232340494792,,,,
train_episode,418350,110.17352044582367,0.7359187825520833,,,,
train_episode,418500,110.51945775747299,0.7382472737630208,,,,
train_episode,418650,109.30466496944427,0.7299405924479166,,,,
train_episode,418800,111.42740696668625,0.7442946370442708,,,,
train_episode,418950,111.51209306716919,0.7448976643880209,,,,
train_episode,419100,109.87620824575424,0.7339345296223958,,,,
train_episode,419250,109.69921630620956,0.7327840169270833,,,,
train_episode,419400,110.135567009449,0.7356587727864583,,,,
train_episode,419550,109.88691967725754,0.7339591471354167,,,,
train_episode,419700,109.81799048185349,0.73352294921875,,,,
train_episode,419850,109.64442718029022,0.7323516845703125,,,,
train_episode,420000,109.27495074272156,0.7298819986979167,,,,
eval,420000,,,,,100.54166666666667,0.6711015625
train_episode,420150,108.87392926216125,1.412037150065104,,,,
train_episode,420300,109.34949481487274,0.7302762858072916,,,,
train_episode,420450,109.3649166226387,0.7305332438151042,,,,
train_episode,420600,109.60919940471649,0.7320725504557292,,,,
train_episode,420750,108.73340648412704,0.7262086995442708,,,,
train_episode,420900,110.00284594297409,0.7346394856770834,,,,
train_episode,421050,108.71855437755585,0.7261354573567709,,,,
train_episode,421200,108.41707074642181,0.7241884358723958,,,,
train_episode,421350,109.09881329536438,0.7287217203776042,,,,
train_episode,421500,109.3750581741333,0.7304520670572917,,,,
train_episode,421650,108.56757354736328,0.7250724283854166,,,,
train_episode,421800,109.40078526735306,0.7307218424479167,,,,
train_episode,421950,109.0678482055664,0.7285597737630208,,,,
train_episode,422100,109.41275787353516,0.73083984375,,,,
train_episode,422250,109.22911339998245,0.7295591227213541,,,,
train_episode,422400,109.06038177013397,0.728472900390625,,,,
train_episode,422550,109.73629558086395,0.7329538981119792,,,,
train_episode,422700,110.57542669773102,0.7385087076822917,,,,
train_episode,422850,109.95268559455872,0.7344108072916666,,,,
train_episode,423000,110.39858776330948,0.7374094645182292,,,,
train_episode,423150,109.51631432771683,0.7314957682291666,,,,
train_episode,423300,109.578508913517,0.7318853759765624,,,,
train_episode,423450,109.107317507267,0.7288226318359375,,,,
train_episode,423600,109.37937170267105,0.7305497233072916,,,,
train_episode,423750,109.80900830030441,0.7334773763020833,,,,
train_episode,423900,109.41621661186218,0.7308070882161458,,,,
train_episode,424050,109.37208873033524,0.7305161539713542,,,,
train_episode,424200,109.66734582185745,0.7325319417317708,,,,
train_episode,424350,109.64339977502823,0.7323679606119792,,,,
train_episode,424500,108.72743505239487,0.7261964925130209,,,,
train_episode,424650,109.57896739244461,0.7318499755859375,,,,
train_episode,424800,109.2699356675148,0.7297996012369792,,,,
train_episode,424950,110.29720854759216,0.7367333984375,,,,
train_episode,425100,110.4687169790268,0.7379718017578125,,,,
train_episode,425250,110.35764318704605,0.737169189453125,,,,
train_episode,425400,111.0962905883789,0.7421346028645833,,,,
train_episode,425550,111.1801027059555,0.7427667236328125,,,,
train_episode,425700,112.32266002893448,0.7503725179036458,,,,
train_episode,425850,113.12954473495483,0.7556614176432291,,,,
train_episode,426000,112.75104570388794,0.753114013671875,,,,
eval,426000,,,,,111.92851562499996,0.74748828125
train_episode,426150,112.51191985607147,1.494220987955729,,,,
train_episode,426300,113.31793993711472,0.7570920817057292,,,,
train_episode,426450,114.30986267328262,0.7636423746744792,,,,
train_episode,426600,113.95964324474335,0.7613096110026042,,,,
train_episode,426750,113.76698577404022,0.7600250244140625,,,,
train_episode,426900,113.88967680931091,0.7607997639973958,,,,
train_episode,427050,113.9984717965126,0.7616072591145834,,,,
train_episode,427200,113.64782416820526,0.759271240234375,,,,
train_episode,427350,113.15540343523026,0.7559873453776041,,,,
train_episode,427500,112.70008111000061,0.7529146321614584,,,,
train_episode,427650,113.15425384044647,0.7559000651041666,,,,
train_episode,427800,112.7320636510849,0.7531829833984375,,,,
train_episode,427950,113.22175854444504,0.7564337158203125,,,,
train_episode,428100,113.42824071645737,0.7577667236328125,,,,
train_episode,428250,113.57317864894867,0.7588181559244792,,,,
train_episode,428400,112.64311468601227,0.7524586995442708,,,,
train_episode,428550,112.59088879823685,0.7522517903645833,,,,
train_episode,428700,112.62504827976227,0.7523897298177084,,,,
train_episode,428850,113.55580425262451,0.7586244710286458,,,,
train_episode,429000,114.61658537387848,0.7657578531901041,,,,
train_episode,429150,113.65467089414597,0.7592848714192708,,,,
train_episode,429300,113.34830510616302,0.7572111002604167,,,,
train_episode,429450,114.14448857307434,0.7626057942708333,,,,
train_episode,429600,113.80648547410965,0.7603660074869791,,,,
train_episode,429750,114.47778075933456,0.7648150634765625,,,,
train_episode,429900,115.04958838224411,0.768604736328125,,,,
train_episode,430050,115.71899181604385,0.7730995686848958,,,,
train_episode,430200,115.42151683568954,0.77115966796875,,,,
train_episode,430350,115.88867980241776,0.7744026692708333,,,,
train_episode,430500,116.52988481521606,0.778570556640625,,,,
train_episode,430650,116.3781413435936,0.7776271565755208,,,,
train_episode,430800,115.97653955221176,0.774871826171875,,,,
train_episode,430950,116.35643243789673,0.7774432373046875,,,,
train_episode,431100,116.12475383281708,0.7758900960286458,,,,
train_episode,431250,116.45999938249588,0.7780338541666667,,,,
train_episode,431400,116.72386401891708,0.7799306233723958,,,,
train_episode,431550,116.16799712181091,0.7761912027994792,,,,
train_episode,431700,116.0383175611496,0.7753643798828125,,,,
train_episode,431850,116.43544292449951,0.7779939778645834,,,,
train_episode,432000,116.94297015666962,0.7813828531901041,,,,
eval,432000,,,,,103.74492187499997,0.6927799479166666
train_episode,432150,112.91127264499664,1.4178769938151041,,,,
train_episode,432300,115.43700963258743,0.77122314453125,,,,
train_episode,432450,114.67133319377899,0.7660882568359375,,,,
train_episode,432600,114.54163366556168,0.7651861572265625,,,,
train_episode,432750,115.12072551250458,0.7690635172526041,,,,
train_episode,432900,114.57290410995483,0.765465087890625,,,,
train_episode,433050,114.44477146863937,0.76462890625,,,,
train_episode,433200,114.60757201910019,0.7656901041666667,,,,
train_episode,433350,115.11297339200974,0.7690608723958333,,,,
train_episode,433500,115.12616747617722,0.7692142740885417,,,,
train_episode,433650,115.54891705513,0.7720467122395833,,,,
train_episode,433800,114.28135961294174,0.7635255940755208,,,,
train_episode,433950,112.80439031124115,0.75359375,,,,
train_episode,434100,111.95779186487198,0.7478560384114583,,,,
train_episode,434250,111.08987146615982,0.74212646484375,,,,
train_episode,434400,110.84090977907181,0.74050048828125,,,,
train_episode,434550,112.30698412656784,0.7503521728515625,,,,
train_episode,434700,112.16122168302536,0.7492350260416667,,,,
train_episode,434850,110.78231579065323,0.7401080322265625,,,,
train_episode,435000,110.38925939798355,0.73748291015625,,,,
train_episode,435150,110.2685421705246,0.7366202799479167,,,,
train_episode,435300,110.3215103149414,0.73695068359375,,,,
train_episode,435450,110.32333141565323,0.7371002197265625,,,,
train_episode,435600,110.5500460267067,0.7384792073567709,,,,
train_episode,435750,110.84632176160812,0.7404184977213542,,,,
train_episode,435900,110.5044737458229,0.7381801350911459,,,,
train_episode,436050,110.16569793224335,0.7359724934895834,,,,
train_episode,436200,110.34706419706345,0.7371665445963541,,,,
train_episode,436350,110.51365929841995,0.7381545003255209,,,,
train_episode,436500,110.38271862268448,0.7373850504557292,,,,
train_episode,436650,110.80291503667831,0.7402655029296875,,,,
train_episode,436800,111.07862079143524,0.7420579020182292,,,,
train_episode,436950,110.5601578950882,0.7386004638671875,,,,
train_episode,437100,110.19749718904495,0.7362009684244791,,,,
train_episode,437250,110.01159435510635,0.735008544921875,,,,
train_episode,437400,110.81393206119537,0.7402032470703125,,,,
train_episode,437550,110.86285173892975,0.7406154378255209,,,,
train_episode,437700,111.37253594398499,0.74401123046875,,,,
train_episode,437850,110.68563574552536,0.7394529215494792,,,,
train_episode,438000,111.04384124279022,0.7418015543619791,,,,
eval,438000,,,,,114.7473958333333,0.76648046875
train_episode,438150,111.19642955064774,1.5114937337239582,,,,
train_episode,438300,111.82578271627426,0.7470145670572916,,,,
train_episode,438450,111.48655951023102,0.744766845703125,,,,
train_episode,438600,111.6266964673996,0.745711669921875,,,,
train_episode,438750,111.34183514118195,0.7438832600911458,,,,
train_episode,438900,111.63761180639267,0.7457627360026041,,,,
train_episode,439050,111.51536822319031,0.7448651123046875,,,,
train_episode,439200,111.46926659345627,0.7446579996744792,,,,
train_episode,439350,112.21860527992249,0.749774169921875,,,,
train_episode,439500,112.54177623987198,0.7518320719401042,,,,
train_episode,439650,112.64841490983963,0.7525579833984375,,,,
train_episode,439800,112.48682463169098,0.7515252685546875,,,,
train_episode,439950,112.90233117341995,0.7542376708984375,,,,
train_episode,440100,112.21623533964157,0.7496877034505208,,,,
train_episode,440250,112.52064788341522,0.7516719563802083,,,,
train_episode,440400,112.9172950387001,0.7543534342447916,,,,
train_episode,440550,113.47608190774918,0.7580348714192708,,,,
train_episode,440700,112.71238976716995,0.7530342610677083,,,,
train_episode,440850,113.41429376602173,0.7576202392578125,,,,
train_episode,441000,113.2282589673996,0.7565175374348958,,,,
train_episode,441150,112.79797077178955,0.7534944661458334,,,,
train_episode,441300,113.27326220273972,0.7567765299479167,,,,
train_episode,441450,112.52621239423752,0.7518070475260417,,,,
train_episode,441600,112.89759063720703,0.754306640625,,,,
train_episode,441750,113.11946392059326,0.7557393391927083,,,,
train_episode,441900,112.38310492038727,0.7508247884114584,,,,
train_episode,442050,112.60949438810349,0.7522572835286458,,,,
train_episode,442200,111.95953112840652,0.74808349609375,,,,
train_episode,442350,112.60292291641235,0.7522981770833334,,,,
train_episode,442500,113.65609496831894,0.7593855794270833,,,,
train_episode,442650,112.63188415765762,0.7524658203125,,,,
train_episode,442800,112.63915812969208,0.7525734456380209,,,,
train_episode,442950,113.96624547243118,0.7613382975260417,,,,
train_episode,443100,113.14977830648422,0.7559425862630208,,,,
train_episode,443250,112.62076598405838,0.7523822021484375,,,,
train_episode,443400,112.67048871517181,0.7527901204427083,,,,
train_episode,443550,112.77928459644318,0.75337646484375,,,,
train_episode,443700,111.12755113840103,0.7423262532552083,,,,
train_episode,443850,111.43708038330078,0.7444230143229167,,,,
train_episode,444000,110.69620543718338,0.7394659423828125,,,,
eval,444000,,,,,101.48352864583332,0.6775299479166667
train_episode,444150,108.85073590278625,1.4018501790364584,,,,
train_episode,444300,110.20478075742722,0.7362418619791666,,,,
train_episode,444450,109.85583299398422,0.7337266031901042,,,,
train_episode,444600,110.6996642947197,0.7394797770182292,,,,
train_episode,444750,112.6750260591507,0.7527980550130209,,,,
train_episode,444900,112.4737731218338,0.7513612874348958,,,,
train_episode,445050,112.05252832174301,0.7486116536458334,,,,
train_episode,445200,112.15976750850677,0.7492757161458333,,,,
train_episode,445350,112.1111119389534,0.7490458170572917,,,,
train_episode,445500,113.58842700719833,0.7589601643880208,,,,
train_episode,445650,113.50604009628296,0.7583734130859375,,,,
train_episode,445800,113.83812218904495,0.760614013671875,,,,
train_episode,445950,113.6657485961914,0.759510498046875,,,,
train_episode,446100,115.30001610517502,0.7703926595052083,,,,
train_episode,446250,115.67357188463211,0.7728885904947916,,,,
train_episode,446400,116.01026171445847,0.7751426188151042,,,,
train_episode,446550,115.24522662162781,0.7701053873697916,,,,
train_episode,446700,116.10928124189377,0.7757840983072917,,,,
train_episode,446850,115.05263024568558,0.7686983235677083,,,,
train_episode,447000,115.55531591176987,0.7721840413411458,,,,
train_episode,447150,115.97743487358093,0.7749831136067709,,,,
train_episode,447300,115.75596910715103,0.773489990234375,,,,
train_episode,447450,114.48009008169174,0.7649430338541666,,,,
train_episode,447600,115.98011046648026,0.775006103515625,,,,
train_episode,447750,116.12447899580002,0.7760205078125,,,,
train_episode,447900,116.06289392709732,0.7756103515625,,,,
train_episode,448050,116.49758648872375,0.7785085042317709,,,,
train_episode,448200,115.54551941156387,0.7720485432942709,,,,
train_episode,448350,116.44543206691742,0.7781528727213541,,,,
train_episode,448500,116.16879057884216,0.77630615234375,,,,
train_episode,448650,116.0176973938942,0.775233154296875,,,,
train_episode,448800,115.77190953493118,0.7736916097005209,,,,
train_episode,448950,116.16990906000137,0.7762017822265626,,,,
train_episode,449100,115.65567809343338,0.7728118896484375,,,,
train_episode,449250,116.69155609607697,0.7796720377604167,,,,
train_episode,449400,116.32645523548126,0.7771822102864583,,,,
train_episode,449550,116.77633410692215,0.7802815755208333,,,,
train_episode,449700,115.49657982587814,0.7717777506510417,,,,
train_episode,449850,116.51168584823608,0.77851318359375,,,,
train_episode,450000,116.73655980825424,0.7800417073567708,,,,
eval,450000,,,,,91.56249999999996,0.6111666666666666
train_episode,450150,117.00819718837738,1.3710748291015624,,,,
train_episode,450300,115.80303728580475,0.7737982177734375,,,,
train_episode,450450,116.5045040845871,0.7785426839192708,,,,
train_episode,450600,116.04269134998322,0.7755208333333333,,,,
train_episode,450750,116.84457170963287,0.7808056640625,,,,
train_episode,450900,117.00587773323059,0.7818967692057291,,,,
train_episode,451050,117.33837616443634,0.7841741943359375,,,,
train_episode,451200,117.87297374010086,0.7876678466796875,,,,
train_episode,451350,117.56951642036438,0.7855979410807291,,,,
train_episode,451500,117.03115659952164,0.782132568359375,,,,
train_episode,451650,116.97424119710922,0.7816951497395833,,,,
train_episode,451800,116.80875372886658,0.7804722086588541,,,,
train_episode,451950,115.90686786174774,0.7745576985677083,,,,
train_episode,452100,115.64336878061295,0.7727480061848958,,,,
train_episode,452250,116.50111651420593,0.7784647623697917,,,,
train_episode,452400,116.03008770942688,0.7753240966796875,,,,
train_episode,452550,116.97847282886505,0.7816628011067709,,,,
train_episode,452700,116.55311846733093,0.7788800048828125,,,,
train_episode,452850,117.41943109035492,0.78466796875,,,,
train_episode,453000,116.26795130968094,0.7769504801432292,,,,
train_episode,453150,116.56221270561218,0.7789040120442708,,,,
train_episode,453300,117.61953514814377,0.7859305826822917,,,,
train_episode,453450,117.44249200820923,0.7847568766276042,,,,
train_episode,453600,116.43784320354462,0.7781075032552084,,,,
train_episode,453750,117.5439835190773,0.7854754638671875,,,,
train_episode,453900,116.70187175273895,0.7798801676432292,,,,
train_episode,454050,117.71416014432907,0.7865901692708334,,,,
train_episode,454200,116.27544939517975,0.777060546875,,,,
train_episode,454350,116.89946216344833,0.7812721761067708,,,,
train_episode,454500,117.65092766284943,0.7861639404296875,,,,
train_episode,454650,118.2873004078865,0.79047119140625,,,,
train_episode,454800,116.43580877780914,0.7780950927734375,,,,
train_episode,454950,116.79301714897156,0.7804913330078125,,,,
train_episode,455100,117.15197503566742,0.7829872639973958,,,,
train_episode,455250,118.53230541944504,0.7920408121744792,,,,
train_episode,455400,118.72435283660889,0.7933363850911458,,,,
train_episode,455550,117.32018810510635,0.7840030924479167,,,,
train_episode,455700,116.94715094566345,0.7814497884114583,,,,
train_episode,455850,117.3009724020958,0.7838128662109375,,,,
train_episode,456000,117.42444616556168,0.7845967610677084,,,,
eval,456000,,,,,52.566536458333324,0.3492434895833333
train_episode,456150,117.3224156498909,1.120648193359375,,,,
train_episode,456300,117.19814831018448,0.7831974283854166,,,,
train_episode,456450,118.03806346654892,0.7887969970703125,,,,
train_episode,456600,117.96117919683456,0.7883131917317708,,,,
train_episode,456750,117.55476641654968,0.7856357828776042,,,,
train_episode,456900,117.22829961776733,0.7833740234375,,,,
train_episode,457050,117.59452068805695,0.7858046468098958,,,,
train_episode,457200,118.31972986459732,0.7907155354817709,,,,
train_episode,457350,118.46151524782181,0.7915985107421875,,,,
train_episode,457500,118.40944182872772,0.7912717692057292,,,,
train_episode,457650,118.36086767911911,0.7909967041015625,,,,
train_episode,457800,119.42462980747223,0.7981382242838542,,,,
train_episode,457950,119.05383092164993,0.7956549072265625,,,,
train_episode,458100,119.57385045289993,0.7991448974609375,,,,
train_episode,458250,119.86200761795044,0.8009676106770833,,,,
train_episode,458400,119.00880682468414,0.7953403727213542,,,,
train_episode,458550,119.11578154563904,0.7959466552734376,,,,
train_episode,458700,119.43944072723389,0.7982668050130208,,,,
train_episode,458850,119.88431537151337,0.8011678059895834,,,,
train_episode,459000,118.81164330244064,0.7940277099609375,,,,
train_episode,459150,119.7415953874588,0.8002046712239583,,,,
train_episode,459300,119.5534235239029,0.7990883382161459,,,,
train_episode,459450,119.78423845767975,0.8004559326171875,,,,
train_episode,459600,119.7211788892746,0.8000954182942709,,,,
train_episode,459750,119.6196158528328,0.7993695068359375,,,,
train_episode,459900,119.32440966367722,0.7974106852213542,,,,
train_episode,460050,118.41655230522156,0.7913706461588542,,,,
train_episode,460200,119.11303472518921,0.7959132893880209,,,,
train_episode,460350,118.4342629313469,0.7913810221354166,,,,
train_episode,460500,119.15583086013794,0.7962990315755208,,,,
train_episode,460650,117.89396905899048,0.787830810546875,,,,
train_episode,460800,118.28559148311615,0.7904246012369792,,,,
train_episode,460950,118.40533208847046,0.7912074788411458,,,,
train_episode,461100,118.21994769573212,0.7899161783854166,,,,
train_episode,461250,118.35255765914917,0.7908982340494791,,,,
train_episode,461400,119.23696690797806,0.7967112223307292,,,,
train_episode,461550,119.96046721935272,0.8017299397786458,,,,
train_episode,461700,119.88836431503296,0.8011802164713542,,,,
train_episode,461850,119.50484013557434,0.7986470540364583,,,,
train_episode,462000,119.48361986875534,0.7985036214192708,,,,
eval,462000,,,,,50.65540364583334,0.33596744791666666
train_episode,462150,120.29254877567291,1.1199365234375,,,,
train_episode,462300,121.12941265106201,0.809478759765625,,,,
train_episode,462450,119.07582366466522,0.7957792154947917,,,,
train_episode,462600,120.23473858833313,0.8035036214192708,,,,
train_episode,462750,119.53539824485779,0.7987931315104166,,,,
train_episode,462900,120.63209837675095,0.8062139892578125,,,,
train_episode,463050,120.6224952340126,0.806044921875,,,,
train_episode,463200,120.3908462524414,0.804510498046875,,,,
train_episode,463350,119.28637450933456,0.7971356201171875,,,,
train_episode,463500,119.46303111314774,0.7983109537760417,,,,
train_episode,463650,119.74541020393372,0.8001788330078125,,,,
train_episode,463800,118.35000413656235,0.7908152262369792,,,,
train_episode,463950,118.86100059747696,0.7942460123697916,,,,
train_episode,464100,118.6011535525322,0.7925374348958333,,,,
train_episode,464250,119.12682896852493,0.7960125732421875,,,,
train_episode,464400,118.83556896448135,0.7941035970052084,,,,
train_episode,464550,119.34650540351868,0.7974798583984375,,,,
train_episode,464700,120.09846794605255,0.8025386555989583,,,,
train_episode,464850,119.45352029800415,0.7981587727864583,,,,
train_episode,465000,119.12424510717392,0.7959844970703125,,,,
train_episode,465150,119.60117411613464,0.79924560546875,,,,
train_episode,465300,119.10940355062485,0.7959645589192709,,,,
train_episode,465450,119.3531368970871,0.7975356038411459,,,,
train_episode,465600,120.08003532886505,0.8024822998046875,,,,
train_episode,465750,120.1005430817604,0.8025439453125,,,,
train_episode,465900,119.33960765600204,0.79752685546875,,,,
train_episode,466050,120.07274174690247,0.8024058024088542,,,,
train_episode,466200,119.74546086788177,0.800252685546875,,,,
train_episode,466350,120.2987447977066,0.8039849853515625,,,,
train_episode,466500,119.87198686599731,0.8010921223958334,,,,
train_episode,466650,120.56937432289124,0.8058164469401041,,,,
train_episode,466800,119.20451664924622,0.7966147867838541,,,,
train_episode,466950,119.57947546243668,0.799234619140625,,,,
train_episode,467100,119.26545000076294,0.7970865885416667,,,,
train_episode,467250,119.50821727514267,0.798682861328125,,,,
train_episode,467400,118.79420757293701,0.7938616943359375,,,,
train_episode,467550,118.54755383729935,0.7922886149088542,,,,
train_episode,467700,118.54971051216125,0.7922530110677083,,,,
train_episode,467850,118.63822144269943,0.7927945963541667,,,,
train_episode,468000,118.21513640880585,0.7900966389973958,,,,
eval,468000,,,,,78.85305989583333,0.52636328125
train_episode,468150,118.56575328111649,1.2645438639322917,,,,
train_episode,468300,117.7553995847702,0.7869643147786458,,,,
train_episode,468450,118.82746148109436,0.7941341145833334,,,,
train_episode,468600,118.46099627017975,0.7916495768229167,,,,
train_episode,468750,117.9904248714447,0.7884912109375,,,,
train_episode,468900,119.44669365882874,0.7982607014973958,,,,
train_episode,469050,118.89077532291412,0.7945664469401041,,,,
train_episode,469200,119.59216064214706,0.7992598470052084,,,,
train_episode,469350,119.43599247932434,0.7982293701171875,,,,
train_episode,469500,118.9864177107811,0.7951094563802084,,,,
train_episode,469650,118.79831749200821,0.7939070638020833,,,,
train_episode,469800,118.4034908413887,0.7912353515625,,,,
train_episode,469950,118.4556251168251,0.79156494140625,,,,
train_episode,470100,118.91594213247299,0.7946449788411458,,,,
train_episode,470250,118.90473198890686,0.7946811930338542,,,,
train_episode,470400,119.99613189697266,0.8020029703776042,,,,
train_episode,470550,119.98911362886429,0.8018863932291667,,,,
train_episode,470700,119.12475335597992,0.7961525472005209,,,,
train_episode,470850,120.26924419403076,0.8037284342447917,,,,
train_episode,471000,118.77723950147629,0.7937705485026042,,,,
train_episode,471150,119.00053679943085,0.7952659098307292,,,,
train_episode,471300,120.62733787298203,0.8062009684244792,,,,
train_episode,471450,120.57899749279022,0.8059560139973958,,,,
train_episode,471600,121.10271972417831,0.8093719482421875,,,,
train_episode,471750,120.09678900241852,0.8026652018229167,,,,
train_episode,471900,120.72941863536835,0.8069057210286459,,,,
train_episode,472050,119.92343938350677,0.8014487711588542,,,,
train_episode,472200,120.90841466188431,0.8080222574869792,,,,
train_episode,472350,119.71041655540466,0.8001003011067709,,,,
train_episode,472500,120.83117479085922,0.807530517578125,,,,
train_episode,472650,120.83667749166489,0.8076186116536458,,,,
train_episode,472800,120.66650134325027,0.806510009765625,,,,
train_episode,472950,120.80933421850204,0.8074302164713542,,,,
train_episode,473100,120.39378625154495,0.8046061197916666,,,,
train_episode,473250,120.2388487458229,0.8036678059895833,,,,
train_episode,473400,120.08374851942062,0.8025581868489583,,,,
train_episode,473550,120.35004436969757,0.8043100992838542,,,,
train_episode,473700,120.48142260313034,0.8052140299479167,,,,
train_episode,473850,120.42699998617172,0.8048647054036459,,,,
train_episode,474000,119.97773987054825,0.8018210856119792,,,,
eval,474000,,,,,35.41933593749999,0.23395182291666666
train_episode,474150,120.53096294403076,0.9969063313802083,,,,
train_episode,474300,119.80913078784943,0.80064208984375,,,,
train_episode,474450,118.48649871349335,0.7918389892578125,,,,
train_episode,474600,118.59862017631531,0.7926167805989583,,,,
train_episode,474750,118.45582884550095,0.7915867106119792,,,,
train_episode,474900,117.99091339111328,0.788492431640625,,,,
train_episode,475050,117.72222703695297,0.7867759195963542,,,,
train_episode,475200,119.26859283447266,0.7971112060546875,,,,
train_episode,475350,117.86048120260239,0.787698974609375,,,,
train_episode,475500,116.97443413734436,0.7817624918619792,,,,
train_episode,475650,118.47653990983963,0.791705322265625,,,,
train_episode,475800,117.43374466896057,0.78483642578125,,,,
train_episode,475950,117.4595719575882,0.7849641927083333,,,,
train_episode,476100,116.98257219791412,0.7818233235677083,,,,
train_episode,476250,119.12291246652603,0.7961016845703125,,,,
train_episode,476400,119.23347735404968,0.7969203694661459,,,,
train_episode,476550,118.10714501142502,0.7894140625,,,,
train_episode,476700,118.2118508219719,0.7899664306640625,,,,
train_episode,476850,118.00690507888794,0.7886466471354167,,,,
train_episode,477000,117.57421672344208,0.7857098388671875,,,,
train_episode,477150,117.56060576438904,0.7857071940104167,,,,
train_episode,477300,117.53753352165222,0.785540771484375,,,,
train_episode,477450,117.96572637557983,0.7884263102213541,,,,
train_episode,477600,118.61221075057983,0.7926934814453125,,,,
train_episode,477750,119.07332116365433,0.7958241780598958,,,,
train_episode,477900,117.43642973899841,0.78486572265625,,,,
train_episode,478050,118.18465954065323,0.7898697916666667,,,,
train_episode,478200,118.49538999795914,0.7919224039713542,,,,
train_episode,478350,118.0557536482811,0.7890618896484375,,,,
train_episode,478500,118.71095514297485,0.7933870442708333,,,,
train_episode,478650,117.72732347249985,0.78679443359375,,,,
train_episode,478800,117.52788066864014,0.7854463704427084,,,,
train_episode,478950,117.38108080625534,0.7844722493489583,,,,
train_episode,479100,116.82226359844208,0.7806648763020834,,,,
train_episode,479250,115.82990312576294,0.7740006510416667,,,,
train_episode,479400,117.37087798118591,0.7842649332682292,,,,
train_episode,479550,117.80710572004318,0.7872300211588542,,,,
train_episode,479700,116.92957365512848,0.7813751220703125,,,,
train_episode,479850,116.42411059141159,0.7779311116536458,,,,
train_episode,480000,116.68588018417358,0.7797137451171875,,,,
eval,480000,,,,,38.10110677083333,0.25212760416666663
train_episode,480150,116.05853044986725,1.0236533610026042,,,,
train_episode,480300,116.10938280820847,0.7758058675130208,,,,
train_episode,480450,115.95163768529892,0.774781494140625,,,,
train_episode,480600,116.33646446466446,0.7773883056640625,,,,
train_episode,480750,114.97365117073059,0.7682395426432291,,,,
train_episode,480900,115.38669610023499,0.7709944661458333,,,,
train_episode,481050,116.30976182222366,0.7771195475260416,,,,
train_episode,481200,116.69053912162781,0.7797202555338542,,,,
train_episode,481350,115.9323605298996,0.7745542399088542,,,,
train_episode,481500,115.18978708982468,0.7697025553385417,,,,
train_episode,481650,116.27255076169968,0.7769024658203125,,,,
train_episode,481800,117.49253123998642,0.7850474039713542,,,,
train_episode,481950,118.41104871034622,0.7912546793619791,,,,
train_episode,482100,117.42946112155914,0.7846116129557291,,,,
train_episode,482250,116.40324640274048,0.777806396484375,,,,
train_episode,482400,116.54665893316269,0.7788755289713541,,,,
train_episode,482550,116.63387876749039,0.77928955078125,,,,
train_episode,482700,116.586281478405,0.7790852864583333,,,,
train_episode,482850,116.86816209554672,0.7808158365885417,,,,
train_episode,483000,116.32020825147629,0.7771647135416667,,,,
train_episode,483150,116.82865196466446,0.7806634521484375,,,,
train_episode,483300,115.80145055055618,0.773681640625,,,,
train_episode,483450,115.69928777217865,0.7729754638671875,,,,
train_episode,483600,115.50857335329056,0.7716546630859376,,,,
train_episode,483750,115.19425278902054,0.7695633951822917,,,,
train_episode,483900,113.84599632024765,0.7605659993489583,,,,
train_episode,484050,113.34157085418701,0.7570676676432292,,,,
train_episode,484200,113.4640583395958,0.7579604085286459,,,,
train_episode,484350,112.33051389455795,0.7504709879557292,,,,
train_episode,484500,111.82955729961395,0.7469114176432292,,,,
train_episode,484650,111.91519969701767,0.7475795491536459,,,,
train_episode,484800,112.82266014814377,0.7536702473958333,,,,
train_episode,484950,114.02007901668549,0.76174560546875,,,,
train_episode,485100,112.94864702224731,0.7545900472005208,,,,
train_episode,485250,114.20457816123962,0.7629231770833333,,,,
train_episode,485400,113.06785905361176,0.7552992757161459,,,,
train_episode,485550,114.05995488166809,0.7619767252604167,,,,
train_episode,485700,114.61485606431961,0.76569091796875,,,,
train_episode,485850,116.43488365411758,0.778001708984375,,,,
train_episode,486000,115.58804106712341,0.7723024495442709,,,,
eval,486000,,,,,35.39440104166666,0.2336341145833333
train_episode,486150,116.50491124391556,1.0282478841145832,,,,
train_episode,486300,115.25303936004639,0.7700059000651042,,,,
train_episode,486450,114.13087749481201,0.7625490315755208,,,,
train_episode,486600,114.50572526454926,0.7649210611979167,,,,
train_episode,486750,113.84976017475128,0.7606172688802083,,,,
train_episode,486900,114.44691783189774,0.764605712890625,,,,
train_episode,487050,114.15437656641006,0.7626173909505208,,,,
train_episode,487200,113.78777813911438,0.7601680501302084,,,,
train_episode,487350,113.97579765319824,0.761456298828125,,,,
train_episode,487500,114.2508733868599,0.7632358805338542,,,,
train_episode,487650,114.1547423005104,0.76261962890625,,,,
train_episode,487800,114.58935362100601,0.7655295817057292,,,,
train_episode,487950,114.7981448173523,0.7669417317708334,,,,
train_episode,488100,113.96797502040863,0.7612959798177084,,,,
train_episode,488250,113.27813524007797,0.7566896565755208,,,,
train_episode,488400,113.87400150299072,0.7606813557942709,,,,
train_episode,488550,114.81508183479309,0.76698974609375,,,,
train_episode,488700,114.94728392362595,0.7678955078125,,,,
train_episode,488850,114.01669138669968,0.761640625,,,,
train_episode,489000,115.11516159772873,0.7690159098307292,,,,
train_episode,489150,115.64741832017899,0.77252197265625,,,,
train_episode,489300,115.57441014051437,0.7721482340494792,,,,
train_episode,489450,115.36202853918076,0.7707454427083333,,,,
train_episode,489600,114.79556149244308,0.7668900553385417,,,,
train_episode,489750,115.68910539150238,0.7729317220052083,,,,
train_episode,489900,114.93255412578583,0.7677992757161458,,,,
train_episode,490050,115.01804375648499,0.7683994547526042,,,,
train_episode,490200,115.04382169246674,0.7686769612630209,,,,
train_episode,490350,114.79159379005432,0.7668770345052084,,,,
train_episode,490500,115.06919127702713,0.7688033040364584,,,,
train_episode,490650,114.45298057794571,0.76467529296875,,,,
train_episode,490800,115.04310917854309,0.7685555013020834,,,,
train_episode,490950,114.54216301441193,0.7651725260416666,,,,
train_episode,491100,115.15754020214081,0.7693729654947916,,,,
train_episode,491250,114.36050200462341,0.7640456136067708,,,,
train_episode,491400,114.51814615726471,0.7650870768229167,,,,
train_episode,491550,116.05506217479706,0.7753271484375,,,,
train_episode,491700,114.22875815629959,0.7631270345052084,,,,
train_episode,491850,114.37111222743988,0.7640779622395834,,,,
train_episode,492000,113.14439737796783,0.7558506266276042,,,,
eval,492000,,,,,62.55410156250001,0.4151341145833333
train_episode,492150,113.03429961204529,1.179430948893229,,,,
train_episode,492300,113.49774956703186,0.758121337890625,,,,
train_episode,492450,114.13286137580872,0.7624265543619791,,,,
train_episode,492600,113.7650535106659,0.7600148518880209,,,,
train_episode,492750,112.93580949306488,0.7543949381510416,,,,
train_episode,492900,113.41899460554123,0.7576570638020833,,,,
train_episode,493050,113.40646135807037,0.7575480143229166,,,,
train_episode,493200,113.80100309848785,0.7602813720703125,,,,
train_episode,493350,113.35660648345947,0.7571966552734375,,,,
train_episode,493500,113.42013329267502,0.7577048746744791,,,,
train_episode,493650,113.17583984136581,0.7560172526041666,,,,
train_episode,493800,113.40107029676437,0.75753173828125,,,,
train_episode,493950,112.9749231338501,0.7545733642578125,,,,
train_episode,494100,111.87402158975601,0.7473819986979167,,,,
train_episode,494250,113.04222393035889,0.7551824951171875,,,,
train_episode,494400,112.96861529350281,0.754736328125,,,,
train_episode,494550,114.30768644809723,0.7638112386067708,,,,
train_episode,494700,113.47214525938034,0.758104248046875,,,,
train_episode,494850,113.70845371484756,0.7596535237630209,,,,
train_episode,495000,114.22724211215973,0.7631740315755209,,,,
train_episode,495150,113.47557407617569,0.7580596923828125,,,,
train_episode,495300,114.29064762592316,0.7635890706380208,,,,
train_episode,495450,114.10718613862991,0.76244873046875,,,,
train_episode,495600,113.82237535715103,0.7604097493489583,,,,
train_episode,495750,113.71675461530685,0.7597432454427083,,,,
train_episode,495900,113.21625578403473,0.7563326009114584,,,,
train_episode,496050,113.62155002355576,0.75902587890625,,,,
train_episode,496200,113.75933730602264,0.7599395751953125,,,,
train_episode,496350,112.93218767642975,0.7543874104817708,,,,
train_episode,496500,112.50322276353836,0.7515702311197917,,,,
train_episode,496650,111.67566752433777,0.7459018961588542,,,,
train_episode,496800,110.60811167955399,0.7387563069661458,,,,
train_episode,496950,109.97249096632004,0.7344978841145834,,,,
train_episode,497100,110.99310171604156,0.7413411458333333,,,,
train_episode,497250,109.62223100662231,0.7322013346354167,,,,
train_episode,497400,110.49979448318481,0.7380950927734375,,,,
train_episode,497550,109.44041734933853,0.7308282470703125,,,,
train_episode,497700,111.0073327422142,0.741527099609375,,,,
train_episode,497850,111.37499833106995,0.7438979085286458,,,,
train_episode,498000,110.72939866781235,0.7395530192057291,,,,
eval,498000,,,,,57.03548177083333,0.37999479166666666
train_episode,498150,111.35687053203583,1.13197998046875,,,,
train_episode,498300,111.31276279687881,0.7435760498046875,,,,
train_episode,498450,113.04326230287552,0.7551572672526041,,,,
train_episode,498600,113.06245696544647,0.7552899169921875,,,,
train_episode,498750,112.09654521942139,0.7487831624348958,,,,
train_episode,498900,109.8587121963501,0.7337312825520833,,,,
train_episode,499050,111.9638956785202,0.7478513590494792,,,,
train_episode,499200,110.57798057794571,0.7385624186197917,,,,
train_episode,499350,110.80514371395111,0.7400555419921875,,,,
train_episode,499500,110.7557458281517,0.7396754964192709,,,,
train_episode,499650,108.88917911052704,0.7271162923177084,,,,
train_episode,499800,110.19831168651581,0.7359281412760417,,,,
train_episode,499950,108.74130076169968,0.7261287434895833,,,,
train_episode,500100,110.68015402555466,0.7392917887369792,,,,
train_episode,500250,110.70052945613861,0.7393280029296875,,,,
train_episode,500400,109.83972978591919,0.7335703531901042,,,,
train_episode,500550,109.73375278711319,0.7328678385416667,,,,
train_episode,500700,109.04975253343582,0.7283481852213541,,,,
train_episode,500850,108.52144193649292,0.7247172037760417,,,,
train_episode,501000,109.09387069940567,0.7286293538411458,,,,
train_episode,501150,109.98035508394241,0.7346120198567708,,,,
train_episode,501300,110.17852610349655,0.7357769775390625,,,,
train_episode,501450,111.65303426980972,0.7458709716796875,,,,
train_episode,501600,112.39252525568008,0.7507417805989584,,,,
train_episode,501750,111.57415568828583,0.7452272542317708,,,,
train_episode,501900,113.18754887580872,0.7560994466145833,,,,
train_episode,502050,113.46301060914993,0.7579020182291667,,,,
train_episode,502200,112.57122629880905,0.7520265706380208,,,,
train_episode,502350,113.824511885643,0.760347900390625,,,,
train_episode,502500,113.977588057518,0.7613568115234375,,,,
train_episode,502650,113.13913762569427,0.7557948811848958,,,,
train_episode,502800,113.38846665620804,0.7574953206380208,,,,
train_episode,502950,113.22985714673996,0.756400146484375,,,,
train_episode,503100,115.11939340829849,0.7691347249348959,,,,
train_episode,503250,113.8618556857109,0.7606768798828125,,,,
train_episode,503400,115.07660752534866,0.7688362630208333,,,,
train_episode,503550,115.15896451473236,0.7694217936197917,,,,
train_episode,503700,114.41670572757721,0.7643715413411458,,,,
train_episode,503850,113.87731683254242,0.7608011881510417,,,,
train_episode,504000,115.4307541847229,0.7711258951822917,,,,
eval,504000,,,,,47.184505208333334,0.31257682291666666
train_episode,504150,114.92722380161285,1.0971040852864584,,,,
train_episode,504300,113.97208458185196,0.7615006510416666,,,,
train_episode,504450,114.67253440618515,0.7661505126953125,,,,
train_episode,504600,113.71207469701767,0.7596449788411458,,,,
train_episode,504750,112.50186985731125,0.7515218098958333,,,,
train_episode,504900,112.83430850505829,0.7536478678385417,,,,
train_episode,505050,112.80220353603363,0.7534440104166666,,,,
train_episode,505200,112.95977658033371,0.7545013427734375,,,,
train_episode,505350,111.66222989559174,0.7458351643880209,,,,
train_episode,505500,111.44067257642746,0.7442730712890625,,,,
train_episode,505650,110.49731302261353,0.7379278564453124,,,,
train_episode,505800,109.9487795829773,0.7343011474609376,,,,
train_episode,505950,110.66067403554916,0.73905517578125,,,,
train_episode,506100,111.02219462394714,0.7414792887369792,,,,
train_episode,506250,110.71829104423523,0.7394301350911459,,,,
train_episode,506400,110.75501376390457,0.739708251953125,,,,
train_episode,506550,110.71031564474106,0.7394490559895833,,,,
train_episode,506700,110.53372073173523,0.7382017008463542,,,,
train_episode,506850,110.31795120239258,0.7367720540364583,,,,
train_episode,507000,110.52436226606369,0.7381252034505208,,,,
train_episode,507150,110.46745693683624,0.7378167724609375,,,,
train_episode,507300,111.28513395786285,0.7433677164713541,,,,
train_episode,507450,110.73734402656555,0.7396352132161458,,,,
train_episode,507600,110.05084085464478,0.7350535074869792,,,,
train_episode,507750,111.39492607116699,0.7439823404947916,,,,
train_episode,507900,110.55296671390533,0.7384857177734375,,,,
train_episode,508050,111.32748341560364,0.7435927327473958,,,,
train_episode,508200,110.83687168359756,0.7403080240885417,,,,
train_episode,508350,111.86334073543549,0.7472446695963542,,,,
train_episode,508500,112.08024924993515,0.7487046305338542,,,,
train_episode,508650,111.38272857666016,0.7440435791015625,,,,
train_episode,508800,111.1564929485321,0.74254638671875,,,,
train_episode,508950,111.72386479377747,0.7463210042317708,,,,
train_episode,509100,111.77530735731125,0.7467496744791666,,,,
train_episode,509250,112.61413437128067,0.7522800699869792,,,,
train_episode,509400,112.31435942649841,0.7503249104817709,,,,
train_episode,509550,110.78132957220078,0.7399851481119791,,,,
train_episode,509700,112.08749151229858,0.7487327067057291,,,,
train_episode,509850,112.83977097272873,0.7538614908854167,,,,
train_episode,510000,112.00257205963135,0.7481288655598959,,,,
eval,510000,,,,,31.722916666666656,0.20894531249999998
train_episode,510150,111.68506789207458,0.9989247639973958,,,,
train_episode,510300,113.10426676273346,0.7555192057291666,,,,
train_episode,510450,111.87478446960449,0.7472776285807292,,,,
train_episode,510600,112.30658811330795,0.7502217610677083,,,,
train_episode,510750,112.49440360069275,0.7513918050130208,,,,
train_episode,510900,112.54500138759613,0.7517950439453125,,,,
train_episode,511050,113.19582957029343,0.7561948649088541,,,,
train_episode,511200,113.40326750278473,0.7575608317057292,,,,
train_episode,511350,112.32550871372223,0.7503194173177083,,,,
train_episode,511500,112.09650510549545,0.7488370768229167,,,,
train_episode,511650,112.13529312610626,0.74906982421875,,,,
train_episode,511800,113.64797848463058,0.7592047119140625,,,,
train_episode,511950,113.8642869591713,0.7606268310546875,,,,
train_episode,512100,112.73669290542603,0.7530277506510417,,,,
train_episode,512250,112.939970433712,0.7544826253255208,,,,
train_episode,512400,111.49045658111572,0.7447554524739584,,,,
train_episode,512550,111.92473179101944,0.7476173909505208,,,,
train_episode,512700,110.40759122371674,0.7375703938802083,,,,
train_episode,512850,109.73633700609207,0.7330244954427083,,,,
train_episode,513000,112.0053898692131,0.748175048828125,,,,
train_episode,513150,110.54814529418945,0.7385569254557292,,,,
train_episode,513300,112.91913759708405,0.7544419352213542,,,,
train_episode,513450,112.11085921525955,0.7490171305338542,,,,
train_episode,513600,111.53755515813828,0.7451564534505208,,,,
train_episode,513750,111.63502895832062,0.745743408203125,,,,
train_episode,513900,110.98276633024216,0.7414662679036458,,,,
train_episode,514050,113.17429435253143,0.75610595703125,,,,
train_episode,514200,112.35189694166183,0.7505861409505208,,,,
train_episode,514350,110.91142505407333,0.7409482828776042,,,,
train_episode,514500,110.63137620687485,0.7389919026692708,,,,
train_episode,514650,110.01510429382324,0.7348824055989583,,,,
train_episode,514800,110.50794285535812,0.73809814453125,,,,
train_episode,514950,108.13972771167755,0.7222117106119792,,,,
train_episode,515100,108.33573293685913,0.7235658772786459,,,,
train_episode,515250,109.28341537714005,0.7299527994791667,,,,
train_episode,515400,108.94567722082138,0.7276930745442708,,,,
train_episode,515550,110.41066324710846,0.7375174967447916,,,,
train_episode,515700,111.32567155361176,0.74370361328125,,,,
train_episode,515850,109.99495303630829,0.7347585042317708,,,,
train_episode,516000,110.94957327842712,0.7411161295572917,,,,
eval,516000,,,,,33.06497395833332,0.21784374999999997
train_episode,516150,110.83779716491699,0.9684602864583334,,,,
train_episode,516300,109.5639123916626,0.73179931640625,,,,
train_episode,516450,111.8801766037941,0.7473002115885417,,,,
train_episode,516600,110.81868344545364,0.7402386474609375,,,,
train_episode,516750,110.70334756374359,0.7394429524739583,,,,
train_episode,516900,110.39304506778717,0.7374102783203125,,,,
train_episode,517050,110.08610838651657,0.7353678385416667,,,,
train_episode,517200,111.16241300106049,0.7425691731770834,,,,
train_episode,517350,111.54117721319199,0.7450638834635417,,,,
train_episode,517500,111.57446151971817,0.7453013102213542,,,,
train_episode,517650,112.6783332824707,0.752681884765625,,,,
train_episode,517800,112.47222727537155,0.7512642415364583,,,,
train_episode,517950,113.6098821759224,0.7588370768229167,,,,
train_episode,518100,113.80767697095871,0.7602805582682292,,,,
train_episode,518250,113.93566715717316,0.7610898844401042,,,,
train_episode,518400,113.23177975416183,0.7564137776692709,,,,
train_episode,518550,111.73773038387299,0.7464070638020833,,,,
train_episode,518700,113.56241756677628,0.7586126708984375,,,,
train_episode,518850,111.76920419931412,0.7464994303385417,,,,
train_episode,519000,112.07838827371597,0.7486503092447917,,,,
train_episode,519150,111.78904062509537,0.7467543538411459,,,,
train_episode,519300,111.73615390062332,0.7463985188802084,,,,
train_episode,519450,111.55570310354233,0.7451202392578125,,,,
train_episode,519600,111.0745632648468,0.74195068359375,,,,
train_episode,519750,112.5232430100441,0.7516058349609375,,,,
train_episode,519900,112.43744790554047,0.7510959879557292,,,,
train_episode,520050,111.40710300207138,0.7441255696614584,,,,
train_episode,520200,111.85520297288895,0.7471107991536459,,,,
train_episode,520350,110.77831900119781,0.7399287923177084,,,,
train_episode,520500,110.4538254737854,0.737760009765625,,,,
train_episode,520650,110.89560890197754,0.7407065836588541,,,,
train_episode,520800,111.66866964101791,0.7458976236979167,,,,
train_episode,520950,111.58955752849579,0.7454182942708333,,,,
train_episode,521100,113.04548001289368,0.755177001953125,,,,
train_episode,521250,112.44293087720871,0.7511586507161458,,,,
train_episode,521400,113.59655618667603,0.7589292399088542,,,,
train_episode,521550,113.47847348451614,0.7581134033203125,,,,
train_episode,521700,113.70507681369781,0.759608154296875,,,,
train_episode,521850,114.04179722070694,0.76185302734375,,,,
train_episode,522000,113.8087248802185,0.7603236897786458,,,,
eval,522000,,,,,97.04596354166668,0.6478372395833333
train_episode,522150,113.50079226493835,1.4108673095703126,,,,
train_episode,522300,114.40211790800095,0.7642515055338541,,,,
train_episode,522450,112.88432621955872,0.7541463216145833,,,,
train_episode,522600,112.72377371788025,0.7530295817057292,,,,
train_episode,522750,113.70383578538895,0.7595090738932292,,,,
train_episode,522900,112.00144302845001,0.7481569417317708,,,,
train_episode,523050,113.58832651376724,0.7587257893880208,,,,
train_episode,523200,111.68095797300339,0.7459916178385416,,,,
train_episode,523350,113.04243832826614,0.755101318359375,,,,
train_episode,523500,112.42358231544495,0.7510262044270833,,,,
train_episode,523650,112.2863547205925,0.7499869791666667,,,,
train_episode,523800,112.34114402532578,0.750384521484375,,,,
train_episode,523950,112.15365451574326,0.7491497802734375,,,,
train_episode,524100,112.12224179506302,0.7489510091145833,,,,
train_episode,524250,111.90307456254959,0.7474619547526041,,,,
train_episode,524400,112.15844559669495,0.7492340087890625,,,,
train_episode,524550,111.92018473148346,0.7476082356770833,,,,
train_episode,524700,112.17272806167603,0.7492696126302083,,,,
train_episode,524850,112.18780279159546,0.7493648274739584,,,,
train_episode,525000,112.02793186903,0.7482090250651041,,,,
train_episode,525150,112.33664816617966,0.750372314453125,,,,
train_episode,525300,113.0686628818512,0.7552618408203124,,,,
train_episode,525450,112.08562046289444,0.7487534586588541,,,,
train_episode,525600,111.88870018720627,0.7473543294270834,,,,
train_episode,525750,111.68452835083008,0.7460430908203125,,,,
train_episode,525900,112.74017143249512,0.753104248046875,,,,
train_episode,526050,113.42941164970398,0.757646484375,,,,
train_episode,526200,113.18089669942856,0.7560152180989583,,,,
train_episode,526350,113.21038681268692,0.7562058512369791,,,,
train_episode,526500,112.11543619632721,0.748892822265625,,,,
train_episode,526650,112.36113321781158,0.7504947916666667,,,,
train_episode,526800,112.80758482217789,0.753538818359375,,,,
train_episode,526950,112.93860709667206,0.7544559733072916,,,,
train_episode,527100,114.43340879678726,0.764429931640625,,,,
train_episode,527250,112.64569967985153,0.7524434407552083,,,,
train_episode,527400,111.38091844320297,0.7439341227213542,,,,
train_episode,527550,111.81822580099106,0.7468526204427083,,,,
train_episode,527700,111.71922618150711,0.7462276204427083,,,,
train_episode,527850,113.15498703718185,0.7559212239583334,,,,
train_episode,528000,112.53866404294968,0.7517215983072917,,,,
eval,528000,,,,,50.80625000000001,0.3370130208333334
train_episode,528150,113.09311813116074,1.019078369140625,,,,
train_episode,528300,112.42008364200592,0.7509027099609376,,,,
train_episode,528450,112.61238473653793,0.7522560628255208,,,,
train_episode,528600,112.16911655664444,0.7493357340494792,,,,
train_episode,528750,112.22947025299072,0.7496917724609375,,,,
train_episode,528900,113.06006789207458,0.7552720133463542,,,,
train_episode,529050,112.36034989356995,0.7505086263020834,,,,
train_episode,529200,112.31905966997147,0.7502895100911459,,,,
train_episode,529350,111.64713382720947,0.745762939453125,,,,
train_episode,529500,111.22867721319199,0.7429182942708333,,,,
train_episode,529650,112.37357383966446,0.7505824788411458,,,,
train_episode,529800,111.67619705200195,0.7458974202473958,,,,
train_episode,529950,111.29939544200897,0.7433463541666666,,,,
train_episode,530100,111.69423234462738,0.7459552001953125,,,,
train_episode,530250,111.1691267490387,0.7425457763671875,,,,
train_episode,530400,110.30981236696243,0.736707763671875,,,,
train_episode,530550,110.27388346195221,0.7364874267578125,,,,
train_episode,530700,110.23893076181412,0.7363045247395833,,,,
train_episode,530850,111.5943591594696,0.7453548177083333,,,,
train_episode,531000,109.79309922456741,0.7331990559895833,,,,
train_episode,531150,109.3106672167778,0.7299959309895834,,,,
train_episode,531300,108.43660318851471,0.7241965738932291,,,,
train_episode,531450,108.89708292484283,0.727227783203125,,,,
train_episode,531600,109.30826669931412,0.7299729410807292,,,,
train_episode,531750,108.33322006464005,0.723389892578125,,,,
train_episode,531900,108.99705857038498,0.7278800455729166,,,,
train_episode,532050,108.33923190832138,0.7234779866536458,,,,
train_episode,532200,109.36795914173126,0.7303639729817708,,,,
train_episode,532350,108.70223873853683,0.72588623046875,,,,
train_episode,532500,109.05635404586792,0.7283042399088542,,,,
train_episode,532650,108.76329362392426,0.7263262939453125,,,,
train_episode,532800,108.57499086856842,0.7251123046875,,,,
train_episode,532950,107.87190592288971,0.7203853352864583,,,,
train_episode,533100,109.39399015903473,0.7305108642578125,,,,
train_episode,533250,107.84885466098785,0.7202374267578125,,,,
train_episode,533400,107.99181932210922,0.7211905924479166,,,,
train_episode,533550,108.29656857252121,0.7231990559895833,,,,
train_episode,533700,107.9830921292305,0.7211614990234375,,,,
train_episode,533850,108.02441281080246,0.7214444986979167,,,,
train_episode,534000,108.35421586036682,0.7235479736328125,,,,
eval,534000,,,,,61.66562500000001,0.40955859375000003
train_episode,534150,108.17006200551987,1.060976765950521,,,,
train_episode,534300,108.16816020011902,0.7224839274088541,,,,
train_episode,534450,108.59435850381851,0.7251991780598959,,,,
train_episode,534600,107.45472031831741,0.7176357014973959,,,,
train_episode,534750,108.4146004319191,0.7239569091796875,,,,
train_episode,534900,107.92763125896454,0.7207448323567708,,,,
train_episode,535050,106.95958364009857,0.714237060546875,,,,
train_episode,535200,107.37817192077637,0.7170806884765625,,,,
train_episode,535350,107.87877237796783,0.7204262288411458,,,,
train_episode,535500,106.64991110563278,0.7122465006510417,,,,
train_episode,535650,106.22467935085297,0.7093599446614584,,,,
train_episode,535800,107.43078523874283,0.7174094645182292,,,,
train_episode,535950,106.65290176868439,0.7122369384765626,,,,
train_episode,536100,107.63765263557434,0.7189390055338541,,,,
train_episode,536250,108.18510812520981,0.7225174967447917,,,,
train_episode,536400,109.25626504421234,0.7297159830729166,,,,
train_episode,536550,109.23452568054199,0.729580078125,,,,
train_episode,536700,108.21895158290863,0.7226853434244792,,,,
train_episode,536850,107.90541392564774,0.7206951904296875,,,,
train_episode,537000,108.60939335823059,0.7253778076171875,,,,
train_episode,537150,108.37252676486969,0.7237856038411459,,,,
train_episode,537300,108.54033273458481,0.7249249267578125,,,,
train_episode,537450,107.68345975875854,0.7191839599609375,,,,
train_episode,537600,107.92529207468033,0.7207541910807291,,,,
train_episode,537750,107.88323789834976,0.72050537109375,,,,
train_episode,537900,107.97956144809723,0.7211728922526042,,,,
train_episode,538050,108.21426290273666,0.7227278645833334,,,,
train_episode,538200,108.95385575294495,0.7275384521484375,,,,
train_episode,538350,109.78816562891006,0.7332411702473959,,,,
train_episode,538500,108.96520817279816,0.7277659098307292,,,,
train_episode,538650,108.54072958230972,0.7249922688802083,,,,
train_episode,538800,109.33148056268692,0.7302565511067708,,,,
train_episode,538950,108.22554343938828,0.7227553304036458,,,,
train_episode,539100,108.59215158224106,0.7252895100911458,,,,
train_episode,539250,109.1390872001648,0.7289528401692709,,,,
train_episode,539400,110.34723776578903,0.737071533203125,,,,
train_episode,539550,110.06753355264664,0.7351641845703125,,,,
train_episode,539700,110.04059690237045,0.7350331624348958,,,,
train_episode,539850,109.35140860080719,0.7303204345703125,,,,
train_episode,540000,109.75507497787476,0.7330242919921875,,,,
eval,540000,,,,,93.22805989583334,0.6219453125
train_episode,540150,109.17621701955795,1.3949300130208333,,,,
train_episode,540300,108.86327999830246,0.7271036783854167,,,,
train_episode,540450,109.03609049320221,0.7281565348307292,,,,
train_episode,540600,109.11168259382248,0.728807373046875,,,,
train_episode,540750,109.3530662059784,0.7303739420572917,,,,
train_episode,540900,111.03305906057358,0.7416371663411458,,,,
train_episode,541050,109.71022301912308,0.732791748046875,,,,
train_episode,541200,111.24090427160263,0.7430135091145833,,,,
train_episode,541350,109.73512578010559,0.7330035400390625,,,,
train_episode,541500,111.68879091739655,0.7460223388671875,,,,
train_episode,541650,111.10443961620331,0.7421565755208334,,,,
train_episode,541800,110.40635079145432,0.7375199381510417,,,,
train_episode,541950,111.05565220117569,0.74179931640625,,,,
train_episode,542100,111.2625715136528,0.7432419840494792,,,,
train_episode,542250,110.96521878242493,0.7412717692057291,,,,
train_episode,542400,112.54117685556412,0.751864013671875,,,,
train_episode,542550,112.4886559844017,0.7514792887369791,,,,
train_episode,542700,112.56228446960449,0.7519411214192708,,,,
train_episode,542850,112.60697221755981,0.7523142496744791,,,,
train_episode,543000,113.25462681055069,0.7565694173177083,,,,
train_episode,543150,113.7468957901001,0.7598085530598958,,,,
train_episode,543300,113.22735381126404,0.75637451171875,,,,
train_episode,543450,113.15984904766083,0.7559322102864583,,,,
train_episode,543600,113.00312125682831,0.7549074300130209,,,,
train_episode,543750,114.29976212978363,0.7635697428385416,,,,
train_episode,543900,113.81170499324799,0.7602724202473958,,,,
train_episode,544050,113.42733663320541,0.7577327473958333,,,,
train_episode,544200,112.89396977424622,0.7541670735677083,,,,
train_episode,544350,113.47472989559174,0.7581561279296875,,,,
train_episode,544500,114.47482162714005,0.7648435465494792,,,,
train_episode,544650,113.61930149793625,0.7591501871744791,,,,
train_episode,544800,113.70128178596497,0.7596636962890625,,,,
train_episode,544950,112.86826372146606,0.7540559895833333,,,,
train_episode,545100,112.97317296266556,0.7546842447916666,,,,
train_episode,545250,113.46610337495804,0.7580108642578125,,,,
train_episode,545400,114.7998435497284,0.7669718424479167,,,,
train_episode,545550,112.98303085565567,0.7548268636067709,,,,
train_episode,545700,113.70108878612518,0.7596797688802084,,,,
train_episode,545850,114.06293570995331,0.7620308430989583,,,,
train_episode,546000,112.99551200866699,0.7549129231770834,,,,
eval,546000,,,,,89.82623697916664,0.5987942708333334
train_episode,546150,113.82646489143372,1.3437017822265624,,,,
train_episode,546300,113.60089898109436,0.75898681640625,,,,
train_episode,546450,114.13732707500458,0.7625581868489584,,,,
train_episode,546600,113.24981492757797,0.7566642252604167,,,,
train_episode,546750,113.32345390319824,0.7570760091145833,,,,
train_episode,546900,112.74377280473709,0.7532232666015625,,,,
train_episode,547050,113.51819688081741,0.7583526611328125,,,,
train_episode,547200,113.02197074890137,0.7550581868489583,,,,
train_episode,547350,113.66816031932831,0.7594557698567709,,,,
train_episode,547500,112.72229814529419,0.7530155436197916,,,,
train_episode,547650,112.72867637872696,0.7530916341145834,,,,
train_episode,547800,112.9833357334137,0.7548227945963542,,,,
train_episode,547950,113.00145238637924,0.7549228922526041,,,,
train_episode,548100,112.35534518957138,0.7505729166666667,,,,
train_episode,548250,112.12946391105652,0.7490327962239584,,,,
train_episode,548400,112.5325300693512,0.751737060546875,,,,
train_episode,548550,112.38950431346893,0.7508744303385416,,,,
train_episode,548700,111.83566147089005,0.7470965576171875,,,,
train_episode,548850,112.95514822006226,0.7545574951171875,,,,
train_episode,549000,112.56041312217712,0.752030029296875,,,,
train_episode,549150,112.02057749032974,0.7483158365885416,,,,
train_episode,549300,112.15010416507721,0.7492626953125,,,,
train_episode,549450,113.27504295110703,0.7567958577473959,,,,
train_episode,549600,112.71901196241379,0.7530324300130208,,,,
train_episode,549750,112.18083518743515,0.7494034830729167,,,,
train_episode,549900,112.27435058355331,0.7500205485026041,,,,
train_episode,550050,111.6584552526474,0.7459344482421875,,,,
train_episode,550200,113.18287974596024,0.7562089029947917,,,,
train_episode,550350,111.09134805202484,0.7420477294921874,,,,
train_episode,550500,112.50010979175568,0.7515618896484375,,,,
train_episode,550650,112.5818663239479,0.7521573893229166,,,,
train_episode,550800,113.09213072061539,0.7555698649088541,,,,
train_episode,550950,112.9296242594719,0.7544061279296875,,,,
train_episode,551100,112.5941453576088,0.752276611328125,,,,
train_episode,551250,112.34895664453506,0.7505576578776042,,,,
train_episode,551400,112.66636002063751,0.7527840169270833,,,,
train_episode,551550,113.12129479646683,0.7557572428385416,,,,
train_episode,551700,113.65167033672333,0.7593117268880208,,,,
train_episode,551850,113.10115426778793,0.75563720703125,,,,
train_episode,552000,113.00160521268845,0.7549698893229166,,,,
eval,552000,,,,,19.516796875,0.12700390625
train_episode,552150,114.07274156808853,0.9256976318359375,,,,
train_episode,552300,112.6747619509697,0.7527555338541667,,,,
train_episode,552450,113.41959375143051,0.7576776123046876,,,,
train_episode,552600,111.40023601055145,0.744171142578125,,,,
train_episode,552750,111.5647365450859,0.7452734375,,,,
train_episode,552900,111.4681077003479,0.7445701090494792,,,,
train_episode,553050,113.13845628499985,0.7557779947916666,,,,
train_episode,553200,112.38002330064774,0.7506681315104167,,,,
train_episode,553350,112.22609275579453,0.7497064208984375,,,,
train_episode,553500,111.4035215973854,0.7441239420572917,,,,
train_episode,553650,111.0903297662735,0.7420965576171875,,,,
train_episode,553800,112.29413598775864,0.7501609293619792,,,,
train_episode,553950,111.68832242488861,0.7460894775390625,,,,
train_episode,554100,111.89456951618195,0.7474582926432292,,,,
train_episode,554250,111.0739113688469,0.7419415283203125,,,,
train_episode,554400,112.64239293336868,0.7524820963541666,,,,
train_episode,554550,111.48669266700745,0.7448101806640625,,,,
train_episode,554700,112.3309001326561,0.7504713948567708,,,,
train_episode,554850,112.52045434713364,0.751693115234375,,,,
train_episode,555000,112.26419860124588,0.7500636800130208,,,,
train_episode,555150,112.56115525960922,0.7519573974609375,,,,
train_episode,555300,112.42758011817932,0.7510666910807292,,,,
train_episode,555450,113.08799040317535,0.7555436197916666,,,,
train_episode,555600,112.07511246204376,0.7487259928385417,,,,
train_episode,555750,112.96902221441269,0.7547218831380208,,,,
train_episode,555900,112.25681334733963,0.7499886067708333,,,,
train_episode,556050,112.19126164913177,0.7494529215494792,,,,
train_episode,556200,111.68065172433853,0.7460321044921875,,,,
train_episode,556350,111.93917638063431,0.7477852376302083,,,,
train_episode,556500,111.00846183300018,0.7415122477213542,,,,
train_episode,556650,111.34530472755432,0.7437237548828125,,,,
train_episode,556800,111.4374064207077,0.7444270833333333,,,,
train_episode,556950,110.2123891711235,0.7362089029947917,,,,
train_episode,557100,111.37125474214554,0.7440142822265625,,,,
train_episode,557250,110.2079348564148,0.7361435953776042,,,,
train_episode,557400,110.81548863649368,0.7401841227213541,,,,
train_episode,557550,111.03582578897476,0.7417289225260416,,,,
train_episode,557700,110.19771152734756,0.7359832763671875,,,,
train_episode,557850,110.0326721072197,0.7349424235026042,,,,
train_episode,558000,110.8419879078865,0.7403214518229166,,,,
eval,558000,,,,,14.764257812500006,0.09508984374999999
train_episode,558150,110.20018261671066,0.8209932454427084,,,,
train_episode,558300,110.3960040807724,0.7373610432942709,,,,
train_episode,558450,109.46166759729385,0.7311124674479167,,,,
train_episode,558600,109.03273296356201,0.7281656901041667,,,,
train_episode,558750,108.1232179403305,0.7221006266276042,,,,
train_episode,558900,108.0603015422821,0.7216481526692708,,,,
train_episode,559050,108.01889842748642,0.7213905843098959,,,,
train_episode,559200,107.59874272346497,0.718594970703125,,,,
train_episode,559350,108.99679356813431,0.7279121907552083,,,,
train_episode,559500,108.56487828493118,0.7250893147786458,,,,
train_episode,559650,107.50219506025314,0.7179469807942709,,,,
train_episode,559800,107.40731632709503,0.7173443603515625,,,,
train_episode,559950,107.30780810117722,0.7166766357421875,,,,
train_episode,560100,107.32831573486328,0.71679931640625,,,,
train_episode,560250,107.2455524802208,0.7162931315104166,,,,
train_episode,560400,108.447782933712,0.7243448893229166,,,,
train_episode,560550,107.48476982116699,0.7178883870442708,,,,
train_episode,560700,108.15363383293152,0.7222774251302083,,,,
train_episode,560850,106.3208292722702,0.7100187174479167,,,,
train_episode,561000,109.00603079795837,0.72801513671875,,,,
train_episode,561150,108.18863767385483,0.7226080322265624,,,,
train_episode,561300,109.4062072634697,0.7307393391927083,,,,
train_episode,561450,107.43827146291733,0.7175705973307291,,,,
train_episode,561600,107.5006285905838,0.7179730224609375,,,,
train_episode,561750,107.92850542068481,0.7208984375,,,,
train_episode,561900,107.62285155057907,0.7187748209635416,,,,
train_episode,562050,107.08453226089478,0.7152508544921875,,,,
train_episode,562200,108.64849662780762,0.725665283203125,,,,
train_episode,562350,108.74965214729309,0.7263321940104167,,,,
train_episode,562500,108.27597862482071,0.723155517578125,,,,
train_episode,562650,109.7302936911583,0.7330076090494791,,,,
train_episode,562800,109.86322838068008,0.7338975016276041,,,,
train_episode,562950,109.77593779563904,0.7332798258463542,,,,
train_episode,563100,109.00878709554672,0.7280926513671875,,,,
train_episode,563250,108.23108702898026,0.7228763834635417,,,,
train_episode,563400,109.21314263343811,0.7294417317708334,,,,
train_episode,563550,109.27072954177856,0.7299066162109376,,,,
train_episode,563700,109.92268711328506,0.734259033203125,,,,
train_episode,563850,109.87576133012772,0.7339162190755208,,,,
train_episode,564000,109.26025176048279,0.7297678629557292,,,,
eval,564000,,,,,16.883984375000004,0.10933072916666667
train_episode,564150,109.20688652992249,0.8296042887369791,,,,
train_episode,564300,108.53233641386032,0.724869384765625,,,,
train_episode,564450,109.3482136130333,0.7303177897135417,,,,
train_episode,564600,108.88845598697662,0.7273236083984375,,,,
train_episode,564750,109.64187425374985,0.7322841389973959,,,,
train_episode,564900,109.86212927103043,0.7338627115885417,,,,
train_episode,565050,110.56737065315247,0.7385371907552083,,,,
train_episode,565200,110.38179314136505,0.7373095703125,,,,
train_episode,565350,109.69904351234436,0.732862548828125,,,,
train_episode,565500,109.86486625671387,0.7338897705078125,,,,
train_episode,565650,110.55335289239883,0.7385439046223958,,,,
train_episode,565800,110.51003789901733,0.7381463623046876,,,,
train_episode,565950,110.7347794175148,0.7397983805338542,,,,
train_episode,566100,110.46958166360855,0.7379280598958333,,,,
train_episode,566250,112.01535767316818,0.748262939453125,,,,
train_episode,566400,111.40633946657181,0.7443058268229167,,,,
train_episode,566550,112.09039145708084,0.7488808186848959,,,,
train_episode,566700,112.20611363649368,0.7496445719401041,,,,
train_episode,566850,112.20052880048752,0.7495969645182292,,,,
train_episode,567000,112.14368480443954,0.7492919921875,,,,
train_episode,567150,112.82017809152603,0.7536600748697917,,,,
train_episode,567300,112.61709415912628,0.752449951171875,,,,
train_episode,567450,111.60843634605408,0.745606689453125,,,,
train_episode,567600,112.94286960363388,0.7545194498697917,,,,
train_episode,567750,112.78562206029892,0.7535044352213541,,,,
train_episode,567900,112.64868950843811,0.7526116943359376,,,,
train_episode,568050,112.50082188844681,0.7515826416015625,,,,
train_episode,568200,112.86837577819824,0.7540437825520834,,,,
train_episode,568350,112.26170635223389,0.7500400797526041,,,,
train_episode,568500,112.44484269618988,0.75130859375,,,,
train_episode,568650,112.36463189125061,0.7506840006510417,,,,
train_episode,568800,112.53332275152206,0.7518410237630209,,,,
train_episode,568950,111.45739567279816,0.7445762125651042,,,,
train_episode,569100,111.62789714336395,0.7457781982421875,,,,
train_episode,569250,111.24049669504166,0.74304931640625,,,,
train_episode,569400,112.03615081310272,0.7484588623046875,,,,
train_episode,569550,111.06607872247696,0.74197021484375,,,,
train_episode,569700,110.69011187553406,0.7394413248697916,,,,
train_episode,569850,111.46614348888397,0.7446653238932291,,,,
train_episode,570000,111.95892089605331,0.7480415852864584,,,,
eval,570000,,,,,25.173307291666664,0.16471484374999998
train_episode,570150,112.35964781045914,0.9409136962890625,,,,
train_episode,570300,111.88524198532104,0.7474462890625,,,,
train_episode,570450,112.0095801949501,0.7482680257161458,,,,
train_episode,570600,113.19249260425568,0.7562483723958333,,,,
train_episode,570750,111.667356133461,0.7459783935546875,,,,
train_episode,570900,111.15115177631378,0.7425726318359375,,,,
train_episode,571050,111.77994561195374,0.7467118326822917,,,,
train_episode,571200,111.41948264837265,0.7443758138020833,,,,
train_episode,571350,111.93094730377197,0.7477500406901042,,,,
train_episode,571500,110.75002819299698,0.7398185221354167,,,,
train_episode,571650,111.48366105556488,0.7447440592447917,,,,
train_episode,571800,110.60988134145737,0.7389593505859375,,,,
train_episode,571950,110.83442974090576,0.7403623453776041,,,,
train_episode,572100,111.3714069724083,0.7439921061197917,,,,
train_episode,572250,110.23202329874039,0.7363210042317708,,,,
train_episode,572400,111.0681944489479,0.7419732666015625,,,,
train_episode,572550,110.38433575630188,0.7373750813802084,,,,
train_episode,572700,112.41214793920517,0.7509336344401042,,,,
train_episode,572850,111.84107208251953,0.7470916748046875,,,,
train_episode,573000,111.16967576742172,0.7426265462239583,,,,
train_episode,573150,110.16818982362747,0.7359322102864584,,,,
train_episode,573300,110.72383451461792,0.7395235188802083,,,,
train_episode,573450,110.2732726931572,0.7365761311848958,,,,
train_episode,573600,110.64736753702164,0.7391505940755209,,,,
train_episode,573750,110.8930447101593,0.740714111328125,,,,
train_episode,573900,110.50554239749908,0.7381203206380208,,,,
train_episode,574050,110.50954991579056,0.7382163492838542,,,,
train_episode,574200,110.0373615026474,0.7350653076171875,,,,
train_episode,574350,110.52190947532654,0.738211669921875,,,,
train_episode,574500,110.90628802776337,0.7408860270182291,,,,
train_episode,574650,110.77308982610703,0.7399863688151042,,,,
train_episode,574800,110.93542271852493,0.74101806640625,,,,
train_episode,574950,110.70447558164597,0.7395255533854167,,,,
train_episode,575100,110.73485106229782,0.7396402994791667,,,,
train_episode,575250,111.97513592243195,0.748023681640625,,,,
train_episode,575400,111.87916892766953,0.7473655192057291,,,,
train_episode,575550,111.45005011558533,0.7444785563151042,,,,
train_episode,575700,112.56231480836868,0.7519441731770833,,,,
train_episode,575850,112.1322203874588,0.7490875244140625,,,,
train_episode,576000,111.90967625379562,0.7475933837890625,,,,
eval,576000,,,,,17.651367187500007,0.11448958333333334
train_episode,576150,111.53758502006531,0.874102783203125,,,,
train_episode,576300,112.00961077213287,0.7481842041015625,,,,
train_episode,576450,111.96888017654419,0.7479960123697916,,,,
train_episode,576600,111.09827482700348,0.7422141520182292,,,,
train_episode,576750,111.87014603614807,0.7473004150390625,,,,
train_episode,576900,111.3764830827713,0.7440350341796875,,,,
train_episode,577050,110.38353329896927,0.7373451741536459,,,,
train_episode,577200,111.3720378279686,0.7438861083984375,,,,
train_episode,577350,111.33794993162155,0.7436704508463542,,,,
train_episode,577500,110.85910850763321,0.7404927571614583,,,,
train_episode,577650,110.86072599887848,0.7405234781901041,,,,
train_episode,577800,111.253049492836,0.7432061767578125,,,,
train_episode,577950,111.5797199010849,0.7453554280598959,,,,
train_episode,578100,112.22059971094131,0.7496844482421875,,,,
train_episode,578250,111.19710087776184,0.7429136149088542,,,,
train_episode,578400,112.03487956523895,0.748431396484375,,,,
train_episode,578550,112.17282915115356,0.7494183349609375,,,,
train_episode,578700,112.68839329481125,0.7528684488932291,,,,
train_episode,578850,111.1134722828865,0.7422456868489583,,,,
train_episode,579000,111.59477531909943,0.7455904134114584,,,,
train_episode,579150,111.81063616275787,0.7470188395182291,,,,
train_episode,579300,111.04867297410965,0.74187255859375,,,,
train_episode,579450,110.54362833499908,0.7384222412109375,,,,
train_episode,579600,110.55825644731522,0.7386092122395833,,,,
train_episode,579750,111.00418919324875,0.7415372721354166,,,,
train_episode,579900,111.42649185657501,0.7444399007161459,,,,
train_episode,580050,111.32828557491302,0.7437436930338541,,,,
train_episode,580200,109.83131748437881,0.7336818440755208,,,,
train_episode,580350,110.38539439439774,0.7373710123697916,,,,
train_episode,580500,110.07370805740356,0.7353059895833334,,,,
train_episode,580650,110.9533566236496,0.7411490885416666,,,,
train_episode,580800,111.47468829154968,0.7446392822265625,,,,
train_episode,580950,110.78590661287308,0.7400779215494792,,,,
train_episode,581100,111.55881530046463,0.7453086344401042,,,,
train_episode,581250,111.58713567256927,0.7453627522786458,,,,
train_episode,581400,112.42123234272003,0.7510506184895833,,,,
train_episode,581550,111.0636578798294,0.7419305419921876,,,,
train_episode,581700,109.96540141105652,0.7346665445963542,,,,
train_episode,581850,111.46909409761429,0.7446834309895833,,,,
train_episode,582000,111.49040520191193,0.7447989908854167,,,,
eval,582000,,,,,34.704817708333316,0.22870963541666667
train_episode,582150,110.92740714550018,0.9762074788411458,,,,
train_episode,582300,111.23709905147552,0.743055419921875,,,,
train_episode,582450,112.11110228300095,0.748924560546875,,,,
train_episode,582600,112.3373493552208,0.7505092366536459,,,,
train_episode,582750,112.89487558603287,0.7542628987630209,,,,
train_episode,582900,112.5132120847702,0.7517120361328125,,,,
train_episode,583050,112.67883116006851,0.7527878824869791,,,,
train_episode,583200,112.65569859743118,0.7526572672526042,,,,
train_episode,583350,113.21096557378769,0.7564345296223959,,,,
train_episode,583500,113.21516782045364,0.7564121500651042,,,,
train_episode,583650,112.93437510728836,0.7545701090494792,,,,
train_episode,583800,113.87313634157181,0.7608555094401042,,,,
train_episode,583950,113.37046104669571,0.757498779296875,,,,
train_episode,584100,113.64443778991699,0.7592537434895833,,,,
train_episode,584250,113.50927513837814,0.7583841959635417,,,,
train_episode,584400,113.74315148591995,0.7599595133463541,,,,
train_episode,584550,113.2083620429039,0.7564288330078125,,,,
train_episode,584700,113.28109550476074,0.7568436686197917,,,,
train_episode,584850,113.13730692863464,0.7559049479166666,,,,
train_episode,585000,113.12817174196243,0.7558750406901041,,,,
train_episode,585150,113.01378232240677,0.7550809733072916,,,,
train_episode,585300,113.73973399400711,0.75994384765625,,,,
train_episode,585450,112.9175796508789,0.754488525390625,,,,
train_episode,585600,113.41253501176834,0.7577077229817708,,,,
train_episode,585750,111.94017380475998,0.7479514567057292,,,,
train_episode,585900,113.34518218040466,0.757320556640625,,,,
train_episode,586050,112.83477538824081,0.7538826497395833,,,,
train_episode,586200,113.00431162118912,0.7550364176432292,,,,
train_episode,586350,114.37900650501251,0.7642386881510417,,,,
train_episode,586500,113.56936454772949,0.75876220703125,,,,
train_episode,586650,113.72390556335449,0.7597705078125,,,,
train_episode,586800,113.33774650096893,0.7572220865885416,,,,
train_episode,586950,114.010129570961,0.7617384847005209,,,,
train_episode,587100,114.20991832017899,0.7630775960286459,,,,
train_episode,587250,114.4283938407898,0.7646000162760417,,,,
train_episode,587400,114.81552922725677,0.7671748860677083,,,,
train_episode,587550,114.56264019012451,0.765501708984375,,,,
train_episode,587700,114.7860699892044,0.7669545491536458,,,,
train_episode,587850,114.45627653598785,0.7647715250651042,,,,
train_episode,588000,114.39797782897949,0.7643511962890625,,,,
eval,588000,,,,,28.617773437499988,0.18766796875
train_episode,588150,114.43380522727966,0.997119140625,,,,
train_episode,588300,114.1582824587822,0.7627164713541666,,,,
train_episode,588450,113.62117314338684,0.7591097005208334,,,,
train_episode,588600,114.38668686151505,0.7642281087239583,,,,
train_episode,588750,114.3445714712143,0.7640041097005208,,,,
train_episode,588900,114.88541531562805,0.7675453694661458,,,,
train_episode,589050,114.3436769247055,0.7639459228515625,,,,
train_episode,589200,114.60757237672806,0.765732421875,,,,
train_episode,589350,114.47215586900711,0.7648588053385417,,,,
train_episode,589500,114.23089462518692,0.7632246907552084,,,,
train_episode,589650,114.35543644428253,0.7640415445963542,,,,
train_episode,589800,114.12371635437012,0.7624466959635416,,,,
train_episode,589950,114.00789123773575,0.7617138671875,,,,
train_episode,590100,113.96118009090424,0.7613545735677083,,,,
train_episode,590250,113.90743899345398,0.761043701171875,,,,
train_episode,590400,113.38735741376877,0.7575382486979166,,,,
train_episode,590550,113.65328776836395,0.7593037923177083,,,,
train_episode,590700,114.23272556066513,0.7632167561848958,,,,
train_episode,590850,113.3463824391365,0.7573345947265625,,,,
train_episode,591000,113.66876024007797,0.7594144694010416,,,,
train_episode,591150,112.83628153800964,0.75381591796875,,,,
train_episode,591300,113.8950988650322,0.761002197265625,,,,
train_episode,591450,113.36409258842468,0.7574544270833333,,,,
train_episode,591600,113.54771745204926,0.7586572265625,,,,
train_episode,591750,114.10964739322662,0.7623915608723958,,,,
train_episode,591900,113.87389957904816,0.7609002685546875,,,,
train_episode,592050,113.55243730545044,0.7587443033854167,,,,
train_episode,592200,113.51030248403549,0.7583738199869792,,,,
train_episode,592350,113.93397772312164,0.761273193359375,,,,
train_episode,592500,113.91307365894318,0.7611116536458333,,,,
train_episode,592650,114.11709362268448,0.7624560546875,,,,
train_episode,592800,113.54185724258423,0.7586295572916667,,,,
train_episode,592950,113.46483170986176,0.7581288655598958,,,,
train_episode,593100,114.40210741758347,0.7644169108072917,,,,
train_episode,593250,113.57786846160889,0.7588604736328125,,,,
train_episode,593400,113.27382230758667,0.7568125406901042,,,,
train_episode,593550,112.86914879083633,0.75412353515625,,,,
train_episode,593700,113.03189891576767,0.7551837158203125,,,,
train_episode,593850,113.02973234653473,0.7552510579427083,,,,
train_episode,594000,113.4723082780838,0.7581844075520834,,,,
eval,594000,,,,,20.653971354166668,0.13424869791666666
train_episode,594150,113.85219097137451,0.8760182698567708,,,,
train_episode,594300,112.80832713842392,0.7538169352213542,,,,
train_episode,594450,113.30336278676987,0.7570414225260417,,,,
train_episode,594600,112.91424363851547,0.7543658447265625,,,,
train_episode,594750,113.05553007125854,0.7553369140625,,,,
train_episode,594900,113.19249260425568,0.7562188720703125,,,,
train_episode,595050,112.94360148906708,0.7545432535807292,,,,
train_episode,595200,111.89028733968735,0.7475079345703125,,,,
train_episode,595350,112.93149644136429,0.7544864908854166,,,,
train_episode,595500,113.4670798778534,0.7581258138020833,,,,
train_episode,595650,113.2570886015892,0.7566831461588541,,,,
train_episode,595800,113.88162052631378,0.7607659912109375,,,,
train_episode,595950,113.62041026353836,0.7591463216145833,,,,
train_episode,596100,113.48569524288177,0.75820556640625,,,,
train_episode,596250,113.00121867656708,0.7549534098307291,,,,
train_episode,596400,113.44017350673676,0.7579052734375,,,,
train_episode,596550,113.27897906303406,0.7568168131510417,,,,
train_episode,596700,113.36338090896606,0.7573811848958333,,,,
train_episode,596850,114.02869468927383,0.7618666585286459,,,,
train_episode,597000,114.8777237534523,0.7676118977864583,,,,
train_episode,597150,113.6703879237175,0.7594775390625,,,,
train_episode,597300,113.41473186016083,0.7577811686197916,,,,
train_episode,597450,113.5881530046463,0.7589308675130209,,,,
train_episode,597600,113.4206218123436,0.7578554280598958,,,,
train_episode,597750,113.3717628121376,0.757501220703125,,,,
train_episode,597900,112.59381932020187,0.7522292073567708,,,,
train_episode,598050,112.52503287792206,0.7517490641276041,,,,
train_episode,598200,112.0609512925148,0.7486545817057292,,,,
train_episode,598350,112.15830254554749,0.7493233235677084,,,,
train_episode,598500,113.02544969320297,0.7551263427734375,,,,
train_episode,598650,112.41008305549622,0.7509248860677084,,,,
train_episode,598800,113.42104917764664,0.757769775390625,,,,
train_episode,598950,113.27259093523026,0.7567867024739583,,,,
train_episode,599100,112.75041496753693,0.753216552734375,,,,
train_episode,599250,113.24415814876556,0.75658203125,,,,
train_episode,599400,112.33739030361176,0.7505574544270833,,,,
train_episode,599550,112.40006285905838,0.7509151204427084,,,,
train_episode,599700,111.98778086900711,0.7481966145833333,,,,
train_episode,599850,112.34364604949951,0.75057861328125,,,,
train_episode,600000,111.89231157302856,0.7475435384114584,,,,
eval,600000,,,,,19.87141927083334,0.12927213541666666
train_episode,600150,112.05149102210999,0.8363728841145833,,,,
train_episode,600300,112.40529149770737,0.7509468587239584,,,,
train_episode,600450,112.5761188864708,0.7520780436197917,,,,
train_episode,600600,112.44938951730728,0.7512581380208333,,,,
train_episode,600750,112.19526970386505,0.749532470703125,,,,
train_episode,600900,111.80695396661758,0.7469512939453125,,,,
train_episode,601050,112.34226262569427,0.7505731201171875,,,,
train_episode,601200,111.97169768810272,0.7480649820963542,,,,
train_episode,601350,112.10734885931015,0.749036865234375,,,,
train_episode,601500,111.73273533582687,0.7464656575520834,,,,
train_episode,601650,112.45222789049149,0.7512764485677084,,,,
train_episode,601800,112.0929644703865,0.7488450113932291,,,,
train_episode,601950,111.08730870485306,0.7421669514973959,,,,
train_episode,602100,112.01517522335052,0.7483046468098958,,,,
train_episode,602250,111.92208606004715,0.7476741536458333,,,,
train_episode,602400,111.54072856903076,0.7450919596354166,,,,
train_episode,602550,110.90344971418381,0.7408233642578125,,,,
train_episode,602700,110.68211668729782,0.7393766276041667,,,,
train_episode,602850,111.2832522392273,0.7434112548828125,,,,
train_episode,603000,110.82278251647949,0.7403145345052083,,,,
train_episode,603150,111.11374735832214,0.742220458984375,,,,
train_episode,603300,110.74718004465103,0.7397920735677084,,,,
train_episode,603450,111.2575256228447,0.7432076009114583,,,,
train_episode,603600,110.99341648817062,0.7414324951171875,,,,
train_episode,603750,110.73663133382797,0.7397896321614583,,,,
train_episode,603900,109.92907524108887,0.7343351236979166,,,,
train_episode,604050,110.69194358587265,0.7393414306640625,,,,
train_episode,604200,110.75540989637375,0.7398291015625,,,,
train_episode,604350,110.44096678495407,0.7377386474609375,,,,
train_episode,604500,110.9163190126419,0.7409218343098959,,,,
train_episode,604650,110.85429674386978,0.7405403645833334,,,,
train_episode,604800,111.14823216199875,0.7425327555338541,,,,
train_episode,604950,111.53142023086548,0.7450472005208333,,,,
train_episode,605100,110.8649269938469,0.7406142171223958,,,,
train_episode,605250,111.1061584353447,0.7422861735026042,,,,
train_episode,605400,110.9241310954094,0.7410272216796875,,,,
train_episode,605550,110.51347637176514,0.738262939453125,,,,
train_episode,605700,109.84127616882324,0.7337001546223958,,,,
train_episode,605850,110.55438005924225,0.7385316975911458,,,,
train_episode,606000,110.92936992645264,0.7410611979166667,,,,
eval,606000,,,,,16.727473958333338,0.10808203125
train_episode,606150,110.3184186220169,0.8412455240885417,,,,
train_episode,606300,109.4788698554039,0.7312790934244792,,,,
train_episode,606450,109.39763230085373,0.7307552083333333,,,,
train_episode,606600,109.40256553888321,0.7307883707682291,,,,
train_episode,606750,109.59394097328186,0.7320627848307292,,,,
train_episode,606900,109.78719854354858,0.7333563232421875,,,,
train_episode,607050,109.62214922904968,0.7322013346354167,,,,
train_episode,607200,109.18362206220627,0.7292777506510416,,,,
train_episode,607350,109.96350973844528,0.7345194498697917,,,,
train_episode,607500,109.91454875469208,0.7342513020833333,,,,
train_episode,607650,110.30086064338684,0.7368133544921875,,,,
train_episode,607800,110.4956848025322,0.7382623291015625,,,,
train_episode,607950,109.6366456747055,0.732332763671875,,,,
train_episode,608100,110.27682268619537,0.7366451009114583,,,,
train_episode,608250,110.64452922344208,0.7391005452473959,,,,
train_episode,608400,110.58260899782181,0.7386395263671875,,,,
train_episode,608550,110.13522177934647,0.7356876627604166,,,,
train_episode,608700,111.31646573543549,0.7436529541015625,,,,
train_episode,608850,111.1744059920311,0.7426802571614584,,,,
train_episode,609000,110.10075694322586,0.7354355875651042,,,,
train_episode,609150,110.57725894451141,0.7386387125651042,,,,
train_episode,609300,110.4738547205925,0.737984619140625,,,,
train_episode,609450,110.4362263083458,0.7377313232421875,,,,
train_episode,609600,110.4765499830246,0.7379793294270833,,,,
train_episode,609750,110.43012320995331,0.7378236897786459,,,,
train_episode,609900,110.68273711204529,0.7394521077473958,,,,
train_episode,610050,111.12885302305222,0.7424104817708334,,,,
train_episode,610200,110.74582701921463,0.7397334798177083,,,,
train_episode,610350,110.37125444412231,0.7373044840494791,,,,
train_episode,610500,110.66731590032578,0.7392513020833333,,,,
train_episode,610650,111.26388305425644,0.7432869466145834,,,,
train_episode,610800,109.17655211687088,0.7292433675130209,,,,
train_episode,610950,110.42072367668152,0.7376588948567708,,,,
train_episode,611100,111.73118925094604,0.746365966796875,,,,
train_episode,611250,109.77063816785812,0.7332619222005209,,,,
train_episode,611400,109.42680650949478,0.7309879557291666,,,,
train_episode,611550,109.30824553966522,0.7301922607421875,,,,
train_episode,611700,108.97895097732544,0.7279939778645833,,,,
train_episode,611850,110.05577397346497,0.7351995849609375,,,,
train_episode,612000,110.49128013849258,0.7381072998046875,,,,
eval,612000,,,,,23.047786458333327,0.15046744791666664
train_episode,612150,109.3844889998436,0.8716664632161458,,,,
train_episode,612300,110.29604882001877,0.7367808024088541,,,,
train_episode,612450,110.04255974292755,0.7351080322265625,,,,
train_episode,612600,110.28919267654419,0.7367576090494792,,,,
train_episode,612750,111.01159465312958,0.7415460205078125,,,,
train_episode,612900,109.97966307401657,0.7346122233072917,,,,
train_episode,613050,109.80359715223312,0.7334975179036458,,,,
train_episode,613200,109.61312705278397,0.7321608479817708,,,,
train_episode,613350,109.91783452033997,0.7342152913411458,,,,
train_episode,613500,108.3484987616539,0.7236944580078125,,,,
train_episode,613650,109.75316190719604,0.7330985514322916,,,,
train_episode,613800,109.35801994800568,0.7304144287109375,,,,
train_episode,613950,109.43730461597443,0.730985107421875,,,,
train_episode,614100,108.27218413352966,0.7231630452473958,,,,
train_episode,614250,108.45238023996353,0.7243343098958334,,,,
train_episode,614400,109.16455852985382,0.729173583984375,,,,
train_episode,614550,109.01389366388321,0.72803955078125,,,,
train_episode,614700,108.84568071365356,0.7269268798828125,,,,
train_episode,614850,109.13579112291336,0.72891845703125,,,,
train_episode,615000,108.21428245306015,0.7228277587890625,,,,
train_episode,615150,108.55474710464478,0.7249904378255209,,,,
train_episode,615300,108.71729385852814,0.72607421875,,,,
train_episode,615450,107.50167679786682,0.7180204264322917,,,,
train_episode,615600,107.4338766336441,0.7175626627604167,,,,
train_episode,615750,108.79415768384933,0.7266259765625,,,,
train_episode,615900,107.85255682468414,0.7204402669270833,,,,
train_episode,616050,108.053027510643,0.7217449951171875,,,,
train_episode,616200,108.27913248538971,0.7231282552083333,,,,
train_episode,616350,108.71124112606049,0.7261114501953125,,,,
train_episode,616500,108.31354600191116,0.7233888753255209,,,,
train_episode,616650,108.29513400793076,0.7233437093098959,,,,
train_episode,616800,108.3413473367691,0.7236635335286459,,,,
train_episode,616950,107.6267471909523,0.7189064534505208,,,,
train_episode,617100,107.93383592367172,0.720953369140625,,,,
train_episode,617250,108.22158622741699,0.7227591959635417,,,,
train_episode,617400,108.49123924970627,0.72462890625,,,,
train_episode,617550,108.84644371271133,0.7269549560546875,,,,
train_episode,617700,109.4975466132164,0.7313153076171875,,,,
train_episode,617850,108.94551384449005,0.7276888020833333,,,,
train_episode,618000,107.4881779551506,0.7179901123046875,,,,
eval,618000,,,,,22.12083333333333,0.1438671875
train_episode,618150,108.56768584251404,0.8762947591145833,,,,
train_episode,618300,106.98947948217392,0.714544677734375,,,,
train_episode,618450,108.16578948497772,0.7224082438151042,,,,
train_episode,618600,107.78361815214157,0.7198014322916667,,,,
train_episode,618750,107.03520566225052,0.7147967529296875,,,,
train_episode,618900,107.69875878095627,0.7192759195963542,,,,
train_episode,619050,108.74477988481522,0.7262650553385417,,,,
train_episode,619200,108.79946732521057,0.726683349609375,,,,
train_episode,619350,107.93183225393295,0.7208351643880209,,,,
train_episode,619500,107.4243751168251,0.7175321451822917,,,,
train_episode,619650,108.14015513658524,0.7222727457682292,,,,
train_episode,619800,109.11749076843262,0.7287736002604167,,,,
train_episode,619950,107.89448863267899,0.7206475830078125,,,,
train_episode,620100,107.54352623224258,0.7182328287760417,,,,
train_episode,620250,107.26657968759537,0.7163975016276042,,,,
train_episode,620400,107.65701180696487,0.71898681640625,,,,
train_episode,620550,108.25170719623566,0.7230131022135416,,,,
train_episode,620700,108.06242734193802,0.7217258707682291,,,,
train_episode,620850,108.07490915060043,0.7217840576171874,,,,
train_episode,621000,108.54157370328903,0.7248681640625,,,,
train_episode,621150,107.95948058366776,0.7210235595703125,,,,
train_episode,621300,109.04322189092636,0.7282830810546875,,,,
train_episode,621450,107.72820889949799,0.7194488525390625,,,,
train_episode,621600,109.05380070209503,0.7284110514322917,,,,
train_episode,621750,109.10490763187408,0.72864501953125,,,,
train_episode,621900,108.13895517587662,0.7221909586588542,,,,
train_episode,622050,107.46845364570618,0.7176885986328125,,,,
train_episode,622200,108.75928527116776,0.7263112386067708,,,,
train_episode,622350,108.72245061397552,0.726099853515625,,,,
train_episode,622500,109.76827794313431,0.7331003824869792,,,,
train_episode,622650,109.61385893821716,0.7320766194661459,,,,
train_episode,622800,109.96399718523026,0.7344600423177083,,,,
train_episode,622950,110.42711234092712,0.7375282796223959,,,,
train_episode,623100,109.52820688486099,0.7315651448567708,,,,
train_episode,623250,109.85862082242966,0.7337451171875,,,,
train_episode,623400,109.43632799386978,0.7309513346354166,,,,
train_episode,623550,109.77041453123093,0.7332130940755208,,,,
train_episode,623700,110.0922726392746,0.7353678385416667,,,,
train_episode,623850,109.99337548017502,0.734698486328125,,,,
train_episode,624000,109.12718504667282,0.7288588460286458,,,,
eval,624000,,,,,43.67532552083334,0.28865625
train_episode,624150,109.76580607891083,0.999471435546875,,,,
train_episode,624300,109.56572246551514,0.7318131510416667,,,,
train_episode,624450,110.12923955917358,0.7355617268880208,,,,
train_episode,624600,109.62721586227417,0.7322310384114583,,,,
train_episode,624750,109.91103929281235,0.7341141764322917,,,,
train_episode,624900,110.47645926475525,0.7378273518880208,,,,
train_episode,625050,109.84439933300018,0.7336741129557292,,,,
train_episode,625200,109.97255229949951,0.73453369140625,,,,
train_episode,625350,109.8239928483963,0.733521728515625,,,,
train_episode,625500,110.05631285905838,0.7350038655598958,,,,
train_episode,625650,110.49466758966446,0.7380706787109375,,,,
train_episode,625800,110.55576413869858,0.7383982340494791,,,,
train_episode,625950,110.94556528329849,0.7410186767578125,,,,
train_episode,626100,110.16278946399689,0.7358233642578125,,,,
train_episode,626250,109.72457736730576,0.7327915445963542,,,,
train_episode,626400,110.01143270730972,0.7347845458984374,,,,
train_episode,626550,109.73764908313751,0.7329555257161459,,,,
train_episode,626700,109.44224923849106,0.7309372965494791,,,,
train_episode,626850,109.16133451461792,0.7291233317057292,,,,
train_episode,627000,109.983029961586,0.7345570882161458,,,,
train_episode,627150,109.33064579963684,0.7302366129557292,,,,
train_episode,627300,109.46940958499908,0.7310664876302083,,,,
train_episode,627450,109.06526499986649,0.7284138997395834,,,,
train_episode,627600,109.83516246080399,0.7336301676432292,,,,
train_episode,627750,109.85584318637848,0.7337410481770833,,,,
train_episode,627900,108.94254404306412,0.7276711018880209,,,,
train_episode,628050,109.91862815618515,0.734180908203125,,,,
train_episode,628200,109.61111235618591,0.7321085611979167,,,,
train_episode,628350,109.27076989412308,0.7298052978515625,,,,
train_episode,628500,110.01387375593185,0.7348447672526042,,,,
train_episode,628650,109.1011335849762,0.7287139892578125,,,,
train_episode,628800,110.62283158302307,0.7388468424479167,,,,
train_episode,628950,109.69087529182434,0.7326772054036458,,,,
train_episode,629100,108.49270433187485,0.7246394856770834,,,,
train_episode,629250,109.09997397661209,0.7286912027994792,,,,
train_episode,629400,108.6080510020256,0.725404052734375,,,,
train_episode,629550,109.15832370519638,0.7290675862630208,,,,
train_episode,629700,109.05543798208237,0.7283642578125,,,,
train_episode,629850,109.47185111045837,0.7311519368489583,,,,
train_episode,630000,109.43343979120255,0.730989990234375,,,,
eval,630000,,,,,49.109830729166674,0.32517447916666664
train_episode,630150,109.1417829990387,1.07614990234375,,,,
train_episode,630300,109.67320573329926,0.7325343831380209,,,,
train_episode,630450,109.6749552488327,0.732574462890625,,,,
train_episode,630600,110.16613566875458,0.7358970133463542,,,,
train_episode,630750,110.31567192077637,0.7368888346354167,,,,
train_episode,630900,109.80563127994537,0.7335270182291667,,,,
train_episode,631050,110.32031095027924,0.7369441731770834,,,,
train_episode,631200,110.13543474674225,0.7358062744140625,,,,
train_episode,631350,109.91845494508743,0.7342830403645834,,,,
train_episode,631500,111.57142907381058,0.7453171793619792,,,,
train_episode,631650,111.33904892206192,0.7437394205729166,,,,
train_episode,631800,110.02175730466843,0.7349660237630208,,,,
train_episode,631950,112.27852195501328,0.7501682535807291,,,,
train_episode,632100,112.05360740423203,0.7485658772786459,,,,
train_episode,632250,112.12810117006302,0.7491453043619791,,,,
train_episode,632400,112.60849857330322,0.7523118082682292,,,,
train_episode,632550,113.429024040699,0.75783935546875,,,,
train_episode,632700,112.44020408391953,0.7511539713541666,,,,
train_episode,632850,113.59457123279572,0.7588706461588541,,,,
train_episode,633000,113.21200376749039,0.7564023844401042,,,,
train_episode,633150,111.8679176568985,0.7472784423828125,,,,
train_episode,633300,112.62547600269318,0.7524245198567708,,,,
train_episode,633450,113.09682041406631,0.7555531819661458,,,,
train_episode,633600,112.82307755947113,0.7537508138020833,,,,
train_episode,633750,112.59178477525711,0.7521531168619792,,,,
train_episode,633900,113.63452988862991,0.7592124430338542,,,,
train_episode,634050,113.43798649311066,0.757852783203125,,,,
train_episode,634200,113.07302701473236,0.7554172770182291,,,,
train_episode,634350,112.78281486034393,0.7534067789713542,,,,
train_episode,634500,112.63374710083008,0.7524729410807292,,,,
train_episode,634650,111.72162693738937,0.7463623046875,,,,
train_episode,634800,112.79789012670517,0.7535799153645834,,,,
train_episode,634950,112.94187241792679,0.75455810546875,,,,
train_episode,635100,114.15666544437408,0.7627469889322916,,,,
train_episode,635250,112.85537499189377,0.7539988199869792,,,,
train_episode,635400,113.14490574598312,0.7558933512369792,,,,
train_episode,635550,113.14256584644318,0.7559181722005208,,,,
train_episode,635700,112.99865555763245,0.7549849446614584,,,,
train_episode,635850,113.18199467658997,0.7561222330729167,,,,
train_episode,636000,112.64563816785812,0.7525801595052083,,,,
eval,636000,,,,,56.1228515625,0.37206640625
train_episode,636150,113.21332639455795,1.1263704427083334,,,,
train_episode,636300,113.30290549993515,0.7569846598307292,,,,
train_episode,636450,113.28103405237198,0.7569272867838541,,,,
train_episode,636600,112.9672120809555,0.7547206624348959,,,,
train_episode,636750,111.80158287286758,0.7469142659505208,,,,
train_episode,636900,112.40556651353836,0.7510430908203125,,,,
train_episode,637050,111.80309879779816,0.7468990071614583,,,,
train_episode,637200,111.69677579402924,0.7462534586588542,,,,
train_episode,637350,112.32871305942535,0.7504807535807292,,,,
train_episode,637500,111.89809983968735,0.7475447591145833,,,,
train_episode,637650,111.81083977222443,0.7469834391276041,,,,
train_episode,637800,112.87933188676834,0.75417236328125,,,,
train_episode,637950,112.0896584391594,0.7488944498697917,,,,
train_episode,638100,111.54082024097443,0.7451676432291666,,,,
train_episode,638250,111.75448417663574,0.7466263834635417,,,,
train_episode,638400,111.80215275287628,0.7468939208984375,,,,
train_episode,638550,111.8569723367691,0.7473394775390625,,,,
train_episode,638700,111.5439538359642,0.745172119140625,,,,
train_episode,638850,111.32753306627274,0.74376953125,,,,
train_episode,639000,111.9402546286583,0.7478599039713542,,,,
train_episode,639150,110.7387780547142,0.73982177734375,,,,
train_episode,639300,111.09865099191666,0.7421641031901042,,,,
train_episode,639450,110.34762364625931,0.737239990234375,,,,
train_episode,639600,110.08963817358017,0.7353706868489583,,,,
train_episode,639750,110.15080547332764,0.7358964029947916,,,,
train_episode,639900,110.83831590414047,0.740399169921875,,,,
train_episode,640050,109.78560173511505,0.7333430989583334,,,,
train_episode,640200,109.03163427114487,0.7282940673828125,,,,
train_episode,640350,109.73150432109833,0.7330369059244791,,,,
train_episode,640500,108.97156584262848,0.727891845703125,,,,
train_episode,640650,108.98708909749985,0.7280238850911458,,,,
train_episode,640800,108.92726415395737,0.7276485188802083,,,,
train_episode,640950,107.7728961110115,0.7199257405598959,,,,
train_episode,641100,109.08669781684875,0.7287412516276042,,,,
train_episode,641250,108.86254644393921,0.7271523030598959,,,,
train_episode,641400,108.18239116668701,0.722650146484375,,,,
train_episode,641550,108.17764097452164,0.7225748697916666,,,,
train_episode,641700,108.30181658267975,0.7235068766276042,,,,
train_episode,641850,107.07066661119461,0.7151507568359375,,,,
train_episode,642000,108.31338280439377,0.7234755452473959,,,,
eval,642000,,,,,40.21933593750001,0.26487630208333335
train_episode,642150,108.66670560836792,1.0292781575520833,,,,
train_episode,642300,109.43421214818954,0.73098388671875,,,,
train_episode,642450,109.31974130868912,0.7302537027994792,,,,
train_episode,642600,109.46295976638794,0.7312556966145833,,,,
train_episode,642750,108.81999492645264,0.7268782552083334,,,,
train_episode,642900,108.66959422826767,0.7259330240885417,,,,
train_episode,643050,107.9251276254654,0.7208321126302083,,,,
train_episode,643200,108.55961883068085,0.7251344807942708,,,,
train_episode,643350,108.49814665317535,0.7247843424479167,,,,
train_episode,643500,108.92650145292282,0.7276450602213541,,,,
train_episode,643650,108.61671739816666,0.7255851236979166,,,,
train_episode,643800,109.15154802799225,0.7291135660807292,,,,
train_episode,643950,108.46927708387375,0.7244980875651041,,,,
train_episode,644100,108.94979631900787,0.7277585856119791,,,,
train_episode,644250,107.74835979938507,0.7197275797526042,,,,
train_episode,644400,108.46815764904022,0.7244769287109375,,,,
train_episode,644550,108.46602189540863,0.7244478352864583,,,,
train_episode,644700,108.48790317773819,0.7245369466145833,,,,
train_episode,644850,108.6427691578865,0.7257328287760416,,,,
train_episode,645000,108.75106632709503,0.7263706461588542,,,,
train_episode,645150,107.89722406864166,0.7206760660807292,,,,
train_episode,645300,108.71101653575897,0.7261869303385416,,,,
train_episode,645450,108.26069927215576,0.7231077067057292,,,,
train_episode,645600,108.73846232891083,0.7263608805338542,,,,
train_episode,645750,108.96749687194824,0.7279054768880209,,,,
train_episode,645900,108.00493144989014,0.72137939453125,,,,
train_episode,646050,108.67589122056961,0.7259332275390625,,,,
train_episode,646200,109.89923924207687,0.7340928141276042,,,,
train_episode,646350,110.39723473787308,0.737513427734375,,,,
train_episode,646500,109.5064063668251,0.731510009765625,,,,
train_episode,646650,110.2337526679039,0.7364097086588541,,,,
train_episode,646800,110.62701207399368,0.7390189615885416,,,,
train_episode,646950,110.09229350090027,0.7355161539713542,,,,
train_episode,647100,110.5844094157219,0.7387093098958334,,,,
train_episode,647250,109.90331828594208,0.7342120361328125,,,,
train_episode,647400,109.7219631075859,0.73294189453125,,,,
train_episode,647550,109.46331560611725,0.7312422688802084,,,,
train_episode,647700,111.09252744913101,0.7421712239583333,,,,
train_episode,647850,110.70391619205475,0.7396280924479167,,,,
train_episode,648000,111.4461857676506,0.744583740234375,,,,
eval,648000,,,,,38.804036458333336,0.2560390625
train_episode,648150,112.14939177036285,0.9682399495442708,,,,
train_episode,648300,112.07693308591843,0.7487567138671875,,,,
train_episode,648450,111.90795689821243,0.7476841227213542,,,,
train_episode,648600,112.5305764079094,0.751829833984375,,,,
train_episode,648750,112.15902578830719,0.7493666585286458,,,,
train_episode,648900,112.9261046051979,0.7544927978515625,,,,
train_episode,649050,111.36952525377274,0.743984375,,,,
train_episode,649200,111.68054002523422,0.7462064615885416,,,,
train_episode,649350,112.17103922367096,0.7494329833984374,,,,
train_episode,649500,112.94062095880508,0.7545265706380209,,,,
train_episode,649650,113.23700761795044,0.7565785725911458,,,,
train_episode,649800,113.54031181335449,0.7586594645182292,,,,
train_episode,649950,113.14800870418549,0.7559450276692709,,,,
train_episode,650100,112.93428373336792,0.754532470703125,,,,
train_episode,650250,113.08197796344757,0.7555025227864584,,,,
train_episode,650400,112.89881145954132,0.7542795817057292,,,,
train_episode,650550,113.63991117477417,0.7592360432942709,,,,
train_episode,650700,112.49689477682114,0.751607666015625,,,,
train_episode,650850,112.98221611976624,0.7548152669270833,,,,
train_episode,651000,113.18994981050491,0.7562007649739584,,,,
train_episode,651150,113.28432011604309,0.7569004313151042,,,,
train_episode,651300,112.89171147346497,0.7542905680338542,,,,
train_episode,651450,112.05770695209503,0.74869873046875,,,,
train_episode,651600,111.15016484260559,0.7425811767578125,,,,
train_episode,651750,111.81493932008743,0.7469789632161459,,,,
train_episode,651900,111.85741949081421,0.7473199462890625,,,,
train_episode,652050,110.80843913555145,0.7402237955729166,,,,
train_episode,652200,109.8405334353447,0.733763427734375,,,,
train_episode,652350,110.06372791528702,0.7352431233723958,,,,
train_episode,652500,110.37376755475998,0.7373465983072917,,,,
train_episode,652650,110.93881011009216,0.7411606852213541,,,,
train_episode,652800,110.32363706827164,0.736966552734375,,,,
train_episode,652950,109.31445056200027,0.730216064453125,,,,
train_episode,653100,109.42019462585449,0.7308516438802083,,,,
train_episode,653250,109.44381481409073,0.7310776774088542,,,,
train_episode,653400,109.35182452201843,0.73047119140625,,,,
train_episode,653550,109.22895109653473,0.7296457926432292,,,,
train_episode,653700,108.46053862571716,0.7244921875,,,,
train_episode,653850,109.49498307704926,0.7314762369791666,,,,
train_episode,654000,110.04013872146606,0.7350813802083334,,,,
eval,654000,,,,,24.874739583333326,0.16322786458333333
train_episode,654150,109.30471581220627,0.9034598795572917,,,,
train_episode,654300,109.35905730724335,0.7305348714192709,,,,
train_episode,654450,109.21398687362671,0.7295281982421875,,,,
train_episode,654600,109.71217608451843,0.7328257242838542,,,,
train_episode,654750,109.3180524110794,0.7302968343098958,,,,
train_episode,654900,111.18522882461548,0.7426991780598958,,,,
train_episode,655050,109.9520856142044,0.7344980875651042,,,,
train_episode,655200,108.63089776039124,0.725616455078125,,,,
train_episode,655350,109.94606298208237,0.734443359375,,,,
train_episode,655500,110.84129601716995,0.7404036458333333,,,,
train_episode,655650,109.63977819681168,0.73233642578125,,,,
train_episode,655800,109.96378403902054,0.73451904296875,,,,
train_episode,655950,108.74388468265533,0.7262738037109375,,,,
train_episode,656100,107.98722165822983,0.7212603759765625,,,,
train_episode,656250,109.12224125862122,0.728912353515625,,,,
train_episode,656400,109.28098326921463,0.7299552408854166,,,,
train_episode,656550,108.21710008382797,0.7228653971354166,,,,
train_episode,656700,108.51446342468262,0.72482421875,,,,
train_episode,656850,108.34535527229309,0.7236810302734376,,,,
train_episode,657000,107.95546233654022,0.7210611979166667,,,,
train_episode,657150,108.59000432491302,0.72532958984375,,,,
train_episode,657300,108.04571342468262,0.7216373697916667,,,,
train_episode,657450,107.4417296051979,0.7176066080729167,,,,
train_episode,657600,107.89927953481674,0.7207515462239583,,,,
train_episode,657750,108.91561681032181,0.7275750732421875,,,,
train_episode,657900,107.89659380912781,0.7206284586588542,,,,
train_episode,658050,108.43328630924225,0.724332275390625,,,,
train_episode,658200,108.53476721048355,0.7250008138020834,,,,
train_episode,658350,108.43220818042755,0.7242763264973958,,,,
train_episode,658500,109.32017767429352,0.7302764892578125,,,,
train_episode,658650,109.81995457410812,0.7336716715494792,,,,
train_episode,658800,108.68270653486252,0.7259210205078125,,,,
train_episode,658950,109.53875541687012,0.7316802978515625,,,,
train_episode,659100,109.20783251523972,0.729437255859375,,,,
train_episode,659250,110.19631767272949,0.7361521402994792,,,,
train_episode,659400,109.84358531236649,0.733682861328125,,,,
train_episode,659550,109.89894390106201,0.7341896565755208,,,,
train_episode,659700,111.00315135717392,0.7415179443359375,,,,
train_episode,659850,110.74367070198059,0.7397701009114583,,,,
train_episode,660000,110.40906578302383,0.7374896240234375,,,,
eval,660000,,,,,33.748697916666664,0.22306770833333336
train_episode,660150,109.66554552316666,0.9592116292317708,,,,
train_episode,660300,111.37701231241226,0.7440749104817709,,,,
train_episode,660450,110.66271752119064,0.739293212890625,,,,
train_episode,660600,111.48575669527054,0.7447420247395833,,,,
train_episode,660750,111.63694059848785,0.7457893880208334,,,,
train_episode,660900,111.80847948789597,0.7470035807291666,,,,
train_episode,661050,110.65514892339706,0.7392289225260417,,,,
train_episode,661200,111.74692553281784,0.7465755208333333,,,,
train_episode,661350,110.59725761413574,0.738837890625,,,,
train_episode,661500,111.45740550756454,0.744591064453125,,,,
train_episode,661650,112.7597844004631,0.7533235677083333,,,,
train_episode,661800,111.84720700979233,0.7472111002604167,,,,
train_episode,661950,111.33737951517105,0.7438055419921875,,,,
train_episode,662100,110.08427673578262,0.73543701171875,,,,
train_episode,662250,109.90067356824875,0.7341292317708333,,,,
train_episode,662400,111.22804528474808,0.7430621337890625,,,,
train_episode,662550,111.98302990198135,0.7480950927734376,,,,
train_episode,662700,110.53847080469131,0.7384836832682292,,,,
train_episode,662850,110.97466850280762,0.7413741048177084,,,,
train_episode,663000,110.54400438070297,0.7384775797526042,,,,
train_episode,663150,111.44501495361328,0.744488525390625,,,,
train_episode,663300,110.69566714763641,0.7394350179036459,,,,
train_episode,663450,109.82814335823059,0.7336946614583333,,,,
train_episode,663600,110.0413288474083,0.7350083414713542,,,,
train_episode,663750,110.35622924566269,0.7371175130208333,,,,
train_episode,663900,109.35528367757797,0.7304722086588542,,,,
train_episode,664050,109.6589640378952,0.7325321451822917,,,,
train_episode,664200,109.01010936498642,0.7281709798177083,,,,
train_episode,664350,110.24140202999115,0.7364329020182292,,,,
train_episode,664500,110.24753552675247,0.7364935302734374,,,,
train_episode,664650,110.26221442222595,0.7366280110677084,,,,
train_episode,664800,110.22723191976547,0.7362919108072916,,,,
train_episode,664950,109.90503716468811,0.7342325846354166,,,,
train_episode,665100,109.17271775007248,0.7292919921875,,,,
train_episode,665250,109.30153173208237,0.7300919596354166,,,,
train_episode,665400,109.56858146190643,0.7319278971354166,,,,
train_episode,665550,109.85952520370483,0.7337941487630208,,,,
train_episode,665700,109.91962534189224,0.7343326822916667,,,,
train_episode,665850,110.28806346654892,0.7367740885416667,,,,
train_episode,666000,110.77165549993515,0.73998046875,,,,
eval,666000,,,,,26.696679687500005,0.175484375
train_episode,666150,111.13852781057358,0.890733642578125,,,,
train_episode,666300,111.81648576259613,0.74692626953125,,,,
train_episode,666450,111.78299725055695,0.7467814127604167,,,,
train_episode,666600,112.52223491668701,0.7517340087890625,,,,
train_episode,666750,112.44444584846497,0.7511592610677084,,,,
train_episode,666900,111.84292411804199,0.7471822102864584,,,,
train_episode,667050,112.36487656831741,0.7507307942708333,,,,
train_episode,667200,111.75011950731277,0.7465956624348958,,,,
train_episode,667350,114.01816642284393,0.7617913818359375,,,,
train_episode,667500,112.50894951820374,0.7516267903645834,,,,
train_episode,667650,112.95333683490753,0.7545981852213541,,,,
train_episode,667800,112.17879021167755,0.7494512939453125,,,,
train_episode,667950,112.56976079940796,0.7521173095703125,,,,
train_episode,668100,111.45023387670517,0.7445045979817708,,,,
train_episode,668250,112.61194658279419,0.7523500569661459,,,,
train_episode,668400,112.14528203010559,0.7492539469401042,,,,
train_episode,668550,112.77278393507004,0.7534165445963542,,,,
train_episode,668700,112.7065007686615,0.752984619140625,,,,
train_episode,668850,113.81076884269714,0.7604384358723958,,,,
train_episode,669000,113.32553917169571,0.7571407063802084,,,,
train_episode,669150,113.16010290384293,0.7560597737630208,,,,
train_episode,669300,113.2712077498436,0.7568277994791667,,,,
train_episode,669450,112.83494812250137,0.7538511149088541,,,,
train_episode,669600,113.22128158807755,0.7564223225911458,,,,
train_episode,669750,112.59866124391556,0.7522208658854167,,,,
train_episode,669900,113.38881230354309,0.7574851481119792,,,,
train_episode,670050,111.9161052107811,0.7476241048177084,,,,
train_episode,670200,112.96336615085602,0.7547076416015625,,,,
train_episode,670350,112.69108939170837,0.7528605143229167,,,,
train_episode,670500,111.6339704990387,0.7457322184244791,,,,
train_episode,670650,113.40881162881851,0.757720947265625,,,,
train_episode,670800,112.85480523109436,0.7540207926432292,,,,
train_episode,670950,112.43493467569351,0.7511531575520833,,,,
train_episode,671100,113.35467320680618,0.757344970703125,,,,
train_episode,671250,113.25700658559799,0.7567325846354167,,,,
train_episode,671400,113.02920335531235,0.7551664225260417,,,,
train_episode,671550,114.00811553001404,0.7617177327473958,,,,
train_episode,671700,114.24378180503845,0.7633437093098958,,,,
train_episode,671850,115.17362236976624,0.76951904296875,,,,
train_episode,672000,114.86674785614014,0.7675166829427084,,,,
eval,672000,,,,,24.314192708333323,0.15929817708333333
train_episode,672150,114.44430285692215,0.9016475423177084,,,,
train_episode,672300,113.64587181806564,0.7593223063151041,,,,
train_episode,672450,114.68436485528946,0.7662298583984375,,,,
train_episode,672600,113.58727806806564,0.7588857014973959,,,,
train_episode,672750,114.30004674196243,0.7637105305989583,,,,
train_episode,672900,113.89283019304276,0.7610201009114583,,,,
train_episode,673050,114.65832281112671,0.7661049397786458,,,,
train_episode,673200,114.67673552036285,0.7662001546223959,,,,
train_episode,673350,115.41293120384216,0.7711639404296875,,,,
train_episode,673500,114.15010350942612,0.7627315266927084,,,,
train_episode,673650,114.2645035982132,0.7635015869140624,,,,
train_episode,673800,114.6811403632164,0.7662615966796875,,,,
train_episode,673950,114.84487664699554,0.7674245198567708,,,,
train_episode,674100,115.80920177698135,0.7738661702473958,,,,
train_episode,674250,115.34434825181961,0.7706953938802084,,,,
train_episode,674400,114.68405956029892,0.7663374837239584,,,,
train_episode,674550,116.32054400444031,0.7772233072916667,,,,
train_episode,674700,115.67425346374512,0.7729697672526041,,,,
train_episode,674850,115.78005737066269,0.7737174479166666,,,,
train_episode,675000,115.71115952730179,0.773228759765625,,,,
train_episode,675150,115.17688816785812,0.7696490478515625,,,,
train_episode,675300,115.5980304479599,0.772440185546875,,,,
train_episode,675450,115.25395548343658,0.770128173828125,,,,
train_episode,675600,116.05775731801987,0.7755344645182292,,,,
train_episode,675750,116.33049327135086,0.7773606363932292,,,,
train_episode,675900,116.3551207780838,0.7774359130859375,,,,
train_episode,676050,115.36170262098312,0.7708050537109375,,,,
train_episode,676200,114.88877177238464,0.7676865641276042,,,,
train_episode,676350,115.12280082702637,0.7692974853515625,,,,
train_episode,676500,115.4591555595398,0.7714729817708333,,,,
train_episode,676650,114.51769804954529,0.7651222737630209,,,,
train_episode,676800,114.31586509943008,0.7637776692708333,,,,
train_episode,676950,114.92360240221024,0.7678424072265625,,,,
train_episode,677100,114.3769719004631,0.7642476399739583,,,,
train_episode,677250,114.44016271829605,0.7646284993489584,,,,
train_episode,677400,114.38290190696716,0.7642234293619792,,,,
train_episode,677550,113.80916106700897,0.7604758707682292,,,,
train_episode,677700,114.32803159952164,0.7638751220703125,,,,
train_episode,677850,114.25889855623245,0.7635048421223959,,,,
train_episode,678000,114.74002891778946,0.7666864013671875,,,,
eval,678000,,,,,24.608072916666664,0.16110677083333333
train_episode,678150,114.66152763366699,0.9398881022135417,,,,
train_episode,678300,114.11908799409866,0.7625130208333334,,,,
train_episode,678450,115.03484880924225,0.7685978190104167,,,,
train_episode,678600,114.01170617341995,0.761741943359375,,,,
train_episode,678750,114.78265130519867,0.7670320638020833,,,,
train_episode,678900,113.9287491440773,0.7611954752604166,,,,
train_episode,679050,114.75539964437485,0.7667763264973958,,,,
train_episode,679200,113.83929258584976,0.76059814453125,,,,
train_episode,679350,114.15137523412704,0.7627602132161458,,,,
train_episode,679500,114.57274097204208,0.7655670166015625,,,,
train_episode,679650,113.80774718523026,0.7604414876302084,,,,
train_episode,679800,113.54004710912704,0.7586147054036458,,,,
train_episode,679950,114.36747014522552,0.7641383870442708,,,,
train_episode,680100,113.32637339830399,0.7571905517578125,,,,
train_episode,680250,113.45499503612518,0.7579886881510417,,,,
train_episode,680400,112.4692257642746,0.7514113362630208,,,,
train_episode,680550,112.73376232385635,0.7532332356770833,,,,
train_episode,680700,112.98002868890762,0.7548138427734375,,,,
train_episode,680850,113.00530815124512,0.754981689453125,,,,
train_episode,681000,113.5270265340805,0.7585502115885416,,,,
train_episode,681150,112.67148637771606,0.7527628580729167,,,,
train_episode,681300,113.5942867398262,0.7589145914713542,,,,
train_episode,681450,113.7490622997284,0.7599863688151042,,,,
train_episode,681600,113.47595012187958,0.75820556640625,,,,
train_episode,681750,113.45217728614807,0.7580169677734375,,,,
train_episode,681900,113.15759056806564,0.7561077880859375,,,,
train_episode,682050,113.04448223114014,0.7552140299479166,,,,
train_episode,682200,115.36802953481674,0.77088134765625,,,,
train_episode,682350,113.56751245260239,0.7587257893880208,,,,
train_episode,682500,113.51035326719284,0.758338623046875,,,,
train_episode,682650,114.14628940820694,0.7626910400390625,,,,
train_episode,682800,114.45461827516556,0.764718017578125,,,,
train_episode,682950,114.08849906921387,0.762274169921875,,,,
train_episode,683100,113.5525489449501,0.7586659749348958,,,,
train_episode,683250,113.12876158952713,0.7558652750651041,,,,
train_episode,683400,113.71111822128296,0.7597442626953125,,,,
train_episode,683550,113.16779398918152,0.7561104329427083,,,,
train_episode,683700,113.86056262254715,0.76078369140625,,,,
train_episode,683850,113.35498863458633,0.7573409016927083,,,,
train_episode,684000,113.58697295188904,0.7589164225260416,,,,
eval,684000,,,,,19.909049479166665,0.12993880208333336
train_episode,684150,114.01089304685593,0.8800010172526042,,,,
train_episode,684300,112.94574773311615,0.754658203125,,,,
train_episode,684450,113.70354026556015,0.7597129313151042,,,,
train_episode,684600,112.85105180740356,0.7539949544270833,,,,
train_episode,684750,113.79296636581421,0.7603712972005209,,,,
train_episode,684900,112.6984845995903,0.7529630533854167,,,,
train_episode,685050,113.34530407190323,0.7572652180989583,,,,
train_episode,685200,114.46994853019714,0.7649212646484375,,,,
train_episode,685350,114.12107110023499,0.7625213623046875,,,,
train_episode,685500,115.2731808423996,0.7702301025390625,,,,
train_episode,685650,114.3970115184784,0.7644301350911459,,,,
train_episode,685800,114.93503594398499,0.7680350748697916,,,,
train_episode,685950,114.4875363111496,0.7649853515625,,,,
train_episode,686100,115.12575024366379,0.7693111165364583,,,,
train_episode,686250,114.83444041013718,0.7673109944661458,,,,
train_episode,686400,115.88337969779968,0.7743206787109375,,,,
train_episode,686550,114.96802598237991,0.7682293701171875,,,,
train_episode,686700,113.59181427955627,0.7589316813151041,,,,
train_episode,686850,114.51013940572739,0.7652176920572916,,,,
train_episode,687000,113.96293944120407,0.7614158121744792,,,,
train_episode,687150,114.28836888074875,0.7636533610026042,,,,
train_episode,687300,113.15357273817062,0.756080322265625,,,,
train_episode,687450,114.47546190023422,0.7649558512369792,,,,
train_episode,687600,112.88391929864883,0.7542490641276042,,,,
train_episode,687750,113.8738381266594,0.7608809407552083,,,,
train_episode,687900,113.899483025074,0.7610194905598958,,,,
train_episode,688050,112.69036662578583,0.7529042561848959,,,,
train_episode,688200,113.07324033975601,0.7554435221354167,,,,
train_episode,688350,113.21195262670517,0.7563222249348959,,,,
train_episode,688500,111.54553008079529,0.7452333577473959,,,,
train_episode,688650,112.05300694704056,0.7487027994791666,,,,
train_episode,688800,111.73889982700348,0.7465415445963541,,,,
train_episode,688950,111.69175046682358,0.7462493896484375,,,,
train_episode,689100,112.05415630340576,0.7486808268229167,,,,
train_episode,689250,112.76023173332214,0.7533793131510417,,,,
train_episode,689400,112.56759357452393,0.7521516927083334,,,,
train_episode,689550,112.24187994003296,0.7498677571614584,,,,
train_episode,689700,112.12762212753296,0.7492218017578125,,,,
train_episode,689850,112.33955699205399,0.7506005859375,,,,
train_episode,690000,112.93278813362122,0.7545186360677083,,,,
eval,690000,,,,,25.705403645833332,0.1685598958333333
train_episode,690150,112.76672101020813,0.8876446533203125,,,,
train_episode,690300,113.25756639242172,0.75677734375,,,,
train_episode,690450,113.08902770280838,0.7556561279296875,,,,
train_episode,690600,112.52960991859436,0.7518601481119792,,,,
train_episode,690750,113.1730220913887,0.756103515625,,,,
train_episode,690900,112.8294757604599,0.7539029947916667,,,,
train_episode,691050,112.10603713989258,0.7490293375651041,,,,
train_episode,691200,112.14263707399368,0.7492954508463542,,,,
train_episode,691350,112.48778051137924,0.7516558837890625,,,,
train_episode,691500,111.99960148334503,0.74826416015625,,,,
train_episode,691650,112.55839836597443,0.752034912109375,,,,
train_episode,691800,113.1685261130333,0.7561614990234375,,,,
train_episode,691950,112.69568634033203,0.7530177815755208,,,,
train_episode,692100,113.23764842748642,0.7565850830078125,,,,
train_episode,692250,112.5158161520958,0.7518308512369791,,,,
train_episode,692400,111.92129296064377,0.7478200276692708,,,,
train_episode,692550,112.94247210025787,0.754605712890625,,,,
train_episode,692700,111.49024266004562,0.7447621663411458,,,,
train_episode,692850,111.59015733003616,0.745579833984375,,,,
train_episode,693000,111.12313622236252,0.7424684651692708,,,,
train_episode,693150,112.00151389837265,0.748331298828125,,,,
train_episode,693300,111.33403277397156,0.743817138671875,,,,
train_episode,693450,110.79494005441666,0.7402992757161458,,,,
train_episode,693600,111.38513958454132,0.744149169921875,,,,
train_episode,693750,111.53361803293228,0.7451507568359375,,,,
train_episode,693900,111.77932512760162,0.7467193603515625,,,,
train_episode,694050,110.94036734104156,0.7412782796223958,,,,
train_episode,694200,111.5216760635376,0.7451460774739583,,,,
train_episode,694350,110.79922270774841,0.7402046712239584,,,,
train_episode,694500,109.80109471082687,0.7335516357421875,,,,
train_episode,694650,109.86327946186066,0.7339388020833333,,,,
train_episode,694800,110.0274429321289,0.7350174967447917,,,,
train_episode,694950,110.36753153800964,0.7373655192057291,,,,
train_episode,695100,110.62962621450424,0.7389898681640625,,,,
train_episode,695250,109.71784234046936,0.7330641682942708,,,,
train_episode,695400,109.4506407380104,0.7312099202473958,,,,
train_episode,695550,109.76217424869537,0.7333174641927084,,,,
train_episode,695700,108.68716245889664,0.7260786946614584,,,,
train_episode,695850,108.67120122909546,0.7259967041015625,,,,
train_episode,696000,109.10643315315247,0.7288553873697917,,,,
eval,696000,,,,,32.60787760416666,0.21526822916666669
train_episode,696150,109.21064984798431,1.0193044026692708,,,,
train_episode,696300,109.3167091012001,0.7302616373697917,,,,
train_episode,696450,108.78850102424622,0.7266497802734375,,,,
train_episode,696600,110.1371540427208,0.7357568359375,,,,
train_episode,696750,109.37665593624115,0.7307255045572917,,,,
train_episode,696900,108.8646931052208,0.727181396484375,,,,
train_episode,697050,109.20467907190323,0.7295222981770834,,,,
train_episode,697200,108.66824173927307,0.7259478759765625,,,,
train_episode,697350,108.52204167842865,0.7249165852864583,,,,
train_episode,697500,107.21652007102966,0.7161403401692709,,,,
train_episode,697650,107.80099278688431,0.72002685546875,,,,
train_episode,697800,107.43357133865356,0.7177189127604167,,,,
train_episode,697950,107.81049382686615,0.7201680501302083,,,,
train_episode,698100,107.66353160142899,0.7190993245442708,,,,
train_episode,698250,107.9599484205246,0.7211794026692708,,,,
train_episode,698400,107.67082518339157,0.7192594401041666,,,,
train_episode,698550,106.93534106016159,0.7143294270833334,,,,
train_episode,698700,107.43284922838211,0.7175897216796875,,,,
train_episode,698850,106.72184997797012,0.7128255208333333,,,,
train_episode,699000,105.72709876298904,0.7061161295572916,,,,
train_episode,699150,106.04299658536911,0.7083546956380208,,,,
train_episode,699300,105.19413042068481,0.7025262451171875,,,,
train_episode,699450,106.1626358628273,0.7090665690104166,,,,
train_episode,699600,105.50167655944824,0.7046775309244792,,,,
train_episode,699750,104.61175268888474,0.698675537109375,,,,
train_episode,699900,106.08167296648026,0.7085648600260417,,,,
train_episode,700050,106.23797404766083,0.7096921793619791,,,,
train_episode,700200,106.10792815685272,0.7086104329427083,,,,
train_episode,700350,106.94682615995407,0.714349365234375,,,,
train_episode,700500,105.63940215110779,0.7055918375651041,,,,
train_episode,700650,105.37403166294098,0.7038295491536458,,,,
train_episode,700800,105.22428178787231,0.702828369140625,,,,
train_episode,700950,103.9522887468338,0.6942616780598958,,,,
train_episode,701100,104.74772953987122,0.6995701090494791,,,,
train_episode,701250,105.50601005554199,0.7046012369791667,,,,
train_episode,701400,104.66828191280365,0.6990940348307292,,,,
train_episode,701550,105.49623382091522,0.7046044921875,,,,
train_episode,701700,104.76253032684326,0.699576416015625,,,,
train_episode,701850,104.82304710149765,0.7000980631510416,,,,
train_episode,702000,104.86967766284943,0.7004176839192708,,,,
eval,702000,,,,,35.09641927083333,0.23208984375
train_episode,702150,106.09052324295044,0.9888777669270833,,,,
train_episode,702300,107.70245116949081,0.7194051106770833,,,,
train_episode,702450,108.40195542573929,0.7241343180338542,,,,
train_episode,702600,107.3404113650322,0.7169561767578125,,,,
train_episode,702750,107.74786174297333,0.7197304280598958,,,,
train_episode,702900,107.99514520168304,0.72130126953125,,,,
train_episode,703050,108.18776267766953,0.72276123046875,,,,
train_episode,703200,108.82579332590103,0.7270694986979167,,,,
train_episode,703350,108.61902678012848,0.7255535888671875,,,,
train_episode,703500,110.03336381912231,0.7349831136067708,,,,
train_episode,703650,108.89576995372772,0.7274444580078125,,,,
train_episode,703800,110.28883683681488,0.7368320719401041,,,,
train_episode,703950,110.13958525657654,0.7358030192057292,,,,
train_episode,704100,108.89533305168152,0.7273921712239584,,,,
train_episode,704250,109.97341698408127,0.7346382649739583,,,,
train_episode,704400,108.77022135257721,0.7265435791015625,,,,
train_episode,704550,108.45765978097916,0.7244832356770833,,,,
train_episode,704700,108.75294750928879,0.7263979085286458,,,,
train_episode,704850,108.99693584442139,0.7280857340494792,,,,
train_episode,705000,110.04754370450974,0.7350795491536458,,,,
train_episode,705150,109.61119347810745,0.7321702067057292,,,,
train_episode,705300,109.41548418998718,0.7308817545572917,,,,
train_episode,705450,109.6573873758316,0.7324570719401041,,,,
train_episode,705600,111.23743450641632,0.7432061767578125,,,,
train_episode,705750,111.15386754274368,0.742578125,,,,
train_episode,705900,110.07988274097443,0.7352744547526041,,,,
train_episode,706050,110.34612822532654,0.7371063232421875,,,,
train_episode,706200,110.34006553888321,0.7370928955078125,,,,
train_episode,706350,110.91370475292206,0.7408522542317708,,,,
train_episode,706500,110.50487017631531,0.7381606038411458,,,,
train_episode,706650,110.51805400848389,0.7382342529296875,,,,
train_episode,706800,109.97576713562012,0.7346197509765625,,,,
train_episode,706950,110.30395311117172,0.7367801920572916,,,,
train_episode,707100,109.83870220184326,0.7337652587890625,,,,
train_episode,707250,110.63123381137848,0.7390464274088542,,,,
train_episode,707400,110.5200783610344,0.7382914225260416,,,,
train_episode,707550,110.53481781482697,0.7383502197265625,,,,
train_episode,707700,109.74987572431564,0.7331005859375,,,,
train_episode,707850,110.53285509347916,0.7384244791666666,,,,
train_episode,708000,110.2066320180893,0.7361830647786458,,,,
eval,708000,,,,,86.65104166666666,0.5784609374999999
train_episode,708150,109.7845441699028,1.3788714599609375,,,,
train_episode,708300,109.01861298084259,0.7282718912760416,,,,
train_episode,708450,110.29493999481201,0.7367116292317708,,,,
train_episode,708600,110.35297453403473,0.7371120198567709,,,,
train_episode,708750,111.10487651824951,0.7421927897135416,,,,
train_episode,708900,110.16219830513,0.7359464518229166,,,,
train_episode,709050,110.84201836585999,0.7404056803385417,,,,
train_episode,709200,111.24186992645264,0.7432822672526042,,,,
train_episode,709350,110.52876538038254,0.7383913167317708,,,,
train_episode,709500,109.40902501344681,0.730855712890625,,,,
train_episode,709650,109.21898150444031,0.7296736653645833,,,,
train_episode,709800,108.32895720005035,0.7235585530598958,,,,
train_episode,709950,108.19263488054276,0.7226747639973958,,,,
train_episode,710100,108.56091088056564,0.7252372233072917,,,,
train_episode,710250,108.3065978884697,0.7234771728515625,,,,
train_episode,710400,108.28909122943878,0.7234084065755209,,,,
train_episode,710550,107.86635094881058,0.7205570475260417,,,,
train_episode,710700,108.3221008181572,0.72356201171875,,,,
train_episode,710850,107.15878075361252,0.7157682291666667,,,,
train_episode,711000,106.90209770202637,0.7140452067057291,,,,
train_episode,711150,107.2092975974083,0.7161039225260417,,,,
train_episode,711300,108.21248143911362,0.7228739420572917,,,,
train_episode,711450,107.71676433086395,0.7194561767578125,,,,
train_episode,711600,106.92741632461548,0.7142513020833333,,,,
train_episode,711750,107.13256621360779,0.7155863444010416,,,,
train_episode,711900,108.11280053853989,0.7220363362630209,,,,
train_episode,712050,108.54964983463287,0.7250950113932292,,,,
train_episode,712200,107.85435801744461,0.7204591878255209,,,,
train_episode,712350,108.3038917183876,0.7234236653645834,,,,
train_episode,712500,108.75990575551987,0.726522216796875,,,,
train_episode,712650,109.12230211496353,0.7288446044921875,,,,
train_episode,712800,108.92179208993912,0.7275602213541666,,,,
train_episode,712950,108.93425285816193,0.7277113850911459,,,,
train_episode,713100,110.35915905237198,0.7372611490885417,,,,
train_episode,713250,110.51276445388794,0.7382755533854166,,,,
train_episode,713400,110.31451207399368,0.7369154866536458,,,,
train_episode,713550,110.3618648648262,0.7373042805989584,,,,
train_episode,713700,110.64796739816666,0.7391898600260417,,,,
train_episode,713850,110.7666192650795,0.7399534098307292,,,,
train_episode,714000,111.0116046667099,0.7415704345703125,,,,
eval,714000,,,,,84.62552083333331,0.5640611979166665
train_episode,714150,112.09264916181564,1.2896358235677083,,,,
train_episode,714300,110.98308092355728,0.741396484375,,,,
train_episode,714450,111.21543222665787,0.7429606119791666,,,,
train_episode,714600,110.97785270214081,0.7412961832682292,,,,
train_episode,714750,110.50517618656158,0.7382454427083334,,,,
train_episode,714900,111.75088310241699,0.7465740966796875,,,,
train_episode,715050,110.6537453532219,0.7391269938151042,,,,
train_episode,715200,110.53848034143448,0.7383528645833334,,,,
train_episode,715350,110.09460288286209,0.735494384765625,,,,
train_episode,715500,110.3648556470871,0.7372979736328125,,,,
train_episode,715650,111.35354405641556,0.7439485677083333,,,,
train_episode,715800,111.04406553506851,0.7417793782552083,,,,
train_episode,715950,110.57605767250061,0.7386488850911458,,,,
train_episode,716100,110.33862054347992,0.7370389811197917,,,,
train_episode,716250,112.04833829402924,0.7485811360677084,,,,
train_episode,716400,111.4978414773941,0.7448187255859375,,,,
train_episode,716550,111.11997246742249,0.7423356119791666,,,,
train_episode,716700,111.77609032392502,0.7467633056640625,,,,
train_episode,716850,112.40140628814697,0.7508829752604167,,,,
train_episode,717000,112.02960962057114,0.7483890787760417,,,,
train_episode,717150,112.07606840133667,0.7487322998046875,,,,
train_episode,717300,112.77688455581665,0.7533917236328125,,,,
train_episode,717450,112.71331584453583,0.753018798828125,,,,
train_episode,717600,112.85404241085052,0.7539581298828125,,,,
train_episode,717750,113.33403366804123,0.7571579996744792,,,,
train_episode,717900,112.80280405282974,0.7535980224609375,,,,
train_episode,718050,112.6762165427208,0.7528218587239583,,,,
train_episode,718200,112.2944216132164,0.7502115885416667,,,,
train_episode,718350,112.76400530338287,0.7533131917317708,,,,
train_episode,718500,112.52570402622223,0.7517207845052083,,,,
train_episode,718650,112.30996525287628,0.7502738444010416,,,,
train_episode,718800,112.14625877141953,0.7491776529947917,,,,
train_episode,718950,112.45442515611649,0.7511859130859375,,,,
train_episode,719100,112.32676959037781,0.7503184000651042,,,,
train_episode,719250,111.46458745002747,0.7445957438151042,,,,
train_episode,719400,111.07787883281708,0.7419236246744791,,,,
train_episode,719550,110.85610806941986,0.740548095703125,,,,
train_episode,719700,111.43568730354309,0.7444012451171875,,,,
train_episode,719850,111.78613096475601,0.7467262776692708,,,,
train_episode,720000,110.78009915351868,0.7399918619791667,,,,
eval,720000,,,,,53.53151041666668,0.35479947916666665
train_episode,720150,111.52290624380112,1.1378875732421876,,,,
train_episode,720300,111.7019938826561,0.7461997477213541,,,,
train_episode,720450,111.7948487997055,0.7467805989583334,,,,
train_episode,720600,112.34666711091995,0.750501708984375,,,,
train_episode,720750,112.32040196657181,0.7503275553385417,,,,
train_episode,720900,111.01145225763321,0.7415354410807292,,,,
train_episode,721050,111.95120006799698,0.7478175862630209,,,,
train_episode,721200,112.02831822633743,0.74835205078125,,,,
train_episode,721350,112.18890208005905,0.74935546875,,,,
train_episode,721500,111.32504135370255,0.7435945638020833,,,,
train_episode,721650,111.4672828912735,0.7446280924479166,,,,
train_episode,721800,111.61545598506927,0.7454520670572916,,,,
train_episode,721950,111.73153519630432,0.746365966796875,,,,
train_episode,722100,111.50385361909866,0.7448268636067709,,,,
train_episode,722250,111.17944103479385,0.7425081380208334,,,,
train_episode,722400,110.63244438171387,0.738941650390625,,,,
train_episode,722550,111.19428354501724,0.7426991780598958,,,,
train_episode,722700,110.55045408010483,0.7383734130859375,,,,
train_episode,722850,110.93392783403397,0.7409647623697917,,,,
train_episode,723000,110.86565947532654,0.7405049641927083,,,,
train_episode,723150,110.35568100214005,0.7370247395833334,,,,
train_episode,723300,110.24424016475677,0.7363163248697917,,,,
train_episode,723450,110.72063022851944,0.7395835367838541,,,,
train_episode,723600,110.97109800577164,0.7411981201171876,,,,
train_episode,723750,111.86295408010483,0.7470503743489584,,,,
train_episode,723900,111.19122159481049,0.7426658121744791,,,,
train_episode,724050,110.95367276668549,0.7411417643229167,,,,
train_episode,724200,111.69406998157501,0.7460685221354166,,,,
train_episode,724350,112.18362236022949,0.7493341064453125,,,,
train_episode,724500,111.87234276533127,0.7473384602864583,,,,
train_episode,724650,112.93135416507721,0.7544051106770834,,,,
train_episode,724800,112.50851231813431,0.7515960693359375,,,,
train_episode,724950,112.95356088876724,0.7546331787109375,,,,
train_episode,725100,113.08190757036209,0.7554036458333333,,,,
train_episode,725250,112.87233304977417,0.7538869222005208,,,,
train_episode,725400,112.8098229765892,0.7535441080729167,,,,
train_episode,725550,113.33635234832764,0.7570579020182292,,,,
train_episode,725700,112.92669534683228,0.7544364420572917,,,,
train_episode,725850,113.50647819042206,0.7583365885416666,,,,
train_episode,726000,113.86925065517426,0.7606650797526041,,,,
eval,726000,,,,,42.109895833333326,0.278546875
train_episode,726150,112.9415374994278,1.0499969482421876,,,,
train_episode,726300,112.47822880744934,0.7514235432942709,,,,
train_episode,726450,112.27663999795914,0.7500311279296875,,,,
train_episode,726600,111.50635647773743,0.7448567708333333,,,,
train_episode,726750,111.98559427261353,0.7480769856770834,,,,
train_episode,726900,112.37312656641006,0.7506443277994792,,,,
train_episode,727050,111.68865805864334,0.7460536702473959,,,,
train_episode,727200,111.10046184062958,0.7421250406901042,,,,
train_episode,727350,111.53675121068954,0.7450315348307291,,,,
train_episode,727500,112.05556029081345,0.7484431966145834,,,,
train_episode,727650,111.52800357341766,0.7449641927083334,,,,
train_episode,727800,109.72622549533844,0.7328365071614583,,,,
train_episode,727950,110.93582969903946,0.740985107421875,,,,
train_episode,728100,110.8934816122055,0.7407686360677084,,,,
train_episode,728250,111.72117936611176,0.7462520345052084,,,,
train_episode,728400,109.72206461429596,0.7327823893229166,,,,
train_episode,728550,110.45976543426514,0.7376698811848958,,,,
train_episode,728700,110.58348381519318,0.738663330078125,,,,
train_episode,728850,111.14666563272476,0.7423811848958334,,,,
train_episode,729000,110.9226261973381,0.7409611002604166,,,,
train_episode,729150,110.96535134315491,0.7411907958984375,,,,
train_episode,729300,111.43334847688675,0.7443375651041667,,,,
train_episode,729450,111.43837320804596,0.7443607584635417,,,,
train_episode,729600,110.32662773132324,0.7368705240885417,,,,
train_episode,729750,110.57073813676834,0.7385719807942709,,,,
train_episode,729900,110.30399417877197,0.7367769368489583,,,,
train_episode,730050,110.23885959386826,0.7362935384114583,,,,
train_episode,730200,109.8880290389061,0.7339571126302084,,,,
train_episode,730350,109.18801659345627,0.7292152913411458,,,,
train_episode,730500,109.02197057008743,0.7281504313151042,,,,
train_episode,730650,110.13848751783371,0.7356795247395833,,,,
train_episode,730800,108.78789114952087,0.726611328125,,,,
train_episode,730950,109.56910037994385,0.7317692057291667,,,,
train_episode,731100,109.31603825092316,0.7301619466145833,,,,
train_episode,731250,109.94396793842316,0.734442138671875,,,,
train_episode,731400,109.6535632610321,0.7324300130208333,,,,
train_episode,731550,110.03204143047333,0.7349648030598959,,,,
train_episode,731700,108.96752762794495,0.7277687581380209,,,,
train_episode,731850,109.62086814641953,0.7321693929036458,,,,
train_episode,732000,109.16254502534866,0.7291471354166666,,,,
eval,732000,,,,,37.6154296875,0.24839583333333332
train_episode,732150,110.3289977312088,0.992711181640625,,,,
train_episode,732300,109.29360741376877,0.7300297037760417,,,,
train_episode,732450,110.21255296468735,0.7361529541015625,,,,
train_episode,732600,110.24880802631378,0.7365378824869792,,,,
train_episode,732750,109.84865182638168,0.7336415608723958,,,,
train_episode,732900,110.37514060735703,0.7373482259114583,,,,
train_episode,733050,110.84742033481598,0.74046142578125,,,,
train_episode,733200,110.10767436027527,0.7355389404296875,,,,
train_episode,733350,110.55298751592636,0.7384767659505208,,,,
train_episode,733500,110.18846422433853,0.73611572265625,,,,
train_episode,733650,110.7537214756012,0.7398295084635417,,,,
train_episode,733800,110.55625230073929,0.73844482421875,,,,
train_episode,733950,110.08584415912628,0.7353078206380208,,,,
train_episode,734100,109.938281416893,0.734403076171875,,,,
train_episode,734250,111.06177580356598,0.7418760172526042,,,,
train_episode,734400,110.30192881822586,0.7367331949869792,,,,
train_episode,734550,109.81830644607544,0.7335439046223958,,,,
train_episode,734700,109.61992263793945,0.7321893310546875,,,,
train_episode,734850,110.01594889163971,0.7347621663411459,,,,
train_episode,735000,109.86372703313828,0.7338063557942708,,,,
train_episode,735150,110.30162417888641,0.7367572021484375,,,,
train_episode,735300,109.83215171098709,0.7336163330078125,,,,
train_episode,735450,109.47487211227417,0.7312025960286458,,,,
train_episode,735600,109.96226841211319,0.7343796793619791,,,,
train_episode,735750,108.36614781618118,0.7237579345703125,,,,
train_episode,735900,109.08886593580246,0.728585205078125,,,,
train_episode,736050,108.99770897626877,0.7280535888671875,,,,
train_episode,736200,109.38771361112595,0.7305434163411458,,,,
train_episode,736350,108.63672685623169,0.7255143229166666,,,,
train_episode,736500,108.24766874313354,0.72289794921875,,,,
train_episode,736650,108.50929498672485,0.7246492513020834,,,,
train_episode,736800,108.7223191857338,0.7261433919270833,,,,
train_episode,736950,107.70689707994461,0.7192793782552084,,,,
train_episode,737100,107.54285442829132,0.7182918294270834,,,,
train_episode,737250,107.91688877344131,0.7207017008463542,,,,
train_episode,737400,107.13912838697433,0.715513916015625,,,,
train_episode,737550,106.80754363536835,0.7132645670572917,,,,
train_episode,737700,106.92869901657104,0.7141005452473959,,,,
train_episode,737850,107.77436059713364,0.7197231038411458,,,,
train_episode,738000,107.4948713183403,0.7179097493489583,,,,
eval,738000,,,,,19.432096354166674,0.12640755208333335
train_episode,738150,108.99500334262848,0.829503173828125,,,,
train_episode,738300,108.09144920110703,0.72193603515625,,,,
train_episode,738450,107.42188322544098,0.7173968505859375,,,,
train_episode,738600,107.65128362178802,0.7189495849609375,,,,
train_episode,738750,107.13232189416885,0.7155592854817708,,,,
train_episode,738900,107.18024468421936,0.7157963053385417,,,,
train_episode,739050,107.44080364704132,0.7175764973958333,,,,
train_episode,739200,106.95292913913727,0.7143475341796875,,,,
train_episode,739350,106.64473271369934,0.7122977701822917,,,,
train_episode,739500,107.60959661006927,0.7187711588541666,,,,
train_episode,739650,106.96234965324402,0.7144704182942708,,,,
train_episode,739800,106.73165678977966,0.71280029296875,,,,
train_episode,739950,107.15463042259216,0.7156972249348958,,,,
train_episode,740100,106.92046904563904,0.7141156005859375,,,,
train_episode,740250,106.17243212461472,0.7090920003255209,,,,
train_episode,740400,106.45111864805222,0.7108913167317709,,,,
train_episode,740550,105.7730695605278,0.7064501953125,,,,
train_episode,740700,105.92601335048676,0.707474365234375,,,,
train_episode,740850,106.38206827640533,0.7104073079427083,,,,
train_episode,741000,106.42536199092865,0.7108085123697917,,,,
train_episode,741150,107.20911419391632,0.7159822591145834,,,,
train_episode,741300,106.16793608665466,0.7090584309895833,,,,
train_episode,741450,106.2733137011528,0.7096510823567709,,,,
train_episode,741600,105.91542345285416,0.70730224609375,,,,
train_episode,741750,106.3829026222229,0.7103792317708333,,,,
train_episode,741900,106.3847234249115,0.7104612223307292,,,,
train_episode,742050,106.76627469062805,0.7130100504557292,,,,
train_episode,742200,105.49035459756851,0.7044217936197916,,,,
train_episode,742350,104.45415103435516,0.6975840250651042,,,,
train_episode,742500,105.77270311117172,0.7062648518880208,,,,
train_episode,742650,105.67025548219681,0.7056441243489583,,,,
train_episode,742800,104.64530217647552,0.6987603759765625,,,,
train_episode,742950,104.16427445411682,0.695609130859375,,,,
train_episode,743100,103.70895171165466,0.6925270589192708,,,,
train_episode,743250,103.87568980455399,0.6935593668619792,,,,
train_episode,743400,102.8917624950409,0.6869563802083334,,,,
train_episode,743550,102.70697861909866,0.6857655843098959,,,,
train_episode,743700,103.93312400579453,0.6939801025390625,,,,
train_episode,743850,104.06537693738937,0.6947886149088541,,,,
train_episode,744000,104.2100401520729,0.6958479817708333,,,,
eval,744000,,,,,7.191145833333332,0.04438411458333333
train_episode,744150,104.57231432199478,0.738060302734375,,,,
train_episode,744300,103.02577537298203,0.6880326334635417,,,,
train_episode,744450,102.87060368061066,0.6869142659505209,,,,
train_episode,744600,102.54626250267029,0.6846738688151042,,,,
train_episode,744750,102.28769755363464,0.682911376953125,,,,
train_episode,744900,102.92514854669571,0.6872932942708333,,,,
train_episode,745050,102.23534959554672,0.6826230875651041,,,,
train_episode,745200,102.81718748807907,0.6864998372395833,,,,
train_episode,745350,102.44500535726547,0.6839656575520834,,,,
train_episode,745500,101.97662097215652,0.6808209228515625,,,,
train_episode,745650,101.42186272144318,0.6771112060546876,,,,
train_episode,745800,101.28670006990433,0.6762416585286458,,,,
train_episode,745950,102.259621322155,0.6827353922526042,,,,
train_episode,746100,101.88543462753296,0.6801584879557292,,,,
train_episode,746250,100.50490123033524,0.6710357666015625,,,,
train_episode,746400,101.23308086395264,0.6758782958984375,,,,
train_episode,746550,101.09537553787231,0.6750260416666667,,,,
train_episode,746700,102.24142289161682,0.6826430257161459,,,,
train_episode,746850,100.60015678405762,0.6716414388020834,,,,
train_episode,747000,102.47178918123245,0.6842559814453125,,,,
train_episode,747150,101.3016032576561,0.6763712565104166,,,,
train_episode,747300,101.30881583690643,0.6763631184895833,,,,
train_episode,747450,102.26474720239639,0.6828179931640626,,,,
train_episode,747600,102.68511712551117,0.6855708821614583,,,,
train_episode,747750,101.74067986011505,0.6792742919921875,,,,
train_episode,747900,102.26855260133743,0.6827406819661458,,,,
train_episode,748050,102.29542952775955,0.6830072021484375,,,,
train_episode,748200,102.94157707691193,0.687327880859375,,,,
train_episode,748350,103.02269285917282,0.6878580729166667,,,,
train_episode,748500,103.61379849910736,0.6918021647135416,,,,
train_episode,748650,103.6103293299675,0.6918967692057292,,,,
train_episode,748800,102.61522263288498,0.6851544189453125,,,,
train_episode,748950,102.67508751153946,0.6855421956380209,,,,
train_episode,749100,102.99469810724258,0.6876953125,,,,
train_episode,749250,103.4642528295517,0.6908162434895834,,,,
train_episode,749400,104.29587638378143,0.6964375813802083,,,,
train_episode,749550,104.23045665025711,0.6960211181640625,,,,
train_episode,749700,103.44304209947586,0.6907366943359375,,,,
train_episode,749850,103.12147825956345,0.68855712890625,,,,
train_episode,750000,103.57950669527054,0.6916546630859375,,,,
eval,750000,,,,,11.580729166666675,0.07396223958333334
train_episode,750150,103.62592375278473,0.7786922200520834,,,,
train_episode,750300,103.95632749795914,0.694189453125,,,,
train_episode,750450,104.14917838573456,0.695445556640625,,,,
train_episode,750600,104.51227641105652,0.6978548177083334,,,,
train_episode,750750,104.02830797433853,0.6946622721354166,,,,
train_episode,750900,104.11824297904968,0.6952681477864583,,,,
train_episode,751050,103.37115269899368,0.69034423828125,,,,
train_episode,751200,104.46329545974731,0.6975313313802083,,,,
train_episode,751350,104.4284348487854,0.6972878011067708,,,,
train_episode,751500,103.60974985361099,0.69177001953125,,,,
train_episode,751650,103.5424177646637,0.6912351481119792,,,,
train_episode,751800,103.52011936903,0.6911887613932292,,,,
train_episode,751950,103.42122274637222,0.6904911295572916,,,,
train_episode,752100,103.44306254386902,0.6906296793619792,,,,
train_episode,752250,103.15653282403946,0.6887449137369792,,,,
train_episode,752400,103.08241599798203,0.6881728108723958,,,,
train_episode,752550,102.90912729501724,0.6871097819010417,,,,
train_episode,752700,104.32229441404343,0.6965618896484375,,,,
train_episode,752850,102.66937118768692,0.6854630533854167,,,,
train_episode,753000,102.17485344409943,0.6822265625,,,,
train_episode,753150,102.69258415699005,0.685596923828125,,,,
train_episode,753300,102.32557016611099,0.6831563313802084,,,,
train_episode,753450,102.59808176755905,0.6849495442708333,,,,
train_episode,753600,103.319833278656,0.6897947184244791,,,,
train_episode,753750,102.79537749290466,0.6862339274088541,,,,
train_episode,753900,102.98767954111099,0.6875531005859375,,,,
train_episode,754050,102.18924796581268,0.6822456868489584,,,,
train_episode,754200,102.81720811128616,0.68639892578125,,,,
train_episode,754350,103.25513523817062,0.6893361409505209,,,,
train_episode,754500,103.52828800678253,0.6913055419921875,,,,
train_episode,754650,103.13295316696167,0.6885807291666667,,,,
train_episode,754800,100.9730715751648,0.6740506998697917,,,,
train_episode,754950,102.07309854030609,0.6815230305989584,,,,
train_episode,755100,101.58965927362442,0.6782373046875,,,,
train_episode,755250,102.26081162691116,0.6827305094401042,,,,
train_episode,755400,102.21081298589706,0.6824580891927083,,,,
train_episode,755550,102.28025102615356,0.6828004964192709,,,,
train_episode,755700,101.43671476840973,0.6773134358723958,,,,
train_episode,755850,102.36825346946716,0.6833469645182292,,,,
train_episode,756000,101.40193563699722,0.6769655354817709,,,,
eval,756000,,,,,9.3271484375,0.05889453124999999
train_episode,756150,101.06154245138168,0.7396030680338541,,,,
train_episode,756300,102.07526504993439,0.6814337158203125,,,,
train_episode,756450,101.6102882027626,0.6783695475260416,,,,
train_episode,756600,102.08642429113388,0.6815470377604167,,,,
train_episode,756750,100.54753440618515,0.6712815348307292,,,,
train_episode,756900,101.5915510058403,0.678258056640625,,,,
train_episode,757050,101.70938926935196,0.6790189615885417,,,,
train_episode,757200,100.36927098035812,0.6701243082682292,,,,
train_episode,757350,100.79118710756302,0.6728961181640625,,,,
train_episode,757500,100.2209860086441,0.6689874267578125,,,,
train_episode,757650,100.98855400085449,0.6741713460286458,,,,
train_episode,757800,100.51711857318878,0.6710664876302084,,,,
train_episode,757950,100.43920731544495,0.6704836018880208,,,,
train_episode,758100,100.38146787881851,0.6700663248697917,,,,
train_episode,758250,100.21398746967316,0.6689617919921875,,,,
train_episode,758400,100.50918406248093,0.6709413655598958,,,,
train_episode,758550,100.36974942684174,0.670009765625,,,,
train_episode,758700,100.35399216413498,0.6698374430338542,,,,
train_episode,758850,99.93485271930695,0.6672174072265625,,,,
train_episode,759000,100.06784927845001,0.66804931640625,,,,
train_episode,759150,99.25091403722763,0.6625425211588541,,,,
train_episode,759300,99.30440074205399,0.6629958089192708,,,,
train_episode,759450,98.99960160255432,0.660821533203125,,,,
train_episode,759600,98.68133306503296,0.658643798828125,,,,
train_episode,759750,100.47610330581665,0.6707069905598958,,,,
train_episode,759900,97.53193044662476,0.6510225423177083,,,,
train_episode,760050,99.36496794223785,0.663272705078125,,,,
train_episode,760200,100.02845078706741,0.6677128092447917,,,,
train_episode,760350,99.97366154193878,0.6673775227864583,,,,
train_episode,760500,100.59406381845474,0.6714642333984375,,,,
train_episode,760650,99.71727311611176,0.6656789143880208,,,,
train_episode,760800,99.85422599315643,0.6665922037760417,,,,
train_episode,760950,100.48820847272873,0.6708711751302083,,,,
train_episode,761100,101.37303417921066,0.676767578125,,,,
train_episode,761250,101.18821030855179,0.6754860432942709,,,,
train_episode,761400,101.21682572364807,0.6757438151041667,,,,
train_episode,761550,101.12144804000854,0.675108642578125,,,,
train_episode,761700,101.90233153104782,0.6804099527994791,,,,
train_episode,761850,102.21613359451294,0.6824483235677083,,,,
train_episode,762000,102.93302208185196,0.6872884114583333,,,,
eval,762000,,,,,12.775585937499997,0.08182161458333334
train_episode,762150,102.25375217199326,0.7598193359375,,,,
train_episode,762300,102.26518613100052,0.6828184000651042,,,,
train_episode,762450,103.1600934267044,0.6888287353515625,,,,
train_episode,762600,102.72696763277054,0.685848388671875,,,,
train_episode,762750,103.22931748628616,0.68924072265625,,,,
train_episode,762900,104.04114615917206,0.6946730550130208,,,,
train_episode,763050,104.23462718725204,0.6959672037760417,,,,
train_episode,763200,104.23933738470078,0.6959897867838541,,,,
train_episode,763350,104.93540245294571,0.7006966145833333,,,,
train_episode,763500,104.44289922714233,0.6973720296223959,,,,
train_episode,763650,104.34015762805939,0.6967360432942709,,,,
train_episode,763800,104.34741032123566,0.6967594401041667,,,,
train_episode,763950,104.27768790721893,0.6962978108723958,,,,
train_episode,764100,105.25579625368118,0.7027933756510417,,,,
train_episode,764250,105.04017931222916,0.701444091796875,,,,
train_episode,764400,105.22118908166885,0.7026055908203125,,,,
train_episode,764550,104.29017901420593,0.6963594563802084,,,,
train_episode,764700,104.85002440214157,0.700084228515625,,,,
train_episode,764850,104.75313115119934,0.6994962565104167,,,,
train_episode,765000,105.45045846700668,0.7041446940104167,,,,
train_episode,765150,103.86563920974731,0.6935927327473959,,,,
train_episode,765300,104.5459578037262,0.6981089274088542,,,,
train_episode,765450,102.89148795604706,0.6869838460286458,,,,
train_episode,765600,104.28313028812408,0.6963179524739583,,,,
train_episode,765750,104.27011972665787,0.6962339274088541,,,,
train_episode,765900,104.0648787021637,0.6948992919921875,,,,
train_episode,766050,104.53621262311935,0.6978951009114583,,,,
train_episode,766200,103.63655430078506,0.69194580078125,,,,
train_episode,766350,103.6581301689148,0.6920682779947916,,,,
train_episode,766500,103.5407800078392,0.6912837727864584,,,,
train_episode,766650,104.37329918146133,0.6968959554036458,,,,
train_episode,766800,103.92344045639038,0.6938631184895834,,,,
train_episode,766950,104.02543979883194,0.6945351155598959,,,,
train_episode,767100,103.60122507810593,0.6918017578125,,,,
train_episode,767250,103.42944192886353,0.690643310546875,,,,
train_episode,767400,103.34487730264664,0.6900040690104167,,,,
train_episode,767550,103.33065634965897,0.6899029541015625,,,,
train_episode,767700,102.97862607240677,0.6875673421223958,,,,
train_episode,767850,102.82934367656708,0.686544189453125,,,,
train_episode,768000,103.24367076158524,0.68931396484375,,,,
eval,768000,,,,,12.422265625000009,0.07957812499999999
train_episode,768150,103.0334969162941,0.7754254150390625,,,,
train_episode,768300,102.94336742162704,0.6872845458984375,,,,
train_episode,768450,103.42080450057983,0.6904970296223958,,,,
train_episode,768600,103.74408787488937,0.692677001953125,,,,
train_episode,768750,103.2161950469017,0.68908203125,,,,
train_episode,768900,103.06654673814774,0.6881083170572917,,,,
train_episode,769050,103.7659792304039,0.6928666178385416,,,,
train_episode,769200,102.88106125593185,0.6869173177083333,,,,
train_episode,769350,102.31738102436066,0.6830670166015625,,,,
train_episode,769500,103.35283249616623,0.6900406901041667,,,,
train_episode,769650,103.49628525972366,0.6910205078125,,,,
train_episode,769800,103.03477782011032,0.6879789225260416,,,,
train_episode,769950,102.10772514343262,0.6817580159505209,,,,
train_episode,770100,102.58835744857788,0.6849560546875,,,,
train_episode,770250,103.76166611909866,0.692784423828125,,,,
train_episode,770400,102.93438506126404,0.6872501627604166,,,,
train_episode,770550,102.58440989255905,0.6849733479817708,,,,
train_episode,770700,103.09044253826141,0.6884041341145833,,,,
train_episode,770850,103.79911106824875,0.6930098470052083,,,,
train_episode,771000,104.29149186611176,0.69635986328125,,,,
train_episode,771150,104.78227537870407,0.6996466064453125,,,,
train_episode,771300,103.8937360048294,0.6937697347005208,,,,
train_episode,771450,103.70227897167206,0.6924015299479167,,,,
train_episode,771600,103.75974333286285,0.69287109375,,,,
train_episode,771750,103.87764257192612,0.6936138916015625,,,,
train_episode,771900,104.3661482334137,0.6968642171223959,,,,
train_episode,772050,105.04903972148895,0.7014853922526042,,,,
train_episode,772200,104.35087943077087,0.69681640625,,,,
train_episode,772350,104.1216105222702,0.6952573649088541,,,,
train_episode,772500,103.11834478378296,0.688543701171875,,,,
train_episode,772650,104.3741534948349,0.6969230143229167,,,,
train_episode,772800,104.17073369026184,0.6956070963541666,,,,
train_episode,772950,105.51563346385956,0.7046390787760417,,,,
train_episode,773100,103.97276663780212,0.6942486572265625,,,,
train_episode,773250,104.17989903688431,0.6957041422526041,,,,
train_episode,773400,105.31695353984833,0.7033072916666666,,,,
train_episode,773550,105.25921446084976,0.702867431640625,,,,
train_episode,773700,105.72816795110703,0.7059897867838542,,,,
train_episode,773850,104.32255959510803,0.6966375732421874,,,,
train_episode,774000,104.81953805685043,0.699930419921875,,,,
eval,774000,,,,,14.469921875,0.09330729166666667
train_episode,774150,104.63719493150711,0.7851068115234375,,,,
train_episode,774300,104.28304839134216,0.6963507080078125,,,,
train_episode,774450,104.0375651717186,0.6947585042317709,,,,
train_episode,774600,104.86426591873169,0.7002703857421875,,,,
train_episode,774750,103.68502622842789,0.6923366292317709,,,,
train_episode,774900,104.5485218167305,0.6981540934244792,,,,
train_episode,775050,104.78925430774689,0.6997890218098959,,,,
train_episode,775200,105.50230759382248,0.7045151774088542,,,,
train_episode,775350,105.0137209892273,0.7012445068359375,,,,
train_episode,775500,105.29016971588135,0.7030617268880208,,,,
train_episode,775650,105.26805490255356,0.70287109375,,,,
train_episode,775800,106.22789359092712,0.7092510986328125,,,,
train_episode,775950,105.41360282897949,0.7039453125,,,,
train_episode,776100,105.4291365146637,0.703992919921875,,,,
train_episode,776250,104.32588589191437,0.6966481526692708,,,,
train_episode,776400,104.89769357442856,0.700443115234375,,,,
train_episode,776550,105.15408211946487,0.7020998128255208,,,,
train_episode,776700,104.68399959802628,0.6989902750651041,,,,
train_episode,776850,105.07697427272797,0.7016133626302083,,,,
train_episode,777000,104.72236979007721,0.6992584228515625,,,,
train_episode,777150,105.03040379285812,0.7013155110677083,,,,
train_episode,777300,105.79737192392349,0.70642578125,,,,
train_episode,777450,104.73291844129562,0.6994071451822916,,,,
train_episode,777600,104.45776253938675,0.6974831136067708,,,,
train_episode,777750,105.19002121686935,0.7025229899088542,,,,
train_episode,777900,105.54939639568329,0.7047210693359375,,,,
train_episode,778050,105.17043954133987,0.7022861735026041,,,,
train_episode,778200,106.03858315944672,0.7080942789713541,,,,
train_episode,778350,105.4343655705452,0.7040281168619792,,,,
train_episode,778500,105.88608640432358,0.7070658365885417,,,,
train_episode,778650,107.1889328956604,0.7158217366536458,,,,
train_episode,778800,106.501340508461,0.7111924235026041,,,,
train_episode,778950,106.8635750412941,0.7136985270182291,,,,
train_episode,779100,106.57444107532501,0.7117008463541666,,,,
train_episode,779250,105.53474766016006,0.7047157796223958,,,,
train_episode,779400,105.79867368936539,0.70645263671875,,,,
train_episode,779550,105.746926009655,0.7062143961588542,,,,
train_episode,779700,106.19165921211243,0.709205322265625,,,,
train_episode,779850,106.73223721981049,0.7127732340494791,,,,
train_episode,780000,106.43871891498566,0.7107607014973958,,,,
eval,780000,,,,,14.618489583333337,0.09423177083333334
train_episode,780150,105.90602469444275,0.79231689453125,,,,
train_episode,780300,106.43807846307755,0.7108331298828126,,,,
train_episode,780450,106.02482968568802,0.7080045572916667,,,,
train_episode,780600,105.93496549129486,0.7073618570963541,,,,
train_episode,780750,106.58952677249908,0.7118184407552083,,,,
train_episode,780900,105.75240927934647,0.7061610921223959,,,,
train_episode,781050,106.16483372449875,0.7089886474609375,,,,
train_episode,781200,105.9711184501648,0.7076739501953125,,,,
train_episode,781350,106.59499961137772,0.7118048095703124,,,,
train_episode,781500,106.78621250391006,0.7131624348958333,,,,
train_episode,781650,106.76314121484756,0.71300537109375,,,,
train_episode,781800,106.20714163780212,0.7091888427734375,,,,
train_episode,781950,107.62900656461716,0.7187648518880209,,,,
train_episode,782100,106.68263614177704,0.712486572265625,,,,
train_episode,782250,107.1332997083664,0.7154892985026041,,,,
train_episode,782400,107.87444967031479,0.7205006917317708,,,,
train_episode,782550,106.92302322387695,0.7140338134765625,,,,
train_episode,782700,106.49464792013168,0.7111745198567708,,,,
train_episode,782850,107.50464707612991,0.7179469807942709,,,,
train_episode,783000,107.89253616333008,0.7206154378255208,,,,
train_episode,783150,107.99919480085373,0.7213405354817708,,,,
train_episode,783300,107.44447630643845,0.717598876953125,,,,
train_episode,783450,107.64763277769089,0.71890380859375,,,,
train_episode,783600,108.6430646777153,0.7255562337239584,,,,
train_episode,783750,107.07237547636032,0.715089111328125,,,,
train_episode,783900,107.70264583826065,0.7193459065755209,,,,
train_episode,784050,107.66916811466217,0.719073486328125,,,,
train_episode,784200,106.60868203639984,0.7119972737630208,,,,
train_episode,784350,108.57883489131927,0.725107421875,,,,
train_episode,784500,106.61209964752197,0.711951904296875,,,,
train_episode,784650,106.13715469837189,0.7087322998046875,,,,
train_episode,784800,106.62080770730972,0.7120477294921875,,,,
train_episode,784950,106.96948057413101,0.7143735758463542,,,,
train_episode,785100,104.91944175958633,0.700677490234375,,,,
train_episode,785250,106.12954556941986,0.7086924235026042,,,,
train_episode,785400,106.4533262848854,0.7109861246744792,,,,
train_episode,785550,107.22130167484283,0.7160392252604166,,,,
train_episode,785700,105.79434084892273,0.7064577229817708,,,,
train_episode,785850,106.27211344242096,0.7095304361979167,,,,
train_episode,786000,105.54394346475601,0.7048095703125,,,,
eval,786000,,,,,11.785872395833342,0.07518489583333335
train_episode,786150,104.76661038398743,0.7850105794270833,,,,
train_episode,786300,105.71482253074646,0.7060121663411458,,,,
train_episode,786450,105.85830533504486,0.7068733723958334,,,,
train_episode,786600,105.87015616893768,0.7069921875,,,,
train_episode,786750,105.84935319423676,0.7068450927734375,,,,
train_episode,786900,104.7832220196724,0.6996299235026041,,,,
train_episode,787050,105.36786735057831,0.703648681640625,,,,
train_episode,787200,105.77948844432831,0.7064095052083333,,,,
train_episode,787350,105.53054749965668,0.7046856689453125,,,,
train_episode,787500,105.89594346284866,0.7072001139322917,,,,
train_episode,787650,106.46318423748016,0.7109541829427083,,,,
train_episode,787800,107.26695650815964,0.7163743082682291,,,,
train_episode,787950,107.13912832736969,0.7154597981770834,,,,
train_episode,788100,106.95893239974976,0.7142596435546875,,,,
train_episode,788250,106.79476773738861,0.713182373046875,,,,
train_episode,788400,106.83778703212738,0.7135028076171875,,,,
train_episode,788550,106.53903073072433,0.7114383951822917,,,,
train_episode,788700,106.80526620149612,0.7132100423177083,,,,
train_episode,788850,107.60911011695862,0.718642578125,,,,
train_episode,789000,105.48024344444275,0.7043326822916667,,,,
train_episode,789150,105.51442384719849,0.7046046956380209,,,,
train_episode,789300,106.07165467739105,0.7084226481119792,,,,
train_episode,789450,106.58996486663818,0.7118182373046875,,,,
train_episode,789600,105.73285788297653,0.7060365804036458,,,,
train_episode,789750,105.66440665721893,0.7055419921875,,,,
train_episode,789900,105.85970920324326,0.7068888346354166,,,,
train_episode,790050,105.31151121854782,0.7031610107421875,,,,
train_episode,790200,105.68626791238785,0.70565673828125,,,,
train_episode,790350,105.51254105567932,0.7044655354817708,,,,
train_episode,790500,102.55729049444199,0.6848787434895833,,,,
train_episode,790650,104.92567837238312,0.7006858317057292,,,,
train_episode,790800,105.23837143182755,0.7027634684244791,,,,
train_episode,790950,105.04805356264114,0.701458740234375,,,,
train_episode,791100,104.63648265600204,0.6987078857421875,,,,
train_episode,791250,105.2592865228653,0.7027974446614583,,,,
train_episode,791400,104.28858286142349,0.6964101155598958,,,,
train_episode,791550,104.05677133798599,0.6948203531901042,,,,
train_episode,791700,103.54767656326294,0.6913521321614583,,,,
train_episode,791850,103.87629044055939,0.6935811360677083,,,,
train_episode,792000,103.63842636346817,0.692027587890625,,,,
eval,792000,,,,,9.226041666666665,0.05818880208333334
train_episode,792150,103.94457858800888,0.7576371256510417,,,,
train_episode,792300,103.21421194076538,0.6891054280598958,,,,
train_episode,792450,103.04479825496674,0.6880322265625,,,,
train_episode,792600,103.45515847206116,0.6906842041015625,,,,
train_episode,792750,102.75053787231445,0.6860697428385417,,,,
train_episode,792900,103.0098050236702,0.687738037109375,,,,
train_episode,793050,102.95399874448776,0.6873964436848958,,,,
train_episode,793200,104.1757185459137,0.6955674235026041,,,,
train_episode,793350,104.33095157146454,0.69661865234375,,,,
train_episode,793500,103.824054479599,0.6931927490234375,,,,
train_episode,793650,104.4685355424881,0.6975264485677083,,,,
train_episode,793800,102.73059940338135,0.6858599853515625,,,,
train_episode,793950,103.47859531641006,0.69094482421875,,,,
train_episode,794100,103.36191684007645,0.6900590006510416,,,,
train_episode,794250,102.52488994598389,0.6845084635416666,,,,
train_episode,794400,102.33570218086243,0.6832328287760416,,,,
train_episode,794550,102.97613322734833,0.6875083414713542,,,,
train_episode,794700,103.25351858139038,0.6893491617838542,,,,
train_episode,794850,103.28576511144638,0.6896028645833333,,,,
train_episode,795000,103.42772257328033,0.6905354817708333,,,,
train_episode,795150,103.6486503481865,0.69192138671875,,,,
train_episode,795300,103.37371724843979,0.6901247151692709,,,,
train_episode,795450,103.62778627872467,0.6919195556640625,,,,
train_episode,795600,103.79678225517273,0.69297607421875,,,,
train_episode,795750,104.72809702157974,0.6992854817708334,,,,
train_episode,795900,104.13361477851868,0.6952388509114583,,,,
train_episode,796050,103.49444460868835,0.6910660807291666,,,,
train_episode,796200,103.27856320142746,0.689554443359375,,,,
train_episode,796350,103.84193819761276,0.6933404541015625,,,,
train_episode,796500,102.42474263906479,0.6837412516276041,,,,
train_episode,796650,104.39943289756775,0.6969856770833334,,,,
train_episode,796800,104.76185995340347,0.6995550537109375,,,,
train_episode,796950,104.35306715965271,0.6967240397135417,,,,
train_episode,797100,104.71688747406006,0.6992529296875,,,,
train_episode,797250,104.76611214876175,0.6994667561848958,,,,
train_episode,797400,102.94585031270981,0.6873740641276042,,,,
train_episode,797550,104.13487619161606,0.6951865641276042,,,,
train_episode,797700,103.19179159402847,0.6888997395833333,,,,
train_episode,797850,103.1918123960495,0.6889473470052083,,,,
train_episode,798000,104.30889731645584,0.696494140625,,,,
eval,798000,,,,,16.164648437500006,0.1045
train_episode,798150,104.21239119768143,0.7965388997395834,,,,
train_episode,798300,103.17242324352264,0.6888348388671875,,,,
train_episode,798450,103.44973641633987,0.6906671142578125,,,,
train_episode,798600,102.19847506284714,0.6823284912109375,,,,
train_episode,798750,102.94906491041183,0.6873952229817708,,,,
train_episode,798900,103.992948949337,0.69436767578125,,,,
