type,step,episode_reward,mean_episode_fC,actor_loss,critic_loss,eval_reward,eval_mean_fC
train_episode,150,2.007853190181777,0.0100042724609375,,,,
train_episode,300,1.9947611491661519,0.009946695963541667,,,,
train_episode,450,2.081675211607944,0.010554402669270834,,,,
train_episode,600,2.0234171552583575,0.010132649739583333,,,,
train_episode,750,2.2100931813474745,0.011404215494791667,,,,
train_episode,900,1.9592590334359556,0.009742431640625,,,,
train_episode,1050,2.0865478515625,0.010586344401041666,,,,
train_episode,1200,1.9074808757286519,0.009383544921875,,,,
train_episode,1350,2.235992431495106,0.011615193684895834,,,,
train_episode,1500,2.2458496094623115,0.011648763020833333,,,,
train_episode,1650,2.162129720672965,0.011091512044270833,,,,
train_episode,1800,3.708007809895207,0.021359456380208332,,,,
train_episode,1950,3.622406005197263,0.020809326171875,,,,
train_episode,2100,4.8219401044771075,0.0287664794921875,,,,
train_episode,2250,4.8675943948328495,0.029123128255208332,,,,
train_episode,2400,21.879323214292526,0.142745361328125,,,,
train_episode,2550,18.005981471389532,0.11672993977864583,,,,
train_episode,2700,20.382700629532337,0.132674560546875,,,,
train_episode,2850,26.051890015602112,0.17087178548177084,,,,
train_episode,3000,46.927744686603546,0.31125956217447914,,,,
train_episode,3150,56.68313628435135,0.3768359375,,,,
train_episode,3300,55.67326885461807,0.36997660319010417,,,,
train_episode,3450,58.436584770679474,0.3884173583984375,,,,
train_episode,3600,52.92778515815735,0.3511680094401042,,,,
train_episode,3750,46.9758607596159,0.3113584391276042,,,,
train_episode,3900,46.580271527171135,0.308531494140625,,,,
train_episode,4050,41.0511374771595,0.2713246663411458,,,,
train_episode,4200,37.74384568631649,0.24915791829427084,,,,
train_episode,4350,37.16562896966934,0.24521443684895833,,,,
train_episode,4500,35.5868224799633,0.23472269694010417,,,,
train_episode,4650,32.291788548231125,0.2125726318359375,,,,
train_episode,4800,32.495127364993095,0.21397298177083332,,,,
train_episode,4950,35.1951292604208,0.23217549641927082,,,,
train_episode,5100,30.331593587994576,0.19951314290364583,,,,
train_episode,5250,32.35549899935722,0.21319315592447916,,,,
train_episode,5400,33.61946600675583,0.22169189453125,,,,
train_episode,5550,36.355285584926605,0.24002197265625,,,,
train_episode,5700,32.5180154889822,0.21422322591145834,,,,
train_episode,5850,33.11993387341499,0.21839213053385417,,,,
train_episode,6000,35.17712390422821,0.23224365234375,,,,
eval,6000,,,,,3.141276041666667,0.017639322916666665
train_episode,6150,33.674143344163895,0.23920979817708332,,,,
train_episode,6300,33.2156675606966,0.21914306640625,,,,
train_episode,6450,38.94096910953522,0.2576434326171875,,,,
train_episode,6600,40.107015416026115,0.2653885904947917,,,,
train_episode,6750,38.311991557478905,0.25332722981770833,,,,
train_episode,6900,37.137176528573036,0.24553731282552083,,,,
train_episode,7050,42.18935178220272,0.279549560546875,,,,
train_episode,7200,42.36041282117367,0.2807468668619792,,,,
train_episode,7350,43.417745381593704,0.287728271484375,,,,
train_episode,7500,44.696452379226685,0.2963539632161458,,,,
train_episode,7650,46.530762165784836,0.3086619059244792,,,,
train_episode,7800,47.663595139980316,0.3162540690104167,,,,
train_episode,7950,47.47195467352867,0.3149554443359375,,,,
train_episode,8100,48.63875411450863,0.3229038492838542,,,,
train_episode,8250,47.97112049162388,0.318480224609375,,,,
train_episode,8400,49.96761095523834,0.33173787434895835,,,,
train_episode,8550,50.89635273814201,0.33802103678385415,,,,
train_episode,8700,52.17190586030483,0.34661865234375,,,,
train_episode,8850,51.2530727237463,0.3404302978515625,,,,
train_episode,9000,52.64462335407734,0.3498291015625,,,,
train_episode,9150,52.21616670489311,0.346923828125,,,,
train_episode,9300,54.28423082828522,0.36074381510416664,,,,
train_episode,9450,53.364064797759056,0.35459309895833335,,,,
train_episode,9600,52.54981526732445,0.34909261067708336,,,,
train_episode,9750,55.099945306777954,0.3662367757161458,,,,
train_episode,9900,54.445028245449066,0.36188191731770836,,,,
train_episode,10050,55.33811470866203,0.36773579915364585,,,,
train_episode,10200,56.86551961302757,0.378150634765625,,,,
train_episode,10350,55.27799515426159,0.36751729329427085,,,,
train_episode,10500,55.635142147541046,0.3698958333333333,,,,
train_episode,10650,60.64266982674599,0.4033721923828125,,,,
train_episode,10800,57.324463337659836,0.38129618326822917,,,,
train_episode,10950,57.766958117485046,0.3842189534505208,,,,
train_episode,11100,59.431681513786316,0.3952960205078125,,,,
train_episode,11250,60.39814254641533,0.4017667643229167,,,,
train_episode,11400,58.95718425512314,0.39218526204427084,,,,
train_episode,11550,59.59877583384514,0.3963724772135417,,,,
train_episode,11700,60.508890718221664,0.4025290934244792,,,,
train_episode,11850,62.46653214097023,0.41564107259114585,,,,
train_episode,12000,61.55736303329468,0.40949178059895835,,,,
eval,12000,,,,,3.2932942708333344,0.018609375
train_episode,12150,60.156483978033066,0.4173785400390625,,,,
train_episode,12300,63.10756441950798,0.41989237467447915,,,,
train_episode,12450,61.61583471298218,0.40997172037760415,,,,
train_episode,12600,64.03134161233902,0.42609476725260415,,,,
train_episode,12750,63.55189988017082,0.422864990234375,,,,
train_episode,12900,63.50358048081398,0.42253662109375,,,,
train_episode,13050,63.645863711833954,0.423582763671875,,,,
train_episode,13200,63.56882748007774,0.42292154947916666,,,,
train_episode,13350,64.7267455458641,0.430631103515625,,,,
train_episode,13500,64.28515633940697,0.4276381429036458,,,,
train_episode,13650,65.17424526810646,0.4336053466796875,,,,
train_episode,13800,65.84499108791351,0.4379197184244792,,,,
train_episode,13950,65.94627869129181,0.43850850423177085,,,,
train_episode,14100,67.49552422761917,0.44877543131510417,,,,
train_episode,14250,66.79949951171875,0.44412333170572915,,,,
train_episode,14400,67.77977505326271,0.45072041829427084,,,,
train_episode,14550,68.83886739611626,0.45774271647135417,,,,
train_episode,14700,67.27795422077179,0.4471993001302083,,,,
train_episode,14850,65.64604699611664,0.4361525472005208,,,,
train_episode,15000,68.66453063488007,0.45631571451822917,,,,
train_episode,15150,69.45432540774345,0.46153361002604165,,,,
train_episode,15300,68.25702890753746,0.4536614990234375,,,,
train_episode,15450,67.32516491413116,0.4473846435546875,,,,
train_episode,15600,66.95748895406723,0.4449169921875,,,,
train_episode,15750,65.9922993183136,0.438406982421875,,,,
train_episode,15900,66.04848220944405,0.438726806640625,,,,
train_episode,16050,63.610280483961105,0.4225156656901042,,,,
train_episode,16200,64.10597732663155,0.42581746419270833,,,,
train_episode,16350,63.807312190532684,0.4238592529296875,,,,
train_episode,16500,62.69313558936119,0.416497802734375,,,,
train_episode,16650,62.464345663785934,0.4148360188802083,,,,
train_episode,16800,65.63943481445312,0.4361415608723958,,,,
train_episode,16950,65.0857746899128,0.43242268880208334,,,,
train_episode,17100,65.78132113814354,0.436964111328125,,,,
train_episode,17250,65.6244306564331,0.43596293131510416,,,,
train_episode,17400,64.36367800831795,0.42762410481770835,,,,
train_episode,17550,63.18143719434738,0.41954366048177083,,,,
train_episode,17700,65.21000137925148,0.43322184244791667,,,,
train_episode,17850,65.20012420415878,0.43313761393229167,,,,
train_episode,18000,65.46468085050583,0.4348758951822917,,,,
eval,18000,,,,,3.6598307291666665,0.02105859375
train_episode,18150,67.46067276597023,0.4673610432942708,,,,
train_episode,18300,62.3507182598114,0.41414042154947917,,,,
train_episode,18450,66.52219641208649,0.4419960530598958,,,,
train_episode,18600,65.10894748568535,0.43265950520833335,,,,
train_episode,18750,65.26657101511955,0.4337384033203125,,,,
train_episode,18900,64.7210488319397,0.4301173909505208,,,,
train_episode,19050,64.63072720170021,0.42947184244791664,,,,
train_episode,19200,62.64779689908028,0.416236572265625,,,,
train_episode,19350,65.40679940581322,0.43470357259114584,,,,
train_episode,19500,63.710174679756165,0.42342447916666665,,,,
train_episode,19650,61.63401257991791,0.409501953125,,,,
train_episode,19800,64.51501476764679,0.42872782389322917,,,,
train_episode,19950,64.46835324168205,0.42855204264322916,,,,
train_episode,20100,61.94341033697128,0.41159993489583335,,,,
train_episode,20250,61.661336332559586,0.409796142578125,,,,
train_episode,20400,60.946452021598816,0.4049709065755208,,,,
train_episode,20550,62.329721957445145,0.41425516764322917,,,,
train_episode,20700,60.45947268605232,0.4018463134765625,,,,
train_episode,20850,59.07329311966896,0.39251302083333334,,,,
train_episode,21000,57.85236617922783,0.3843377685546875,,,,
train_episode,21150,59.94944241642952,0.3983740234375,,,,
train_episode,21300,58.58374038338661,0.38928812662760415,,,,
train_episode,21450,58.51340737938881,0.38880818684895835,,,,
train_episode,21600,60.83504229784012,0.404241943359375,,,,
train_episode,21750,61.35817441344261,0.4077504475911458,,,,
train_episode,21900,58.16565981507301,0.3864164225260417,,,,
train_episode,22050,57.876546651124954,0.3846075439453125,,,,
train_episode,22200,60.669525265693665,0.403221435546875,,,,
train_episode,22350,57.88161224126816,0.3844268798828125,,,,
train_episode,22500,58.59855139255524,0.389305419921875,,,,
train_episode,22650,58.120768278837204,0.3859912109375,,,,
train_episode,22800,58.1822612285614,0.38644551595052085,,,,
train_episode,22950,56.812377750873566,0.3773142496744792,,,,
train_episode,23100,61.900350004434586,0.41126688639322917,,,,
train_episode,23250,61.0495810508728,0.4055867513020833,,,,
train_episode,23400,63.73908504843712,0.42358723958333333,,,,
train_episode,23550,61.55024212598801,0.40884236653645833,,,,
train_episode,23700,60.1900534927845,0.39983439127604165,,,,
train_episode,23850,62.01450592279434,0.41197835286458334,,,,
train_episode,24000,64.65046176314354,0.42960205078125,,,,
eval,24000,,,,,3.4478515625,0.019643229166666665
train_episode,24150,62.89617910981178,0.437974853515625,,,,
train_episode,24300,65.75969457626343,0.43701416015625,,,,
train_episode,24450,62.83208218216896,0.4175191243489583,,,,
train_episode,24600,63.612793266773224,0.4226505533854167,,,,
train_episode,24750,63.22077423334122,0.42007100423177085,,,,
train_episode,24900,64.11172503232956,0.4260028076171875,,,,
train_episode,25050,63.02216616272926,0.41883260091145835,,,,
train_episode,25200,64.50483217835426,0.42874348958333336,,,,
train_episode,25350,62.035644590854645,0.41222310384114585,,,,
train_episode,25500,63.411956906318665,0.4213918050130208,,,,
train_episode,25650,61.93593353033066,0.41151570638020835,,,,
train_episode,25800,63.074076026678085,0.4191617838541667,,,,
train_episode,25950,62.528045773506165,0.415433349609375,,,,
train_episode,26100,60.81831866502762,0.404088134765625,,,,
train_episode,26250,62.49036666750908,0.4152349853515625,,,,
train_episode,26400,61.296173095703125,0.4071807861328125,,,,
train_episode,26550,63.04282659292221,0.4189528401692708,,,,
train_episode,26700,63.09700518846512,0.41933756510416664,,,,
train_episode,26850,61.22552463412285,0.40681559244791665,,,,
train_episode,27000,61.14335107803345,0.40616536458333335,,,,
train_episode,27150,61.12292492389679,0.4059906005859375,,,,
train_episode,27300,59.13703417778015,0.39284098307291665,,,,
train_episode,27450,59.605102598667145,0.39587056477864585,,,,
train_episode,27600,61.455678194761276,0.40830912272135417,,,,
train_episode,27750,59.28924536705017,0.39380045572916667,,,,
train_episode,27900,61.22356140613556,0.4067828369140625,,,,
train_episode,28050,59.67525240778923,0.3964687093098958,,,,
train_episode,28200,60.62258914113045,0.40269266764322914,,,,
train_episode,28350,59.93450930714607,0.3982012939453125,,,,
train_episode,28500,58.67163076996803,0.38972880045572916,,,,
train_episode,28650,58.81233727931976,0.39072733561197914,,,,
train_episode,28800,58.328623443841934,0.38745686848958333,,,,
train_episode,28950,60.40579232573509,0.4012841796875,,,,
train_episode,29100,58.05004903674126,0.3855230712890625,,,,
train_episode,29250,58.76798489689827,0.3903175862630208,,,,
train_episode,29400,58.31369039416313,0.3872859700520833,,,,
train_episode,29550,57.207743406295776,0.3799129231770833,,,,
train_episode,29700,56.286468386650085,0.3738348388671875,,,,
train_episode,29850,59.767679899930954,0.3969704182942708,,,,
train_episode,30000,59.008453249931335,0.3920068359375,,,,
eval,30000,,,,,3.2841145833333334,0.01858984375
train_episode,30150,56.870340675115585,0.39251505533854164,,,,
train_episode,30300,55.47557580471039,0.3683843994140625,,,,
train_episode,30450,57.656626522541046,0.382864990234375,,,,
train_episode,30600,57.38841766119003,0.3811411539713542,,,,
train_episode,30750,59.48747789859772,0.39507649739583334,,,,
train_episode,30900,56.728129118680954,0.3767462158203125,,,,
train_episode,31050,58.22748824954033,0.386795654296875,,,,
train_episode,31200,56.31107586622238,0.37397440592447917,,,,
train_episode,31350,58.285939425230026,0.38706644694010417,,,,
train_episode,31500,60.79092434048653,0.4038285319010417,,,,
train_episode,31650,57.32915252447128,0.38061971028645836,,,,
train_episode,31800,59.35782861709595,0.3942667643229167,,,,
train_episode,31950,58.00995883345604,0.38525472005208333,,,,
train_episode,32100,58.074625730514526,0.38569783528645835,,,,
train_episode,32250,59.467387080192566,0.39496724446614584,,,,
train_episode,32400,61.21684792637825,0.40664510091145833,,,,
train_episode,32550,61.85640463232994,0.41088785807291667,,,,
train_episode,32700,63.26485151052475,0.42029500325520835,,,,
train_episode,32850,59.18561789393425,0.39309814453125,,,,
train_episode,33000,62.04104629158974,0.41215901692708334,,,,
train_episode,33150,62.19367480278015,0.4132491048177083,,,,
train_episode,33300,59.850575655698776,0.3975616455078125,,,,
train_episode,33450,60.06413811445236,0.3989544677734375,,,,
train_episode,33600,62.070169895887375,0.412376708984375,,,,
train_episode,33750,60.888325959444046,0.404459228515625,,,,
train_episode,33900,61.99646997451782,0.4118426513671875,,,,
train_episode,34050,59.22091653943062,0.39332478841145835,,,,
train_episode,34200,58.98383590579033,0.3917071533203125,,,,
train_episode,34350,60.22546407580376,0.4001308186848958,,,,
train_episode,34500,60.200388729572296,0.39994405110677084,,,,
train_episode,34650,62.31323230266571,0.41396687825520834,,,,
train_episode,34800,59.32396447658539,0.3940425618489583,,,,
train_episode,34950,58.4947307407856,0.3886466471354167,,,,
train_episode,35100,62.59375989437103,0.41583984375,,,,
train_episode,35250,59.34659832715988,0.39426005045572915,,,,
train_episode,35400,60.598561465740204,0.402618408203125,,,,
train_episode,35550,60.2796835899353,0.400408935546875,,,,
train_episode,35700,58.570485562086105,0.38904052734375,,,,
train_episode,35850,58.510803282260895,0.38868021647135415,,,,
train_episode,36000,60.063232600688934,0.3990146891276042,,,,
eval,36000,,,,,3.8984375,0.022566406249999997
train_episode,36150,60.50899222493172,0.4294683837890625,,,,
train_episode,36300,60.068186551332474,0.3990531412760417,,,,
train_episode,36450,55.706695318222046,0.36986979166666667,,,,
train_episode,36600,57.50724279880524,0.381983642578125,,,,
train_episode,36750,55.546010345220566,0.3688531494140625,,,,
train_episode,36900,58.204417049884796,0.3866729736328125,,,,
train_episode,37050,58.803090304136276,0.3906174723307292,,,,
train_episode,37200,55.51869738101959,0.36866190592447917,,,,
train_episode,37350,54.24097687005997,0.3602142333984375,,,,
train_episode,37500,55.85222381353378,0.3710546875,,,,
train_episode,37650,56.13661700487137,0.37281453450520835,,,,
train_episode,37800,55.82351663708687,0.37063924153645833,,,,
train_episode,37950,56.009287893772125,0.37201253255208333,,,,
train_episode,38100,55.48972591757774,0.36849405924479167,,,,
train_episode,38250,57.82942679524422,0.38409912109375,,,,
train_episode,38400,57.81385272741318,0.384049072265625,,,,
train_episode,38550,56.53639781475067,0.37553263346354165,,,,
train_episode,38700,57.82381200790405,0.3841550699869792,,,,
train_episode,38850,57.834808468818665,0.38418212890625,,,,
train_episode,39000,57.64391079545021,0.3828706868489583,,,,
train_episode,39150,55.74097701907158,0.3701731363932292,,,,
train_episode,39300,57.71847516298294,0.38331258138020835,,,,
train_episode,39450,60.01084387302399,0.3987422688802083,,,,
train_episode,39600,59.68120348453522,0.3964896647135417,,,,
train_episode,39750,59.33116662502289,0.39422770182291667,,,,
train_episode,39900,55.04543033242226,0.36556131998697916,,,,
train_episode,40050,60.797261238098145,0.40392679850260416,,,,
train_episode,40200,60.08826705813408,0.39923177083333333,,,,
train_episode,40350,59.2903950214386,0.3938450113932292,,,,
train_episode,40500,58.46354189515114,0.3882822672526042,,,,
train_episode,40650,59.05138140916824,0.39220357259114585,,,,
train_episode,40800,60.02214568853378,0.39865681966145833,,,,
train_episode,40950,57.91737872362137,0.3846722412109375,,,,
train_episode,41100,58.5094909965992,0.3885982259114583,,,,
train_episode,41250,59.22637936472893,0.39339864095052085,,,,
train_episode,41400,59.6332905292511,0.39606587727864584,,,,
train_episode,41550,60.243001252412796,0.40022908528645834,,,,
train_episode,41700,59.15305572748184,0.39291971842447915,,,,
train_episode,41850,60.61040258407593,0.4026332600911458,,,,
train_episode,42000,59.00078338384628,0.391915283203125,,,,
eval,42000,,,,,3.4268229166666666,0.0195078125
train_episode,42150,58.596913903951645,0.406197509765625,,,,
train_episode,42300,60.14689114689827,0.39955485026041665,,,,
train_episode,42450,57.355174005031586,0.3810323079427083,,,,
train_episode,42600,60.84136959910393,0.40418111165364584,,,,
train_episode,42750,58.65638220310211,0.38970621744791667,,,,
train_episode,42900,59.604675114154816,0.395948486328125,,,,
train_episode,43050,58.97363293170929,0.39169108072916664,,,,
train_episode,43200,59.33142110705376,0.3940329996744792,,,,
train_episode,43350,60.37156182527542,0.40112447102864585,,,,
train_episode,43500,60.03933733701706,0.3987931315104167,,,,
train_episode,43650,59.532857567071915,0.3955332438151042,,,,
train_episode,43800,58.823079377412796,0.39062581380208333,,,,
train_episode,43950,58.71715319156647,0.389957275390625,,,,
train_episode,44100,58.72316485643387,0.3900557454427083,,,,
train_episode,44250,58.44733718037605,0.38816426595052084,,,,
train_episode,44400,59.31068941950798,0.39392415364583333,,,,
train_episode,44550,59.21887195110321,0.3933880615234375,,,,
train_episode,44700,59.940012872219086,0.39816162109375,,,,
train_episode,44850,57.90157073736191,0.384619140625,,,,
train_episode,45000,59.36847946047783,0.39428853352864585,,,,
train_episode,45150,56.57678207755089,0.37572916666666667,,,,
train_episode,45300,58.78717049956322,0.39044779459635415,,,,
train_episode,45450,58.01447555422783,0.38528889973958336,,,,
train_episode,45600,59.547119438648224,0.39558064778645835,,,,
train_episode,45750,57.86178582906723,0.38423746744791665,,,,
train_episode,45900,57.97615572810173,0.3850223795572917,,,,
train_episode,46050,58.884511440992355,0.391129150390625,,,,
train_episode,46200,57.17337015271187,0.37969136555989585,,,,
train_episode,46350,58.828094601631165,0.39062744140625,,,,
train_episode,46500,57.91604593396187,0.38458577473958333,,,,
train_episode,46650,57.7785339653492,0.3837322998046875,,,,
train_episode,46800,56.87174478173256,0.3776704915364583,,,,
train_episode,46950,60.11316928267479,0.3991825358072917,,,,
train_episode,47100,57.25730341672897,0.380233154296875,,,,
train_episode,47250,57.407572478055954,0.381248779296875,,,,
train_episode,47400,58.37296545505524,0.38766682942708336,,,,
train_episode,47550,56.743876218795776,0.37683247884114585,,,,
train_episode,47700,56.74067184329033,0.3767578125,,,,
train_episode,47850,56.212656915187836,0.37325724283854167,,,,
train_episode,48000,57.44617736339569,0.38145039876302084,,,,
eval,48000,,,,,3.692903645833334,0.021283854166666668
train_episode,48150,56.51287850737572,0.3928450520833333,,,,
train_episode,48300,56.58316054940224,0.3756439208984375,,,,
train_episode,48450,56.24274721741676,0.3734665934244792,,,,
train_episode,48600,56.99885046482086,0.37839111328125,,,,
train_episode,48750,56.48027557134628,0.3749460856119792,,,,
train_episode,48900,59.13081854581833,0.3925528971354167,,,,
train_episode,49050,57.96175166964531,0.38477762858072917,,,,
train_episode,49200,57.737070471048355,0.3832979329427083,,,,
train_episode,49350,57.57085174322128,0.3822332763671875,,,,
train_episode,49500,58.564921140670776,0.388939208984375,,,,
train_episode,49650,57.11104312539101,0.37919474283854165,,,,
train_episode,49800,57.527720123529434,0.38192952473958336,,,,
train_episode,49950,58.43558770418167,0.3879524739583333,,,,
train_episode,50100,58.23468020558357,0.3866131591796875,,,,
train_episode,50250,56.75885024666786,0.3767702229817708,,,,
train_episode,50400,58.46148696541786,0.38817179361979165,,,,
train_episode,50550,57.966705560684204,0.384871826171875,,,,
train_episode,50700,59.45870977640152,0.3947908528645833,,,,
train_episode,50850,58.75344851613045,0.39013509114583333,,,,
train_episode,51000,58.142964601516724,0.3859423828125,,,,
train_episode,51150,57.71533200144768,0.3831783040364583,,,,
train_episode,51300,57.33975237607956,0.3806486002604167,,,,
train_episode,51450,57.49505630135536,0.381695556640625,,,,
train_episode,51600,56.84877559542656,0.3773468017578125,,,,
train_episode,51750,58.58223459124565,0.38894571940104167,,,,
train_episode,51900,58.292775481939316,0.386956787109375,,,,
train_episode,52050,58.339741975069046,0.3872751871744792,,,,
train_episode,52200,58.01792401075363,0.385174560546875,,,,
train_episode,52350,57.21329769492149,0.37983133951822917,,,,
train_episode,52500,58.42864975333214,0.38779886881510417,,,,
train_episode,52650,57.74934881925583,0.38325826009114583,,,,
train_episode,52800,58.11442029476166,0.385714111328125,,,,
train_episode,52950,57.50285845994949,0.3816603597005208,,,,
train_episode,53100,59.39176404476166,0.39419148763020834,,,,
train_episode,53250,58.27729308605194,0.38681660970052084,,,,
train_episode,53400,57.53408828377724,0.381861572265625,,,,
train_episode,53550,59.37247711420059,0.39411275227864584,,,,
train_episode,53700,59.86639392375946,0.397327880859375,,,,
train_episode,53850,58.97217816114426,0.39137898763020834,,,,
train_episode,54000,59.51834097504616,0.39501810709635415,,,,
eval,54000,,,,,3.1439453125000005,0.0176640625
train_episode,54150,57.311685889959335,0.3998640950520833,,,,
train_episode,54300,56.73877960443497,0.37640706380208333,,,,
train_episode,54450,59.7892861366272,0.3968277994791667,,,,
train_episode,54600,58.751139014959335,0.3897733561197917,,,,
train_episode,54750,61.163360714912415,0.40596883138020834,,,,
train_episode,54900,60.08166506886482,0.398702392578125,,,,
train_episode,55050,59.2301025390625,0.3929366048177083,,,,
train_episode,55200,59.29825845360756,0.39341634114583335,,,,
train_episode,55350,58.83225521445274,0.3903019205729167,,,,
train_episode,55500,59.749511659145355,0.39645751953125,,,,
train_episode,55650,59.580993711948395,0.395250244140625,,,,
train_episode,55800,58.18253543972969,0.38595499674479167,,,,
train_episode,55950,58.410959869623184,0.387501220703125,,,,
train_episode,56100,60.58145162463188,0.40195576985677084,,,,
train_episode,56250,60.392221957445145,0.40063090006510416,,,,
train_episode,56400,59.91800957918167,0.3974936930338542,,,,
train_episode,56550,58.81736245751381,0.3901715087890625,,,,
train_episode,56700,61.469115763902664,0.40779317220052086,,,,
train_episode,56850,59.60350549221039,0.3953753662109375,,,,
train_episode,57000,59.455566227436066,0.394400634765625,,,,
train_episode,57150,60.641998291015625,0.4022245279947917,,,,
train_episode,57300,58.28779086470604,0.38650431315104167,,,,
train_episode,57450,59.758341670036316,0.396300048828125,,,,
train_episode,57600,59.07172650098801,0.3917411295572917,,,,
train_episode,57750,59.70373556017876,0.3959073893229167,,,,
train_episode,57900,59.260080724954605,0.3929400634765625,,,,
train_episode,58050,60.48892202973366,0.40111979166666667,,,,
train_episode,58200,60.431467682123184,0.4007928466796875,,,,
train_episode,58350,58.30095410346985,0.38650838216145833,,,,
train_episode,58500,59.341064453125,0.393443603515625,,,,
train_episode,58650,58.664001405239105,0.38896240234375,,,,
train_episode,58800,59.05801385641098,0.39152872721354165,,,,
train_episode,58950,58.132710725069046,0.3853497314453125,,,,
train_episode,59100,58.50566613674164,0.38782938639322917,,,,
train_episode,59250,56.787425100803375,0.3763631184895833,,,,
train_episode,59400,58.82229623198509,0.38999043782552084,,,,
train_episode,59550,59.14376848936081,0.39205830891927085,,,,
train_episode,59700,58.51107782125473,0.3878578694661458,,,,
train_episode,59850,57.4085895717144,0.38047627766927083,,,,
train_episode,60000,58.57313030958176,0.38825927734375,,,,
eval,60000,,,,,3.477604166666667,0.019865885416666666
train_episode,60150,58.62584438920021,0.40717976888020835,,,,
train_episode,60300,59.01180037856102,0.3910953776041667,,,,
train_episode,60450,57.39131659269333,0.38031494140625,,,,
train_episode,60600,57.18223029375076,0.378909912109375,,,,
train_episode,60750,58.41007509827614,0.38709716796875,,,,
train_episode,60900,57.127919405698776,0.3785196940104167,,,,
train_episode,61050,58.52150481939316,0.3878501383463542,,,,
train_episode,61200,55.97514849901199,0.37088094075520833,,,,
train_episode,61350,56.69348153471947,0.3756459554036458,,,,
train_episode,61500,57.35877475142479,0.3800937906901042,,,,
train_episode,61650,58.32540866732597,0.38655253092447917,,,,
train_episode,61800,58.50234994292259,0.3876153564453125,,,,
train_episode,61950,58.46620699763298,0.38743916829427083,,,,
train_episode,62100,57.06171688437462,0.3780668131510417,,,,
train_episode,62250,58.39533495903015,0.3869189453125,,,,
train_episode,62400,57.1397602558136,0.3785980224609375,,,,
train_episode,62550,55.57818594574928,0.3681791178385417,,,,
train_episode,62700,55.86331167817116,0.37017232259114585,,,,
train_episode,62850,57.24297094345093,0.3792633056640625,,,,
train_episode,63000,56.92894485592842,0.37717264811197915,,,,
train_episode,63150,57.108917474746704,0.3783935546875,,,,
train_episode,63300,57.16322845220566,0.3787078857421875,,,,
train_episode,63450,57.00306221842766,0.3776749674479167,,,,
train_episode,63600,56.70162960886955,0.3757096354166667,,,,
train_episode,63750,58.22367346286774,0.38577168782552085,,,,
train_episode,63900,57.93172198534012,0.3838344319661458,,,,
train_episode,64050,56.643890142440796,0.3752423095703125,,,,
train_episode,64200,56.558227479457855,0.37472452799479167,,,,
train_episode,64350,55.91031911969185,0.3703839111328125,,,,
train_episode,64500,56.037129640579224,0.3712689208984375,,,,
train_episode,64650,58.22516918182373,0.3858866373697917,,,,
train_episode,64800,57.10295629501343,0.3783109537760417,,,,
train_episode,64950,55.82235690951347,0.36985921223958335,,,,
train_episode,65100,57.05262240767479,0.3778885904947917,,,,
train_episode,65250,56.052500218153,0.3713224283854167,,,,
train_episode,65400,56.29301965236664,0.3729168701171875,,,,
train_episode,65550,55.44357293844223,0.3671950276692708,,,,
train_episode,65700,55.10337337851524,0.36491251627604165,,,,
train_episode,65850,54.80314126610756,0.3629693603515625,,,,
train_episode,66000,55.66059368848801,0.368663330078125,,,,
eval,66000,,,,,5.751757812499998,0.03506119791666666
train_episode,66150,55.202891141176224,0.4038311767578125,,,,
train_episode,66300,54.35908994078636,0.35993062337239584,,,,
train_episode,66450,56.557017147541046,0.3746075439453125,,,,
train_episode,66600,54.99693801999092,0.3642333984375,,,,
train_episode,66750,55.38641354441643,0.36682759602864584,,,,
train_episode,66900,53.79351782798767,0.3561383056640625,,,,
train_episode,67050,55.45828250050545,0.36737263997395836,,,,
train_episode,67200,54.11178579926491,0.3582834879557292,,,,
train_episode,67350,56.02925616502762,0.37122782389322917,,,,
train_episode,67500,54.39970910549164,0.360169677734375,,,,
train_episode,67650,55.033182710409164,0.364515380859375,,,,
train_episode,67800,55.98446661233902,0.3708449300130208,,,,
train_episode,67950,55.016052186489105,0.36443461100260416,,,,
train_episode,68100,55.34122720360756,0.3665765380859375,,,,
train_episode,68250,56.99189242720604,0.3776784261067708,,,,
train_episode,68400,57.296803653240204,0.3795902506510417,,,,
train_episode,68550,55.74665316939354,0.3692628987630208,,,,
train_episode,68700,54.79506430029869,0.36300516764322915,,,,
train_episode,68850,55.48918670415878,0.3675789388020833,,,,
train_episode,69000,56.31802397966385,0.37322896321614585,,,,
train_episode,69150,57.18375653028488,0.3789508056640625,,,,
train_episode,69300,56.4231261909008,0.37385477701822917,,,,
train_episode,69450,57.3260902762413,0.3799578857421875,,,,
train_episode,69600,57.68723526597023,0.3824210611979167,,,,
train_episode,69750,57.987518668174744,0.38447469075520835,,,,
train_episode,69900,56.74717205762863,0.3760963948567708,,,,
train_episode,70050,57.87426772713661,0.3836383056640625,,,,
train_episode,70200,56.73610469698906,0.37603861490885415,,,,
train_episode,70350,56.61484771966934,0.37521240234375,,,,
train_episode,70500,57.160064816474915,0.3789316813151042,,,,
train_episode,70650,58.03298991918564,0.38478658040364583,,,,
train_episode,70800,58.13421630859375,0.385445556640625,,,,
train_episode,70950,56.502848118543625,0.3745094807942708,,,,
train_episode,71100,56.63527423143387,0.37536417643229164,,,,
train_episode,71250,57.35818502306938,0.38018900553385415,,,,
train_episode,71400,57.19988003373146,0.37920023600260416,,,,
train_episode,71550,55.69473293423653,0.36913960774739585,,,,
train_episode,71700,58.08593752980232,0.3850321451822917,,,,
train_episode,71850,57.869872748851776,0.383675537109375,,,,
train_episode,72000,59.357960879802704,0.39358622233072915,,,,
eval,72000,,,,,5.297200520833333,0.03190234375
train_episode,72150,56.01100695133209,0.42071736653645836,,,,
train_episode,72300,56.455138832330704,0.3742067464192708,,,,
train_episode,72450,57.761820673942566,0.3829726155598958,,,,
train_episode,72600,57.91892495751381,0.38409566243489585,,,,
train_episode,72750,57.425343722105026,0.3806768798828125,,,,
train_episode,72900,57.25289943814278,0.379552001953125,,,,
train_episode,73050,58.50255328416824,0.38790812174479167,,,,
train_episode,73200,57.095865964889526,0.37846537272135417,,,,
train_episode,73350,57.86299625039101,0.383575439453125,,,,
train_episode,73500,58.02372244000435,0.3846221923828125,,,,
train_episode,73650,59.520222663879395,0.3946649169921875,,,,
train_episode,73800,58.75566613674164,0.3895572916666667,,,,
train_episode,73950,58.25723251700401,0.38626668294270833,,,,
train_episode,74100,58.65973886847496,0.3888979085286458,,,,
train_episode,74250,58.01027429103851,0.38451802571614585,,,,
train_episode,74400,59.219807624816895,0.39269124348958334,,,,
train_episode,74550,60.687754571437836,0.4024251302083333,,,,
train_episode,74700,60.48493444919586,0.4011602783203125,,,,
train_episode,74850,59.0960391163826,0.3918330891927083,,,,
train_episode,75000,59.93167120218277,0.39742696126302085,,,,
train_episode,75150,60.42168188095093,0.40076029459635415,,,,
train_episode,75300,60.262329161167145,0.399599609375,,,,
train_episode,75450,61.56203228235245,0.40839518229166666,,,,
train_episode,75600,59.716979652643204,0.39598958333333334,,,,
train_episode,75750,61.0310974419117,0.4047574869791667,,,,
train_episode,75900,59.95489522814751,0.39767049153645834,,,,
train_episode,76050,61.08652764558792,0.4051869710286458,,,,
train_episode,76200,59.85555022954941,0.3969187418619792,,,,
train_episode,76350,62.20390826463699,0.4127191162109375,,,,
train_episode,76500,61.88119503855705,0.41052083333333333,,,,
train_episode,76650,64.47114032506943,0.42790547688802083,,,,
train_episode,76800,61.90998354554176,0.4107177734375,,,,
train_episode,76950,63.06978368759155,0.4184415690104167,,,,
train_episode,77100,61.59532669186592,0.40867533365885417,,,,
train_episode,77250,62.8522946536541,0.41696553548177084,,,,
train_episode,77400,62.41739925742149,0.4140185546875,,,,
train_episode,77550,63.57829803228378,0.4218111165364583,,,,
train_episode,77700,63.22769123315811,0.419468994140625,,,,
train_episode,77850,64.24776193499565,0.4263299560546875,,,,
train_episode,78000,63.329386711120605,0.4201731363932292,,,,
eval,78000,,,,,3.1902994791666677,0.01792838541666667
train_episode,78150,63.981028378009796,0.44207621256510415,,,,
train_episode,78300,65.40451046824455,0.43410135904947916,,,,
train_episode,78450,64.65762320160866,0.42911092122395833,,,,
train_episode,78600,65.46349081397057,0.4345094807942708,,,,
train_episode,78750,65.82029211521149,0.4368898518880208,,,,
train_episode,78900,65.45630887150764,0.4345241292317708,,,,
train_episode,79050,66.0206908583641,0.43826151529947915,,,,
train_episode,79200,66.36286413669586,0.44063924153645834,,,,
train_episode,79350,66.39805108308792,0.44075602213541665,,,,
train_episode,79500,66.4161174595356,0.44091166178385416,,,,
train_episode,79650,66.50392663478851,0.44153523763020835,,,,
train_episode,79800,66.82477831840515,0.44372212727864585,,,,
train_episode,79950,67.24859628081322,0.44647786458333333,,,,
train_episode,80100,66.20727521181107,0.43959391276041665,,,,
train_episode,80250,66.34668964147568,0.440533447265625,,,,
train_episode,80400,67.63258901238441,0.4491278076171875,,,,
train_episode,80550,66.64904776215553,0.4425252278645833,,,,
train_episode,80700,67.92653396725655,0.4510776774088542,,,,
train_episode,80850,68.18983981013298,0.45285400390625,,,,
train_episode,81000,66.8091230392456,0.443568115234375,,,,
train_episode,81150,67.26276656985283,0.44659749348958333,,,,
train_episode,81300,66.58470636606216,0.4420115152994792,,,,
train_episode,81450,66.8304443359375,0.4436033121744792,,,,
train_episode,81600,68.23603320121765,0.4529949951171875,,,,
train_episode,81750,68.0138652920723,0.4514994303385417,,,,
train_episode,81900,66.93273931741714,0.44429931640625,,,,
train_episode,82050,67.33052584528923,0.4470013427734375,,,,
train_episode,82200,67.1996459364891,0.44611958821614583,,,,
train_episode,82350,68.41290301084518,0.4542106119791667,,,,
train_episode,82500,66.39570099115372,0.440706787109375,,,,
train_episode,82650,66.24631756544113,0.4397320556640625,,,,
train_episode,82800,67.20231145620346,0.4460687255859375,,,,
train_episode,82950,67.01390597224236,0.4449391682942708,,,,
train_episode,83100,67.56396499276161,0.44846700032552084,,,,
train_episode,83250,66.65450033545494,0.4424106852213542,,,,
train_episode,83400,65.82650762796402,0.4368790690104167,,,,
train_episode,83550,66.93795815110207,0.4442592366536458,,,,
train_episode,83700,65.70859757065773,0.43607177734375,,,,
train_episode,83850,65.08960989117622,0.4318971761067708,,,,
train_episode,84000,65.35106399655342,0.4336671956380208,,,,
eval,84000,,,,,6.875846354166663,0.042395833333333334
train_episode,84150,66.10075893998146,0.4844386800130208,,,,
train_episode,84300,66.46184265613556,0.4410064697265625,,,,
train_episode,84450,65.10412606596947,0.4319903564453125,,,,
train_episode,84600,65.95373523235321,0.43771809895833336,,,,
train_episode,84750,65.12159225344658,0.43212015787760416,,,,
train_episode,84900,63.42788702249527,0.4206620279947917,,,,
train_episode,85050,63.70025610923767,0.4225732421875,,,,
train_episode,85200,64.4869998395443,0.427744140625,,,,
train_episode,85350,63.17841598391533,0.41903340657552085,,,,
train_episode,85500,64.07054653763771,0.42500874837239583,,,,
train_episode,85650,64.16578167676926,0.4257122802734375,,,,
train_episode,85800,62.59235617518425,0.41516276041666667,,,,
train_episode,85950,63.588053435087204,0.4219122314453125,,,,
train_episode,86100,63.58583581447601,0.4218141682942708,,,,
train_episode,86250,62.06088250875473,0.41156331380208333,,,,
train_episode,86400,62.95062270760536,0.4175215657552083,,,,
train_episode,86550,61.574900686740875,0.4083103434244792,,,,
train_episode,86700,63.14246624708176,0.4188838704427083,,,,
train_episode,86850,62.10968005657196,0.41191975911458334,,,,
train_episode,87000,61.07286560535431,0.40491678873697917,,,,
train_episode,87150,60.351959347724915,0.40016255696614583,,,,
train_episode,87300,63.68902575969696,0.42256551106770834,,,,
train_episode,87450,61.023640900850296,0.40458516438802083,,,,
train_episode,87600,61.23199447989464,0.40602457682291665,,,,
train_episode,87750,61.36328122019768,0.40688252766927085,,,,
train_episode,87900,60.99717181921005,0.40447041829427083,,,,
train_episode,88050,62.394663363695145,0.41391438802083336,,,,
train_episode,88200,63.25200381875038,0.4195947265625,,,,
train_episode,88350,61.98301205039024,0.4110740152994792,,,,
train_episode,88500,62.803069949150085,0.416710205078125,,,,
train_episode,88650,63.43105059862137,0.42084940592447917,,,,
train_episode,88800,63.181925535202026,0.41921854654947915,,,,
train_episode,88950,64.63451117277145,0.42893900553385417,,,,
train_episode,89100,62.97809836268425,0.41771565755208334,,,,
train_episode,89250,63.24983698129654,0.4197513834635417,,,,
train_episode,89400,63.44992071390152,0.420975341796875,,,,
train_episode,89550,64.77707919478416,0.4299009195963542,,,,
train_episode,89700,64.48118075728416,0.4279789225260417,,,,
train_episode,89850,63.774556428194046,0.42308980305989585,,,,
train_episode,90000,64.57636505365372,0.42858683268229164,,,,
eval,90000,,,,,5.963281249999997,0.03628125
train_episode,90150,64.14013686776161,0.4562396240234375,,,,
train_episode,90300,63.232411593198776,0.4195908610026042,,,,
train_episode,90450,63.898763209581375,0.4240059407552083,,,,
train_episode,90600,64.01700818538666,0.42481831868489583,,,,
train_episode,90750,65.20819091796875,0.43281148274739584,,,,
train_episode,90900,64.28533938527107,0.4266204833984375,,,,
train_episode,91050,65.74337747693062,0.43635009765625,,,,
train_episode,91200,66.74574768543243,0.44314229329427085,,,,
train_episode,91350,65.80934658646584,0.43684956868489583,,,,
train_episode,91500,66.40503942966461,0.44077128092447915,,,,
train_episode,91650,66.87999483942986,0.44404052734375,,,,
train_episode,91800,65.76491287350655,0.4365946451822917,,,,
train_episode,91950,65.89603698253632,0.437401123046875,,,,
train_episode,92100,65.86385083198547,0.43720906575520835,,,,
train_episode,92250,65.8450722694397,0.4371002197265625,,,,
train_episode,92400,66.14751151204109,0.4392132568359375,,,,
train_episode,92550,66.24407944083214,0.4396881103515625,,,,
train_episode,92700,67.92776498198509,0.45096028645833336,,,,
train_episode,92850,66.34019994735718,0.44047465006510417,,,,
train_episode,93000,67.28564450144768,0.4468149820963542,,,,
train_episode,93150,65.88670855760574,0.43744547526041666,,,,
train_episode,93300,65.41114300489426,0.43415690104166665,,,,
train_episode,93450,63.38929206132889,0.42059183756510415,,,,
train_episode,93600,66.40647378563881,0.4408310953776042,,,,
train_episode,93750,64.55751568078995,0.42844523111979166,,,,
train_episode,93900,65.80773955583572,0.43673502604166664,,,,
train_episode,94050,65.97526031732559,0.43794576009114583,,,,
train_episode,94200,65.53680422902107,0.4349363199869792,,,,
train_episode,94350,65.52142304182053,0.4349568684895833,,,,
train_episode,94500,65.8631083369255,0.4370650227864583,,,,
train_episode,94650,65.00046822428703,0.4314851888020833,,,,
train_episode,94800,64.26330551505089,0.4264524332682292,,,,
train_episode,94950,64.01433318853378,0.4247698974609375,,,,
train_episode,95100,62.931437104940414,0.417437744140625,,,,
train_episode,95250,62.560241758823395,0.415059814453125,,,,
train_episode,95400,63.99722304940224,0.4246016438802083,,,,
train_episode,95550,62.86272153258324,0.41709493001302084,,,,
train_episode,95700,63.41055300831795,0.42076029459635417,,,,
train_episode,95850,63.55874639749527,0.4217454020182292,,,,
train_episode,96000,62.664083033800125,0.41576171875,,,,
eval,96000,,,,,13.491731770833335,0.08662760416666666
train_episode,96150,62.86349481344223,0.5372119140625,,,,
train_episode,96300,63.0045168697834,0.4180621337890625,,,,
train_episode,96450,63.40634152293205,0.4207969156901042,,,,
train_episode,96600,63.14737945795059,0.4190470377604167,,,,
train_episode,96750,63.714212983846664,0.42290568033854165,,,,
train_episode,96900,63.857564091682434,0.4238970947265625,,,,
train_episode,97050,65.07908096909523,0.4320957438151042,,,,
train_episode,97200,64.84291589260101,0.4304347737630208,,,,
train_episode,97350,65.55975350737572,0.4352532958984375,,,,
train_episode,97500,64.6701762676239,0.4293438720703125,,,,
train_episode,97650,65.05224597454071,0.4318929036458333,,,,
train_episode,97800,64.91037014126778,0.4309458414713542,,,,
train_episode,97950,64.15311709046364,0.425870361328125,,,,
train_episode,98100,65.4237976372242,0.43430399576822915,,,,
train_episode,98250,64.84957855939865,0.4305165608723958,,,,
train_episode,98400,64.641886562109,0.42911112467447915,,,,
train_episode,98550,65.74889153242111,0.43663716634114585,,,,
train_episode,98700,64.27866634726524,0.42674336751302083,,,,
train_episode,98850,65.68587240576744,0.43618855794270833,,,,
train_episode,99000,63.503153413534164,0.421614990234375,,,,
train_episode,99150,65.43023678660393,0.4345172119140625,,,,
train_episode,99300,65.35388195514679,0.43397684733072917,,,,
train_episode,99450,65.41263854503632,0.4344407145182292,,,,
train_episode,99600,66.31980377435684,0.4404829915364583,,,,
train_episode,99750,66.5627133846283,0.4420774332682292,,,,
train_episode,99900,67.68431606888771,0.44962992350260417,,,,
train_episode,100050,67.33909100294113,0.4472910563151042,,,,
train_episode,100200,65.71774315834045,0.4363505045572917,,,,
train_episode,100350,68.4933368563652,0.4550404866536458,,,,
train_episode,100500,66.90668761730194,0.4445172119140625,,,,
train_episode,100650,67.40785735845566,0.44779622395833335,,,,
train_episode,100800,67.97970592975616,0.4516603597005208,,,,
train_episode,100950,66.95508822798729,0.4447932942708333,,,,
train_episode,101100,67.12672901153564,0.445870361328125,,,,
train_episode,101250,65.7240597307682,0.436561279296875,,,,
train_episode,101400,66.56651812791824,0.44219319661458334,,,,
train_episode,101550,65.84360766410828,0.437376708984375,,,,
train_episode,101700,65.7221374809742,0.43653299967447917,,,,
train_episode,101850,64.00076302886009,0.4250417073567708,,,,
train_episode,102000,64.33700609207153,0.4273297119140625,,,,
eval,102000,,,,,28.966341145833326,0.1899765625
train_episode,102150,66.40174382925034,0.6290388997395834,,,,
train_episode,102300,63.633402705192566,0.42251505533854167,,,,
train_episode,102450,64.16306567192078,0.4261566162109375,,,,
train_episode,102600,65.07803326845169,0.43225972493489584,,,,
train_episode,102750,64.14180514216423,0.42607421875,,,,
train_episode,102900,63.91965737938881,0.4245513916015625,,,,
train_episode,103050,65.35995477437973,0.434176025390625,,,,
train_episode,103200,65.35127782821655,0.4339628092447917,,,,
train_episode,103350,64.97185257077217,0.431533203125,,,,
train_episode,103500,66.15321838855743,0.4395271809895833,,,,
train_episode,103650,63.81323251128197,0.42376708984375,,,,
train_episode,103800,65.43715441226959,0.4347003173828125,,,,
train_episode,103950,65.46436551213264,0.4349456787109375,,,,
train_episode,104100,64.18982994556427,0.42636189778645833,,,,
train_episode,104250,63.52778112888336,0.421932373046875,,,,
train_episode,104400,64.71311444044113,0.4297664388020833,,,,
train_episode,104550,64.51939898729324,0.428504638671875,,,,
train_episode,104700,62.76419070363045,0.4168400065104167,,,,
train_episode,104850,63.931904911994934,0.42468363444010415,,,,
train_episode,105000,63.979644536972046,0.4249810791015625,,,,
train_episode,105150,63.35126766562462,0.4207366943359375,,,,
train_episode,105300,66.95566791296005,0.444913330078125,,,,
train_episode,105450,65.44055178761482,0.43478251139322915,,,,
train_episode,105600,65.98541277647018,0.43850809733072915,,,,
train_episode,105750,66.94869962334633,0.4448834228515625,,,,
train_episode,105900,66.30121886730194,0.44056620279947917,,,,
train_episode,106050,66.46718320250511,0.4416859944661458,,,,
train_episode,106200,66.3400576710701,0.44085306803385416,,,,
train_episode,106350,66.4293520450592,0.44135904947916665,,,,
train_episode,106500,67.22479224205017,0.446739501953125,,,,
train_episode,106650,66.45250427722931,0.4416507975260417,,,,
train_episode,106800,67.74946090579033,0.45022135416666664,,,,
train_episode,106950,68.76238000392914,0.4569976806640625,,,,
train_episode,107100,68.85633316636086,0.45772176106770834,,,,
train_episode,107250,69.15611791610718,0.4596990966796875,,,,
train_episode,107400,68.6531066596508,0.456339111328125,,,,
train_episode,107550,68.41096013784409,0.4547654215494792,,,,
train_episode,107700,68.93005365133286,0.45818359375,,,,
train_episode,107850,68.76374313235283,0.45712443033854167,,,,
train_episode,108000,69.21469116210938,0.4601064046223958,,,,
eval,108000,,,,,22.736718749999987,0.14840494791666667
train_episode,108150,68.3745933175087,0.614503173828125,,,,
train_episode,108300,67.76389589905739,0.45033060709635414,,,,
train_episode,108450,67.54275491833687,0.4489109293619792,,,,
train_episode,108600,67.52019253373146,0.4487459309895833,,,,
train_episode,108750,68.36372864246368,0.45440531412760415,,,,
train_episode,108900,67.60735067725182,0.4493684895833333,,,,
train_episode,109050,68.11472561955452,0.45280375162760417,,,,
train_episode,109200,69.36485806107521,0.4611484781901042,,,,
train_episode,109350,69.01393637061119,0.4587762451171875,,,,
train_episode,109500,68.42750036716461,0.4548160807291667,,,,
train_episode,109650,69.57575491070747,0.4625341796875,,,,
train_episode,109800,68.55126965045929,0.45566650390625,,,,
train_episode,109950,69.07392391562462,0.4591961669921875,,,,
train_episode,110100,67.86162289977074,0.4510038248697917,,,,
train_episode,110250,67.8235373198986,0.4508331298828125,,,,
train_episode,110400,69.19737759232521,0.4600368245442708,,,,
train_episode,110550,68.87886548042297,0.45790283203125,,,,
train_episode,110700,68.34007745981216,0.45425984700520833,,,,
train_episode,110850,68.96582022309303,0.4584576416015625,,,,
train_episode,111000,68.84922274947166,0.4576649983723958,,,,
train_episode,111150,68.72616583108902,0.45686258951822917,,,,
train_episode,111300,66.59914165735245,0.4425858561197917,,,,
train_episode,111450,68.28347763419151,0.4538604736328125,,,,
train_episode,111600,66.11631262302399,0.43937296549479166,,,,
train_episode,111750,67.74177020788193,0.4503273518880208,,,,
train_episode,111900,67.56483960151672,0.4490230305989583,,,,
train_episode,112050,67.03715017437935,0.4455391438802083,,,,
train_episode,112200,66.57905063033104,0.442379150390625,,,,
train_episode,112350,66.31824734807014,0.44073588053385415,,,,
train_episode,112500,66.42682886123657,0.44141825358072917,,,,
train_episode,112650,68.12015789747238,0.45283447265625,,,,
train_episode,112800,66.49233004450798,0.44189066569010416,,,,
train_episode,112950,65.56832897663116,0.435655517578125,,,,
train_episode,113100,67.05356848239899,0.445635986328125,,,,
train_episode,113250,66.50143432617188,0.4419020589192708,,,,
train_episode,113400,66.80674225091934,0.4439178466796875,,,,
train_episode,113550,67.10872414708138,0.44595743815104166,,,,
train_episode,113700,66.49565634131432,0.441793212890625,,,,
train_episode,113850,65.85479751229286,0.43743998209635415,,,,
train_episode,114000,67.68940225243568,0.4498518880208333,,,,
eval,114000,,,,,19.333333333333325,0.12565625000000002
train_episode,114150,68.13599622249603,0.5641619873046875,,,,
train_episode,114300,68.27674371004105,0.45370564778645833,,,,
train_episode,114450,67.87546783685684,0.4509348551432292,,,,
train_episode,114600,68.52202346920967,0.45537882486979164,,,,
train_episode,114750,69.1239523589611,0.4594219970703125,,,,
train_episode,114900,69.9754946231842,0.46503804524739584,,,,
train_episode,115050,69.20232108235359,0.4599123128255208,,,,
train_episode,115200,69.27371248602867,0.4603757731119792,,,,
train_episode,115350,69.5719096660614,0.46239115397135416,,,,
train_episode,115500,69.62871301174164,0.4627024332682292,,,,
train_episode,115650,70.58633407950401,0.46918172200520836,,,,
train_episode,115800,69.90514087677002,0.4645806884765625,,,,
train_episode,115950,70.31685388088226,0.46736735026041665,,,,
train_episode,116100,69.66952502727509,0.46307963053385415,,,,
train_episode,116250,70.34560140967369,0.46749715169270833,,,,
train_episode,116400,69.773478358984,0.4637192789713542,,,,
train_episode,116550,71.19147726893425,0.4731699625651042,,,,
train_episode,116700,70.38962778449059,0.46781046549479166,,,,
train_episode,116850,70.69441744685173,0.4698724365234375,,,,
train_episode,117000,70.52192184329033,0.4686537679036458,,,,
train_episode,117150,69.91170233488083,0.4647314453125,,,,
train_episode,117300,70.31811487674713,0.4673455810546875,,,,
train_episode,117450,69.55987551808357,0.46226318359375,,,,
train_episode,117600,70.22766104340553,0.4667659505208333,,,,
train_episode,117750,70.6046852171421,0.46928568522135417,,,,
train_episode,117900,69.80863469839096,0.4640651448567708,,,,
train_episode,118050,69.30288708209991,0.46053426106770834,,,,
train_episode,118200,69.60203036665916,0.46253519694010414,,,,
train_episode,118350,69.1730244755745,0.4596728515625,,,,
train_episode,118500,69.57397443056107,0.4624224853515625,,,,
train_episode,118650,68.46516925096512,0.4549560546875,,,,
train_episode,118800,69.00691732764244,0.45855631510416667,,,,
train_episode,118950,68.86108392477036,0.45763285319010416,,,,
train_episode,119100,68.94353210926056,0.45826131184895835,,,,
train_episode,119250,69.40491738915443,0.4614027913411458,,,,
train_episode,119400,68.59176629781723,0.45580485026041667,,,,
train_episode,119550,67.58093264698982,0.4490968831380208,,,,
train_episode,119700,70.10670974850655,0.466021728515625,,,,
train_episode,119850,68.64920020103455,0.4562430826822917,,,,
train_episode,120000,68.88493850827217,0.45777791341145835,,,,
eval,120000,,,,,30.84309895833332,0.20259635416666666
train_episode,120150,68.92583203315735,0.6500968424479167,,,,
train_episode,120300,69.90398156642914,0.4646453857421875,,,,
train_episode,120450,69.65298464894295,0.46283548990885415,,,,
train_episode,120600,70.89590474963188,0.4710931396484375,,,,
train_episode,120750,69.30760726332664,0.4605995686848958,,,,
train_episode,120900,69.28244024515152,0.4603957112630208,,,,
train_episode,121050,69.5640058517456,0.46231486002604166,,,,
train_episode,121200,69.84967064857483,0.46418172200520835,,,,
train_episode,121350,70.1230876147747,0.46598490397135417,,,,
train_episode,121500,69.6159263253212,0.4626129150390625,,,,
train_episode,121650,70.71325650811195,0.4699005126953125,,,,
train_episode,121800,70.74430334568024,0.4700236002604167,,,,
train_episode,121950,70.61277252435684,0.46916341145833335,,,,
train_episode,122100,70.93360382318497,0.4713187662760417,,,,
train_episode,122250,70.75320452451706,0.46997965494791666,,,,
train_episode,122400,70.48321524262428,0.46820271809895836,,,,
train_episode,122550,71.67443859577179,0.4762188720703125,,,,
train_episode,122700,70.52587872743607,0.4686090087890625,,,,
train_episode,122850,71.68536365032196,0.47627197265625,,,,
train_episode,123000,70.71080547571182,0.4697623697916667,,,,
train_episode,123150,71.46210739016533,0.4747853597005208,,,,
train_episode,123300,70.07684350013733,0.465513916015625,,,,
train_episode,123450,69.80178838968277,0.4637005615234375,,,,
train_episode,123600,70.83091226220131,0.47062357584635417,,,,
train_episode,123750,71.33056658506393,0.473951416015625,,,,
train_episode,123900,70.91903677582741,0.4711173502604167,,,,
train_episode,124050,71.51004031300545,0.47506327311197916,,,,
train_episode,124200,70.4875186085701,0.4682950846354167,,,,
train_episode,124350,70.81063833832741,0.4703759765625,,,,
train_episode,124500,70.73087579011917,0.46986572265625,,,,
train_episode,124650,70.6583046913147,0.46946024576822915,,,,
train_episode,124800,71.11932381987572,0.47263692220052084,,,,
train_episode,124950,71.69752994179726,0.4764569091796875,,,,
train_episode,125100,70.41558840870857,0.4679189046223958,,,,
train_episode,125250,71.47364267706871,0.47502298990885417,,,,
train_episode,125400,71.0996904373169,0.47248270670572917,,,,
train_episode,125550,70.67771434783936,0.4695086669921875,,,,
train_episode,125700,70.47974655032158,0.46823750813802084,,,,
train_episode,125850,70.69439685344696,0.4696199544270833,,,,
train_episode,126000,70.44727593660355,0.4679941813151042,,,,
eval,126000,,,,,25.46516927083332,0.16688671875
train_episode,126150,70.57384225726128,0.6868701171875,,,,
train_episode,126300,69.91412350535393,0.4643865966796875,,,,
train_episode,126450,70.30500313639641,0.467021484375,,,,
train_episode,126600,69.01640835404396,0.458421630859375,,,,
train_episode,126750,69.17431652545929,0.459542236328125,,,,
train_episode,126900,70.15200805664062,0.4661564127604167,,,,
train_episode,127050,70.49883008003235,0.46848103841145833,,,,
train_episode,127200,68.38402304053307,0.4542917887369792,,,,
train_episode,127350,69.40538537502289,0.4611529541015625,,,,
train_episode,127500,70.13301607966423,0.4659722900390625,,,,
train_episode,127650,69.6774089038372,0.462947998046875,,,,
train_episode,127800,69.30996707081795,0.46038981119791667,,,,
train_episode,127950,70.80798342823982,0.47056376139322914,,,,
train_episode,128100,69.98132321238518,0.4649021402994792,,,,
train_episode,128250,69.387685328722,0.4609733072916667,,,,
train_episode,128400,69.13355499505997,0.4592519124348958,,,,
train_episode,128550,68.98962411284447,0.45839070638020835,,,,
train_episode,128700,69.33815509080887,0.4606681315104167,,,,
train_episode,128850,69.60687276721,0.4624251302083333,,,,
train_episode,129000,69.54818749427795,0.4621148681640625,,,,
train_episode,129150,69.65008547902107,0.46270365397135416,,,,
train_episode,129300,69.37514233589172,0.4608408610026042,,,,
train_episode,129450,70.1030984222889,0.4657177734375,,,,
train_episode,129600,69.92472320795059,0.46450602213541664,,,,
train_episode,129750,69.3509621322155,0.46073465983072914,,,,
train_episode,129900,71.08828735351562,0.47235595703125,,,,
train_episode,130050,70.18335977196693,0.46628499348958335,,,,
train_episode,130200,69.21763089299202,0.4597977701822917,,,,
train_episode,130350,70.24651089310646,0.466614990234375,,,,
train_episode,130500,71.15065503120422,0.4726133219401042,,,,
train_episode,130650,71.73973587155342,0.47657633463541665,,,,
train_episode,130800,70.99223840236664,0.4714937337239583,,,,
train_episode,130950,71.79822811484337,0.476927490234375,,,,
train_episode,131100,72.00434377789497,0.4783306884765625,,,,
train_episode,131250,72.24660211801529,0.4798663330078125,,,,
train_episode,131400,72.94225066900253,0.48453592936197915,,,,
train_episode,131550,72.88059508800507,0.48401611328125,,,,
train_episode,131700,72.86973059177399,0.48400736490885415,,,,
train_episode,131850,73.98346948623657,0.4914754231770833,,,,
train_episode,132000,72.43077600002289,0.4810587565104167,,,,
eval,132000,,,,,26.225130208333326,0.17171354166666666
train_episode,132150,72.99038723111153,0.6732373046875,,,,
train_episode,132300,74.34648659825325,0.4937819417317708,,,,
train_episode,132450,73.32108542323112,0.4869158935546875,,,,
train_episode,132600,72.17840567231178,0.47930582682291667,,,,
train_episode,132750,72.11848929524422,0.478802490234375,,,,
train_episode,132900,72.5656535923481,0.48191487630208335,,,,
train_episode,133050,72.70289131999016,0.4828725179036458,,,,
train_episode,133200,74.08861303329468,0.492105712890625,,,,
train_episode,133350,73.74718219041824,0.48996053059895833,,,,
train_episode,133500,73.32856225967407,0.4870371500651042,,,,
train_episode,133650,73.39083844423294,0.4875018310546875,,,,
train_episode,133800,75.28448435664177,0.5001708984375,,,,
train_episode,133950,74.6289472579956,0.49577962239583334,,,,
train_episode,134100,74.14954626560211,0.4926434326171875,,,,
train_episode,134250,74.51222747564316,0.49498616536458334,,,,
train_episode,134400,74.20090720057487,0.49287312825520835,,,,
train_episode,134550,74.38613945245743,0.49413472493489585,,,,
train_episode,134700,74.50817868113518,0.4950347900390625,,,,
train_episode,134850,74.51451602578163,0.4949993896484375,,,,
train_episode,135000,74.21773290634155,0.49296223958333335,,,,
train_episode,135150,74.774587392807,0.4967494710286458,,,,
train_episode,135300,75.20089700818062,0.49954569498697915,,,,
train_episode,135450,73.94559717178345,0.491214599609375,,,,
train_episode,135600,74.58924379944801,0.49540120442708335,,,,
train_episode,135750,76.04652908444405,0.5052549235026041,,,,
train_episode,135900,75.45660427212715,0.5011631266276042,,,,
train_episode,136050,74.49159771203995,0.4948683675130208,,,,
train_episode,136200,75.52950039505959,0.5017036946614584,,,,
train_episode,136350,75.26721188426018,0.49998636881510417,,,,
train_episode,136500,75.7303774356842,0.5031327311197916,,,,
train_episode,136650,75.45090740919113,0.5011850992838541,,,,
train_episode,136800,74.95862811803818,0.4979254150390625,,,,
train_episode,136950,75.91280126571655,0.504361572265625,,,,
train_episode,137100,75.65518194437027,0.5025142415364583,,,,
train_episode,137250,75.77557370066643,0.5034523518880208,,,,
train_episode,137400,75.47741678357124,0.501495361328125,,,,
train_episode,137550,75.48898282647133,0.5014483642578125,,,,
train_episode,137700,75.68512016534805,0.5027028401692708,,,,
train_episode,137850,75.08585673570633,0.49875081380208336,,,,
train_episode,138000,75.36896741390228,0.5005222574869792,,,,
eval,138000,,,,,48.75351562499999,0.3229752604166667
train_episode,138150,76.16073635220528,0.8705401611328125,,,,
train_episode,138300,76.0977172255516,0.5054856363932292,,,,
train_episode,138450,76.42932158708572,0.5077113850911459,,,,
train_episode,138600,75.27123960852623,0.49992777506510416,,,,
train_episode,138750,75.5935363471508,0.5020363362630208,,,,
train_episode,138900,75.18931064009666,0.499434814453125,,,,
train_episode,139050,75.54138180613518,0.5017513020833333,,,,
train_episode,139200,74.98402887582779,0.49794881184895834,,,,
train_episode,139350,75.50863599777222,0.5014310709635417,,,,
train_episode,139500,75.55952936410904,0.5017769368489583,,,,
train_episode,139650,75.0437723994255,0.49834574381510416,,,,
train_episode,139800,75.89911916851997,0.5040435791015625,,,,
train_episode,139950,75.53297993540764,0.5016282145182291,,,,
train_episode,140100,75.2518818974495,0.4997434488932292,,,,
train_episode,140250,75.95732602477074,0.5044740804036458,,,,
train_episode,140400,75.60824590921402,0.5021775309244791,,,,
train_episode,140550,74.62577304244041,0.495528564453125,,,,
train_episode,140700,75.59531620144844,0.5019765218098958,,,,
train_episode,140850,75.48647031188011,0.5013362630208333,,,,
train_episode,141000,75.63494864106178,0.5022491455078125,,,,
train_episode,141150,75.04548192024231,0.49840962727864585,,,,
train_episode,141300,74.91395053267479,0.4973935953776042,,,,
train_episode,141450,75.09477731585503,0.49875,,,,
train_episode,141600,75.21243333816528,0.4995088704427083,,,,
train_episode,141750,75.43080669641495,0.5009499104817708,,,,
train_episode,141900,75.47437533736229,0.5012607828776041,,,,
train_episode,142050,74.79035502672195,0.49655985514322915,,,,
train_episode,142200,75.01808705925941,0.49815673828125,,,,
train_episode,142350,75.4944457411766,0.5014208984375,,,,
train_episode,142500,75.302439391613,0.500054931640625,,,,
train_episode,142650,75.10990396142006,0.4989581298828125,,,,
train_episode,142800,75.99052971601486,0.504688720703125,,,,
train_episode,142950,75.50365188717842,0.5014670817057292,,,,
train_episode,143100,75.18850693106651,0.49933736165364584,,,,
train_episode,143250,75.49849516153336,0.5014430745442708,,,,
train_episode,143400,75.92916870117188,0.5043391927083334,,,,
train_episode,143550,75.82259124517441,0.5036924235026041,,,,
train_episode,143700,75.49346935749054,0.5014939371744792,,,,
train_episode,143850,75.22979724407196,0.4997428385416667,,,,
train_episode,144000,75.35044384002686,0.5005198160807292,,,,
eval,144000,,,,,60.547265625,0.40218229166666664
train_episode,144150,75.5249633193016,0.9148099772135416,,,,
train_episode,144300,75.66663637757301,0.502615966796875,,,,
train_episode,144450,74.911173671484,0.49752115885416665,,,,
train_episode,144600,74.05482983589172,0.4919022623697917,,,,
train_episode,144750,75.14663705229759,0.49910400390625,,,,
train_episode,144900,74.5787555873394,0.495418701171875,,,,
train_episode,145050,73.73085498809814,0.4896722412109375,,,,
train_episode,145200,73.73065215349197,0.48966898600260417,,,,
train_episode,145350,73.30203232169151,0.48687581380208333,,,,
train_episode,145500,73.33417782187462,0.4870428466796875,,,,
train_episode,145650,73.42834454774857,0.48761332194010415,,,,
train_episode,145800,72.49621576070786,0.48142659505208335,,,,
train_episode,145950,72.39865109324455,0.4807318115234375,,,,
train_episode,146100,72.217498421669,0.479619140625,,,,
train_episode,146250,72.5313213467598,0.4817000325520833,,,,
train_episode,146400,73.49551412463188,0.488101806640625,,,,
train_episode,146550,72.77668258547783,0.4833203125,,,,
train_episode,146700,74.20839443802834,0.49282206217447916,,,,
train_episode,146850,73.33365875482559,0.4870481363932292,,,,
train_episode,147000,72.41870102286339,0.48086344401041664,,,,
train_episode,147150,72.85983255505562,0.4838543701171875,,,,
train_episode,147300,72.62002566456795,0.4822084554036458,,,,
train_episode,147450,72.52832064032555,0.48165303548177085,,,,
train_episode,147600,73.8642578125,0.49056844075520833,,,,
train_episode,147750,73.04439276456833,0.485025634765625,,,,
train_episode,147900,73.32262173295021,0.48690226236979167,,,,
train_episode,148050,73.22254413366318,0.4861295572916667,,,,
train_episode,148200,73.26327511668205,0.4864601643880208,,,,
train_episode,148350,73.42882287502289,0.4874761962890625,,,,
train_episode,148500,72.64138796925545,0.48233479817708336,,,,
train_episode,148650,73.46694952249527,0.4878434244791667,,,,
train_episode,148800,73.40376794338226,0.48743815104166666,,,,
train_episode,148950,73.24786373972893,0.4863285319010417,,,,
train_episode,149100,73.02737441658974,0.4849072265625,,,,
train_episode,149250,72.3668620288372,0.48043192545572916,,,,
train_episode,149400,70.9767253100872,0.4711942545572917,,,,
train_episode,149550,72.33791118860245,0.4801912434895833,,,,
train_episode,149700,71.74052929878235,0.4761728922526042,,,,
train_episode,149850,72.33047491312027,0.48017801920572917,,,,
train_episode,150000,71.85232555866241,0.47703348795572914,,,,
eval,150000,,,,,35.909830729166664,0.23744401041666668
train_episode,150150,71.8280231654644,0.7479398600260416,,,,
train_episode,150300,71.15536457300186,0.47247639973958333,,,,
train_episode,150450,72.17268893122673,0.4792173258463542,,,,
train_episode,150600,71.61843866109848,0.475472412109375,,,,
train_episode,150750,71.26669308543205,0.473206787109375,,,,
train_episode,150900,71.41125503182411,0.4741365559895833,,,,
train_episode,151050,71.56826782226562,0.4751641845703125,,,,
train_episode,151200,71.95324712991714,0.47783772786458334,,,,
train_episode,151350,72.76894119381905,0.48325215657552084,,,,
train_episode,151500,71.971638828516,0.47790669759114585,,,,
train_episode,151650,72.0301411151886,0.47830790201822915,,,,
train_episode,151800,72.49448662996292,0.4813612874348958,,,,
train_episode,151950,71.43195614218712,0.47439900716145833,,,,
train_episode,152100,71.84747317433357,0.47711568196614584,,,,
train_episode,152250,72.8905742764473,0.4842364501953125,,,,
train_episode,152400,72.08705642819405,0.4787752278645833,,,,
train_episode,152550,73.80394470691681,0.49029195149739585,,,,
train_episode,152700,73.21641030907631,0.48635660807291664,,,,
train_episode,152850,72.99331679940224,0.4848551432291667,,,,
train_episode,153000,73.96646130084991,0.4914056396484375,,,,
train_episode,153150,72.75395712256432,0.48338216145833335,,,,
train_episode,153300,72.76530998945236,0.4834722900390625,,,,
train_episode,153450,73.28462731838226,0.48698221842447914,,,,
train_episode,153600,74.1151430606842,0.49252156575520833,,,,
train_episode,153750,73.45083630084991,0.488045654296875,,,,
train_episode,153900,74.20207723975182,0.49313944498697915,,,,
train_episode,154050,73.05074062943459,0.4854203287760417,,,,
train_episode,154200,74.15085843205452,0.4926953125,,,,
train_episode,154350,74.22259521484375,0.49334920247395836,,,,
train_episode,154500,73.66992196440697,0.4896293131510417,,,,
train_episode,154650,74.01225766539574,0.49190653483072916,,,,
train_episode,154800,73.21808844804764,0.48654378255208336,,,,
train_episode,154950,73.81143209338188,0.4905653889973958,,,,
train_episode,155100,73.56675234436989,0.4889756266276042,,,,
train_episode,155250,72.89470425248146,0.4845074462890625,,,,
train_episode,155400,74.00326535105705,0.49187113444010416,,,,
train_episode,155550,73.19587206840515,0.48649943033854165,,,,
train_episode,155700,72.61683136224747,0.48267232259114584,,,,
train_episode,155850,71.85385116934776,0.4775642903645833,,,,
train_episode,156000,71.29603073000908,0.47376912434895835,,,,
eval,156000,,,,,65.52005208333333,0.43523177083333336
train_episode,156150,72.00616455078125,0.8918894449869792,,,,
train_episode,156300,71.58907067775726,0.4757130940755208,,,,
train_episode,156450,71.75325500965118,0.47679443359375,,,,
train_episode,156600,72.13152074813843,0.4793505859375,,,,
train_episode,156750,72.03040555119514,0.478631591796875,,,,
train_episode,156900,72.00367227196693,0.478486328125,,,,
train_episode,157050,72.51741540431976,0.48187906901041666,,,,
train_episode,157200,72.28322386741638,0.4803004964192708,,,,
train_episode,157350,71.12566128373146,0.472568359375,,,,
train_episode,157500,71.58917248249054,0.47571492513020835,,,,
train_episode,157650,71.25448608398438,0.47332560221354164,,,,
train_episode,157800,71.32486990094185,0.47389546712239583,,,,
train_episode,157950,70.74791485071182,0.47006612141927084,,,,
train_episode,158100,71.94235211610794,0.47796549479166667,,,,
train_episode,158250,71.47592177987099,0.4748488362630208,,,,
train_episode,158400,71.25565606355667,0.47348103841145833,,,,
train_episode,158550,71.14947509765625,0.47285380045572917,,,,
train_episode,158700,70.50894185900688,0.46842122395833335,,,,
train_episode,158850,71.02027398347855,0.47190185546875,,,,
train_episode,159000,70.01835125684738,0.4651971435546875,,,,
train_episode,159150,70.94092833995819,0.47137349446614585,,,,
train_episode,159300,69.95148774981499,0.464803466796875,,,,
train_episode,159450,70.47679623961449,0.468284912109375,,,,
train_episode,159600,70.90349307656288,0.47113240559895836,,,,
train_episode,159750,71.54779082536697,0.47535786946614583,,,,
train_episode,159900,70.59734091162682,0.46899576822916667,,,,
train_episode,160050,71.52870669960976,0.4753468831380208,,,,
train_episode,160200,70.65052303671837,0.4694295247395833,,,,
train_episode,160350,71.22419282793999,0.4733176676432292,,,,
train_episode,160500,70.30419909954071,0.46714925130208335,,,,
train_episode,160650,71.34807351231575,0.47411783854166667,,,,
train_episode,160800,70.40878278017044,0.46780721028645833,,,,
train_episode,160950,70.09363806247711,0.4656494140625,,,,
train_episode,161100,70.81831875443459,0.4705375162760417,,,,
train_episode,161250,70.86342376470566,0.47083658854166666,,,,
train_episode,161400,71.01533031463623,0.47181538899739583,,,,
train_episode,161550,70.77772015333176,0.47037862141927084,,,,
train_episode,161700,71.36806234717369,0.4742431640625,,,,
train_episode,161850,71.43541452288628,0.474571533203125,,,,
train_episode,162000,72.27904236316681,0.480313720703125,,,,
eval,162000,,,,,62.866992187499974,0.4172317708333333
train_episode,162150,73.15884357690811,0.8974599202473958,,,,
train_episode,162300,72.22522017359734,0.47991353352864585,,,,
train_episode,162450,72.35948720574379,0.480830078125,,,,
train_episode,162600,71.99321496486664,0.47827351888020836,,,,
train_episode,162750,71.72778335213661,0.47656941731770835,,,,
train_episode,162900,73.15398132801056,0.48618408203125,,,,
train_episode,163050,72.95232111215591,0.484649658203125,,,,
train_episode,163200,72.2522377371788,0.4800616455078125,,,,
train_episode,163350,72.7707417011261,0.4835968017578125,,,,
train_episode,163500,72.50372287631035,0.4817582194010417,,,,
train_episode,163650,71.47260516881943,0.4748114013671875,,,,
train_episode,163800,72.0971069931984,0.47896993001302085,,,,
train_episode,163950,70.4020791053772,0.46768575032552084,,,,
train_episode,164100,70.69394940137863,0.4696073404947917,,,,
train_episode,164250,70.66490685939789,0.4694521077473958,,,,
train_episode,164400,71.39653497934341,0.4743117268880208,,,,
train_episode,164550,71.46109002828598,0.4746746826171875,,,,
train_episode,164700,71.51654079556465,0.4751495361328125,,,,
train_episode,164850,71.19389861822128,0.4727752685546875,,,,
train_episode,165000,70.50102737545967,0.4681109619140625,,,,
train_episode,165150,71.18196615576744,0.47277201334635416,,,,
train_episode,165300,70.38427719473839,0.4674601236979167,,,,
train_episode,165450,70.14395141601562,0.465810546875,,,,
train_episode,165600,70.56947818398476,0.46861083984375,,,,
train_episode,165750,71.98579931259155,0.4781591796875,,,,
train_episode,165900,71.13365656137466,0.4723944091796875,,,,
train_episode,166050,71.44206750392914,0.47434407552083335,,,,
train_episode,166200,71.38430777192116,0.47408223470052085,,,,
train_episode,166350,71.02917456626892,0.47167643229166667,,,,
train_episode,166500,71.35319033265114,0.4738008626302083,,,,
train_episode,166650,70.31129944324493,0.4668300374348958,,,,
train_episode,166800,71.26990747451782,0.4731876627604167,,,,
train_episode,166950,71.12699374556541,0.4722052001953125,,,,
train_episode,167100,70.51207482814789,0.46811787923177084,,,,
train_episode,167250,71.57806411385536,0.47527425130208334,,,,
train_episode,167400,70.54003924131393,0.46831400553385416,,,,
train_episode,167550,70.99042770266533,0.47125345865885415,,,,
train_episode,167700,70.48702991008759,0.46794270833333335,,,,
train_episode,167850,69.82645645737648,0.4635797119140625,,,,
train_episode,168000,70.18861880898476,0.46591267903645833,,,,
eval,168000,,,,,45.58059895833334,0.3016419270833333
train_episode,168150,69.92358395457268,0.7879774983723958,,,,
train_episode,168300,70.03222653269768,0.4650628662109375,,,,
train_episode,168450,70.4184672832489,0.46761474609375,,,,
train_episode,168600,70.43687954545021,0.46774454752604167,,,,
train_episode,168750,69.36098238825798,0.4605843098958333,,,,
train_episode,168900,69.89145910739899,0.464151611328125,,,,
train_episode,169050,70.40374773740768,0.4675421142578125,,,,
train_episode,169200,69.77764880657196,0.46343404134114585,,,,
train_episode,169350,71.17007434368134,0.4727425130208333,,,,
train_episode,169500,70.44090777635574,0.4677410888671875,,,,
train_episode,169650,70.4976195693016,0.4682240804036458,,,,
train_episode,169800,69.94405114650726,0.464600830078125,,,,
train_episode,169950,70.52328500151634,0.46834452311197916,,,,
train_episode,170100,69.40314731001854,0.4608251953125,,,,
train_episode,170250,69.65828436613083,0.46258951822916666,,,,
train_episode,170400,69.31034335494041,0.46033854166666666,,,,
train_episode,170550,69.74023434519768,0.4632122802734375,,,,
train_episode,170700,70.27880874276161,0.466795654296875,,,,
train_episode,170850,70.43062335252762,0.4676973470052083,,,,
train_episode,171000,70.37317901849747,0.467362060546875,,,,
train_episode,171150,70.26067098975182,0.46666605631510416,,,,
train_episode,171300,70.05742397904396,0.46521138509114585,,,,
train_episode,171450,70.06617224216461,0.46538675944010416,,,,
train_episode,171600,69.63389101624489,0.4624322509765625,,,,
train_episode,171750,70.29497280716896,0.4668359375,,,,
train_episode,171900,69.27434277534485,0.4600577799479167,,,,
train_episode,172050,69.73875913023949,0.46304463704427085,,,,
train_episode,172200,68.78587853908539,0.456810302734375,,,,
train_episode,172350,69.61146041750908,0.4622294108072917,,,,
train_episode,172500,68.86694324016571,0.457237548828125,,,,
train_episode,172650,69.6495566368103,0.46253580729166666,,,,
train_episode,172800,69.02946981787682,0.458336181640625,,,,
train_episode,172950,69.28009006381035,0.4599737548828125,,,,
train_episode,173100,68.2228492796421,0.4528706868489583,,,,
train_episode,173250,69.02133157849312,0.45824300130208334,,,,
train_episode,173400,68.67439785599709,0.455885009765625,,,,
train_episode,173550,67.68543490767479,0.4492439778645833,,,,
train_episode,173700,67.31923404335976,0.446871337890625,,,,
train_episode,173850,67.82022106647491,0.4501499430338542,,,,
train_episode,174000,68.05422988533974,0.45179829915364583,,,,
eval,174000,,,,,46.87246093750001,0.3102669270833333
train_episode,174150,67.65742021799088,0.7640602620442708,,,,
train_episode,174300,67.28131121397018,0.44649637858072916,,,,
train_episode,174450,67.41941329836845,0.4474717203776042,,,,
train_episode,174600,67.84276330471039,0.4501019287109375,,,,
train_episode,174750,67.40620896220207,0.4471966552734375,,,,
train_episode,174900,67.64113336801529,0.4488275146484375,,,,
train_episode,175050,67.7093608379364,0.4492266845703125,,,,
train_episode,175200,67.54188048839569,0.44809366861979166,,,,
train_episode,175350,68.13148000836372,0.4520660400390625,,,,
train_episode,175500,67.70838385820389,0.44917399088541665,,,,
train_episode,175650,67.54087355732918,0.4480946858723958,,,,
train_episode,175800,67.57282489538193,0.4484531656901042,,,,
train_episode,175950,67.64059445261955,0.4487961832682292,,,,
train_episode,176100,67.53872686624527,0.4481365966796875,,,,
train_episode,176250,67.38682040572166,0.44707417805989585,,,,
train_episode,176400,67.3760375380516,0.4470522054036458,,,,
train_episode,176550,68.3504030406475,0.45363505045572916,,,,
train_episode,176700,67.56566354632378,0.4483536783854167,,,,
train_episode,176850,67.9670307636261,0.4509954833984375,,,,
train_episode,177000,68.09841930866241,0.4519720458984375,,,,
train_episode,177150,68.41571003198624,0.454022216796875,,,,
train_episode,177300,67.27307143807411,0.446337890625,,,,
train_episode,177450,68.74568682909012,0.45624430338541666,,,,
train_episode,177600,68.17306509613991,0.45246480305989584,,,,
train_episode,177750,68.0291339457035,0.4515350341796875,,,,
train_episode,177900,68.9759826362133,0.45789449055989584,,,,
train_episode,178050,69.34884634613991,0.4603165690104167,,,,
train_episode,178200,69.1615601181984,0.45907999674479166,,,,
train_episode,178350,69.27824875712395,0.4598046875,,,,
train_episode,178500,69.97359210252762,0.46450663248697915,,,,
train_episode,178650,70.03327414393425,0.464951171875,,,,
train_episode,178800,69.93303421139717,0.4642692057291667,,,,
train_episode,178950,69.72192376852036,0.46295756022135415,,,,
train_episode,179100,69.59378057718277,0.4620027669270833,,,,
train_episode,179250,69.0320740044117,0.45835245768229166,,,,
train_episode,179400,70.61257946491241,0.468846435546875,,,,
train_episode,179550,69.70965558290482,0.4628216552734375,,,,
train_episode,179700,70.21923851966858,0.46615763346354167,,,,
train_episode,179850,70.98951235413551,0.4713466389973958,,,,
train_episode,180000,69.4919228553772,0.4613338216145833,,,,
eval,180000,,,,,59.28287760416667,0.3929375
train_episode,180150,69.64047238230705,0.8546529134114583,,,,
train_episode,180300,69.41566967964172,0.4608589680989583,,,,
train_episode,180450,70.00103768706322,0.46470499674479165,,,,
train_episode,180600,69.65321859717369,0.4624786376953125,,,,
train_episode,180750,68.85098296403885,0.4569976806640625,,,,
train_episode,180900,69.06242871284485,0.45835774739583335,,,,
train_episode,181050,68.68648281693459,0.45590087890625,,,,
train_episode,181200,69.6760763823986,0.4625370279947917,,,,
train_episode,181350,68.34676110744476,0.4536639404296875,,,,
train_episode,181500,68.26471975445747,0.45298665364583335,,,,
train_episode,181650,67.90436819195747,0.450621337890625,,,,
train_episode,181800,68.09419775009155,0.45195332845052083,,,,
train_episode,181950,68.09351614117622,0.4519124348958333,,,,
train_episode,182100,68.01559442281723,0.4513474527994792,,,,
train_episode,182250,67.24148541688919,0.4462046305338542,,,,
train_episode,182400,67.25311282277107,0.4462636311848958,,,,
train_episode,182550,66.64091992378235,0.4421055094401042,,,,
train_episode,182700,66.61456310749054,0.4419380696614583,,,,
train_episode,182850,66.66953527927399,0.44230550130208335,,,,
train_episode,183000,66.94798797369003,0.44413675944010417,,,,
train_episode,183150,66.51888012886047,0.4412972005208333,,,,
train_episode,183300,66.12053468823433,0.43859293619791667,,,,
train_episode,183450,67.33763641119003,0.4466884358723958,,,,
train_episode,183600,66.02337607741356,0.4379166666666667,,,,
train_episode,183750,66.6029866039753,0.4418389892578125,,,,
train_episode,183900,66.27419024705887,0.43972941080729167,,,,
train_episode,184050,66.86376976966858,0.4435886637369792,,,,
train_episode,184200,66.83218374848366,0.44337056477864584,,,,
train_episode,184350,66.50384521484375,0.44115315755208334,,,,
train_episode,184500,67.13360577821732,0.44546712239583336,,,,
train_episode,184650,67.55126950144768,0.44816182454427084,,,,
train_episode,184800,67.47092688083649,0.44762451171875,,,,
train_episode,184950,66.98990869522095,0.44439595540364585,,,,
train_episode,185100,67.47868859767914,0.4477134195963542,,,,
train_episode,185250,67.13472503423691,0.445311279296875,,,,
train_episode,185400,68.35651671886444,0.4536061604817708,,,,
train_episode,185550,67.49173986911774,0.447796630859375,,,,
train_episode,185700,68.3407291173935,0.4534684244791667,,,,
train_episode,185850,68.61034142971039,0.45532124837239585,,,,
train_episode,186000,68.7168579697609,0.45605122884114585,,,,
eval,186000,,,,,42.74537760416666,0.28239453124999997
train_episode,186150,69.37410482764244,0.7568426513671875,,,,
train_episode,186300,68.98143520951271,0.45788899739583333,,,,
train_episode,186450,69.68601486086845,0.4626487223307292,,,,
train_episode,186600,69.49544298648834,0.46117960611979164,,,,
train_episode,186750,69.66420498490334,0.4624019368489583,,,,
train_episode,186900,68.58853140473366,0.4552054850260417,,,,
train_episode,187050,70.88919085264206,0.47061014811197915,,,,
train_episode,187200,69.47398880124092,0.4611529541015625,,,,
train_episode,187350,69.75205507874489,0.46304443359375,,,,
train_episode,187500,69.95345038175583,0.4642024739583333,,,,
train_episode,187650,70.80190041661263,0.469910888671875,,,,
train_episode,187800,70.81803405284882,0.4700492350260417,,,,
train_episode,187950,70.37025964260101,0.4671063232421875,,,,
train_episode,188100,70.30691537261009,0.4667464192708333,,,,
train_episode,188250,70.29713952541351,0.4666444905598958,,,,
train_episode,188400,70.3498025238514,0.46702657063802083,,,,
train_episode,188550,70.62497991323471,0.4687119547526042,,,,
train_episode,188700,69.78209415078163,0.4631976318359375,,,,
train_episode,188850,69.70594266057014,0.46266499837239583,,,,
train_episode,189000,69.73351016640663,0.4628934733072917,,,,
train_episode,189150,70.52992779016495,0.468131103515625,,,,
train_episode,189300,70.08627325296402,0.46523600260416664,,,,
train_episode,189450,69.77692639827728,0.46318216959635417,,,,
train_episode,189600,68.9427390396595,0.45757609049479164,,,,
train_episode,189750,69.60460388660431,0.4619464111328125,,,,
train_episode,189900,69.33752423524857,0.4601849365234375,,,,
train_episode,190050,69.62779718637466,0.462130126953125,,,,
train_episode,190200,69.70461016893387,0.4626007080078125,,,,
train_episode,190350,68.63249734044075,0.4555183919270833,,,,
train_episode,190500,70.05054727196693,0.46491170247395835,,,,
train_episode,190650,68.306142359972,0.45326131184895835,,,,
train_episode,190800,68.60042330622673,0.45531026204427083,,,,
train_episode,190950,68.47454863786697,0.4543951416015625,,,,
train_episode,191100,67.94894441962242,0.4508994547526042,,,,
train_episode,191250,67.4405517578125,0.44753336588541665,,,,
train_episode,191400,68.24891182780266,0.45288472493489584,,,,
train_episode,191550,67.88435873389244,0.45052937825520833,,,,
train_episode,191700,67.81936654448509,0.450059814453125,,,,
train_episode,191850,68.01637783646584,0.4513421630859375,,,,
train_episode,192000,66.80865478515625,0.44329976399739585,,,,
eval,192000,,,,,46.426562499999996,0.3070325520833333
train_episode,192150,66.70445781946182,0.7782948811848959,,,,
train_episode,192300,67.59372955560684,0.44849263509114584,,,,
train_episode,192450,67.57478851079941,0.4482950846354167,,,,
train_episode,192600,67.40414446592331,0.4472300211588542,,,,
train_episode,192750,67.88861045241356,0.45051371256510414,,,,
train_episode,192900,68.14105194807053,0.45211873372395833,,,,
train_episode,193050,68.16639199852943,0.4523264567057292,,,,
train_episode,193200,68.39516204595566,0.45388916015625,,,,
train_episode,193350,68.06034329533577,0.4516595458984375,,,,
train_episode,193500,67.96947225928307,0.4510569254557292,,,,
train_episode,193650,68.04770901799202,0.45155436197916665,,,,
train_episode,193800,67.54495206475258,0.44824462890625,,,,
train_episode,193950,68.26318350434303,0.4530234781901042,,,,
train_episode,194100,68.69686910510063,0.4559381103515625,,,,
train_episode,194250,68.55787169933319,0.45492350260416664,,,,
train_episode,194400,69.0175168812275,0.4580507405598958,,,,
train_episode,194550,68.64573174715042,0.4556068929036458,,,,
train_episode,194700,68.79503354430199,0.45658955891927083,,,,
train_episode,194850,68.93350210785866,0.45744873046875,,,,
train_episode,195000,68.71499651670456,0.45605367024739585,,,,
train_episode,195150,69.05746468901634,0.4584063720703125,,,,
train_episode,195300,69.15396139025688,0.4590234375,,,,
train_episode,195450,69.93990048766136,0.4641902669270833,,,,
train_episode,195600,71.2338153719902,0.47291707356770835,,,,
train_episode,195750,69.20093801617622,0.45931864420572915,,,,
train_episode,195900,71.03814706206322,0.4716139729817708,,,,
train_episode,196050,71.12719720602036,0.4721779378255208,,,,
train_episode,196200,71.43595370650291,0.47421061197916664,,,,
train_episode,196350,70.9284870326519,0.47091227213541664,,,,
train_episode,196500,71.16868087649345,0.47240478515625,,,,
train_episode,196650,71.26662176847458,0.47309672037760414,,,,
train_episode,196800,71.3685811161995,0.47383219401041665,,,,
train_episode,196950,71.25239050388336,0.473067626953125,,,,
train_episode,197100,70.58482840657234,0.46864501953125,,,,
train_episode,197250,71.25098666548729,0.47314249674479164,,,,
train_episode,197400,71.66880336403847,0.47585103352864583,,,,
train_episode,197550,71.61095163226128,0.4755251057942708,,,,
train_episode,197700,70.08767682313919,0.46516845703125,,,,
train_episode,197850,70.68794760107994,0.46924662272135415,,,,
train_episode,198000,70.33011865615845,0.4668499755859375,,,,
eval,198000,,,,,34.98925781249999,0.23097135416666664
train_episode,198150,71.07373031973839,0.7175278727213542,,,,
train_episode,198300,71.35931408405304,0.473787841796875,,,,
train_episode,198450,71.19305428862572,0.4726995849609375,,,,
train_episode,198600,70.98684695363045,0.471329345703125,,,,
train_episode,198750,70.67602536082268,0.4692694091796875,,,,
train_episode,198900,70.43831381201744,0.46762654622395833,,,,
train_episode,199050,70.34814453125,0.46704020182291667,,,,
train_episode,199200,70.57219448685646,0.4685410563151042,,,,
train_episode,199350,70.06370037794113,0.46517740885416664,,,,
train_episode,199500,69.68073546886444,0.4625191243489583,,,,
train_episode,199650,70.83027121424675,0.47019816080729165,,,,
train_episode,199800,69.84105429053307,0.46368489583333333,,,,
train_episode,199950,70.09332257509232,0.4653094482421875,,,,
train_episode,200100,69.23914611339569,0.4596022542317708,,,,
train_episode,200250,70.01037588715553,0.46465922037760415,,,,
train_episode,200400,69.4126583635807,0.46078409830729167,,,,
train_episode,200550,68.87568160891533,0.45712646484375,,,,
train_episode,200700,69.51856502890587,0.4614719645182292,,,,
train_episode,200850,69.76716136932373,0.46311767578125,,,,
train_episode,201000,69.71393820643425,0.4627789306640625,,,,
train_episode,201150,70.15181481838226,0.465653076171875,,,,
train_episode,201300,69.39650470018387,0.4605743408203125,,,,
train_episode,201450,69.09579485654831,0.4586328125,,,,
train_episode,201600,69.74899300932884,0.4629241943359375,,,,
train_episode,201750,70.11964923143387,0.4654730224609375,,,,
train_episode,201900,69.78977447748184,0.4632574462890625,,,,
train_episode,202050,70.68646237254143,0.46932027180989583,,,,
train_episode,202200,70.14246597886086,0.46566162109375,,,,
train_episode,202350,71.0939230620861,0.47199137369791666,,,,
train_episode,202500,70.49517786502838,0.46796284993489584,,,,
train_episode,202650,70.72366327047348,0.469544677734375,,,,
train_episode,202800,71.10931381583214,0.4720947265625,,,,
train_episode,202950,71.88314807415009,0.47734700520833334,,,,
train_episode,203100,71.84160342812538,0.47707987467447915,,,,
train_episode,203250,71.53829941153526,0.4750439453125,,,,
train_episode,203400,72.22660303115845,0.47957194010416665,,,,
train_episode,203550,71.54541006684303,0.475032958984375,,,,
train_episode,203700,71.65937316417694,0.4758756510416667,,,,
train_episode,203850,72.06583657860756,0.47851460774739585,,,,
train_episode,204000,72.40874236822128,0.480770263671875,,,,
eval,204000,,,,,42.88404947916666,0.28368489583333334
train_episode,204150,72.62458309531212,0.7723817952473958,,,,
train_episode,204300,72.57153272628784,0.481871337890625,,,,
train_episode,204450,72.12747186422348,0.47887451171875,,,,
train_episode,204600,73.1565850675106,0.48578715006510415,,,,
train_episode,204750,72.53328430652618,0.4815789794921875,,,,
train_episode,204900,72.79207348823547,0.48337646484375,,,,
train_episode,205050,72.37478631734848,0.480472412109375,,,,
train_episode,205200,72.26535072922707,0.47975565592447916,,,,
train_episode,205350,72.61212116479874,0.48209981282552083,,,,
train_episode,205500,72.0078330039978,0.4780757649739583,,,,
train_episode,205650,72.0314028263092,0.47819620768229165,,,,
train_episode,205800,71.97459954023361,0.47784627278645836,,,,
train_episode,205950,71.88401281833649,0.4772003173828125,,,,
train_episode,206100,72.03171783685684,0.47829081217447916,,,,
train_episode,206250,71.75630709528923,0.4764329020182292,,,,
train_episode,206400,71.8748370707035,0.47715962727864586,,,,
train_episode,206550,72.1542456150055,0.4791357421875,,,,
train_episode,206700,72.04994705319405,0.4783583577473958,,,,
train_episode,206850,72.10999539494514,0.4787569173177083,,,,
train_episode,207000,71.49084442853928,0.47458211263020833,,,,
train_episode,207150,71.82104489207268,0.47675150553385415,,,,
train_episode,207300,71.71369460225105,0.4761122639973958,,,,
train_episode,207450,71.07203167676926,0.4719132486979167,,,,
train_episode,207600,71.43260738253593,0.4741469319661458,,,,
train_episode,207750,71.3885700404644,0.47396952311197915,,,,
train_episode,207900,71.19582086801529,0.4726182047526042,,,,
train_episode,208050,71.11817413568497,0.47215189615885417,,,,
train_episode,208200,70.72463011741638,0.4695206705729167,,,,
train_episode,208350,71.27410900592804,0.47325032552083335,,,,
train_episode,208500,71.45924869179726,0.47438944498697916,,,,
train_episode,208650,71.23001098632812,0.4728828938802083,,,,
train_episode,208800,71.73962381482124,0.4762567138671875,,,,
train_episode,208950,71.31380221247673,0.47347574869791664,,,,
train_episode,209100,71.52967321872711,0.4748409016927083,,,,
train_episode,209250,71.54989606142044,0.4749827067057292,,,,
train_episode,209400,71.88534539937973,0.4772021484375,,,,
train_episode,209550,71.35651656985283,0.4736846923828125,,,,
train_episode,209700,71.36446136236191,0.4737904866536458,,,,
train_episode,209850,71.6744076013565,0.47580851236979166,,,,
train_episode,210000,72.04523721337318,0.4783892822265625,,,,
eval,210000,,,,,25.077799479166654,0.16431770833333334
train_episode,210150,71.89498889446259,0.6868855794270833,,,,
train_episode,210300,72.16077673435211,0.47907063802083333,,,,
train_episode,210450,71.6660053730011,0.4758150227864583,,,,
train_episode,210600,71.57031270861626,0.47522603352864584,,,,
train_episode,210750,71.94573986530304,0.4776560465494792,,,,
train_episode,210900,72.20290130376816,0.47942708333333334,,,,
train_episode,211050,72.48358151316643,0.4812569173177083,,,,
train_episode,211200,72.48696929216385,0.48126302083333333,,,,
train_episode,211350,72.69389805197716,0.48265238444010417,,,,
train_episode,211500,72.23506677150726,0.47962870279947917,,,,
train_episode,211650,72.47321557998657,0.4811983235677083,,,,
train_episode,211800,72.97254440188408,0.48460795084635416,,,,
train_episode,211950,72.25412011146545,0.4796470133463542,,,,
train_episode,212100,72.62677010893822,0.482188720703125,,,,
train_episode,212250,72.70606535673141,0.48282185872395833,,,,
train_episode,212400,73.18294224143028,0.4858957926432292,,,,
train_episode,212550,72.07545971870422,0.478524169921875,,,,
train_episode,212700,72.14825415611267,0.47905558268229165,,,,
train_episode,212850,72.85597735643387,0.48377034505208333,,,,
train_episode,213000,72.65230336785316,0.4823783365885417,,,,
train_episode,213150,72.28751611709595,0.4798990885416667,,,,
train_episode,213300,72.54298913478851,0.48160725911458335,,,,
train_episode,213450,72.68809002637863,0.48255757649739583,,,,
train_episode,213600,72.1863708794117,0.47919352213541666,,,,
train_episode,213750,72.69840502738953,0.48262471516927086,,,,
train_episode,213900,72.30306997895241,0.47992777506510415,,,,
train_episode,214050,72.19960537552834,0.4792559814453125,,,,
train_episode,214200,71.47619625926018,0.47441426595052083,,,,
train_episode,214350,71.93268820643425,0.47739013671875,,,,
train_episode,214500,72.30230689048767,0.4799300130208333,,,,
train_episode,214650,72.20837384462357,0.4793501790364583,,,,
train_episode,214800,71.89272022247314,0.47718505859375,,,,
train_episode,214950,72.04894006252289,0.4781905110677083,,,,
train_episode,215100,71.59419757127762,0.4751708984375,,,,
train_episode,215250,71.99845400452614,0.4778509521484375,,,,
train_episode,215400,71.97037771344185,0.47780985514322916,,,,
train_episode,215550,71.62912991642952,0.47548807779947916,,,,
train_episode,215700,71.5845944583416,0.47519816080729166,,,,
train_episode,215850,71.67957547307014,0.475843505859375,,,,
train_episode,216000,71.35934445261955,0.4737042236328125,,,,
eval,216000,,,,,41.04759114583333,0.2713190104166666
train_episode,216150,72.16707336902618,0.7802239990234375,,,,
train_episode,216300,71.55790200829506,0.47505635579427086,,,,
train_episode,216450,71.96802759170532,0.47775716145833336,,,,
train_episode,216600,71.34423837065697,0.47366963704427084,,,,
train_episode,216750,71.21900463104248,0.47275716145833335,,,,
train_episode,216900,71.6040650010109,0.47535847981770835,,,,
train_episode,217050,72.11226403713226,0.478739013671875,,,,
train_episode,217200,72.31783029437065,0.480079345703125,,,,
train_episode,217350,71.65780648589134,0.475614013671875,,,,
train_episode,217500,71.42684927582741,0.47416768391927083,,,,
train_episode,217650,71.71130359172821,0.4760540771484375,,,,
train_episode,217800,72.02492269873619,0.4781793212890625,,,,
train_episode,217950,71.99219793081284,0.4778896077473958,,,,
train_episode,218100,72.15131637454033,0.47904622395833335,,,,
train_episode,218250,72.6650695502758,0.4823765055338542,,,,
train_episode,218400,72.41310623288155,0.4808074951171875,,,,
train_episode,218550,72.2329303920269,0.4795204671223958,,,,
train_episode,218700,72.58482873439789,0.48182047526041666,,,,
train_episode,218850,72.03861480951309,0.478201904296875,,,,
train_episode,219000,72.80699679255486,0.4833022054036458,,,,
train_episode,219150,73.54039466381073,0.4882883707682292,,,,
train_episode,219300,72.71617624163628,0.4827372233072917,,,,
train_episode,219450,72.51510637998581,0.4813262939453125,,,,
train_episode,219600,72.35357668995857,0.48025390625,,,,
train_episode,219750,72.99012231826782,0.484482421875,,,,
train_episode,219900,73.0761005282402,0.4851641845703125,,,,
train_episode,220050,73.28987634181976,0.48654825846354166,,,,
train_episode,220200,72.93439763784409,0.48413920084635415,,,,
train_episode,220350,73.07439148426056,0.485078125,,,,
train_episode,220500,73.91459116339684,0.49070821126302083,,,,
train_episode,220650,74.05298873782158,0.4916845703125,,,,
train_episode,220800,73.97383642196655,0.4910154215494792,,,,
train_episode,220950,73.86152130365372,0.4902421061197917,,,,
train_episode,221100,73.76219663023949,0.48959737141927084,,,,
train_episode,221250,74.80603024363518,0.4965287272135417,,,,
train_episode,221400,74.48680630326271,0.4945477294921875,,,,
train_episode,221550,74.28533923625946,0.49304056803385415,,,,
train_episode,221700,73.92023745179176,0.4906207275390625,,,,
train_episode,221850,74.01814776659012,0.4913376871744792,,,,
train_episode,222000,74.45597305893898,0.4941339111328125,,,,
eval,222000,,,,,49.16998697916665,0.3252083333333334
train_episode,222150,74.42837512493134,0.8531288655598959,,,,
train_episode,222300,74.34682175517082,0.4933573404947917,,,,
train_episode,222450,74.30075082182884,0.4930244954427083,,,,
train_episode,222600,74.15746062994003,0.4921661376953125,,,,
train_episode,222750,74.51124048233032,0.49448486328125,,,,
train_episode,222900,74.26147454977036,0.4927950032552083,,,,
train_episode,223050,74.50821906328201,0.4944356282552083,,,,
train_episode,223200,74.1327414214611,0.49199483235677083,,,,
train_episode,223350,75.17410293221474,0.49884134928385415,,,,
train_episode,223500,74.81075012683868,0.4964115397135417,,,,
train_episode,223650,73.40322884917259,0.487010498046875,,,,
train_episode,223800,75.70473179221153,0.5023075358072917,,,,
train_episode,223950,73.79892960190773,0.4897414143880208,,,,
train_episode,224100,73.66920983791351,0.48882975260416667,,,,
train_episode,224250,73.88962784409523,0.49031494140625,,,,
train_episode,224400,73.70401003956795,0.4890189615885417,,,,
train_episode,224550,74.466593593359,0.4941200764973958,,,,
train_episode,224700,73.53884881734848,0.48796651204427083,,,,
train_episode,224850,74.46183282136917,0.49413106282552083,,,,
train_episode,225000,74.33902963995934,0.49326741536458335,,,,
train_episode,225150,73.619923889637,0.48852437337239585,,,,
train_episode,225300,74.28314211964607,0.4929986572265625,,,,
train_episode,225450,74.39983052015305,0.4937066650390625,,,,
train_episode,225600,73.85075893998146,0.4901023356119792,,,,
train_episode,225750,74.963663905859,0.49749654134114585,,,,
train_episode,225900,74.09079977869987,0.49167032877604167,,,,
train_episode,226050,73.52635708451271,0.4879762776692708,,,,
train_episode,226200,74.67176336050034,0.4955092366536458,,,,
train_episode,226350,74.25104787945747,0.49278605143229165,,,,
train_episode,226500,75.09051513671875,0.4983827718098958,,,,
train_episode,226650,74.9541018307209,0.4973699951171875,,,,
train_episode,226800,75.44318661093712,0.5007080078125,,,,
train_episode,226950,75.596404671669,0.5016975911458333,,,,
train_episode,227100,74.58635467290878,0.4950484212239583,,,,
train_episode,227250,75.05847185850143,0.4981182861328125,,,,
train_episode,227400,75.45551598072052,0.5008083089192709,,,,
train_episode,227550,76.33507254719734,0.5066426595052084,,,,
train_episode,227700,76.16849741339684,0.5055161539713542,,,,
train_episode,227850,76.12784811854362,0.5052374267578125,,,,
train_episode,228000,76.72771176695824,0.5092026774088542,,,,
eval,228000,,,,,67.68457031249999,0.4487591145833333
train_episode,228150,76.44195586442947,0.9360809326171875,,,,
train_episode,228300,76.11153116822243,0.5051497395833333,,,,
train_episode,228450,76.51984688639641,0.5078489176432291,,,,
train_episode,228600,77.18437707424164,0.5122540283203125,,,,
train_episode,228750,77.3773198723793,0.5135648600260416,,,,
train_episode,228900,77.78216579556465,0.5163224283854166,,,,
train_episode,229050,77.5694172680378,0.5148116048177084,,,,
train_episode,229200,78.08577507734299,0.5182765706380208,,,,
train_episode,229350,77.56844115257263,0.5148541259765625,,,,
train_episode,229500,79.17344188690186,0.525517578125,,,,
train_episode,229650,78.21688815951347,0.519083251953125,,,,
train_episode,229800,79.91693145036697,0.5304266357421875,,,,
train_episode,229950,78.56655877828598,0.5213667805989584,,,,
train_episode,230100,78.22933956980705,0.5191257731119792,,,,
train_episode,230250,79.8759355545044,0.5300191243489584,,,,
train_episode,230400,79.59719857573509,0.5281974283854166,,,,
train_episode,230550,78.58317041397095,0.5213334147135417,,,,
train_episode,230700,78.63638314604759,0.5217409261067708,,,,
train_episode,230850,78.69683894515038,0.5221506754557291,,,,
train_episode,231000,79.17044100165367,0.5252768961588542,,,,
train_episode,231150,78.66297480463982,0.5218827311197917,,,,
train_episode,231300,79.16953486204147,0.5251875813802084,,,,
train_episode,231450,78.63754287362099,0.5217805989583333,,,,
train_episode,231600,79.80112701654434,0.5294649251302084,,,,
train_episode,231750,79.50498470664024,0.5274922688802083,,,,
train_episode,231900,78.41296339035034,0.5202671305338542,,,,
train_episode,232050,79.68343076109886,0.5287025960286459,,,,
train_episode,232200,79.6193642616272,0.5282826741536458,,,,
train_episode,232350,79.46161898970604,0.5272501627604167,,,,
train_episode,232500,79.05866512656212,0.5245237223307292,,,,
train_episode,232650,78.5960493683815,0.521495361328125,,,,
train_episode,232800,79.07692492008209,0.5246392822265625,,,,
train_episode,232950,79.86191821098328,0.5298952229817708,,,,
train_episode,233100,79.54735338687897,0.5278354899088542,,,,
train_episode,233250,79.89208927750587,0.5300724283854167,,,,
train_episode,233400,78.99888116121292,0.5241902669270834,,,,
train_episode,233550,79.95850682258606,0.5305194091796875,,,,
train_episode,233700,78.71108973026276,0.5222587076822917,,,,
train_episode,233850,79.58294641971588,0.5280552164713541,,,,
train_episode,234000,80.28754734992981,0.5328181966145833,,,,
eval,234000,,,,,82.241015625,0.5464687500000001
train_episode,234150,79.7144667506218,1.0629490152994792,,,,
train_episode,234300,80.07658931612968,0.5313645426432292,,,,
train_episode,234450,79.19934076070786,0.5255411783854167,,,,
train_episode,234600,80.25742608308792,0.5326003011067708,,,,
train_episode,234750,80.27797454595566,0.5327315266927083,,,,
train_episode,234900,79.81078061461449,0.5296384684244791,,,,
train_episode,235050,80.25639852881432,0.532535400390625,,,,
train_episode,235200,79.48177021741867,0.5273675537109375,,,,
train_episode,235350,81.0068051815033,0.53754638671875,,,,
train_episode,235500,81.47364294528961,0.5406768798828125,,,,
train_episode,235650,80.53516638278961,0.5344407145182292,,,,
train_episode,235800,81.26245141029358,0.5392561848958334,,,,
train_episode,235950,81.50141349434853,0.5409181722005209,,,,
train_episode,236100,81.99025493860245,0.5440985107421875,,,,
train_episode,236250,81.68248453736305,0.5420670572916667,,,,
train_episode,236400,81.53405717015266,0.5411248779296876,,,,
train_episode,236550,80.89695227146149,0.5368754069010416,,,,
train_episode,236700,81.86274209618568,0.5432952880859375,,,,
train_episode,236850,80.47664386034012,0.5340657552083333,,,,
train_episode,237000,81.15389993786812,0.5386360677083334,,,,
train_episode,237150,80.21598300337791,0.5323844401041666,,,,
train_episode,237300,81.86675041913986,0.5433738199869792,,,,
train_episode,237450,82.31134030222893,0.546263427734375,,,,
train_episode,237600,81.97960415482521,0.5439921061197917,,,,
train_episode,237750,82.27878794074059,0.5460528564453125,,,,
train_episode,237900,83.17444843053818,0.5520157877604167,,,,
train_episode,238050,82.23752853274345,0.5458528645833334,,,,
train_episode,238200,83.64696261286736,0.555201416015625,,,,
train_episode,238350,84.22943153977394,0.5591778564453125,,,,
train_episode,238500,82.81439226865768,0.5496759033203125,,,,
train_episode,238650,83.49613407254219,0.5541619873046875,,,,
train_episode,238800,82.8295795917511,0.549794921875,,,,
train_episode,238950,82.68170180916786,0.548731689453125,,,,
train_episode,239100,83.13537594676018,0.5518339029947916,,,,
train_episode,239250,84.00751781463623,0.5576102701822917,,,,
train_episode,239400,82.50051882863045,0.5476068115234375,,,,
train_episode,239550,82.73837313055992,0.5492539469401042,,,,
train_episode,239700,83.39031973481178,0.5535721842447917,,,,
train_episode,239850,83.41540482640266,0.5536909993489584,,,,
train_episode,240000,84.48111987113953,0.5608162434895834,,,,
eval,240000,,,,,83.54342447916665,0.5552304687499999
train_episode,240150,83.81571474671364,1.0917425537109375,,,,
train_episode,240300,84.22382658720016,0.5590922037760416,,,,
train_episode,240450,82.66577151417732,0.5487506103515625,,,,
train_episode,240600,82.98087540268898,0.5507926432291667,,,,
train_episode,240750,83.36230424046516,0.5533371988932292,,,,
train_episode,240900,83.11074781417847,0.5516733805338542,,,,
train_episode,241050,82.08635458350182,0.5448000081380209,,,,
train_episode,241200,83.48866757750511,0.5541422526041667,,,,
train_episode,241350,83.70136547088623,0.555579833984375,,,,
train_episode,241500,82.6541945040226,0.548599853515625,,,,
train_episode,241650,82.84419772028923,0.5498874918619792,,,,
train_episode,241800,83.973408639431,0.5574094645182291,,,,
train_episode,241950,82.82184848189354,0.5497314453125,,,,
train_episode,242100,83.22563663125038,0.5524257405598958,,,,
train_episode,242250,83.65410360693932,0.5552785237630208,,,,
train_episode,242400,83.3093364238739,0.5529697672526042,,,,
train_episode,242550,83.90270930528641,0.556947021484375,,,,
train_episode,242700,82.82912188768387,0.5497519938151042,,,,
train_episode,242850,83.31242814660072,0.5529600016276042,,,,
train_episode,243000,82.5449520945549,0.5478957112630208,,,,
train_episode,243150,84.27793392539024,0.5594340006510417,,,,
train_episode,243300,83.70024594664574,0.5555491129557292,,,,
train_episode,243450,83.53712952136993,0.5545304361979166,,,,
train_episode,243600,82.92350256443024,0.5504243977864584,,,,
train_episode,243750,83.91078692674637,0.5569936116536458,,,,
train_episode,243900,84.48833191394806,0.56081298828125,,,,
train_episode,244050,84.65013727545738,0.5619533284505208,,,,
train_episode,244200,84.91513082385063,0.5636562093098958,,,,
train_episode,244350,84.42730724811554,0.5605000813802083,,,,
train_episode,244500,85.13122543692589,0.5650775146484375,,,,
train_episode,244650,84.35031101107597,0.5599790445963542,,,,
train_episode,244800,84.87723851203918,0.5633868408203125,,,,
train_episode,244950,84.97052067518234,0.564022216796875,,,,
train_episode,245100,85.59213322401047,0.568167724609375,,,,
train_episode,245250,85.00239071249962,0.5642787679036458,,,,
train_episode,245400,86.3776243031025,0.5733980305989583,,,,
train_episode,245550,85.86719807982445,0.5700209554036458,,,,
train_episode,245700,85.35649621486664,0.5666805013020834,,,,
train_episode,245850,85.76777124404907,0.5693583170572917,,,,
train_episode,246000,84.90105161070824,0.5636167399088542,,,,
eval,246000,,,,,82.69485677083335,0.5494687500000001
train_episode,246150,85.03805521130562,1.1113299560546874,,,,
train_episode,246300,85.44924965500832,0.5672259521484375,,,,
train_episode,246450,85.95038840174675,0.5705649820963542,,,,
train_episode,246600,86.09475713968277,0.5715606689453125,,,,
train_episode,246750,85.36389198899269,0.5666780598958333,,,,
train_episode,246900,85.95574942231178,0.5706663004557292,,,,
train_episode,247050,84.70328757166862,0.5622316487630208,,,,
train_episode,247200,85.5754186809063,0.5681075032552083,,,,
train_episode,247350,86.03977450728416,0.5711183675130208,,,,
train_episode,247500,85.62264004349709,0.5684183756510417,,,,
train_episode,247650,85.94102022051811,0.5705293782552083,,,,
train_episode,247800,85.57946759462357,0.5681162516276042,,,,
train_episode,247950,85.99191352725029,0.5708559163411459,,,,
train_episode,248100,86.43332892656326,0.5737483723958333,,,,
train_episode,248250,85.32421877980232,0.5663389078776042,,,,
train_episode,248400,86.18469226360321,0.5721061197916667,,,,
train_episode,248550,85.72939050197601,0.5690944417317708,,,,
train_episode,248700,85.43610581755638,0.567225341796875,,,,
train_episode,248850,85.4075420498848,0.5669940185546875,,,,
train_episode,249000,85.80450430512428,0.5695926920572917,,,,
train_episode,249150,86.15615832805634,0.5719427490234374,,,,
train_episode,249300,85.86307805776596,0.5699188232421875,,,,
train_episode,249450,85.34942609071732,0.5665989176432291,,,,
train_episode,249600,85.50335684418678,0.5675502522786459,,,,
train_episode,249750,85.08261168003082,0.5647247314453125,,,,
train_episode,249900,85.54879757761955,0.5678395589192708,,,,
train_episode,250050,86.1254169344902,0.5717315673828125,,,,
train_episode,250200,85.78213492035866,0.569456787109375,,,,
train_episode,250350,84.98458847403526,0.5640958658854167,,,,
train_episode,250500,86.42581197619438,0.5737141927083333,,,,
train_episode,250650,85.33181756734848,0.5663968912760416,,,,
train_episode,250800,86.03868594765663,0.5710786946614583,,,,
train_episode,250950,86.20784541964531,0.5722111002604167,,,,
train_episode,251100,86.91797870397568,0.5770328776041667,,,,
train_episode,251250,85.64619958400726,0.5684621175130208,,,,
train_episode,251400,85.67166137695312,0.5686789957682291,,,,
train_episode,251550,86.16959670186043,0.5719500732421875,,,,
train_episode,251700,85.52339717745781,0.5676682535807291,,,,
train_episode,251850,85.81406652927399,0.5696329752604167,,,,
train_episode,252000,85.09616059064865,0.5648457845052083,,,,
eval,252000,,,,,78.84231770833335,0.5240729166666667
train_episode,252150,85.22808852791786,1.078209228515625,,,,
train_episode,252300,86.05043530464172,0.5711899820963542,,,,
train_episode,252450,86.07378166913986,0.5713826497395833,,,,
train_episode,252600,85.63513225317001,0.5685247802734374,,,,
train_episode,252750,85.90650391578674,0.5702813720703125,,,,
train_episode,252900,86.25690704584122,0.5725748697916667,,,,
train_episode,253050,86.02418005466461,0.571090087890625,,,,
train_episode,253200,85.88368716835976,0.5701395670572916,,,,
train_episode,253350,86.30057778954506,0.5728196207682291,,,,
train_episode,253500,86.31246909499168,0.5729868570963542,,,,
train_episode,253650,86.3974099457264,0.5736285400390625,,,,
train_episode,253800,86.54994690418243,0.5745123291015625,,,,
train_episode,253950,86.81567370891571,0.57635009765625,,,,
train_episode,254100,86.9451801776886,0.5772210693359375,,,,
train_episode,254250,86.94498705863953,0.5772540283203125,,,,
train_episode,254400,86.67547568678856,0.5753611246744792,,,,
train_episode,254550,87.56664091348648,0.5813242594401041,,,,
train_episode,254700,86.20631957054138,0.5722501627604166,,,,
train_episode,254850,86.63232415914536,0.5750972493489583,,,,
train_episode,255000,86.50853538513184,0.5743037923177083,,,,
train_episode,255150,87.2065943479538,0.5789835611979167,,,,
train_episode,255300,87.1428532898426,0.5785831705729166,,,,
train_episode,255450,86.64227285981178,0.5752266438802084,,,,
train_episode,255600,86.73097711801529,0.5758164469401041,,,,
train_episode,255750,87.568837672472,0.58141845703125,,,,
train_episode,255900,86.42955479025841,0.5738100179036458,,,,
train_episode,256050,87.19338974356651,0.5788871256510416,,,,
train_episode,256200,87.29602071642876,0.5796101888020834,,,,
train_episode,256350,86.94245368242264,0.5772650146484375,,,,
train_episode,256500,87.6605832874775,0.5820540364583333,,,,
train_episode,256650,87.47464993596077,0.5807950846354166,,,,
train_episode,256800,86.4558516740799,0.5739322916666667,,,,
train_episode,256950,88.11037197709084,0.5850449625651042,,,,
train_episode,257100,87.31733176112175,0.5797987874348959,,,,
train_episode,257250,87.02149388194084,0.5777789306640625,,,,
train_episode,257400,87.90866109728813,0.5836883544921875,,,,
train_episode,257550,87.83268254995346,0.5831516520182292,,,,
train_episode,257700,88.08154302835464,0.5848832194010417,,,,
train_episode,257850,87.27174913883209,0.5794120279947916,,,,
train_episode,258000,87.28694665431976,0.5795619710286458,,,,
eval,258000,,,,,78.59212239583333,0.5221640625
train_episode,258150,89.26895168423653,1.1053501383463542,,,,
train_episode,258300,88.33065834641457,0.58653564453125,,,,
train_episode,258450,88.8047687113285,0.5897650146484374,,,,
train_episode,258600,87.49943017959595,0.5809232584635416,,,,
train_episode,258750,88.06972214579582,0.5847957356770833,,,,
train_episode,258900,87.70117148756981,0.5822823079427083,,,,
train_episode,259050,87.94306409358978,0.5839156087239583,,,,
train_episode,259200,88.07969146966934,0.5848492431640625,,,,
train_episode,259350,87.6398016512394,0.5819026692708333,,,,
train_episode,259500,87.71557641029358,0.5824609375,,,,
train_episode,259650,88.247853577137,0.5859513346354167,,,,
train_episode,259800,88.16624942421913,0.5854083251953125,,,,
train_episode,259950,88.74074256420135,0.58921142578125,,,,
train_episode,260100,88.56434121727943,0.5880617268880208,,,,
train_episode,260250,87.23452812433243,0.579207763671875,,,,
train_episode,260400,88.67037954926491,0.5887198893229166,,,,
train_episode,260550,87.42198714613914,0.5804166666666667,,,,
train_episode,260700,87.37090057134628,0.5800736490885416,,,,
train_episode,260850,87.94175189733505,0.5837917073567709,,,,
train_episode,261000,87.45562675595284,0.58062744140625,,,,
train_episode,261150,87.78875732421875,0.5827891031901041,,,,
train_episode,261300,89.19837427139282,0.5922233072916666,,,,
train_episode,261450,89.31334447860718,0.5929217529296875,,,,
train_episode,261600,87.74784356355667,0.5826298014322917,,,,
train_episode,261750,87.56805431842804,0.581298828125,,,,
train_episode,261900,87.81828811764717,0.5830647786458333,,,,
train_episode,262050,88.26824933290482,0.5860791015625,,,,
train_episode,262200,89.00036653876305,0.59095703125,,,,
train_episode,262350,87.89427679777145,0.583553466796875,,,,
train_episode,262500,89.48511770367622,0.5942348225911458,,,,
train_episode,262650,88.71738669276237,0.5889803059895833,,,,
train_episode,262800,89.94213882088661,0.5972446695963541,,,,
train_episode,262950,89.39218112826347,0.5935117594401041,,,,
train_episode,263100,89.57320231199265,0.5947098795572917,,,,
train_episode,263250,90.23648056387901,0.5991794840494792,,,,
train_episode,263400,88.8993935585022,0.5902695719401042,,,,
train_episode,263550,90.80739331245422,0.6029766845703125,,,,
train_episode,263700,89.6252643764019,0.5951383463541666,,,,
train_episode,263850,89.23854553699493,0.5925050862630208,,,,
train_episode,264000,89.69278928637505,0.5955712890625,,,,
eval,264000,,,,,34.45865885416667,0.22740234374999999
train_episode,264150,89.84983316063881,0.8642966715494792,,,,
train_episode,264300,90.3272804915905,0.599813232421875,,,,
train_episode,264450,90.92946341633797,0.6038541666666667,,,,
train_episode,264600,91.24568724632263,0.6059307861328125,,,,
train_episode,264750,90.77129164338112,0.6028385416666666,,,,
train_episode,264900,90.33424919843674,0.5999053955078125,,,,
train_episode,265050,89.95605474710464,0.5974021402994791,,,,
train_episode,265200,90.60846972465515,0.6016837565104166,,,,
train_episode,265350,89.55995696783066,0.594808349609375,,,,
train_episode,265500,91.04182890057564,0.6046624755859376,,,,
train_episode,265650,90.05697590112686,0.5980265299479167,,,,
train_episode,265800,90.26291877031326,0.5993798828125,,,,
train_episode,265950,90.10698425769806,0.5984242757161459,,,,
train_episode,266100,90.52819889783859,0.6012198893229167,,,,
train_episode,266250,91.31097415089607,0.6064115397135417,,,,
train_episode,266400,91.1560569703579,0.6053586832682292,,,,
train_episode,266550,91.69630941748619,0.6089949544270833,,,,
train_episode,266700,91.99674499034882,0.6109562174479166,,,,
train_episode,266850,91.78847271203995,0.6095806884765625,,,,
train_episode,267000,91.61861175298691,0.6084832763671875,,,,
train_episode,267150,91.32583606243134,0.6065386962890625,,,,
train_episode,267300,91.03688552975655,0.6046148681640625,,,,
train_episode,267450,91.29731252789497,0.6062953694661458,,,,
train_episode,267600,90.85391238331795,0.6033481852213541,,,,
train_episode,267750,90.56580626964569,0.6014754231770834,,,,
train_episode,267900,91.66706392168999,0.6087921142578125,,,,
train_episode,268050,90.79198232293129,0.6029793294270833,,,,
train_episode,268200,90.329914778471,0.5998575846354167,,,,
train_episode,268350,91.58579543232918,0.6082332356770833,,,,
train_episode,268500,91.42275974154472,0.6071378580729166,,,,
train_episode,268650,90.927429407835,0.6038177490234375,,,,
train_episode,268800,91.33384194970131,0.6064921061197917,,,,
train_episode,268950,91.45232120156288,0.6073282877604167,,,,
train_episode,269100,92.18806931376457,0.6121952311197917,,,,
train_episode,269250,91.31376165151596,0.6063297526041667,,,,
train_episode,269400,90.89872226119041,0.6035734049479167,,,,
train_episode,269550,90.04102563858032,0.5979433186848958,,,,
train_episode,269700,92.08288586139679,0.6114862060546875,,,,
train_episode,269850,91.0026345551014,0.6043341064453125,,,,
train_episode,270000,91.04394510388374,0.6045851643880208,,,,
eval,270000,,,,,28.2126953125,0.18539322916666667
train_episode,270150,91.98399817943573,0.7961088053385417,,,,
train_episode,270300,90.95130440592766,0.6039654541015625,,,,
train_episode,270450,90.69185373187065,0.6022393798828125,,,,
train_episode,270600,91.04847234487534,0.60460205078125,,,,
train_episode,270750,92.06858313083649,0.6112886555989583,,,,
train_episode,270900,90.74173018336296,0.6026064046223958,,,,
train_episode,271050,89.35255920886993,0.5932761637369791,,,,
train_episode,271200,91.40495726466179,0.606990966796875,,,,
train_episode,271350,91.87611839175224,0.6101820882161458,,,,
train_episode,271500,90.89475467801094,0.6034849039713541,,,,
train_episode,271650,90.93763253092766,0.6038570149739584,,,,
train_episode,271800,89.98535117506981,0.597547607421875,,,,
train_episode,271950,89.94094866514206,0.5971287027994792,,,,
train_episode,272100,90.43823251128197,0.6005959065755209,,,,
train_episode,272250,90.90804037451744,0.603607177734375,,,,
train_episode,272400,90.0730590224266,0.5980617268880208,,,,
train_episode,272550,90.31284606456757,0.5997403971354167,,,,
train_episode,272700,90.13828536868095,0.5984372965494792,,,,
train_episode,272850,89.70453879237175,0.5955588785807292,,,,
train_episode,273000,89.31482934951782,0.593077392578125,,,,
train_episode,273150,91.14590427279472,0.605185546875,,,,
train_episode,273300,89.52539011836052,0.5944142659505208,,,,
train_episode,273450,91.42439755797386,0.6070967610677084,,,,
train_episode,273600,90.59479838609695,0.60139892578125,,,,
train_episode,273750,91.16116398572922,0.6053267415364584,,,,
train_episode,273900,91.66511034965515,0.6086830647786459,,,,
train_episode,274050,90.6263425052166,0.6018355305989583,,,,
train_episode,274200,90.53428137302399,0.6012550862630208,,,,
train_episode,274350,90.17198720574379,0.5987959798177084,,,,
train_episode,274500,90.07501170039177,0.5981193033854166,,,,
train_episode,274650,89.78587850928307,0.59617431640625,,,,
train_episode,274800,91.39679917693138,0.6069242350260416,,,,
train_episode,274950,92.09704560041428,0.6116060384114583,,,,
train_episode,275100,91.71360269188881,0.6090511067708333,,,,
train_episode,275250,90.87976104021072,0.6035984293619792,,,,
train_episode,275400,90.22183206677437,0.5991982014973959,,,,
train_episode,275550,91.46209692955017,0.6073872884114583,,,,
train_episode,275700,92.32682317495346,0.6132564290364584,,,,
train_episode,275850,92.49958282709122,0.6143959554036459,,,,
train_episode,276000,91.60521471500397,0.6084552001953125,,,,
eval,276000,,,,,50.86855468750001,0.3371497395833333
train_episode,276150,89.71738705039024,0.9397294108072917,,,,
train_episode,276300,90.33102416992188,0.5999717203776042,,,,
train_episode,276450,91.70826250314713,0.609151611328125,,,,
train_episode,276600,91.26755750179291,0.6062152099609375,,,,
train_episode,276750,91.38431879878044,0.6069382731119791,,,,
train_episode,276900,90.5714622437954,0.6015777587890625,,,,
train_episode,277050,91.4304606616497,0.6073036702473958,,,,
train_episode,277200,92.75001993775368,0.6161187744140625,,,,
train_episode,277350,92.47332781553268,0.614290771484375,,,,
train_episode,277500,91.59505218267441,0.608414306640625,,,,
train_episode,277650,92.00937953591347,0.611129150390625,,,,
train_episode,277800,91.0893856883049,0.6050510660807291,,,,
train_episode,277950,92.22989934682846,0.6126708984375,,,,
train_episode,278100,90.90456181764603,0.60380859375,,,,
train_episode,278250,91.49291977286339,0.607781982421875,,,,
train_episode,278400,90.38017761707306,0.6004107666015625,,,,
train_episode,278550,91.86803176999092,0.6101829020182291,,,,
train_episode,278700,90.85616040229797,0.603433837890625,,,,
train_episode,278850,91.5395610332489,0.607957763671875,,,,
train_episode,279000,91.1689145565033,0.6055257161458333,,,,
train_episode,279150,91.46227023005486,0.6074930826822916,,,,
train_episode,279300,91.96391758322716,0.6108135986328125,,,,
train_episode,279450,90.86424726247787,0.6034165445963542,,,,
train_episode,279600,90.51366195082664,0.601119384765625,,,,
train_episode,279750,90.6792299747467,0.6022064208984375,,,,
train_episode,279900,92.42417415976524,0.6138468424479167,,,,
train_episode,280050,90.78754699230194,0.6029817708333334,,,,
train_episode,280200,92.54758629202843,0.6146181233723959,,,,
train_episode,280350,91.103037327528,0.6050667317708334,,,,
train_episode,280500,91.53370141983032,0.6079427083333333,,,,
train_episode,280650,91.07586711645126,0.6048917643229167,,,,
train_episode,280800,91.25485247373581,0.6060304768880208,,,,
train_episode,280950,92.36493918299675,0.6134659830729167,,,,
train_episode,281100,91.43881154060364,0.60722900390625,,,,
train_episode,281250,92.30515456199646,0.6130328369140625,,,,
train_episode,281400,90.091817766428,0.5983140055338542,,,,
train_episode,281550,92.88244590163231,0.616995849609375,,,,
train_episode,281700,90.60183718800545,0.6017867024739584,,,,
train_episode,281850,90.24240183830261,0.5994014485677084,,,,
train_episode,282000,91.03604114055634,0.6046702067057291,,,,
eval,282000,,,,,37.061914062499994,0.24458203125
train_episode,282150,91.34722912311554,0.8113706461588541,,,,
train_episode,282300,91.94619688391685,0.6106695556640624,,,,
train_episode,282450,92.30112734436989,0.6130525716145834,,,,
train_episode,282600,89.98200443387032,0.5976228841145833,,,,
train_episode,282750,90.4859619140625,0.6010760498046875,,,,
train_episode,282900,91.25800549983978,0.606175537109375,,,,
train_episode,283050,91.22890222072601,0.60602783203125,,,,
train_episode,283200,90.99547275900841,0.6043780517578125,,,,
train_episode,283350,92.60573330521584,0.6151706949869792,,,,
train_episode,283500,91.75824958086014,0.6094647216796875,,,,
train_episode,283650,92.44816073775291,0.6140840657552084,,,,
train_episode,283800,91.87202936410904,0.6102703857421875,,,,
train_episode,283950,92.22566685080528,0.6125935872395833,,,,
train_episode,284100,91.20525109767914,0.6057710774739583,,,,
train_episode,284250,93.6800642311573,0.6222981770833333,,,,
train_episode,284400,92.15351396799088,0.6122129313151041,,,,
train_episode,284550,92.64037096500397,0.6154152425130208,,,,
train_episode,284700,92.29315102100372,0.6130316162109375,,,,
train_episode,284850,91.76234945654869,0.6095137532552083,,,,
train_episode,285000,93.49461853504181,0.6210823567708333,,,,
train_episode,285150,92.78090393543243,0.6162469482421875,,,,
train_episode,285300,92.59853059053421,0.6151458740234375,,,,
train_episode,285450,94.03059899806976,0.6246132405598959,,,,
train_episode,285600,91.6592204272747,0.6088385009765624,,,,
train_episode,285750,92.18097960948944,0.6123191324869791,,,,
train_episode,285900,92.46591204404831,0.6141904703776042,,,,
train_episode,286050,94.30385306477547,0.6264772542317708,,,,
train_episode,286200,92.13518223166466,0.6120416259765625,,,,
train_episode,286350,92.75495424866676,0.616212158203125,,,,
train_episode,286500,93.44153836369514,0.6207794189453125,,,,
train_episode,286650,92.43058276176453,0.6140183512369791,,,,
train_episode,286800,94.03492221236229,0.6247062174479167,,,,
train_episode,286950,93.43833428621292,0.6206581624348958,,,,
train_episode,287100,93.93227088451385,0.6240283203125,,,,
train_episode,287250,92.84636452794075,0.6167799886067709,,,,
train_episode,287400,93.08079040050507,0.6183076985677083,,,,
train_episode,287550,93.55671200156212,0.6215118408203125,,,,
train_episode,287700,92.3577373623848,0.6135280354817708,,,,
train_episode,287850,93.6838886141777,0.6223199462890625,,,,
train_episode,288000,93.2427062690258,0.6193768310546875,,,,
eval,288000,,,,,63.25130208333333,0.42000520833333344
train_episode,288150,92.35065698623657,1.0496988932291667,,,,
train_episode,288300,92.74732449650764,0.6160955810546875,,,,
train_episode,288450,92.68185380101204,0.615682373046875,,,,
train_episode,288600,92.98312363028526,0.6176922607421875,,,,
train_episode,288750,92.92874148488045,0.6173008219401042,,,,
train_episode,288900,92.70662441849709,0.6158233642578125,,,,
train_episode,289050,92.89542639255524,0.6170450846354166,,,,
train_episode,289200,92.40675857663155,0.6137656656901042,,,,
train_episode,289350,92.36498987674713,0.6135780843098958,,,,
train_episode,289500,92.66932186484337,0.6155240885416666,,,,
train_episode,289650,94.23587036132812,0.6260321044921875,,,,
train_episode,289800,94.51913458108902,0.627926025390625,,,,
train_episode,289950,93.38485673069954,0.6204091389973958,,,,
train_episode,290100,92.49377444386482,0.6143967692057292,,,,
train_episode,290250,93.60944572091103,0.6218135579427083,,,,
train_episode,290400,92.85316005349159,0.6167681884765625,,,,
train_episode,290550,92.24111956357956,0.6128074137369791,,,,
train_episode,290700,91.84237685799599,0.6101418050130208,,,,
train_episode,290850,93.33795166015625,0.6201216634114584,,,,
train_episode,291000,93.70239293575287,0.6224247233072917,,,,
train_episode,291150,92.64650472998619,0.6155104573567708,,,,
train_episode,291300,93.0699460208416,0.6182631429036458,,,,
train_episode,291450,92.39079797267914,0.6137453206380208,,,,
train_episode,291600,93.19801864027977,0.6191074625651042,,,,
train_episode,291750,93.82651776075363,0.6232985432942708,,,,
train_episode,291900,93.83446279168129,0.6233988444010417,,,,
train_episode,292050,94.20372503995895,0.6258414713541667,,,,
train_episode,292200,92.93315675854683,0.6173553466796875,,,,
train_episode,292350,92.36660787463188,0.613736572265625,,,,
train_episode,292500,93.11325082182884,0.6185994466145833,,,,
train_episode,292650,94.9287414252758,0.6306581624348958,,,,
train_episode,292800,92.52388495206833,0.6146700032552084,,,,
train_episode,292950,93.47107937932014,0.6209718831380209,,,,
train_episode,293100,93.49267560243607,0.6211798095703125,,,,
train_episode,293250,93.5739643573761,0.6216349283854167,,,,
train_episode,293400,93.20901581645012,0.6192197672526042,,,,
train_episode,293550,94.99948126077652,0.6311688232421875,,,,
train_episode,293700,93.42179465293884,0.6206119791666667,,,,
train_episode,293850,94.0070290863514,0.6245528157552084,,,,
train_episode,294000,92.85574319958687,0.6169327799479166,,,,
eval,294000,,,,,64.94381510416667,0.4315364583333333
train_episode,294150,93.56691524386406,1.0426999918619793,,,,
train_episode,294300,94.03287807106972,0.6247275797526042,,,,
train_episode,294450,93.20125386118889,0.6191896565755208,,,,
train_episode,294600,94.05807521939278,0.6248750813802083,,,,
train_episode,294750,94.27190160751343,0.6262479654947917,,,,
train_episode,294900,92.64107212424278,0.61540771484375,,,,
train_episode,295050,93.48400837182999,0.6209279378255208,,,,
train_episode,295200,93.65275064110756,0.6221687825520833,,,,
train_episode,295350,94.36866262555122,0.626829833984375,,,,
train_episode,295500,94.43369609117508,0.6272090657552083,,,,
train_episode,295650,94.22164967656136,0.6258064778645833,,,,
train_episode,295800,92.49438434839249,0.614354248046875,,,,
train_episode,295950,93.73467007279396,0.6225421142578125,,,,
train_episode,296100,94.9285688996315,0.6304715983072917,,,,
train_episode,296250,93.99911496043205,0.6244077555338542,,,,
train_episode,296400,92.88618981838226,0.6169370524088542,,,,
train_episode,296550,94.41629037261009,0.6271592203776042,,,,
train_episode,296700,94.04907223582268,0.6246980794270833,,,,
train_episode,296850,93.79337593913078,0.623017578125,,,,
train_episode,297000,94.72058129310608,0.6291733805338542,,,,
train_episode,297150,94.81121787428856,0.6297092692057291,,,,
train_episode,297300,95.66688045859337,0.6354941813151042,,,,
train_episode,297450,94.63907837867737,0.6286124674479167,,,,
train_episode,297600,94.49095603823662,0.6276422119140626,,,,
train_episode,297750,95.44394931197166,0.6339133707682292,,,,
train_episode,297900,93.78058844804764,0.6228582763671875,,,,
train_episode,298050,95.27708995342255,0.6328810628255208,,,,
train_episode,298200,95.99014240503311,0.6375105794270833,,,,
train_episode,298350,95.82823675870895,0.6364790852864584,,,,
train_episode,298500,95.50526949763298,0.6343243408203125,,,,
train_episode,298650,96.27822855114937,0.6395359293619791,,,,
train_episode,298800,95.77843198180199,0.6362247721354166,,,,
train_episode,298950,95.8213500380516,0.636416015625,,,,
train_episode,299100,95.61802181601524,0.6351129150390625,,,,
train_episode,299250,96.0914817750454,0.6382257080078125,,,,
train_episode,299400,96.67047098279,0.6419942220052083,,,,
train_episode,299550,96.66465294361115,0.64207763671875,,,,
train_episode,299700,95.18915823101997,0.6322198486328126,,,,
train_episode,299850,96.66950473189354,0.6420916748046875,,,,
train_episode,300000,94.34570333361626,0.6266796875,,,,
eval,300000,,,,,67.23821614583333,0.4466302083333334
train_episode,300150,96.14586383104324,1.0559930419921875,,,,
train_episode,300300,95.95337948203087,0.6372847493489583,,,,
train_episode,300450,95.19103017449379,0.6322782389322916,,,,
train_episode,300600,95.66679900884628,0.6354471842447916,,,,
train_episode,300750,95.73441538214684,0.6359434000651042,,,,
train_episode,300900,96.5730088353157,0.6415024820963542,,,,
train_episode,301050,95.39568105340004,0.6336625162760416,,,,
train_episode,301200,95.86108407378197,0.6367930094401042,,,,
train_episode,301350,95.0411985218525,0.6312847900390625,,,,
train_episode,301500,94.68739795684814,0.6288863118489584,,,,
train_episode,301650,94.64950522780418,0.6287581380208334,,,,
train_episode,301800,95.85431876778603,0.6367093912760416,,,,
train_episode,301950,96.72657287120819,0.64255859375,,,,
train_episode,302100,95.79241964221,0.6363210042317708,,,,
train_episode,302250,96.58736178278923,0.6416542561848958,,,,
train_episode,302400,96.310037702322,0.6398128255208333,,,,
train_episode,302550,95.29845157265663,0.633028564453125,,,,
train_episode,302700,95.52749636769295,0.6345182291666667,,,,
train_episode,302850,96.39407306909561,0.6402677408854167,,,,
train_episode,303000,95.93119293451309,0.6372273763020834,,,,
train_episode,303150,95.74278774857521,0.636029052734375,,,,
train_episode,303300,95.17020708322525,0.6322029622395834,,,,
train_episode,303450,96.02517685294151,0.6378855387369792,,,,
train_episode,303600,94.89709475636482,0.6304168701171875,,,,
train_episode,303750,95.51986765861511,0.6345819091796875,,,,
train_episode,303900,95.2904454767704,0.6329606119791666,,,,
train_episode,304050,93.84273254871368,0.6233546956380208,,,,
train_episode,304200,94.92100036144257,0.6304315185546875,,,,
train_episode,304350,95.69144734740257,0.635628662109375,,,,
train_episode,304500,95.31811520457268,0.6331109619140625,,,,
train_episode,304650,95.45579046010971,0.6339432779947917,,,,
train_episode,304800,94.89600595831871,0.6303326416015625,,,,
train_episode,304950,93.727019906044,0.6225811767578125,,,,
train_episode,305100,93.78612294793129,0.6229274495442708,,,,
train_episode,305250,94.58643552660942,0.6282442220052084,,,,
train_episode,305400,94.24106869101524,0.6258988444010417,,,,
train_episode,305550,95.8381752371788,0.63651123046875,,,,
train_episode,305700,95.63632208108902,0.6351649983723958,,,,
train_episode,305850,96.12941488623619,0.6384716796875,,,,
train_episode,306000,96.10148087143898,0.6382769775390625,,,,
eval,306000,,,,,56.76328125000001,0.376453125
train_episode,306150,95.98048913478851,1.0550144449869792,,,,
train_episode,306300,96.02093467116356,0.6377626546223958,,,,
train_episode,306450,95.21498584747314,0.6324627685546875,,,,
train_episode,306600,95.14446023106575,0.6320039876302084,,,,
train_episode,306750,95.86268076300621,0.6368471272786458,,,,
train_episode,306900,96.61268097162247,0.6418076578776042,,,,
train_episode,307050,96.0397030711174,0.6379156494140625,,,,
train_episode,307200,95.82999685406685,0.6365842692057292,,,,
train_episode,307350,96.05334535241127,0.638115234375,,,,
train_episode,307500,95.59767660498619,0.6349281819661459,,,,
train_episode,307650,93.83461493253708,0.6233034261067708,,,,
train_episode,307800,95.7085368335247,0.6356787109375,,,,
train_episode,307950,95.65638217329979,0.6354156494140625,,,,
train_episode,308100,95.66722592711449,0.6354305013020833,,,,
train_episode,308250,94.82820641994476,0.6299102783203125,,,,
train_episode,308400,95.44209799170494,0.6339626057942709,,,,
train_episode,308550,94.04078152775764,0.6246897379557291,,,,
train_episode,308700,94.13661706447601,0.6252569580078124,,,,
train_episode,308850,94.46665486693382,0.6274676513671875,,,,
train_episode,309000,95.11258953809738,0.6317466227213542,,,,
train_episode,309150,94.00266572833061,0.6243723551432292,,,,
train_episode,309300,93.59838926792145,0.6217633056640625,,,,
train_episode,309450,93.95892342925072,0.6241623942057292,,,,
train_episode,309600,95.19860830903053,0.6323870849609375,,,,
train_episode,309750,94.91419467329979,0.6305287679036459,,,,
train_episode,309900,94.42364513874054,0.6272336832682291,,,,
train_episode,310050,93.74847397208214,0.6228200276692708,,,,
train_episode,310200,93.11443039774895,0.618614501953125,,,,
train_episode,310350,95.66992202401161,0.635543212890625,,,,
train_episode,310500,94.85581532120705,0.6301300048828125,,,,
train_episode,310650,93.96168971061707,0.6242488606770833,,,,
train_episode,310800,93.79923471808434,0.6231097412109375,,,,
train_episode,310950,93.36519348621368,0.6202591959635416,,,,
train_episode,311100,95.17174273729324,0.6322283935546875,,,,
train_episode,311250,94.31680309772491,0.6265822347005209,,,,
train_episode,311400,94.87175545096397,0.6302362060546876,,,,
train_episode,311550,94.15163150429726,0.6254954020182292,,,,
train_episode,311700,94.67111203074455,0.6289619954427084,,,,
train_episode,311850,94.9461675286293,0.6307706705729167,,,,
train_episode,312000,95.06398496031761,0.6315714518229166,,,,
eval,312000,,,,,78.52363281250001,0.5216171875000001
train_episode,312150,95.58559161424637,1.157225341796875,,,,
train_episode,312300,94.92331981658936,0.630574951171875,,,,
train_episode,312450,94.07768800854683,0.6249471028645833,,,,
train_episode,312600,93.864013671875,0.6235601806640625,,,,
train_episode,312750,96.01279690861702,0.6379115804036458,,,,
train_episode,312900,96.14567056298256,0.6387434895833334,,,,
train_episode,313050,95.7953385412693,0.6363201904296875,,,,
train_episode,313200,95.06776970624924,0.6315130615234374,,,,
train_episode,313350,95.64772555232048,0.6354622395833334,,,,
train_episode,313500,95.9805294573307,0.6375885009765625,,,,
train_episode,313650,95.12121498584747,0.6319266764322916,,,,
train_episode,313800,95.582021266222,0.6350059000651042,,,,
train_episode,313950,95.93403127789497,0.6373270670572917,,,,
train_episode,314100,95.34587633609772,0.6334311930338542,,,,
train_episode,314250,94.68625915050507,0.6289687093098958,,,,
train_episode,314400,95.70823177695274,0.6358333333333334,,,,
train_episode,314550,95.03153535723686,0.631353759765625,,,,
train_episode,314700,96.22603389620781,0.639254150390625,,,,
train_episode,314850,94.91596457362175,0.6305133056640625,,,,
train_episode,315000,97.52460733056068,0.6477750651041667,,,,
train_episode,315150,95.33989450335503,0.6333707682291667,,,,
train_episode,315300,96.91789785027504,0.6438580322265625,,,,
train_episode,315450,94.72108006477356,0.6292252604166667,,,,
train_episode,315600,95.8797399699688,0.636910400390625,,,,
train_episode,315750,96.41186487674713,0.64049072265625,,,,
train_episode,315900,95.45782518386841,0.634136962890625,,,,
train_episode,316050,94.87172448635101,0.6301251220703125,,,,
train_episode,316200,96.23400864005089,0.6392067464192709,,,,
train_episode,316350,96.60909023880959,0.6417024739583334,,,,
train_episode,316500,95.46891269087791,0.6341109212239583,,,,
train_episode,316650,96.41467303037643,0.6404219563802084,,,,
train_episode,316800,94.18423473834991,0.6256850179036458,,,,
train_episode,316950,95.07992625236511,0.6315696207682292,,,,
train_episode,317100,94.92667618393898,0.6305869547526042,,,,
train_episode,317250,94.52277573943138,0.627911376953125,,,,
train_episode,317400,95.0922040939331,0.6316481526692709,,,,
train_episode,317550,93.87848868966103,0.6236161295572916,,,,
train_episode,317700,95.13273134827614,0.6318595377604167,,,,
train_episode,317850,93.48186257481575,0.6209295654296875,,,,
train_episode,318000,94.84979200363159,0.6299721272786458,,,,
eval,318000,,,,,81.20292968750002,0.540078125
train_episode,318150,94.36468532681465,1.1719671630859374,,,,
train_episode,318300,93.10267144441605,0.6183402506510417,,,,
train_episode,318450,93.6295874118805,0.621993408203125,,,,
train_episode,318600,93.92435729503632,0.6238968912760416,,,,
train_episode,318750,92.81951880455017,0.6166471354166667,,,,
train_episode,318900,94.27730250358582,0.6263242594401042,,,,
train_episode,319050,92.90323939919472,0.6172200520833333,,,,
train_episode,319200,92.78801548480988,0.616461181640625,,,,
train_episode,319350,92.95631888508797,0.6175986735026041,,,,
train_episode,319500,94.48121139407158,0.6276890055338542,,,,
train_episode,319650,93.05227637290955,0.6182720947265625,,,,
train_episode,319800,93.24377343058586,0.6195200602213542,,,,
train_episode,319950,95.14878329634666,0.6322843424479166,,,,
train_episode,320100,92.79167738556862,0.6164652506510416,,,,
train_episode,320250,92.3974204659462,0.6139599609375,,,,
train_episode,320400,93.18336978554726,0.6192069498697916,,,,
train_episode,320550,93.44754013419151,0.6211014811197917,,,,
train_episode,320700,93.76010140776634,0.6230128987630208,,,,
train_episode,320850,94.72848579287529,0.6294626871744792,,,,
train_episode,321000,94.71079501509666,0.6293314615885417,,,,
train_episode,321150,93.87155106663704,0.623828125,,,,
train_episode,321300,94.01687631011009,0.6247806803385416,,,,
train_episode,321450,93.28506469726562,0.6199106852213542,,,,
train_episode,321600,92.86212173104286,0.6172654215494792,,,,
train_episode,321750,93.68736776709557,0.6226076253255208,,,,
train_episode,321900,94.7087199985981,0.62943359375,,,,
train_episode,322050,92.85681119561195,0.6170137532552084,,,,
train_episode,322200,91.99779254198074,0.61133056640625,,,,
train_episode,322350,93.6390889286995,0.6221665445963541,,,,
train_episode,322500,94.00017255544662,0.6246158854166667,,,,
train_episode,322650,92.34126821160316,0.6135626220703125,,,,
train_episode,322800,92.86807283759117,0.6170082600911458,,,,
train_episode,322950,93.6569217145443,0.6223317464192708,,,,
train_episode,323100,93.18654364347458,0.6191945393880208,,,,
train_episode,323250,90.4954628944397,0.6012127685546875,,,,
train_episode,323400,93.27535027265549,0.61971435546875,,,,
train_episode,323550,93.799773812294,0.6231992594401041,,,,
train_episode,323700,92.13814291357994,0.6120328776041667,,,,
train_episode,323850,93.0086162686348,0.6179111735026042,,,,
train_episode,324000,93.81699618697166,0.6232427978515624,,,,
eval,324000,,,,,90.72083333333333,0.6041888020833334
train_episode,324150,92.89825451374054,1.1938250732421876,,,,
train_episode,324300,92.54089340567589,0.6149137369791666,,,,
train_episode,324450,92.73833233118057,0.616103515625,,,,
train_episode,324600,94.81056731939316,0.6299100748697917,,,,
train_episode,324750,92.40724694728851,0.6140315755208333,,,,
train_episode,324900,92.2762855887413,0.6132305908203125,,,,
train_episode,325050,93.32469671964645,0.620177001953125,,,,
train_episode,325200,93.81997671723366,0.6234543863932291,,,,
train_episode,325350,93.48842379450798,0.6214312744140625,,,,
train_episode,325500,91.73798674345016,0.6095391845703125,,,,
train_episode,325650,94.16273003816605,0.6257210286458333,,,,
train_episode,325800,92.1750693321228,0.6126493326822917,,,,
train_episode,325950,92.03464779257774,0.6116556803385417,,,,
train_episode,326100,94.90597534179688,0.6306402587890625,,,,
train_episode,326250,93.02440384030342,0.6181231689453125,,,,
train_episode,326400,92.40457159280777,0.614110107421875,,,,
train_episode,326550,91.7435097694397,0.6096915690104167,,,,
train_episode,326700,92.46083599328995,0.61470947265625,,,,
train_episode,326850,91.78076162934303,0.609930419921875,,,,
train_episode,327000,93.3544108569622,0.6205869547526042,,,,
train_episode,327150,92.93119299411774,0.6178712972005208,,,,
train_episode,327300,93.606242030859,0.6221636962890625,,,,
train_episode,327450,93.06086179614067,0.6186663818359375,,,,
train_episode,327600,93.47674578428268,0.6213132731119791,,,,
train_episode,327750,91.71539276838303,0.6095985921223959,,,,
train_episode,327900,92.81508406996727,0.6170375569661458,,,,
train_episode,328050,92.88112381100655,0.61738525390625,,,,
train_episode,328200,94.20034781098366,0.6264288330078125,,,,
train_episode,328350,94.4013879597187,0.6277117919921875,,,,
train_episode,328500,93.14894634485245,0.619287109375,,,,
train_episode,328650,91.14815214276314,0.6060951741536459,,,,
train_episode,328800,93.99535095691681,0.6250577799479167,,,,
train_episode,328950,92.35175576806068,0.6141805013020833,,,,
train_episode,329100,91.423868983984,0.6080328369140625,,,,
train_episode,329250,94.85476753115654,0.6309421793619792,,,,
train_episode,329400,92.71535229682922,0.616656494140625,,,,
train_episode,329550,92.74927768111229,0.6168585205078125,,,,
train_episode,329700,93.04459664225578,0.6190218098958333,,,,
train_episode,329850,93.43638098239899,0.6215364583333334,,,,
train_episode,330000,91.51526868343353,0.6087715657552083,,,,
eval,330000,,,,,73.46432291666669,0.48882552083333336
train_episode,330150,91.89027959108353,1.1133390299479167,,,,
train_episode,330300,92.61794054508209,0.6160280354817709,,,,
train_episode,330450,92.99203497171402,0.6186238606770833,,,,
train_episode,330600,92.11188730597496,0.6125478108723958,,,,
train_episode,330750,93.74024444818497,0.6234415690104167,,,,
train_episode,330900,90.24479141831398,0.6001776123046875,,,,
train_episode,331050,90.96342957019806,0.60488037109375,,,,
train_episode,331200,91.87239533662796,0.6109462483723959,,,,
train_episode,331350,92.90683019161224,0.6178763834635417,,,,
train_episode,331500,92.08711737394333,0.6124058024088541,,,,
train_episode,331650,91.67394998669624,0.609678955078125,,,,
train_episode,331800,91.43326807022095,0.6081514485677083,,,,
train_episode,331950,92.14511170983315,0.6127457682291667,,,,
train_episode,332100,93.61665791273117,0.6224519856770834,,,,
train_episode,332250,90.97078421711922,0.6049271647135417,,,,
train_episode,332400,92.29321283102036,0.613690185546875,,,,
train_episode,332550,93.34308910369873,0.62067626953125,,,,
train_episode,332700,92.75869739055634,0.6168998209635417,,,,
train_episode,332850,92.07523629069328,0.612459716796875,,,,
train_episode,333000,91.37295570969582,0.6077764892578125,,,,
train_episode,333150,92.90667697787285,0.617874755859375,,,,
train_episode,333300,94.04554238915443,0.6256642659505208,,,,
train_episode,333450,92.11080947518349,0.6129172770182292,,,,
train_episode,333600,92.70468136668205,0.6166524251302083,,,,
train_episode,333750,93.93064367771149,0.6247674560546875,,,,
train_episode,333900,93.91160109639168,0.6246502685546875,,,,
train_episode,334050,93.85966965556145,0.624410400390625,,,,
train_episode,334200,93.18866989016533,0.6201100667317708,,,,
train_episode,334350,90.62119597196579,0.6028955078125,,,,
train_episode,334500,92.68104094266891,0.6168275960286458,,,,
train_episode,334650,91.75906416773796,0.6105448404947916,,,,
train_episode,334800,93.41408297419548,0.6217826334635417,,,,
train_episode,334950,91.68939244747162,0.6101118977864584,,,,
train_episode,335100,91.72350090742111,0.6101472981770834,,,,
train_episode,335250,92.479441344738,0.6153873697916666,,,,
train_episode,335400,89.41770416498184,0.5950958251953125,,,,
train_episode,335550,90.57760679721832,0.6026448567708333,,,,
train_episode,335700,89.369578063488,0.5947983805338541,,,,
train_episode,335850,91.06431066989899,0.6059031168619792,,,,
train_episode,336000,91.57504254579544,0.6093483479817708,,,,
eval,336000,,,,,58.405598958333336,0.387796875
train_episode,336150,91.40857988595963,0.9897943115234376,,,,
train_episode,336300,89.37732967734337,0.5944287109375,,,,
train_episode,336450,89.78443405032158,0.5972190348307291,,,,
train_episode,336600,88.47695887088776,0.5887664794921875,,,,
train_episode,336750,89.11819496750832,0.5930088297526042,,,,
train_episode,336900,90.728993922472,0.6037786865234375,,,,
train_episode,337050,89.99415042996407,0.5989457194010417,,,,
train_episode,337200,90.11097252368927,0.5995517985026042,,,,
train_episode,337350,91.16295430064201,0.6066619873046875,,,,
train_episode,337500,90.71274843811989,0.6038523356119792,,,,
train_episode,337650,90.13903829455376,0.5999261474609375,,,,
train_episode,337800,89.93828296661377,0.5985799153645833,,,,
train_episode,337950,88.75062027573586,0.5907566324869792,,,,
train_episode,338100,88.6352334022522,0.59011474609375,,,,
train_episode,338250,90.6119689643383,0.6030759684244792,,,,
train_episode,338400,88.74442574381828,0.5906858317057292,,,,
train_episode,338550,88.9925844669342,0.592288818359375,,,,
train_episode,338700,89.19030785560608,0.5935268147786459,,,,
train_episode,338850,89.05520564317703,0.5927569580078125,,,,
train_episode,339000,89.49228978157043,0.5955344645182291,,,,
train_episode,339150,90.1584061384201,0.6001704915364583,,,,
train_episode,339300,89.64440947771072,0.5964762369791666,,,,
train_episode,339450,89.52590969204903,0.596043701171875,,,,
train_episode,339600,90.83086115121841,0.6046006266276042,,,,
train_episode,339750,89.66695183515549,0.5967128499348958,,,,
train_episode,339900,90.17371597886086,0.600301513671875,,,,
train_episode,340050,88.39522299170494,0.5883463541666667,,,,
train_episode,340200,87.6190083026886,0.5830246988932292,,,,
train_episode,340350,86.80376225709915,0.5777382405598959,,,,
train_episode,340500,88.75242120027542,0.59057861328125,,,,
train_episode,340650,88.12483677268028,0.586541748046875,,,,
train_episode,340800,89.83722904324532,0.5979176839192708,,,,
train_episode,340950,89.79681399464607,0.5978564453125,,,,
train_episode,341100,87.51783210039139,0.5823789469401042,,,,
train_episode,341250,89.57538878917694,0.59608154296875,,,,
train_episode,341400,89.58581554889679,0.5961492919921875,,,,
train_episode,341550,88.6706332564354,0.5901033528645834,,,,
train_episode,341700,88.47064182162285,0.5888446044921875,,,,
train_episode,341850,88.54085299372673,0.58946533203125,,,,
train_episode,342000,88.37173470854759,0.5883797200520834,,,,
eval,342000,,,,,57.89440104166668,0.38435677083333336
train_episode,342150,87.91105118393898,0.9346872965494791,,,,
train_episode,342300,87.92831438779831,0.5855019124348958,,,,
train_episode,342450,89.3732098042965,0.5950339762369792,,,,
train_episode,342600,87.69018518924713,0.5836083984375,,,,
train_episode,342750,88.01508608460426,0.5859794108072917,,,,
train_episode,342900,87.51577806472778,0.582545166015625,,,,
train_episode,343050,87.6164861023426,0.5831496175130209,,,,
train_episode,343200,87.95278939604759,0.5856404622395833,,,,
train_episode,343350,89.20319592952728,0.5940802001953125,,,,
train_episode,343500,88.71155816316605,0.5907403564453125,,,,
train_episode,343650,86.10431879758835,0.5736623128255208,,,,
train_episode,343800,87.3121640086174,0.5814377848307292,,,,
train_episode,343950,89.04425075650215,0.59304443359375,,,,
train_episode,344100,84.45252496004105,0.5623653157552083,,,,
train_episode,344250,86.87134781479836,0.5785756429036458,,,,
train_episode,344400,84.66349312663078,0.5638938395182291,,,,
train_episode,344550,85.89245638251305,0.5721988932291666,,,,
train_episode,344700,86.16459137201309,0.573739013671875,,,,
train_episode,344850,87.10878503322601,0.5802799479166667,,,,
train_episode,345000,86.85639476776123,0.5783404541015625,,,,
train_episode,345150,86.62066635489464,0.5769669596354167,,,,
train_episode,345300,86.2465108036995,0.5746754964192708,,,,
train_episode,345450,84.2816875576973,0.5614182535807292,,,,
train_episode,345600,85.239939391613,0.5678072102864583,,,,
train_episode,345750,84.06177765130997,0.5601639811197917,,,,
train_episode,345900,86.14070644974709,0.5737015787760417,,,,
train_episode,346050,86.86360704898834,0.5786598714192709,,,,
train_episode,346200,85.56964120268822,0.5700295003255208,,,,
train_episode,346350,85.4320781826973,0.5691078694661459,,,,
train_episode,346500,86.26050823926926,0.574583740234375,,,,
train_episode,346650,85.21089708805084,0.5675551350911459,,,,
train_episode,346800,85.19871038198471,0.5673455810546875,,,,
train_episode,346950,83.93190506100655,0.5589329020182292,,,,
train_episode,347100,87.2257387638092,0.5807377115885417,,,,
train_episode,347250,84.2980962395668,0.5613460286458334,,,,
train_episode,347400,85.33051535487175,0.5683382161458334,,,,
train_episode,347550,87.20916748046875,0.5808465576171875,,,,
train_episode,347700,86.3023993074894,0.5747178141276041,,,,
train_episode,347850,87.38293462991714,0.5820829264322916,,,,
train_episode,348000,86.47520977258682,0.576025390625,,,,
eval,348000,,,,,55.25703125000001,0.36646744791666663
train_episode,348150,86.23423251509666,0.9620428466796875,,,,
train_episode,348300,87.7351681292057,0.5844203694661458,,,,
train_episode,348450,85.18813025951385,0.5676973470052084,,,,
train_episode,348600,85.72937029600143,0.5712200927734375,,,,
train_episode,348750,85.72257459163666,0.5711899820963542,,,,
train_episode,348900,85.72358167171478,0.5711916097005209,,,,
train_episode,349050,84.91624003648758,0.5658846028645833,,,,
train_episode,349200,85.72393772006035,0.5713608805338541,,,,
train_episode,349350,88.09502166509628,0.5870741780598958,,,,
train_episode,349500,86.16305553913116,0.5742010498046874,,,,
train_episode,349650,85.75952190160751,0.571563720703125,,,,
train_episode,349800,87.20495566725731,0.581207275390625,,,,
train_episode,349950,89.09645560383797,0.5938671875,,,,
train_episode,350100,87.67494708299637,0.5842510986328125,,,,
train_episode,350250,87.13601690530777,0.5806642659505208,,,,
train_episode,350400,86.11773693561554,0.5740806070963541,,,,
train_episode,350550,85.3750516474247,0.568905029296875,,,,
train_episode,350700,87.56640610098839,0.5836301676432292,,,,
train_episode,350850,84.94587180018425,0.5659596761067708,,,,
train_episode,351000,86.0590922832489,0.5734326171875,,,,
train_episode,351150,83.8907673060894,0.558890380859375,,,,
train_episode,351300,86.17179319262505,0.5742708333333333,,,,
train_episode,351450,85.61769604682922,0.5704728190104167,,,,
train_episode,351600,84.74392682313919,0.5646759033203125,,,,
train_episode,351750,84.00484222173691,0.5596291097005208,,,,
train_episode,351900,84.08794125914574,0.5602783203125,,,,
train_episode,352050,83.75488293170929,0.5580051676432292,,,,
train_episode,352200,82.2146909236908,0.5477339680989584,,,,
train_episode,352350,82.9701339006424,0.552626953125,,,,
train_episode,352500,83.46096777915955,0.5560587565104167,,,,
train_episode,352650,83.56285661458969,0.5567372639973959,,,,
train_episode,352800,84.59895819425583,0.5635917154947917,,,,
train_episode,352950,83.71494519710541,0.5577620442708333,,,,
train_episode,353100,84.24453753232956,0.5613187662760417,,,,
train_episode,353250,83.19650286436081,0.5542134602864583,,,,
train_episode,353400,82.93738797307014,0.5525592041015625,,,,
train_episode,353550,82.6928913295269,0.550897216796875,,,,
train_episode,353700,82.67607587575912,0.5508528645833334,,,,
train_episode,353850,84.20263642072678,0.5609916178385417,,,,
train_episode,354000,83.70959466695786,0.5576298014322917,,,,
eval,354000,,,,,71.40898437500002,0.4751953125
train_episode,354150,82.95455938577652,1.0118100992838541,,,,
train_episode,354300,84.17011454701424,0.5608636474609375,,,,
train_episode,354450,85.29174816608429,0.5682920328776042,,,,
train_episode,354600,84.79839071631432,0.565023193359375,,,,
train_episode,354750,82.5360920727253,0.5500874837239583,,,,
train_episode,354900,84.24237072467804,0.5614139811197917,,,,
train_episode,355050,82.88488802313805,0.5523286946614583,,,,
train_episode,355200,81.26881903409958,0.541488037109375,,,,
train_episode,355350,84.97691842913628,0.5661958821614583,,,,
train_episode,355500,80.92147782444954,0.5392696126302083,,,,
train_episode,355650,84.26732456684113,0.5617063395182291,,,,
train_episode,355800,82.7347719669342,0.5512455240885417,,,,
train_episode,355950,84.76859506964684,0.5650337727864584,,,,
train_episode,356100,85.52793380618095,0.5699761962890625,,,,
train_episode,356250,85.64940372109413,0.5707602945963541,,,,
train_episode,356400,83.36608907580376,0.5556282552083334,,,,
train_episode,356550,83.25031533837318,0.5548317464192708,,,,
train_episode,356700,84.2383017539978,0.5615279134114584,,,,
train_episode,356850,84.78454613685608,0.5650941975911459,,,,
train_episode,357000,85.44427487254143,0.5694350179036458,,,,
train_episode,357150,83.32226550579071,0.5553763834635417,,,,
train_episode,357300,85.90902671217918,0.5726047770182292,,,,
train_episode,357450,86.10382097959518,0.5738612874348958,,,,
train_episode,357600,82.55496206879616,0.5501694742838542,,,,
train_episode,357750,82.63675957918167,0.5508329264322916,,,,
train_episode,357900,84.6293848156929,0.5641510009765625,,,,
train_episode,358050,80.80245950818062,0.5386309814453125,,,,
train_episode,358200,83.87578305602074,0.5591550699869792,,,,
train_episode,358350,82.95239260792732,0.552835693359375,,,,
train_episode,358500,84.45553520321846,0.5630979410807292,,,,
train_episode,358650,83.25464895367622,0.5549180094401042,,,,
train_episode,358800,83.02304065227509,0.5535270182291666,,,,
train_episode,358950,80.98640900850296,0.5397703043619791,,,,
train_episode,359100,83.30011996626854,0.5552360026041666,,,,
train_episode,359250,81.92294308543205,0.546246337890625,,,,
train_episode,359400,82.80366018414497,0.5519578043619792,,,,
train_episode,359550,84.3883975148201,0.5625528971354167,,,,
train_episode,359700,81.59072917699814,0.5439369710286458,,,,
train_episode,359850,83.7044368982315,0.5579610188802083,,,,
train_episode,360000,83.7917887866497,0.5585331217447916,,,,
eval,360000,,,,,74.89388020833333,0.49870703125000004
train_episode,360150,82.41885390877724,1.0334844970703125,,,,
train_episode,360300,83.06765776872635,0.5535666910807292,,,,
train_episode,360450,82.80271366238594,0.5519036865234375,,,,
train_episode,360600,82.483652561903,0.5497623697916667,,,,
train_episode,360750,81.8044950067997,0.5451597086588542,,,,
train_episode,360900,82.75575757026672,0.5517002360026042,,,,
train_episode,361050,80.63110369443893,0.5374849446614584,,,,
train_episode,361200,82.99655160307884,0.553153076171875,,,,
train_episode,361350,83.1632388830185,0.5542948404947917,,,,
train_episode,361500,83.67954531311989,0.557567138671875,,,,
train_episode,361650,80.97031620144844,0.5396089680989583,,,,
train_episode,361800,82.82666999101639,0.551927490234375,,,,
train_episode,361950,85.03200259804726,0.5667012532552084,,,,
train_episode,362100,83.32813531160355,0.55514404296875,,,,
train_episode,362250,81.31480893492699,0.5418528238932292,,,,
train_episode,362400,83.78844198584557,0.5581846110026042,,,,
train_episode,362550,82.2034914791584,0.5477783203125,,,,
train_episode,362700,81.10304749011993,0.5403080240885416,,,,
train_episode,362850,81.07335436344147,0.5402433268229166,,,,
train_episode,363000,80.5401918888092,0.5366461181640625,,,,
train_episode,363150,82.31718960404396,0.5485854085286458,,,,
train_episode,363300,80.80912294983864,0.5385160319010417,,,,
train_episode,363450,83.26904341578484,0.5548524983723958,,,,
train_episode,363600,81.96242281794548,0.5460353597005209,,,,
train_episode,363750,81.17609670758247,0.5409761555989583,,,,
train_episode,363900,79.30438274145126,0.5283693440755208,,,,
train_episode,364050,83.04469728469849,0.5534761555989584,,,,
train_episode,364200,80.14939352869987,0.5341048177083333,,,,
train_episode,364350,82.7467146217823,0.5513771565755209,,,,
train_episode,364500,80.36866253614426,0.53557861328125,,,,
train_episode,364650,80.82895877957344,0.5386956787109375,,,,
train_episode,364800,82.0465082526207,0.5468013509114583,,,,
train_episode,364950,83.45040872693062,0.5561397298177083,,,,
train_episode,365100,81.95635959506035,0.5462038167317709,,,,
train_episode,365250,79.26162686944008,0.5281644694010417,,,,
train_episode,365400,82.93835455179214,0.5527976481119792,,,,
train_episode,365550,83.02469936013222,0.5533744303385416,,,,
train_episode,365700,82.83752411603928,0.5521824137369792,,,,
train_episode,365850,80.44774407148361,0.5361061604817708,,,,
train_episode,366000,83.58719831705093,0.5571394856770834,,,,
eval,366000,,,,,71.59648437500002,0.4762890625000001
train_episode,366150,82.9969182908535,1.0153110758463542,,,,
train_episode,366300,81.57128900289536,0.5437361653645834,,,,
train_episode,366450,81.35896864533424,0.5423372395833334,,,,
train_episode,366600,81.34186846017838,0.5422174072265625,,,,
train_episode,366750,82.228464782238,0.5482586669921875,,,,
train_episode,366900,83.05096426606178,0.5537591552734376,,,,
train_episode,367050,79.53202372789383,0.5301350911458333,,,,
train_episode,367200,81.20354214310646,0.5413444010416667,,,,
train_episode,367350,82.33565258979797,0.5490032958984375,,,,
train_episode,367500,81.20138520002365,0.5413340250651042,,,,
train_episode,367650,82.28242042660713,0.548538818359375,,,,
train_episode,367800,81.84602892398834,0.5457598876953125,,,,
train_episode,367950,82.38281312584877,0.5493308512369791,,,,
train_episode,368100,80.80687421560287,0.5388004557291667,,,,
train_episode,368250,79.69886285066605,0.5313486735026042,,,,
train_episode,368400,79.764191031456,0.5318302408854166,,,,
train_episode,368550,83.6034445464611,0.5574041748046875,,,,
train_episode,368700,81.20373553037643,0.5413069661458333,,,,
train_episode,368850,81.95051032304764,0.5462967936197917,,,,
train_episode,369000,81.07252979278564,0.540428466796875,,,,
train_episode,369150,81.24003112316132,0.5416121419270833,,,,
train_episode,369300,81.64779621362686,0.5443025716145833,,,,
train_episode,369450,80.64412438869476,0.5374784342447917,,,,
train_episode,369600,81.37828519940376,0.5422336832682292,,,,
train_episode,369750,81.66516110301018,0.5443341064453125,,,,
train_episode,369900,81.18343079090118,0.5409354654947917,,,,
train_episode,370050,81.1073300242424,0.5405625406901041,,,,
train_episode,370200,80.57126852869987,0.5368796793619791,,,,
train_episode,370350,81.45811969041824,0.5427323404947917,,,,
train_episode,370500,79.98746752738953,0.5328928629557291,,,,
train_episode,370650,79.43937182426453,0.5292171223958333,,,,
train_episode,370800,78.94617694616318,0.5260990397135417,,,,
train_episode,370950,81.36307781934738,0.5421712239583333,,,,
train_episode,371100,81.25785320997238,0.5414630126953125,,,,
train_episode,371250,78.49069195985794,0.5229203287760417,,,,
train_episode,371400,81.16520151495934,0.54082763671875,,,,
train_episode,371550,81.08810377120972,0.5403759765625,,,,
train_episode,371700,79.85451287031174,0.5321437581380208,,,,
train_episode,371850,79.91915822029114,0.5325880940755209,,,,
train_episode,372000,79.22380536794662,0.5279351806640625,,,,
eval,372000,,,,,55.400390625,0.36763151041666664
train_episode,372150,83.3197631239891,0.9095743815104167,,,,
train_episode,372300,81.95110034942627,0.5459554036458333,,,,
train_episode,372450,81.34568226337433,0.5419669596354166,,,,
train_episode,372600,80.03530898690224,0.533343505859375,,,,
train_episode,372750,83.43331897258759,0.5559012858072917,,,,
train_episode,372900,82.36547890305519,0.5487693277994792,,,,
train_episode,373050,81.28116896748543,0.5416609700520834,,,,
train_episode,373200,80.82023081183434,0.5386222330729167,,,,
train_episode,373350,81.72503665089607,0.5444964599609375,,,,
train_episode,373500,78.49116006493568,0.5231532796223959,,,,
train_episode,373650,80.75156691670418,0.5381978352864584,,,,
train_episode,373800,79.26346841454506,0.5281866455078125,,,,
train_episode,373950,80.30631503462791,0.5351251220703125,,,,
train_episode,374100,79.0271605849266,0.5266233317057292,,,,
train_episode,374250,80.95093762874603,0.5394047037760417,,,,
train_episode,374400,79.61402368545532,0.5305088297526042,,,,
train_episode,374550,79.04087325930595,0.5267329915364584,,,,
train_episode,374700,79.63049319386482,0.5306119791666667,,,,
train_episode,374850,79.02951115369797,0.5266200764973958,,,,
train_episode,375000,80.02397659420967,0.5331388346354167,,,,
train_episode,375150,77.63155129551888,0.51725341796875,,,,
train_episode,375300,79.7323097884655,0.5312689208984375,,,,
train_episode,375450,78.17000299692154,0.5208353678385417,,,,
train_episode,375600,77.88425749540329,0.5189290364583333,,,,
train_episode,375750,80.56960093975067,0.5369535319010417,,,,
train_episode,375900,78.18214920163155,0.5210762532552083,,,,
train_episode,376050,76.77871695160866,0.5116947428385417,,,,
train_episode,376200,77.54946929216385,0.5167824300130208,,,,
train_episode,376350,76.58466625213623,0.5103196207682291,,,,
train_episode,376500,78.29064929485321,0.5218603515625,,,,
train_episode,376650,75.67047134041786,0.5042179361979167,,,,
train_episode,376800,77.38658645749092,0.5156571451822917,,,,
train_episode,376950,75.82861348986626,0.50522216796875,,,,
train_episode,377100,76.95895379781723,0.5128810628255208,,,,
train_episode,377250,76.30886873602867,0.5085337320963542,,,,
train_episode,377400,77.01753702759743,0.5132293701171875,,,,
train_episode,377550,76.10575318336487,0.5072267659505209,,,,
train_episode,377700,76.10275268554688,0.507174072265625,,,,
train_episode,377850,76.10342434048653,0.5071331787109375,,,,
train_episode,378000,74.61098226904869,0.4972271728515625,,,,
eval,378000,,,,,61.4318359375,0.40807031250000003
train_episode,378150,76.82038402557373,0.9235752360026042,,,,
train_episode,378300,76.30583730340004,0.508499755859375,,,,
train_episode,378450,77.08065804839134,0.5137202962239583,,,,
train_episode,378600,76.83708640933037,0.512200927734375,,,,
train_episode,378750,75.26609259843826,0.5015236409505208,,,,
train_episode,378900,77.15825375914574,0.5142020670572917,,,,
train_episode,379050,78.7559206187725,0.5248101806640625,,,,
train_episode,379200,76.56863418221474,0.5102168782552083,,,,
train_episode,379350,77.56007894873619,0.5170084635416666,,,,
train_episode,379500,77.79999780654907,0.5184236653645833,,,,
train_episode,379650,76.44396990537643,0.5093886311848959,,,,
train_episode,379800,75.89104235172272,0.5058732096354167,,,,
train_episode,379950,76.46377518773079,0.50952392578125,,,,
train_episode,380100,77.76968395709991,0.5183567301432291,,,,
train_episode,380250,78.27481025457382,0.5217873128255208,,,,
train_episode,380400,77.2313839495182,0.5148748779296874,,,,
train_episode,380550,76.75239038467407,0.5114839680989584,,,,
train_episode,380700,76.67356368899345,0.5109830729166667,,,,
train_episode,380850,77.74140393733978,0.5181524658203125,,,,
train_episode,381000,77.40769469738007,0.5158831787109375,,,,
train_episode,381150,77.1130975484848,0.5138997395833333,,,,
train_episode,381300,76.44144687056541,0.509366455078125,,,,
train_episode,381450,77.40879279375076,0.5157564290364584,,,,
train_episode,381600,77.4795731306076,0.5162534586588542,,,,
train_episode,381750,77.91757193207741,0.5193343098958333,,,,
train_episode,381900,76.21422308683395,0.508017578125,,,,
train_episode,382050,76.94422417879105,0.5128611246744792,,,,
train_episode,382200,76.82626301050186,0.5120025634765625,,,,
train_episode,382350,78.46890214085579,0.522940673828125,,,,
train_episode,382500,76.19615688920021,0.5076800537109375,,,,
train_episode,382650,76.87972018122673,0.5123042805989584,,,,
train_episode,382800,77.02784252166748,0.513382568359375,,,,
train_episode,382950,77.01537063717842,0.5131233723958334,,,,
train_episode,383100,75.98303198814392,0.5063543701171875,,,,
train_episode,383250,78.7849434018135,0.5249851481119792,,,,
train_episode,383400,76.42726624011993,0.5093123372395834,,,,
train_episode,383550,75.02037504315376,0.4997328694661458,,,,
train_episode,383700,75.79597958922386,0.5050581868489583,,,,
train_episode,383850,74.95505768060684,0.499417724609375,,,,
train_episode,384000,76.44396963715553,0.5093556722005208,,,,
eval,384000,,,,,65.7224609375,0.4369192708333333
train_episode,384150,74.7134199142456,0.9366571044921875,,,,
train_episode,384300,76.58488994836807,0.5104193115234374,,,,
train_episode,384450,76.54753583669662,0.5100970458984375,,,,
train_episode,384600,75.270487844944,0.5015602620442708,,,,
train_episode,384750,74.50002047419548,0.4964361572265625,,,,
train_episode,384900,75.5840553343296,0.5035727945963542,,,,
train_episode,385050,75.58628290891647,0.5037522379557292,,,,
train_episode,385200,71.16562920808792,0.4739837646484375,,,,
train_episode,385350,73.70815002918243,0.4910546875,,,,
train_episode,385500,73.19025698304176,0.4876145426432292,,,,
train_episode,385650,73.31917291879654,0.4883852132161458,,,,
train_episode,385800,72.76065072417259,0.4846348063151042,,,,
train_episode,385950,72.10704576969147,0.48025716145833336,,,,
train_episode,386100,72.55312100052834,0.4833194986979167,,,,
train_episode,386250,71.73250332474709,0.477762451171875,,,,
train_episode,386400,71.59042367339134,0.4769219970703125,,,,
train_episode,386550,71.54852336645126,0.47658711751302085,,,,
train_episode,386700,71.23766100406647,0.47449178059895836,,,,
train_episode,386850,72.61680108308792,0.48374491373697914,,,,
train_episode,387000,71.77464827895164,0.4781048583984375,,,,
train_episode,387150,70.47203615307808,0.46936625162760415,,,,
train_episode,387300,71.85094225406647,0.47862040201822914,,,,
train_episode,387450,71.5573225915432,0.47670572916666665,,,,
train_episode,387600,70.41209957003593,0.4689412434895833,,,,
train_episode,387750,72.46722450852394,0.48269246419270834,,,,
train_episode,387900,71.55137154459953,0.4766416422526042,,,,
train_episode,388050,70.83216378092766,0.471741943359375,,,,
train_episode,388200,72.51907396316528,0.4831343587239583,,,,
train_episode,388350,72.75555422902107,0.4846087646484375,,,,
train_episode,388500,72.43608611822128,0.4824953206380208,,,,
train_episode,388650,73.03382366895676,0.4865266927083333,,,,
train_episode,388800,73.34135928750038,0.4886167399088542,,,,
train_episode,388950,72.44900560379028,0.48260701497395836,,,,
train_episode,389100,73.7873127758503,0.491632080078125,,,,
train_episode,389250,74.62134796380997,0.49721110026041665,,,,
train_episode,389400,74.14390081167221,0.4940848795572917,,,,
train_episode,389550,73.14912903308868,0.4873606363932292,,,,
train_episode,389700,73.40555828809738,0.489100341796875,,,,
train_episode,389850,74.07881686091423,0.4936372884114583,,,,
train_episode,390000,74.2558182477951,0.4947658284505208,,,,
eval,390000,,,,,86.5046875,0.5763919270833333
train_episode,390150,74.6240845322609,1.0836177571614583,,,,
train_episode,390300,73.51883977651596,0.489813232421875,,,,
train_episode,390450,74.36686193943024,0.49550252278645834,,,,
train_episode,390600,73.92301377654076,0.4925002034505208,,,,
train_episode,390750,73.31197109818459,0.48843994140625,,,,
train_episode,390900,74.071584045887,0.4936061604817708,,,,
train_episode,391050,73.6621907055378,0.490858154296875,,,,
train_episode,391200,75.07945758104324,0.5002711995442708,,,,
train_episode,391350,73.68626937270164,0.4909271240234375,,,,
train_episode,391500,73.62337213754654,0.49043619791666665,,,,
train_episode,391650,73.5173744559288,0.4897312418619792,,,,
train_episode,391800,73.30798327922821,0.4884285481770833,,,,
train_episode,391950,74.60069736838341,0.4971110026041667,,,,
train_episode,392100,73.6040550172329,0.4904119873046875,,,,
train_episode,392250,74.89476516842842,0.49912618001302084,,,,
train_episode,392400,73.47500598430634,0.48960550944010417,,,,
train_episode,392550,74.22002175450325,0.4944887288411458,,,,
train_episode,392700,73.80792248249054,0.4916900634765625,,,,
train_episode,392850,73.55769872665405,0.4901381429036458,,,,
train_episode,393000,74.18173226714134,0.4943107096354167,,,,
train_episode,393150,73.75520837306976,0.49141316731770834,,,,
train_episode,393300,74.1898600757122,0.4942628987630208,,,,
train_episode,393450,74.04607090353966,0.49326741536458335,,,,
train_episode,393600,72.84997591376305,0.48537251790364583,,,,
train_episode,393750,72.71453827619553,0.4843450927734375,,,,
train_episode,393900,72.95652252435684,0.4860768636067708,,,,
train_episode,394050,73.41389977931976,0.48913431803385415,,,,
train_episode,394200,73.70338943600655,0.4910980224609375,,,,
train_episode,394350,73.53303056955338,0.4898272705078125,,,,
train_episode,394500,73.61187759041786,0.4905037434895833,,,,
train_episode,394650,72.486378967762,0.48286519368489583,,,,
train_episode,394800,73.02255290746689,0.486470947265625,,,,
train_episode,394950,73.3926493525505,0.489010009765625,,,,
train_episode,395100,73.38583397865295,0.4890460205078125,,,,
train_episode,395250,73.78281661868095,0.4916023763020833,,,,
train_episode,395400,73.55316177010536,0.4900362141927083,,,,
train_episode,395550,72.76103726029396,0.48480855305989584,,,,
train_episode,395700,72.55251082777977,0.48337381998697915,,,,
train_episode,395850,71.74991896748543,0.4780706787109375,,,,
train_episode,396000,71.42234337329865,0.4757541910807292,,,,
eval,396000,,,,,96.42884114583332,0.6433489583333333
train_episode,396150,71.03305119276047,1.0998455810546874,,,,
train_episode,396300,71.5090845823288,0.4762699381510417,,,,
train_episode,396450,71.37095189094543,0.4753875732421875,,,,
train_episode,396600,70.53146430850029,0.46967976888020835,,,,
train_episode,396750,71.04145357012749,0.4732257080078125,,,,
train_episode,396900,70.30500364303589,0.4683160400390625,,,,
train_episode,397050,71.05192098021507,0.47321207682291666,,,,
train_episode,397200,71.09825676679611,0.47361897786458335,,,,
train_episode,397350,70.04464766383171,0.466534423828125,,,,
train_episode,397500,71.25671410560608,0.4746067301432292,,,,
train_episode,397650,70.65075731277466,0.4705305989583333,,,,
train_episode,397800,71.23057097196579,0.474427490234375,,,,
train_episode,397950,70.20860853791237,0.4675093587239583,,,,
train_episode,398100,70.69894456863403,0.47083984375,,,,
train_episode,398250,69.93965715169907,0.4656599934895833,,,,
train_episode,398400,69.98888185620308,0.46600972493489584,,,,
train_episode,398550,70.11669969558716,0.4669014485677083,,,,
train_episode,398700,70.67849764227867,0.4706221516927083,,,,
train_episode,398850,70.16845735907555,0.46722859700520836,,,,
train_episode,399000,71.073425501585,0.47318684895833335,,,,
train_episode,399150,70.65530452132225,0.47047098795572917,,,,
train_episode,399300,70.66535469889641,0.470538330078125,,,,
train_episode,399450,70.9735926091671,0.47256103515625,,,,
train_episode,399600,70.5555317401886,0.46974019368489583,,,,
train_episode,399750,70.3076583147049,0.46814127604166667,,,,
train_episode,399900,70.62866243720055,0.4703125,,,,
train_episode,400050,71.57500219345093,0.4766583251953125,,,,
train_episode,400200,70.4903464615345,0.469344482421875,,,,
train_episode,400350,71.82383269071579,0.47830342610677085,,,,
train_episode,400500,71.91944414377213,0.4789703369140625,,,,
train_episode,400650,71.71994066238403,0.47752197265625,,,,
train_episode,400800,72.15109312534332,0.48048990885416665,,,,
train_episode,400950,72.55954042077065,0.4832283528645833,,,,
train_episode,401100,72.62261992692947,0.4836383056640625,,,,
train_episode,401250,73.02308160066605,0.48640340169270835,,,,
train_episode,401400,73.49924728274345,0.4895404052734375,,,,
train_episode,401550,73.51200377941132,0.4897965494791667,,,,
train_episode,401700,73.65265908837318,0.49059366861979165,,,,
train_episode,401850,73.4422610104084,0.48921366373697917,,,,
train_episode,402000,73.23788487911224,0.48785013834635416,,,,
eval,402000,,,,,106.78554687499995,0.7126263020833333
train_episode,402150,73.49387642741203,1.1904502360026041,,,,
train_episode,402300,72.94738811254501,0.4858673095703125,,,,
train_episode,402450,74.01906353235245,0.4931129964192708,,,,
train_episode,402600,73.88276207447052,0.49214029947916665,,,,
train_episode,402750,73.61482751369476,0.49051005045572915,,,,
train_episode,402900,73.7295940220356,0.49123067220052086,,,,
train_episode,403050,74.11336264014244,0.4937443033854167,,,,
train_episode,403200,73.81847125291824,0.491824951171875,,,,
train_episode,403350,73.52321395277977,0.4897762044270833,,,,
train_episode,403500,73.73771187663078,0.49128072102864584,,,,
train_episode,403650,73.2090659737587,0.487724609375,,,,
train_episode,403800,73.45857727527618,0.48941365559895833,,,,
train_episode,403950,73.818349391222,0.4917523193359375,,,,
train_episode,404100,73.73192343115807,0.4912648518880208,,,,
train_episode,404250,73.81399556994438,0.4918113199869792,,,,
train_episode,404400,73.37318935990334,0.4889046223958333,,,,
train_episode,404550,72.7651164829731,0.4848382568359375,,,,
train_episode,404700,72.49397796392441,0.48296284993489585,,,,
train_episode,404850,73.62092074751854,0.4905242919921875,,,,
train_episode,405000,72.7669680416584,0.4847408040364583,,,,
train_episode,405150,72.78514665365219,0.48496337890625,,,,
train_episode,405300,72.66474443674088,0.48420084635416666,,,,
train_episode,405450,72.53414940834045,0.483299560546875,,,,
train_episode,405600,72.59779971837997,0.48364420572916667,,,,
train_episode,405750,73.10852074623108,0.4870957438151042,,,,
train_episode,405900,72.58958968520164,0.48365336100260414,,,,
train_episode,406050,72.45169106125832,0.4826678466796875,,,,
train_episode,406200,73.37974017858505,0.48896626790364583,,,,
train_episode,406350,73.0862326323986,0.486998291015625,,,,
train_episode,406500,72.76535046100616,0.48474772135416666,,,,
train_episode,406650,72.95726528763771,0.4860723876953125,,,,
train_episode,406800,72.48969548940659,0.4829449462890625,,,,
train_episode,406950,72.71907585859299,0.48457539876302086,,,,
train_episode,407100,72.63004559278488,0.48385172526041664,,,,
train_episode,407250,73.7997131049633,0.491671142578125,,,,
train_episode,407400,73.08727034926414,0.48691752115885417,,,,
train_episode,407550,72.66430711746216,0.48407389322916666,,,,
train_episode,407700,72.88529488444328,0.4855220540364583,,,,
train_episode,407850,72.47471165657043,0.48278706868489585,,,,
train_episode,408000,72.69935122132301,0.48432535807291666,,,,
eval,408000,,,,,107.65104166666666,0.7183216145833334
train_episode,408150,73.33185857534409,1.2044675699869791,,,,
train_episode,408300,73.33472734689713,0.4885231526692708,,,,
train_episode,408450,73.41172298789024,0.4890423583984375,,,,
train_episode,408600,73.22933977842331,0.487830810546875,,,,
train_episode,408750,73.57146206498146,0.49011820475260415,,,,
train_episode,408900,73.58586624264717,0.4902494303385417,,,,
train_episode,409050,73.9358012676239,0.4924554443359375,,,,
train_episode,409200,73.52016228437424,0.4898404947916667,,,,
train_episode,409350,74.33590704202652,0.4952237955729167,,,,
train_episode,409500,73.99231991171837,0.4929852294921875,,,,
train_episode,409650,74.61925268173218,0.49712890625,,,,
train_episode,409800,74.55508390069008,0.4967655436197917,,,,
train_episode,409950,74.58826699852943,0.4970267740885417,,,,
train_episode,410100,73.9088134765625,0.4923236083984375,,,,
train_episode,410250,73.47728487849236,0.4895635986328125,,,,
train_episode,410400,74.04703778028488,0.4933489990234375,,,,
train_episode,410550,73.51483166217804,0.48977783203125,,,,
train_episode,410700,73.90950521826744,0.492476806640625,,,,
train_episode,410850,74.68075546622276,0.4975927734375,,,,
train_episode,411000,74.27722156047821,0.4948846435546875,,,,
train_episode,411150,74.73285925388336,0.4979197184244792,,,,
train_episode,411300,74.67684915661812,0.4976627604166667,,,,
train_episode,411450,74.7472630739212,0.4980780029296875,,,,
train_episode,411600,75.3230282664299,0.50194091796875,,,,
train_episode,411750,74.93765187263489,0.49932779947916667,,,,
train_episode,411900,74.6928400695324,0.49771199544270833,,,,
train_episode,412050,74.33359745144844,0.49530436197916666,,,,
train_episode,412200,73.85110485553741,0.49201334635416666,,,,
train_episode,412350,73.91365531086922,0.4924820963541667,,,,
train_episode,412500,74.2528892159462,0.49477559407552085,,,,
train_episode,412650,74.5606078505516,0.49680704752604166,,,,
train_episode,412800,73.72012373805046,0.49123514811197916,,,,
train_episode,412950,73.80488049983978,0.49177001953125,,,,
train_episode,413100,73.89337155222893,0.4924593098958333,,,,
train_episode,413250,73.61132833361626,0.490452880859375,,,,
train_episode,413400,73.73388671875,0.49128153483072917,,,,
train_episode,413550,73.6527202129364,0.4908343505859375,,,,
train_episode,413700,73.3524880707264,0.4887066650390625,,,,
train_episode,413850,72.89521318674088,0.485692138671875,,,,
train_episode,414000,73.56264272332191,0.4901914469401042,,,,
eval,414000,,,,,108.05559895833332,0.72106640625
train_episode,414150,73.66106131672859,1.2164192708333332,,,,
train_episode,414300,72.57268297672272,0.4835280354817708,,,,
train_episode,414450,73.16152954101562,0.4873555501302083,,,,
train_episode,414600,72.19712340831757,0.4809527587890625,,,,
train_episode,414750,72.9396162033081,0.48588399251302083,,,,
train_episode,414900,73.42106133699417,0.48921651204427086,,,,
train_episode,415050,72.60815444588661,0.48373270670572915,,,,
train_episode,415200,73.463898062706,0.48946207682291665,,,,
train_episode,415350,73.85908037424088,0.49217325846354165,,,,
train_episode,415500,73.40321871638298,0.48907674153645836,,,,
train_episode,415650,73.66263821721077,0.49093546549479167,,,,
train_episode,415800,73.75014239549637,0.4913382975260417,,,,
train_episode,415950,73.30045565962791,0.48833780924479164,,,,
train_episode,416100,74.1609496474266,0.4942108154296875,,,,
train_episode,416250,73.22515857219696,0.4879502360026042,,,,
train_episode,416400,74.31911218166351,0.495186767578125,,,,
train_episode,416550,73.84998568892479,0.49206136067708334,,,,
train_episode,416700,74.2286274433136,0.4945753987630208,,,,
train_episode,416850,74.01363092660904,0.4932501220703125,,,,
train_episode,417000,74.59796115756035,0.49705342610677083,,,,
train_episode,417150,74.50255304574966,0.4963970947265625,,,,
train_episode,417300,75.84383082389832,0.5054264322916666,,,,
train_episode,417450,75.7788895368576,0.5050146484375,,,,
train_episode,417600,75.6192418038845,0.5039080810546875,,,,
train_episode,417750,76.100819170475,0.5071437581380208,,,,
train_episode,417900,76.65385869145393,0.510804443359375,,,,
train_episode,418050,76.40581208467484,0.5091166178385417,,,,
train_episode,418200,76.38709366321564,0.5090635172526041,,,,
train_episode,418350,76.07038313150406,0.5069484456380209,,,,
train_episode,418500,76.78770846128464,0.5117008463541667,,,,
train_episode,418650,76.44119241833687,0.5094382731119792,,,,
train_episode,418800,77.444833278656,0.516199951171875,,,,
train_episode,418950,77.32399427890778,0.5153546142578125,,,,
train_episode,419100,77.11080840229988,0.5138616943359375,,,,
train_episode,419250,77.70341867208481,0.5178822835286458,,,,
train_episode,419400,77.81248831748962,0.518753662109375,,,,
train_episode,419550,77.8779998421669,0.5191414388020833,,,,
train_episode,419700,77.42373549938202,0.5160919189453125,,,,
train_episode,419850,77.97799521684647,0.5196563720703125,,,,
train_episode,420000,78.05446195602417,0.5202524820963542,,,,
eval,420000,,,,,109.70651041666665,0.7324049479166668
train_episode,420150,78.46904343366623,1.2627683512369792,,,,
train_episode,420300,78.04049563407898,0.5202652994791667,,,,
train_episode,420450,78.34225332736969,0.5222125244140625,,,,
train_episode,420600,77.11892539262772,0.5140142822265625,,,,
train_episode,420750,77.61932298541069,0.5173848470052084,,,,
train_episode,420900,77.92276906967163,0.51939453125,,,,
train_episode,421050,77.07469546794891,0.5137198893229167,,,,
train_episode,421200,77.46546322107315,0.5163193766276042,,,,
train_episode,421350,77.48565542697906,0.5164898681640625,,,,
train_episode,421500,78.0145555138588,0.5199774169921875,,,,
train_episode,421650,77.44687795639038,0.5162774658203125,,,,
train_episode,421800,78.00743508338928,0.5199582926432291,,,,
train_episode,421950,78.02172750234604,0.5200813802083334,,,,
train_episode,422100,78.48544174432755,0.5232114664713542,,,,
train_episode,422250,78.56226444244385,0.5237642415364583,,,,
train_episode,422400,78.48188090324402,0.5231931559244791,,,,
train_episode,422550,78.0730676651001,0.5204315185546875,,,,
train_episode,422700,78.93421286344528,0.5261525472005208,,,,
train_episode,422850,78.8079719543457,0.5254488118489583,,,,
train_episode,423000,79.55031210184097,0.5304030354817708,,,,
train_episode,423150,80.14737778902054,0.5343402099609375,,,,
train_episode,423300,79.4094830751419,0.52955078125,,,,
train_episode,423450,79.39102983474731,0.5293135579427083,,,,
train_episode,423600,79.95907437801361,0.5331058756510416,,,,
train_episode,423750,80.33393222093582,0.5356101481119792,,,,
train_episode,423900,80.52898931503296,0.5368646240234375,,,,
train_episode,424050,80.5553669333458,0.5370530192057291,,,,
train_episode,424200,80.38329911231995,0.5359895833333334,,,,
train_episode,424350,81.64995139837265,0.5444801839192709,,,,
train_episode,424500,81.35008555650711,0.5424407958984375,,,,
train_episode,424650,80.94691801071167,0.5397353108723958,,,,
train_episode,424800,81.02964079380035,0.5403692626953125,,,,
train_episode,424950,81.52891874313354,0.5435835774739584,,,,
train_episode,425100,81.80401414632797,0.5455259195963542,,,,
train_episode,425250,81.43981719017029,0.5430434163411458,,,,
train_episode,425400,81.05788993835449,0.5404941813151042,,,,
train_episode,425550,81.34852939844131,0.5424214680989583,,,,
train_episode,425700,81.68861716985703,0.5447450764973958,,,,
train_episode,425850,81.63047081232071,0.5443892415364583,,,,
train_episode,426000,81.66067260503769,0.54453857421875,,,,
eval,426000,,,,,107.17298177083333,0.7151901041666667
train_episode,426150,81.88035941123962,1.243746337890625,,,,
train_episode,426300,81.65907621383667,0.5445322672526042,,,,
train_episode,426450,81.64128416776657,0.5443701171875,,,,
train_episode,426600,81.44886040687561,0.5430423990885417,,,,
train_episode,426750,81.25915288925171,0.5418345133463541,,,,
train_episode,426900,81.12356358766556,0.5409775797526042,,,,
train_episode,427050,81.10190671682358,0.5407550048828125,,,,
train_episode,427200,81.20134282112122,0.5414613850911458,,,,
train_episode,427350,81.37741893529892,0.5426861572265625,,,,
train_episode,427500,81.7002746462822,0.544788818359375,,,,
train_episode,427650,81.94702941179276,0.5463572184244792,,,,
train_episode,427800,82.72349840402603,0.5517087809244792,,,,
train_episode,427950,81.98384404182434,0.5467633056640625,,,,
train_episode,428100,82.29911094903946,0.5488604736328125,,,,
train_episode,428250,81.81616014242172,0.5456013997395833,,,,
train_episode,428400,82.69131243228912,0.5514585367838541,,,,
train_episode,428550,82.33069640398026,0.5490374755859375,,,,
train_episode,428700,82.3118771314621,0.5488559977213542,,,,
train_episode,428850,82.82071739435196,0.5524344889322916,,,,
train_episode,429000,83.4667843580246,0.5566841634114583,,,,
train_episode,429150,83.53227531909943,0.5570463053385417,,,,
train_episode,429300,83.05883550643921,0.5539145914713541,,,,
train_episode,429450,82.78306865692139,0.5519484456380208,,,,
train_episode,429600,82.41707104444504,0.5495967610677084,,,,
train_episode,429750,82.99384385347366,0.5534820556640625,,,,
train_episode,429900,84.04275345802307,0.5605080159505208,,,,
train_episode,430050,83.57020837068558,0.5573533121744791,,,,
train_episode,430200,84.04195964336395,0.5605350748697917,,,,
train_episode,430350,83.88958531618118,0.5596026611328125,,,,
train_episode,430500,84.52322143316269,0.5637825520833334,,,,
train_episode,430650,83.82826519012451,0.5591094970703125,,,,
train_episode,430800,83.68716210126877,0.55819580078125,,,,
train_episode,430950,84.10641223192215,0.56103271484375,,,,
train_episode,431100,83.95286840200424,0.559906005859375,,,,
train_episode,431250,83.99060863256454,0.5601686604817708,,,,
train_episode,431400,83.96258360147476,0.5599149576822917,,,,
train_episode,431550,83.28578472137451,0.5554842122395833,,,,
train_episode,431700,83.53178763389587,0.557135009765625,,,,
train_episode,431850,83.33823466300964,0.5558644612630208,,,,
train_episode,432000,83.71527910232544,0.558292236328125,,,,
eval,432000,,,,,109.8779296875,0.73326171875
train_episode,432150,83.7506691813469,1.2893324788411458,,,,
train_episode,432300,82.46627551317215,0.54995361328125,,,,
train_episode,432450,83.14793699979782,0.5544730631510416,,,,
train_episode,432600,82.72907322645187,0.5518062337239583,,,,
train_episode,432750,83.1754937171936,0.5546921793619791,,,,
train_episode,432900,83.36340087652206,0.5560276285807292,,,,
train_episode,433050,83.74635642766953,0.5585821533203125,,,,
train_episode,433200,84.27016961574554,0.5620725504557291,,,,
train_episode,433350,84.42938023805618,0.5630511474609375,,,,
train_episode,433500,83.84671777486801,0.5592844645182292,,,,
train_episode,433650,82.79946708679199,0.5521946207682291,,,,
train_episode,433800,82.9953493475914,0.5534297688802083,,,,
train_episode,433950,83.38424479961395,0.5561004638671875,,,,
train_episode,434100,83.115039229393,0.5542830403645833,,,,
train_episode,434250,82.87504839897156,0.5526774088541667,,,,
train_episode,434400,84.16196519136429,0.5611751302083333,,,,
train_episode,434550,83.51744377613068,0.5569649251302083,,,,
train_episode,434700,83.74120885133743,0.558489990234375,,,,
train_episode,434850,83.16971611976624,0.5546763102213542,,,,
train_episode,435000,83.69382512569427,0.5581296793619792,,,,
train_episode,435150,83.45423167943954,0.5566062418619792,,,,
train_episode,435300,83.43257427215576,0.5564613850911458,,,,
train_episode,435450,83.04768669605255,0.5538621012369792,,,,
train_episode,435600,83.20542234182358,0.5548746744791667,,,,
train_episode,435750,83.21295940876007,0.5549200439453125,,,,
train_episode,435900,83.26094394922256,0.5552860514322917,,,,
train_episode,436050,83.07660692930222,0.5539957682291666,,,,
train_episode,436200,83.06444072723389,0.5539994303385417,,,,
train_episode,436350,83.70335692167282,0.5582889811197916,,,,
train_episode,436500,84.01731151342392,0.560384521484375,,,,
train_episode,436650,83.40886223316193,0.5562520345052083,,,,
train_episode,436800,83.9279454946518,0.5598518880208333,,,,
train_episode,436950,84.4353820681572,0.5631911214192709,,,,
train_episode,437100,84.0226314663887,0.5603568522135417,,,,
train_episode,437250,84.51408731937408,0.5636199951171875,,,,
train_episode,437400,84.31884586811066,0.5623543294270833,,,,
train_episode,437550,84.35950481891632,0.5627121988932292,,,,
train_episode,437700,84.2323790192604,0.5617132568359375,,,,
train_episode,437850,84.3317244052887,0.5625026448567708,,,,
train_episode,438000,84.45924681425095,0.5632316080729166,,,,
eval,438000,,,,,96.8180338541667,0.64586328125
train_episode,438150,84.01407665014267,1.2155303955078125,,,,
train_episode,438300,83.5599752664566,0.5573966471354167,,,,
train_episode,438450,84.37353283166885,0.562694091796875,,,,
train_episode,438600,84.31311851739883,0.5623689778645833,,,,
train_episode,438750,84.89088714122772,0.5662416585286458,,,,
train_episode,438900,84.18068158626556,0.5614558919270833,,,,
train_episode,439050,84.34291332960129,0.5626059977213541,,,,
train_episode,439200,84.1502051949501,0.5613079833984375,,,,
train_episode,439350,85.50082176923752,0.5703605143229167,,,,
train_episode,439500,85.59830516576767,0.5710296630859375,,,,
train_episode,439650,85.20581865310669,0.5683925374348958,,,,
train_episode,439800,85.6846182346344,0.5715663655598958,,,,
train_episode,439950,86.62614732980728,0.5779443359375,,,,
train_episode,440100,85.309150993824,0.569022216796875,,,,
train_episode,440250,85.94739562273026,0.573321533203125,,,,
train_episode,440400,86.12560778856277,0.5745756022135416,,,,
train_episode,440550,86.63577055931091,0.5780092366536458,,,,
train_episode,440700,85.74584698677063,0.5719551595052084,,,,
train_episode,440850,84.5713781118393,0.5640627034505208,,,,
train_episode,441000,85.49731177091599,0.5702158610026041,,,,
train_episode,441150,84.97588896751404,0.5668473307291667,,,,
train_episode,441300,85.64932042360306,0.571337890625,,,,
train_episode,441450,85.4475486278534,0.56989013671875,,,,
train_episode,441600,85.19153654575348,0.5681809488932291,,,,
train_episode,441750,85.0943785905838,0.5676186116536458,,,,
train_episode,441900,84.13148814439774,0.5610972086588542,,,,
train_episode,442050,85.06419652700424,0.5674456787109375,,,,
train_episode,442200,84.51807457208633,0.5637672932942709,,,,
train_episode,442350,83.60015672445297,0.55753662109375,,,,
train_episode,442500,84.32834661006927,0.5623826090494791,,,,
train_episode,442650,83.44384598731995,0.5564567057291666,,,,
train_episode,442800,84.42394822835922,0.5630259195963542,,,,
train_episode,442950,85.13516068458557,0.5678509521484375,,,,
train_episode,443100,84.62561827898026,0.5644588216145834,,,,
train_episode,443250,85.31881499290466,0.5690804036458333,,,,
train_episode,443400,86.00484001636505,0.5736319986979167,,,,
train_episode,443550,86.64749950170517,0.5780741373697916,,,,
train_episode,443700,85.78396332263947,0.5722149658203125,,,,
train_episode,443850,85.76149272918701,0.5720660400390625,,,,
train_episode,444000,86.29443120956421,0.5755584716796875,,,,
eval,444000,,,,,20.542122395833324,0.13416796875
train_episode,444150,85.903633415699,0.7058176676432292,,,,
train_episode,444300,86.38672697544098,0.5763069661458333,,,,
train_episode,444450,86.23962205648422,0.5752091471354167,,,,
train_episode,444600,86.37712347507477,0.5762740071614584,,,,
train_episode,444750,86.44352000951767,0.5766963704427084,,,,
train_episode,444900,87.10252672433853,0.5811344401041667,,,,
train_episode,445050,86.95934855937958,0.5801021321614583,,,,
train_episode,445200,87.09136718511581,0.5809409586588542,,,,
train_episode,445350,87.1849445104599,0.5816328938802083,,,,
train_episode,445500,86.78036218881607,0.5789046223958333,,,,
train_episode,445650,86.12184447050095,0.5745753987630209,,,,
train_episode,445800,86.57116478681564,0.5775030517578125,,,,
train_episode,445950,87.23869621753693,0.5820068359375,,,,
train_episode,446100,86.95182079076767,0.5800264485677084,,,,
train_episode,446250,86.44217723608017,0.5766510009765625,,,,
train_episode,446400,86.38635021448135,0.5762615966796875,,,,
train_episode,446550,87.45102715492249,0.5833485921223959,,,,
train_episode,446700,86.18597286939621,0.5748421223958333,,,,
train_episode,446850,86.36788731813431,0.5761460367838541,,,,
train_episode,447000,85.67875999212265,0.5714906819661458,,,,
train_episode,447150,86.14677733182907,0.5746126302083333,,,,
train_episode,447300,85.86026805639267,0.5726725260416666,,,,
train_episode,447450,85.29007774591446,0.5688816324869792,,,,
train_episode,447600,86.36509960889816,0.5760288492838541,,,,
train_episode,447750,86.60765367746353,0.5777935791015625,,,,
train_episode,447900,86.60222125053406,0.5776959228515625,,,,
train_episode,448050,86.43153691291809,0.576600341796875,,,,
train_episode,448200,87.27591717243195,0.5822951253255209,,,,
train_episode,448350,86.69905364513397,0.5783559163411458,,,,
train_episode,448500,86.2774840593338,0.5755340576171875,,,,
train_episode,448650,85.25432127714157,0.5685923258463542,,,,
train_episode,448800,84.76402580738068,0.5653397623697917,,,,
train_episode,448950,85.76032274961472,0.5719547526041666,,,,
train_episode,449100,85.48194193840027,0.5701450602213541,,,,
train_episode,449250,84.88246417045593,0.5660823567708333,,,,
train_episode,449400,84.80141973495483,0.5655745442708333,,,,
train_episode,449550,85.60268974304199,0.5708900960286458,,,,
train_episode,449700,84.49332463741302,0.5635325113932291,,,,
train_episode,449850,83.94751822948456,0.5598834228515625,,,,
train_episode,450000,83.76982402801514,0.5586684163411458,,,,
eval,450000,,,,,5.233854166666665,0.03156770833333334
train_episode,450150,84.68865758180618,0.5957950846354166,,,,
train_episode,450300,85.31075823307037,0.5689894612630209,,,,
train_episode,450450,84.3426901102066,0.5624576822916667,,,,
train_episode,450600,85.03851157426834,0.5670650227864583,,,,
train_episode,450750,84.80132865905762,0.5655279541015625,,,,
train_episode,450900,85.15393841266632,0.5679250081380208,,,,
train_episode,451050,85.22068130970001,0.5683689371744791,,,,
train_episode,451200,85.16810947656631,0.5679850260416667,,,,
train_episode,451350,84.78559136390686,0.5654490152994792,,,,
train_episode,451500,85.11527276039124,0.5677301025390625,,,,
train_episode,451650,85.1025373339653,0.5676470947265625,,,,
train_episode,451800,85.33770537376404,0.569122314453125,,,,
train_episode,451950,84.98487067222595,0.5668212890625,,,,
train_episode,452100,86.85636138916016,0.579327392578125,,,,
train_episode,452250,86.63623863458633,0.5778914388020834,,,,
train_episode,452400,87.3559347987175,0.5826236979166667,,,,
train_episode,452550,86.40782427787781,0.5763751220703125,,,,
train_episode,452700,86.32651555538177,0.575816650390625,,,,
train_episode,452850,86.13383758068085,0.5745845540364584,,,,
train_episode,453000,86.62132543325424,0.5776938883463542,,,,
train_episode,453150,85.72197288274765,0.5717156982421875,,,,
train_episode,453300,86.80363744497299,0.5789420572916667,,,,
train_episode,453450,86.74260193109512,0.5786055501302083,,,,
train_episode,453600,86.70983684062958,0.5784065755208333,,,,
train_episode,453750,86.99535870552063,0.5803057861328125,,,,
train_episode,453900,87.3641848564148,0.5826936848958333,,,,
train_episode,454050,86.1119971871376,0.5743263753255209,,,,
train_episode,454200,86.70543199777603,0.5783837890625,,,,
train_episode,454350,86.18674492835999,0.5748270670572917,,,,
train_episode,454500,87.63816076517105,0.5846907552083334,,,,
train_episode,454650,87.55042326450348,0.584034423828125,,,,
train_episode,454800,86.91818046569824,0.5797786458333334,,,,
train_episode,454950,87.73405766487122,0.5853041585286458,,,,
train_episode,455100,87.53325164318085,0.5839835611979166,,,,
train_episode,455250,87.90901458263397,0.5864522298177083,,,,
train_episode,455400,88.3659348487854,0.5894966634114583,,,,
train_episode,455550,87.32238531112671,0.5824625651041667,,,,
train_episode,455700,87.92553514242172,0.5865191650390625,,,,
train_episode,455850,87.67766058444977,0.5848404947916667,,,,
train_episode,456000,87.76412719488144,0.5854372151692708,,,,
eval,456000,,,,,31.685872395833325,0.20863932291666668
train_episode,456150,87.92780369520187,0.8167366536458334,,,,
train_episode,456300,87.79880583286285,0.5855629475911458,,,,
train_episode,456450,87.7606480717659,0.58540771484375,,,,
train_episode,456600,88.6067785024643,0.5910235595703125,,,,
train_episode,456750,87.92100840806961,0.5864790852864583,,,,
train_episode,456900,87.69855535030365,0.5849979654947917,,,,
train_episode,457050,89.03184813261032,0.5938777669270834,,,,
train_episode,457200,88.70629668235779,0.5918367513020834,,,,
train_episode,457350,88.8822609782219,0.5929083251953124,,,,
train_episode,457500,88.83885502815247,0.5926906331380208,,,,
train_episode,457650,89.22521758079529,0.5952927652994792,,,,
train_episode,457800,89.33916056156158,0.5960599772135416,,,,
train_episode,457950,89.1423317193985,0.5946706136067709,,,,
train_episode,458100,88.11000335216522,0.5877392578125,,,,
train_episode,458250,88.43599277734756,0.5899418131510417,,,,
train_episode,458400,87.99545115232468,0.5870070393880208,,,,
train_episode,458550,87.84586352109909,0.585989990234375,,,,
train_episode,458700,88.29367923736572,0.5889780680338542,,,,
train_episode,458850,87.59705418348312,0.5843792724609375,,,,
train_episode,459000,88.996406853199,0.59370361328125,,,,
train_episode,459150,88.81393212080002,0.5925343831380209,,,,
train_episode,459300,89.89364457130432,0.5996767171223958,,,,
train_episode,459450,90.43165880441666,0.603397216796875,,,,
train_episode,459600,90.083565056324,0.6009381103515625,,,,
train_episode,459750,89.7228474020958,0.5985493977864583,,,,
train_episode,459900,90.63153856992722,0.6046189371744791,,,,
train_episode,460050,91.00869488716125,0.6072355143229167,,,,
train_episode,460200,90.62860864400864,0.6046449788411459,,,,
train_episode,460350,90.49900043010712,0.6038551839192708,,,,
train_episode,460500,91.46543174982071,0.6102117919921874,,,,
train_episode,460650,91.77030169963837,0.6122135416666666,,,,
train_episode,460800,91.55312919616699,0.6108522542317708,,,,
train_episode,460950,91.03741270303726,0.6073311360677084,,,,
train_episode,461100,90.6097691655159,0.6045107014973958,,,,
train_episode,461250,91.06639420986176,0.60760986328125,,,,
train_episode,461400,90.446408867836,0.6034360758463542,,,,
train_episode,461550,90.09610795974731,0.6011305745442709,,,,
train_episode,461700,89.98266369104385,0.6003350830078125,,,,
train_episode,461850,90.22259312868118,0.6018977864583334,,,,
train_episode,462000,91.08293467760086,0.6077083333333333,,,,
eval,462000,,,,,7.434244791666669,0.04611197916666667
train_episode,462150,91.34077769517899,0.6765517171223958,,,,
train_episode,462300,91.57624131441116,0.6111283365885417,,,,
train_episode,462450,93.09717601537704,0.6212628173828125,,,,
train_episode,462600,93.42698961496353,0.6235056559244792,,,,
train_episode,462750,93.39910674095154,0.6233481852213542,,,,
train_episode,462900,92.19768047332764,0.6151904296875,,,,
train_episode,463050,91.68441528081894,0.611815185546875,,,,
train_episode,463200,92.26834863424301,0.6156524658203125,,,,
train_episode,463350,91.63676744699478,0.6114174397786458,,,,
train_episode,463500,91.49232798814774,0.6104624430338542,,,,
train_episode,463650,92.79526573419571,0.6191048177083334,,,,
train_episode,463800,92.21658128499985,0.615234375,,,,
train_episode,463950,90.46747654676437,0.6036045328776042,,,,
train_episode,464100,91.79149168729782,0.6123699951171875,,,,
train_episode,464250,91.32625168561935,0.6092531331380209,,,,
train_episode,464400,91.38761216402054,0.6096993001302083,,,,
train_episode,464550,91.63782572746277,0.6113761393229167,,,,
train_episode,464700,91.59386044740677,0.611044921875,,,,
train_episode,464850,91.76981461048126,0.6122745768229166,,,,
train_episode,465000,91.31263053417206,0.6091959635416667,,,,
train_episode,465150,91.73963171243668,0.6120033772786458,,,,
train_episode,465300,90.01589810848236,0.60049072265625,,,,
train_episode,465450,91.36959713697433,0.6094313557942709,,,,
train_episode,465600,91.49328464269638,0.610272216796875,,,,
train_episode,465750,90.92059153318405,0.6064896647135417,,,,
train_episode,465900,91.02664005756378,0.607117919921875,,,,
train_episode,466050,90.97984689474106,0.6069112141927083,,,,
train_episode,466200,91.54765659570694,0.6106463623046875,,,,
train_episode,466350,91.63849747180939,0.61136474609375,,,,
train_episode,466500,91.81307882070541,0.6123911539713541,,,,
train_episode,466650,91.75989669561386,0.6121628824869791,,,,
train_episode,466800,92.36913871765137,0.6162603759765625,,,,
train_episode,466950,92.29076021909714,0.6157328287760416,,,,
train_episode,467100,92.45280772447586,0.6167425537109374,,,,
train_episode,467250,91.77501249313354,0.6121940104166667,,,,
train_episode,467400,91.70221841335297,0.6118280029296875,,,,
train_episode,467550,91.60203862190247,0.6110746256510416,,,,
train_episode,467700,92.44396752119064,0.6166977945963542,,,,
train_episode,467850,91.62095946073532,0.6112947591145833,,,,
train_episode,468000,92.39590245485306,0.6164601643880209,,,,
eval,468000,,,,,16.796679687500006,0.10888020833333334
train_episode,468150,92.76681339740753,0.7201350911458333,,,,
train_episode,468300,91.89979869127274,0.6131854248046875,,,,
train_episode,468450,91.82868212461472,0.6126668294270833,,,,
train_episode,468600,91.39646232128143,0.6097951253255208,,,,
train_episode,468750,91.73035496473312,0.61198486328125,,,,
train_episode,468900,91.65618681907654,0.6114878336588542,,,,
train_episode,469050,90.9773845076561,0.6069783528645833,,,,
train_episode,469200,91.1155378818512,0.6078395589192709,,,,
train_episode,469350,91.69445616006851,0.6117848714192708,,,,
train_episode,469500,91.28725057840347,0.6090087890625,,,,
train_episode,469650,90.82731997966766,0.6059832763671875,,,,
train_episode,469800,91.05881583690643,0.607525634765625,,,,
train_episode,469950,91.38689011335373,0.6096807861328125,,,,
train_episode,470100,90.79715746641159,0.6057110595703125,,,,
train_episode,470250,90.57807242870331,0.6042586263020834,,,,
train_episode,470400,90.27492076158524,0.602291259765625,,,,
train_episode,470550,90.36989104747772,0.6028656005859375,,,,
train_episode,470700,90.90755987167358,0.6064811197916666,,,,
train_episode,470850,90.86638259887695,0.6062449137369792,,,,
train_episode,471000,91.9002053141594,0.6131638590494791,,,,
train_episode,471150,91.85913985967636,0.6128841145833334,,,,
train_episode,471300,91.13049161434174,0.6080110677083334,,,,
train_episode,471450,91.84111374616623,0.6126967366536459,,,,
train_episode,471600,92.27195084095001,0.6155645751953125,,,,
train_episode,471750,91.08661675453186,0.6075882975260417,,,,
train_episode,471900,91.38567906618118,0.6096010335286458,,,,
train_episode,472050,91.99031418561935,0.6136612955729167,,,,
train_episode,472200,91.80277359485626,0.6124869791666666,,,,
train_episode,472350,91.91361325979233,0.6131878662109375,,,,
train_episode,472500,92.09775632619858,0.614384765625,,,,
train_episode,472650,92.1652004122734,0.6148858642578126,,,,
train_episode,472800,93.03480905294418,0.6207554117838542,,,,
train_episode,472950,92.02244859933853,0.613961181640625,,,,
train_episode,473100,92.93446719646454,0.6201059977213542,,,,
train_episode,473250,92.16064262390137,0.6148531087239584,,,,
train_episode,473400,93.2085046172142,0.6219368489583333,,,,
train_episode,473550,91.50987613201141,0.610474853515625,,,,
train_episode,473700,91.28904020786285,0.6090653483072916,,,,
train_episode,473850,92.9725930094719,0.620382080078125,,,,
train_episode,474000,93.07625132799149,0.6210345458984375,,,,
eval,474000,,,,,57.45221354166667,0.3818216145833333
train_episode,474150,92.99264377355576,1.0004988606770833,,,,
train_episode,474300,93.64866000413895,0.6248935953776041,,,,
train_episode,474450,91.74982517957687,0.6120798746744792,,,,
train_episode,474600,92.32705569267273,0.6159812418619791,,,,
train_episode,474750,92.49776059389114,0.6171380615234375,,,,
train_episode,474900,92.11041104793549,0.6145180257161459,,,,
train_episode,475050,92.57418674230576,0.6175522867838542,,,,
train_episode,475200,92.42878049612045,0.616746826171875,,,,
train_episode,475350,93.01996701955795,0.6206302897135416,,,,
train_episode,475500,93.99827945232391,0.6271126302083333,,,,
train_episode,475650,94.10349386930466,0.6279473876953126,,,,
train_episode,475800,93.99171751737595,0.6270924886067708,,,,
train_episode,475950,93.81292569637299,0.6259560139973959,,,,
train_episode,476100,94.75501370429993,0.6323048909505208,,,,
train_episode,476250,94.29074990749359,0.6292287190755208,,,,
train_episode,476400,94.99966216087341,0.6338486735026042,,,,
train_episode,476550,94.20905369520187,0.6286181640625,,,,
train_episode,476700,95.30275309085846,0.6359958902994791,,,,
train_episode,476850,94.25438326597214,0.6289447021484375,,,,
train_episode,477000,94.84768551588058,0.6329833984375,,,,
train_episode,477150,95.26933586597443,0.6358168538411458,,,,
train_episode,477300,95.66712254285812,0.6384633382161459,,,,
train_episode,477450,94.80859208106995,0.6326373291015625,,,,
train_episode,477600,94.29328238964081,0.6291642252604167,,,,
train_episode,477750,95.76352804899216,0.6390374755859375,,,,
train_episode,477900,95.06090152263641,0.63432861328125,,,,
train_episode,478050,95.68578958511353,0.6385107421875,,,,
train_episode,478200,95.60274082422256,0.6380499267578125,,,,
train_episode,478350,95.44967490434647,0.6369691975911458,,,,
train_episode,478500,94.63794839382172,0.6315842692057292,,,,
train_episode,478650,94.58116573095322,0.6310329182942709,,,,
train_episode,478800,94.71491396427155,0.6319468180338542,,,,
train_episode,478950,94.67638033628464,0.631669921875,,,,
train_episode,479100,94.98960214853287,0.6338401285807291,,,,
train_episode,479250,95.28670156002045,0.6358089192708334,,,,
train_episode,479400,95.30655753612518,0.635989990234375,,,,
train_episode,479550,94.78749400377274,0.6325333658854166,,,,
train_episode,479700,95.37911808490753,0.6365399169921875,,,,
train_episode,479850,96.18116128444672,0.64184326171875,,,,
train_episode,480000,96.13391023874283,0.6414642333984375,,,,
eval,480000,,,,,33.032486979166656,0.21784765625000002
train_episode,480150,94.78724998235703,0.8752886962890625,,,,
train_episode,480300,96.0800154209137,0.6411041259765625,,,,
train_episode,480450,95.49982523918152,0.6372768147786458,,,,
train_episode,480600,96.22996908426285,0.6421909586588541,,,,
train_episode,480750,96.19369381666183,0.6419370524088541,,,,
train_episode,480900,95.72958254814148,0.6388511149088542,,,,
train_episode,481050,95.47697788476944,0.6372172037760416,,,,
train_episode,481200,95.01310068368912,0.634066162109375,,,,
train_episode,481350,96.30917209386826,0.642772216796875,,,,
train_episode,481500,95.73859471082687,0.638978271484375,,,,
train_episode,481650,97.11106210947037,0.6480653889973959,,,,
train_episode,481800,96.33036065101624,0.6429193115234375,,,,
train_episode,481950,95.27067941427231,0.6356964111328125,,,,
train_episode,482100,95.39969682693481,0.6367043050130209,,,,
train_episode,482250,94.30173540115356,0.6292104085286458,,,,
train_episode,482400,95.4735603928566,0.6371761067708334,,,,
train_episode,482550,95.24543100595474,0.635582275390625,,,,
train_episode,482700,94.91989994049072,0.6334175618489584,,,,
train_episode,482850,94.83529531955719,0.6327506510416666,,,,
train_episode,483000,95.13679850101471,0.6349566650390625,,,,
train_episode,483150,94.88689059019089,0.6331679280598959,,,,
train_episode,483300,94.38315659761429,0.6298195393880208,,,,
train_episode,483450,93.39158004522324,0.6231296793619792,,,,
train_episode,483600,93.95840352773666,0.6269744873046875,,,,
train_episode,483750,94.15200680494308,0.6282633463541667,,,,
train_episode,483900,95.07349473237991,0.6345023600260417,,,,
train_episode,484050,94.81880557537079,0.6326814778645833,,,,
train_episode,484200,95.14292281866074,0.6349680582682292,,,,
train_episode,484350,94.33785820007324,0.6295635986328125,,,,
train_episode,484500,93.66190415620804,0.6249845377604166,,,,
train_episode,484650,93.52770847082138,0.624097900390625,,,,
train_episode,484800,93.84797018766403,0.62619140625,,,,
train_episode,484950,93.01247048377991,0.6205002848307292,,,,
train_episode,485100,92.47344851493835,0.6170015462239583,,,,
train_episode,485250,94.28346645832062,0.6290887451171875,,,,
train_episode,485400,93.26307028532028,0.6222454833984375,,,,
train_episode,485550,93.71210634708405,0.6253342692057292,,,,
train_episode,485700,93.1877629160881,0.6217740885416667,,,,
train_episode,485850,94.20187228918076,0.62865478515625,,,,
train_episode,486000,95.2190238237381,0.6353564453125,,,,
eval,486000,,,,,19.550455729166668,0.12726953125
train_episode,486150,94.83231526613235,0.7658819580078124,,,,
train_episode,486300,95.4655442237854,0.6371201578776041,,,,
train_episode,486450,96.23078256845474,0.64230712890625,,,,
train_episode,486600,97.19006150960922,0.6488083902994791,,,,
train_episode,486750,96.63488674163818,0.6449983723958334,,,,
train_episode,486900,96.21139425039291,0.6421415201822916,,,,
train_episode,487050,95.89300435781479,0.640010986328125,,,,
train_episode,487200,96.15900528430939,0.6418731689453125,,,,
train_episode,487350,96.24942910671234,0.6424106852213541,,,,
train_episode,487500,96.07149076461792,0.6411881510416667,,,,
train_episode,487650,96.45616501569748,0.6437642415364583,,,,
train_episode,487800,95.36528331041336,0.6365403238932291,,,,
train_episode,487950,96.62877231836319,0.6449314371744792,,,,
train_episode,488100,95.65351152420044,0.6385113525390625,,,,
train_episode,488250,96.67466104030609,0.6452744547526041,,,,
train_episode,488400,96.69101798534393,0.6454087320963542,,,,
train_episode,488550,94.86556828022003,0.6331109619140625,,,,
train_episode,488700,96.47060984373093,0.643922119140625,,,,
train_episode,488850,95.33922100067139,0.6362672932942708,,,,
train_episode,489000,93.6863289475441,0.6251328531901041,,,,
train_episode,489150,94.74338519573212,0.6322623697916666,,,,
train_episode,489300,94.982226729393,0.6338751220703125,,,,
train_episode,489450,94.5989670753479,0.6312754313151042,,,,
train_episode,489600,93.45235085487366,0.6235280354817708,,,,
train_episode,489750,94.44846522808075,0.6302280680338541,,,,
train_episode,489900,94.21442502737045,0.6286875406901041,,,,
train_episode,490050,92.41236227750778,0.6166176350911459,,,,
train_episode,490200,93.99154531955719,0.6270969645182292,,,,
train_episode,490350,94.81697428226471,0.6328468831380208,,,,
train_episode,490500,96.14494693279266,0.6415889485677083,,,,
train_episode,490650,94.20455753803253,0.628675537109375,,,,
train_episode,490800,93.96673464775085,0.627021484375,,,,
train_episode,490950,94.01479971408844,0.6273704020182291,,,,
train_episode,491100,94.86449027061462,0.6330808512369792,,,,
train_episode,491250,93.32212191820145,0.6227207438151041,,,,
train_episode,491400,94.58976072072983,0.6311934407552083,,,,
train_episode,491550,94.43755972385406,0.630250244140625,,,,
train_episode,491700,94.11746054887772,0.628077392578125,,,,
train_episode,491850,94.70651084184647,0.6320054117838542,,,,
train_episode,492000,93.22279703617096,0.6220664469401042,,,,
eval,492000,,,,,19.749934895833334,0.12902734375
train_episode,492150,94.10409355163574,0.7646356201171876,,,,
train_episode,492300,94.09869259595871,0.6279012044270833,,,,
train_episode,492450,92.7691125869751,0.6190549723307291,,,,
train_episode,492600,94.1226487159729,0.6280767822265625,,,,
train_episode,492750,94.5707077383995,0.6311387125651041,,,,
train_episode,492900,95.42016470432281,0.6367612711588542,,,,
train_episode,493050,96.00877767801285,0.6409519449869792,,,,
train_episode,493200,96.36724650859833,0.6431197102864583,,,,
train_episode,493350,95.37482541799545,0.6364211018880208,,,,
train_episode,493500,95.77334463596344,0.6391949462890625,,,,
train_episode,493650,96.48766922950745,0.6440055338541667,,,,
train_episode,493800,96.94766044616699,0.6471413167317709,,,,
train_episode,493950,96.53794115781784,0.6443202718098958,,,,
train_episode,494100,96.05688315629959,0.641051025390625,,,,
train_episode,494250,96.07190871238708,0.6411968994140625,,,,
train_episode,494400,96.00367069244385,0.6408367919921875,,,,
train_episode,494550,96.00026351213455,0.6406595865885417,,,,
train_episode,494700,95.87146908044815,0.6399139404296875,,,,
train_episode,494850,97.28044486045837,0.6491339111328125,,,,
train_episode,495000,97.35991203784943,0.6498787434895833,,,,
train_episode,495150,96.33942520618439,0.6429091389973959,,,,
train_episode,495300,94.83341318368912,0.6328299967447917,,,,
train_episode,495450,95.93241220712662,0.6401035563151042,,,,
train_episode,495600,95.7340178489685,0.6388252766927084,,,,
train_episode,495750,95.39608657360077,0.6365655517578125,,,,
train_episode,495900,95.76361900568008,0.6390238444010417,,,,
train_episode,496050,95.88188570737839,0.6399241129557292,,,,
train_episode,496200,96.13320803642273,0.6415275065104167,,,,
train_episode,496350,96.57318902015686,0.64449951171875,,,,
train_episode,496500,95.75730258226395,0.6390598551432292,,,,
train_episode,496650,96.92551571130753,0.6468951416015625,,,,
train_episode,496800,97.10211032629013,0.6480633544921875,,,,
train_episode,496950,98.00478965044022,0.6542262776692709,,,,
train_episode,497100,97.72631680965424,0.6521875,,,,
train_episode,497250,97.3839299082756,0.6499936930338541,,,,
train_episode,497400,97.46087503433228,0.6504628499348958,,,,
train_episode,497550,97.22490334510803,0.648892822265625,,,,
train_episode,497700,97.43631833791733,0.6502950032552083,,,,
train_episode,497850,97.32839757204056,0.649613037109375,,,,
train_episode,498000,96.9128606915474,0.6468379720052083,,,,
eval,498000,,,,,22.906901041666657,0.15011848958333335
train_episode,498150,97.12434774637222,0.7860262044270834,,,,
train_episode,498300,96.74624508619308,0.6456547037760416,,,,
train_episode,498450,96.21323478221893,0.6420951334635416,,,,
train_episode,498600,94.77561300992966,0.6324851481119792,,,,
train_episode,498750,95.43799602985382,0.6369171142578125,,,,
train_episode,498900,96.02910208702087,0.6408917236328125,,,,
train_episode,499050,96.42257517576218,0.6435367838541667,,,,
train_episode,499200,96.0527737736702,0.6411128743489584,,,,
train_episode,499350,97.08157253265381,0.6480218505859375,,,,
train_episode,499500,96.41178220510483,0.6434377034505209,,,,
train_episode,499650,95.93870961666107,0.640343017578125,,,,
train_episode,499800,96.97401750087738,0.6473411051432292,,,,
train_episode,499950,97.43616563081741,0.6503983561197917,,,,
train_episode,500100,96.98756766319275,0.6473508707682292,,,,
train_episode,500250,96.65570908784866,0.6451163736979166,,,,
train_episode,500400,96.60950493812561,0.6448252360026042,,,,
train_episode,500550,98.0442687869072,0.6544305419921875,,,,
train_episode,500700,97.6898992061615,0.6521504720052084,,,,
train_episode,500850,97.41230165958405,0.6501247151692708,,,,
train_episode,501000,97.96608299016953,0.653934326171875,,,,
train_episode,501150,97.44134402275085,0.6503293863932291,,,,
train_episode,501300,98.05527591705322,0.6544891357421875,,,,
train_episode,501450,97.59593564271927,0.6514552815755208,,,,
train_episode,501600,97.48800492286682,0.650673828125,,,,
train_episode,501750,97.98798418045044,0.6541011555989583,,,,
train_episode,501900,96.57469546794891,0.6445751953125,,,,
train_episode,502050,97.62662690877914,0.6515513102213542,,,,
train_episode,502200,97.41033774614334,0.6501395670572917,,,,
train_episode,502350,97.13222134113312,0.6482672119140624,,,,
train_episode,502500,97.35357528924942,0.6497499593098959,,,,
train_episode,502650,95.99758803844452,0.64066650390625,,,,
train_episode,502800,95.79816538095474,0.6392917887369791,,,,
train_episode,502950,95.0819485783577,0.6345743815104167,,,,
train_episode,503100,95.5340461730957,0.637547607421875,,,,
train_episode,503250,97.02791208028793,0.6475128173828125,,,,
train_episode,503400,96.93197423219681,0.6468719482421875,,,,
train_episode,503550,94.4863469004631,0.6305198160807292,,,,
train_episode,503700,95.01559239625931,0.6339921061197916,,,,
train_episode,503850,96.0768313407898,0.6411171468098958,,,,
train_episode,504000,97.2797834277153,0.6492041015625,,,,
eval,504000,,,,,29.545507812499988,0.19443489583333332
train_episode,504150,97.46442532539368,0.8467268880208333,,,,
train_episode,504300,96.00410866737366,0.6407405598958333,,,,
train_episode,504450,95.91624850034714,0.6400120035807292,,,,
train_episode,504600,96.06585568189621,0.6411112467447917,,,,
train_episode,504750,96.54715859889984,0.6443031819661459,,,,
train_episode,504900,97.09487801790237,0.6480879720052083,,,,
train_episode,505050,95.59738034009933,0.637972412109375,,,,
train_episode,505200,97.17447751760483,0.6484828694661459,,,,
train_episode,505350,97.52003818750381,0.6509018961588542,,,,
train_episode,505500,97.56677097082138,0.6512284342447917,,,,
train_episode,505650,97.53095304965973,0.6509285481770833,,,,
train_episode,505800,98.65668642520905,0.6586012776692708,,,,
train_episode,505950,99.055917263031,0.6611932373046875,,,,
train_episode,506100,98.8875520825386,0.66006103515625,,,,
train_episode,506250,98.29013872146606,0.6561191813151042,,,,
train_episode,506400,98.84201908111572,0.6598073323567708,,,,
train_episode,506550,98.48800539970398,0.6573716227213542,,,,
train_episode,506700,97.56220412254333,0.6512013753255208,,,,
train_episode,506850,97.8998698592186,0.6534193929036458,,,,
train_episode,507000,96.84627193212509,0.6463142903645833,,,,
train_episode,507150,97.06898891925812,0.6478155517578125,,,,
train_episode,507300,96.5324599146843,0.6441489664713541,,,,
train_episode,507450,95.85143947601318,0.6396577962239584,,,,
train_episode,507600,95.78700625896454,0.6392730712890625,,,,
train_episode,507750,96.76138234138489,0.6457328287760417,,,,
train_episode,507900,95.10591560602188,0.6347751871744791,,,,
train_episode,508050,96.66458016633987,0.6451546223958333,,,,
train_episode,508200,96.7096237540245,0.6455354817708333,,,,
train_episode,508350,97.79352653026581,0.6528702799479167,,,,
train_episode,508500,97.1316414475441,0.6484254964192708,,,,
train_episode,508650,96.83903872966766,0.6464265950520833,,,,
train_episode,508800,98.58131754398346,0.6579803466796875,,,,
train_episode,508950,98.02406632900238,0.6542964680989584,,,,
train_episode,509100,97.55256968736649,0.6511629231770834,,,,
train_episode,509250,98.29363876581192,0.6561289469401042,,,,
train_episode,509400,99.0644314289093,0.6613462320963541,,,,
train_episode,509550,98.05847018957138,0.6545393880208333,,,,
train_episode,509700,98.19817906618118,0.6555780029296875,,,,
train_episode,509850,98.08361673355103,0.6548097737630209,,,,
train_episode,510000,98.6734094619751,0.6587009684244791,,,,
eval,510000,,,,,31.43053385416665,0.20678645833333334
train_episode,510150,97.71166855096817,0.878414306640625,,,,
train_episode,510300,96.53414797782898,0.6442897542317708,,,,
train_episode,510450,95.72198396921158,0.638895263671875,,,,
train_episode,510600,95.51109701395035,0.637413330078125,,,,
train_episode,510750,94.92533230781555,0.6334891764322916,,,,
train_episode,510900,93.74810707569122,0.6254355875651042,,,,
train_episode,511050,94.072773873806,0.6277634684244792,,,,
train_episode,511200,93.49470925331116,0.6238698323567708,,,,
train_episode,511350,94.03557205200195,0.6274442545572917,,,,
train_episode,511500,93.92050015926361,0.6266398111979167,,,,
train_episode,511650,94.35622066259384,0.6295436604817708,,,,
train_episode,511800,94.7970364689827,0.6325602213541667,,,,
train_episode,511950,93.49489164352417,0.6238704427083334,,,,
train_episode,512100,94.16247433423996,0.6282802327473959,,,,
train_episode,512250,96.5582771897316,0.6443145751953125,,,,
train_episode,512400,94.6115705370903,0.6313199869791667,,,,
train_episode,512550,95.28844052553177,0.6358414713541667,,,,
train_episode,512700,94.08146059513092,0.6276448567708334,,,,
train_episode,512850,93.17060232162476,0.621676025390625,,,,
train_episode,513000,93.37840694189072,0.6230716959635416,,,,
train_episode,513150,93.5218802690506,0.6240645345052084,,,,
train_episode,513300,93.3594343662262,0.6229172770182292,,,,
train_episode,513450,93.56870406866074,0.6243780517578125,,,,
train_episode,513600,94.53574514389038,0.6307198079427083,,,,
train_episode,513750,93.9342839717865,0.6267506917317708,,,,
train_episode,513900,93.84079867601395,0.6261238606770834,,,,
train_episode,514050,92.74108755588531,0.6187337239583334,,,,
train_episode,514200,93.4022918343544,0.6232342529296875,,,,
train_episode,514350,94.27257138490677,0.6290435791015625,,,,
train_episode,514500,94.21771174669266,0.6286700439453125,,,,
train_episode,514650,95.28823739290237,0.6358087158203125,,,,
train_episode,514800,95.45613503456116,0.6369783528645834,,,,
train_episode,514950,95.13176333904266,0.634786376953125,,,,
train_episode,515100,94.21513724327087,0.6286334228515625,,,,
train_episode,515250,94.84239548444748,0.6327650960286458,,,,
train_episode,515400,93.75822812318802,0.6256675211588542,,,,
train_episode,515550,95.66643184423447,0.6384100341796874,,,,
train_episode,515700,94.30222445726395,0.6292079671223958,,,,
train_episode,515850,94.94574898481369,0.6334700520833333,,,,
train_episode,516000,95.42907613515854,0.63680419921875,,,,
eval,516000,,,,,54.44296875000002,0.3613411458333333
train_episode,516150,95.84077829122543,0.9701652018229167,,,,
train_episode,516300,95.08238625526428,0.6345088704427083,,,,
train_episode,516450,95.66427493095398,0.6383365885416666,,,,
train_episode,516600,95.65369576215744,0.6382802327473959,,,,
train_episode,516750,95.68293088674545,0.6385125732421875,,,,
train_episode,516900,95.4516988992691,0.6370194498697916,,,,
train_episode,517050,96.4590031504631,0.6436614990234375,,,,
train_episode,517200,96.7567942738533,0.64580078125,,,,
train_episode,517350,96.84962850809097,0.6462921142578125,,,,
train_episode,517500,96.39882284402847,0.6434212239583333,,,,
train_episode,517650,95.86427646875381,0.6398177083333333,,,,
train_episode,517800,95.77016997337341,0.6391585286458333,,,,
train_episode,517950,96.02388381958008,0.6407710774739583,,,,
train_episode,518100,96.75990670919418,0.6457362874348959,,,,
train_episode,518250,94.56301689147949,0.6310428873697916,,,,
train_episode,518400,95.08287394046783,0.6345599365234375,,,,
train_episode,518550,95.28235739469528,0.6358249918619792,,,,
train_episode,518700,93.34285336732864,0.6228350830078125,,,,
train_episode,518850,93.14403194189072,0.6214609781901042,,,,
train_episode,519000,93.53525561094284,0.6241656494140625,,,,
train_episode,519150,93.60757273435593,0.6247001139322916,,,,
train_episode,519300,92.74938803911209,0.6188248697916666,,,,
train_episode,519450,90.85679006576538,0.6062217203776041,,,,
train_episode,519600,92.2736394405365,0.61562255859375,,,,
train_episode,519750,92.6517625451088,0.6181842041015625,,,,
train_episode,519900,93.56099355220795,0.6242439778645833,,,,
train_episode,520050,92.05657786130905,0.6141485595703124,,,,
train_episode,520200,91.46149551868439,0.6101247151692708,,,,
train_episode,520350,90.66684883832932,0.6048746744791667,,,,
train_episode,520500,91.55326265096664,0.6107102457682292,,,,
train_episode,520650,91.78747469186783,0.612215576171875,,,,
train_episode,520800,90.9097176194191,0.60643310546875,,,,
train_episode,520950,90.9537143111229,0.6066912841796875,,,,
train_episode,521100,91.58896785974503,0.6109759521484375,,,,
train_episode,521250,92.02418893575668,0.6139145914713542,,,,
train_episode,521400,91.79104447364807,0.6123240152994792,,,,
train_episode,521550,91.01965183019638,0.6072206624348958,,,,
train_episode,521700,93.03697592020035,0.6207037353515625,,,,
train_episode,521850,91.67320638895035,0.6115696207682292,,,,
train_episode,522000,91.68597304821014,0.6116597493489583,,,,
eval,522000,,,,,76.55390625000001,0.5097356770833333
train_episode,522150,92.80474776029587,1.0915863037109375,,,,
train_episode,522300,93.27959078550339,0.6222723388671875,,,,
train_episode,522450,92.55141091346741,0.6174509684244792,,,,
train_episode,522600,92.43293130397797,0.6167209879557292,,,,
train_episode,522750,93.06032168865204,0.6208072916666667,,,,
train_episode,522900,92.89240390062332,0.6197727457682292,,,,
train_episode,523050,94.10761421918869,0.6279764811197917,,,,
train_episode,523200,92.69969528913498,0.6184535725911459,,,,
train_episode,523350,93.79265183210373,0.6258103434244792,,,,
train_episode,523500,93.1017958521843,0.621234130859375,,,,
train_episode,523650,94.53194063901901,0.6308367919921875,,,,
train_episode,523800,94.72433310747147,0.6320989990234375,,,,
train_episode,523950,93.88462245464325,0.6264149983723958,,,,
train_episode,524100,94.82277262210846,0.6327095540364583,,,,
train_episode,524250,96.67021644115448,0.6451822916666666,,,,
train_episode,524400,96.14532369375229,0.6416644287109375,,,,
train_episode,524550,95.92076581716537,0.6401190185546874,,,,
train_episode,524700,94.93829256296158,0.6335626220703126,,,,
train_episode,524850,95.19810807704926,0.6352891031901041,,,,
train_episode,525000,96.02382290363312,0.6407997639973958,,,,
train_episode,525150,97.85778683423996,0.6531717936197917,,,,
train_episode,525300,97.08388102054596,0.6478767903645833,,,,
train_episode,525450,95.77443259954453,0.639173583984375,,,,
train_episode,525600,96.20137351751328,0.6421305338541666,,,,
train_episode,525750,96.3011462688446,0.642633056640625,,,,
train_episode,525900,96.70956307649612,0.6454166666666666,,,,
train_episode,526050,96.54089224338531,0.6442498779296875,,,,
train_episode,526200,96.65778452157974,0.6451029459635417,,,,
train_episode,526350,96.93163901567459,0.6468890380859375,,,,
train_episode,526500,95.61996328830719,0.6381020100911459,,,,
train_episode,526650,94.87693125009537,0.6331374104817709,,,,
train_episode,526800,94.68020516633987,0.6317856852213541,,,,
train_episode,526950,95.65306454896927,0.6383705647786458,,,,
train_episode,527100,95.89715486764908,0.6398760986328125,,,,
train_episode,527250,95.88227164745331,0.6399332682291666,,,,
train_episode,527400,96.24130147695541,0.6422475179036459,,,,
train_episode,527550,96.2205491065979,0.6421628824869792,,,,
train_episode,527700,96.9209788441658,0.6467840576171875,,,,
train_episode,527850,96.29311990737915,0.64263916015625,,,,
train_episode,528000,94.70258468389511,0.6319962565104167,,,,
eval,528000,,,,,79.34166666666667,0.5285260416666666
train_episode,528150,94.17652213573456,1.1434413655598958,,,,
train_episode,528300,93.1049285531044,0.6212833658854167,,,,
train_episode,528450,93.75894021987915,0.6255995686848959,,,,
train_episode,528600,93.99116861820221,0.6271120198567708,,,,
train_episode,528750,92.92598307132721,0.6200197347005209,,,,
train_episode,528900,92.73605191707611,0.6187056477864583,,,,
train_episode,529050,91.36733853816986,0.6095208740234375,,,,
train_episode,529200,91.86768466234207,0.6127923583984375,,,,
train_episode,529350,91.58247804641724,0.6108811442057291,,,,
train_episode,529500,91.8489978313446,0.6128444417317709,,,,
train_episode,529650,91.94111001491547,0.6134462483723958,,,,
train_episode,529800,93.92478287220001,0.626624755859375,,,,
train_episode,529950,93.53175741434097,0.6239589436848958,,,,
train_episode,530100,91.70198488235474,0.6118068440755209,,,,
train_episode,530250,92.72674518823624,0.6185823567708333,,,,
train_episode,530400,93.4742323756218,0.6235170491536458,,,,
train_episode,530550,92.53776973485947,0.6173748779296875,,,,
train_episode,530700,93.40314614772797,0.623089599609375,,,,
train_episode,530850,92.60243612527847,0.617706298828125,,,,
train_episode,531000,93.03826797008514,0.6207228597005209,,,,
train_episode,531150,94.38431638479233,0.6296702067057292,,,,
train_episode,531300,94.46694868803024,0.6302530924479167,,,,
train_episode,531450,92.63517147302628,0.617906494140625,,,,
train_episode,531600,93.77705800533295,0.62574462890625,,,,
train_episode,531750,95.44079488515854,0.6367246500651041,,,,
train_episode,531900,94.11602663993835,0.6279329427083333,,,,
train_episode,532050,92.88667720556259,0.6197503662109375,,,,
train_episode,532200,93.25572633743286,0.6222007242838542,,,,
train_episode,532350,94.85331135988235,0.6328804524739583,,,,
train_episode,532500,93.78438210487366,0.6257607014973958,,,,
train_episode,532650,95.86413496732712,0.639605712890625,,,,
train_episode,532800,95.46689814329147,0.6371034749348958,,,,
train_episode,532950,97.39608603715897,0.6499151611328124,,,,
train_episode,533100,97.3899627327919,0.6499471028645833,,,,
train_episode,533250,97.62101089954376,0.6515500895182291,,,,
train_episode,533400,97.19632852077484,0.6485205078125,,,,
train_episode,533550,96.98285830020905,0.64728515625,,,,
train_episode,533700,97.83091109991074,0.652884521484375,,,,
train_episode,533850,98.07350558042526,0.6545574951171875,,,,
train_episode,534000,98.14959597587585,0.6550996907552084,,,,
eval,534000,,,,,71.77610677083335,0.4774856770833333
train_episode,534150,97.96597254276276,1.1322861735026042,,,,
train_episode,534300,97.87335056066513,0.6533455403645834,,,,
train_episode,534450,98.8945603966713,0.6601395670572917,,,,
train_episode,534600,98.0366200208664,0.6544053141276042,,,,
train_episode,534750,98.55249887704849,0.657945556640625,,,,
train_episode,534900,98.57180631160736,0.6580893961588542,,,,
train_episode,535050,98.90318644046783,0.6602974446614583,,,,
train_episode,535200,97.31818509101868,0.6496675618489584,,,,
train_episode,535350,96.38058349490166,0.6433548990885417,,,,
train_episode,535500,96.71265548467636,0.6455588785807291,,,,
train_episode,535650,95.41802880167961,0.6368613688151041,,,,
train_episode,535800,96.43251395225525,0.6437333170572916,,,,
train_episode,535950,96.17941132187843,0.6419875081380209,,,,
train_episode,536100,94.89719486236572,0.6332240804036459,,,,
train_episode,536250,94.29816508293152,0.6292946370442708,,,,
train_episode,536400,95.81978189945221,0.6395772298177084,,,,
train_episode,536550,94.91800820827484,0.6334523518880208,,,,
train_episode,536700,94.78101459145546,0.6325797526041667,,,,
train_episode,536850,94.34277227520943,0.6296339925130209,,,,
train_episode,537000,94.37997335195541,0.6299403889973958,,,,
train_episode,537150,95.09682101011276,0.6346537272135416,,,,
train_episode,537300,93.83506134152412,0.6262532552083333,,,,
train_episode,537450,92.63572028279305,0.618231201171875,,,,
train_episode,537600,95.83399346470833,0.6396592203776041,,,,
train_episode,537750,92.44235065579414,0.6170060221354167,,,,
train_episode,537900,93.70780304074287,0.6253501383463541,,,,
train_episode,538050,94.14310556650162,0.6283892822265625,,,,
train_episode,538200,96.06659865379333,0.6411861165364583,,,,
train_episode,538350,94.6487717628479,0.6317008463541667,,,,
train_episode,538500,96.86443966627121,0.6466501871744792,,,,
train_episode,538650,95.06917160749435,0.6345111083984375,,,,
train_episode,538800,96.35245686769485,0.6431854248046875,,,,
train_episode,538950,95.15913787484169,0.6351125081380208,,,,
train_episode,539100,96.0341477394104,0.6410262044270834,,,,
train_episode,539250,96.71774172782898,0.6456258138020833,,,,
train_episode,539400,96.73416006565094,0.6456632486979167,,,,
train_episode,539550,97.48623567819595,0.6507218424479166,,,,
train_episode,539700,97.00082230567932,0.647447509765625,,,,
train_episode,539850,96.93796682357788,0.6470835367838542,,,,
train_episode,540000,95.72601211071014,0.6389369710286459,,,,
eval,540000,,,,,68.21484375000003,0.4536002604166667
train_episode,540150,97.80308932065964,1.0989896647135418,,,,
train_episode,540300,96.49108797311783,0.6440740966796875,,,,
train_episode,540450,96.26181948184967,0.6425400797526042,,,,
train_episode,540600,98.1228619813919,0.6550203450520833,,,,
train_episode,540750,96.40196657180786,0.6435400390625,,,,
train_episode,540900,98.24754720926285,0.6558835856119791,,,,
train_episode,541050,97.8049613237381,0.6528133138020833,,,,
train_episode,541200,96.93738669157028,0.6470676676432292,,,,
train_episode,541350,96.69468063116074,0.6453603108723959,,,,
train_episode,541500,96.6424446105957,0.6450506591796875,,,,
train_episode,541650,97.23574686050415,0.6489902750651042,,,,
train_episode,541800,97.0737293958664,0.6478959147135417,,,,
train_episode,541950,96.91649252176285,0.646907958984375,,,,
train_episode,542100,94.14173239469528,0.6283127848307292,,,,
train_episode,542250,94.6695955991745,0.63188720703125,,,,
train_episode,542400,95.46617543697357,0.6372355143229167,,,,
train_episode,542550,96.8104840517044,0.64626220703125,,,,
train_episode,542700,96.61464303731918,0.6450760904947916,,,,
train_episode,542850,99.51813572645187,0.6645041910807291,,,,
train_episode,543000,98.31039321422577,0.6564312744140625,,,,
train_episode,543150,99.44565671682358,0.6640582275390625,,,,
train_episode,543300,99.84155106544495,0.6666481526692708,,,,
train_episode,543450,100.12987124919891,0.6686063639322917,,,,
train_episode,543600,99.18025535345078,0.6621722412109375,,,,
train_episode,543750,98.55995547771454,0.6581479899088541,,,,
train_episode,543900,99.03955918550491,0.6613983154296875,,,,
train_episode,544050,99.43031603097916,0.663885498046875,,,,
train_episode,544200,98.57890605926514,0.6582655843098958,,,,
train_episode,544350,97.49117892980576,0.6509149169921875,,,,
train_episode,544500,97.78993612527847,0.6529103597005208,,,,
train_episode,544650,98.34991264343262,0.65673583984375,,,,
train_episode,544800,98.13935220241547,0.6552187093098958,,,,
train_episode,544950,97.1880475282669,0.6488596598307291,,,,
train_episode,545100,96.83158212900162,0.6464097086588542,,,,
train_episode,545250,97.60677927732468,0.6516261800130209,,,,
train_episode,545400,96.43310391902924,0.6438179524739583,,,,
train_episode,545550,97.4370402097702,0.6505281575520834,,,,
train_episode,545700,95.87251675128937,0.6400433349609375,,,,
train_episode,545850,96.25263291597366,0.6425746663411458,,,,
train_episode,546000,95.02028292417526,0.6343463134765625,,,,
eval,546000,,,,,40.57428385416669,0.26832161458333337
train_episode,546150,94.79178786277771,0.8879807535807291,,,,
train_episode,546300,94.69596162438393,0.6322609456380208,,,,
train_episode,546450,92.83529561758041,0.6197601318359375,,,,
train_episode,546600,92.29888716340065,0.6160992431640625,,,,
train_episode,546750,91.10486704111099,0.6079541015625,,,,
train_episode,546900,90.65391954779625,0.6051267496744792,,,,
train_episode,547050,92.85672840476036,0.6198215738932291,,,,
train_episode,547200,94.05463540554047,0.6277024332682292,,,,
train_episode,547350,93.69479250907898,0.62543212890625,,,,
train_episode,547500,93.30234625935555,0.6227724202473959,,,,
train_episode,547650,92.6821383535862,0.6186844889322917,,,,
train_episode,547800,93.74254214763641,0.6257965087890625,,,,
train_episode,547950,91.89064392447472,0.6132694498697917,,,,
train_episode,548100,93.63146817684174,0.6248874918619791,,,,
train_episode,548250,94.30530643463135,0.629532470703125,,,,
train_episode,548400,94.39145839214325,0.6300889078776042,,,,
train_episode,548550,93.62175363302231,0.6248992919921875,,,,
train_episode,548700,94.0850818157196,0.628057861328125,,,,
train_episode,548850,95.89430570602417,0.6401542154947917,,,,
train_episode,549000,95.96967434883118,0.6405525716145833,,,,
train_episode,549150,95.47951114177704,0.6373933919270833,,,,
train_episode,549300,96.89408266544342,0.6468827311197917,,,,
train_episode,549450,98.01937717199326,0.6544755045572916,,,,
train_episode,549600,96.33305722475052,0.6430145263671875,,,,
train_episode,549750,96.37074661254883,0.6433534749348958,,,,
train_episode,549900,97.10350400209427,0.6482757568359375,,,,
train_episode,550050,97.98031491041183,0.6541420491536458,,,,
train_episode,550200,97.95550435781479,0.6539705403645834,,,,
train_episode,550350,96.93981838226318,0.6472263590494791,,,,
train_episode,550500,98.09341275691986,0.6549538167317709,,,,
train_episode,550650,96.73266458511353,0.6458396402994792,,,,
train_episode,550800,98.27716928720474,0.656207275390625,,,,
train_episode,550950,97.72849380970001,0.6524873860677083,,,,
train_episode,551100,97.25185015797615,0.6492604573567708,,,,
train_episode,551250,97.00355914235115,0.6477652994791666,,,,
train_episode,551400,97.72455698251724,0.6524951171875,,,,
train_episode,551550,96.1274601817131,0.6415885416666667,,,,
train_episode,551700,97.34198862314224,0.6498488362630208,,,,
train_episode,551850,96.22788375616074,0.6423813883463542,,,,
train_episode,552000,95.29939675331116,0.6360951741536458,,,,
eval,552000,,,,,26.219205729166656,0.17219270833333333
train_episode,552150,95.19468051195145,0.8144580078125,,,,
train_episode,552300,95.90462100505829,0.6402119954427083,,,,
train_episode,552450,95.30072918534279,0.6360642496744792,,,,
train_episode,552600,94.46403884887695,0.6305222574869792,,,,
train_episode,552750,95.20231008529663,0.6353993733723958,,,,
train_episode,552900,96.20551460981369,0.6421746826171875,,,,
train_episode,553050,95.53243872523308,0.6376885986328125,,,,
train_episode,553200,95.76386359333992,0.6392978922526041,,,,
train_episode,553350,95.01787143945694,0.6342950439453126,,,,
train_episode,553500,96.08406466245651,0.6414174397786458,,,,
train_episode,553650,95.60174423456192,0.6381178792317709,,,,
train_episode,553800,94.84468406438828,0.6331209309895833,,,,
train_episode,553950,94.77239906787872,0.6324690755208333,,,,
train_episode,554100,96.10347366333008,0.6415681966145833,,,,
train_episode,554250,94.7891837656498,0.6326438395182291,,,,
train_episode,554400,93.9082732796669,0.6268961588541667,,,,
train_episode,554550,92.19073432683945,0.6152235921223959,,,,
train_episode,554700,91.49208503961563,0.6107438151041666,,,,
train_episode,554850,92.96238136291504,0.6205112711588542,,,,
train_episode,555000,93.47195291519165,0.6239278157552083,,,,
train_episode,555150,92.9047946035862,0.6201686604817709,,,,
train_episode,555300,90.85743087530136,0.6065568033854166,,,,
train_episode,555450,90.23504513502121,0.6023293050130208,,,,
train_episode,555600,93.09587502479553,0.6215317789713541,,,,
train_episode,555750,91.41510915756226,0.6102199300130209,,,,
train_episode,555900,90.78543013334274,0.6060056559244792,,,,
train_episode,556050,92.55804342031479,0.6177549235026042,,,,
train_episode,556200,91.39174327254295,0.6099753824869791,,,,
train_episode,556350,92.2958664894104,0.61613525390625,,,,
train_episode,556500,92.50100553035736,0.6174493408203126,,,,
train_episode,556650,93.42938128113747,0.6237143961588542,,,,
train_episode,556800,92.50338530540466,0.6176497395833334,,,,
train_episode,556950,93.54040402173996,0.6245353190104167,,,,
train_episode,557100,91.00281688570976,0.6074171956380209,,,,
train_episode,557250,93.26780021190643,0.6225075276692709,,,,
train_episode,557400,94.19368362426758,0.628809814453125,,,,
train_episode,557550,92.93958443403244,0.6203739420572917,,,,
train_episode,557700,92.67196589708328,0.6186814371744792,,,,
train_episode,557850,91.12200805544853,0.6081805419921875,,,,
train_episode,558000,94.60472440719604,0.6315273030598958,,,,
eval,558000,,,,,41.51738281250001,0.2743919270833334
train_episode,558150,93.09846752882004,0.8999643961588542,,,,
train_episode,558300,91.87776523828506,0.6131844075520834,,,,
train_episode,558450,92.20841345191002,0.6154638671875,,,,
train_episode,558600,92.89951434731483,0.6202237955729166,,,,
train_episode,558750,92.14948403835297,0.6151261393229167,,,,
train_episode,558900,91.55741292238235,0.6112113444010416,,,,
train_episode,559050,93.1044502556324,0.6215915934244791,,,,
train_episode,559200,91.64681878685951,0.611866455078125,,,,
train_episode,559350,91.7212103009224,0.6123012288411458,,,,
train_episode,559500,91.29236721992493,0.6093701171875,,,,
train_episode,559650,93.49387508630753,0.6241845703125,,,,
train_episode,559800,92.05049479007721,0.614388427734375,,,,
train_episode,559950,92.74505457282066,0.6189461263020833,,,,
train_episode,560100,88.79998695850372,0.5926564534505209,,,,
train_episode,560250,92.47781240940094,0.6172320556640625,,,,
train_episode,560400,91.09437915682793,0.6080021158854166,,,,
train_episode,560550,91.39694118499756,0.6100150553385416,,,,
train_episode,560700,91.25160631537437,0.6090488688151041,,,,
train_episode,560850,89.01835978031158,0.5941455078125,,,,
train_episode,561000,91.91166079044342,0.6134946695963541,,,,
train_episode,561150,91.1946812570095,0.6087721761067708,,,,
train_episode,561300,90.17074450850487,0.6018318684895834,,,,
train_episode,561450,90.76435214281082,0.6057779947916667,,,,
train_episode,561600,89.82557052373886,0.5995172119140625,,,,
train_episode,561750,87.9960727095604,0.5872025553385417,,,,
train_episode,561900,89.40163087844849,0.5966982014973958,,,,
train_episode,562050,89.62341243028641,0.5981435139973958,,,,
train_episode,562200,90.91960549354553,0.60695556640625,,,,
train_episode,562350,88.22093629837036,0.5887896728515625,,,,
train_episode,562500,86.74688640236855,0.5789914957682292,,,,
train_episode,562650,88.45501610636711,0.590352783203125,,,,
train_episode,562800,87.72795537114143,0.5854762776692708,,,,
train_episode,562950,86.45888206362724,0.5769370524088542,,,,
train_episode,563100,87.96507674455643,0.5870406087239584,,,,
train_episode,563250,86.59966951608658,0.5778865559895834,,,,
train_episode,563400,87.09030053019524,0.5811285400390624,,,,
train_episode,563550,86.85186716914177,0.5797125244140625,,,,
train_episode,563700,86.12976977229118,0.5747794596354167,,,,
train_episode,563850,88.58817407488823,0.5912396240234375,,,,
train_episode,564000,86.49864614009857,0.577166748046875,,,,
eval,564000,,,,,26.84778645833332,0.1764765625
train_episode,564150,86.41859829425812,0.7591715494791667,,,,
train_episode,564300,87.13210955262184,0.5815175374348959,,,,
train_episode,564450,88.09601756930351,0.587989501953125,,,,
train_episode,564600,84.13844713568687,0.5614862060546875,,,,
train_episode,564750,88.6654856801033,0.5918131510416667,,,,
train_episode,564900,85.49999931454659,0.5706654866536458,,,,
train_episode,565050,87.19559586048126,0.582071533203125,,,,
train_episode,565200,86.85266011953354,0.5797426350911459,,,,
train_episode,565350,86.9400725364685,0.580345458984375,,,,
train_episode,565500,89.67406040430069,0.5987215169270833,,,,
train_episode,565650,91.50175854563713,0.61082763671875,,,,
train_episode,565800,88.36888554692268,0.5898659261067708,,,,
train_episode,565950,90.65400061011314,0.6052154541015625,,,,
train_episode,566100,92.70156702399254,0.6188773600260417,,,,
train_episode,566250,92.0722745358944,0.6147304280598959,,,,
train_episode,566400,90.42213827371597,0.6035434977213542,,,,
train_episode,566550,91.86255726218224,0.6131380208333334,,,,
train_episode,566700,91.00756773352623,0.6075579833984375,,,,
train_episode,566850,89.10036087036133,0.5947420247395834,,,,
train_episode,567000,90.91006377339363,0.6068876139322916,,,,
train_episode,567150,90.55574429035187,0.6045113118489583,,,,
train_episode,567300,90.73661178350449,0.60572998046875,,,,
train_episode,567450,91.14409273862839,0.60853515625,,,,
train_episode,567600,91.53815567493439,0.6110032145182291,,,,
train_episode,567750,91.97818902134895,0.6140183512369791,,,,
train_episode,567900,91.3798406124115,0.610023193359375,,,,
train_episode,568050,91.78892853856087,0.6128061930338542,,,,
train_episode,568200,92.99395579099655,0.6207529703776041,,,,
train_episode,568350,91.50729262828827,0.610863037109375,,,,
train_episode,568500,93.56172615289688,0.6245493570963542,,,,
train_episode,568650,92.30095317959785,0.6161865234375,,,,
train_episode,568800,91.17898494005203,0.608646240234375,,,,
train_episode,568950,90.92355215549469,0.6068009440104166,,,,
train_episode,569100,91.59696260094643,0.6114914957682291,,,,
train_episode,569250,90.3666675388813,0.6032611083984375,,,,
train_episode,569400,92.49853372573853,0.617508544921875,,,,
train_episode,569550,92.32573342323303,0.6162797037760417,,,,
train_episode,569700,92.92344015836716,0.620224609375,,,,
train_episode,569850,91.50365090370178,0.6108225504557292,,,,
train_episode,570000,90.1007784307003,0.6012715657552083,,,,
eval,570000,,,,,36.18834635416667,0.23888541666666668
train_episode,570150,89.28310105204582,0.8231034342447917,,,,
train_episode,570300,90.3170160651207,0.6027728271484375,,,,
train_episode,570450,88.97662279009819,0.5937860107421875,,,,
train_episode,570600,88.85039168596268,0.59294921875,,,,
train_episode,570750,91.9057402908802,0.6134446207682291,,,,
train_episode,570900,90.5207711160183,0.6040067545572917,,,,
train_episode,571050,89.56603890657425,0.5978727213541667,,,,
train_episode,571200,89.2971892952919,0.595947265625,,,,
train_episode,571350,89.72046765685081,0.5989241536458333,,,,
train_episode,571500,89.79712828993797,0.5993601481119791,,,,
train_episode,571650,88.9252310693264,0.5935154215494791,,,,
train_episode,571800,90.03380289673805,0.600938720703125,,,,
train_episode,571950,87.17776423692703,0.5817867024739584,,,,
train_episode,572100,88.28637626767159,0.589273681640625,,,,
train_episode,572250,87.99414965510368,0.587249755859375,,,,
train_episode,572400,85.90299355983734,0.573323974609375,,,,
train_episode,572550,88.49233907461166,0.5906711832682292,,,,
train_episode,572700,89.48242121934891,0.5971852620442708,,,,
train_episode,572850,89.09679064154625,0.5946909586588541,,,,
train_episode,573000,86.23942002654076,0.5754648844401041,,,,
train_episode,573150,87.7291348874569,0.5854628499348958,,,,
train_episode,573300,86.01157554984093,0.5739371744791667,,,,
train_episode,573450,85.05112561583519,0.5673626708984375,,,,
train_episode,573600,86.5442196726799,0.5774782307942709,,,,
train_episode,573750,85.44721361994743,0.5702366129557291,,,,
train_episode,573900,87.23312246799469,0.5821781412760416,,,,
train_episode,574050,84.95485329627991,0.5668277994791666,,,,
train_episode,574200,85.42460072040558,0.5699318440755209,,,,
train_episode,574350,85.92574942111969,0.5733176676432291,,,,
train_episode,574500,84.7866000533104,0.5658154296875,,,,
train_episode,574650,84.20440617203712,0.5617291259765625,,,,
train_episode,574800,84.48920607566833,0.5637750244140625,,,,
train_episode,574950,82.71216803789139,0.5517104085286458,,,,
train_episode,575100,84.86270034313202,0.566181640625,,,,
train_episode,575250,85.8677462041378,0.5729184977213542,,,,
train_episode,575400,84.1821081340313,0.5616400146484375,,,,
train_episode,575550,83.27262249588966,0.55556396484375,,,,
train_episode,575700,84.3892408311367,0.5631290690104167,,,,
train_episode,575850,86.65494725108147,0.5782686360677083,,,,
train_episode,576000,84.23680531978607,0.5620790608723958,,,,
eval,576000,,,,,41.89733072916666,0.27746744791666667
train_episode,576150,84.22969415783882,0.77962158203125,,,,
train_episode,576300,84.83564165234566,0.5661081949869792,,,,
train_episode,576450,83.53712904453278,0.5572133382161458,,,,
train_episode,576600,85.32456311583519,0.569398193359375,,,,
train_episode,576750,86.1834706068039,0.5750274658203125,,,,
train_episode,576900,85.60056468844414,0.5711012776692709,,,,
train_episode,577050,85.64925062656403,0.57143798828125,,,,
train_episode,577200,85.54800325632095,0.570704345703125,,,,
train_episode,577350,84.47690737247467,0.5635732014973959,,,,
train_episode,577500,84.72749707102776,0.565267333984375,,,,
train_episode,577650,83.73347812891006,0.5586580403645833,,,,
train_episode,577800,84.43442687392235,0.5632419840494791,,,,
train_episode,577950,82.73535081744194,0.5518424479166667,,,,
train_episode,578100,84.68835377693176,0.5648675537109376,,,,
train_episode,578250,83.48665291070938,0.5567964680989583,,,,
train_episode,578400,84.40221059322357,0.5629718017578125,,,,
train_episode,578550,83.1390882730484,0.5545908610026041,,,,
train_episode,578700,84.00059953331947,0.5603892008463541,,,,
train_episode,578850,85.416817933321,0.56980712890625,,,,
train_episode,579000,86.26729220151901,0.5755784098307292,,,,
train_episode,579150,84.74101710319519,0.56531982421875,,,,
train_episode,579300,85.09377962350845,0.567705078125,,,,
train_episode,579450,84.02239918708801,0.5604921468098958,,,,
train_episode,579600,84.78634577989578,0.5655912272135417,,,,
train_episode,579750,83.55328318476677,0.5573128255208334,,,,
train_episode,579900,85.23400789499283,0.5685902913411458,,,,
train_episode,580050,84.31731054186821,0.5624737548828125,,,,
train_episode,580200,82.84066757559776,0.5525118001302083,,,,
train_episode,580350,82.47478196024895,0.5500946044921875,,,,
train_episode,580500,81.85417622327805,0.545849609375,,,,
train_episode,580650,84.68990021944046,0.5649025472005208,,,,
train_episode,580800,83.52702757716179,0.5571158854166667,,,,
train_episode,580950,84.55085182189941,0.56386474609375,,,,
train_episode,581100,83.38963779807091,0.5561161295572916,,,,
train_episode,581250,83.56737184524536,0.557354736328125,,,,
train_episode,581400,83.53825837373734,0.5571197509765625,,,,
train_episode,581550,85.2191766500473,0.5684336344401042,,,,
train_episode,581700,82.92857798933983,0.5530643717447916,,,,
train_episode,581850,85.12555861473083,0.5678635660807292,,,,
train_episode,582000,84.11554926633835,0.5610683186848958,,,,
eval,582000,,,,,68.44309895833335,0.45540234375
train_episode,582150,82.6685781776905,0.9664931233723958,,,,
train_episode,582300,82.20896282792091,0.5482377115885416,,,,
train_episode,582450,82.12850931286812,0.5476645914713542,,,,
train_episode,582600,83.91262778639793,0.5595821126302083,,,,
train_episode,582750,82.60984233021736,0.5509254964192708,,,,
train_episode,582900,81.43956455588341,0.5431201171875,,,,
train_episode,583050,79.8868398964405,0.5327219645182292,,,,
train_episode,583200,81.39033955335617,0.5427201334635416,,,,
train_episode,583350,81.31456425786018,0.5422401936848958,,,,
train_episode,583500,82.24833163619041,0.5484625244140625,,,,
train_episode,583650,81.26304057240486,0.5418796793619791,,,,
train_episode,583800,79.7773127257824,0.5320168050130208,,,,
train_episode,583950,82.70109006762505,0.5515726725260417,,,,
train_episode,584100,81.27729257941246,0.541961669921875,,,,
train_episode,584250,80.99897301197052,0.5400410970052083,,,,
train_episode,584400,79.23070272803307,0.5281618245442709,,,,
train_episode,584550,76.64110338687897,0.5108766682942708,,,,
train_episode,584700,78.2081296145916,0.5214101155598958,,,,
train_episode,584850,79.83490911126137,0.5322507731119792,,,,
train_episode,585000,79.2730298936367,0.5284983317057291,,,,
train_episode,585150,77.23570695519447,0.5147829182942708,,,,
train_episode,585300,77.14666691422462,0.514180908203125,,,,
train_episode,585450,78.17321693897247,0.5210898844401042,,,,
train_episode,585600,78.52361005544662,0.5235434977213541,,,,
train_episode,585750,78.51212522387505,0.52326171875,,,,
train_episode,585900,78.81991520524025,0.5253621419270833,,,,
train_episode,586050,77.72637882828712,0.5181614176432292,,,,
train_episode,586200,78.91390964388847,0.5259749348958334,,,,
train_episode,586350,78.77111771702766,0.5250278727213542,,,,
train_episode,586500,77.69952338933945,0.517939453125,,,,
train_episode,586650,78.29506459832191,0.5218355305989584,,,,
train_episode,586800,76.17093923687935,0.5077602132161458,,,,
train_episode,586950,79.41358435153961,0.52937744140625,,,,
train_episode,587100,79.62274158000946,0.5308502197265625,,,,
train_episode,587250,79.25339689850807,0.5283656819661459,,,,
train_episode,587400,79.633982360363,0.5308589680989584,,,,
train_episode,587550,79.03478938341141,0.526845703125,,,,
train_episode,587700,79.18831306695938,0.5278243001302083,,,,
train_episode,587850,80.47269687056541,0.5364994303385416,,,,
train_episode,588000,79.38203889131546,0.5291977945963542,,,,
eval,588000,,,,,94.35338541666667,0.6294934895833333
train_episode,588150,78.21557602286339,1.1783762613932292,,,,
train_episode,588300,80.04718959331512,0.5336722819010417,,,,
train_episode,588450,80.62978035211563,0.5374989827473958,,,,
train_episode,588600,79.8511246740818,0.53230224609375,,,,
train_episode,588750,78.76984572410583,0.5250461832682292,,,,
train_episode,588900,80.36012721061707,0.5357401529947917,,,,
train_episode,589050,79.52987623214722,0.5302372233072916,,,,
train_episode,589200,80.68095830082893,0.53797119140625,,,,
train_episode,589350,80.85862132906914,0.5391080729166666,,,,
train_episode,589500,80.42403158545494,0.5361602783203125,,,,
train_episode,589650,81.35006672143936,0.5423622639973958,,,,
train_episode,589800,80.50614351034164,0.5366951497395833,,,,
train_episode,589950,80.111572265625,0.534022216796875,,,,
train_episode,590100,80.60879492759705,0.537335205078125,,,,
train_episode,590250,78.88157072663307,0.5258644612630209,,,,
train_episode,590400,81.06161427497864,0.5404756673177084,,,,
train_episode,590550,80.96830180287361,0.5397247314453125,,,,
train_episode,590700,80.61997351050377,0.5373661295572917,,,,
train_episode,590850,79.14491778612137,0.5275449625651042,,,,
train_episode,591000,81.17382737994194,0.5410721842447916,,,,
train_episode,591150,80.78756645321846,0.5386222330729167,,,,
train_episode,591300,80.43017566204071,0.5361513264973958,,,,
train_episode,591450,82.22522902488708,0.5481551106770833,,,,
train_episode,591600,81.18254563212395,0.5411476643880209,,,,
train_episode,591750,82.7382090985775,0.5516422526041667,,,,
train_episode,591900,80.6169321835041,0.5374049886067709,,,,
train_episode,592050,81.20597231388092,0.5413895670572917,,,,
train_episode,592200,79.94154807925224,0.5328481038411458,,,,
train_episode,592350,80.89973855018616,0.5391912841796875,,,,
train_episode,592500,79.2396539747715,0.5281276448567709,,,,
train_episode,592650,79.36889642477036,0.5289473470052083,,,,
train_episode,592800,79.61412543058395,0.5306093343098959,,,,
train_episode,592950,79.87403303384781,0.5324214680989583,,,,
train_episode,593100,79.1450087428093,0.527425537109375,,,,
train_episode,593250,79.08333253860474,0.5270176188151041,,,,
train_episode,593400,77.988504499197,0.5196940104166666,,,,
train_episode,593550,79.14393028616905,0.527501220703125,,,,
train_episode,593700,77.72290971875191,0.5179170735677083,,,,
train_episode,593850,77.70451799035072,0.5177813720703125,,,,
train_episode,594000,79.38457119464874,0.5291013590494792,,,,
eval,594000,,,,,77.50729166666666,0.51625390625
train_episode,594150,79.13765347003937,1.1156418863932291,,,,
train_episode,594300,78.70953357219696,0.5246075439453125,,,,
train_episode,594450,80.49349910020828,0.5365411376953125,,,,
train_episode,594600,80.44795680046082,0.5362099202473959,,,,
train_episode,594750,80.56413745880127,0.5368837483723958,,,,
train_episode,594900,80.1102497279644,0.5339259847005209,,,,
train_episode,595050,80.3523353934288,0.535609130859375,,,,
train_episode,595200,80.12795999646187,0.5341257731119792,,,,
train_episode,595350,80.16232243180275,0.5343770345052083,,,,
train_episode,595500,80.73931774497032,0.5381504313151042,,,,
train_episode,595650,81.93750989437103,0.5461527506510416,,,,
train_episode,595800,81.59845852851868,0.5439705403645834,,,,
train_episode,595950,84.33019971847534,0.5622076416015624,,,,
train_episode,596100,80.81668031215668,0.5387117513020834,,,,
train_episode,596250,82.62667834758759,0.550809326171875,,,,
train_episode,596400,82.45896375179291,0.5497452799479167,,,,
train_episode,596550,82.24359068274498,0.5482735188802084,,,,
train_episode,596700,82.6344085931778,0.550906982421875,,,,
train_episode,596850,82.75476035475731,0.5516141764322917,,,,
train_episode,597000,82.18906620144844,0.5479563395182292,,,,
train_episode,597150,82.04155418276787,0.5470377604166666,,,,
train_episode,597300,82.29276448488235,0.5485609944661458,,,,
train_episode,597450,84.28835022449493,0.5619510904947916,,,,
train_episode,597600,82.47821974754333,0.5498531087239583,,,,
train_episode,597750,82.53380304574966,0.5501505533854166,,,,
train_episode,597900,80.97715175151825,0.5397021484375,,,,
train_episode,598050,81.5219213962555,0.5433876546223958,,,,
train_episode,598200,81.02632600069046,0.5401298014322916,,,,
train_episode,598350,81.450235247612,0.5428432210286458,,,,
train_episode,598500,81.05948868393898,0.5403507486979167,,,,
train_episode,598650,80.47018402814865,0.536373291015625,,,,
train_episode,598800,80.69668483734131,0.5378607177734375,,,,
train_episode,598950,79.76868665218353,0.5316648356119792,,,,
train_episode,599100,81.18727511167526,0.5411765543619792,,,,
train_episode,599250,79.56364861130714,0.5302933756510416,,,,
train_episode,599400,80.17079636454582,0.5342836507161458,,,,
train_episode,599550,80.16093876957893,0.5342057291666666,,,,
train_episode,599700,79.0369658768177,0.5267905680338542,,,,
train_episode,599850,78.61155205965042,0.5238960774739584,,,,
train_episode,600000,79.03383281826973,0.5267254638671875,,,,
eval,600000,,,,,89.22467447916665,0.5951497395833334
train_episode,600150,79.14678853750229,1.1201593017578124,,,,
train_episode,600300,80.0953571498394,0.5337996419270833,,,,
train_episode,600450,80.00717070698738,0.5333603922526041,,,,
train_episode,600600,80.08058598637581,0.5338315836588542,,,,
train_episode,600750,80.02519670128822,0.5333746337890625,,,,
train_episode,600900,78.76196241378784,0.5249090576171875,,,,
train_episode,601050,78.77293875813484,0.5250327555338542,,,,
train_episode,601200,80.14605641365051,0.5342598470052083,,,,
train_episode,601350,80.78845119476318,0.5384952799479167,,,,
train_episode,601500,80.04996657371521,0.5336435953776042,,,,
train_episode,601650,80.032490670681,0.533370361328125,,,,
train_episode,601800,79.80155366659164,0.5319553629557292,,,,
train_episode,601950,78.8796073794365,0.5256101481119791,,,,
train_episode,602100,80.72194385528564,0.5380336507161458,,,,
train_episode,602250,80.26089417934418,0.53499755859375,,,,
train_episode,602400,81.24216577410698,0.5415342203776041,,,,
train_episode,602550,80.6365852355957,0.53748291015625,,,,
train_episode,602700,80.53368064761162,0.5367940266927084,,,,
train_episode,602850,80.92977860569954,0.5394230143229166,,,,
train_episode,603000,79.73760950565338,0.5314973958333333,,,,
train_episode,603150,81.77757677435875,0.5450701904296875,,,,
train_episode,603300,80.42077577114105,0.5360024007161458,,,,
train_episode,603450,81.40509986877441,0.54256103515625,,,,
train_episode,603600,80.55674147605896,0.5368495686848959,,,,
train_episode,603750,80.56797218322754,0.537081298828125,,,,
train_episode,603900,80.13502961397171,0.5341261800130208,,,,
train_episode,604050,79.70076423883438,0.531082763671875,,,,
train_episode,604200,80.50697812438011,0.5366141764322917,,,,
train_episode,604350,79.17903581261635,0.5276904296875,,,,
train_episode,604500,79.34368821978569,0.5287674967447916,,,,
train_episode,604650,81.088225543499,0.5404142252604167,,,,
train_episode,604800,79.45736601948738,0.5294816080729167,,,,
train_episode,604950,79.31042432785034,0.5285780843098958,,,,
train_episode,605100,79.34125682711601,0.528782958984375,,,,
train_episode,605250,78.98283863067627,0.526357421875,,,,
train_episode,605400,79.15879347920418,0.5275341796875,,,,
train_episode,605550,78.12033081054688,0.5205544026692709,,,,
train_episode,605700,77.0828752219677,0.5135795084635416,,,,
train_episode,605850,77.5884296298027,0.5169962565104167,,,,
train_episode,606000,77.75919544696808,0.518043212890625,,,,
eval,606000,,,,,87.41842447916666,0.5828606770833333
train_episode,606150,77.84529593586922,1.0806766764322917,,,,
train_episode,606300,77.20732569694519,0.5144559733072916,,,,
train_episode,606450,77.60296586155891,0.5170876057942708,,,,
train_episode,606600,75.760691344738,0.50477294921875,,,,
train_episode,606750,77.46942120790482,0.51610595703125,,,,
train_episode,606900,77.08641541004181,0.5136338297526042,,,,
train_episode,607050,77.598713606596,0.5171002197265625,,,,
train_episode,607200,77.5726013481617,0.5168367513020833,,,,
train_episode,607350,77.43034899234772,0.5158363850911458,,,,
train_episode,607500,76.58720797300339,0.5103314208984375,,,,
train_episode,607650,76.4442350268364,0.5092710367838542,,,,
train_episode,607800,75.66403084993362,0.5041056315104167,,,,
train_episode,607950,76.01908308267593,0.5063203938802083,,,,
train_episode,608100,75.91301500797272,0.5057073974609375,,,,
train_episode,608250,76.55857288837433,0.5099989827473959,,,,
train_episode,608400,77.08843964338303,0.51359619140625,,,,
train_episode,608550,76.23700922727585,0.50791015625,,,,
train_episode,608700,76.45067271590233,0.5093459065755208,,,,
train_episode,608850,77.22077429294586,0.5144315592447917,,,,
train_episode,609000,77.15306559205055,0.5140948486328125,,,,
train_episode,609150,76.76245054602623,0.5114619954427083,,,,
train_episode,609300,77.43687856197357,0.515985107421875,,,,
train_episode,609450,76.72099721431732,0.5111173502604167,,,,
train_episode,609600,77.61443081498146,0.5171728515625,,,,
train_episode,609750,76.76985648274422,0.51147705078125,,,,
train_episode,609900,76.65299454331398,0.5107297770182292,,,,
train_episode,610050,76.11464381217957,0.5070479329427083,,,,
train_episode,610200,76.87382951378822,0.5121539306640625,,,,
train_episode,610350,77.07419800758362,0.5134682210286459,,,,
train_episode,610500,77.62637302279472,0.5172076416015625,,,,
train_episode,610650,77.44263628125191,0.5159814453125,,,,
train_episode,610800,77.31800335645676,0.5151458740234375,,,,
train_episode,610950,77.18709313869476,0.5143304443359376,,,,
train_episode,611100,78.115325152874,0.520489501953125,,,,
train_episode,611250,76.54237821698189,0.5099226888020834,,,,
train_episode,611400,76.71984812617302,0.5112742106119792,,,,
train_episode,611550,75.81493130326271,0.5050447591145834,,,,
train_episode,611700,76.64216062426567,0.510684814453125,,,,
train_episode,611850,76.30123820900917,0.5083868408203125,,,,
train_episode,612000,77.20037797093391,0.5143393961588542,,,,
eval,612000,,,,,95.61569010416665,0.6377747395833334
train_episode,612150,75.65711417794228,1.1319077555338541,,,,
train_episode,612300,75.85807299613953,0.5054571533203125,,,,
train_episode,612450,75.33722937107086,0.5019661458333333,,,,
train_episode,612600,74.39117434620857,0.49557576497395833,,,,
train_episode,612750,75.3546435534954,0.5020064290364583,,,,
train_episode,612900,74.88051351904869,0.4988863118489583,,,,
train_episode,613050,74.29811638593674,0.49496256510416664,,,,
train_episode,613200,74.74755829572678,0.49791300455729165,,,,
train_episode,613350,74.66225174069405,0.49744791666666666,,,,
train_episode,613500,76.0712380707264,0.5069270833333334,,,,
train_episode,613650,76.57785975933075,0.5102046712239583,,,,
train_episode,613800,76.1731968820095,0.507425537109375,,,,
train_episode,613950,75.91701200604439,0.5057548014322917,,,,
train_episode,614100,75.98622608184814,0.506263427734375,,,,
train_episode,614250,76.68730676174164,0.5109627278645833,,,,
train_episode,614400,77.47137358784676,0.5162270100911458,,,,
train_episode,614550,76.52137184143066,0.5099119059244792,,,,
train_episode,614700,77.92306464910507,0.5192923990885416,,,,
train_episode,614850,78.80019095540047,0.5251595052083333,,,,
train_episode,615000,78.081074655056,0.5202964274088542,,,,
train_episode,615150,76.87926176190376,0.5123433430989583,,,,
train_episode,615300,77.61178585886955,0.5171634928385417,,,,
train_episode,615450,77.85148087143898,0.5188596598307291,,,,
train_episode,615600,78.76533889770508,0.524925537109375,,,,
train_episode,615750,79.19271764159203,0.5279193115234375,,,,
train_episode,615900,80.5350940823555,0.5367844645182291,,,,
train_episode,616050,80.52662080526352,0.5366689046223958,,,,
train_episode,616200,79.60186725854874,0.5305155436197917,,,,
train_episode,616350,80.25858423113823,0.5349949137369792,,,,
train_episode,616500,79.8795879483223,0.5323697916666666,,,,
train_episode,616650,80.27633613348007,0.535040283203125,,,,
train_episode,616800,80.61126616597176,0.5373248291015625,,,,
train_episode,616950,80.74638810753822,0.5381760660807292,,,,
train_episode,617100,81.30550092458725,0.5419256591796875,,,,
train_episode,617250,78.91380733251572,0.525933837890625,,,,
train_episode,617400,80.65917909145355,0.5376904296875,,,,
train_episode,617550,80.8085110783577,0.5385947672526041,,,,
train_episode,617700,79.74539068341255,0.5315610758463541,,,,
train_episode,617850,80.61324989795685,0.5372908528645833,,,,
train_episode,618000,79.93245363235474,0.5327968343098959,,,,
eval,618000,,,,,99.6509114583333,0.6649934895833333
train_episode,618150,79.17759108543396,1.2095035807291667,,,,
train_episode,618300,79.47978645563126,0.5297509765625,,,,
train_episode,618450,79.40394002199173,0.5292152913411459,,,,
train_episode,618600,80.16735756397247,0.5343398030598958,,,,
train_episode,618750,80.90359428524971,0.5392110188802083,,,,
train_episode,618900,80.19678729772568,0.5346014404296875,,,,
train_episode,619050,81.45831221342087,0.5430039469401041,,,,
train_episode,619200,80.90690070390701,0.5393477376302084,,,,
train_episode,619350,80.77149337530136,0.5383644612630208,,,,
train_episode,619500,80.34250819683075,0.5355867513020833,,,,
train_episode,619650,80.61587405204773,0.537418212890625,,,,
train_episode,619800,79.89833527803421,0.5326544189453125,,,,
train_episode,619950,79.95322641730309,0.5328826904296875,,,,
train_episode,620100,80.60638365149498,0.5372869873046875,,,,
train_episode,620250,79.10535651445389,0.5272666422526041,,,,
train_episode,620400,80.5808916091919,0.5370955403645833,,,,
train_episode,620550,80.27227711677551,0.53511474609375,,,,
train_episode,620700,80.79721039533615,0.5385453287760417,,,,
train_episode,620850,79.9428303539753,0.5328751627604167,,,,
train_episode,621000,79.43792650103569,0.5295086669921875,,,,
train_episode,621150,80.29890835285187,0.5352547200520833,,,,
train_episode,621300,79.61741116642952,0.5306052652994792,,,,
train_episode,621450,79.96553453803062,0.5329392496744791,,,,
train_episode,621600,78.97066178917885,0.526363525390625,,,,
train_episode,621750,78.88091990351677,0.5257295735677083,,,,
train_episode,621900,78.59245815873146,0.5238090006510416,,,,
train_episode,622050,79.24373331665993,0.5282413736979167,,,,
train_episode,622200,79.73517772555351,0.5314412434895833,,,,
train_episode,622350,78.97252336144447,0.5264029947916666,,,,
train_episode,622500,79.4469093978405,0.5295442708333333,,,,
train_episode,622650,79.19988933205605,0.5279150390625,,,,
train_episode,622800,79.77629545331001,0.5317828369140625,,,,
train_episode,622950,80.0635871887207,0.5336739095052083,,,,
train_episode,623100,79.21287912130356,0.5279396565755209,,,,
train_episode,623250,79.73955208063126,0.5314361572265625,,,,
train_episode,623400,79.7977084517479,0.5318951416015625,,,,
train_episode,623550,79.29528734087944,0.5285512288411458,,,,
train_episode,623700,80.12626075744629,0.5341994222005209,,,,
train_episode,623850,80.39508932828903,0.53595947265625,,,,
train_episode,624000,80.23543214797974,0.5348655192057291,,,,
eval,624000,,,,,97.4972005208333,0.6504101562500001
train_episode,624150,79.69071370363235,1.1746968587239583,,,,
train_episode,624300,80.55653834342957,0.5369639078776042,,,,
train_episode,624450,81.4931834936142,0.5433451334635416,,,,
train_episode,624600,80.84153091907501,0.5389249674479166,,,,
train_episode,624750,80.3497913479805,0.5355582682291666,,,,
train_episode,624900,81.06488966941833,0.5403346761067709,,,,
train_episode,625050,81.8421311378479,0.5456217447916667,,,,
train_episode,625200,80.99320369958878,0.5399171956380209,,,,
train_episode,625350,80.45314526557922,0.536304931640625,,,,
train_episode,625500,81.60361701250076,0.5440618896484375,,,,
train_episode,625650,81.80036294460297,0.5452618408203125,,,,
train_episode,625800,81.69115081429482,0.5445831298828125,,,,
train_episode,625950,81.23141449689865,0.5415098063151041,,,,
train_episode,626100,81.45998054742813,0.5429652913411458,,,,
train_episode,626250,81.37244576215744,0.5424176025390625,,,,
train_episode,626400,80.98322486877441,0.5398063151041667,,,,
train_episode,626550,79.26410871744156,0.5283669026692709,,,,
train_episode,626700,79.75217628479004,0.5316457112630208,,,,
train_episode,626850,81.49645906686783,0.5433730061848958,,,,
train_episode,627000,80.84202021360397,0.5388663736979167,,,,
train_episode,627150,81.41901576519012,0.5428501383463542,,,,
train_episode,627300,82.29716885089874,0.548604736328125,,,,
train_episode,627450,81.64723592996597,0.5442781575520833,,,,
train_episode,627600,83.57984298467636,0.5572367350260417,,,,
train_episode,627750,82.90149807929993,0.5527201334635417,,,,
train_episode,627900,80.5321843624115,0.5368729654947917,,,,
train_episode,628050,83.03014034032822,0.5535400390625,,,,
train_episode,628200,81.57132881879807,0.54377685546875,,,,
train_episode,628350,83.33167433738708,0.5555491129557292,,,,
train_episode,628500,83.46072262525558,0.5565181477864584,,,,
train_episode,628650,83.83421832323074,0.5589613850911458,,,,
train_episode,628800,84.20174115896225,0.5613779703776042,,,,
train_episode,628950,83.44338923692703,0.5562672932942708,,,,
train_episode,629100,83.65239381790161,0.5577113850911458,,,,
train_episode,629250,84.84759449958801,0.56564453125,,,,
train_episode,629400,83.9557181596756,0.5597237141927084,,,,
train_episode,629550,84.09731948375702,0.56064453125,,,,
train_episode,629700,83.08032220602036,0.5538944498697916,,,,
train_episode,629850,84.76891028881073,0.5650718180338542,,,,
train_episode,630000,83.81349581480026,0.5587217203776041,,,,
eval,630000,,,,,101.04088541666664,0.67434375
train_episode,630150,83.40942269563675,1.2480922444661458,,,,
train_episode,630300,82.85558021068573,0.5523465983072917,,,,
train_episode,630450,83.390878200531,0.5559710693359375,,,,
train_episode,630600,82.72973537445068,0.551441650390625,,,,
train_episode,630750,84.6354256272316,0.5643422444661458,,,,
train_episode,630900,84.62329024076462,0.5641367594401042,,,,
train_episode,631050,83.8886097073555,0.5593418375651041,,,,
train_episode,631200,84.09349483251572,0.5606317138671875,,,,
train_episode,631350,84.61756271123886,0.5642502848307291,,,,
train_episode,631500,84.98644918203354,0.56659912109375,,,,
train_episode,631650,84.91790747642517,0.5662076822916666,,,,
train_episode,631800,84.51177895069122,0.5634495035807292,,,,
train_episode,631950,83.8337390422821,0.5589674886067708,,,,
train_episode,632100,83.94288033246994,0.559736328125,,,,
train_episode,632250,84.35870271921158,0.5625187174479167,,,,
train_episode,632400,83.29393404722214,0.5553615315755208,,,,
train_episode,632550,83.92766219377518,0.5595151774088541,,,,
train_episode,632700,84.39211964607239,0.5626519775390625,,,,
train_episode,632850,82.83573281764984,0.552281494140625,,,,
train_episode,633000,84.39909815788269,0.5627414957682292,,,,
train_episode,633150,83.75404769182205,0.5584926350911459,,,,
train_episode,633300,84.13121521472931,0.5610284423828125,,,,
train_episode,633450,85.97830104827881,0.5732596842447917,,,,
train_episode,633600,83.82046484947205,0.5589237467447916,,,,
train_episode,633750,84.40415352582932,0.5627988688151042,,,,
train_episode,633900,85.0660896897316,0.5671942138671875,,,,
train_episode,634050,85.10066652297974,0.5674643961588541,,,,
train_episode,634200,85.56872469186783,0.5706083170572916,,,,
train_episode,634350,85.41915827989578,0.5695908610026041,,,,
train_episode,634500,85.96178072690964,0.5732222493489584,,,,
train_episode,634650,85.69592189788818,0.57136474609375,,,,
train_episode,634800,84.85455226898193,0.5658280436197917,,,,
train_episode,634950,85.75261330604553,0.5718050130208333,,,,
train_episode,635100,86.12029880285263,0.5742771402994792,,,,
train_episode,635250,86.35972970724106,0.5758770751953125,,,,
train_episode,635400,85.60832613706589,0.5708284505208333,,,,
train_episode,635550,85.80709773302078,0.5722151692708334,,,,
train_episode,635700,86.93193435668945,0.5797544352213542,,,,
train_episode,635850,85.48613375425339,0.5700606282552083,,,,
train_episode,636000,84.65498787164688,0.5644240315755208,,,,
eval,636000,,,,,89.03587239583331,0.5935572916666667
train_episode,636150,85.17675614356995,1.1581789143880208,,,,
train_episode,636300,85.50281661748886,0.5701861572265625,,,,
train_episode,636450,85.51550221443176,0.5702557373046875,,,,
train_episode,636600,84.09363746643066,0.5606809488932292,,,,
train_episode,636750,84.94789510965347,0.5664528401692709,,,,
train_episode,636900,84.79032230377197,0.5653118896484375,,,,
train_episode,637050,85.26009064912796,0.5684185791015625,,,,
train_episode,637200,84.73753780126572,0.5650606282552083,,,,
train_episode,637350,85.06988453865051,0.5672237141927083,,,,
train_episode,637500,84.17366445064545,0.5611928304036459,,,,
train_episode,637650,84.36389064788818,0.5624776204427083,,,,
train_episode,637800,84.32862228155136,0.5622420247395833,,,,
train_episode,637950,84.60748243331909,0.5640885416666667,,,,
train_episode,638100,84.77726137638092,0.5652632649739583,,,,
train_episode,638250,84.54312002658844,0.5637428792317708,,,,
train_episode,638400,85.23112922906876,0.5682210286458333,,,,
train_episode,638550,85.55389326810837,0.5704970296223958,,,,
train_episode,638700,85.44376546144485,0.5697959391276042,,,,
train_episode,638850,85.08307778835297,0.5672770182291667,,,,
train_episode,639000,85.09932339191437,0.5674932861328125,,,,
train_episode,639150,85.90888351202011,0.5728450520833334,,,,
train_episode,639300,85.73386520147324,0.5716764322916666,,,,
train_episode,639450,84.94987857341766,0.5664670817057291,,,,
train_episode,639600,84.46306228637695,0.5631599934895833,,,,
train_episode,639750,85.33228498697281,0.5690041097005208,,,,
train_episode,639900,84.88548600673676,0.5660931396484375,,,,
train_episode,640050,84.6932664513588,0.5647080485026041,,,,
train_episode,640200,84.40874117612839,0.56289794921875,,,,
train_episode,640350,84.01587843894958,0.560191650390625,,,,
train_episode,640500,84.38791799545288,0.5626983642578125,,,,
train_episode,640650,85.06302809715271,0.567156982421875,,,,
train_episode,640800,85.64679902791977,0.5710744222005208,,,,
train_episode,640950,84.63898581266403,0.5644108072916667,,,,
train_episode,641100,86.0520310997963,0.5738376871744791,,,,
train_episode,641250,85.60520273447037,0.5708864339192709,,,,
train_episode,641400,86.14337003231049,0.5744793701171875,,,,
train_episode,641550,85.98287862539291,0.5734346516927084,,,,
train_episode,641700,86.0904632806778,0.574031982421875,,,,
train_episode,641850,85.8835842013359,0.5726822916666666,,,,
train_episode,642000,86.52330422401428,0.5770408121744791,,,,
eval,642000,,,,,95.30319010416665,0.63553125
train_episode,642150,85.72785305976868,1.1939817301432292,,,,
train_episode,642300,86.00615274906158,0.5735500081380208,,,,
train_episode,642450,85.7004383802414,0.5715323893229166,,,,
train_episode,642600,86.33391183614731,0.5756711832682292,,,,
train_episode,642750,86.21481198072433,0.5748905436197916,,,,
train_episode,642900,86.22119027376175,0.5749660237630209,,,,
train_episode,643050,86.26500254869461,0.5752292887369792,,,,
train_episode,643200,85.4653714299202,0.5698946126302084,,,,
train_episode,643350,85.13009572029114,0.5676025390625,,,,
train_episode,643500,85.64049082994461,0.5710986328125,,,,
train_episode,643650,86.05498099327087,0.5738871256510417,,,,
train_episode,643800,86.13117450475693,0.5742915852864583,,,,
train_episode,643950,86.89270877838135,0.5794795735677083,,,,
train_episode,644100,85.95256459712982,0.5731654866536459,,,,
train_episode,644250,87.11323940753937,0.5809653727213542,,,,
train_episode,644400,86.36166256666183,0.575916748046875,,,,
train_episode,644550,84.90688991546631,0.5661787923177083,,,,
train_episode,644700,85.96804642677307,0.5733133951822916,,,,
train_episode,644850,86.30247884988785,0.5754484049479167,,,,
train_episode,645000,86.9137157201767,0.5795955403645834,,,,
train_episode,645150,88.7840666770935,0.5921592203776042,,,,
train_episode,645300,86.85138833522797,0.5790913899739584,,,,
train_episode,645450,87.09633260965347,0.5808042399088542,,,,
train_episode,645600,88.12486696243286,0.5876411946614584,,,,
train_episode,645750,87.38509064912796,0.5826499430338542,,,,
train_episode,645900,86.895547747612,0.5793062337239583,,,,
train_episode,646050,87.33940571546555,0.5823876953125,,,,
train_episode,646200,87.5199983716011,0.583626708984375,,,,
train_episode,646350,87.2648304104805,0.5819187418619791,,,,
train_episode,646500,88.84313875436783,0.5924458821614583,,,,
train_episode,646650,88.22453790903091,0.5883296712239583,,,,
train_episode,646800,89.07170575857162,0.5940777587890625,,,,
train_episode,646950,90.17670625448227,0.6013653564453125,,,,
train_episode,647100,90.1524647474289,0.6012162272135416,,,,
train_episode,647250,90.51562398672104,0.60378173828125,,,,
train_episode,647400,90.55226546525955,0.6039442952473958,,,,
train_episode,647550,90.89016675949097,0.6063153076171875,,,,
train_episode,647700,92.5375155210495,0.6172127278645834,,,,
train_episode,647850,92.67333835363388,0.6182179768880208,,,,
train_episode,648000,92.0248806476593,0.6138423665364583,,,,
eval,648000,,,,,91.851953125,0.61187890625
train_episode,648150,93.42666554450989,1.2498588053385418,,,,
train_episode,648300,92.77293819189072,0.6189329020182291,,,,
train_episode,648450,94.4568572640419,0.6303171793619792,,,,
train_episode,648600,93.82529532909393,0.6260902913411458,,,,
train_episode,648750,94.23550313711166,0.6287327067057291,,,,
train_episode,648900,93.59410500526428,0.62447998046875,,,,
train_episode,649050,93.97944992780685,0.6270404052734375,,,,
train_episode,649200,94.94556534290314,0.6334903971354167,,,,
train_episode,649350,93.42884248495102,0.6234556070963542,,,,
train_episode,649500,92.73595052957535,0.6187587483723959,,,,
train_episode,649650,93.83162319660187,0.6261153157552083,,,,
train_episode,649800,93.79048478603363,0.6259161376953125,,,,
train_episode,649950,94.36918967962265,0.6297823079427083,,,,
train_episode,650100,94.18426370620728,0.6283870442708334,,,,
train_episode,650250,95.18158853054047,0.63515625,,,,
train_episode,650400,96.49069100618362,0.64388916015625,,,,
train_episode,650550,97.23350858688354,0.64891357421875,,,,
train_episode,650700,97.38742917776108,0.6499959309895833,,,,
train_episode,650850,98.14046138525009,0.6549505615234374,,,,
train_episode,651000,98.47083407640457,0.6572328694661458,,,,
train_episode,651150,98.78164541721344,0.6592250569661459,,,,
train_episode,651300,99.3738186955452,0.663277587890625,,,,
train_episode,651450,99.19493502378464,0.6620477294921875,,,,
train_episode,651600,99.98207479715347,0.6673870849609375,,,,
train_episode,651750,101.56346559524536,0.6778928629557291,,,,
train_episode,651900,101.54262161254883,0.677818603515625,,,,
train_episode,652050,100.80196034908295,0.6728464762369791,,,,
train_episode,652200,100.1354968547821,0.6684541829427083,,,,
train_episode,652350,99.59534579515457,0.6648162841796875,,,,
train_episode,652500,100.34707546234131,0.6698486328125,,,,
train_episode,652650,102.45360213518143,0.683975830078125,,,,
train_episode,652800,100.21402925252914,0.6689131673177083,,,,
train_episode,652950,101.04739278554916,0.674559326171875,,,,
train_episode,653100,102.46835166215897,0.684033203125,,,,
train_episode,653250,100.8422224521637,0.67320556640625,,,,
train_episode,653400,99.77180951833725,0.6660524495442708,,,,
train_episode,653550,101.39442908763885,0.6768257649739583,,,,
train_episode,653700,101.13892471790314,0.6752119954427084,,,,
train_episode,653850,99.96060085296631,0.6673948160807291,,,,
train_episode,654000,100.11835581064224,0.668426513671875,,,,
eval,654000,,,,,90.52259114583333,0.6030052083333333
train_episode,654150,100.18558621406555,1.2861907958984375,,,,
train_episode,654300,102.00598078966141,0.6809804280598958,,,,
train_episode,654450,103.96355110406876,0.6941324869791666,,,,
train_episode,654600,103.22967398166656,0.6892195638020834,,,,
train_episode,654750,102.18904465436935,0.68223876953125,,,,
train_episode,654900,103.06727981567383,0.6881577555338542,,,,
train_episode,655050,101.68295156955719,0.6788470458984375,,,,
train_episode,655200,102.43515956401825,0.6839239501953125,,,,
train_episode,655350,102.53331381082535,0.6845646158854166,,,,
train_episode,655500,103.1988211274147,0.6889499918619791,,,,
train_episode,655650,102.336505651474,0.6831365966796875,,,,
train_episode,655800,102.03749489784241,0.6811649576822917,,,,
train_episode,655950,101.89292222261429,0.6802789306640625,,,,
train_episode,656100,102.65330868959427,0.6854374186197917,,,,
train_episode,656250,103.25250089168549,0.6894197591145833,,,,
train_episode,656400,104.29804384708405,0.6963673909505208,,,,
train_episode,656550,105.83315932750702,0.706627197265625,,,,
train_episode,656700,103.32935446500778,0.6899294026692708,,,,
train_episode,656850,104.41192531585693,0.6971645100911459,,,,
train_episode,657000,103.14288222789764,0.6886334228515625,,,,
train_episode,657150,103.16825169324875,0.6888728841145834,,,,
train_episode,657300,103.37458115816116,0.6901222737630208,,,,
train_episode,657450,102.74920529127121,0.6860194905598959,,,,
train_episode,657600,102.60928213596344,0.6850152587890626,,,,
train_episode,657750,102.33402317762375,0.6832255045572917,,,,
train_episode,657900,100.81648594141006,0.6730716959635417,,,,
train_episode,658050,103.06187772750854,0.6881290690104167,,,,
train_episode,658200,99.32171434164047,0.662933349609375,,,,
train_episode,658350,101.04292666912079,0.6745808919270834,,,,
train_episode,658500,100.14144706726074,0.6685459391276042,,,,
train_episode,658650,100.63108187913895,0.6717093912760417,,,,
train_episode,658800,100.47225779294968,0.6706797281901041,,,,
train_episode,658950,101.13035976886749,0.6752069091796875,,,,
train_episode,659100,100.15456974506378,0.6687493896484376,,,,
train_episode,659250,101.9026067852974,0.6803690592447916,,,,
train_episode,659400,102.95721262693405,0.6874973551432292,,,,
train_episode,659550,101.95548349618912,0.6807269287109375,,,,
train_episode,659700,104.23666149377823,0.6959975179036458,,,,
train_episode,659850,103.14663553237915,0.6887019856770833,,,,
train_episode,660000,104.90086728334427,0.7005287679036458,,,,
eval,660000,,,,,93.4330078125,0.6226835937499999
train_episode,660150,104.64266794919968,1.2852638753255208,,,,
train_episode,660300,104.8628523349762,0.7002703857421875,,,,
train_episode,660450,105.22635746002197,0.7026987711588542,,,,
train_episode,660600,104.62379777431488,0.6985205078125,,,,
train_episode,660750,103.55076956748962,0.6914449055989583,,,,
train_episode,660900,103.38997262716293,0.690311279296875,,,,
train_episode,661050,105.0383495092392,0.7013423665364583,,,,
train_episode,661200,103.27449363470078,0.6895579020182292,,,,
train_episode,661350,103.11552810668945,0.6886700439453125,,,,
train_episode,661500,102.4279254078865,0.6839095052083334,,,,
train_episode,661650,103.07498002052307,0.6882216389973959,,,,
train_episode,661800,103.66553592681885,0.692210693359375,,,,
train_episode,661950,102.83264970779419,0.6866398111979166,,,,
train_episode,662100,103.24839115142822,0.6893967692057291,,,,
train_episode,662250,103.26409703493118,0.6893717447916666,,,,
train_episode,662400,102.24364066123962,0.6826511637369792,,,,
train_episode,662550,101.96579855680466,0.680711669921875,,,,
train_episode,662700,101.86065500974655,0.6800901285807291,,,,
train_episode,662850,103.12961655855179,0.6886720784505208,,,,
train_episode,663000,102.66300284862518,0.6854551188151041,,,,
train_episode,663150,101.9978820681572,0.6810658772786459,,,,
train_episode,663300,103.47990697622299,0.6909739176432291,,,,
train_episode,663450,102.8564333319664,0.6867893473307292,,,,
train_episode,663600,101.93564689159393,0.6806235758463541,,,,
train_episode,663750,100.70620507001877,0.6724660237630208,,,,
train_episode,663900,104.09360587596893,0.695111083984375,,,,
train_episode,664050,103.50511461496353,0.6912640380859375,,,,
train_episode,664200,103.81092113256454,0.6932078043619792,,,,
train_episode,664350,103.79279381036758,0.6931488037109375,,,,
train_episode,664500,104.75479966402054,0.6995713297526042,,,,
train_episode,664650,105.32413494586945,0.7033909098307292,,,,
train_episode,664800,104.54104363918304,0.69822998046875,,,,
train_episode,664950,106.28249949216843,0.7098583984375,,,,
train_episode,665100,106.09508049488068,0.7087019856770833,,,,
train_episode,665250,107.36163073778152,0.717247314453125,,,,
train_episode,665400,107.74477970600128,0.7198960367838542,,,,
train_episode,665550,109.11499810218811,0.7290016682942708,,,,
train_episode,665700,107.5464757680893,0.7184332275390625,,,,
train_episode,665850,109.66538262367249,0.7327093505859374,,,,
train_episode,666000,108.28910118341446,0.7233854166666667,,,,
eval,666000,,,,,75.31861979166669,0.5007903645833334
train_episode,666150,109.12272942066193,1.206820271809896,,,,
train_episode,666300,109.98684561252594,0.7348978678385417,,,,
train_episode,666450,110.4125953912735,0.7377687581380208,,,,
train_episode,666600,109.81835687160492,0.7336891682942709,,,,
train_episode,666750,109.73742467164993,0.7331056722005208,,,,
train_episode,666900,108.93866765499115,0.7278470865885417,,,,
train_episode,667050,109.92723393440247,0.7343776448567708,,,,
train_episode,667200,110.66936987638474,0.7394358317057291,,,,
train_episode,667350,111.08164250850677,0.742265625,,,,
train_episode,667500,110.79203087091446,0.7402266438802083,,,,
train_episode,667650,111.90860766172409,0.7477705891927083,,,,
train_episode,667800,111.45215570926666,0.7447237141927083,,,,
train_episode,667950,111.11046200990677,0.7423270670572917,,,,
train_episode,668100,112.75896942615509,0.7535467529296875,,,,
train_episode,668250,113.40261620283127,0.7577683512369792,,,,
train_episode,668400,111.8841323852539,0.7475339762369791,,,,
train_episode,668550,111.37084758281708,0.7441636149088542,,,,
train_episode,668700,111.89048057794571,0.7476566569010417,,,,
train_episode,668850,111.2270278930664,0.7431003824869792,,,,
train_episode,669000,110.76077061891556,0.740025634765625,,,,
train_episode,669150,111.16555678844452,0.7427996826171875,,,,
train_episode,669300,111.0748775601387,0.7421940104166667,,,,
train_episode,669450,112.30162423849106,0.7503377278645833,,,,
train_episode,669600,110.72290819883347,0.7398299153645833,,,,
train_episode,669750,111.84569090604782,0.7473370361328125,,,,
train_episode,669900,111.20896220207214,0.7430118815104166,,,,
train_episode,670050,109.7256651520729,0.7330816650390625,,,,
train_episode,670200,110.68800675868988,0.7394938151041667,,,,
train_episode,670350,110.41116148233414,0.7376786295572917,,,,
train_episode,670500,110.05150175094604,0.7352447509765625,,,,
train_episode,670650,110.56268054246902,0.7386195882161458,,,,
train_episode,670800,109.86184531450272,0.7339652506510417,,,,
train_episode,670950,109.39659428596497,0.7308280436197917,,,,
train_episode,671100,107.33683031797409,0.7170023600260417,,,,
train_episode,671250,106.32208055257797,0.7101493326822916,,,,
train_episode,671400,106.09733879566193,0.7085040283203125,,,,
train_episode,671550,106.16133493185043,0.7090635172526042,,,,
train_episode,671700,105.16087728738785,0.7023573811848959,,,,
train_episode,671850,106.02937602996826,0.7082175699869792,,,,
train_episode,672000,105.54328227043152,0.7049151611328125,,,,
eval,672000,,,,,95.26582031249998,0.63565234375
train_episode,672150,107.12141698598862,1.3747666422526041,,,,
train_episode,672300,105.14138567447662,0.7021944173177084,,,,
train_episode,672450,106.32419663667679,0.7101027425130209,,,,
train_episode,672600,105.19712144136429,0.70257568359375,,,,
train_episode,672750,105.49219584465027,0.7046278889973958,,,,
train_episode,672900,107.1713240146637,0.7157159423828126,,,,
train_episode,673050,105.72077244520187,0.7061647542317708,,,,
train_episode,673200,107.01933616399765,0.7147007242838541,,,,
train_episode,673350,104.43444573879242,0.69757080078125,,,,
train_episode,673500,106.03353649377823,0.7081459554036459,,,,
train_episode,673650,103.83408433198929,0.6934962972005209,,,,
train_episode,673800,105.97868651151657,0.7078631591796875,,,,
train_episode,673950,105.41725426912308,0.7039607747395833,,,,
train_episode,674100,104.60652488470078,0.698687744140625,,,,
train_episode,674250,104.77273362874985,0.6997654215494792,,,,
train_episode,674400,107.04680156707764,0.7150374348958334,,,,
train_episode,674550,105.8344304561615,0.7069142659505209,,,,
train_episode,674700,104.91171061992645,0.7007859293619791,,,,
train_episode,674850,106.14253550767899,0.7089890543619791,,,,
train_episode,675000,104.72536039352417,0.6994089762369792,,,,
train_episode,675150,104.68324583768845,0.6991229248046875,,,,
train_episode,675300,105.01412808895111,0.7014095052083333,,,,
train_episode,675450,103.90792661905289,0.6939829508463542,,,,
train_episode,675600,104.56332194805145,0.6982743326822917,,,,
train_episode,675750,103.95072209835052,0.6942315673828126,,,,
train_episode,675900,104.42540287971497,0.697291259765625,,,,
train_episode,676050,105.02276408672333,0.7013722737630208,,,,
train_episode,676200,105.13943308591843,0.7021461995442708,,,,
train_episode,676350,105.13924938440323,0.7021730550130209,,,,
train_episode,676500,106.9400617480278,0.7142730712890625,,,,
train_episode,676650,105.59093028306961,0.7052614339192709,,,,
train_episode,676800,105.59034037590027,0.7051564534505208,,,,
train_episode,676950,107.21047765016556,0.7159759521484375,,,,
train_episode,677100,106.93904435634613,0.7143434651692708,,,,
train_episode,677250,107.0038331747055,0.7146614583333334,,,,
train_episode,677400,105.6252823472023,0.7054384358723959,,,,
train_episode,677550,106.99535924196243,0.714661865234375,,,,
train_episode,677700,106.69499516487122,0.7125889078776042,,,,
train_episode,677850,106.50799369812012,0.71135009765625,,,,
train_episode,678000,106.03489995002747,0.7081884765625,,,,
eval,678000,,,,,94.70638020833331,0.6320026041666666
train_episode,678150,107.11290317773819,1.3997440592447916,,,,
train_episode,678300,106.40111100673676,0.710682373046875,,,,
train_episode,678450,106.5284503698349,0.7116119384765625,,,,
train_episode,678600,106.34202927350998,0.7101883951822917,,,,
train_episode,678750,106.97754716873169,0.7144911702473958,,,,
train_episode,678900,106.83157151937485,0.7135550944010417,,,,
train_episode,679050,106.54006767272949,0.7115374755859375,,,,
train_episode,679200,107.93814885616302,0.72094482421875,,,,
train_episode,679350,106.13890516757965,0.7088787841796875,,,,
train_episode,679500,107.30740177631378,0.7166436767578125,,,,
train_episode,679650,106.32913076877594,0.7100362141927083,,,,
train_episode,679800,107.1646403670311,0.7156302897135417,,,,
train_episode,679950,108.32865160703659,0.7234674072265626,,,,
train_episode,680100,107.66375505924225,0.7189862060546875,,,,
train_episode,680250,107.58839756250381,0.7185205078125,,,,
train_episode,680400,105.83775615692139,0.7067978922526041,,,,
train_episode,680550,106.55123698711395,0.7115545654296875,,,,
train_episode,680700,106.37172251939774,0.710362548828125,,,,
train_episode,680850,107.14213925600052,0.7155265299479167,,,,
train_episode,681000,106.78724020719528,0.7130889892578125,,,,
train_episode,681150,107.29443210363388,0.7165299479166667,,,,
train_episode,681300,107.46137297153473,0.717633056640625,,,,
train_episode,681450,107.51309007406235,0.71794921875,,,,
train_episode,681600,107.66216897964478,0.7190397135416666,,,,
train_episode,681750,106.63120406866074,0.712069091796875,,,,
train_episode,681900,106.62557810544968,0.71210205078125,,,,
train_episode,682050,106.752002120018,0.7128969319661458,,,,
train_episode,682200,107.27794188261032,0.7164670817057291,,,,
train_episode,682350,107.01660007238388,0.71466796875,,,,
train_episode,682500,106.39320647716522,0.7105072021484375,,,,
train_episode,682650,106.08361607789993,0.7084552001953125,,,,
train_episode,682800,109.14917814731598,0.7289707438151042,,,,
train_episode,682950,108.46716129779816,0.724439697265625,,,,
train_episode,683100,107.76945853233337,0.719708251953125,,,,
train_episode,683250,108.423857152462,0.72416259765625,,,,
train_episode,683400,107.58578306436539,0.71849365234375,,,,
train_episode,683550,107.9813923239708,0.7211134847005208,,,,
train_episode,683700,108.5925270318985,0.7252248128255209,,,,
train_episode,683850,108.09713572263718,0.721927490234375,,,,
train_episode,684000,108.53791111707687,0.7249241129557291,,,,
eval,684000,,,,,94.80631510416663,0.63254296875
train_episode,684150,108.44299125671387,1.3453676350911459,,,,
train_episode,684300,109.15119248628616,0.7290179443359375,,,,
train_episode,684450,110.37248510122299,0.7371708170572917,,,,
train_episode,684600,108.46042692661285,0.724444580078125,,,,
train_episode,684750,109.06614011526108,0.7283347574869792,,,,
train_episode,684900,108.85819262266159,0.7270218912760417,,,,
train_episode,685050,109.3739201426506,0.7305523681640625,,,,
train_episode,685200,110.2140993475914,0.736131591796875,,,,
train_episode,685350,110.63418370485306,0.7389980061848959,,,,
train_episode,685500,111.33261978626251,0.7437538655598959,,,,
train_episode,685650,112.64597398042679,0.7525345865885417,,,,
train_episode,685800,111.42337882518768,0.7443239339192709,,,,
train_episode,685950,112.8587634563446,0.7538979085286458,,,,
train_episode,686100,112.48396652936935,0.7514156087239583,,,,
train_episode,686250,113.31395304203033,0.7568833414713542,,,,
train_episode,686400,113.21053957939148,0.7562359619140625,,,,
train_episode,686550,113.23567509651184,0.7564821370442708,,,,
train_episode,686700,112.74649852514267,0.7531435139973959,,,,
train_episode,686850,113.08050382137299,0.7553936767578125,,,,
train_episode,687000,111.32779783010483,0.743675537109375,,,,
train_episode,687150,112.6040427684784,0.7522035725911458,,,,
train_episode,687300,111.6925944685936,0.7460685221354166,,,,
train_episode,687450,111.11626017093658,0.7422393798828125,,,,
train_episode,687600,111.35174375772476,0.7437933349609375,,,,
train_episode,687750,112.32885533571243,0.7503719075520834,,,,
train_episode,687900,113.09223306179047,0.7555159505208333,,,,
train_episode,688050,112.73370170593262,0.7530946858723958,,,,
train_episode,688200,113.27572447061539,0.756680908203125,,,,
train_episode,688350,113.51822739839554,0.7582967122395833,,,,
train_episode,688500,113.92847502231598,0.7610911051432292,,,,
train_episode,688650,113.08585488796234,0.7554718017578125,,,,
train_episode,688800,112.61377781629562,0.7522184244791666,,,,
train_episode,688950,113.95733439922333,0.7613859049479167,,,,
train_episode,689100,113.20620554685593,0.7563087972005208,,,,
train_episode,689250,112.88662552833557,0.7541408284505209,,,,
train_episode,689400,113.87495803833008,0.7607682291666666,,,,
train_episode,689550,114.38215947151184,0.764188232421875,,,,
train_episode,689700,112.66710215806961,0.7526218668619792,,,,
train_episode,689850,113.91551601886749,0.7609181722005208,,,,
train_episode,690000,113.11139756441116,0.7556306966145834,,,,
eval,690000,,,,,97.5770833333333,0.6505703125
train_episode,690150,112.28027248382568,1.399698486328125,,,,
train_episode,690300,112.76092392206192,0.7532373046875,,,,
train_episode,690450,112.4358606338501,0.7510219319661459,,,,
train_episode,690600,111.8111561536789,0.7468585205078125,,,,
train_episode,690750,111.8780397772789,0.7473114013671875,,,,
train_episode,690900,111.68441599607468,0.7459822591145834,,,,
train_episode,691050,111.58293533325195,0.7453483072916667,,,,
train_episode,691200,111.62587267160416,0.7455605061848959,,,,
train_episode,691350,111.69215750694275,0.7459608968098959,,,,
train_episode,691500,110.2835682630539,0.7365834554036458,,,,
train_episode,691650,109.85100132226944,0.7337233479817709,,,,
train_episode,691800,110.4455441236496,0.7376224772135417,,,,
train_episode,691950,110.60553872585297,0.7386393229166667,,,,
train_episode,692100,111.38327938318253,0.7438975016276042,,,,
train_episode,692250,110.77095395326614,0.7398899332682292,,,,
train_episode,692400,109.58135938644409,0.7317679850260417,,,,
train_episode,692550,110.10105258226395,0.7352508544921875,,,,
train_episode,692700,109.81037205457687,0.7334124755859375,,,,
train_episode,692850,110.58019930124283,0.7384684244791667,,,,
train_episode,693000,109.93823111057281,0.7342647298177083,,,,
train_episode,693150,109.32159304618835,0.7300687662760417,,,,
train_episode,693300,109.60451054573059,0.7320041910807291,,,,
train_episode,693450,110.4920534491539,0.737886962890625,,,,
train_episode,693600,110.62075614929199,0.7387164306640625,,,,
train_episode,693750,109.95786416530609,0.7343560791015625,,,,
train_episode,693900,111.11460214853287,0.7420530192057292,,,,
train_episode,694050,110.56405520439148,0.73845947265625,,,,
train_episode,694200,111.01838022470474,0.741546630859375,,,,
train_episode,694350,110.31371939182281,0.7368290201822917,,,,
train_episode,694500,110.91995108127594,0.7407973225911458,,,,
train_episode,694650,111.23009121417999,0.7429085286458333,,,,
train_episode,694800,111.27297812700272,0.7431349690755208,,,,
train_episode,694950,111.74986654520035,0.746429443359375,,,,
train_episode,695100,110.79365926980972,0.7398809814453124,,,,
train_episode,695250,111.69541335105896,0.7460030110677084,,,,
train_episode,695400,112.46113926172256,0.7511378987630208,,,,
train_episode,695550,112.77117794752121,0.7532596842447916,,,,
train_episode,695700,113.16242343187332,0.7558217366536458,,,,
train_episode,695850,112.55841904878616,0.7518060302734375,,,,
train_episode,696000,112.67578011751175,0.7526816813151042,,,,
eval,696000,,,,,98.91575520833334,0.6595638020833333
train_episode,696150,112.29812443256378,1.4199216715494791,,,,
train_episode,696300,113.42088705301285,0.7576798502604166,,,,
train_episode,696450,113.59707522392273,0.75873779296875,,,,
train_episode,696600,112.58057510852814,0.7519020589192709,,,,
train_episode,696750,112.08608841896057,0.7485563151041666,,,,
train_episode,696900,111.69010257720947,0.7460186767578125,,,,
train_episode,697050,112.95983719825745,0.7545100911458333,,,,
train_episode,697200,112.93558597564697,0.7544114176432292,,,,
train_episode,697350,114.00655949115753,0.7615195719401041,,,,
train_episode,697500,113.48640817403793,0.7580507405598959,,,,
train_episode,697650,113.52591866254807,0.7582615152994792,,,,
train_episode,697800,114.07330161333084,0.7619594319661458,,,,
train_episode,697950,113.61741054058075,0.7589170328776041,,,,
train_episode,698100,113.07710641622543,0.7553104654947916,,,,
train_episode,698250,113.15738850831985,0.7557853190104167,,,,
train_episode,698400,114.32415646314621,0.7636787923177083,,,,
train_episode,698550,112.72190231084824,0.752939453125,,,,
train_episode,698700,113.44998043775558,0.7577726236979166,,,,
train_episode,698850,113.57201987504959,0.7586448160807292,,,,
train_episode,699000,113.70269638299942,0.7594551595052084,,,,
train_episode,699150,112.92634958028793,0.7543011474609375,,,,
train_episode,699300,112.53482991456985,0.7517451985677084,,,,
train_episode,699450,113.10147935152054,0.7554829915364584,,,,
train_episode,699600,113.64019584655762,0.7591001383463541,,,,
train_episode,699750,113.32237643003464,0.7569352213541667,,,,
train_episode,699900,112.92122286558151,0.7542903645833333,,,,
train_episode,700050,113.10019814968109,0.7554205322265625,,,,
train_episode,700200,113.00843214988708,0.7547642008463542,,,,
train_episode,700350,112.86642390489578,0.7538688151041667,,,,
train_episode,700500,113.12830477952957,0.7555411783854167,,,,
train_episode,700650,112.87028884887695,0.7538212076822917,,,,
train_episode,700800,112.86303555965424,0.753876953125,,,,
train_episode,700950,113.34779769182205,0.7570050048828125,,,,
train_episode,701100,112.74878799915314,0.7530411783854166,,,,
train_episode,701250,112.5364779829979,0.7516796875,,,,
train_episode,701400,113.65395003557205,0.7590590413411459,,,,
train_episode,701550,112.01442390680313,0.7481551106770833,,,,
train_episode,701700,112.62348365783691,0.752308349609375,,,,
train_episode,701850,112.64612698554993,0.7524481201171875,,,,
train_episode,702000,112.7153308391571,0.7528483072916666,,,,
eval,702000,,,,,106.3203125,0.7094140624999999
