type,step,episode_reward,mean_episode_fC,actor_loss,critic_loss,eval_reward,eval_mean_fC
train_episode,150,119.56693333333338,0.7978453333333339,,,,
train_episode,300,120.39466666666677,0.8036053333333335,,,,
train_episode,450,124.97813333333335,0.8345919999999997,,,,
train_episode,600,135.0693333333333,0.9029973333333338,,,,
train_episode,750,130.24106666666663,0.8694613333333333,,,,
train_episode,900,132.19413333333333,0.8824639999999999,,,,
train_episode,1050,130.5413333333333,0.871456,,,,
train_episode,1200,135.67093333333332,0.9064000000000001,,,,
train_episode,1350,136.5434666666666,0.9123733333333333,,,,
train_episode,1500,136.45706666666666,0.9117013333333341,,,,
train_episode,1650,131.09759999999997,0.8751893333333337,,,,
train_episode,1800,110.46666666666665,0.7378879999999998,,,,
train_episode,1950,110.65013333333337,0.7383786666666668,,,,
train_episode,2100,110.24319999999997,0.7358826666666664,,,,
train_episode,2250,112.62240000000007,0.751658666666667,,,,
train_episode,2400,113.2330666666666,0.7559359999999999,,,,
train_episode,2550,114.91146666666671,0.7679573333333335,,,,
train_episode,2700,115.9402666666666,0.7743573333333331,,,,
train_episode,2850,111.06826666666672,0.7414506666666664,,,,
train_episode,3000,107.19573333333334,0.7152426666666665,,,,
train_episode,3150,106.73013333333333,0.7123519999999999,,,,
train_episode,3300,102.11733333333329,0.6814719999999999,,,,
train_episode,3450,97.69866666666661,0.6515839999999998,,,,
train_episode,3600,94.06453333333336,0.6274560000000001,,,,
train_episode,3750,88.3125333333333,0.5884373333333334,,,,
train_episode,3900,82.88746666666664,0.5522666666666665,,,,
train_episode,4050,77.05653333333335,0.5129599999999995,,,,
train_episode,4200,58.82079999999997,0.3895466666666664,,,,
train_episode,4350,36.222399999999986,0.23769600000000007,,,,
train_episode,4500,27.939733333333322,0.1828373333333332,,,,
train_episode,4650,21.817066666666637,0.1423999999999999,,,,
train_episode,4800,15.83466666666666,0.10188799999999991,,,,
train_episode,4950,15.968533333333323,0.10297599999999994,,,,
train_episode,5100,10.994666666666674,0.07017600000000006,,,,
train_episode,5250,17.336533333333332,0.11213866666666665,,,,
train_episode,5400,11.855466666666658,0.07583999999999998,,,,
train_episode,5550,16.582933333333333,0.10729599999999996,,,,
train_episode,5700,18.02133333333332,0.11674666666666655,,,,
train_episode,5850,20.350933333333316,0.1321066666666665,,,,
train_episode,6000,17.238399999999984,0.11131733333333327,,,,
eval,6000,,,,,15.148053333333337,0.09751466666666667
train_episode,6150,21.885333333333346,0.1422506666666668,,,,
train_episode,6300,30.570666666666646,0.20094933333333317,,,,
train_episode,6450,39.272533333333314,0.2581226666666666,,,,
train_episode,6600,43.92053333333331,0.28967466666666664,,,,
train_episode,6750,55.2725333333333,0.36576000000000003,,,,
train_episode,6900,64.68853333333331,0.4292480000000001,,,,
train_episode,7050,70.86346666666668,0.47063466666666653,,,,
train_episode,7200,70.93119999999999,0.47122133333333316,,,,
train_episode,7350,67.52479999999998,0.44892800000000005,,,,
train_episode,7500,77.7792,0.5170773333333334,,,,
train_episode,7650,58.253866666666646,0.3858026666666664,,,,
train_episode,7800,80.61866666666666,0.5359893333333335,,,,
train_episode,7950,87.5285333333333,0.5832746666666667,,,,
train_episode,8100,89.89226666666669,0.5984533333333334,,,,
train_episode,8250,95.02773333333336,0.6332693333333332,,,,
train_episode,8400,90.56320000000004,0.6029973333333332,,,,
train_episode,8550,94.24693333333332,0.6278613333333333,,,,
train_episode,8700,96.68266666666665,0.6443733333333336,,,,
train_episode,8850,103.49119999999998,0.690656,,,,
train_episode,9000,102.32906666666668,0.6823893333333334,,,,
train_episode,9150,104.20533333333333,0.6954879999999999,,,,
train_episode,9300,108.19573333333331,0.7219200000000002,,,,
train_episode,9450,117.05600000000007,0.7809813333333329,,,,
train_episode,9600,99.18986666666667,0.6611413333333331,,,,
train_episode,9750,80.95946666666666,0.5386879999999997,,,,
train_episode,9900,36.57226666666668,0.23980800000000002,,,,
train_episode,10050,14.933333333333328,0.09608533333333333,,,,
train_episode,10200,22.284266666666653,0.1450879999999999,,,,
train_episode,10350,19.557333333333332,0.12709333333333336,,,,
train_episode,10500,13.014400000000004,0.08343466666666668,,,,
train_episode,10650,17.280000000000012,0.11149866666666668,,,,
train_episode,10800,18.229866666666663,0.11786666666666662,,,,
train_episode,10950,16.772266666666663,0.10833066666666664,,,,
train_episode,11100,20.540800000000004,0.13328000000000004,,,,
train_episode,11250,15.28533333333333,0.09815466666666663,,,,
train_episode,11400,14.235199999999999,0.09096533333333337,,,,
train_episode,11550,13.07946666666666,0.08335999999999992,,,,
train_episode,11700,6.988266666666664,0.042943999999999975,,,,
train_episode,11850,8.273599999999988,0.05182933333333322,,,,
train_episode,12000,10.873066666666661,0.06888533333333328,,,,
eval,12000,,,,,8.35338666666666,0.052132266666666614
train_episode,12150,8.180800000000003,0.0510506666666667,,,,
train_episode,12300,9.145066666666645,0.057557333333333176,,,,
train_episode,12450,8.861866666666659,0.055573333333333266,,,,
train_episode,12600,9.562133333333325,0.06022399999999994,,,,
train_episode,12750,8.698133333333324,0.05447466666666661,,,,
train_episode,12900,8.36853333333333,0.052394666666666666,,,,
train_episode,13050,9.44639999999999,0.0595413333333333,,,,
train_episode,13200,8.946666666666669,0.05609599999999999,,,,
train_episode,13350,9.454933333333335,0.059658666666666665,,,,
train_episode,13500,11.448000000000002,0.07268266666666669,,,,
train_episode,13650,21.020266666666675,0.1360746666666667,,,,
train_episode,13800,23.03840000000002,0.1498133333333335,,,,
train_episode,13950,18.006400000000014,0.11645866666666677,,,,
train_episode,14100,18.569600000000023,0.12030933333333343,,,,
train_episode,14250,21.52800000000002,0.13990400000000014,,,,
train_episode,14400,18.421866666666677,0.11932800000000007,,,,
train_episode,14550,18.994133333333316,0.12314666666666653,,,,
train_episode,14700,16.70613333333331,0.10762666666666644,,,,
train_episode,14850,14.410133333333325,0.0926186666666666,,,,
train_episode,15000,18.234666666666683,0.11782400000000007,,,,
train_episode,15150,15.731200000000008,0.10149333333333334,,,,
train_episode,15300,11.637333333333324,0.07375999999999992,,,,
train_episode,15450,12.791999999999994,0.08191999999999995,,,,
train_episode,15600,17.41173333333334,0.11222400000000003,,,,
train_episode,15750,11.215999999999992,0.07145599999999995,,,,
train_episode,15900,14.402133333333333,0.09253333333333336,,,,
train_episode,16050,8.376,0.052448000000000036,,,,
train_episode,16200,8.936533333333326,0.05628799999999995,,,,
train_episode,16350,9.444266666666664,0.059359999999999975,,,,
train_episode,16500,9.023466666666666,0.05668266666666664,,,,
train_episode,16650,7.921066666666669,0.04932266666666667,,,,
train_episode,16800,14.443200000000003,0.09239466666666665,,,,
train_episode,16950,6.1152,0.03735466666666667,,,,
train_episode,17100,10.463466666666651,0.06611199999999991,,,,
train_episode,17250,8.730133333333333,0.054762666666666654,,,,
train_episode,17400,6.326933333333334,0.03861333333333335,,,,
train_episode,17550,11.733333333333325,0.07435733333333326,,,,
train_episode,17700,12.16693333333335,0.07763200000000006,,,,
train_episode,17850,11.03893333333333,0.07008,,,,
train_episode,18000,15.453333333333344,0.0996693333333334,,,,
eval,18000,,,,,14.345066666666659,0.09203626666666662
train_episode,18150,20.758933333333342,0.1349333333333334,,,,
train_episode,18300,41.1792,0.2708266666666666,,,,
train_episode,18450,54.630399999999995,0.361546666666667,,,,
train_episode,18600,53.10400000000002,0.351552,,,,
train_episode,18750,51.60320000000001,0.34087466666666655,,,,
train_episode,18900,30.53760000000002,0.19980800000000012,,,,
train_episode,19050,20.27253333333332,0.13164799999999988,,,,
train_episode,19200,10.133866666666663,0.06401066666666665,,,,
train_episode,19350,5.496533333333335,0.033301333333333336,,,,
train_episode,19500,5.378666666666667,0.03263999999999999,,,,
train_episode,19650,8.756799999999991,0.054751999999999974,,,,
train_episode,19800,6.5104000000000015,0.039968,,,,
train_episode,19950,4.216533333333325,0.024853333333333314,,,,
train_episode,20100,5.612266666666667,0.033909333333333326,,,,
train_episode,20250,5.093866666666669,0.030602666666666677,,,,
train_episode,20400,3.5482666666666667,0.02032,,,,
train_episode,20550,6.133866666666668,0.03744,,,,
train_episode,20700,6.589333333333333,0.04024533333333333,,,,
train_episode,20850,8.239466666666663,0.051328,,,,
train_episode,21000,4.9856,0.029578666666666666,,,,
train_episode,21150,6.147199999999996,0.037375999999999986,,,,
train_episode,21300,5.4997333333333325,0.033237333333333334,,,,
train_episode,21450,5.818666666666664,0.035178666666666664,,,,
train_episode,21600,6.135466666666665,0.03741866666666666,,,,
train_episode,21750,7.731199999999999,0.04778666666666668,,,,
train_episode,21900,7.093866666666659,0.043818666666666624,,,,
train_episode,22050,6.159466666666667,0.037632000000000006,,,,
train_episode,22200,5.451733333333337,0.032778666666666685,,,,
train_episode,22350,6.341333333333334,0.03879466666666668,,,,
train_episode,22500,10.957866666666657,0.06907733333333328,,,,
train_episode,22650,6.3109333333333355,0.03873066666666669,,,,
train_episode,22800,7.445333333333334,0.04617600000000001,,,,
train_episode,22950,7.62346666666667,0.04732800000000004,,,,
train_episode,23100,24.12533333333334,0.1579306666666667,,,,
train_episode,23250,46.25920000000003,0.30532266666666674,,,,
train_episode,23400,38.19626666666667,0.2513066666666668,,,,
train_episode,23550,53.1936,0.35178666666666647,,,,
train_episode,23700,47.45653333333334,0.3135893333333334,,,,
train_episode,23850,51.798400000000015,0.343136,,,,
train_episode,24000,82.42666666666672,0.5490453333333335,,,,
eval,24000,,,,,72.83104,0.4849514666666668
train_episode,24150,78.15466666666663,0.5203626666666669,,,,
train_episode,24300,91.0122666666667,0.606250666666667,,,,
train_episode,24450,97.79466666666664,0.6523626666666665,,,,
train_episode,24600,112.15786666666666,0.7484053333333333,,,,
train_episode,24750,103.3157333333333,0.689376,,,,
train_episode,24900,108.73600000000003,0.7258773333333332,,,,
train_episode,25050,111.8746666666667,0.7466346666666666,,,,
train_episode,25200,109.64160000000005,0.7317973333333334,,,,
train_episode,25350,112.62026666666665,0.7517866666666666,,,,
train_episode,25500,117.73226666666666,0.7853013333333339,,,,
train_episode,25650,121.17493333333334,0.8083093333333331,,,,
train_episode,25800,117.8090666666666,0.7863680000000001,,,,
train_episode,25950,119.26666666666668,0.7959146666666664,,,,
train_episode,26100,119.80266666666672,0.800064,,,,
train_episode,26250,115.63360000000007,0.7720106666666665,,,,
train_episode,26400,117.50666666666673,0.7838506666666665,,,,
train_episode,26550,112.58186666666671,0.7515413333333334,,,,
train_episode,26700,111.90346666666666,0.7468053333333333,,,,
train_episode,26850,111.82026666666663,0.7464533333333329,,,,
train_episode,27000,114.90133333333335,0.7666026666666664,,,,
train_episode,27150,114.94720000000001,0.7675413333333332,,,,
train_episode,27300,113.82186666666666,0.7596053333333331,,,,
train_episode,27450,112.57759999999999,0.751370666666667,,,,
train_episode,27600,113.35199999999999,0.7564906666666662,,,,
train_episode,27750,115.31786666666666,0.7694826666666668,,,,
train_episode,27900,116.3589333333334,0.7768,,,,
train_episode,28050,115.08266666666664,0.7683519999999996,,,,
train_episode,28200,114.10453333333331,0.7619093333333335,,,,
train_episode,28350,118.18239999999997,0.7891733333333331,,,,
train_episode,28500,114.67946666666667,0.7653653333333336,,,,
train_episode,28650,114.17493333333324,0.762624,,,,
train_episode,28800,117.53973333333337,0.7845013333333329,,,,
train_episode,28950,114.17066666666669,0.7620373333333336,,,,
train_episode,29100,105.58293333333336,0.7047146666666666,,,,
train_episode,29250,104.8074666666667,0.698890666666667,,,,
train_episode,29400,109.8752,0.7333759999999999,,,,
train_episode,29550,112.43626666666664,0.7508693333333336,,,,
train_episode,29700,117.93333333333334,0.7870613333333336,,,,
train_episode,29850,116.09973333333333,0.7749973333333332,,,,
train_episode,30000,117.02346666666668,0.7814506666666662,,,,
eval,30000,,,,,113.86399999999999,0.7597759999999999
train_episode,30150,111.0026666666667,0.7405973333333334,,,,
train_episode,30300,113.66293333333338,0.7586773333333333,,,,
train_episode,30450,113.76373333333333,0.7593386666666666,,,,
train_episode,30600,114.21706666666668,0.7621546666666663,,,,
train_episode,30750,116.54453333333339,0.7782826666666669,,,,
train_episode,30900,115.48373333333332,0.7707413333333328,,,,
train_episode,31050,116.2458666666667,0.7754666666666669,,,,
train_episode,31200,116.95786666666666,0.7809066666666665,,,,
train_episode,31350,113.79999999999997,0.7597333333333339,,,,
train_episode,31500,114.83359999999999,0.7662826666666664,,,,
train_episode,31650,111.9317333333334,0.7466879999999999,,,,
train_episode,31800,112.22773333333332,0.7486400000000001,,,,
train_episode,31950,110.48373333333332,0.736810666666667,,,,
train_episode,32100,111.64960000000004,0.7446826666666666,,,,
train_episode,32250,111.63733333333334,0.7449066666666663,,,,
train_episode,32400,110.24639999999997,0.7354026666666664,,,,
train_episode,32550,111.56266666666667,0.744224,,,,
train_episode,32700,111.96960000000003,0.7469866666666665,,,,
train_episode,32850,111.33120000000002,0.7420266666666667,,,,
train_episode,33000,111.74933333333334,0.7452480000000002,,,,
train_episode,33150,111.19679999999998,0.7418773333333327,,,,
train_episode,33300,112.23946666666667,0.7489920000000002,,,,
train_episode,33450,110.64746666666665,0.7383680000000002,,,,
train_episode,33600,112.5141333333333,0.7507519999999996,,,,
train_episode,33750,110.73280000000003,0.7382826666666669,,,,
train_episode,33900,111.42880000000004,0.7434773333333333,,,,
train_episode,34050,111.11626666666662,0.7414186666666667,,,,
train_episode,34200,114.19360000000002,0.7620159999999998,,,,
train_episode,34350,110.43306666666666,0.7369813333333333,,,,
train_episode,34500,113.70399999999997,0.7590186666666673,,,,
train_episode,34650,108.4266666666666,0.7233066666666669,,,,
train_episode,34800,115.13920000000002,0.768384,,,,
train_episode,34950,113.35786666666665,0.756394666666667,,,,
train_episode,35100,113.3824,0.7569600000000002,,,,
train_episode,35250,113.85120000000003,0.7600853333333328,,,,
train_episode,35400,112.93813333333333,0.753461333333333,,,,
train_episode,35550,110.77759999999998,0.7387946666666664,,,,
train_episode,35700,114.79253333333332,0.7659733333333334,,,,
train_episode,35850,112.60960000000006,0.7512746666666665,,,,
train_episode,36000,110.96586666666666,0.7404373333333335,,,,
eval,36000,,,,,111.76928000000001,0.7458560000000002
train_episode,36150,112.17333333333332,0.7488106666666671,,,,
train_episode,36300,109.69706666666666,0.732213333333333,,,,
train_episode,36450,115.08959999999996,0.7682880000000003,,,,
train_episode,36600,110.99146666666674,0.7403946666666664,,,,
train_episode,36750,108.37813333333338,0.7229333333333334,,,,
train_episode,36900,109.05493333333331,0.7276693333333332,,,,
train_episode,37050,105.09226666666663,0.7008213333333327,,,,
train_episode,37200,107.60480000000003,0.7179199999999998,,,,
train_episode,37350,106.256,0.7085119999999999,,,,
train_episode,37500,100.99093333333334,0.6737920000000004,,,,
train_episode,37650,108.9808,0.7276053333333331,,,,
train_episode,37800,109.19199999999995,0.7282986666666668,,,,
train_episode,37950,103.6090666666667,0.6916693333333338,,,,
train_episode,38100,109.04053333333339,0.7273706666666672,,,,
train_episode,38250,107.49173333333331,0.7171093333333329,,,,
train_episode,38400,104.71733333333331,0.6983680000000001,,,,
train_episode,38550,111.91519999999998,0.7469546666666664,,,,
train_episode,38700,110.22933333333334,0.7358826666666666,,,,
train_episode,38850,106.98613333333336,0.7137706666666664,,,,
train_episode,39000,112.47520000000004,0.7506453333333334,,,,
train_episode,39150,108.88106666666667,0.7262826666666669,,,,
train_episode,39300,109.46079999999992,0.7305066666666669,,,,
train_episode,39450,107.70453333333333,0.7188373333333329,,,,
train_episode,39600,109.99893333333328,0.7342933333333334,,,,
train_episode,39750,105.12533333333332,0.7014826666666668,,,,
train_episode,39900,114.69813333333339,0.7656106666666671,,,,
train_episode,40050,109.61653333333334,0.7319146666666669,,,,
train_episode,40200,111.69493333333331,0.7452373333333332,,,,
train_episode,40350,105.91626666666667,0.7068053333333332,,,,
train_episode,40500,107.08960000000003,0.7144533333333335,,,,
train_episode,40650,106.42186666666666,0.7103786666666666,,,,
train_episode,40800,105.82346666666668,0.7061226666666666,,,,
train_episode,40950,104.31199999999997,0.6965759999999998,,,,
train_episode,41100,105.32639999999999,0.702912,,,,
train_episode,41250,105.8624,0.7065813333333334,,,,
train_episode,41400,109.128,0.7283093333333335,,,,
train_episode,41550,107.05333333333334,0.7144746666666668,,,,
train_episode,41700,107.78719999999998,0.7192533333333334,,,,
train_episode,41850,105.88480000000001,0.706549333333333,,,,
train_episode,42000,108.30826666666668,0.7223146666666664,,,,
eval,42000,,,,,106.85642666666668,0.7130751999999998
train_episode,42150,107.80106666666666,0.7191146666666669,,,,
train_episode,42300,108.80693333333336,0.7261546666666667,,,,
train_episode,42450,108.72480000000002,0.7251519999999997,,,,
train_episode,42600,107.93973333333338,0.7201813333333333,,,,
train_episode,42750,108.0773333333334,0.7213333333333336,,,,
train_episode,42900,107.42559999999999,0.7166933333333328,,,,
train_episode,43050,110.6181333333334,0.7381653333333335,,,,
train_episode,43200,108.17973333333335,0.7223999999999999,,,,
train_episode,43350,109.61280000000005,0.7315200000000001,,,,
train_episode,43500,109.50399999999993,0.7309759999999993,,,,
train_episode,43650,111.29279999999999,0.7429653333333329,,,,
train_episode,43800,107.37226666666672,0.7164373333333338,,,,
train_episode,43950,107.45440000000006,0.7167786666666668,,,,
train_episode,44100,105.46559999999997,0.7038293333333336,,,,
train_episode,44250,107.09386666666664,0.7147839999999998,,,,
train_episode,44400,106.36160000000004,0.7093226666666669,,,,
train_episode,44550,107.7349333333333,0.7185919999999998,,,,
train_episode,44700,105.90026666666668,0.7064640000000003,,,,
train_episode,44850,105.44266666666663,0.7040426666666667,,,,
train_episode,45000,105.08800000000002,0.7011093333333334,,,,
train_episode,45150,105.39733333333336,0.7031253333333335,,,,
train_episode,45300,103.60693333333329,0.6913386666666664,,,,
train_episode,45450,105.6751999999999,0.7048640000000003,,,,
train_episode,45600,102.90399999999995,0.6861546666666667,,,,
train_episode,45750,105.01333333333334,0.7003520000000001,,,,
train_episode,45900,101.67946666666674,0.6783893333333335,,,,
train_episode,46050,103.04373333333338,0.6874133333333332,,,,
train_episode,46200,101.35786666666671,0.6758293333333333,,,,
train_episode,46350,101.09546666666665,0.6746133333333333,,,,
train_episode,46500,102.64853333333329,0.6847893333333332,,,,
train_episode,46650,101.65546666666675,0.6781333333333335,,,,
train_episode,46800,104.40213333333328,0.6964586666666667,,,,
train_episode,46950,102.50986666666668,0.6842026666666667,,,,
train_episode,47100,97.06826666666669,0.6477440000000003,,,,
train_episode,47250,100.75626666666666,0.6721706666666669,,,,
train_episode,47400,97.79520000000004,0.6521919999999999,,,,
train_episode,47550,97.51839999999999,0.6504533333333335,,,,
train_episode,47700,98.10933333333332,0.6541653333333329,,,,
train_episode,47850,99.76640000000005,0.6658026666666665,,,,
train_episode,48000,96.47306666666667,0.6432213333333334,,,,
eval,48000,,,,,97.53056,0.6503872
train_episode,48150,95.61706666666663,0.6376959999999999,,,,
train_episode,48300,96.22186666666667,0.641696,,,,
train_episode,48450,97.03200000000001,0.6469013333333333,,,,
train_episode,48600,95.66506666666668,0.6378773333333333,,,,
train_episode,48750,91.92319999999998,0.6128853333333332,,,,
train_episode,48900,92.77333333333333,0.6189653333333334,,,,
train_episode,49050,93.2906666666667,0.6219093333333338,,,,
train_episode,49200,90.75626666666668,0.6050559999999999,,,,
train_episode,49350,90.10133333333329,0.6009279999999998,,,,
train_episode,49500,91.38666666666671,0.6091413333333334,,,,
train_episode,49650,87.22079999999998,0.5813866666666668,,,,
train_episode,49800,84.94400000000002,0.5656426666666666,,,,
train_episode,49950,81.77439999999996,0.5449386666666668,,,,
train_episode,50100,87.31840000000004,0.5821866666666667,,,,
train_episode,50250,88.16373333333335,0.5876053333333329,,,,
train_episode,50400,84.47519999999996,0.5629439999999999,,,,
train_episode,50550,83.73386666666666,0.5578879999999999,,,,
train_episode,50700,89.21280000000002,0.5946666666666668,,,,
train_episode,50850,87.10293333333333,0.5797760000000002,,,,
train_episode,51000,83.15306666666669,0.5541866666666667,,,,
train_episode,51150,78.72000000000001,0.5242986666666666,,,,
train_episode,51300,79.54933333333335,0.5295466666666667,,,,
train_episode,51450,71.57226666666666,0.4767360000000002,,,,
train_episode,51600,76.6048,0.5094826666666669,,,,
train_episode,51750,79.85119999999992,0.5317333333333333,,,,
train_episode,51900,80.92160000000001,0.5389546666666667,,,,
train_episode,52050,77.4533333333333,0.515893333333333,,,,
train_episode,52200,74.7888,0.49799466666666653,,,,
train_episode,52350,73.6293333333333,0.4894186666666665,,,,
train_episode,52500,73.55840000000002,0.48959999999999987,,,,
train_episode,52650,70.72960000000003,0.4706559999999999,,,,
train_episode,52800,70.50826666666666,0.469024,,,,
train_episode,52950,73.04799999999999,0.48579199999999984,,,,
train_episode,53100,64.45120000000001,0.4279146666666667,,,,
train_episode,53250,69.84693333333334,0.464448,,,,
train_episode,53400,66.17439999999999,0.4404799999999999,,,,
train_episode,53550,71.17013333333333,0.47324799999999984,,,,
train_episode,53700,68.59253333333334,0.4562560000000001,,,,
train_episode,53850,63.75573333333334,0.42403200000000013,,,,
train_episode,54000,68.30613333333334,0.45379199999999986,,,,
eval,54000,,,,,68.82826666666666,0.4575957333333333
train_episode,54150,71.78773333333334,0.4773653333333337,,,,
train_episode,54300,68.89013333333332,0.45836799999999994,,,,
train_episode,54450,70.1333333333333,0.46612266666666663,,,,
train_episode,54600,70.38879999999997,0.4683306666666667,,,,
train_episode,54750,68.77386666666666,0.45741866666666653,,,,
train_episode,54900,72.90079999999998,0.4851306666666668,,,,
train_episode,55050,71.83466666666659,0.4778133333333333,,,,
train_episode,55200,67.20160000000003,0.44677333333333336,,,,
train_episode,55350,68.37759999999997,0.45463466666666646,,,,
train_episode,55500,67.43893333333332,0.4480959999999999,,,,
train_episode,55650,70.89333333333333,0.4715519999999999,,,,
train_episode,55800,70.09653333333333,0.46630400000000016,,,,
train_episode,55950,72.35519999999998,0.48196266666666676,,,,
train_episode,56100,64.08106666666667,0.42558933333333343,,,,
train_episode,56250,66.50506666666665,0.4424853333333334,,,,
train_episode,56400,69.95626666666666,0.46553600000000006,,,,
train_episode,56550,72.10933333333331,0.4797866666666668,,,,
train_episode,56700,68.71680000000003,0.45724800000000004,,,,
train_episode,56850,71.28053333333332,0.47424,,,,
train_episode,57000,65.85759999999999,0.43803733333333345,,,,
train_episode,57150,67.6032,0.44982399999999995,,,,
train_episode,57300,68.49600000000002,0.45537066666666653,,,,
train_episode,57450,64.93706666666671,0.43182933333333334,,,,
train_episode,57600,67.76746666666666,0.450496,,,,
train_episode,57750,68.0181333333333,0.45228799999999997,,,,
train_episode,57900,67.92106666666662,0.4514133333333333,,,,
train_episode,58050,66.39413333333333,0.44167466666666666,,,,
train_episode,58200,68.96746666666662,0.45890133333333305,,,,
train_episode,58350,61.94826666666666,0.41177600000000003,,,,
train_episode,58500,62.79360000000001,0.41704533333333343,,,,
train_episode,58650,64.83626666666669,0.43127466666666675,,,,
train_episode,58800,63.27359999999997,0.41999999999999993,,,,
train_episode,58950,59.65493333333335,0.39623466666666657,,,,
train_episode,59100,57.97866666666664,0.38469333333333344,,,,
train_episode,59250,59.72800000000001,0.3961066666666667,,,,
train_episode,59400,58.55413333333334,0.3889706666666667,,,,
train_episode,59550,56.623466666666694,0.3760319999999999,,,,
train_episode,59700,54.402133333333325,0.36031999999999986,,,,
train_episode,59850,44.402133333333325,0.2935786666666668,,,,
train_episode,60000,45.015466666666676,0.29771733333333344,,,,
eval,60000,,,,,44.903893333333336,0.2966336000000001
train_episode,60150,41.39093333333331,0.2733226666666663,,,,
train_episode,60300,50.4272,0.3336426666666669,,,,
train_episode,60450,40.41759999999999,0.26648533333333346,,,,
train_episode,60600,40.95946666666667,0.2705493333333333,,,,
train_episode,60750,41.788800000000016,0.2755946666666667,,,,
train_episode,60900,39.74559999999999,0.261504,,,,
train_episode,61050,36.56960000000002,0.24081066666666687,,,,
train_episode,61200,29.03093333333333,0.19003733333333334,,,,
train_episode,61350,39.27039999999999,0.2589333333333332,,,,
train_episode,61500,42.04373333333332,0.27736533333333324,,,,
train_episode,61650,37.35893333333334,0.24670933333333342,,,,
train_episode,61800,41.444266666666664,0.2736639999999998,,,,
train_episode,61950,40.806933333333326,0.26861866666666656,,,,
train_episode,62100,38.142400000000016,0.2514133333333334,,,,
train_episode,62250,41.12053333333335,0.2709440000000002,,,,
train_episode,62400,49.674133333333295,0.32837333333333324,,,,
train_episode,62550,45.76373333333332,0.30278400000000005,,,,
train_episode,62700,45.11626666666668,0.29809066666666656,,,,
train_episode,62850,45.92213333333333,0.30377599999999993,,,,
train_episode,63000,45.2528,0.2996266666666667,,,,
train_episode,63150,52.60159999999998,0.34867199999999987,,,,
train_episode,63300,47.70346666666667,0.316288,,,,
train_episode,63450,51.80586666666667,0.34336000000000005,,,,
train_episode,63600,60.18666666666667,0.40012800000000004,,,,
train_episode,63750,56.04479999999997,0.3717653333333332,,,,
train_episode,63900,52.735466666666674,0.3493653333333334,,,,
train_episode,64050,53.08746666666665,0.3523413333333334,,,,
train_episode,64200,51.57386666666666,0.341088,,,,
train_episode,64350,50.77386666666667,0.3363093333333333,,,,
train_episode,64500,49.60586666666668,0.3283733333333335,,,,
train_episode,64650,55.528000000000006,0.3681173333333333,,,,
train_episode,64800,38.08426666666667,0.2511573333333333,,,,
train_episode,64950,42.7866666666667,0.28327466666666684,,,,
train_episode,65100,39.12906666666667,0.2581973333333332,,,,
train_episode,65250,41.87786666666667,0.27646933333333334,,,,
train_episode,65400,43.93066666666665,0.29063466666666665,,,,
train_episode,65550,43.77120000000001,0.28934399999999993,,,,
train_episode,65700,39.1264,0.2580586666666665,,,,
train_episode,65850,42.085866666666654,0.2777066666666666,,,,
train_episode,66000,46.63466666666667,0.30845866666666655,,,,
eval,66000,,,,,45.312426666666674,0.2997034666666667
train_episode,66150,53.67466666666668,0.35581866666666656,,,,
train_episode,66300,55.61440000000002,0.3685973333333335,,,,
train_episode,66450,44.52746666666668,0.29365333333333343,,,,
train_episode,66600,48.16853333333335,0.3185600000000002,,,,
train_episode,66750,54.45333333333334,0.3611093333333333,,,,
train_episode,66900,51.52693333333335,0.34165333333333336,,,,
train_episode,67050,53.29279999999999,0.3532693333333335,,,,
train_episode,67200,56.375466666666654,0.37403733333333333,,,,
train_episode,67350,49.471466666666664,0.32728533333333315,,,,
train_episode,67500,57.53760000000001,0.3820800000000001,,,,
train_episode,67650,56.33653333333333,0.37360000000000015,,,,
train_episode,67800,60.55200000000002,0.40209066666666676,,,,
train_episode,67950,60.24853333333334,0.39999999999999986,,,,
train_episode,68100,68.29760000000002,0.45392000000000027,,,,
train_episode,68250,66.85706666666667,0.4447466666666668,,,,
train_episode,68400,58.46666666666666,0.3882880000000002,,,,
train_episode,68550,45.611733333333305,0.3021866666666663,,,,
train_episode,68700,52.43573333333337,0.34720000000000023,,,,
train_episode,68850,65.87840000000003,0.43845333333333336,,,,
train_episode,69000,62.956266666666686,0.4183786666666667,,,,
train_episode,69150,54.11306666666666,0.35957333333333324,,,,
train_episode,69300,58.650666666666694,0.3896960000000001,,,,
train_episode,69450,62.76533333333334,0.4171306666666666,,,,
train_episode,69600,65.86453333333331,0.4379626666666665,,,,
train_episode,69750,69.41226666666672,0.46183466666666695,,,,
train_episode,69900,75.23253333333334,0.5003520000000005,,,,
train_episode,70050,75.19893333333329,0.5014826666666665,,,,
train_episode,70200,66.88640000000002,0.4447040000000001,,,,
train_episode,70350,81.10826666666665,0.5402346666666668,,,,
train_episode,70500,82.40373333333338,0.5487146666666667,,,,
train_episode,70650,77.47146666666666,0.5164159999999999,,,,
train_episode,70800,82.92639999999994,0.5525333333333333,,,,
train_episode,70950,81.83786666666668,0.5454399999999998,,,,
train_episode,71100,84.05173333333333,0.5602453333333336,,,,
train_episode,71250,85.10080000000004,0.5676266666666668,,,,
train_episode,71400,84.10560000000002,0.5599146666666672,,,,
train_episode,71550,87.33973333333334,0.5821760000000002,,,,
train_episode,71700,92.67786666666667,0.618229333333333,,,,
train_episode,71850,85.02133333333336,0.5670933333333333,,,,
train_episode,72000,89.46240000000003,0.5963733333333333,,,,
eval,72000,,,,,88.69205333333333,0.5912341333333334
train_episode,72150,92.088,0.6146026666666665,,,,
train_episode,72300,87.21120000000002,0.5810986666666668,,,,
train_episode,72450,89.36106666666664,0.5955733333333333,,,,
train_episode,72600,88.10826666666662,0.5875839999999998,,,,
train_episode,72750,86.62933333333332,0.5779733333333332,,,,
train_episode,72900,89.83999999999993,0.5982826666666664,,,,
train_episode,73050,92.5568,0.6169173333333334,,,,
train_episode,73200,86.6298666666667,0.5772906666666671,,,,
train_episode,73350,76.35146666666667,0.5083413333333336,,,,
train_episode,73500,79.3248,0.5287679999999998,,,,
train_episode,73650,73.34293333333333,0.48829866666666677,,,,
train_episode,73800,72.5178666666667,0.4819520000000002,,,,
train_episode,73950,66.5130666666667,0.44227199999999994,,,,
train_episode,74100,54.95519999999999,0.36398933333333344,,,,
train_episode,74250,51.799466666666675,0.34310400000000013,,,,
train_episode,74400,31.447466666666685,0.20664533333333343,,,,
train_episode,74550,29.302933333333343,0.19196800000000006,,,,
train_episode,74700,18.940800000000007,0.1229760000000001,,,,
train_episode,74850,23.458133333333336,0.15292800000000004,,,,
train_episode,75000,21.95040000000002,0.14261333333333343,,,,
train_episode,75150,14.902933333333332,0.09597866666666664,,,,
train_episode,75300,10.359999999999994,0.06582399999999998,,,,
train_episode,75450,6.779733333333333,0.04186666666666668,,,,
train_episode,75600,6.4752000000000045,0.039626666666666706,,,,
train_episode,75750,6.646399999999998,0.04105599999999998,,,,
train_episode,75900,8.746133333333333,0.05482666666666667,,,,
train_episode,76050,5.292800000000003,0.03180800000000002,,,,
train_episode,76200,10.045333333333339,0.06360533333333342,,,,
train_episode,76350,7.8624,0.04874666666666669,,,,
train_episode,76500,5.102400000000003,0.03067733333333334,,,,
train_episode,76650,7.19626666666667,0.044437333333333356,,,,
train_episode,76800,6.837333333333333,0.041962666666666676,,,,
train_episode,76950,6.06346666666667,0.036917333333333364,,,,
train_episode,77100,5.635733333333333,0.034005333333333346,,,,
train_episode,77250,6.305600000000004,0.038752000000000016,,,,
train_episode,77400,7.618666666666664,0.04729599999999999,,,,
train_episode,77550,5.718933333333331,0.034570666666666666,,,,
train_episode,77700,5.148266666666667,0.030858666666666673,,,,
train_episode,77850,4.849600000000002,0.029173333333333343,,,,
train_episode,78000,6.5685333333333285,0.040373333333333324,,,,
eval,78000,,,,,6.176426666666666,0.037536
train_episode,78150,5.5237333333333325,0.03326933333333333,,,,
train_episode,78300,5.720000000000009,0.03489066666666673,,,,
train_episode,78450,5.781333333333333,0.03502933333333332,,,,
train_episode,78600,5.7152,0.03469866666666666,,,,
train_episode,78750,6.966400000000004,0.042805333333333355,,,,
train_episode,78900,4.753066666666664,0.028117333333333334,,,,
train_episode,79050,5.016533333333338,0.02985600000000003,,,,
train_episode,79200,6.449066666666664,0.03948799999999999,,,,
train_episode,79350,5.587733333333333,0.03365333333333335,,,,
train_episode,79500,7.530133333333335,0.04661333333333336,,,,
train_episode,79650,5.736533333333332,0.034666666666666665,,,,
train_episode,79800,5.1039999999999965,0.03070933333333333,,,,
train_episode,79950,7.192000000000001,0.04430933333333335,,,,
train_episode,80100,8.179733333333338,0.05097600000000003,,,,
train_episode,80250,7.072533333333329,0.04345599999999998,,,,
train_episode,80400,6.283733333333336,0.03833600000000001,,,,
train_episode,80550,8.63093333333332,0.05372799999999997,,,,
train_episode,80700,8.65386666666666,0.05398399999999999,,,,
train_episode,80850,8.318400000000008,0.052042666666666695,,,,
train_episode,81000,5.951466666666665,0.03617066666666664,,,,
train_episode,81150,8.094400000000002,0.05074133333333337,,,,
train_episode,81300,10.320533333333337,0.06533333333333331,,,,
train_episode,81450,10.381333333333332,0.0656533333333333,,,,
train_episode,81600,8.425600000000001,0.05246933333333337,,,,
train_episode,81750,8.307199999999987,0.05180799999999999,,,,
train_episode,81900,15.064533333333332,0.09656533333333332,,,,
train_episode,82050,14.255466666666662,0.09135999999999993,,,,
train_episode,82200,13.702933333333334,0.08767999999999998,,,,
train_episode,82350,11.230400000000003,0.07127466666666667,,,,
train_episode,82500,16.016533333333324,0.10287999999999996,,,,
train_episode,82650,17.126933333333316,0.11055999999999991,,,,
train_episode,82800,18.998933333333348,0.12280533333333345,,,,
train_episode,82950,25.835200000000007,0.168448,,,,
train_episode,83100,23.079466666666658,0.150048,,,,
train_episode,83250,19.41706666666665,0.12583466666666648,,,,
train_episode,83400,29.694400000000016,0.19419733333333344,,,,
train_episode,83550,23.52959999999998,0.15299199999999985,,,,
train_episode,83700,38.52373333333335,0.2539840000000001,,,,
train_episode,83850,38.48906666666668,0.25323733333333337,,,,
train_episode,84000,38.31573333333331,0.2525333333333333,,,,
eval,84000,,,,,43.399573333333336,0.2861951999999999
train_episode,84150,39.04853333333333,0.2569706666666666,,,,
train_episode,84300,45.2672,0.29895466666666665,,,,
train_episode,84450,35.922666666666665,0.23660800000000004,,,,
train_episode,84600,60.49066666666666,0.40179200000000004,,,,
train_episode,84750,64.04800000000002,0.4256853333333334,,,,
train_episode,84900,66.42666666666666,0.4416,,,,
train_episode,85050,73.6298666666667,0.48953599999999986,,,,
train_episode,85200,78.25226666666664,0.5209493333333329,,,,
train_episode,85350,79.90026666666665,0.5319999999999998,,,,
train_episode,85500,78.78720000000001,0.5248746666666667,,,,
train_episode,85650,82.77439999999999,0.5514239999999998,,,,
train_episode,85800,83.5013333333333,0.556629333333333,,,,
train_episode,85950,80.35519999999997,0.5353173333333333,,,,
train_episode,86100,85.68426666666663,0.571093333333333,,,,
train_episode,86250,87.01280000000008,0.5795946666666668,,,,
train_episode,86400,91.40373333333329,0.6094826666666666,,,,
train_episode,86550,85.41813333333332,0.569333333333333,,,,
train_episode,86700,90.37226666666669,0.6023466666666666,,,,
train_episode,86850,86.39146666666666,0.5753493333333336,,,,
train_episode,87000,86.70826666666669,0.5780800000000004,,,,
train_episode,87150,90.14239999999994,0.6008320000000003,,,,
train_episode,87300,87.696,0.5841386666666668,,,,
train_episode,87450,84.79093333333334,0.5647466666666666,,,,
train_episode,87600,85.19199999999996,0.5680000000000001,,,,
train_episode,87750,84.48586666666664,0.5630079999999996,,,,
train_episode,87900,89.06666666666665,0.5927253333333334,,,,
train_episode,88050,83.33866666666671,0.5555733333333335,,,,
train_episode,88200,80.8698666666667,0.5389120000000002,,,,
train_episode,88350,75.10399999999996,0.4994239999999998,,,,
train_episode,88500,80.06240000000001,0.5329173333333335,,,,
train_episode,88650,79.29386666666669,0.527776,,,,
train_episode,88800,82.91199999999998,0.5518826666666666,,,,
train_episode,88950,82.48053333333333,0.5497599999999999,,,,
train_episode,89100,83.52639999999998,0.5555946666666665,,,,
train_episode,89250,75.3264,0.5010240000000001,,,,
train_episode,89400,68.34933333333332,0.4543040000000001,,,,
train_episode,89550,75.32800000000002,0.5011413333333333,,,,
train_episode,89700,74.2272,0.49413333333333337,,,,
train_episode,89850,75.61120000000001,0.5040853333333336,,,,
train_episode,90000,82.60266666666661,0.5512533333333334,,,,
eval,90000,,,,,87.99669333333331,0.5864789333333332
train_episode,90150,89.31893333333332,0.5951573333333336,,,,
train_episode,90300,88.27520000000004,0.5887359999999995,,,,
train_episode,90450,97.2938666666667,0.6490133333333339,,,,
train_episode,90600,99.98186666666666,0.6671146666666669,,,,
train_episode,90750,95.1498666666667,0.6347946666666671,,,,
train_episode,90900,101.11093333333336,0.6741013333333338,,,,
train_episode,91050,94.56213333333334,0.6303786666666669,,,,
train_episode,91200,95.65653333333327,0.6382613333333335,,,,
train_episode,91350,97.86986666666667,0.6526933333333335,,,,
train_episode,91500,97.85920000000002,0.6526613333333335,,,,
train_episode,91650,91.02986666666669,0.607168,,,,
train_episode,91800,98.55146666666663,0.657482666666667,,,,
train_episode,91950,97.83680000000001,0.6523946666666668,,,,
train_episode,92100,104.22080000000001,0.6950400000000004,,,,
train_episode,92250,96.66666666666664,0.6447893333333331,,,,
train_episode,92400,98.344,0.6563306666666668,,,,
train_episode,92550,95.17919999999998,0.6348159999999998,,,,
train_episode,92700,96.25600000000001,0.6421439999999999,,,,
train_episode,92850,95.33973333333331,0.6355413333333333,,,,
train_episode,93000,97.6346666666667,0.6507839999999999,,,,
train_episode,93150,94.33920000000005,0.6293653333333334,,,,
train_episode,93300,90.59146666666668,0.6037760000000001,,,,
train_episode,93450,95.88213333333334,0.6390293333333333,,,,
train_episode,93600,103.64586666666669,0.6914453333333332,,,,
train_episode,93750,96.89866666666667,0.6460800000000001,,,,
train_episode,93900,100.38133333333337,0.6693653333333336,,,,
train_episode,94050,103.7573333333333,0.6925546666666667,,,,
train_episode,94200,104.73706666666665,0.6991146666666666,,,,
train_episode,94350,100.40959999999998,0.6696853333333334,,,,
train_episode,94500,109.55413333333334,0.7313813333333333,,,,
train_episode,94650,103.33759999999991,0.6897493333333332,,,,
train_episode,94800,103.07520000000001,0.6876693333333331,,,,
train_episode,94950,108.30133333333336,0.7231466666666667,,,,
train_episode,95100,111.93439999999995,0.7470293333333334,,,,
train_episode,95250,112.62506666666664,0.7516479999999999,,,,
train_episode,95400,116.90399999999998,0.7803626666666666,,,,
train_episode,95550,114.70666666666672,0.7655573333333335,,,,
train_episode,95700,111.96693333333334,0.7474240000000004,,,,
train_episode,95850,115.48426666666668,0.7706453333333333,,,,
train_episode,96000,114.70719999999997,0.7657599999999998,,,,
eval,96000,,,,,115.10016,0.7679146666666667
train_episode,96150,116.7093333333333,0.7793920000000004,,,,
train_episode,96300,114.88266666666662,0.7667093333333335,,,,
train_episode,96450,116.8341333333333,0.7800640000000001,,,,
train_episode,96600,116.86453333333331,0.7798719999999997,,,,
train_episode,96750,115.39359999999998,0.7701440000000003,,,,
train_episode,96900,118.9509333333334,0.793834666666667,,,,
train_episode,97050,117.33653333333335,0.7827946666666666,,,,
train_episode,97200,120.46293333333337,0.803210666666667,,,,
train_episode,97350,119.58666666666669,0.7981120000000003,,,,
train_episode,97500,118.5962666666667,0.7919146666666663,,,,
train_episode,97650,113.83680000000003,0.7594026666666663,,,,
train_episode,97800,119.49386666666669,0.7968960000000007,,,,
train_episode,97950,118.38026666666673,0.7894293333333332,,,,
train_episode,98100,118.1429333333333,0.7881386666666669,,,,
train_episode,98250,121.66666666666669,0.8116693333333335,,,,
train_episode,98400,124.3456,0.8294186666666667,,,,
train_episode,98550,118.23840000000001,0.7890986666666668,,,,
train_episode,98700,120.1136,0.8014400000000003,,,,
train_episode,98850,122.90239999999999,0.8197226666666668,,,,
train_episode,99000,124.75946666666664,0.8323306666666667,,,,
train_episode,99150,123.39573333333341,0.8231466666666667,,,,
train_episode,99300,123.63146666666673,0.8249280000000002,,,,
train_episode,99450,123.92319999999997,0.8263360000000002,,,,
train_episode,99600,123.55946666666662,0.8243200000000002,,,,
train_episode,99750,122.06293333333333,0.814144,,,,
train_episode,99900,121.14773333333335,0.8080213333333335,,,,
train_episode,100050,121.04266666666668,0.8070719999999997,,,,
train_episode,100200,123.23360000000002,0.8220373333333338,,,,
train_episode,100350,123.94720000000001,0.8267199999999997,,,,
train_episode,100500,122.37066666666666,0.8161920000000006,,,,
train_episode,100650,123.73333333333338,0.8253013333333333,,,,
train_episode,100800,122.83040000000003,0.8192960000000002,,,,
train_episode,100950,125.76959999999998,0.8389973333333333,,,,
train_episode,101100,121.15093333333333,0.8078720000000001,,,,
train_episode,101250,124.7152000000001,0.8327893333333334,,,,
train_episode,101400,122.19520000000004,0.8150293333333329,,,,
train_episode,101550,123.78720000000007,0.8255360000000004,,,,
train_episode,101700,125.18933333333334,0.8350933333333332,,,,
train_episode,101850,125.45333333333333,0.8366933333333334,,,,
train_episode,102000,124.40320000000006,0.8297493333333334,,,,
eval,102000,,,,,123.63743999999997,0.8247914666666667
train_episode,102150,125.70613333333333,0.8387946666666667,,,,
train_episode,102300,123.32799999999995,0.8221973333333338,,,,
train_episode,102450,123.7658666666667,0.8258666666666672,,,,
train_episode,102600,124.02666666666666,0.8270293333333333,,,,
train_episode,102750,123.24106666666671,0.8224106666666671,,,,
train_episode,102900,122.78933333333346,0.8191146666666669,,,,
train_episode,103050,123.63733333333339,0.8247359999999995,,,,
train_episode,103200,123.90399999999998,0.8263999999999998,,,,
train_episode,103350,122.74080000000005,0.8190933333333336,,,,
train_episode,103500,123.08426666666671,0.8215146666666673,,,,
train_episode,103650,124.32319999999997,0.8292906666666671,,,,
train_episode,103800,123.952,0.8269120000000004,,,,
train_episode,103950,122.8549333333333,0.8197760000000002,,,,
train_episode,104100,125.8869333333334,0.839712,,,,
train_episode,104250,124.02666666666663,0.8272639999999993,,,,
train_episode,104400,123.88533333333334,0.8266560000000002,,,,
train_episode,104550,125.08853333333326,0.8344640000000002,,,,
train_episode,104700,125.72266666666674,0.838293333333333,,,,
train_episode,104850,123.30080000000002,0.8230826666666671,,,,
train_episode,105000,123.70453333333336,0.8255893333333336,,,,
train_episode,105150,124.14079999999993,0.8283093333333337,,,,
train_episode,105300,123.06399999999998,0.8216746666666666,,,,
train_episode,105450,121.8917333333334,0.8132373333333335,,,,
train_episode,105600,123.61013333333335,0.8248106666666666,,,,
train_episode,105750,121.58026666666666,0.8115413333333331,,,,
train_episode,105900,120.81386666666663,0.8057493333333332,,,,
train_episode,106050,122.6314666666666,0.8181866666666667,,,,
train_episode,106200,119.95626666666668,0.8001600000000002,,,,
train_episode,106350,121.70400000000006,0.8122346666666669,,,,
train_episode,106500,121.88853333333336,0.8131840000000002,,,,
train_episode,106650,121.83360000000008,0.8131519999999999,,,,
train_episode,106800,120.27199999999998,0.8028373333333332,,,,
train_episode,106950,121.63999999999996,0.8114133333333335,,,,
train_episode,107100,120.408,0.8032746666666667,,,,
train_episode,107250,122.38506666666662,0.8165866666666666,,,,
train_episode,107400,123.33973333333337,0.8229866666666672,,,,
train_episode,107550,121.0352,0.8070293333333333,,,,
train_episode,107700,120.31413333333329,0.8027626666666663,,,,
train_episode,107850,120.6074666666666,0.8049600000000002,,,,
train_episode,108000,118.80906666666671,0.7929280000000001,,,,
eval,108000,,,,,119.15082666666667,0.7947584
train_episode,108150,118.67786666666666,0.791882666666667,,,,
train_episode,108300,116.16106666666657,0.7751679999999997,,,,
train_episode,108450,122.47893333333326,0.8171626666666663,,,,
train_episode,108600,119.85280000000003,0.799893333333333,,,,
train_episode,108750,116.81653333333331,0.7790506666666669,,,,
train_episode,108900,117.10826666666665,0.7815786666666668,,,,
train_episode,109050,117.78933333333332,0.7857706666666668,,,,
train_episode,109200,117.93226666666666,0.7871466666666672,,,,
train_episode,109350,117.28853333333333,0.7821333333333333,,,,
train_episode,109500,115.02453333333335,0.7669973333333333,,,,
train_episode,109650,114.21706666666665,0.7619839999999999,,,,
train_episode,109800,114.82506666666666,0.7659733333333334,,,,
train_episode,109950,115.25866666666671,0.7685440000000006,,,,
train_episode,110100,116.48000000000009,0.7771093333333333,,,,
train_episode,110250,115.04533333333333,0.7677866666666667,,,,
train_episode,110400,111.26773333333328,0.7421226666666665,,,,
train_episode,110550,115.71253333333338,0.7722986666666665,,,,
train_episode,110700,116.73653333333334,0.7786240000000003,,,,
train_episode,110850,113.81173333333335,0.7595200000000003,,,,
train_episode,111000,118.272,0.7894613333333336,,,,
train_episode,111150,114.79626666666668,0.7659520000000005,,,,
train_episode,111300,117.01600000000003,0.7809066666666666,,,,
train_episode,111450,114.29440000000011,0.7621120000000001,,,,
train_episode,111600,114.85333333333327,0.7660800000000001,,,,
train_episode,111750,112.8874666666667,0.7531626666666665,,,,
train_episode,111900,115.32533333333329,0.7691839999999999,,,,
train_episode,112050,114.08960000000002,0.7611093333333334,,,,
train_episode,112200,114.67786666666665,0.7651199999999999,,,,
train_episode,112350,115.81386666666668,0.7725973333333332,,,,
train_episode,112500,115.34720000000007,0.7700266666666671,,,,
train_episode,112650,114.22773333333332,0.7620800000000002,,,,
train_episode,112800,115.24586666666667,0.7695146666666669,,,,
train_episode,112950,114.91786666666663,0.7671146666666663,,,,
train_episode,113100,117.28639999999999,0.7828266666666667,,,,
train_episode,113250,114.37333333333338,0.763488,,,,
train_episode,113400,115.55679999999997,0.771381333333333,,,,
train_episode,113550,117.21653333333333,0.7822506666666665,,,,
train_episode,113700,114.85813333333333,0.7665280000000002,,,,
train_episode,113850,114.66079999999997,0.7649813333333331,,,,
train_episode,114000,111.84426666666671,0.7468159999999999,,,,
eval,114000,,,,,111.63808000000002,0.7449450666666667
train_episode,114150,110.62719999999997,0.7388479999999998,,,,
train_episode,114300,112.57493333333328,0.7508906666666662,,,,
train_episode,114450,114.08853333333333,0.7611306666666668,,,,
train_episode,114600,112.9669333333333,0.7539306666666661,,,,
train_episode,114750,109.8224,0.7326399999999994,,,,
train_episode,114900,108.22239999999998,0.7219839999999998,,,,
train_episode,115050,110.1088,0.7348373333333333,,,,
train_episode,115200,111.59680000000004,0.7446400000000003,,,,
train_episode,115350,111.05386666666669,0.7412266666666663,,,,
train_episode,115500,110.48533333333332,0.7372479999999999,,,,
train_episode,115650,112.31680000000003,0.7497279999999998,,,,
train_episode,115800,111.06773333333332,0.7409599999999998,,,,
train_episode,115950,111.65546666666661,0.7447786666666667,,,,
train_episode,116100,110.5408,0.737856,,,,
train_episode,116250,115.51040000000005,0.7712106666666668,,,,
train_episode,116400,115.88533333333335,0.7737599999999999,,,,
train_episode,116550,112.26613333333333,0.7496106666666669,,,,
train_episode,116700,112.49546666666672,0.7507626666666667,,,,
train_episode,116850,112.94613333333334,0.7540586666666662,,,,
train_episode,117000,110.01920000000003,0.7344106666666664,,,,
train_episode,117150,110.76746666666659,0.7391359999999998,,,,
train_episode,117300,110.25706666666667,0.7362346666666665,,,,
train_episode,117450,110.63733333333332,0.7383146666666666,,,,
train_episode,117600,109.86506666666668,0.733664,,,,
train_episode,117750,109.46879999999999,0.7304213333333336,,,,
train_episode,117900,106.96106666666664,0.7137280000000003,,,,
train_episode,118050,108.47519999999996,0.7242773333333334,,,,
train_episode,118200,108.93279999999996,0.7267199999999996,,,,
train_episode,118350,106.44213333333333,0.7105813333333335,,,,
train_episode,118500,104.49493333333332,0.6972800000000001,,,,
train_episode,118650,106.80586666666666,0.7124906666666672,,,,
train_episode,118800,106.26186666666662,0.7089813333333335,,,,
train_episode,118950,106.74346666666658,0.7126079999999998,,,,
train_episode,119100,108.55200000000005,0.724192,,,,
train_episode,119250,109.70826666666666,0.7322879999999998,,,,
train_episode,119400,107.80159999999997,0.7199039999999995,,,,
train_episode,119550,108.84533333333331,0.7267413333333332,,,,
train_episode,119700,109.82133333333329,0.7328,,,,
train_episode,119850,107.54559999999996,0.7179519999999999,,,,
train_episode,120000,113.81653333333334,0.7596480000000001,,,,
eval,120000,,,,,110.67263999999997,0.7387093333333332
train_episode,120150,111.25759999999998,0.7428373333333328,,,,
train_episode,120300,114.27519999999996,0.7628586666666666,,,,
train_episode,120450,112.45546666666668,0.7512213333333339,,,,
train_episode,120600,110.37333333333333,0.7368106666666668,,,,
train_episode,120750,109.95679999999997,0.7339839999999999,,,,
train_episode,120900,108.86240000000002,0.7267733333333332,,,,
train_episode,121050,107.2138666666667,0.7153280000000002,,,,
train_episode,121200,105.49973333333341,0.7041386666666666,,,,
train_episode,121350,109.5626666666667,0.7312533333333339,,,,
train_episode,121500,109.32373333333337,0.7298666666666664,,,,
train_episode,121650,104.83786666666667,0.6997333333333334,,,,
train_episode,121800,99.77600000000001,0.6660586666666664,,,,
train_episode,121950,97.5349333333333,0.650645333333334,,,,
train_episode,122100,105.2874666666667,0.701984,,,,
train_episode,122250,104.72479999999999,0.698901333333333,,,,
train_episode,122400,100.23093333333338,0.6687360000000001,,,,
train_episode,122550,104.8592,0.6996906666666667,,,,
train_episode,122700,100.4464,0.6698453333333331,,,,
train_episode,122850,90.30026666666664,0.6014719999999997,,,,
train_episode,123000,82.22933333333339,0.5477866666666664,,,,
train_episode,123150,79.88853333333336,0.5315946666666667,,,,
train_episode,123300,76.39466666666668,0.5086613333333336,,,,
train_episode,123450,81.98506666666664,0.5467840000000002,,,,
train_episode,123600,92.4144,0.6154986666666665,,,,
train_episode,123750,87.6325333333333,0.5838719999999997,,,,
train_episode,123900,96.97600000000003,0.646730666666667,,,,
train_episode,124050,98.76586666666664,0.6587093333333333,,,,
train_episode,124200,94.35199999999998,0.6295146666666668,,,,
train_episode,124350,100.3248,0.6685760000000003,,,,
train_episode,124500,100.6389333333333,0.6717226666666666,,,,
train_episode,124650,103.13866666666661,0.6882880000000003,,,,
train_episode,124800,109.34560000000003,0.7302080000000004,,,,
train_episode,124950,107.1503999999999,0.7151573333333332,,,,
train_episode,125100,108.34880000000004,0.7234560000000002,,,,
train_episode,125250,112.50186666666666,0.7512746666666669,,,,
train_episode,125400,111.40373333333335,0.7437760000000002,,,,
train_episode,125550,106.13013333333333,0.7083946666666664,,,,
train_episode,125700,108.12266666666669,0.7216746666666669,,,,
train_episode,125850,104.81280000000007,0.6998186666666669,,,,
train_episode,126000,101.75466666666661,0.6791253333333334,,,,
eval,126000,,,,,104.14912,0.6951551999999999
train_episode,126150,108.89546666666664,0.7268053333333335,,,,
train_episode,126300,109.56053333333334,0.7314666666666672,,,,
train_episode,126450,107.73546666666667,0.7193279999999999,,,,
train_episode,126600,114.64693333333325,0.7652373333333338,,,,
train_episode,126750,112.5424000000001,0.751488,,,,
train_episode,126900,113.088,0.7553386666666666,,,,
train_episode,127050,110.0704,0.7354026666666669,,,,
train_episode,127200,110.24800000000002,0.7358400000000005,,,,
train_episode,127350,107.97493333333333,0.7216106666666668,,,,
train_episode,127500,106.68053333333327,0.7126826666666666,,,,
train_episode,127650,113.89866666666664,0.76096,,,,
train_episode,127800,110.82133333333334,0.7398080000000001,,,,
train_episode,127950,113.15839999999996,0.7551999999999999,,,,
train_episode,128100,110.09013333333331,0.7342933333333336,,,,
train_episode,128250,110.48586666666662,0.737834666666667,,,,
train_episode,128400,112.98666666666666,0.7545493333333333,,,,
train_episode,128550,107.95893333333333,0.7207466666666668,,,,
train_episode,128700,107.42666666666668,0.7176853333333331,,,,
train_episode,128850,109.14986666666665,0.7291093333333329,,,,
train_episode,129000,114.61173333333329,0.7656426666666669,,,,
train_episode,129150,113.13760000000002,0.7558613333333336,,,,
train_episode,129300,108.75413333333329,0.7263999999999999,,,,
train_episode,129450,110.48853333333332,0.7378986666666666,,,,
train_episode,129600,108.27946666666666,0.7234559999999998,,,,
train_episode,129750,107.19359999999999,0.7159253333333333,,,,
train_episode,129900,108.6026666666666,0.7254079999999994,,,,
train_episode,130050,93.448,0.6241706666666663,,,,
train_episode,130200,108.09386666666673,0.7218453333333334,,,,
train_episode,130350,103.30453333333334,0.6901653333333332,,,,
train_episode,130500,111.0154666666666,0.7416853333333333,,,,
train_episode,130650,107.9797333333333,0.721344,,,,
train_episode,130800,109.6570666666666,0.732512,,,,
train_episode,130950,106.46026666666661,0.7111466666666661,,,,
train_episode,131100,104.26453333333325,0.6964693333333329,,,,
train_episode,131250,106.58666666666667,0.7119786666666666,,,,
train_episode,131400,106.1168,0.7086080000000001,,,,
train_episode,131550,104.85280000000006,0.6997866666666667,,,,
train_episode,131700,103.05546666666665,0.6875733333333331,,,,
train_episode,131850,103.62666666666667,0.6919146666666667,,,,
train_episode,132000,104.87893333333335,0.7007040000000001,,,,
eval,132000,,,,,107.68704,0.7191402666666666
train_episode,132150,105.6672,0.705301333333333,,,,
train_episode,132300,107.73173333333334,0.7187626666666663,,,,
train_episode,132450,103.9584,0.6938346666666668,,,,
train_episode,132600,103.85920000000004,0.693578666666667,,,,
train_episode,132750,101.96426666666666,0.6806079999999998,,,,
train_episode,132900,99.6117333333333,0.6649813333333333,,,,
train_episode,133050,102.53333333333335,0.6845973333333333,,,,
train_episode,133200,98.12426666666663,0.6542080000000006,,,,
train_episode,133350,95.18186666666668,0.6353066666666669,,,,
train_episode,133500,95.2229333333334,0.6355413333333337,,,,
train_episode,133650,96.55360000000002,0.644298666666667,,,,
train_episode,133800,98.22186666666667,0.6553173333333334,,,,
train_episode,133950,94.40693333333334,0.6305386666666669,,,,
train_episode,134100,91.40693333333336,0.6097813333333335,,,,
train_episode,134250,98.12320000000004,0.6546240000000002,,,,
train_episode,134400,92.94080000000002,0.6195839999999998,,,,
train_episode,134550,85.40053333333331,0.5694933333333334,,,,
train_episode,134700,87.97759999999998,0.5863573333333333,,,,
train_episode,134850,88.76106666666662,0.5921386666666664,,,,
train_episode,135000,85.54186666666662,0.5704746666666664,,,,
train_episode,135150,82.52426666666666,0.5496213333333339,,,,
train_episode,135300,81.6928,0.5442560000000001,,,,
train_episode,135450,85.80373333333334,0.5714773333333333,,,,
train_episode,135600,83.58186666666663,0.5565013333333332,,,,
train_episode,135750,81.18933333333331,0.5407359999999996,,,,
train_episode,135900,74.04960000000004,0.4930773333333335,,,,
train_episode,136050,77.27946666666665,0.5147413333333335,,,,
train_episode,136200,74.18026666666667,0.49378133333333313,,,,
train_episode,136350,75.30826666666667,0.501472,,,,
train_episode,136500,75.89600000000002,0.5051946666666667,,,,
train_episode,136650,77.90026666666668,0.5184213333333332,,,,
train_episode,136800,82.78293333333333,0.551552,,,,
train_episode,136950,72.28479999999999,0.4805333333333332,,,,
train_episode,137100,67.85119999999999,0.4515946666666669,,,,
train_episode,137250,66.5104,0.44233600000000006,,,,
train_episode,137400,61.70026666666664,0.4096746666666665,,,,
train_episode,137550,61.40426666666671,0.40780799999999995,,,,
train_episode,137700,61.70506666666664,0.40937599999999996,,,,
train_episode,137850,60.21066666666665,0.4002986666666665,,,,
train_episode,138000,68.23893333333335,0.4539733333333332,,,,
eval,138000,,,,,65.36629333333335,0.4343061333333334
train_episode,138150,66.25439999999999,0.44011733333333364,,,,
train_episode,138300,56.89386666666669,0.3779946666666667,,,,
train_episode,138450,59.115733333333324,0.39196800000000004,,,,
train_episode,138600,58.17760000000004,0.3861333333333336,,,,
train_episode,138750,54.853333333333346,0.3631253333333335,,,,
train_episode,138900,48.825599999999994,0.32309333333333334,,,,
train_episode,139050,49.76426666666668,0.32987733333333336,,,,
train_episode,139200,54.19039999999999,0.3587626666666668,,,,
train_episode,139350,50.79893333333336,0.3359786666666669,,,,
train_episode,139500,50.364266666666694,0.33338666666666666,,,,
train_episode,139650,47.57600000000001,0.31483733333333314,,,,
train_episode,139800,39.011733333333325,0.2574613333333334,,,,
train_episode,139950,47.27626666666666,0.3128639999999999,,,,
train_episode,140100,37.283199999999994,0.2456213333333335,,,,
train_episode,140250,40.652266666666655,0.2679466666666668,,,,
train_episode,140400,36.2256,0.2387626666666668,,,,
train_episode,140550,38.76106666666664,0.25532799999999983,,,,
train_episode,140700,42.36586666666669,0.27963733333333357,,,,
train_episode,140850,44.65599999999999,0.29451733333333313,,,,
train_episode,141000,32.73333333333331,0.21547733333333327,,,,
train_episode,141150,33.286933333333344,0.21863466666666678,,,,
train_episode,141300,35.510400000000004,0.23334400000000002,,,,
train_episode,141450,28.60906666666667,0.1872106666666667,,,,
train_episode,141600,29.351999999999997,0.19206399999999998,,,,
train_episode,141750,26.180266666666657,0.170752,,,,
train_episode,141900,21.647999999999993,0.140736,,,,
train_episode,142050,23.159466666666678,0.1514133333333334,,,,
train_episode,142200,21.030933333333323,0.13697066666666655,,,,
train_episode,142350,22.00000000000001,0.14304000000000008,,,,
train_episode,142500,22.384,0.14572800000000002,,,,
train_episode,142650,20.20373333333333,0.13089066666666666,,,,
train_episode,142800,18.146133333333324,0.11745066666666656,,,,
train_episode,142950,21.59520000000001,0.14011733333333345,,,,
train_episode,143100,14.921599999999996,0.09575466666666657,,,,
train_episode,143250,14.383999999999988,0.09240533333333323,,,,
train_episode,143400,13.750400000000003,0.08805333333333332,,,,
train_episode,143550,13.854400000000002,0.08882133333333336,,,,
train_episode,143700,16.086933333333334,0.10348799999999996,,,,
train_episode,143850,13.188266666666655,0.08447999999999994,,,,
train_episode,144000,13.347733333333327,0.08542933333333327,,,,
eval,144000,,,,,12.084266666666672,0.07697280000000002
train_episode,144150,10.453866666666661,0.06596266666666666,,,,
train_episode,144300,10.196799999999971,0.06467199999999983,,,,
train_episode,144450,12.72853333333334,0.08148266666666665,,,,
train_episode,144600,10.41386666666666,0.06610133333333332,,,,
train_episode,144750,10.990933333333333,0.0698773333333333,,,,
train_episode,144900,11.754666666666655,0.07453866666666653,,,,
train_episode,145050,11.833066666666664,0.07544533333333324,,,,
train_episode,145200,11.875733333333335,0.07576533333333331,,,,
train_episode,145350,13.281066666666662,0.08473599999999992,,,,
train_episode,145500,11.714133333333336,0.07443199999999996,,,,
train_episode,145650,10.039999999999997,0.06334933333333331,,,,
train_episode,145800,11.342933333333315,0.07228799999999991,,,,
train_episode,145950,9.649599999999994,0.06091733333333328,,,,
train_episode,146100,8.503999999999992,0.05334400000000004,,,,
train_episode,146250,9.708266666666665,0.061311999999999964,,,,
train_episode,146400,8.416,0.05289600000000004,,,,
train_episode,146550,9.2688,0.05838933333333334,,,,
train_episode,146700,9.273066666666669,0.05842133333333334,,,,
train_episode,146850,7.655466666666669,0.04773333333333335,,,,
train_episode,147000,9.430933333333329,0.059615999999999995,,,,
train_episode,147150,9.631466666666668,0.06062933333333331,,,,
train_episode,147300,7.858666666666664,0.048821333333333314,,,,
train_episode,147450,7.756800000000003,0.04830933333333336,,,,
train_episode,147600,8.559466666666662,0.053781333333333355,,,,
train_episode,147750,8.210133333333335,0.051189333333333364,,,,
train_episode,147900,8.229866666666673,0.05153066666666671,,,,
train_episode,148050,8.207466666666669,0.051253333333333345,,,,
train_episode,148200,10.018133333333331,0.06339199999999999,,,,
train_episode,148350,8.993066666666667,0.05644799999999999,,,,
train_episode,148500,10.568533333333333,0.0668906666666667,,,,
train_episode,148650,7.767999999999999,0.048512000000000007,,,,
train_episode,148800,8.212800000000003,0.051509333333333365,,,,
train_episode,148950,9.387199999999996,0.059306666666666674,,,,
train_episode,149100,9.150399999999996,0.057504,,,,
train_episode,149250,8.722133333333328,0.05474133333333334,,,,
train_episode,149400,9.472533333333338,0.05977600000000004,,,,
train_episode,149550,10.049066666666668,0.06371200000000002,,,,
train_episode,149700,9.242133333333333,0.05841066666666665,,,,
train_episode,149850,9.6448,0.060725333333333326,,,,
train_episode,150000,10.39146666666666,0.06586666666666663,,,,
eval,150000,,,,,9.081706666666669,0.057156266666666664
train_episode,150150,9.955199999999998,0.06313600000000003,,,,
train_episode,150300,5.817066666666665,0.03552000000000001,,,,
train_episode,150450,8.166933333333338,0.051018666666666705,,,,
train_episode,150600,9.119466666666668,0.05742933333333338,,,,
train_episode,150750,8.974933333333333,0.056693333333333346,,,,
train_episode,150900,10.574399999999992,0.06695466666666662,,,,
train_episode,151050,9.52853333333333,0.06029866666666668,,,,
train_episode,151200,10.780800000000006,0.06845866666666668,,,,
train_episode,151350,9.993066666666664,0.06350933333333333,,,,
train_episode,151500,7.996266666666664,0.049866666666666684,,,,
train_episode,151650,9.07466666666666,0.05729066666666662,,,,
train_episode,151800,11.663466666666654,0.07443199999999993,,,,
train_episode,151950,9.801066666666662,0.06197333333333327,,,,
train_episode,152100,11.620799999999996,0.07384533333333326,,,,
train_episode,152250,10.683199999999992,0.06792533333333331,,,,
train_episode,152400,9.261333333333333,0.05827200000000001,,,,
train_episode,152550,9.98826666666666,0.06341333333333331,,,,
train_episode,152700,9.101866666666666,0.057354666666666665,,,,
train_episode,152850,10.591466666666669,0.06716800000000003,,,,
train_episode,153000,10.468266666666661,0.06638933333333329,,,,
train_episode,153150,10.814933333333327,0.06850133333333328,,,,
train_episode,153300,13.488000000000001,0.08654933333333334,,,,
train_episode,153450,8.507199999999997,0.0534826666666667,,,,
train_episode,153600,11.722666666666672,0.07467733333333336,,,,
train_episode,153750,12.432000000000004,0.07927466666666665,,,,
train_episode,153900,12.041599999999999,0.07681066666666661,,,,
train_episode,154050,13.974933333333325,0.08972799999999996,,,,
train_episode,154200,13.364266666666655,0.08575999999999989,,,,
train_episode,154350,13.77013333333333,0.08840533333333327,,,,
train_episode,154500,9.782399999999994,0.061983999999999984,,,,
train_episode,154650,12.391999999999998,0.07909333333333332,,,,
train_episode,154800,12.922666666666666,0.08246399999999997,,,,
train_episode,154950,11.49653333333333,0.07332266666666659,,,,
train_episode,155100,14.708266666666663,0.09475199999999999,,,,
train_episode,155250,11.862400000000012,0.07544533333333338,,,,
train_episode,155400,11.61813333333334,0.07422933333333336,,,,
train_episode,155550,13.264533333333329,0.08497066666666661,,,,
train_episode,155700,12.845866666666657,0.08238933333333322,,,,
train_episode,155850,14.192533333333332,0.091296,,,,
train_episode,156000,14.573333333333332,0.09367466666666659,,,,
eval,156000,,,,,14.107306666666654,0.09052373333333326
train_episode,156150,15.560000000000006,0.100256,,,,
train_episode,156300,15.757866666666656,0.10171733333333326,,,,
train_episode,156450,15.457066666666663,0.09976533333333325,,,,
train_episode,156600,15.172800000000006,0.09778133333333333,,,,
train_episode,156750,23.468266666666693,0.1528960000000002,,,,
train_episode,156900,20.934399999999968,0.1357973333333331,,,,
train_episode,157050,24.855466666666633,0.1621653333333331,,,,
train_episode,157200,20.76213333333335,0.13483733333333348,,,,
train_episode,157350,27.48480000000004,0.17965866666666694,,,,
train_episode,157500,26.29119999999999,0.17175466666666664,,,,
train_episode,157650,16.88959999999997,0.10919466666666645,,,,
train_episode,157800,16.79520000000003,0.10849066666666665,,,,
train_episode,157950,27.39733333333333,0.17912533333333328,,,,
train_episode,158100,18.4202666666667,0.11939200000000023,,,,
train_episode,158250,25.254400000000057,0.16482133333333374,,,,
train_episode,158400,27.551466666666634,0.17999999999999977,,,,
train_episode,158550,18.279466666666668,0.11833600000000007,,,,
train_episode,158700,35.0746666666667,0.23047466666666694,,,,
train_episode,158850,20.63946666666667,0.13422933333333337,,,,
train_episode,159000,25.71413333333334,0.16785066666666673,,,,
train_episode,159150,20.98879999999999,0.1365973333333333,,,,
train_episode,159300,14.683199999999998,0.09466666666666662,,,,
train_episode,159450,27.754133333333325,0.18155733333333324,,,,
train_episode,159600,22.84586666666665,0.14892799999999992,,,,
train_episode,159750,21.763733333333324,0.1414293333333333,,,,
train_episode,159900,15.0064,0.09669333333333331,,,,
train_episode,160050,25.803733333333344,0.16836266666666674,,,,
train_episode,160200,24.744533333333337,0.1612586666666667,,,,
train_episode,160350,23.78293333333334,0.15497600000000009,,,,
train_episode,160500,18.49973333333336,0.11988266666666687,,,,
train_episode,160650,22.97386666666671,0.14997333333333362,,,,
train_episode,160800,17.771199999999986,0.11493333333333318,,,,
train_episode,160950,22.294400000000017,0.14499200000000012,,,,
train_episode,161100,25.065600000000053,0.16363733333333358,,,,
train_episode,161250,18.491199999999964,0.1196373333333331,,,,
train_episode,161400,24.75093333333335,0.16151466666666683,,,,
train_episode,161550,24.992533333333352,0.16330666666666674,,,,
train_episode,161700,26.35786666666669,0.1721173333333335,,,,
train_episode,161850,22.533333333333342,0.14677333333333345,,,,
train_episode,162000,30.613866666666716,0.20067200000000035,,,,
eval,162000,,,,,27.43488000000002,0.1793493333333335
train_episode,162150,17.795733333333327,0.11515733333333328,,,,
train_episode,162300,28.84853333333334,0.1882773333333333,,,,
train_episode,162450,28.790399999999973,0.18799999999999978,,,,
train_episode,162600,26.32266666666667,0.1716906666666666,,,,
train_episode,162750,36.02293333333332,0.2365546666666666,,,,
train_episode,162900,22.39999999999999,0.14574933333333326,,,,
train_episode,163050,27.924266666666696,0.18244266666666692,,,,
train_episode,163200,22.579733333333337,0.14703999999999995,,,,
train_episode,163350,24.229866666666695,0.15832533333333354,,,,
train_episode,163500,43.96586666666669,0.28974933333333347,,,,
train_episode,163650,36.84639999999994,0.2421439999999999,,,,
train_episode,163800,36.93919999999997,0.24244266666666647,,,,
train_episode,163950,21.434666666666686,0.13946666666666685,,,,
train_episode,164100,28.931200000000025,0.1894720000000002,,,,
train_episode,164250,21.35200000000004,0.13878400000000027,,,,
train_episode,164400,24.096533333333323,0.15739733333333328,,,,
train_episode,164550,29.12640000000001,0.19066666666666654,,,,
train_episode,164700,29.985066666666675,0.1958933333333334,,,,
train_episode,164850,30.196799999999993,0.1977706666666666,,,,
train_episode,165000,19.41280000000001,0.12590933333333343,,,,
train_episode,165150,29.505066666666703,0.1930880000000003,,,,
train_episode,165300,32.339733333333356,0.21182933333333318,,,,
train_episode,165450,17.784533333333325,0.11513599999999995,,,,
train_episode,165600,21.868799999999972,0.14215466666666643,,,,
train_episode,165750,29.73493333333332,0.19453866666666655,,,,
train_episode,165900,37.75893333333334,0.24788266666666672,,,,
train_episode,166050,22.1173333333333,0.1437759999999998,,,,
train_episode,166200,26.069866666666694,0.1702400000000002,,,,
train_episode,166350,26.427733333333297,0.1727146666666664,,,,
train_episode,166500,20.87413333333329,0.1355519999999997,,,,
train_episode,166650,29.862400000000033,0.1954666666666669,,,,
train_episode,166800,17.47519999999999,0.1128746666666666,,,,
train_episode,166950,21.54293333333331,0.14003199999999985,,,,
train_episode,167100,20.18399999999995,0.13096533333333293,,,,
train_episode,167250,19.085333333333324,0.12358399999999989,,,,
train_episode,167400,19.487466666666695,0.12631466666666682,,,,
train_episode,167550,24.533866666666665,0.15955199999999994,,,,
train_episode,167700,16.126399999999997,0.10394666666666666,,,,
train_episode,167850,20.4453333333333,0.13245866666666645,,,,
train_episode,168000,17.212799999999994,0.11126399999999982,,,,
eval,168000,,,,,16.43946666666666,0.10593919999999997
train_episode,168150,21.438933333333303,0.1392746666666665,,,,
train_episode,168300,29.109333333333336,0.19034666666666666,,,,
train_episode,168450,21.531199999999973,0.13985066666666648,,,,
train_episode,168600,15.031466666666663,0.09663999999999996,,,,
train_episode,168750,31.18880000000002,0.2042986666666668,,,,
train_episode,168900,30.337600000000034,0.19864533333333356,,,,
train_episode,169050,26.304000000000034,0.1715840000000003,,,,
train_episode,169200,16.79519999999995,0.1084586666666664,,,,
train_episode,169350,29.04533333333331,0.18994133333333307,,,,
train_episode,169500,26.312533333333377,0.17168000000000025,,,,
train_episode,169650,22.319999999999993,0.14520533333333321,,,,
train_episode,169800,18.744000000000042,0.12147200000000025,,,,
train_episode,169950,28.617600000000003,0.18683733333333333,,,,
train_episode,170100,16.15893333333332,0.10389333333333342,,,,
train_episode,170250,30.353599999999965,0.19877333333333305,,,,
train_episode,170400,20.09546666666663,0.130485333333333,,,,
train_episode,170550,23.333866666666683,0.15198933333333337,,,,
train_episode,170700,23.31040000000005,0.15182933333333368,,,,
train_episode,170850,36.22666666666668,0.23771733333333345,,,,
train_episode,171000,34.38239999999998,0.2253973333333332,,,,
train_episode,171150,29.56746666666668,0.1932693333333334,,,,
train_episode,171300,31.62346666666668,0.20722133333333345,,,,
train_episode,171450,33.67626666666664,0.22069333333333319,,,,
train_episode,171600,25.89600000000004,0.16906666666666703,,,,
train_episode,171750,24.681600000000024,0.1609066666666668,,,,
train_episode,171900,21.98079999999996,0.14281599999999975,,,,
train_episode,172050,22.366933333333314,0.14567466666666654,,,,
train_episode,172200,31.617066666666645,0.20709333333333318,,,,
train_episode,172350,31.53706666666667,0.206592,,,,
train_episode,172500,36.25333333333335,0.2379199999999999,,,,
train_episode,172650,38.08320000000002,0.2498560000000001,,,,
train_episode,172800,27.548266666666688,0.17984000000000014,,,,
train_episode,172950,26.584000000000053,0.17348266666666703,,,,
train_episode,173100,29.141866666666644,0.19045333333333314,,,,
train_episode,173250,18.493866666666666,0.11981866666666662,,,,
train_episode,173400,20.170133333333318,0.1308586666666666,,,,
train_episode,173550,27.299199999999995,0.17810133333333333,,,,
train_episode,173700,33.74773333333336,0.2213333333333334,,,,
train_episode,173850,27.06186666666664,0.17658666666666653,,,,
train_episode,174000,28.57706666666664,0.18651733333333317,,,,
eval,174000,,,,,21.99082666666665,0.14284586666666654
train_episode,174150,29.981333333333307,0.19609599999999988,,,,
train_episode,174300,26.26239999999998,0.1713706666666665,,,,
train_episode,174450,16.796266666666668,0.10801066666666659,,,,
train_episode,174600,21.71626666666667,0.14114133333333337,,,,
train_episode,174750,27.669333333333327,0.1806186666666666,,,,
train_episode,174900,28.674133333333305,0.1871999999999998,,,,
train_episode,175050,28.948266666666647,0.18922666666666654,,,,
train_episode,175200,19.641066666666664,0.12719999999999995,,,,
train_episode,175350,26.140799999999974,0.17057066666666643,,,,
train_episode,175500,38.37973333333338,0.2520426666666669,,,,
train_episode,175650,26.18986666666668,0.17074133333333336,,,,
train_episode,175800,25.696533333333303,0.1675839999999997,,,,
train_episode,175950,30.187200000000004,0.19730133333333336,,,,
train_episode,176100,33.36426666666665,0.21851733333333329,,,,
train_episode,176250,38.9061333333333,0.2556906666666665,,,,
train_episode,176400,24.26026666666664,0.15809066666666646,,,,
train_episode,176550,30.386133333333305,0.19895466666666647,,,,
train_episode,176700,23.213866666666632,0.15105066666666642,,,,
train_episode,176850,48.8032,0.32120533333333334,,,,
train_episode,177000,18.256533333333312,0.1179626666666665,,,,
train_episode,177150,28.695999999999945,0.18751999999999955,,,,
train_episode,177300,29.56479999999999,0.19302399999999986,,,,
train_episode,177450,21.980800000000006,0.14305066666666666,,,,
train_episode,177600,22.383999999999972,0.14548266666666645,,,,
train_episode,177750,33.25119999999996,0.21789866666666627,,,,
train_episode,177900,32.39253333333336,0.21233066666666658,,,,
train_episode,178050,41.86186666666666,0.2751253333333334,,,,
train_episode,178200,36.52906666666669,0.23955200000000001,,,,
train_episode,178350,21.732799999999994,0.1412053333333332,,,,
train_episode,178500,27.449599999999993,0.17925333333333324,,,,
train_episode,178650,21.415466666666646,0.13932799999999984,,,,
train_episode,178800,42.96053333333333,0.28274133333333323,,,,
train_episode,178950,57.865066666666664,0.3821653333333334,,,,
train_episode,179100,19.68853333333331,0.12741333333333313,,,,
train_episode,179250,24.335466666666626,0.158293333333333,,,,
train_episode,179400,32.28373333333333,0.21138133333333317,,,,
train_episode,179550,38.48213333333334,0.25265066666666675,,,,
train_episode,179700,22.90346666666663,0.14903466666666643,,,,
train_episode,179850,36.690666666666665,0.24097066666666697,,,,
train_episode,180000,39.130133333333326,0.2570666666666666,,,,
eval,180000,,,,,21.89855999999999,0.14211839999999992
train_episode,180150,28.26186666666662,0.18443733333333304,,,,
train_episode,180300,44.746133333333304,0.29443199999999997,,,,
train_episode,180450,16.33119999999999,0.1053866666666666,,,,
train_episode,180600,28.733866666666692,0.18778666666666682,,,,
train_episode,180750,24.06506666666665,0.15660799999999978,,,,
train_episode,180900,53.2608,0.35170133333333337,,,,
train_episode,181050,33.57493333333337,0.21964800000000007,,,,
train_episode,181200,28.564266666666644,0.1866346666666665,,,,
train_episode,181350,35.922133333333356,0.23564799999999986,,,,
train_episode,181500,24.58506666666662,0.15997866666666638,,,,
train_episode,181650,59.7493333333333,0.394624,,,,
train_episode,181800,45.140266666666655,0.297088,,,,
train_episode,181950,30.474666666666657,0.19932799999999992,,,,
train_episode,182100,36.59946666666664,0.240224,,,,
train_episode,182250,47.806933333333355,0.3146666666666667,,,,
train_episode,182400,47.37546666666666,0.31198933333333306,,,,
train_episode,182550,40.74399999999999,0.26781866666666665,,,,
train_episode,182700,43.083733333333335,0.2832106666666669,,,,
train_episode,182850,41.08586666666669,0.2700373333333334,,,,
train_episode,183000,48.4048,0.31897599999999987,,,,
train_episode,183150,37.036800000000035,0.24324266666666688,,,,
train_episode,183300,27.597866666666683,0.18044800000000014,,,,
train_episode,183450,52.835200000000015,0.3483200000000002,,,,
train_episode,183600,64.6181333333333,0.4275733333333332,,,,
train_episode,183750,58.70880000000005,0.3875733333333336,,,,
train_episode,183900,42.47359999999999,0.2792213333333333,,,,
train_episode,184050,55.06453333333332,0.36324266666666644,,,,
train_episode,184200,33.32533333333334,0.2184213333333334,,,,
train_episode,184350,49.80959999999998,0.3290773333333333,,,,
train_episode,184500,42.76053333333331,0.2816213333333333,,,,
train_episode,184650,45.231466666666655,0.29783466666666675,,,,
train_episode,184800,44.598400000000005,0.2933866666666667,,,,
train_episode,184950,52.08853333333332,0.34379733333333323,,,,
train_episode,185100,43.402666666666654,0.28559999999999974,,,,
train_episode,185250,60.959466666666664,0.40261333333333355,,,,
train_episode,185400,59.19839999999999,0.39173333333333343,,,,
train_episode,185550,40.37759999999999,0.2653546666666665,,,,
train_episode,185700,53.4624,0.35330133333333313,,,,
train_episode,185850,51.82666666666669,0.3417493333333334,,,,
train_episode,186000,48.42400000000001,0.3196799999999999,,,,
eval,186000,,,,,53.49920000000001,0.3536746666666667
train_episode,186150,48.57333333333332,0.31999999999999995,,,,
train_episode,186300,71.7098666666667,0.47571199999999986,,,,
train_episode,186450,53.728,0.3543359999999998,,,,
train_episode,186600,64.73386666666664,0.4288746666666666,,,,
train_episode,186750,72.31839999999997,0.480437333333333,,,,
train_episode,186900,94.6794666666667,0.6303040000000002,,,,
train_episode,187050,85.00266666666661,0.5653013333333331,,,,
train_episode,187200,75.50133333333333,0.50192,,,,
train_episode,187350,78.35413333333334,0.5204800000000002,,,,
train_episode,187500,82.7274666666667,0.5499093333333335,,,,
train_episode,187650,78.55306666666664,0.5214826666666665,,,,
train_episode,187800,68.49013333333333,0.4539840000000001,,,,
train_episode,187950,94.20160000000006,0.6278186666666667,,,,
train_episode,188100,89.59520000000005,0.5959786666666671,,,,
train_episode,188250,84.91733333333339,0.5648320000000002,,,,
train_episode,188400,71.3808,0.47306666666666675,,,,
train_episode,188550,88.22986666666665,0.5866026666666665,,,,
train_episode,188700,40.796266666666654,0.2686506666666664,,,,
train_episode,188850,92.76000000000003,0.6172799999999999,,,,
train_episode,189000,75.31893333333332,0.4998613333333331,,,,
train_episode,189150,50.63733333333331,0.3339626666666664,,,,
train_episode,189300,77.0394666666666,0.5119573333333333,,,,
train_episode,189450,93.80106666666663,0.6249919999999999,,,,
train_episode,189600,95.68746666666662,0.6376320000000001,,,,
train_episode,189750,88.04639999999999,0.5862826666666666,,,,
train_episode,189900,64.05973333333334,0.4244266666666666,,,,
train_episode,190050,87.77493333333334,0.5840426666666665,,,,
train_episode,190200,95.7552,0.6374933333333334,,,,
train_episode,190350,91.33119999999992,0.6077439999999998,,,,
train_episode,190500,88.04319999999997,0.5855253333333336,,,,
train_episode,190650,70.74986666666669,0.46901333333333345,,,,
train_episode,190800,88.92373333333329,0.5915946666666669,,,,
train_episode,190950,83.64426666666665,0.5563840000000002,,,,
train_episode,191100,96.21546666666667,0.6406186666666664,,,,
train_episode,191250,88.20533333333337,0.586506666666667,,,,
train_episode,191400,98.10879999999997,0.6540053333333338,,,,
train_episode,191550,101.45600000000002,0.6762773333333335,,,,
train_episode,191700,102.99253333333331,0.6865386666666666,,,,
train_episode,191850,94.3098666666667,0.6284373333333333,,,,
train_episode,192000,106.90453333333333,0.7130879999999996,,,,
eval,192000,,,,,105.62453333333333,0.7046122666666667
train_episode,192150,106.98826666666666,0.7142613333333331,,,,
train_episode,192300,98.07253333333335,0.6540799999999999,,,,
train_episode,192450,103.92000000000003,0.6934400000000003,,,,
train_episode,192600,107.06559999999998,0.7143573333333338,,,,
train_episode,192750,106.37493333333333,0.7094826666666666,,,,
train_episode,192900,107.11999999999998,0.7141973333333334,,,,
train_episode,193050,103.75786666666671,0.6921599999999996,,,,
train_episode,193200,111.9664,0.7468693333333334,,,,
train_episode,193350,105.928,0.7068479999999999,,,,
train_episode,193500,109.08906666666661,0.7282559999999996,,,,
train_episode,193650,109.47733333333335,0.731018666666667,,,,
train_episode,193800,108.09760000000003,0.7211199999999999,,,,
train_episode,193950,106.6688,0.7116586666666668,,,,
train_episode,194100,111.46826666666671,0.7442346666666668,,,,
train_episode,194250,107.1605333333333,0.7145066666666667,,,,
train_episode,194400,102.80106666666666,0.685354666666667,,,,
train_episode,194550,112.27093333333332,0.7494719999999997,,,,
train_episode,194700,108.11573333333331,0.7209920000000002,,,,
train_episode,194850,105.55093333333329,0.7048533333333334,,,,
train_episode,195000,106.65919999999994,0.7122133333333337,,,,
train_episode,195150,101.8922666666667,0.6796266666666668,,,,
train_episode,195300,112.98613333333329,0.7544533333333334,,,,
train_episode,195450,108.4272,0.7239466666666666,,,,
train_episode,195600,116.89226666666663,0.7803626666666663,,,,
train_episode,195750,109.6698666666666,0.732,,,,
train_episode,195900,106.57066666666667,0.7116800000000001,,,,
train_episode,196050,112.78933333333343,0.7530666666666668,,,,
train_episode,196200,113.0490666666667,0.7544640000000001,,,,
train_episode,196350,116.01706666666665,0.774592,,,,
train_episode,196500,110.17173333333324,0.7354986666666669,,,,
train_episode,196650,103.81226666666666,0.6931519999999998,,,,
train_episode,196800,110.57333333333332,0.7379520000000003,,,,
train_episode,196950,110.84426666666666,0.7400639999999999,,,,
train_episode,197100,109.22133333333332,0.728874666666667,,,,
train_episode,197250,114.67200000000001,0.7656533333333336,,,,
train_episode,197400,111.08906666666664,0.7419840000000003,,,,
train_episode,197550,108.94559999999996,0.7273173333333334,,,,
train_episode,197700,114.23039999999999,0.7630613333333337,,,,
train_episode,197850,111.3434666666666,0.7432213333333331,,,,
train_episode,198000,114.20533333333337,0.7626559999999998,,,,
eval,198000,,,,,109.90122666666666,0.73392
train_episode,198150,111.79946666666669,0.7462506666666667,,,,
train_episode,198300,113.15039999999996,0.7559573333333336,,,,
train_episode,198450,111.5765333333333,0.7449386666666665,,,,
train_episode,198600,111.69813333333337,0.7457173333333336,,,,
train_episode,198750,103.61599999999999,0.6915199999999999,,,,
train_episode,198900,108.29013333333329,0.7230399999999997,,,,
train_episode,199050,112.66720000000004,0.7521066666666669,,,,
train_episode,199200,106.12746666666669,0.7083093333333337,,,,
train_episode,199350,102.23946666666663,0.6826879999999999,,,,
train_episode,199500,99.97706666666669,0.667125333333333,,,,
train_episode,199650,107.08959999999999,0.7149120000000003,,,,
train_episode,199800,107.09066666666666,0.7153173333333331,,,,
train_episode,199950,103.90186666666666,0.6935360000000002,,,,
train_episode,200100,103.11679999999997,0.6885333333333338,,,,
train_episode,200250,102.0986666666667,0.6815466666666666,,,,
train_episode,200400,98.3104,0.6558400000000002,,,,
train_episode,200550,96.84,0.646101333333333,,,,
train_episode,200700,93.77066666666667,0.6250133333333336,,,,
train_episode,200850,98.34079999999999,0.6556693333333334,,,,
train_episode,201000,103.32960000000001,0.689205333333333,,,,
train_episode,201150,100.48959999999997,0.6707306666666667,,,,
train_episode,201300,87.23840000000001,0.5809066666666668,,,,
train_episode,201450,91.30880000000005,0.6090666666666668,,,,
train_episode,201600,88.8213333333333,0.5924266666666665,,,,
train_episode,201750,89.00960000000002,0.5931946666666665,,,,
train_episode,201900,85.7168,0.5707413333333333,,,,
train_episode,202050,84.31093333333332,0.5619413333333334,,,,
train_episode,202200,85.1989333333333,0.5679786666666669,,,,
train_episode,202350,88.09279999999995,0.5870613333333333,,,,
train_episode,202500,72.93013333333329,0.4850666666666666,,,,
train_episode,202650,79.45440000000008,0.5291946666666668,,,,
train_episode,202800,79.43306666666665,0.5284266666666662,,,,
train_episode,202950,83.08533333333337,0.5531519999999999,,,,
train_episode,203100,76.33226666666665,0.5079359999999999,,,,
train_episode,203250,75.62773333333335,0.5028373333333332,,,,
train_episode,203400,70.67253333333333,0.4704106666666666,,,,
train_episode,203550,73.99359999999997,0.49188266666666647,,,,
train_episode,203700,74.23039999999999,0.4928213333333334,,,,
train_episode,203850,57.9365333333333,0.38459733333333324,,,,
train_episode,204000,60.90079999999998,0.4042026666666666,,,,
eval,204000,,,,,56.409066666666675,0.3739583999999999
train_episode,204150,62.48853333333333,0.4150400000000001,,,,
train_episode,204300,62.88586666666665,0.41736533333333314,,,,
train_episode,204450,51.53493333333334,0.3408746666666667,,,,
train_episode,204600,59.97706666666666,0.39749333333333337,,,,
train_episode,204750,58.60853333333335,0.38892800000000005,,,,
train_episode,204900,64.37653333333331,0.4272533333333335,,,,
train_episode,205050,64.98880000000003,0.43116800000000005,,,,
train_episode,205200,69.8405333333333,0.46393599999999985,,,,
train_episode,205350,66.01440000000001,0.43847466666666673,,,,
train_episode,205500,62.48693333333332,0.41465599999999997,,,,
train_episode,205650,59.896533333333316,0.39702399999999993,,,,
train_episode,205800,61.584533333333354,0.40810666666666684,,,,
train_episode,205950,54.080533333333314,0.3584533333333333,,,,
train_episode,206100,74.7856,0.4967679999999999,,,,
train_episode,206250,68.81333333333339,0.4573439999999999,,,,
train_episode,206400,66.55253333333337,0.4418986666666666,,,,
train_episode,206550,58.047999999999966,0.38456533333333337,,,,
train_episode,206700,61.19893333333335,0.4063893333333334,,,,
train_episode,206850,63.36906666666666,0.42075733333333326,,,,
train_episode,207000,63.46346666666666,0.42119466666666694,,,,
train_episode,207150,71.03573333333334,0.4716160000000002,,,,
train_episode,207300,71.81813333333335,0.4781226666666665,,,,
train_episode,207450,64.44693333333332,0.4275199999999998,,,,
train_episode,207600,61.90453333333332,0.41108266666666654,,,,
train_episode,207750,60.12106666666661,0.3988906666666666,,,,
train_episode,207900,76.2016,0.5067733333333334,,,,
train_episode,208050,69.09440000000001,0.4588906666666666,,,,
train_episode,208200,58.28480000000001,0.38665600000000017,,,,
train_episode,208350,70.94133333333333,0.4714560000000001,,,,
train_episode,208500,63.998400000000004,0.42470400000000014,,,,
train_episode,208650,64.64373333333332,0.42924800000000013,,,,
train_episode,208800,66.6368,0.4427946666666666,,,,
train_episode,208950,57.32959999999999,0.38072533333333347,,,,
train_episode,209100,68.20426666666667,0.45272533333333304,,,,
train_episode,209250,64.91893333333334,0.43038933333333335,,,,
train_episode,209400,69.42666666666666,0.46109866666666677,,,,
train_episode,209550,75.3365333333333,0.5010773333333333,,,,
train_episode,209700,70.06666666666668,0.46547200000000005,,,,
train_episode,209850,64.47359999999999,0.4277866666666667,,,,
train_episode,210000,65.9274666666667,0.4378026666666665,,,,
eval,210000,,,,,66.78602666666667,0.4440128
train_episode,210150,72.47626666666669,0.48252799999999996,,,,
train_episode,210300,68.36266666666668,0.4537813333333334,,,,
train_episode,210450,62.09333333333334,0.41175466666666666,,,,
train_episode,210600,64.29546666666668,0.42622933333333335,,,,
train_episode,210750,54.83946666666666,0.3641279999999999,,,,
train_episode,210900,66.05066666666666,0.438517333333333,,,,
train_episode,211050,66.41759999999998,0.44075733333333345,,,,
train_episode,211200,66.12266666666667,0.4392426666666666,,,,
train_episode,211350,69.79626666666671,0.4643413333333333,,,,
train_episode,211500,64.63839999999998,0.42903466666666684,,,,
train_episode,211650,67.86933333333333,0.4514773333333334,,,,
train_episode,211800,64.61599999999997,0.4287359999999999,,,,
train_episode,211950,64.83520000000001,0.43019733333333326,,,,
train_episode,212100,66.21226666666668,0.4396053333333334,,,,
train_episode,212250,76.49493333333331,0.5089706666666665,,,,
train_episode,212400,72.89653333333328,0.4848746666666667,,,,
train_episode,212550,73.38240000000003,0.48787199999999975,,,,
train_episode,212700,71.82613333333333,0.4773973333333332,,,,
train_episode,212850,67.35466666666667,0.44803199999999993,,,,
train_episode,213000,71.44213333333336,0.475296,,,,
train_episode,213150,72.89813333333328,0.48489599999999994,,,,
train_episode,213300,75.73760000000001,0.5041386666666673,,,,
train_episode,213450,76.2944,0.5074026666666668,,,,
train_episode,213600,78.4501333333333,0.5226240000000001,,,,
train_episode,213750,75.21439999999998,0.5005759999999999,,,,
train_episode,213900,75.2976,0.5011946666666667,,,,
train_episode,214050,72.04906666666666,0.4789973333333334,,,,
train_episode,214200,62.74186666666665,0.41705600000000004,,,,
train_episode,214350,69.20906666666667,0.46009600000000006,,,,
train_episode,214500,77.84906666666666,0.5181546666666667,,,,
train_episode,214650,73.58133333333338,0.48915199999999986,,,,
train_episode,214800,76.31466666666664,0.5077119999999999,,,,
train_episode,214950,69.14079999999998,0.46020266666666665,,,,
train_episode,215100,79.91893333333337,0.5317546666666668,,,,
train_episode,215250,82.91680000000004,0.552416,,,,
train_episode,215400,83.08426666666664,0.553706666666667,,,,
train_episode,215550,78.8058666666667,0.5248000000000003,,,,
train_episode,215700,82.8421333333333,0.552352,,,,
train_episode,215850,75.2272,0.5005226666666664,,,,
train_episode,216000,83.29813333333333,0.5542293333333336,,,,
eval,216000,,,,,76.98506666666667,0.5126890666666666
train_episode,216150,80.54666666666672,0.5361386666666667,,,,
train_episode,216300,78.05706666666666,0.5198293333333331,,,,
train_episode,216450,80.66079999999998,0.5369706666666668,,,,
train_episode,216600,77.65813333333332,0.516768,,,,
train_episode,216750,80.64266666666667,0.5368640000000002,,,,
train_episode,216900,77.65440000000002,0.5168640000000002,,,,
train_episode,217050,81.13759999999996,0.5403199999999998,,,,
train_episode,217200,78.37599999999995,0.521738666666666,,,,
train_episode,217350,79.64213333333332,0.5301439999999996,,,,
train_episode,217500,76.29333333333334,0.5081706666666665,,,,
train_episode,217650,86.85493333333339,0.5790826666666666,,,,
train_episode,217800,77.64213333333335,0.5171519999999997,,,,
train_episode,217950,81.34880000000003,0.542293333333333,,,,
train_episode,218100,84.52319999999996,0.5631786666666663,,,,
train_episode,218250,82.59413333333332,0.5498773333333332,,,,
train_episode,218400,80.7162666666667,0.5373973333333333,,,,
train_episode,218550,78.64213333333338,0.5233599999999998,,,,
train_episode,218700,79.4165333333333,0.5287146666666664,,,,
train_episode,218850,92.39733333333336,0.6152213333333337,,,,
train_episode,219000,87.04906666666663,0.5800106666666666,,,,
train_episode,219150,87.38080000000001,0.5825279999999999,,,,
train_episode,219300,80.89119999999998,0.5394559999999999,,,,
train_episode,219450,84.06826666666663,0.5598826666666668,,,,
train_episode,219600,83.58186666666668,0.5567146666666668,,,,
train_episode,219750,74.20106666666669,0.49449600000000005,,,,
train_episode,219900,82.54826666666668,0.5503893333333334,,,,
train_episode,220050,83.0778666666667,0.55328,,,,
train_episode,220200,86.06293333333328,0.5734613333333328,,,,
train_episode,220350,90.11680000000003,0.600512,,,,
train_episode,220500,93.12213333333331,0.6200959999999999,,,,
train_episode,220650,91.05706666666667,0.6072853333333337,,,,
train_episode,220800,92.53813333333338,0.6168,,,,
train_episode,220950,90.20693333333337,0.6011413333333335,,,,
train_episode,221100,90.32693333333336,0.6023359999999999,,,,
train_episode,221250,92.46293333333335,0.6164373333333334,,,,
train_episode,221400,92.46346666666668,0.616373333333333,,,,
train_episode,221550,87.36639999999996,0.5823360000000001,,,,
train_episode,221700,89.78026666666663,0.5982933333333336,,,,
train_episode,221850,93.47039999999997,0.622858666666667,,,,
train_episode,222000,87.79946666666669,0.5848960000000002,,,,
eval,222000,,,,,85.88085333333333,0.5724032
train_episode,222150,89.57706666666667,0.5966400000000004,,,,
train_episode,222300,89.6037333333333,0.5973653333333331,,,,
train_episode,222450,89.5024,0.5963946666666666,,,,
train_episode,222600,83.56853333333339,0.556202666666667,,,,
train_episode,222750,91.63680000000001,0.6109120000000005,,,,
train_episode,222900,95.45013333333333,0.6368639999999998,,,,
train_episode,223050,95.52320000000003,0.6362880000000001,,,,
train_episode,223200,88.53706666666665,0.590261333333333,,,,
train_episode,223350,90.5781333333333,0.6035520000000004,,,,
train_episode,223500,91.83626666666669,0.6121493333333335,,,,
train_episode,223650,90.5093333333333,0.6031146666666665,,,,
train_episode,223800,89.02986666666666,0.5936640000000001,,,,
train_episode,223950,91.27840000000003,0.608416,,,,
train_episode,224100,96.22293333333334,0.6413760000000001,,,,
train_episode,224250,95.1952,0.6351466666666665,,,,
train_episode,224400,94.03253333333335,0.6268160000000003,,,,
train_episode,224550,96.14346666666664,0.6409066666666667,,,,
train_episode,224700,90.72373333333334,0.604672,,,,
train_episode,224850,93.5712,0.623829333333333,,,,
train_episode,225000,91.51306666666667,0.6098453333333334,,,,
train_episode,225150,92.8064,0.6192320000000001,,,,
train_episode,225300,96.48426666666667,0.6437333333333335,,,,
train_episode,225450,96.15839999999997,0.6410773333333336,,,,
train_episode,225600,98.79999999999995,0.6590826666666666,,,,
train_episode,225750,96.72373333333329,0.6447040000000002,,,,
train_episode,225900,90.21173333333336,0.6010240000000001,,,,
train_episode,226050,94.7621333333333,0.6319573333333334,,,,
train_episode,226200,95.29866666666665,0.6356480000000001,,,,
train_episode,226350,87.88746666666673,0.5854293333333336,,,,
train_episode,226500,84.94773333333335,0.5656106666666667,,,,
train_episode,226650,85.89333333333333,0.5726613333333332,,,,
train_episode,226800,84.77226666666672,0.5647573333333333,,,,
train_episode,226950,86.30080000000002,0.575136,,,,
train_episode,227100,86.16906666666665,0.5747946666666667,,,,
train_episode,227250,88.5312,0.589632,,,,
train_episode,227400,83.9178666666667,0.5590933333333334,,,,
train_episode,227550,85.76159999999996,0.5714773333333331,,,,
train_episode,227700,88.61973333333333,0.590346666666667,,,,
train_episode,227850,88.82880000000004,0.5917866666666668,,,,
train_episode,228000,85.93013333333333,0.5721920000000001,,,,
eval,228000,,,,,86.86144,0.5785941333333333
train_episode,228150,84.83359999999995,0.5654186666666666,,,,
train_episode,228300,80.5792,0.5368746666666666,,,,
train_episode,228450,88.0021333333333,0.5856959999999999,,,,
train_episode,228600,88.6592,0.5906346666666666,,,,
train_episode,228750,81.46453333333335,0.5429226666666664,,,,
train_episode,228900,88.53973333333339,0.5904533333333333,,,,
train_episode,229050,83.76853333333338,0.5581013333333331,,,,
train_episode,229200,89.94453333333331,0.5991253333333333,,,,
train_episode,229350,89.11253333333335,0.593973333333333,,,,
train_episode,229500,86.09493333333329,0.5741333333333333,,,,
train_episode,229650,86.12213333333332,0.5739733333333336,,,,
train_episode,229800,88.04906666666666,0.5866240000000001,,,,
train_episode,229950,88.91146666666668,0.5927893333333336,,,,
train_episode,230100,91.64800000000001,0.6110079999999999,,,,
train_episode,230250,86.08160000000001,0.573664,,,,
train_episode,230400,86.81279999999997,0.5784959999999998,,,,
train_episode,230550,82.50346666666668,0.5492586666666671,,,,
train_episode,230700,87.05813333333334,0.5794026666666671,,,,
train_episode,230850,86.51306666666669,0.5766826666666667,,,,
train_episode,231000,84.18879999999994,0.5603413333333336,,,,
train_episode,231150,83.93173333333331,0.558677333333333,,,,
train_episode,231300,83.78506666666665,0.5578239999999998,,,,
train_episode,231450,89.12373333333335,0.5943999999999999,,,,
train_episode,231600,87.94666666666673,0.5863466666666668,,,,
train_episode,231750,89.74933333333335,0.597909333333333,,,,
train_episode,231900,91.07626666666664,0.6070293333333334,,,,
train_episode,232050,92.7024,0.6176746666666665,,,,
train_episode,232200,93.55466666666666,0.6230826666666666,,,,
train_episode,232350,88.35839999999995,0.5885333333333335,,,,
train_episode,232500,88.77333333333331,0.5915519999999996,,,,
train_episode,232650,89.19413333333334,0.5945173333333333,,,,
train_episode,232800,88.63040000000002,0.5900266666666671,,,,
train_episode,232950,85.50346666666668,0.5692266666666664,,,,
train_episode,233100,86.09813333333335,0.5732266666666663,,,,
train_episode,233250,88.16533333333336,0.5876266666666669,,,,
train_episode,233400,80.56960000000001,0.5369280000000001,,,,
train_episode,233550,87.95093333333335,0.5862186666666668,,,,
train_episode,233700,86.1456,0.5737493333333336,,,,
train_episode,233850,88.81813333333331,0.591978666666667,,,,
train_episode,234000,88.99093333333334,0.5929386666666665,,,,
eval,234000,,,,,86.94922666666668,0.5794005333333331
train_episode,234150,88.36266666666667,0.5895573333333332,,,,
train_episode,234300,90.40959999999998,0.6031040000000002,,,,
train_episode,234450,89.80693333333335,0.5981973333333334,,,,
train_episode,234600,86.82773333333334,0.5790506666666663,,,,
train_episode,234750,84.78133333333334,0.5647999999999997,,,,
train_episode,234900,80.30239999999999,0.5345919999999998,,,,
train_episode,235050,84.55573333333332,0.5626986666666668,,,,
train_episode,235200,85.8437333333333,0.5719253333333332,,,,
train_episode,235350,79.77813333333333,0.5315093333333332,,,,
train_episode,235500,80.99839999999993,0.5388586666666667,,,,
train_episode,235650,79.88373333333335,0.5321280000000003,,,,
train_episode,235800,83.72213333333335,0.5577173333333334,,,,
train_episode,235950,81.19360000000002,0.5407679999999999,,,,
train_episode,236100,82.77973333333333,0.5518080000000002,,,,
train_episode,236250,80.27253333333334,0.5345066666666665,,,,
train_episode,236400,82.72853333333333,0.5510933333333334,,,,
train_episode,236550,79.77333333333331,0.5305813333333333,,,,
train_episode,236700,79.37173333333331,0.52864,,,,
train_episode,236850,80.2032,0.5333866666666662,,,,
train_episode,237000,78.95840000000004,0.5254826666666667,,,,
train_episode,237150,82.47626666666666,0.5487573333333331,,,,
train_episode,237300,75.75733333333329,0.504693333333333,,,,
train_episode,237450,76.41386666666664,0.5084586666666671,,,,
train_episode,237600,75.11039999999998,0.5000000000000001,,,,
train_episode,237750,78.57226666666669,0.5231466666666665,,,,
train_episode,237900,77.80373333333334,0.5176853333333331,,,,
train_episode,238050,76.83999999999997,0.5116160000000001,,,,
train_episode,238200,76.86719999999998,0.5116906666666665,,,,
train_episode,238350,74.94986666666664,0.4988266666666665,,,,
train_episode,238500,74.9856,0.4987306666666669,,,,
train_episode,238650,74.51680000000002,0.49558399999999986,,,,
train_episode,238800,78.17813333333335,0.5200853333333333,,,,
train_episode,238950,72.8682666666667,0.4854080000000002,,,,
train_episode,239100,77.04106666666667,0.5132053333333334,,,,
train_episode,239250,79.0250666666667,0.5259306666666667,,,,
train_episode,239400,76.97813333333337,0.5126293333333332,,,,
train_episode,239550,78.09653333333337,0.5200960000000001,,,,
train_episode,239700,77.24533333333333,0.5138666666666666,,,,
train_episode,239850,75.6816,0.5035733333333338,,,,
train_episode,240000,77.58773333333338,0.5160213333333333,,,,
eval,240000,,,,,77.33258666666666,0.5145706666666668
train_episode,240150,78.5205333333333,0.5222400000000003,,,,
train_episode,240300,76.84106666666666,0.5111040000000003,,,,
train_episode,240450,76.84586666666664,0.5114240000000001,,,,
train_episode,240600,74.99733333333333,0.4992853333333328,,,,
train_episode,240750,76.13120000000004,0.5070719999999999,,,,
train_episode,240900,73.09493333333333,0.48663466666666655,,,,
train_episode,241050,76.28106666666669,0.5076373333333334,,,,
train_episode,241200,78.42986666666665,0.5219733333333331,,,,
train_episode,241350,76.5066666666667,0.509024,,,,
train_episode,241500,76.08159999999998,0.5063146666666666,,,,
train_episode,241650,76.49439999999996,0.5090666666666668,,,,
train_episode,241800,76.96000000000001,0.5120106666666667,,,,
train_episode,241950,73.7610666666667,0.4908479999999999,,,,
train_episode,242100,73.24426666666665,0.4878826666666666,,,,
train_episode,242250,75.03839999999994,0.4993066666666665,,,,
train_episode,242400,75.5013333333333,0.5023359999999997,,,,
train_episode,242550,73.40640000000003,0.48842666666666673,,,,
train_episode,242700,73.02133333333337,0.48579200000000017,,,,
train_episode,242850,73.15466666666667,0.4866240000000001,,,,
train_episode,243000,72.70506666666667,0.48384000000000016,,,,
train_episode,243150,72.8608,0.48468266666666665,,,,
train_episode,243300,74.88266666666665,0.49786666666666674,,,,
train_episode,243450,72.28213333333332,0.4812159999999999,,,,
train_episode,243600,70.29599999999996,0.46756266666666646,,,,
train_episode,243750,71.49386666666668,0.4753813333333334,,,,
train_episode,243900,71.40373333333328,0.47499733333333316,,,,
train_episode,244050,71.93226666666668,0.47831466666666683,,,,
train_episode,244200,72.55999999999999,0.4825600000000002,,,,
train_episode,244350,70.02346666666664,0.4658240000000002,,,,
train_episode,244500,72.39413333333331,0.4814186666666669,,,,
train_episode,244650,71.34346666666666,0.47425066666666654,,,,
train_episode,244800,71.23626666666665,0.4739093333333333,,,,
train_episode,244950,72.08373333333331,0.4794453333333331,,,,
train_episode,245100,69.9418666666667,0.46510933333333326,,,,
train_episode,245250,69.7664,0.46344533333333326,,,,
train_episode,245400,67.27786666666665,0.4474133333333334,,,,
train_episode,245550,68.10826666666668,0.4526400000000002,,,,
train_episode,245700,68.2,0.45356800000000014,,,,
train_episode,245850,68.54773333333334,0.4565866666666666,,,,
train_episode,246000,70.03306666666664,0.46558933333333347,,,,
eval,246000,,,,,66.70368,0.4432789333333334
train_episode,246150,66.89759999999998,0.44472533333333314,,,,
train_episode,246300,67.43733333333333,0.44845866666666645,,,,
train_episode,246450,61.92479999999999,0.4109333333333335,,,,
train_episode,246600,64.31146666666666,0.4272639999999999,,,,
train_episode,246750,64.09866666666667,0.425674666666667,,,,
train_episode,246900,65.20373333333333,0.4331199999999997,,,,
train_episode,247050,66.12213333333331,0.43946666666666695,,,,
train_episode,247200,64.76159999999999,0.43006933333333325,,,,
train_episode,247350,66.15306666666667,0.43961600000000006,,,,
train_episode,247500,68.12959999999998,0.4529600000000002,,,,
train_episode,247650,68.69173333333335,0.4567040000000002,,,,
train_episode,247800,66.04373333333328,0.4387093333333331,,,,
train_episode,247950,66.19306666666665,0.43980800000000014,,,,
train_episode,248100,66.51573333333337,0.4418986666666667,,,,
train_episode,248250,66.73813333333338,0.44309333333333334,,,,
train_episode,248400,67.80853333333334,0.45110400000000006,,,,
train_episode,248550,67.87413333333336,0.4510293333333332,,,,
train_episode,248700,64.99733333333336,0.431904,,,,
train_episode,248850,66.52000000000001,0.44167466666666644,,,,
train_episode,249000,63.76586666666669,0.42314666666666645,,,,
train_episode,249150,64.78026666666666,0.4294719999999998,,,,
train_episode,249300,60.67413333333336,0.4025173333333335,,,,
train_episode,249450,58.77866666666666,0.3896959999999999,,,,
train_episode,249600,57.49813333333333,0.38150399999999995,,,,
train_episode,249750,56.38986666666666,0.3742506666666668,,,,
train_episode,249900,53.24480000000002,0.35248000000000007,,,,
train_episode,250050,51.529066666666665,0.34106666666666674,,,,
train_episode,250200,51.17066666666668,0.33844266666666667,,,,
train_episode,250350,43.843199999999996,0.28932266666666656,,,,
train_episode,250500,42.163733333333326,0.2779093333333334,,,,
train_episode,250650,40.03253333333335,0.2638400000000001,,,,
train_episode,250800,37.00106666666669,0.24356266666666676,,,,
train_episode,250950,36.962666666666664,0.2432213333333334,,,,
train_episode,251100,33.643199999999986,0.22065066666666672,,,,
train_episode,251250,29.815466666666676,0.19542400000000007,,,,
train_episode,251400,29.25706666666666,0.19156266666666666,,,,
train_episode,251550,26.207466666666665,0.17089066666666658,,,,
train_episode,251700,22.019200000000012,0.14278400000000016,,,,
train_episode,251850,28.146133333333328,0.18374400000000002,,,,
train_episode,252000,26.488533333333336,0.17291733333333337,,,,
eval,252000,,,,,22.60895999999999,0.14705919999999995
train_episode,252150,24.24159999999999,0.158208,,,,
train_episode,252300,23.863466666666664,0.15517866666666666,,,,
train_episode,252450,20.2752,0.13189333333333333,,,,
train_episode,252600,17.162666666666667,0.11093333333333331,,,,
train_episode,252750,21.084266666666668,0.13684266666666664,,,,
train_episode,252900,19.17546666666667,0.12401066666666673,,,,
train_episode,253050,17.03466666666667,0.10960000000000003,,,,
train_episode,253200,17.425066666666662,0.11243733333333332,,,,
train_episode,253350,16.153066666666664,0.10393599999999997,,,,
train_episode,253500,18.961066666666657,0.12282666666666661,,,,
train_episode,253650,16.11893333333333,0.10363733333333333,,,,
train_episode,253800,16.079999999999995,0.10350933333333331,,,,
train_episode,253950,16.97173333333332,0.10940799999999991,,,,
train_episode,254100,13.68426666666667,0.08767999999999997,,,,
train_episode,254250,13.978133333333329,0.08962133333333328,,,,
train_episode,254400,14.408533333333327,0.09269333333333328,,,,
train_episode,254550,15.04266666666668,0.09677866666666667,,,,
train_episode,254700,12.764266666666668,0.08150399999999997,,,,
train_episode,254850,14.360533333333338,0.09208533333333338,,,,
train_episode,255000,14.254933333333334,0.09141333333333335,,,,
train_episode,255150,12.3664,0.07844266666666662,,,,
train_episode,255300,11.317866666666676,0.07182933333333336,,,,
train_episode,255450,11.043200000000006,0.07007999999999999,,,,
train_episode,255600,10.600000000000009,0.06683733333333337,,,,
train_episode,255750,8.567466666666663,0.053472,,,,
train_episode,255900,11.019199999999984,0.0696426666666666,,,,
train_episode,256050,11.955199999999994,0.07584000000000002,,,,
train_episode,256200,9.88320000000001,0.062261333333333405,,,,
train_episode,256350,8.650133333333338,0.0541653333333334,,,,
train_episode,256500,9.036266666666675,0.056640000000000086,,,,
train_episode,256650,7.817599999999997,0.048533333333333324,,,,
train_episode,256800,7.416533333333329,0.045877333333333326,,,,
train_episode,256950,6.223466666666663,0.03766400000000002,,,,
train_episode,257100,6.167466666666668,0.03762133333333336,,,,
train_episode,257250,6.5909333333333295,0.04033066666666666,,,,
train_episode,257400,5.318399999999997,0.032106666666666644,,,,
train_episode,257550,4.395733333333331,0.025599999999999998,,,,
train_episode,257700,4.435733333333329,0.02613333333333333,,,,
train_episode,257850,4.686933333333331,0.02765866666666665,,,,
train_episode,258000,6.181866666666663,0.037813333333333324,,,,
eval,258000,,,,,3.970239999999999,0.022956800000000003
train_episode,258150,4.619733333333328,0.027306666666666642,,,,
train_episode,258300,3.6469333333333336,0.020885333333333343,,,,
train_episode,258450,4.355200000000002,0.025770666666666674,,,,
train_episode,258600,4.060266666666667,0.023466666666666684,,,,
train_episode,258750,3.7818666666666667,0.02163200000000001,,,,
train_episode,258900,5.504533333333335,0.03302400000000002,,,,
train_episode,259050,3.966933333333335,0.02311466666666668,,,,
train_episode,259200,3.1157333333333344,0.017333333333333333,,,,
train_episode,259350,2.5296000000000003,0.013312000000000011,,,,
train_episode,259500,3.438399999999999,0.01924266666666667,,,,
train_episode,259650,3.1546666666666674,0.017621333333333336,,,,
train_episode,259800,3.4917333333333325,0.019989333333333328,,,,
train_episode,259950,2.7717333333333336,0.015125333333333338,,,,
train_episode,260100,4.2848000000000015,0.025162666666666677,,,,
train_episode,260250,3.1248000000000022,0.01749333333333335,,,,
train_episode,260400,2.745066666666666,0.014890666666666658,,,,
train_episode,260550,2.9263999999999992,0.01605333333333333,,,,
train_episode,260700,2.5333333333333323,0.013471999999999987,,,,
train_episode,260850,2.5301333333333345,0.013503999999999999,,,,
train_episode,261000,2.592533333333333,0.013962666666666663,,,,
train_episode,261150,2.5445333333333324,0.013503999999999999,,,,
train_episode,261300,3.126400000000001,0.017280000000000007,,,,
train_episode,261450,2.722666666666663,0.014847999999999972,,,,
train_episode,261600,2.224533333333334,0.011519999999999997,,,,
train_episode,261750,2.0895999999999986,0.010549333333333334,,,,
train_episode,261900,2.565866666666665,0.013503999999999995,,,,
train_episode,262050,2.250666666666666,0.01159466666666667,,,,
train_episode,262200,1.9258666666666668,0.009429333333333336,,,,
train_episode,262350,1.9578666666666669,0.009760000000000001,,,,
train_episode,262500,2.297599999999999,0.01208533333333334,,,,
train_episode,262650,2.4053333333333344,0.01271466666666667,,,,
train_episode,262800,2.4864000000000006,0.013056000000000002,,,,
train_episode,262950,2.3039999999999994,0.012000000000000002,,,,
train_episode,263100,2.0085333333333333,0.010304,,,,
train_episode,263250,2.052799999999996,0.010272000000000024,,,,
train_episode,263400,1.7962666666666667,0.008608000000000001,,,,
train_episode,263550,2.506666666666666,0.013194666666666665,,,,
train_episode,263700,1.8784,0.009045333333333334,,,,
train_episode,263850,2.1935999999999978,0.011200000000000009,,,,
train_episode,264000,2.2138666666666666,0.011466666666666665,,,,
eval,264000,,,,,1.8757333333333341,0.009149866666666673
train_episode,264150,2.1423999999999954,0.011146666666666687,,,,
train_episode,264300,2.2250666666666676,0.01146666666666667,,,,
train_episode,264450,1.986133333333333,0.009930666666666666,,,,
train_episode,264600,2.3493333333333313,0.012384000000000011,,,,
train_episode,264750,2.0240000000000005,0.010208000000000007,,,,
train_episode,264900,1.4805333333333328,0.006762666666666668,,,,
train_episode,265050,1.4448000000000003,0.006463999999999999,,,,
train_episode,265200,1.6752000000000007,0.007765333333333335,,,,
train_episode,265350,2.0319999999999996,0.010325333333333334,,,,
train_episode,265500,1.6682666666666663,0.007904000000000001,,,,
train_episode,265650,2.1541333333333337,0.010944,,,,
train_episode,265800,2.357866666666652,0.01222400000000003,,,,
train_episode,265950,1.9088,0.009344000000000002,,,,
train_episode,266100,2.0341333333333314,0.010090666666666684,,,,
train_episode,266250,1.6410666666666665,0.0077119999999999975,,,,
train_episode,266400,1.6917333333333335,0.007968000000000001,,,,
train_episode,266550,2.474666666666666,0.01273600000000001,,,,
train_episode,266700,2.100266666666666,0.010762666666666676,,,,
train_episode,266850,1.5637333333333334,0.007423999999999999,,,,
train_episode,267000,1.8159999999999998,0.008629333333333333,,,,
train_episode,267150,1.9311999999999996,0.009536,,,,
train_episode,267300,2.041066666666663,0.010186666666666677,,,,
train_episode,267450,1.8773333333333335,0.009184000000000003,,,,
train_episode,267600,1.832000000000001,0.008981333333333338,,,,
train_episode,267750,1.7824000000000013,0.008608000000000005,,,,
train_episode,267900,1.911466666666667,0.009504000000000002,,,,
train_episode,268050,2.1216000000000004,0.010698666666666669,,,,
train_episode,268200,1.7562666666666664,0.008362666666666666,,,,
train_episode,268350,2.2234666666666647,0.011573333333333347,,,,
train_episode,268500,2.1552000000000002,0.010912,,,,
train_episode,268650,2.4992000000000005,0.013141333333333333,,,,
train_episode,268800,2.243199999999987,0.011584000000000027,,,,
train_episode,268950,1.4677333333333336,0.006602666666666666,,,,
train_episode,269100,1.801066666666667,0.008768000000000001,,,,
train_episode,269250,1.9914666666666672,0.010133333333333334,,,,
train_episode,269400,1.700266666666667,0.007968000000000003,,,,
train_episode,269550,1.5306666666666668,0.0069440000000000005,,,,
train_episode,269700,2.0554666666666668,0.010421333333333336,,,,
train_episode,269850,1.7669333333333337,0.008458666666666668,,,,
train_episode,270000,1.8901333333333332,0.009365333333333337,,,,
eval,270000,,,,,2.054080000000001,0.010240000000000006
train_episode,270150,1.829866666666667,0.00865066666666667,,,,
train_episode,270300,1.7856000000000003,0.008693333333333336,,,,
train_episode,270450,1.760533333333334,0.008469333333333336,,,,
train_episode,270600,1.9674666666666665,0.009717333333333337,,,,
train_episode,270750,2.5264,0.013397333333333341,,,,
train_episode,270900,2.1221333333333257,0.01086933333333335,,,,
train_episode,271050,1.8538666666666672,0.008949333333333339,,,,
train_episode,271200,2.1119999999999997,0.010496,,,,
train_episode,271350,2.1466666666666665,0.011029333333333334,,,,
train_episode,271500,2.142933333333333,0.010858666666666668,,,,
train_episode,271650,2.0965333333333334,0.010496000000000004,,,,
train_episode,271800,2.2416000000000005,0.011690666666666672,,,,
train_episode,271950,2.0090666666666674,0.010005333333333345,,,,
train_episode,272100,1.8192000000000055,0.009013333333333366,,,,
train_episode,272250,1.9632000000000012,0.009621333333333343,,,,
train_episode,272400,1.8666666666666674,0.00930133333333334,,,,
train_episode,272550,1.9050666666666687,0.00932266666666668,,,,
train_episode,272700,1.9194666666666675,0.009162666666666673,,,,
train_episode,272850,2.4175999999999984,0.012736000000000008,,,,
train_episode,273000,2.143466666666665,0.011061333333333338,,,,
train_episode,273150,2.197333333333331,0.011328000000000008,,,,
train_episode,273300,1.8944000000000003,0.009301333333333335,,,,
train_episode,273450,1.9381333333333335,0.009749333333333336,,,,
train_episode,273600,2.5541333333333327,0.01365333333333332,,,,
train_episode,273750,2.2687999999999984,0.011456,,,,
train_episode,273900,2.3738666666666672,0.012362666666666688,,,,
train_episode,274050,1.5184000000000002,0.0070720000000000045,,,,
train_episode,274200,2.4421333333333344,0.01269333333333333,,,,
train_episode,274350,2.1087999999999987,0.01079466666666668,,,,
train_episode,274500,2.300266666666666,0.011946666666666678,,,,
train_episode,274650,2.098666666666661,0.010581333333333345,,,,
train_episode,274800,2.3807999999999896,0.012618666666666691,,,,
train_episode,274950,1.9232,0.009674666666666668,,,,
train_episode,275100,2.1898666666666666,0.011360000000000004,,,,
train_episode,275250,2.482133333333333,0.013013333333333337,,,,
train_episode,275400,2.178666666666666,0.011296,,,,
train_episode,275550,2.4042666666666643,0.012725333333333345,,,,
train_episode,275700,2.5797333333333325,0.013738666666666661,,,,
train_episode,275850,2.091733333333334,0.010602666666666665,,,,
train_episode,276000,2.049066666666667,0.010293333333333349,,,,
eval,276000,,,,,2.1688533333333324,0.010990933333333341
train_episode,276150,2.142399999999996,0.010880000000000015,,,,
train_episode,276300,2.1130666666666675,0.010890666666666689,,,,
train_episode,276450,2.6325333333333316,0.014271999999999988,,,,
train_episode,276600,2.373333333333333,0.012426666666666667,,,,
train_episode,276750,2.478933333333335,0.013248000000000008,,,,
train_episode,276900,2.1429333333333362,0.011114666666666691,,,,
train_episode,277050,2.3045333333333344,0.011978666666666669,,,,
train_episode,277200,3.20693333333333,0.017823999999999982,,,,
train_episode,277350,3.2352000000000003,0.017898666666666677,,,,
train_episode,277500,2.934933333333334,0.016117333333333345,,,,
train_episode,277650,2.3669333333333333,0.012469333333333336,,,,
train_episode,277800,2.1818666666666644,0.010976000000000001,,,,
train_episode,277950,2.467733333333335,0.01303466666666667,,,,
train_episode,278100,2.407466666666666,0.012714666666666664,,,,
train_episode,278250,2.6282666666666565,0.014154666666666612,,,,
train_episode,278400,3.0863999999999994,0.01690666666666666,,,,
train_episode,278550,2.3423999999999996,0.012213333333333343,,,,
train_episode,278700,2.6095999999999986,0.014047999999999986,,,,
train_episode,278850,3.438933333333336,0.019520000000000013,,,,
train_episode,279000,2.9920000000000018,0.01638400000000002,,,,
train_episode,279150,2.8053333333333343,0.015189333333333324,,,,
train_episode,279300,3.0112000000000005,0.01693866666666667,,,,
train_episode,279450,2.331733333333333,0.012256000000000001,,,,
train_episode,279600,3.3221333333333356,0.018762666666666674,,,,
train_episode,279750,3.4986666666666655,0.019775999999999995,,,,
train_episode,279900,2.2565333333333335,0.011637333333333333,,,,
train_episode,280050,2.5994666666666633,0.013866666666666678,,,,
train_episode,280200,2.826666666666669,0.015402666666666679,,,,
train_episode,280350,2.501333333333333,0.013280000000000009,,,,
train_episode,280500,2.6698666666666693,0.014432000000000004,,,,
train_episode,280650,2.694399999999998,0.014591999999999992,,,,
train_episode,280800,2.589333333333336,0.013759999999999994,,,,
train_episode,280950,3.2869333333333333,0.01847466666666666,,,,
train_episode,281100,3.4021333333333295,0.01897599999999998,,,,
train_episode,281250,2.1562666666666668,0.010976000000000007,,,,
train_episode,281400,2.321599999999993,0.012181333333333351,,,,
train_episode,281550,3.133333333333333,0.017781333333333326,,,,
train_episode,281700,2.443200000000001,0.012992000000000007,,,,
train_episode,281850,3.1877333333333326,0.01778133333333333,,,,
train_episode,282000,2.3258666666666685,0.012522666666666663,,,,
eval,282000,,,,,2.781333333333334,0.015069866666666671
train_episode,282150,2.4416000000000015,0.012928000000000005,,,,
train_episode,282300,3.898133333333336,0.02246400000000003,,,,
train_episode,282450,3.293866666666666,0.018421333333333338,,,,
train_episode,282600,2.1903999999999995,0.011306666666666663,,,,
train_episode,282750,3.425600000000004,0.01936000000000002,,,,
train_episode,282900,2.6490666666666685,0.014357333333333342,,,,
train_episode,283050,2.8437333333333337,0.015541333333333341,,,,
train_episode,283200,3.970666666666669,0.02302933333333334,,,,
train_episode,283350,3.328,0.018645333333333333,,,,
train_episode,283500,3.436266666666666,0.019434666666666676,,,,
train_episode,283650,3.6314666666666677,0.02056533333333334,,,,
train_episode,283800,3.4581333333333335,0.019573333333333335,,,,
train_episode,283950,2.8282666666666674,0.015263999999999998,,,,
train_episode,284100,2.680000000000001,0.014581333333333339,,,,
train_episode,284250,2.5349333333333304,0.013546666666666679,,,,
train_episode,284400,3.439466666666667,0.019530666666666672,,,,
train_episode,284550,3.265066666666665,0.01821866666666666,,,,
train_episode,284700,3.007466666666667,0.01656533333333333,,,,
train_episode,284850,3.008,0.016565333333333335,,,,
train_episode,285000,2.9610666666666665,0.016373333333333333,,,,
train_episode,285150,2.601066666666665,0.014005333333333333,,,,
train_episode,285300,3.487466666666667,0.01981866666666668,,,,
train_episode,285450,2.6672000000000007,0.01434666666666667,,,,
train_episode,285600,3.033066666666666,0.01677866666666666,,,,
train_episode,285750,3.6506666666666674,0.020853333333333352,,,,
train_episode,285900,3.8725333333333363,0.022314666666666698,,,,
train_episode,286050,4.148799999999994,0.02407466666666665,,,,
train_episode,286200,2.7237333333333344,0.01491200000000001,,,,
train_episode,286350,3.3552000000000026,0.01892266666666668,,,,
train_episode,286500,3.187200000000001,0.01790933333333333,,,,
train_episode,286650,3.6127999999999965,0.020671999999999975,,,,
train_episode,286800,3.5445333333333315,0.02005333333333332,,,,
train_episode,286950,3.0666666666666664,0.016853333333333335,,,,
train_episode,287100,3.332266666666667,0.018826666666666665,,,,
train_episode,287250,3.1600000000000015,0.017568000000000014,,,,
train_episode,287400,3.8682666666666683,0.022336000000000005,,,,
train_episode,287550,3.4335999999999993,0.019445333333333335,,,,
train_episode,287700,3.722133333333336,0.02139733333333335,,,,
train_episode,287850,3.926399999999998,0.022687999999999993,,,,
train_episode,288000,3.7002666666666624,0.021333333333333312,,,,
eval,288000,,,,,3.2876800000000004,0.018474666666666667
train_episode,288150,2.297066666666666,0.012341333333333341,,,,
train_episode,288300,2.9957333333333342,0.01644800000000002,,,,
train_episode,288450,3.1695999999999986,0.017983999999999993,,,,
train_episode,288600,4.012266666666668,0.023061333333333333,,,,
train_episode,288750,2.6650666666666587,0.014730666666666616,,,,
train_episode,288900,3.9381333333333335,0.022602666666666674,,,,
train_episode,289050,3.167999999999999,0.017621333333333336,,,,
train_episode,289200,4.518400000000001,0.026581333333333353,,,,
train_episode,289350,3.345066666666666,0.018847999999999997,,,,
train_episode,289500,3.4202666666666652,0.01916799999999999,,,,
train_episode,289650,3.6784000000000017,0.02092800000000002,,,,
train_episode,289800,3.251199999999998,0.018122666666666662,,,,
train_episode,289950,3.8223999999999996,0.022101333333333334,,,,
train_episode,290100,3.2405333333333317,0.018378666666666668,,,,
train_episode,290250,4.141333333333337,0.02421333333333335,,,,
train_episode,290400,2.9999999999999996,0.016512000000000002,,,,
train_episode,290550,3.796800000000001,0.021717333333333345,,,,
train_episode,290700,3.2416000000000027,0.01804800000000002,,,,
train_episode,290850,4.118400000000003,0.024117333333333334,,,,
train_episode,291000,3.1786666666666625,0.01787733333333331,,,,
train_episode,291150,3.905066666666663,0.02246399999999997,,,,
train_episode,291300,4.658666666666665,0.027530666666666655,,,,
train_episode,291450,4.2575999999999965,0.025120000000000003,,,,
train_episode,291600,3.2117333333333327,0.018165333333333335,,,,
train_episode,291750,4.5978666666666665,0.026976000000000007,,,,
train_episode,291900,3.725333333333333,0.021215999999999995,,,,
train_episode,292050,3.955200000000001,0.022965333333333334,,,,
train_episode,292200,3.2784,0.018730666666666663,,,,
train_episode,292350,3.7594666666666665,0.02158933333333333,,,,
train_episode,292500,3.889066666666666,0.022421333333333335,,,,
train_episode,292650,4.322133333333335,0.025226666666666668,,,,
train_episode,292800,3.0026666666666624,0.016831999999999972,,,,
train_episode,292950,4.537066666666667,0.026624000000000012,,,,
train_episode,293100,3.1744000000000017,0.017930666666666675,,,,
train_episode,293250,3.7610666666666677,0.02163200000000002,,,,
train_episode,293400,4.242666666666662,0.024778666666666647,,,,
train_episode,293550,5.094400000000004,0.030442666666666687,,,,
train_episode,293700,4.449066666666662,0.025951999999999985,,,,
train_episode,293850,4.682666666666672,0.02769066666666669,,,,
train_episode,294000,4.219733333333337,0.02460800000000001,,,,
eval,294000,,,,,4.163199999999994,0.02421333333333333
train_episode,294150,3.885866666666667,0.022442666666666673,,,,
train_episode,294300,4.420266666666682,0.02603733333333334,,,,
train_episode,294450,5.329600000000002,0.031829333333333355,,,,
train_episode,294600,4.360533333333336,0.025546666666666665,,,,
train_episode,294750,4.198399999999983,0.024458666666666615,,,,
train_episode,294900,3.9813333333333323,0.023039999999999995,,,,
train_episode,295050,4.397866666666668,0.02565333333333333,,,,
train_episode,295200,4.314666666666655,0.02517333333333332,,,,
train_episode,295350,4.032533333333333,0.023488,,,,
train_episode,295500,4.236266666666649,0.025109333333333317,,,,
train_episode,295650,4.029333333333334,0.02341333333333334,,,,
train_episode,295800,4.3152,0.025568000000000004,,,,
train_episode,295950,4.28906666666666,0.025173333333333343,,,,
train_episode,296100,5.610666666666664,0.03410133333333333,,,,
train_episode,296250,4.848000000000002,0.028501333333333358,,,,
train_episode,296400,4.612266666666665,0.027157333333333346,,,,
train_episode,296550,3.639466666666667,0.020821333333333338,,,,
train_episode,296700,5.0432,0.030240000000000003,,,,
train_episode,296850,4.2314666666666545,0.024671999999999996,,,,
train_episode,297000,5.895466666666664,0.03557333333333333,,,,
train_episode,297150,3.7413333333333325,0.02129066666666667,,,,
train_episode,297300,6.242133333333331,0.03780266666666666,,,,
train_episode,297450,5.541866666666676,0.033344000000000054,,,,
train_episode,297600,4.398933333333333,0.02576000000000001,,,,
train_episode,297750,4.165866666666667,0.024341333333333336,,,,
train_episode,297900,6.455466666666665,0.039583999999999994,,,,
train_episode,298050,4.873599999999998,0.02891733333333334,,,,
train_episode,298200,6.475733333333333,0.039477333333333364,,,,
train_episode,298350,4.792533333333332,0.028501333333333333,,,,
train_episode,298500,5.267733333333338,0.031413333333333356,,,,
train_episode,298650,6.335999999999997,0.03857066666666668,,,,
train_episode,298800,5.682666666666664,0.034271999999999976,,,,
train_episode,298950,5.348266666666663,0.03207466666666667,,,,
train_episode,299100,5.867733333333332,0.03554133333333333,,,,
train_episode,299250,5.475200000000002,0.03286400000000001,,,,
train_episode,299400,4.769599999999999,0.028341333333333343,,,,
train_episode,299550,6.3610666666666695,0.038677333333333355,,,,
train_episode,299700,6.854933333333331,0.04205866666666668,,,,
train_episode,299850,4.846933333333331,0.02881066666666665,,,,
train_episode,300000,4.89333333333333,0.029290666666666645,,,,
eval,300000,,,,,4.545066666666664,0.026734933333333332
train_episode,300150,4.1424,0.024287999999999997,,,,
train_episode,300300,6.258133333333335,0.03838933333333335,,,,
train_episode,300450,5.2405333333333335,0.03153066666666667,,,,
train_episode,300600,6.022400000000002,0.03661866666666668,,,,
train_episode,300750,5.010133333333333,0.029898666666666667,,,,
train_episode,300900,5.328533333333331,0.031935999999999985,,,,
train_episode,301050,5.762666666666664,0.03467733333333331,,,,
train_episode,301200,4.759999999999995,0.028138666666666635,,,,
train_episode,301350,5.545066666666665,0.033386666666666676,,,,
train_episode,301500,5.238399999999999,0.03136,,,,
train_episode,301650,4.651733333333335,0.027413333333333345,,,,
train_episode,301800,6.493866666666662,0.03950933333333331,,,,
train_episode,301950,5.37493333333333,0.03212799999999998,,,,
train_episode,302100,5.565866666666663,0.033493333333333306,,,,
train_episode,302250,4.805333333333334,0.028352000000000016,,,,
train_episode,302400,5.534933333333334,0.033365333333333344,,,,
train_episode,302550,5.3232,0.03182933333333334,,,,
train_episode,302700,4.522133333333334,0.026720000000000008,,,,
train_episode,302850,5.940800000000006,0.03610666666666671,,,,
train_episode,303000,5.517333333333335,0.033344000000000006,,,,
train_episode,303150,5.8607999999999985,0.035498666666666664,,,,
train_episode,303300,6.162133333333336,0.03763200000000002,,,,
train_episode,303450,5.331733333333331,0.03201066666666666,,,,
train_episode,303600,6.406933333333336,0.03911466666666668,,,,
train_episode,303750,6.890666666666668,0.042336000000000006,,,,
train_episode,303900,5.871999999999999,0.03552,,,,
train_episode,304050,6.1765333333333245,0.0376426666666666,,,,
train_episode,304200,5.7711999999999986,0.03493333333333333,,,,
train_episode,304350,7.050666666666659,0.043359999999999954,,,,
train_episode,304500,7.038399999999998,0.04332799999999999,,,,
train_episode,304650,6.532799999999999,0.03981866666666666,,,,
train_episode,304800,5.321599999999999,0.03190399999999999,,,,
train_episode,304950,6.635200000000003,0.04060800000000002,,,,
train_episode,305100,6.4341333333333335,0.03921066666666667,,,,
train_episode,305250,5.50506666666667,0.03320533333333335,,,,
train_episode,305400,7.924799999999997,0.04909866666666667,,,,
train_episode,305550,7.227199999999999,0.044607999999999995,,,,
train_episode,305700,7.452266666666671,0.0458026666666667,,,,
train_episode,305850,5.914666666666669,0.03573333333333336,,,,
train_episode,306000,6.527466666666668,0.039839999999999993,,,,
eval,306000,,,,,6.880959999999995,0.04220159999999999
train_episode,306150,6.54826666666667,0.04009600000000004,,,,
train_episode,306300,6.99573333333333,0.04299733333333333,,,,
train_episode,306450,8.604266666666657,0.05349333333333334,,,,
train_episode,306600,8.067199999999996,0.050367999999999996,,,,
train_episode,306750,9.141333333333327,0.05727999999999997,,,,
train_episode,306900,8.326399999999987,0.05200000000000002,,,,
train_episode,307050,9.580799999999996,0.0602666666666666,,,,
train_episode,307200,7.9786666666666655,0.049450666666666664,,,,
train_episode,307350,6.919466666666674,0.04261333333333338,,,,
train_episode,307500,7.589866666666666,0.046954666666666645,,,,
train_episode,307650,10.927466666666664,0.06911999999999993,,,,
train_episode,307800,7.91413333333334,0.04889600000000004,,,,
train_episode,307950,9.79626666666667,0.061631999999999965,,,,
train_episode,308100,6.735466666666658,0.04129066666666662,,,,
train_episode,308250,8.799466666666664,0.05496533333333332,,,,
train_episode,308400,8.980266666666664,0.05586133333333329,,,,
train_episode,308550,7.201599999999995,0.04435199999999997,,,,
train_episode,308700,8.348800000000004,0.05205333333333334,,,,
train_episode,308850,11.31466666666666,0.07169066666666658,,,,
train_episode,309000,8.279999999999978,0.05136000000000003,,,,
train_episode,309150,8.975466666666659,0.0560426666666666,,,,
train_episode,309300,7.388266666666667,0.045674666666666676,,,,
train_episode,309450,7.906133333333335,0.04906666666666669,,,,
train_episode,309600,8.667199999999987,0.05404799999999996,,,,
train_episode,309750,6.407466666666668,0.03936000000000002,,,,
train_episode,309900,8.583999999999994,0.05345066666666665,,,,
train_episode,310050,9.531200000000005,0.059978666666666694,,,,
train_episode,310200,7.770666666666662,0.048266666666666645,,,,
train_episode,310350,7.545066666666667,0.046816,,,,
train_episode,310500,12.131199999999993,0.07709866666666657,,,,
train_episode,310650,13.018666666666656,0.08296533333333325,,,,
train_episode,310800,9.565866666666677,0.05993600000000008,,,,
train_episode,310950,9.366933333333332,0.059029333333333336,,,,
train_episode,311100,11.553599999999978,0.07330133333333318,,,,
train_episode,311250,7.4911999999999965,0.04628266666666666,,,,
train_episode,311400,11.70346666666666,0.07429333333333325,,,,
train_episode,311550,10.337066666666665,0.06531199999999997,,,,
train_episode,311700,10.741333333333337,0.06773333333333327,,,,
train_episode,311850,12.031466666666669,0.07666133333333335,,,,
train_episode,312000,11.729066666666666,0.07446399999999995,,,,
eval,312000,,,,,9.455146666666657,0.059298133333333294
train_episode,312150,10.36266666666665,0.06543999999999986,,,,
train_episode,312300,10.878933333333327,0.06863999999999994,,,,
train_episode,312450,10.914666666666664,0.06890666666666664,,,,
train_episode,312600,8.723199999999991,0.05460266666666665,,,,
train_episode,312750,10.467199999999988,0.06607999999999992,,,,
train_episode,312900,11.380266666666676,0.07214933333333333,,,,
train_episode,313050,10.897599999999986,0.06883199999999992,,,,
train_episode,313200,9.096000000000007,0.05706666666666668,,,,
train_episode,313350,12.114133333333335,0.07703466666666661,,,,
train_episode,313500,9.206933333333321,0.057621333333333254,,,,
train_episode,313650,12.50933333333332,0.07945599999999989,,,,
train_episode,313800,13.442666666666659,0.08588799999999988,,,,
train_episode,313950,15.548800000000002,0.09950933333333332,,,,
train_episode,314100,14.546133333333325,0.09301333333333327,,,,
train_episode,314250,12.8784,0.08184533333333333,,,,
train_episode,314400,12.154666666666664,0.07677866666666662,,,,
train_episode,314550,12.339733333333317,0.07841066666666648,,,,
train_episode,314700,14.988800000000007,0.0960213333333333,,,,
train_episode,314850,19.218133333333324,0.12433066666666649,,,,
train_episode,315000,14.361599999999994,0.09211733333333329,,,,
train_episode,315150,19.16,0.12377600000000004,,,,
train_episode,315300,19.43999999999999,0.12565333333333328,,,,
train_episode,315450,17.828266666666664,0.11489066666666665,,,,
train_episode,315600,12.870399999999991,0.08197333333333323,,,,
train_episode,315750,14.275200000000002,0.09121066666666668,,,,
train_episode,315900,16.90613333333333,0.10876800000000006,,,,
train_episode,316050,17.997333333333323,0.11598933333333332,,,,
train_episode,316200,15.71679999999999,0.10120533333333323,,,,
train_episode,316350,19.9296,0.12906666666666666,,,,
train_episode,316500,13.54400000000001,0.08650666666666665,,,,
train_episode,316650,19.261866666666684,0.12453333333333343,,,,
train_episode,316800,20.80373333333332,0.13475199999999993,,,,
train_episode,316950,21.48960000000001,0.139104,,,,
train_episode,317100,24.86773333333334,0.16213333333333335,,,,
train_episode,317250,22.37280000000001,0.14555733333333346,,,,
train_episode,317400,24.10346666666667,0.15684266666666674,,,,
train_episode,317550,31.465600000000002,0.20650666666666667,,,,
train_episode,317700,20.36639999999999,0.13197866666666655,,,,
train_episode,317850,25.144533333333307,0.16361599999999987,,,,
train_episode,318000,24.520000000000014,0.15981866666666675,,,,
eval,318000,,,,,26.432533333333332,0.17253333333333334
train_episode,318150,31.772799999999986,0.20775466666666656,,,,
train_episode,318300,27.9744,0.18259200000000003,,,,
train_episode,318450,19.399999999999988,0.1256639999999999,,,,
train_episode,318600,27.256000000000004,0.17762133333333344,,,,
train_episode,318750,27.57013333333333,0.18011733333333327,,,,
train_episode,318900,29.049066666666643,0.18996266666666656,,,,
train_episode,319050,33.879466666666666,0.22247466666666676,,,,
train_episode,319200,32.948800000000006,0.21611733333333338,,,,
train_episode,319350,29.41813333333334,0.19268266666666672,,,,
train_episode,319500,31.764799999999994,0.20826666666666668,,,,
train_episode,319650,30.1232,0.19744000000000003,,,,
train_episode,319800,36.49226666666667,0.2397866666666667,,,,
train_episode,319950,33.29813333333334,0.21867733333333333,,,,
train_episode,320100,30.34186666666664,0.19838933333333314,,,,
train_episode,320250,37.44373333333332,0.24618666666666655,,,,
train_episode,320400,34.29866666666668,0.22534400000000004,,,,
train_episode,320550,38.08320000000001,0.25078399999999995,,,,
train_episode,320700,36.90186666666666,0.24211199999999986,,,,
train_episode,320850,28.80266666666668,0.188288,,,,
train_episode,321000,37.569066666666664,0.24720000000000003,,,,
train_episode,321150,31.259200000000007,0.20498133333333346,,,,
train_episode,321300,30.585066666666673,0.20046933333333342,,,,
train_episode,321450,35.30400000000001,0.2320426666666667,,,,
train_episode,321600,32.538133333333334,0.21327999999999997,,,,
train_episode,321750,29.903999999999993,0.19611733333333323,,,,
train_episode,321900,39.24533333333334,0.2583253333333331,,,,
train_episode,322050,39.74240000000002,0.2617386666666666,,,,
train_episode,322200,43.338133333333325,0.2859626666666667,,,,
train_episode,322350,39.53759999999998,0.26061866666666667,,,,
train_episode,322500,37.74133333333333,0.2486186666666667,,,,
train_episode,322650,35.780266666666684,0.23570133333333354,,,,
train_episode,322800,41.585066666666684,0.27438933333333343,,,,
train_episode,322950,37.51786666666668,0.24704000000000012,,,,
train_episode,323100,37.401066666666686,0.24633599999999997,,,,
train_episode,323250,41.03413333333333,0.27058133333333323,,,,
train_episode,323400,39.057066666666664,0.2570986666666666,,,,
train_episode,323550,39.10613333333335,0.25746133333333326,,,,
train_episode,323700,42.95946666666666,0.28301866666666664,,,,
train_episode,323850,42.78986666666667,0.2826453333333333,,,,
train_episode,324000,41.69386666666667,0.27491200000000016,,,,
eval,324000,,,,,41.08778666666667,0.2710336000000001
train_episode,324150,44.38613333333337,0.29310933333333333,,,,
train_episode,324300,37.70613333333334,0.2482240000000001,,,,
train_episode,324450,42.43786666666665,0.27968000000000004,,,,
train_episode,324600,38.12479999999998,0.25119999999999987,,,,
train_episode,324750,44.267199999999995,0.29246933333333314,,,,
train_episode,324900,44.80746666666667,0.29633066666666624,,,,
train_episode,325050,45.970666666666666,0.3034666666666665,,,,
train_episode,325200,42.374399999999994,0.2795413333333332,,,,
train_episode,325350,40.58346666666666,0.2670080000000001,,,,
train_episode,325500,46.99840000000002,0.3110719999999999,,,,
train_episode,325650,46.00373333333332,0.3040746666666665,,,,
train_episode,325800,44.312533333333334,0.29257600000000006,,,,
train_episode,325950,43.61173333333334,0.2878506666666668,,,,
train_episode,326100,46.65759999999999,0.3084266666666666,,,,
train_episode,326250,47.14559999999999,0.31174399999999997,,,,
train_episode,326400,48.36213333333334,0.3198613333333331,,,,
train_episode,326550,39.78986666666665,0.262304,,,,
train_episode,326700,48.139733333333304,0.31839999999999996,,,,
train_episode,326850,45.24053333333332,0.29917866666666665,,,,
train_episode,327000,47.79360000000001,0.3160639999999999,,,,
train_episode,327150,46.04800000000001,0.3047359999999999,,,,
train_episode,327300,47.690133333333314,0.3151893333333335,,,,
train_episode,327450,45.816533333333346,0.30261333333333346,,,,
train_episode,327600,47.11733333333332,0.31163733333333327,,,,
train_episode,327750,38.78506666666669,0.2555626666666667,,,,
train_episode,327900,47.78933333333334,0.3160213333333333,,,,
train_episode,328050,47.41653333333334,0.3137173333333335,,,,
train_episode,328200,41.66026666666666,0.27493333333333336,,,,
train_episode,328350,44.65226666666667,0.2948053333333332,,,,
train_episode,328500,47.96800000000001,0.3166720000000001,,,,
train_episode,328650,49.22506666666666,0.32573866666666673,,,,
train_episode,328800,46.23626666666666,0.3051840000000001,,,,
train_episode,328950,46.75359999999996,0.30958933333333344,,,,
train_episode,329100,49.75680000000001,0.32941866666666675,,,,
train_episode,329250,46.88693333333333,0.30972799999999995,,,,
train_episode,329400,50.63466666666666,0.33513600000000004,,,,
train_episode,329550,44.028800000000025,0.2908480000000001,,,,
train_episode,329700,47.36906666666666,0.3134079999999999,,,,
train_episode,329850,47.938666666666656,0.3172480000000001,,,,
train_episode,330000,47.32266666666668,0.3130026666666667,,,,
eval,330000,,,,,47.08309333333332,0.3111082666666666
train_episode,330150,49.55733333333333,0.3275839999999999,,,,
train_episode,330300,45.68,0.3014613333333335,,,,
train_episode,330450,48.007466666666666,0.3173760000000001,,,,
train_episode,330600,50.293333333333315,0.3328533333333333,,,,
train_episode,330750,44.28693333333335,0.2926506666666667,,,,
train_episode,330900,44.71040000000002,0.29515733333333344,,,,
train_episode,331050,45.09173333333334,0.2978773333333334,,,,
train_episode,331200,49.830400000000004,0.3300053333333334,,,,
train_episode,331350,45.96106666666665,0.3036693333333334,,,,
train_episode,331500,51.02613333333332,0.3376746666666665,,,,
train_episode,331650,48.09226666666665,0.31835733333333327,,,,
train_episode,331800,47.67253333333333,0.31534933333333354,,,,
train_episode,331950,50.20533333333333,0.3327146666666667,,,,
train_episode,332100,51.721599999999974,0.3420373333333331,,,,
train_episode,332250,50.097599999999986,0.33089066666666667,,,,
train_episode,332400,48.39306666666667,0.3195199999999999,,,,
train_episode,332550,48.75413333333338,0.3227840000000002,,,,
train_episode,332700,48.755200000000016,0.3225386666666667,,,,
train_episode,332850,50.81386666666666,0.3365653333333333,,,,
train_episode,333000,49.12373333333333,0.32526933333333335,,,,
train_episode,333150,49.34933333333332,0.3261973333333332,,,,
train_episode,333300,48.12959999999998,0.31816533333333336,,,,
train_episode,333450,49.191466666666685,0.325344,,,,
train_episode,333600,48.24266666666664,0.31899733333333324,,,,
train_episode,333750,49.75359999999999,0.32924799999999993,,,,
train_episode,333900,47.14186666666666,0.31206399999999995,,,,
train_episode,334050,47.2112,0.3118933333333333,,,,
train_episode,334200,49.03839999999997,0.32463999999999976,,,,
train_episode,334350,50.48373333333333,0.3335786666666666,,,,
train_episode,334500,53.479466666666674,0.35402666666666643,,,,
train_episode,334650,47.59253333333334,0.3147733333333334,,,,
train_episode,334800,50.49226666666669,0.33413333333333334,,,,
train_episode,334950,47.227733333333326,0.312192,,,,
train_episode,335100,51.72853333333332,0.3423573333333334,,,,
train_episode,335250,49.70826666666665,0.3284373333333333,,,,
train_episode,335400,47.13759999999999,0.3114879999999998,,,,
train_episode,335550,51.04480000000001,0.33779199999999987,,,,
train_episode,335700,49.61653333333332,0.3282133333333333,,,,
train_episode,335850,51.701333333333345,0.3421439999999999,,,,
train_episode,336000,50.55466666666665,0.33493333333333314,,,,
eval,336000,,,,,48.71466666666667,0.32219946666666666
train_episode,336150,48.4544,0.32034133333333337,,,,
train_episode,336300,50.29706666666668,0.3331626666666668,,,,
train_episode,336450,50.668266666666696,0.3354026666666668,,,,
train_episode,336600,48.987733333333345,0.32410666666666654,,,,
train_episode,336750,47.29439999999999,0.31292799999999993,,,,
train_episode,336900,49.78613333333334,0.32966399999999996,,,,
train_episode,337050,50.190400000000004,0.33192533333333346,,,,
train_episode,337200,48.907733333333375,0.3232533333333335,,,,
train_episode,337350,52.369600000000005,0.34624000000000016,,,,
train_episode,337500,50.033599999999986,0.3309226666666667,,,,
train_episode,337650,51.06293333333334,0.3380586666666666,,,,
train_episode,337800,51.28106666666666,0.3393173333333333,,,,
train_episode,337950,51.321066666666674,0.3398826666666667,,,,
train_episode,338100,52.24266666666671,0.34573866666666686,,,,
train_episode,338250,47.44213333333335,0.31370666666666686,,,,
train_episode,338400,48.66666666666666,0.3217493333333333,,,,
train_episode,338550,49.83893333333333,0.32990933333333333,,,,
train_episode,338700,49.47093333333333,0.32691200000000004,,,,
train_episode,338850,47.922133333333335,0.3165866666666667,,,,
train_episode,339000,51.236266666666666,0.3387946666666668,,,,
train_episode,339150,45.60426666666663,0.30145066666666664,,,,
train_episode,339300,49.83306666666669,0.32987733333333324,,,,
train_episode,339450,48.244800000000026,0.31913599999999986,,,,
train_episode,339600,50.59146666666664,0.3345066666666667,,,,
train_episode,339750,49.218133333333355,0.3254186666666666,,,,
train_episode,339900,48.84746666666667,0.32291200000000003,,,,
train_episode,340050,51.13546666666668,0.3380693333333335,,,,
train_episode,340200,49.75253333333333,0.3290026666666665,,,,
train_episode,340350,49.30773333333334,0.32613333333333344,,,,
train_episode,340500,50.09653333333333,0.33154133333333363,,,,
train_episode,340650,51.88,0.34342399999999995,,,,
train_episode,340800,49.84586666666671,0.3297920000000001,,,,
train_episode,340950,50.45333333333332,0.3339733333333331,,,,
train_episode,341100,51.037333333333315,0.33779200000000015,,,,
train_episode,341250,49.39146666666668,0.3265813333333335,,,,
train_episode,341400,49.42613333333334,0.326922666666667,,,,
train_episode,341550,48.883200000000016,0.32304000000000005,,,,
train_episode,341700,47.93333333333333,0.31687466666666647,,,,
train_episode,341850,53.838933333333316,0.35671466666666674,,,,
train_episode,342000,48.39039999999998,0.3194346666666666,,,,
eval,342000,,,,,50.40874666666667,0.3335018666666668
train_episode,342150,48.54773333333333,0.32144000000000017,,,,
train_episode,342300,51.14293333333333,0.3384533333333335,,,,
train_episode,342450,49.474133333333334,0.32721066666666654,,,,
train_episode,342600,48.696000000000005,0.32224000000000014,,,,
train_episode,342750,48.002666666666656,0.3171626666666665,,,,
train_episode,342900,51.87946666666666,0.3435200000000001,,,,
train_episode,343050,51.059733333333334,0.33773866666666646,,,,
train_episode,343200,53.81600000000002,0.35645866666666653,,,,
train_episode,343350,54.87146666666668,0.36352000000000007,,,,
train_episode,343500,53.49173333333335,0.35394133333333333,,,,
train_episode,343650,55.07573333333333,0.3644479999999999,,,,
train_episode,343800,52.91359999999998,0.35000533333333306,,,,
train_episode,343950,55.43466666666668,0.36726400000000003,,,,
train_episode,344100,54.87786666666663,0.3636159999999999,,,,
train_episode,344250,53.14773333333335,0.3520746666666667,,,,
train_episode,344400,52.835199999999965,0.34995200000000015,,,,
train_episode,344550,53.33599999999997,0.3532906666666666,,,,
train_episode,344700,54.889066666666665,0.3638613333333335,,,,
train_episode,344850,57.601600000000005,0.38189866666666666,,,,
train_episode,345000,54.51573333333332,0.36129066666666665,,,,
train_episode,345150,56.63039999999998,0.3750933333333333,,,,
train_episode,345300,54.42346666666667,0.36060800000000004,,,,
train_episode,345450,55.42079999999998,0.3670933333333333,,,,
train_episode,345600,52.6544,0.3486933333333334,,,,
train_episode,345750,57.62986666666665,0.3816000000000002,,,,
train_episode,345900,55.231466666666655,0.3659093333333331,,,,
train_episode,346050,54.25439999999999,0.35986133333333337,,,,
train_episode,346200,55.02399999999999,0.3643626666666666,,,,
train_episode,346350,56.10400000000003,0.37198933333333334,,,,
train_episode,346500,55.706133333333355,0.3693013333333335,,,,
train_episode,346650,55.11466666666666,0.3653759999999998,,,,
train_episode,346800,54.01813333333332,0.3582613333333333,,,,
train_episode,346950,56.13279999999998,0.372,,,,
train_episode,347100,56.82400000000001,0.37667200000000006,,,,
train_episode,347250,56.22986666666665,0.37279999999999974,,,,
train_episode,347400,56.535999999999994,0.3744853333333334,,,,
train_episode,347550,55.52693333333332,0.3680746666666666,,,,
train_episode,347700,57.55893333333332,0.3816213333333332,,,,
train_episode,347850,56.74880000000001,0.37645866666666655,,,,
train_episode,348000,56.93973333333332,0.37698133333333333,,,,
eval,348000,,,,,58.05930666666667,0.38497706666666665
train_episode,348150,60.36053333333333,0.40014933333333313,,,,
train_episode,348300,56.60906666666667,0.37517866666666677,,,,
train_episode,348450,57.99679999999999,0.38450133333333314,,,,
train_episode,348600,55.993599999999994,0.37092266666666657,,,,
train_episode,348750,55.28106666666666,0.366048,,,,
train_episode,348900,55.57013333333334,0.3686186666666668,,,,
train_episode,349050,56.058133333333345,0.37180799999999997,,,,
train_episode,349200,57.80959999999997,0.3829439999999999,,,,
train_episode,349350,55.74293333333333,0.36934399999999995,,,,
train_episode,349500,53.759466666666654,0.35619199999999984,,,,
train_episode,349650,55.244799999999984,0.3658133333333334,,,,
train_episode,349800,54.057600000000015,0.3575253333333335,,,,
train_episode,349950,54.90986666666671,0.36382933333333345,,,,
train_episode,350100,52.396800000000006,0.3470080000000003,,,,
train_episode,350250,49.899733333333344,0.3300053333333332,,,,
train_episode,350400,51.47893333333335,0.3406080000000001,,,,
train_episode,350550,51.771733333333316,0.3420693333333331,,,,
train_episode,350700,53.482133333333344,0.3540586666666666,,,,
train_episode,350850,49.39520000000003,0.3262719999999999,,,,
train_episode,351000,45.09706666666668,0.2972586666666667,,,,
train_episode,351150,51.290666666666674,0.3392000000000001,,,,
train_episode,351300,50.39466666666669,0.33339733333333343,,,,
train_episode,351450,50.33973333333334,0.33289599999999997,,,,
train_episode,351600,49.31519999999998,0.3261226666666666,,,,
train_episode,351750,43.26560000000001,0.28502399999999994,,,,
train_episode,351900,42.61920000000002,0.28108799999999995,,,,
train_episode,352050,50.664533333333324,0.33491200000000015,,,,
train_episode,352200,38.182400000000015,0.250944,,,,
train_episode,352350,44.522133333333336,0.29363199999999995,,,,
train_episode,352500,43.49813333333336,0.286816,,,,
train_episode,352650,40.60213333333336,0.26707199999999987,,,,
train_episode,352800,40.75839999999998,0.26839466666666656,,,,
train_episode,352950,38.856000000000016,0.2556906666666667,,,,
train_episode,353100,34.065599999999996,0.223328,,,,
train_episode,353250,38.31466666666665,0.25207466666666656,,,,
train_episode,353400,35.536533333333324,0.2333226666666666,,,,
train_episode,353550,36.6352,0.2404799999999999,,,,
train_episode,353700,35.73013333333335,0.2343573333333333,,,,
train_episode,353850,33.80586666666667,0.221408,,,,
train_episode,354000,24.20746666666665,0.15789866666666666,,,,
eval,354000,,,,,28.824319999999993,0.18836906666666664
train_episode,354150,27.441066666666675,0.1789333333333334,,,,
train_episode,354300,21.794133333333313,0.14122666666666658,,,,
train_episode,354450,25.135999999999996,0.16342399999999999,,,,
train_episode,354600,33.432,0.21913600000000008,,,,
train_episode,354750,21.956800000000005,0.14246399999999998,,,,
train_episode,354900,25.13119999999999,0.16360533333333332,,,,
train_episode,355050,25.174933333333335,0.1639146666666668,,,,
train_episode,355200,28.354666666666652,0.18516266666666664,,,,
train_episode,355350,18.632533333333317,0.12026666666666652,,,,
train_episode,355500,19.961599999999994,0.1293013333333332,,,,
train_episode,355650,15.756266666666658,0.10105599999999995,,,,
train_episode,355800,17.457066666666663,0.11252266666666663,,,,
train_episode,355950,32.83786666666668,0.21514666666666676,,,,
train_episode,356100,20.764800000000008,0.13462400000000008,,,,
train_episode,356250,25.264533333333336,0.16457600000000003,,,,
train_episode,356400,13.416533333333334,0.08599466666666666,,,,
train_episode,356550,31.01440000000002,0.20307200000000017,,,,
train_episode,356700,23.79839999999999,0.15516800000000003,,,,
train_episode,356850,31.197333333333333,0.20445866666666668,,,,
train_episode,357000,24.71786666666666,0.16110933333333333,,,,
train_episode,357150,28.908266666666666,0.18902400000000005,,,,
train_episode,357300,28.385599999999975,0.18553599999999987,,,,
train_episode,357450,32.399999999999984,0.2125333333333333,,,,
train_episode,357600,26.177066666666637,0.1710719999999998,,,,
train_episode,357750,34.152533333333345,0.2241706666666668,,,,
train_episode,357900,30.837866666666653,0.20196266666666662,,,,
train_episode,358050,34.8592,0.22881066666666677,,,,
train_episode,358200,32.27146666666666,0.21118933333333337,,,,
train_episode,358350,33.01759999999999,0.21679999999999996,,,,
train_episode,358500,33.925333333333334,0.22286933333333342,,,,
train_episode,358650,43.18346666666666,0.2846826666666667,,,,
train_episode,358800,35.42933333333333,0.23317333333333332,,,,
train_episode,358950,39.49173333333332,0.2602026666666665,,,,
train_episode,359100,41.25546666666664,0.27204266666666627,,,,
train_episode,359250,43.370666666666665,0.286528,,,,
train_episode,359400,39.61439999999999,0.26130133333333333,,,,
train_episode,359550,44.63893333333336,0.2949333333333332,,,,
train_episode,359700,45.06613333333335,0.297856,,,,
train_episode,359850,44.90400000000001,0.2962026666666668,,,,
train_episode,360000,37.51893333333334,0.24643199999999993,,,,
eval,360000,,,,,42.36917333333333,0.27961386666666666
train_episode,360150,43.225599999999964,0.285397333333333,,,,
train_episode,360300,51.21439999999998,0.3395733333333331,,,,
train_episode,360450,44.805866666666724,0.29622400000000015,,,,
train_episode,360600,50.67466666666665,0.3360640000000001,,,,
train_episode,360750,52.37279999999999,0.3471146666666665,,,,
train_episode,360900,54.084266666666664,0.3588586666666668,,,,
train_episode,361050,55.73013333333335,0.3698453333333332,,,,
train_episode,361200,55.55626666666666,0.36883200000000005,,,,
train_episode,361350,47.98666666666665,0.3171946666666667,,,,
train_episode,361500,54.783466666666634,0.3630933333333332,,,,
train_episode,361650,52.74879999999998,0.35057066666666664,,,,
train_episode,361800,57.1808,0.3792426666666666,,,,
train_episode,361950,58.07893333333333,0.3855039999999999,,,,
train_episode,362100,59.86026666666666,0.3975573333333334,,,,
train_episode,362250,56.35093333333334,0.37388800000000005,,,,
train_episode,362400,60.16160000000001,0.39964800000000006,,,,
train_episode,362550,63.43146666666666,0.421632,,,,
train_episode,362700,59.47840000000003,0.39502933333333334,,,,
train_episode,362850,62.58986666666668,0.4157440000000002,,,,
train_episode,363000,62.455466666666666,0.41432533333333327,,,,
train_episode,363150,66.66293333333334,0.4429226666666668,,,,
train_episode,363300,67.71253333333333,0.4510293333333334,,,,
train_episode,363450,66.94186666666663,0.4452266666666665,,,,
train_episode,363600,66.27466666666665,0.4405226666666667,,,,
train_episode,363750,68.01386666666667,0.45192533333333357,,,,
train_episode,363900,64.80746666666666,0.4304746666666664,,,,
train_episode,364050,63.04799999999999,0.4188479999999998,,,,
train_episode,364200,67.34399999999998,0.4477333333333333,,,,
train_episode,364350,67.19253333333333,0.4467306666666666,,,,
train_episode,364500,70.51946666666664,0.4688213333333334,,,,
train_episode,364650,67.28213333333336,0.4475733333333336,,,,
train_episode,364800,71.77546666666667,0.4774400000000002,,,,
train_episode,364950,70.12373333333329,0.466208,,,,
train_episode,365100,71.33066666666667,0.4745919999999999,,,,
train_episode,365250,67.53173333333334,0.449365333333333,,,,
train_episode,365400,69.21600000000001,0.46033066666666655,,,,
train_episode,365550,68.95146666666669,0.4581759999999999,,,,
train_episode,365700,66.21973333333332,0.4402986666666666,,,,
train_episode,365850,70.41973333333331,0.4684479999999998,,,,
train_episode,366000,70.32853333333333,0.46717866666666663,,,,
eval,366000,,,,,70.12661333333332,0.46642133333333324
train_episode,366150,70.9850666666667,0.4715520000000002,,,,
train_episode,366300,69.37866666666669,0.46130133333333323,,,,
train_episode,366450,69.43413333333334,0.46132266666666644,,,,
train_episode,366600,68.92106666666669,0.4584319999999998,,,,
train_episode,366750,74.21600000000002,0.4938453333333336,,,,
train_episode,366900,73.39573333333334,0.48824533333333325,,,,
train_episode,367050,72.79306666666669,0.4838506666666667,,,,
train_episode,367200,73.81759999999997,0.49098666666666685,,,,
train_episode,367350,70.92640000000003,0.4715199999999999,,,,
train_episode,367500,72.8458666666667,0.48426666666666657,,,,
train_episode,367650,69.88479999999998,0.46456533333333333,,,,
train_episode,367800,70.29546666666668,0.46758399999999994,,,,
train_episode,367950,71.29226666666666,0.4742933333333332,,,,
train_episode,368100,66.60906666666669,0.44283733333333347,,,,
train_episode,368250,67.12693333333333,0.44634666666666667,,,,
train_episode,368400,69.54186666666664,0.46241066666666675,,,,
train_episode,368550,68.98613333333337,0.45840000000000003,,,,
train_episode,368700,68.71573333333335,0.45657600000000004,,,,
train_episode,368850,70.49866666666665,0.4691946666666665,,,,
train_episode,369000,67.80586666666666,0.45070933333333346,,,,
train_episode,369150,68.09386666666668,0.45280000000000004,,,,
train_episode,369300,67.38240000000002,0.4481919999999999,,,,
train_episode,369450,70.32480000000001,0.46769066666666675,,,,
train_episode,369600,69.33706666666664,0.4608213333333335,,,,
train_episode,369750,69.24000000000001,0.45982933333333337,,,,
train_episode,369900,71.05226666666663,0.4725333333333333,,,,
train_episode,370050,67.86506666666666,0.4508586666666666,,,,
train_episode,370200,67.28053333333331,0.44690133333333343,,,,
train_episode,370350,68.93973333333335,0.4575253333333335,,,,
train_episode,370500,67.31733333333332,0.4475946666666666,,,,
train_episode,370650,71.66559999999997,0.4763626666666668,,,,
train_episode,370800,72.5322666666667,0.48217599999999994,,,,
train_episode,370950,70.21279999999997,0.46702933333333296,,,,
train_episode,371100,72.26826666666668,0.48038400000000014,,,,
train_episode,371250,72.46879999999997,0.48182400000000003,,,,
train_episode,371400,68.91786666666668,0.4578773333333332,,,,
train_episode,371550,64.43840000000002,0.4282026666666668,,,,
train_episode,371700,67.47626666666667,0.4480213333333333,,,,
train_episode,371850,65.34719999999996,0.4341439999999999,,,,
train_episode,372000,67.23786666666665,0.4468373333333332,,,,
eval,372000,,,,,68.84650666666668,0.4572458666666666
train_episode,372150,68.05493333333334,0.4518186666666667,,,,
train_episode,372300,69.75413333333331,0.46349866666666667,,,,
train_episode,372450,68.73493333333333,0.4565866666666666,,,,
train_episode,372600,68.68053333333333,0.4566826666666668,,,,
train_episode,372750,68.6970666666667,0.45636266666666664,,,,
train_episode,372900,70.37226666666666,0.4674773333333334,,,,
train_episode,373050,69.09066666666665,0.45927466666666705,,,,
train_episode,373200,71.51200000000001,0.4752959999999999,,,,
train_episode,373350,69.67999999999999,0.4626559999999999,,,,
train_episode,373500,69.8874666666667,0.4640853333333337,,,,
train_episode,373650,70.87999999999995,0.47072,,,,
train_episode,373800,69.78399999999999,0.4637653333333335,,,,
train_episode,373950,66.91519999999998,0.4445973333333331,,,,
train_episode,374100,68.4901333333333,0.45521066666666676,,,,
train_episode,374250,67.79626666666664,0.45028266666666655,,,,
train_episode,374400,65.07786666666667,0.43184,,,,
train_episode,374550,64.68906666666668,0.4296106666666664,,,,
train_episode,374700,67.73333333333332,0.4494613333333334,,,,
train_episode,374850,67.11786666666669,0.4457493333333335,,,,
train_episode,375000,67.88693333333335,0.45093333333333335,,,,
train_episode,375150,65.87946666666664,0.4375146666666666,,,,
train_episode,375300,66.4672,0.44149333333333346,,,,
train_episode,375450,66.68373333333335,0.44282666666666654,,,,
train_episode,375600,65.0832,0.4317973333333333,,,,
train_episode,375750,63.75573333333334,0.4232746666666667,,,,
train_episode,375900,65.79413333333336,0.4368106666666668,,,,
train_episode,376050,64.12906666666665,0.42550399999999994,,,,
train_episode,376200,63.63573333333333,0.42244266666666674,,,,
train_episode,376350,63.90133333333332,0.42394666666666675,,,,
train_episode,376500,63.024,0.4182826666666666,,,,
train_episode,376650,62.268799999999985,0.41339733333333323,,,,
train_episode,376800,64.03253333333336,0.42464,,,,
train_episode,376950,64.74613333333333,0.42994133333333345,,,,
train_episode,377100,64.15573333333332,0.42611199999999994,,,,
train_episode,377250,65.0064,0.43156266666666665,,,,
train_episode,377400,64.60000000000001,0.4289386666666666,,,,
train_episode,377550,62.84,0.41726933333333327,,,,
train_episode,377700,61.46453333333332,0.4080426666666666,,,,
train_episode,377850,59.273599999999966,0.39315200000000006,,,,
train_episode,378000,60.11413333333333,0.39824,,,,
eval,378000,,,,,57.76938666666666,0.38287573333333336
train_episode,378150,57.35360000000001,0.38070400000000004,,,,
train_episode,378300,57.4512,0.3809173333333334,,,,
train_episode,378450,57.35946666666663,0.3802986666666665,,,,
train_episode,378600,55.387199999999986,0.36622933333333346,,,,
train_episode,378750,56.9632,0.3772906666666666,,,,
train_episode,378900,59.334399999999995,0.393824,,,,
train_episode,379050,59.45546666666665,0.39419733333333357,,,,
train_episode,379200,60.196266666666666,0.39961600000000014,,,,
train_episode,379350,56.506133333333324,0.3746666666666667,,,,
train_episode,379500,57.137599999999985,0.3784640000000001,,,,
train_episode,379650,56.43946666666669,0.3741333333333335,,,,
train_episode,379800,54.37440000000003,0.3603093333333335,,,,
train_episode,379950,54.98453333333334,0.36467199999999994,,,,
train_episode,380100,56.041066666666644,0.37120000000000003,,,,
train_episode,380250,53.508266666666664,0.35453866666666667,,,,
train_episode,380400,56.66720000000003,0.3753600000000002,,,,
train_episode,380550,53.2192,0.35230933333333325,,,,
train_episode,380700,55.94933333333336,0.37045333333333347,,,,
train_episode,380850,56.3296,0.37332266666666675,,,,
train_episode,381000,56.921599999999984,0.37757866666666684,,,,
train_episode,381150,56.527466666666676,0.37491199999999997,,,,
train_episode,381300,58.359999999999985,0.3866240000000001,,,,
train_episode,381450,54.461333333333314,0.3608426666666665,,,,
train_episode,381600,53.916800000000016,0.3573120000000001,,,,
train_episode,381750,51.035199999999996,0.33747200000000016,,,,
train_episode,381900,54.52159999999999,0.36138666666666663,,,,
train_episode,382050,49.682666666666684,0.32899200000000006,,,,
train_episode,382200,49.08799999999997,0.32452266666666657,,,,
train_episode,382350,50.48053333333334,0.3338560000000001,,,,
train_episode,382500,49.76533333333334,0.32933333333333353,,,,
train_episode,382650,50.26666666666661,0.3325439999999999,,,,
train_episode,382800,52.28319999999996,0.3458880000000001,,,,
train_episode,382950,52.16373333333336,0.34482133333333326,,,,
train_episode,383100,52.468266666666665,0.3477546666666667,,,,
train_episode,383250,53.71519999999999,0.35606400000000027,,,,
train_episode,383400,50.75146666666668,0.3359360000000002,,,,
train_episode,383550,48.50826666666664,0.32068266666666667,,,,
train_episode,383700,52.22613333333333,0.34589866666666663,,,,
train_episode,383850,50.62240000000001,0.3344746666666666,,,,
train_episode,384000,45.16746666666667,0.29835733333333325,,,,
eval,384000,,,,,47.16288000000001,0.3117269333333333
train_episode,384150,47.04586666666665,0.31132799999999994,,,,
train_episode,384300,46.462933333333346,0.3072426666666668,,,,
train_episode,384450,47.1632,0.31162666666666683,,,,
train_episode,384600,42.981866666666654,0.283808,,,,
train_episode,384750,44.171199999999985,0.2915093333333332,,,,
train_episode,384900,43.25706666666667,0.2854399999999999,,,,
train_episode,385050,46.80160000000002,0.3093546666666667,,,,
train_episode,385200,46.634666666666654,0.30821333333333345,,,,
train_episode,385350,50.523199999999974,0.33438933333333304,,,,
train_episode,385500,45.69919999999998,0.3018133333333334,,,,
train_episode,385650,45.317333333333345,0.2992853333333334,,,,
train_episode,385800,46.35413333333331,0.3066559999999998,,,,
train_episode,385950,45.25919999999998,0.2988373333333333,,,,
train_episode,386100,39.79626666666668,0.26276266666666664,,,,
train_episode,386250,45.2864,0.29966933333333345,,,,
train_episode,386400,46.90933333333334,0.30983466666666665,,,,
train_episode,386550,45.12053333333332,0.29803733333333315,,,,
train_episode,386700,43.281066666666646,0.2856106666666666,,,,
train_episode,386850,42.118933333333345,0.2778773333333333,,,,
train_episode,387000,38.226133333333344,0.2522026666666666,,,,
train_episode,387150,45.01439999999999,0.2972799999999998,,,,
train_episode,387300,34.66239999999999,0.22845866666666667,,,,
train_episode,387450,35.3968,0.23285333333333333,,,,
train_episode,387600,26.290133333333323,0.1714026666666666,,,,
train_episode,387750,30.723200000000013,0.20101333333333343,,,,
train_episode,387900,28.857066666666675,0.18857600000000002,,,,
train_episode,388050,25.016000000000012,0.1626666666666667,,,,
train_episode,388200,27.972266666666652,0.18314666666666657,,,,
train_episode,388350,28.259199999999986,0.18494933333333327,,,,
train_episode,388500,18.21706666666666,0.11763199999999993,,,,
train_episode,388650,24.17919999999999,0.15747199999999995,,,,
train_episode,388800,15.281599999999997,0.09822933333333327,,,,
train_episode,388950,17.800000000000015,0.11511466666666662,,,,
train_episode,389100,18.087466666666646,0.11698133333333326,,,,
train_episode,389250,16.93706666666666,0.10918399999999984,,,,
train_episode,389400,11.716800000000008,0.074432,,,,
train_episode,389550,15.565333333333344,0.09987200000000007,,,,
train_episode,389700,13.752533333333325,0.08779733333333328,,,,
train_episode,389850,16.623466666666623,0.1066773333333334,,,,
train_episode,390000,12.452266666666674,0.07924266666666668,,,,
eval,390000,,,,,13.989119999999994,0.08942506666666658
train_episode,390150,9.86933333333333,0.062218666666666644,,,,
train_episode,390300,10.889599999999996,0.06907733333333331,,,,
train_episode,390450,7.379199999999999,0.04574933333333333,,,,
train_episode,390600,8.799999999999992,0.05511466666666661,,,,
train_episode,390750,9.55946666666664,0.06056533333333315,,,,
train_episode,390900,7.8213333333333335,0.04845866666666669,,,,
train_episode,391050,12.995199999999992,0.0827199999999999,,,,
train_episode,391200,9.638933333333327,0.06047999999999996,,,,
train_episode,391350,9.085866666666654,0.05701333333333319,,,,
train_episode,391500,9.080533333333337,0.05689600000000004,,,,
train_episode,391650,9.592533333333318,0.06001066666666656,,,,
train_episode,391800,8.129599999999986,0.05054933333333331,,,,
train_episode,391950,9.887466666666667,0.062272,,,,
train_episode,392100,6.862399999999999,0.04213333333333335,,,,
train_episode,392250,8.322133333333328,0.051637333333333334,,,,
train_episode,392400,7.755733333333327,0.04812799999999997,,,,
train_episode,392550,6.088533333333316,0.037215999999999895,,,,
train_episode,392700,6.862399999999996,0.04216533333333332,,,,
train_episode,392850,7.630399999999996,0.047456000000000005,,,,
train_episode,393000,8.051733333333328,0.04999466666666669,,,,
train_episode,393150,7.573333333333331,0.046912,,,,
train_episode,393300,5.213333333333335,0.031061333333333347,,,,
train_episode,393450,6.26880000000001,0.038293333333333415,,,,
train_episode,393600,5.133866666666674,0.030890666666666705,,,,
train_episode,393750,4.6671999999999905,0.027839999999999934,,,,
train_episode,393900,7.465066666666669,0.046282666666666694,,,,
train_episode,394050,5.258666666666671,0.03148800000000004,,,,
train_episode,394200,4.372799999999999,0.025674666666666665,,,,
train_episode,394350,5.846933333333335,0.03536,,,,
train_episode,394500,6.187199999999999,0.03783466666666667,,,,
train_episode,394650,7.231466666666662,0.04435199999999997,,,,
train_episode,394800,6.686933333333352,0.041056000000000134,,,,
train_episode,394950,5.80053333333334,0.03512533333333339,,,,
train_episode,395100,7.230933333333327,0.044319999999999984,,,,
train_episode,395250,5.5504,0.033472,,,,
train_episode,395400,4.8448,0.028938666666666654,,,,
train_episode,395550,3.241066666666669,0.018336000000000026,,,,
train_episode,395700,5.907199999999983,0.035679999999999885,,,,
train_episode,395850,5.4602666666666675,0.03296,,,,
train_episode,396000,6.381866666666657,0.039007999999999945,,,,
eval,396000,,,,,5.181653333333325,0.03097386666666662
train_episode,396150,6.877866666666658,0.04246399999999997,,,,
train_episode,396300,5.050133333333333,0.030272,,,,
train_episode,396450,4.89813333333333,0.02924799999999999,,,,
train_episode,396600,3.7146666666666666,0.02152533333333334,,,,
train_episode,396750,4.900800000000002,0.028928000000000006,,,,
train_episode,396900,3.963733333333331,0.023039999999999988,,,,
train_episode,397050,4.964266666666687,0.02946133333333345,,,,
train_episode,397200,4.586666666666668,0.027050666666666667,,,,
train_episode,397350,5.639466666666666,0.03402666666666667,,,,
train_episode,397500,3.6789333333333403,0.021365333333333385,,,,
train_episode,397650,4.773333333333331,0.027999999999999994,,,,
train_episode,397800,5.24266666666667,0.031253333333333334,,,,
train_episode,397950,4.471999999999968,0.026336000000000047,,,,
train_episode,398100,4.922666666666642,0.029279999999999837,,,,
train_episode,398250,5.17226666666667,0.03079466666666668,,,,
train_episode,398400,4.502933333333332,0.026719999999999976,,,,
train_episode,398550,3.513066666666667,0.02,,,,
train_episode,398700,5.380799999999997,0.03215999999999999,,,,
train_episode,398850,5.373866666666667,0.03246933333333334,,,,
train_episode,399000,4.369066666666667,0.02564266666666667,,,,
train_episode,399150,4.2848000000000015,0.025045333333333336,,,,
train_episode,399300,4.002666666666665,0.02325333333333333,,,,
train_episode,399450,4.074666666666664,0.023594666666666667,,,,
train_episode,399600,4.019733333333335,0.023626666666666678,,,,
train_episode,399750,5.257066666666668,0.031370666666666665,,,,
train_episode,399900,3.9605333333333332,0.022816,,,,
train_episode,400050,6.112533333333357,0.03731200000000018,,,,
train_episode,400200,4.889600000000002,0.02918400000000002,,,,
train_episode,400350,4.541333333333335,0.026730666666666666,,,,
train_episode,400500,5.378133333333368,0.03241600000000023,,,,
train_episode,400650,4.677866666666666,0.027551999999999972,,,,
train_episode,400800,5.320533333333334,0.03186133333333334,,,,
train_episode,400950,4.672533333333333,0.027637333333333344,,,,
train_episode,401100,5.329066666666665,0.032074666666666654,,,,
train_episode,401250,6.120533333333334,0.03726933333333335,,,,
train_episode,401400,5.0352,0.03003733333333336,,,,
train_episode,401550,4.510933333333331,0.026538666666666665,,,,
train_episode,401700,6.660799999999996,0.040842666666666645,,,,
train_episode,401850,5.873066666666645,0.03556266666666653,,,,
train_episode,402000,5.377066666666648,0.03243733333333319,,,,
eval,402000,,,,,5.218560000000001,0.03126613333333334
train_episode,402150,5.284800000000006,0.031744000000000036,,,,
train_episode,402300,4.668266666666663,0.02770133333333322,,,,
train_episode,402450,5.454933333333332,0.03266133333333333,,,,
train_episode,402600,5.707733333333332,0.03437866666666666,,,,
train_episode,402750,4.940799999999976,0.029610666666666514,,,,
train_episode,402900,5.8554666666666435,0.03554133333333318,,,,
train_episode,403050,4.995199999999998,0.029813333333333317,,,,
train_episode,403200,4.876266666666665,0.028917333333333316,,,,
train_episode,403350,4.287466666666664,0.025088000000000006,,,,
train_episode,403500,4.526933333333333,0.026741333333333336,,,,
train_episode,403650,5.431466666666666,0.03278933333333333,,,,
train_episode,403800,5.386666666666668,0.03229866666666667,,,,
train_episode,403950,5.367999999999991,0.03239466666666661,,,,
train_episode,404100,6.763199999999999,0.041610666666666664,,,,
train_episode,404250,6.485333333333329,0.03980799999999998,,,,
train_episode,404400,6.087466666666668,0.03707733333333335,,,,
train_episode,404550,4.6944000000000035,0.027872000000000022,,,,
train_episode,404700,5.0837333333333055,0.030399999999999813,,,,
train_episode,404850,5.685866666666668,0.03437866666666667,,,,
train_episode,405000,6.489066666666655,0.0394346666666666,,,,
train_episode,405150,6.916799999999983,0.0425599999999999,,,,
train_episode,405300,5.799466666666659,0.0350933333333333,,,,
train_episode,405450,7.387733333333331,0.04556799999999997,,,,
train_episode,405600,8.198399999999998,0.05083733333333335,,,,
train_episode,405750,9.408533333333333,0.05914666666666667,,,,
train_episode,405900,8.622399999999999,0.053738666666666636,,,,
train_episode,406050,5.560533333333334,0.03361066666666667,,,,
train_episode,406200,7.482666666666666,0.04634666666666668,,,,
train_episode,406350,5.867733333333333,0.03571200000000001,,,,
train_episode,406500,10.808533333333335,0.06820266666666662,,,,
train_episode,406650,10.518933333333344,0.06636800000000005,,,,
train_episode,406800,8.342933333333335,0.051904,,,,
train_episode,406950,8.661333333333335,0.054176000000000016,,,,
train_episode,407100,10.532799999999995,0.06651733333333328,,,,
train_episode,407250,9.357866666666656,0.058570666666666625,,,,
train_episode,407400,10.862399999999983,0.0686399999999999,,,,
train_episode,407550,10.960533333333334,0.06934399999999999,,,,
train_episode,407700,12.348800000000015,0.0786666666666667,,,,
train_episode,407850,8.524799999999999,0.05336533333333334,,,,
train_episode,408000,13.858666666666666,0.08850133333333332,,,,
eval,408000,,,,,12.036373333333326,0.07640319999999998
train_episode,408150,11.077333333333332,0.0698773333333333,,,,
train_episode,408300,10.134399999999983,0.06382933333333318,,,,
train_episode,408450,14.978133333333334,0.09613866666666661,,,,
train_episode,408600,12.183999999999997,0.07778133333333329,,,,
train_episode,408750,16.81226666666667,0.10826666666666661,,,,
train_episode,408900,13.389333333333331,0.08551466666666664,,,,
train_episode,409050,11.483733333333326,0.07260799999999991,,,,
train_episode,409200,11.8464,0.07494399999999998,,,,
train_episode,409350,15.327999999999992,0.0982719999999999,,,,
train_episode,409500,16.69973333333334,0.10740266666666666,,,,
train_episode,409650,12.426133333333338,0.07886933333333335,,,,
train_episode,409800,17.192533333333333,0.11093333333333329,,,,
train_episode,409950,21.09120000000001,0.13657600000000006,,,,
train_episode,410100,21.173866666666676,0.13731200000000007,,,,
train_episode,410250,18.202133333333357,0.11756800000000008,,,,
train_episode,410400,18.304533333333342,0.11782400000000007,,,,
train_episode,410550,15.81226666666667,0.10154666666666667,,,,
train_episode,410700,27.564266666666672,0.17986133333333335,,,,
train_episode,410850,20.901333333333323,0.1351573333333333,,,,
train_episode,411000,19.783999999999978,0.12790399999999985,,,,
train_episode,411150,23.709333333333323,0.1541013333333333,,,,
train_episode,411300,27.52320000000002,0.1796373333333334,,,,
train_episode,411450,18.753066666666662,0.12095999999999994,,,,
train_episode,411600,24.37013333333334,0.15834666666666672,,,,
train_episode,411750,24.895466666666675,0.16185600000000008,,,,
train_episode,411900,25.903466666666656,0.16858666666666663,,,,
train_episode,412050,20.163200000000003,0.13099733333333335,,,,
train_episode,412200,18.079999999999963,0.11656533333333312,,,,
train_episode,412350,20.484266666666688,0.13235200000000005,,,,
train_episode,412500,21.499199999999988,0.13915733333333327,,,,
train_episode,412650,20.616533333333326,0.1334933333333333,,,,
train_episode,412800,20.743466666666656,0.13374933333333328,,,,
train_episode,412950,21.09386666666667,0.13677866666666663,,,,
train_episode,413100,16.892266666666654,0.10865066666666659,,,,
train_episode,413250,18.622933333333325,0.12026666666666662,,,,
train_episode,413400,24.541866666666667,0.15955200000000005,,,,
train_episode,413550,17.447466666666667,0.11245866666666665,,,,
train_episode,413700,19.828800000000015,0.12814933333333342,,,,
train_episode,413850,23.863999999999994,0.15521066666666664,,,,
train_episode,414000,16.55200000000001,0.10634666666666666,,,,
eval,414000,,,,,16.194453333333335,0.10405333333333329
train_episode,414150,21.277333333333317,0.13766399999999995,,,,
train_episode,414300,15.881066666666667,0.10174933333333329,,,,
train_episode,414450,14.616533333333338,0.09355733333333337,,,,
train_episode,414600,18.123199999999976,0.11687466666666656,,,,
train_episode,414750,18.358933333333333,0.11836799999999997,,,,
train_episode,414900,19.02666666666666,0.12298666666666659,,,,
train_episode,415050,21.23946666666667,0.13773866666666673,,,,
train_episode,415200,18.961066666666664,0.12235733333333329,,,,
train_episode,415350,17.505066666666654,0.11268266666666667,,,,
train_episode,415500,17.155733333333337,0.11028266666666665,,,,
train_episode,415650,20.271466666666658,0.13107199999999994,,,,
train_episode,415800,21.461333333333332,0.1391253333333333,,,,
train_episode,415950,22.880533333333336,0.1483093333333334,,,,
train_episode,416100,25.642133333333327,0.16723199999999996,,,,
train_episode,416250,22.397866666666665,0.1453013333333334,,,,
train_episode,416400,28.767466666666653,0.1881173333333332,,,,
train_episode,416550,24.432533333333307,0.15863466666666656,,,,
train_episode,416700,21.678400000000018,0.14056533333333343,,,,
train_episode,416850,28.84586666666665,0.18788266666666661,,,,
train_episode,417000,19.270400000000013,0.12451200000000007,,,,
train_episode,417150,20.118933333333313,0.13009066666666655,,,,
train_episode,417300,14.869333333333337,0.09525333333333333,,,,
train_episode,417450,20.283200000000015,0.13123200000000015,,,,
train_episode,417600,24.464533333333343,0.15905066666666673,,,,
train_episode,417750,28.248000000000005,0.18453333333333344,,,,
train_episode,417900,23.223999999999997,0.15060266666666672,,,,
train_episode,418050,26.1888,0.17084799999999997,,,,
train_episode,418200,19.820799999999984,0.1282773333333333,,,,
train_episode,418350,22.5056,0.14657066666666665,,,,
train_episode,418500,24.523199999999985,0.1597333333333333,,,,
train_episode,418650,19.779733333333333,0.12797866666666666,,,,
train_episode,418800,24.12853333333331,0.1569066666666665,,,,
train_episode,418950,29.7232,0.19394133333333327,,,,
train_episode,419100,24.310933333333328,0.15802666666666665,,,,
train_episode,419250,26.37120000000001,0.17201066666666673,,,,
train_episode,419400,27.646933333333326,0.1803413333333333,,,,
train_episode,419550,19.437866666666668,0.12563200000000008,,,,
train_episode,419700,23.02506666666666,0.1495146666666666,,,,
train_episode,419850,29.422933333333326,0.192288,,,,
train_episode,420000,28.23786666666665,0.1844906666666667,,,,
eval,420000,,,,,29.40032,0.19234346666666666
train_episode,420150,30.921066666666675,0.20204800000000006,,,,
train_episode,420300,23.30666666666668,0.15145599999999998,,,,
train_episode,420450,26.832533333333327,0.17482666666666666,,,,
train_episode,420600,33.05119999999999,0.2169919999999999,,,,
train_episode,420750,21.54240000000001,0.14006400000000013,,,,
train_episode,420900,22.403199999999977,0.14494933333333318,,,,
train_episode,421050,19.348799999999997,0.12497066666666665,,,,
train_episode,421200,29.814933333333325,0.19508266666666663,,,,
train_episode,421350,23.720533333333346,0.15397333333333335,,,,
train_episode,421500,21.5461333333333,0.13965866666666651,,,,
train_episode,421650,23.905066666666663,0.1549333333333333,,,,
train_episode,421800,24.69013333333334,0.16072533333333333,,,,
train_episode,421950,18.830399999999994,0.12159999999999994,,,,
train_episode,422100,22.195200000000003,0.14417066666666675,,,,
train_episode,422250,29.75786666666669,0.19405866666666677,,,,
train_episode,422400,27.029333333333323,0.17576533333333338,,,,
train_episode,422550,27.96533333333334,0.18248533333333333,,,,
train_episode,422700,22.211733333333324,0.14414933333333335,,,,
train_episode,422850,33.582399999999986,0.22033066666666676,,,,
train_episode,423000,22.256533333333362,0.14449066666666688,,,,
train_episode,423150,30.397333333333336,0.19911466666666672,,,,
train_episode,423300,21.245866666666682,0.1378026666666667,,,,
train_episode,423450,34.54399999999998,0.22693333333333332,,,,
train_episode,423600,21.797866666666657,0.14135466666666663,,,,
train_episode,423750,22.593599999999995,0.14611200000000002,,,,
train_episode,423900,19.180266666666657,0.12393599999999996,,,,
train_episode,424050,20.703466666666657,0.1342613333333333,,,,
train_episode,424200,25.44426666666667,0.16598400000000008,,,,
train_episode,424350,24.67946666666666,0.1601493333333333,,,,
train_episode,424500,21.522133333333347,0.1394560000000001,,,,
train_episode,424650,36.552,0.24042666666666657,,,,
train_episode,424800,31.438399999999994,0.20600533333333332,,,,
train_episode,424950,30.060800000000025,0.19722666666666677,,,,
train_episode,425100,32.91040000000001,0.21636266666666676,,,,
train_episode,425250,26.55946666666667,0.17309866666666682,,,,
train_episode,425400,23.074133333333325,0.150368,,,,
train_episode,425550,21.048000000000012,0.1360640000000001,,,,
train_episode,425700,29.000000000000007,0.1892906666666667,,,,
train_episode,425850,24.98346666666666,0.16281599999999996,,,,
train_episode,426000,28.229333333333333,0.18449066666666675,,,,
eval,426000,,,,,26.365333333333336,0.1719296
train_episode,426150,20.152533333333334,0.130176,,,,
train_episode,426300,23.39093333333334,0.15193600000000007,,,,
train_episode,426450,24.28373333333333,0.15797333333333333,,,,
train_episode,426600,27.411733333333334,0.17862399999999995,,,,
train_episode,426750,30.346133333333324,0.1983679999999999,,,,
train_episode,426900,22.260800000000007,0.144256,,,,
train_episode,427050,20.556266666666676,0.133088,,,,
train_episode,427200,31.546133333333316,0.20669866666666661,,,,
train_episode,427350,20.315200000000015,0.1315306666666667,,,,
train_episode,427500,30.684266666666666,0.2011306666666666,,,,
train_episode,427650,29.4368,0.19251200000000007,,,,
train_episode,427800,28.748266666666666,0.18790399999999996,,,,
train_episode,427950,24.256533333333323,0.15784533333333328,,,,
train_episode,428100,33.19413333333334,0.21798400000000007,,,,
train_episode,428250,29.445866666666667,0.1925120000000001,,,,
train_episode,428400,32.811733333333336,0.21485866666666673,,,,
train_episode,428550,34.83520000000001,0.22876799999999997,,,,
train_episode,428700,33.175999999999995,0.21706666666666663,,,,
train_episode,428850,27.954666666666686,0.18282666666666678,,,,
train_episode,429000,27.812799999999974,0.18178133333333327,,,,
train_episode,429150,28.931200000000022,0.18891733333333338,,,,
train_episode,429300,28.85600000000001,0.1886293333333334,,,,
train_episode,429450,31.1856,0.20424533333333336,,,,
train_episode,429600,25.928533333333327,0.1687893333333333,,,,
train_episode,429750,31.65386666666668,0.20688000000000012,,,,
train_episode,429900,34.592000000000006,0.22727466666666657,,,,
train_episode,430050,33.696533333333335,0.2212906666666667,,,,
train_episode,430200,27.032533333333337,0.17662933333333342,,,,
train_episode,430350,35.1264,0.23001600000000005,,,,
train_episode,430500,31.177066666666654,0.2039573333333333,,,,
train_episode,430650,27.62506666666668,0.17987200000000003,,,,
train_episode,430800,30.142933333333335,0.19717333333333342,,,,
train_episode,430950,26.081066666666665,0.1699093333333334,,,,
train_episode,431100,25.644799999999996,0.1668266666666667,,,,
train_episode,431250,34.15253333333335,0.22432000000000016,,,,
train_episode,431400,27.471999999999994,0.179424,,,,
train_episode,431550,30.529066666666672,0.2001280000000001,,,,
train_episode,431700,31.885866666666672,0.20891733333333334,,,,
train_episode,431850,23.785600000000006,0.1546026666666667,,,,
train_episode,432000,33.872,0.22258133333333338,,,,
eval,432000,,,,,32.890240000000006,0.2155456000000001
train_episode,432150,35.3424,0.23233066666666669,,,,
train_episode,432300,30.435733333333328,0.19903999999999997,,,,
train_episode,432450,37.54506666666667,0.24715733333333323,,,,
train_episode,432600,29.365866666666673,0.19180800000000003,,,,
train_episode,432750,33.62719999999999,0.22079999999999994,,,,
train_episode,432900,31.995733333333327,0.20982399999999995,,,,
train_episode,433050,37.81813333333334,0.24904533333333334,,,,
train_episode,433200,35.37279999999999,0.23247999999999996,,,,
train_episode,433350,32.55946666666666,0.2132799999999999,,,,
train_episode,433500,35.50773333333335,0.23316266666666674,,,,
train_episode,433650,38.25066666666667,0.2521386666666667,,,,
train_episode,433800,37.032533333333326,0.24361599999999994,,,,
train_episode,433950,41.68853333333332,0.27471999999999996,,,,
train_episode,434100,39.27040000000001,0.2589546666666666,,,,
train_episode,434250,36.17759999999999,0.23768533333333328,,,,
train_episode,434400,38.96053333333333,0.25616,,,,
train_episode,434550,35.63733333333333,0.23385599999999993,,,,
train_episode,434700,39.92853333333333,0.2633066666666667,,,,
train_episode,434850,39.02133333333333,0.2573973333333332,,,,
train_episode,435000,37.182399999999994,0.24466133333333331,,,,
train_episode,435150,39.90613333333332,0.263232,,,,
train_episode,435300,42.550400000000025,0.2806186666666667,,,,
train_episode,435450,39.1594666666667,0.25771733333333324,,,,
train_episode,435600,36.8352,0.24202666666666664,,,,
train_episode,435750,43.721066666666644,0.28824533333333324,,,,
train_episode,435900,32.20106666666667,0.21085866666666675,,,,
train_episode,436050,39.60906666666668,0.2605013333333333,,,,
train_episode,436200,38.212799999999994,0.25141333333333343,,,,
train_episode,436350,33.79466666666668,0.22190933333333324,,,,
train_episode,436500,38.304,0.25139199999999995,,,,
train_episode,436650,39.660799999999995,0.2614293333333333,,,,
train_episode,436800,37.935466666666656,0.2494506666666665,,,,
train_episode,436950,39.852800000000016,0.2627413333333333,,,,
train_episode,437100,39.86400000000001,0.2624640000000001,,,,
train_episode,437250,40.8714666666667,0.26947200000000004,,,,
train_episode,437400,31.262933333333333,0.20472533333333323,,,,
train_episode,437550,35.96106666666667,0.23673599999999997,,,,
train_episode,437700,40.20053333333335,0.26501333333333343,,,,
train_episode,437850,41.15626666666665,0.27155199999999996,,,,
train_episode,438000,41.13759999999998,0.2708586666666664,,,,
eval,438000,,,,,38.904,0.25625813333333336
train_episode,438150,40.02080000000001,0.2640746666666666,,,,
train_episode,438300,39.877866666666655,0.26305066666666665,,,,
train_episode,438450,41.112,0.271232,,,,
train_episode,438600,44.2709333333333,0.29247999999999985,,,,
train_episode,438750,44.45653333333333,0.29388800000000004,,,,
train_episode,438900,42.19413333333334,0.2786026666666668,,,,
train_episode,439050,44.99893333333334,0.297152,,,,
train_episode,439200,44.257600000000004,0.29241600000000006,,,,
train_episode,439350,43.20693333333333,0.285216,,,,
train_episode,439500,42.8512,0.28310399999999986,,,,
train_episode,439650,42.670399999999965,0.2815466666666665,,,,
train_episode,439800,42.281066666666646,0.2790719999999998,,,,
train_episode,439950,41.28106666666665,0.2723626666666664,,,,
train_episode,440100,45.144533333333364,0.29818666666666704,,,,
train_episode,440250,43.75573333333334,0.2891839999999999,,,,
train_episode,440400,40.636799999999994,0.2675946666666667,,,,
train_episode,440550,41.245333333333335,0.27211733333333327,,,,
train_episode,440700,42.28853333333332,0.2789973333333333,,,,
train_episode,440850,39.26453333333333,0.25904000000000005,,,,
train_episode,441000,42.597333333333374,0.2808640000000002,,,,
train_episode,441150,45.296533333333315,0.2990079999999999,,,,
train_episode,441300,43.44426666666663,0.2870293333333332,,,,
train_episode,441450,45.507200000000005,0.30048,,,,
train_episode,441600,47.49600000000001,0.31392000000000003,,,,
train_episode,441750,46.19093333333335,0.3053120000000001,,,,
train_episode,441900,45.35680000000001,0.2999253333333334,,,,
train_episode,442050,44.63893333333334,0.2951466666666667,,,,
train_episode,442200,45.613866666666645,0.30151466666666643,,,,
train_episode,442350,43.24320000000001,0.28517333333333356,,,,
train_episode,442500,39.07946666666669,0.25764266666666674,,,,
train_episode,442650,45.33706666666665,0.29964799999999986,,,,
train_episode,442800,44.18559999999998,0.29120000000000007,,,,
train_episode,442950,45.53813333333331,0.30079999999999996,,,,
train_episode,443100,43.01759999999999,0.28447999999999996,,,,
train_episode,443250,44.47200000000001,0.29376000000000013,,,,
train_episode,443400,47.74666666666664,0.31547733333333333,,,,
train_episode,443550,38.518399999999986,0.2535573333333333,,,,
train_episode,443700,43.97280000000002,0.29021866666666685,,,,
train_episode,443850,44.29013333333335,0.29277866666666685,,,,
train_episode,444000,43.48160000000001,0.2871466666666666,,,,
eval,444000,,,,,41.881600000000006,0.2761834666666666
train_episode,444150,44.245866666666686,0.2926400000000001,,,,
train_episode,444300,38.29333333333334,0.2523626666666667,,,,
train_episode,444450,43.034133333333344,0.28444800000000003,,,,
train_episode,444600,41.87786666666662,0.27629866666666664,,,,
train_episode,444750,42.69546666666666,0.2820693333333332,,,,
train_episode,444900,43.352000000000004,0.28673066666666686,,,,
train_episode,445050,45.940800000000024,0.30371200000000004,,,,
train_episode,445200,45.198400000000014,0.29845333333333346,,,,
train_episode,445350,44.04906666666669,0.2911893333333336,,,,
train_episode,445500,46.070933333333315,0.30419199999999996,,,,
train_episode,445650,43.13173333333334,0.2846826666666667,,,,
train_episode,445800,44.61973333333336,0.29469866666666666,,,,
train_episode,445950,39.99893333333334,0.26375466666666675,,,,
train_episode,446100,46.36000000000004,0.3063146666666667,,,,
train_episode,446250,44.40639999999998,0.29361066666666646,,,,
train_episode,446400,47.12426666666667,0.3117439999999998,,,,
train_episode,446550,46.92320000000003,0.31061333333333335,,,,
train_episode,446700,46.67626666666663,0.3086186666666667,,,,
train_episode,446850,45.00106666666665,0.29720533333333327,,,,
train_episode,447000,48.3178666666667,0.3196266666666666,,,,
train_episode,447150,45.483733333333326,0.3006079999999999,,,,
train_episode,447300,47.4096,0.31343999999999994,,,,
train_episode,447450,48.30346666666667,0.319808,,,,
train_episode,447600,46.28479999999999,0.3063893333333333,,,,
train_episode,447750,46.97333333333332,0.31070933333333345,,,,
train_episode,447900,50.128,0.3319786666666668,,,,
train_episode,448050,51.72053333333334,0.34245333333333333,,,,
train_episode,448200,47.935466666666656,0.3170453333333334,,,,
train_episode,448350,45.42559999999998,0.3003306666666665,,,,
train_episode,448500,50.941866666666684,0.3376213333333334,,,,
train_episode,448650,48.645866666666656,0.3217706666666668,,,,
train_episode,448800,50.41706666666666,0.3335786666666667,,,,
train_episode,448950,50.77813333333333,0.33629866666666663,,,,
train_episode,449100,51.53973333333333,0.34122666666666684,,,,
train_episode,449250,49.74720000000001,0.32933333333333326,,,,
train_episode,449400,49.16640000000003,0.32546133333333344,,,,
train_episode,449550,48.582400000000035,0.3215360000000002,,,,
train_episode,449700,47.48586666666666,0.31400533333333336,,,,
train_episode,449850,46.820266666666676,0.3099520000000002,,,,
train_episode,450000,49.43840000000001,0.3275306666666665,,,,
eval,450000,,,,,50.76682666666666,0.33618346666666665
train_episode,450150,50.859733333333345,0.33701333333333344,,,,
train_episode,450300,52.29226666666669,0.34656000000000015,,,,
train_episode,450450,49.683733333333315,0.3288426666666667,,,,
train_episode,450600,52.866133333333345,0.35025066666666677,,,,
train_episode,450750,50.358400000000024,0.33365333333333325,,,,
train_episode,450900,50.767466666666664,0.3359786666666668,,,,
train_episode,451050,52.4768,0.3472853333333333,,,,
train_episode,451200,51.9968,0.3445866666666666,,,,
train_episode,451350,48.24639999999996,0.3192533333333331,,,,
train_episode,451500,52.98986666666666,0.35113600000000006,,,,
train_episode,451650,53.91306666666668,0.35733333333333334,,,,
train_episode,451800,51.954666666666675,0.34360533333333343,,,,
train_episode,451950,51.211200000000005,0.33918933333333345,,,,
train_episode,452100,51.2634666666667,0.33948800000000007,,,,
train_episode,452250,53.114666666666665,0.3521280000000002,,,,
train_episode,452400,54.04693333333335,0.35819733333333353,,,,
train_episode,452550,52.28160000000003,0.34632533333333354,,,,
train_episode,452700,51.49706666666666,0.3411946666666667,,,,
train_episode,452850,51.83999999999997,0.3431253333333332,,,,
train_episode,453000,54.714666666666645,0.3627626666666666,,,,
train_episode,453150,55.54559999999999,0.3684586666666667,,,,
train_episode,453300,54.68,0.36292266666666656,,,,
train_episode,453450,53.79893333333331,0.35653333333333315,,,,
train_episode,453600,48.94560000000003,0.32420266666666686,,,,
train_episode,453750,52.949866666666644,0.35109333333333326,,,,
train_episode,453900,53.8085333333333,0.3566079999999999,,,,
train_episode,454050,52.343999999999994,0.346816,,,,
train_episode,454200,52.69919999999998,0.34912000000000004,,,,
train_episode,454350,56.17920000000001,0.3725759999999999,,,,
train_episode,454500,53.620800000000024,0.35492266666666644,,,,
train_episode,454650,55.93386666666665,0.37100800000000006,,,,
train_episode,454800,55.85600000000004,0.3703253333333334,,,,
train_episode,454950,54.06240000000002,0.3584853333333334,,,,
train_episode,455100,55.27360000000001,0.3666346666666667,,,,
train_episode,455250,56.4128,0.3741226666666666,,,,
train_episode,455400,55.916799999999995,0.3710293333333333,,,,
train_episode,455550,55.08853333333335,0.3654506666666666,,,,
train_episode,455700,55.6096,0.3693013333333332,,,,
train_episode,455850,56.78613333333333,0.37664000000000014,,,,
train_episode,456000,56.96746666666668,0.37784533333333364,,,,
eval,456000,,,,,56.73119999999999,0.3760384
train_episode,456150,56.62720000000003,0.37531733333333345,,,,
train_episode,456300,56.116799999999984,0.37207466666666666,,,,
train_episode,456450,55.8458666666667,0.37053866666666674,,,,
train_episode,456600,56.419199999999954,0.37419733333333316,,,,
train_episode,456750,57.54666666666664,0.38156799999999985,,,,
train_episode,456900,56.264533333333354,0.37323733333333314,,,,
train_episode,457050,55.60159999999999,0.36857599999999985,,,,
train_episode,457200,53.9472,0.3582186666666667,,,,
train_episode,457350,56.422400000000025,0.3743573333333335,,,,
train_episode,457500,57.52106666666666,0.38176000000000004,,,,
train_episode,457650,56.271466666666655,0.3732906666666666,,,,
train_episode,457800,58.26773333333337,0.38652800000000015,,,,
train_episode,457950,56.28693333333334,0.37381333333333333,,,,
train_episode,458100,56.65066666666669,0.375872,,,,
train_episode,458250,57.76746666666667,0.3833706666666666,,,,
train_episode,458400,58.95519999999998,0.3911359999999999,,,,
train_episode,458550,59.68106666666668,0.3963093333333332,,,,
train_episode,458700,58.870400000000004,0.390528,,,,
train_episode,458850,59.41600000000002,0.39448533333333335,,,,
train_episode,459000,59.547733333333326,0.3955306666666668,,,,
train_episode,459150,59.93706666666666,0.39768533333333345,,,,
train_episode,459300,60.26506666666668,0.3998293333333333,,,,
train_episode,459450,59.17653333333333,0.39270399999999994,,,,
train_episode,459600,59.726933333333335,0.3964373333333334,,,,
train_episode,459750,60.913066666666644,0.40453333333333324,,,,
train_episode,459900,60.083733333333306,0.39899733333333337,,,,
train_episode,460050,59.153600000000004,0.3926400000000001,,,,
train_episode,460200,61.685333333333325,0.4097280000000001,,,,
train_episode,460350,62.12640000000002,0.4126293333333333,,,,
train_episode,460500,63.31786666666667,0.4204693333333333,,,,
train_episode,460650,61.15626666666668,0.4059733333333334,,,,
train_episode,460800,63.430400000000006,0.4213546666666666,,,,
train_episode,460950,63.681599999999975,0.4226666666666667,,,,
train_episode,461100,60.696533333333335,0.4027839999999999,,,,
train_episode,461250,63.023466666666685,0.41895466666666675,,,,
train_episode,461400,62.53226666666668,0.41579733333333335,,,,
train_episode,461550,63.95200000000001,0.4246186666666667,,,,
train_episode,461700,63.00533333333333,0.41829333333333346,,,,
train_episode,461850,62.944533333333325,0.417824,,,,
train_episode,462000,64.04319999999998,0.4258026666666668,,,,
eval,462000,,,,,63.49024000000001,0.4216490666666667
train_episode,462150,63.264533333333326,0.42005333333333345,,,,
train_episode,462300,64.49119999999996,0.4285119999999999,,,,
train_episode,462450,62.59360000000004,0.41591466666666677,,,,
train_episode,462600,63.92266666666667,0.4246719999999998,,,,
train_episode,462750,63.70933333333332,0.4227413333333334,,,,
train_episode,462900,62.69333333333334,0.41646933333333314,,,,
train_episode,463050,64.4336,0.4280213333333334,,,,
train_episode,463200,64.6448,0.4295893333333333,,,,
train_episode,463350,65.34453333333335,0.43462399999999984,,,,
train_episode,463500,65.54986666666669,0.43528533333333336,,,,
train_episode,463650,65.13386666666668,0.4329066666666669,,,,
train_episode,463800,65.07733333333337,0.4322453333333334,,,,
train_episode,463950,66.17706666666668,0.43984000000000006,,,,
train_episode,464100,66.36480000000003,0.4407146666666668,,,,
train_episode,464250,66.59306666666672,0.44254933333333346,,,,
train_episode,464400,65.05546666666666,0.4324053333333332,,,,
train_episode,464550,65.87359999999998,0.4377599999999997,,,,
train_episode,464700,66.4336,0.44120533333333345,,,,
train_episode,464850,66.52906666666668,0.4421866666666668,,,,
train_episode,465000,65.26240000000004,0.43402666666666645,,,,
train_episode,465150,67.56906666666664,0.4493866666666664,,,,
train_episode,465300,65.71306666666669,0.4368533333333335,,,,
train_episode,465450,67.57439999999998,0.4491093333333334,,,,
train_episode,465600,68.20853333333338,0.453696,,,,
train_episode,465750,68.4128,0.4545920000000001,,,,
train_episode,465900,67.48853333333332,0.44850133333333353,,,,
train_episode,466050,65.96000000000004,0.438688,,,,
train_episode,466200,65.32960000000001,0.4342186666666668,,,,
train_episode,466350,67.35306666666665,0.4474559999999998,,,,
train_episode,466500,69.00479999999999,0.4591253333333334,,,,
train_episode,466650,69.62186666666666,0.4628266666666665,,,,
train_episode,466800,67.8901333333333,0.45146666666666674,,,,
train_episode,466950,69.7962666666667,0.4642986666666666,,,,
train_episode,467100,68.45386666666667,0.4553066666666668,,,,
train_episode,467250,68.2826666666667,0.45383466666666683,,,,
train_episode,467400,67.10506666666664,0.44592000000000015,,,,
train_episode,467550,66.2053333333333,0.43989333333333347,,,,
train_episode,467700,67.2037333333333,0.4462080000000001,,,,
train_episode,467850,68.29226666666668,0.4539839999999999,,,,
train_episode,468000,68.70613333333334,0.4566933333333332,,,,
eval,468000,,,,,67.60416000000002,0.4493589333333333
train_episode,468150,67.33173333333335,0.4474666666666666,,,,
train_episode,468300,68.18773333333331,0.45355733333333337,,,,
train_episode,468450,67.61066666666667,0.4495680000000001,,,,
train_episode,468600,68.64586666666666,0.4562026666666668,,,,
train_episode,468750,67.70133333333327,0.44995199999999963,,,,
train_episode,468900,65.70773333333332,0.4367253333333334,,,,
train_episode,469050,67.12693333333331,0.44623999999999986,,,,
train_episode,469200,68.23146666666668,0.45358933333333323,,,,
train_episode,469350,68.14560000000003,0.4526613333333333,,,,
train_episode,469500,68.32426666666666,0.454144,,,,
train_episode,469650,68.42240000000001,0.45517866666666684,,,,
train_episode,469800,69.07146666666664,0.45924266666666674,,,,
train_episode,469950,69.22666666666669,0.46036266666666675,,,,
train_episode,470100,70.24106666666667,0.46740266666666663,,,,
train_episode,470250,70.5114666666667,0.4688853333333335,,,,
train_episode,470400,69.06613333333327,0.45902933333333323,,,,
train_episode,470550,69.32373333333332,0.4606506666666665,,,,
train_episode,470700,67.23413333333335,0.44702933333333356,,,,
train_episode,470850,67.00746666666669,0.44533333333333314,,,,
train_episode,471000,67.45386666666667,0.4482239999999997,,,,
train_episode,471150,67.52053333333335,0.44883199999999995,,,,
train_episode,471300,68.72266666666667,0.456896,,,,
train_episode,471450,69.02186666666668,0.4587839999999999,,,,
train_episode,471600,69.91360000000002,0.46507733333333334,,,,
train_episode,471750,69.26666666666667,0.46041600000000005,,,,
train_episode,471900,70.41600000000004,0.46799999999999975,,,,
train_episode,472050,69.86666666666663,0.4643626666666668,,,,
train_episode,472200,68.78613333333331,0.45710933333333315,,,,
train_episode,472350,68.21120000000003,0.45318400000000014,,,,
train_episode,472500,69.60213333333333,0.462592,,,,
train_episode,472650,70.13706666666663,0.4663146666666667,,,,
train_episode,472800,70.51093333333333,0.4689173333333332,,,,
train_episode,472950,70.99626666666668,0.4720000000000002,,,,
train_episode,473100,70.43626666666665,0.46841599999999983,,,,
train_episode,473250,69.86346666666667,0.4645973333333333,,,,
train_episode,473400,71.78133333333335,0.47744,,,,
train_episode,473550,69.20426666666668,0.4595093333333336,,,,
train_episode,473700,73.01653333333333,0.4854933333333331,,,,
train_episode,473850,71.4677333333333,0.47542399999999985,,,,
train_episode,474000,72.54453333333333,0.4828800000000002,,,,
eval,474000,,,,,71.78208000000001,0.4774464000000001
train_episode,474150,74.08586666666667,0.49275733333333355,,,,
train_episode,474300,73.07413333333332,0.4859733333333333,,,,
train_episode,474450,74.18453333333335,0.4939839999999999,,,,
train_episode,474600,73.34719999999999,0.4884693333333332,,,,
train_episode,474750,74.86346666666668,0.49830400000000025,,,,
train_episode,474900,75.35466666666663,0.5016639999999998,,,,
train_episode,475050,76.03679999999999,0.5064639999999999,,,,
train_episode,475200,76.32373333333334,0.5080959999999999,,,,
train_episode,475350,74.76479999999995,0.4978453333333333,,,,
train_episode,475500,74.44533333333335,0.49546666666666683,,,,
train_episode,475650,72.77813333333336,0.4842986666666666,,,,
train_episode,475800,74.37599999999999,0.49486933333333327,,,,
train_episode,475950,74.62933333333332,0.4970133333333332,,,,
train_episode,476100,74.76266666666666,0.49745066666666654,,,,
train_episode,476250,72.7536,0.4838826666666665,,,,
train_episode,476400,73.29813333333337,0.4879680000000002,,,,
train_episode,476550,74.62240000000001,0.4967253333333334,,,,
train_episode,476700,76.08800000000005,0.506528,,,,
train_episode,476850,75.22133333333333,0.5006400000000003,,,,
train_episode,477000,75.63839999999998,0.5033599999999999,,,,
train_episode,477150,74.00053333333332,0.4923520000000001,,,,
train_episode,477300,74.39306666666664,0.49499733333333323,,,,
train_episode,477450,75.22560000000001,0.5003093333333334,,,,
train_episode,477600,76.9221333333333,0.5119786666666666,,,,
train_episode,477750,76.88479999999998,0.5118399999999996,,,,
train_episode,477900,77.02186666666663,0.5125973333333336,,,,
train_episode,478050,77.06506666666672,0.5129280000000003,,,,
train_episode,478200,76.41546666666665,0.5082666666666665,,,,
train_episode,478350,75.46986666666666,0.5022506666666668,,,,
train_episode,478500,73.47679999999998,0.4890453333333335,,,,
train_episode,478650,74.4053333333333,0.49528533333333336,,,,
train_episode,478800,76.07573333333335,0.5062933333333336,,,,
train_episode,478950,74.75466666666672,0.49787733333333334,,,,
train_episode,479100,75.77866666666667,0.5043306666666665,,,,
train_episode,479250,76.53760000000001,0.5095786666666667,,,,
train_episode,479400,76.92533333333337,0.5118613333333334,,,,
train_episode,479550,75.09546666666667,0.4999466666666666,,,,
train_episode,479700,76.7093333333333,0.5107306666666666,,,,
train_episode,479850,75.88586666666669,0.5050559999999997,,,,
train_episode,480000,73.99146666666665,0.49239466666666676,,,,
eval,480000,,,,,75.37642666666667,0.5015168000000001
train_episode,480150,76.76480000000001,0.5107839999999998,,,,
train_episode,480300,74.39306666666667,0.49495466666666665,,,,
train_episode,480450,74.74240000000002,0.49737600000000043,,,,
train_episode,480600,74.4368,0.4950613333333331,,,,
train_episode,480750,75.49226666666667,0.5026879999999998,,,,
train_episode,480900,75.57386666666667,0.5027946666666668,,,,
train_episode,481050,73.13333333333337,0.48666666666666686,,,,
train_episode,481200,75.98826666666668,0.5054506666666664,,,,
train_episode,481350,75.08586666666666,0.49985066666666683,,,,
train_episode,481500,73.15893333333331,0.48706133333333307,,,,
train_episode,481650,75.13706666666663,0.4999146666666664,,,,
train_episode,481800,75.08373333333334,0.4996586666666666,,,,
train_episode,481950,72.10346666666668,0.4798933333333333,,,,
train_episode,482100,73.09013333333333,0.4863679999999999,,,,
train_episode,482250,74.67039999999999,0.4970133333333332,,,,
train_episode,482400,73.02346666666666,0.48521599999999987,,,,
train_episode,482550,72.70773333333335,0.4835093333333332,,,,
train_episode,482700,70.52000000000001,0.46921600000000013,,,,
train_episode,482850,70.95146666666665,0.4721066666666668,,,,
train_episode,483000,72.20799999999997,0.4805119999999998,,,,
train_episode,483150,73.20373333333332,0.48764799999999997,,,,
train_episode,483300,71.88959999999997,0.4782826666666665,,,,
train_episode,483450,73.65653333333333,0.4901120000000001,,,,
train_episode,483600,73.91199999999999,0.4921386666666668,,,,
train_episode,483750,74.18346666666665,0.4934613333333334,,,,
train_episode,483900,72.2533333333333,0.4808213333333335,,,,
train_episode,484050,72.80053333333329,0.48413866666666666,,,,
train_episode,484200,73.01653333333334,0.48556799999999983,,,,
train_episode,484350,70.74933333333334,0.4706560000000001,,,,
train_episode,484500,73.12480000000002,0.4865706666666669,,,,
train_episode,484650,74.89493333333334,0.4984106666666665,,,,
train_episode,484800,73.36586666666668,0.4881493333333334,,,,
train_episode,484950,73.16426666666666,0.4865386666666665,,,,
train_episode,485100,74.54826666666668,0.49621333333333295,,,,
train_episode,485250,74.12853333333335,0.4931093333333333,,,,
train_episode,485400,75.464,0.5019413333333335,,,,
train_episode,485550,74.81066666666663,0.4980799999999999,,,,
train_episode,485700,75.92693333333332,0.5053333333333332,,,,
train_episode,485850,75.59146666666666,0.5029760000000001,,,,
train_episode,486000,75.97813333333339,0.5057813333333332,,,,
eval,486000,,,,,75.9310933333333,0.5051456
train_episode,486150,75.64373333333332,0.5035306666666669,,,,
train_episode,486300,75.87626666666665,0.5049493333333334,,,,
train_episode,486450,74.91893333333337,0.4982719999999999,,,,
train_episode,486600,73.2304,0.4872106666666665,,,,
train_episode,486750,73.78080000000001,0.49080533333333337,,,,
train_episode,486900,72.92000000000003,0.48514133333333337,,,,
train_episode,487050,73.12106666666661,0.48663466666666666,,,,
train_episode,487200,74.44533333333334,0.49513599999999985,,,,
train_episode,487350,72.92693333333332,0.48558933333333326,,,,
train_episode,487500,73.92533333333333,0.49166933333333335,,,,
train_episode,487650,75.00373333333334,0.499125333333333,,,,
train_episode,487800,75.49013333333333,0.5023253333333333,,,,
train_episode,487950,74.13653333333332,0.49343999999999993,,,,
train_episode,488100,72.93173333333331,0.48513066666666677,,,,
train_episode,488250,73.55040000000004,0.4892053333333335,,,,
train_episode,488400,72.6613333333333,0.4835306666666664,,,,
train_episode,488550,73.82666666666664,0.4912426666666666,,,,
train_episode,488700,74.41653333333332,0.49497599999999986,,,,
train_episode,488850,74.77066666666664,0.49768533333333353,,,,
train_episode,489000,72.73173333333335,0.4839786666666665,,,,
train_episode,489150,73.62293333333331,0.4900479999999998,,,,
train_episode,489300,74.39520000000003,0.49505066666666675,,,,
train_episode,489450,74.5056,0.49610666666666653,,,,
train_episode,489600,74.04533333333339,0.4925546666666664,,,,
train_episode,489750,75.10719999999999,0.4999573333333334,,,,
train_episode,489900,74.41493333333335,0.49545600000000006,,,,
train_episode,490050,74.22133333333333,0.493952,,,,
train_episode,490200,74.03573333333327,0.4931306666666665,,,,
train_episode,490350,73.58720000000004,0.48947200000000035,,,,
train_episode,490500,72.5728,0.48285866666666694,,,,
train_episode,490650,71.24,0.4735786666666666,,,,
train_episode,490800,73.61173333333332,0.48955733333333323,,,,
train_episode,490950,73.8650666666667,0.49122133333333323,,,,
train_episode,491100,74.36906666666663,0.49468799999999996,,,,
train_episode,491250,72.87733333333333,0.4849066666666665,,,,
train_episode,491400,73.48906666666669,0.48862933333333347,,,,
train_episode,491550,73.7514666666667,0.4905173333333328,,,,
train_episode,491700,73.47733333333332,0.48874666666666666,,,,
train_episode,491850,74.02879999999998,0.49255466666666675,,,,
train_episode,492000,71.88960000000002,0.4782826666666666,,,,
eval,492000,,,,,72.91264,0.48483199999999993
train_episode,492150,72.95573333333334,0.48532266666666646,,,,
train_episode,492300,71.60586666666667,0.47613866666666654,,,,
train_episode,492450,72.18186666666664,0.47992533333333304,,,,
train_episode,492600,73.57973333333338,0.48931199999999997,,,,
train_episode,492750,73.54133333333333,0.48932266666666663,,,,
train_episode,492900,73.21866666666668,0.48708266666666655,,,,
train_episode,493050,72.94293333333333,0.4852586666666667,,,,
train_episode,493200,74.83253333333333,0.4980800000000003,,,,
train_episode,493350,75.29973333333338,0.5006933333333334,,,,
train_episode,493500,74.99893333333335,0.4989226666666669,,,,
train_episode,493650,72.97386666666667,0.48530133333333336,,,,
train_episode,493800,73.81386666666668,0.4914773333333332,,,,
train_episode,493950,74.15839999999999,0.4934613333333333,,,,
train_episode,494100,71.58560000000001,0.47616000000000014,,,,
train_episode,494250,71.19466666666663,0.47341866666666654,,,,
train_episode,494400,70.69280000000003,0.46967466666666674,,,,
train_episode,494550,69.0576,0.45916799999999997,,,,
train_episode,494700,69.63413333333332,0.46270933333333336,,,,
train_episode,494850,68.66346666666665,0.4566933333333333,,,,
train_episode,495000,68.74453333333332,0.45714133333333345,,,,
train_episode,495150,71.53920000000002,0.4759893333333333,,,,
train_episode,495300,70.29333333333335,0.46753066666666654,,,,
train_episode,495450,69.09173333333338,0.45929600000000015,,,,
train_episode,495600,71.09493333333334,0.47345066666666685,,,,
train_episode,495750,69.43573333333333,0.46156800000000003,,,,
train_episode,495900,72.3456,0.481056,,,,
train_episode,496050,70.71573333333332,0.47016533333333344,,,,
train_episode,496200,72.48586666666668,0.4819733333333336,,,,
train_episode,496350,68.53226666666669,0.4552426666666666,,,,
train_episode,496500,69.16373333333331,0.4597866666666669,,,,
train_episode,496650,71.10560000000002,0.47261866666666674,,,,
train_episode,496800,68.27146666666668,0.45350399999999996,,,,
train_episode,496950,67.02080000000002,0.4454079999999999,,,,
train_episode,497100,66.76853333333331,0.44368000000000024,,,,
train_episode,497250,65.42666666666669,0.4351360000000001,,,,
train_episode,497400,65.3344,0.43386666666666673,,,,
train_episode,497550,65.30826666666667,0.43386666666666673,,,,
train_episode,497700,65.37813333333332,0.43422933333333336,,,,
train_episode,497850,66.46666666666668,0.44160000000000016,,,,
train_episode,498000,66.69119999999998,0.4428373333333335,,,,
eval,498000,,,,,66.69077333333334,0.44317013333333327
train_episode,498150,67.3952,0.4477653333333336,,,,
train_episode,498300,66.87413333333335,0.4445653333333333,,,,
train_episode,498450,65.83733333333335,0.4372266666666667,,,,
train_episode,498600,67.41653333333332,0.4476266666666668,,,,
train_episode,498750,66.31626666666668,0.44031999999999993,,,,
train_episode,498900,65.65920000000006,0.43618133333333353,,,,
train_episode,499050,66.37439999999998,0.4409173333333335,,,,
train_episode,499200,66.17440000000005,0.43973333333333336,,,,
train_episode,499350,64.95626666666666,0.43193600000000015,,,,
train_episode,499500,65.58186666666667,0.4359893333333333,,,,
train_episode,499650,65.36639999999997,0.43433599999999983,,,,
train_episode,499800,65.02453333333331,0.43191466666666667,,,,
train_episode,499950,64.35413333333335,0.42758400000000024,,,,
train_episode,500100,64.63680000000002,0.42922666666666687,,,,
train_episode,500250,62.53973333333331,0.41524266666666637,,,,
train_episode,500400,62.98080000000001,0.41835733333333314,,,,
train_episode,500550,63.87093333333334,0.42424533333333336,,,,
train_episode,500700,63.63093333333332,0.42258133333333325,,,,
train_episode,500850,63.56159999999996,0.4221226666666668,,,,
train_episode,501000,62.6922666666667,0.41641599999999984,,,,
train_episode,501150,63.03626666666668,0.418496,,,,
train_episode,501300,63.02186666666664,0.41849599999999976,,,,
train_episode,501450,64.10239999999999,0.4256213333333334,,,,
train_episode,501600,62.70506666666668,0.4164906666666666,,,,
train_episode,501750,61.65173333333333,0.40961066666666673,,,,
train_episode,501900,63.42453333333334,0.42062933333333336,,,,
train_episode,502050,62.57013333333333,0.415424,,,,
train_episode,502200,62.719466666666655,0.41626666666666673,,,,
train_episode,502350,62.43680000000001,0.4146880000000001,,,,
train_episode,502500,62.53279999999998,0.41539199999999976,,,,
train_episode,502650,63.49066666666667,0.42148266666666634,,,,
train_episode,502800,63.670400000000015,0.42312533333333346,,,,
train_episode,502950,63.34879999999998,0.42059733333333327,,,,
train_episode,503100,64.90613333333333,0.43124266666666683,,,,
train_episode,503250,63.03946666666666,0.4187413333333333,,,,
train_episode,503400,63.55573333333334,0.4220160000000002,,,,
train_episode,503550,63.784000000000006,0.42375466666666667,,,,
train_episode,503700,64.43626666666667,0.4281920000000001,,,,
train_episode,503850,62.772266666666624,0.4170133333333333,,,,
train_episode,504000,63.48799999999998,0.42163199999999995,,,,
eval,504000,,,,,63.34741333333333,0.4206719999999999
train_episode,504150,62.018666666666675,0.41152000000000016,,,,
train_episode,504300,62.979200000000006,0.4182613333333335,,,,
train_episode,504450,64.06879999999998,0.42550400000000027,,,,
train_episode,504600,64.52426666666666,0.4284906666666668,,,,
train_episode,504750,62.261333333333354,0.4135680000000001,,,,
train_episode,504900,63.11626666666666,0.41932800000000003,,,,
train_episode,505050,64.34826666666669,0.42734933333333336,,,,
train_episode,505200,64.84853333333332,0.4310399999999999,,,,
train_episode,505350,64.33493333333334,0.4272640000000002,,,,
train_episode,505500,64.33866666666668,0.42700800000000017,,,,
train_episode,505650,65.65759999999999,0.4359466666666664,,,,
train_episode,505800,65.3856,0.43383466666666676,,,,
train_episode,505950,63.67253333333334,0.4227199999999998,,,,
train_episode,506100,64.49439999999998,0.428288,,,,
train_episode,506250,64.58453333333333,0.4287466666666667,,,,
train_episode,506400,65.68959999999998,0.4365866666666667,,,,
train_episode,506550,63.79360000000002,0.4234986666666667,,,,
train_episode,506700,63.15360000000002,0.4195840000000002,,,,
train_episode,506850,63.90666666666664,0.42460799999999976,,,,
train_episode,507000,64.21546666666666,0.4264,,,,
train_episode,507150,63.16906666666666,0.419392,,,,
train_episode,507300,63.0512,0.41864533333333315,,,,
train_episode,507450,63.86186666666664,0.42374400000000007,,,,
train_episode,507600,63.8496,0.42450133333333334,,,,
train_episode,507750,63.546133333333316,0.42209066666666667,,,,
train_episode,507900,64.13386666666666,0.42627200000000004,,,,
train_episode,508050,63.90506666666667,0.4246293333333334,,,,
train_episode,508200,63.501866666666665,0.4219306666666667,,,,
train_episode,508350,63.47679999999998,0.42206933333333313,,,,
train_episode,508500,65.93173333333333,0.43839999999999996,,,,
train_episode,508650,64.81226666666667,0.43100799999999984,,,,
train_episode,508800,63.06186666666666,0.41870933333333327,,,,
train_episode,508950,62.835199999999965,0.4175253333333335,,,,
train_episode,509100,62.10346666666666,0.41212800000000016,,,,
train_episode,509250,62.2432,0.4138240000000002,,,,
train_episode,509400,61.92106666666665,0.411648,,,,
train_episode,509550,63.02346666666667,0.4183466666666667,,,,
train_episode,509700,61.062399999999975,0.40534399999999987,,,,
train_episode,509850,63.19199999999998,0.4199893333333334,,,,
train_episode,510000,63.257600000000004,0.41989333333333334,,,,
eval,510000,,,,,62.27936,0.41335679999999997
train_episode,510150,61.11146666666666,0.4061653333333332,,,,
train_episode,510300,60.93546666666668,0.40475733333333347,,,,
train_episode,510450,61.38240000000001,0.4075200000000001,,,,
train_episode,510600,61.248000000000005,0.4068160000000001,,,,
train_episode,510750,61.531200000000005,0.40835199999999966,,,,
train_episode,510900,62.35893333333334,0.41410133333333315,,,,
train_episode,511050,61.40800000000001,0.40760533333333343,,,,
train_episode,511200,61.190933333333305,0.40595200000000004,,,,
train_episode,511350,59.26933333333336,0.39392000000000005,,,,
train_episode,511500,60.095466666666645,0.3989653333333332,,,,
train_episode,511650,59.40533333333333,0.3943146666666666,,,,
train_episode,511800,57.69759999999998,0.3827626666666667,,,,
train_episode,511950,59.32799999999999,0.393888,,,,
train_episode,512100,59.63199999999998,0.3955199999999998,,,,
train_episode,512250,61.86559999999997,0.410784,,,,
train_episode,512400,60.55200000000001,0.4017706666666668,,,,
train_episode,512550,61.079999999999984,0.40581333333333336,,,,
train_episode,512700,59.68053333333336,0.3962133333333334,,,,
train_episode,512850,59.46986666666668,0.39509333333333374,,,,
train_episode,513000,58.68746666666667,0.38952533333333345,,,,
train_episode,513150,60.75839999999999,0.40323200000000003,,,,
train_episode,513300,60.30346666666668,0.40033066666666667,,,,
train_episode,513450,62.81866666666667,0.41700266666666663,,,,
train_episode,513600,61.52320000000003,0.408384,,,,
train_episode,513750,59.872533333333344,0.39757866666666675,,,,
train_episode,513900,61.63359999999998,0.4094613333333333,,,,
train_episode,514050,60.660266666666665,0.4027306666666667,,,,
train_episode,514200,59.687999999999995,0.39595733333333316,,,,
train_episode,514350,59.856533333333324,0.39692799999999995,,,,
train_episode,514500,59.91466666666666,0.39787733333333336,,,,
train_episode,514650,59.83733333333334,0.397088,,,,
train_episode,514800,61.4992,0.40849066666666656,,,,
train_episode,514950,62.31573333333331,0.41384533333333356,,,,
train_episode,515100,60.326400000000014,0.40041600000000005,,,,
train_episode,515250,60.12480000000004,0.3990933333333336,,,,
train_episode,515400,60.72799999999997,0.4033173333333332,,,,
train_episode,515550,63.29546666666666,0.42037333333333343,,,,
train_episode,515700,62.20479999999999,0.41288533333333344,,,,
train_episode,515850,66.12693333333331,0.43873066666666677,,,,
train_episode,516000,63.72586666666665,0.4233386666666668,,,,
eval,516000,,,,,64.34229333333332,0.4275029333333332
train_episode,516150,63.08053333333335,0.41938133333333344,,,,
train_episode,516300,64.79946666666666,0.43073066666666665,,,,
train_episode,516450,65.54826666666665,0.43555199999999994,,,,
train_episode,516600,65.51253333333334,0.4356373333333334,,,,
train_episode,516750,67.06773333333334,0.44589866666666667,,,,
train_episode,516900,64.7701333333333,0.43079466666666644,,,,
train_episode,517050,66.81226666666667,0.4439893333333334,,,,
train_episode,517200,68.4432,0.45497599999999966,,,,
train_episode,517350,69.43039999999999,0.4615573333333334,,,,
train_episode,517500,68.27999999999997,0.4541653333333332,,,,
train_episode,517650,69.76426666666664,0.4639039999999998,,,,
train_episode,517800,72.46506666666669,0.48193066666666673,,,,
train_episode,517950,72.49173333333331,0.4822613333333335,,,,
train_episode,518100,71.5088,0.47590400000000016,,,,
train_episode,518250,72.5157333333333,0.482133333333333,,,,
train_episode,518400,71.16426666666668,0.4736213333333335,,,,
train_episode,518550,71.7136,0.4772053333333335,,,,
train_episode,518700,74.77866666666668,0.4977173333333335,,,,
train_episode,518850,75.75626666666669,0.5041599999999998,,,,
train_episode,519000,77.9824,0.5189546666666669,,,,
train_episode,519150,76.33813333333335,0.5085760000000001,,,,
train_episode,519300,76.34560000000002,0.5082453333333333,,,,
train_episode,519450,77.26346666666667,0.5144,,,,
train_episode,519600,80.36533333333331,0.53536,,,,
train_episode,519750,80.01813333333334,0.5329066666666666,,,,
train_episode,519900,79.8821333333333,0.5322773333333334,,,,
train_episode,520050,79.15519999999998,0.52736,,,,
train_episode,520200,81.72480000000003,0.5443520000000004,,,,
train_episode,520350,84.18186666666666,0.5608746666666662,,,,
train_episode,520500,82.16266666666667,0.5475306666666666,,,,
train_episode,520650,84.43679999999996,0.5624319999999999,,,,
train_episode,520800,83.65333333333332,0.557162666666667,,,,
train_episode,520950,85.30826666666665,0.5683520000000001,,,,
train_episode,521100,83.73333333333332,0.557696,,,,
train_episode,521250,86.26613333333333,0.5749226666666669,,,,
train_episode,521400,82.81599999999999,0.5519466666666663,,,,
train_episode,521550,88.00426666666671,0.5865493333333334,,,,
train_episode,521700,86.47519999999997,0.5764586666666667,,,,
train_episode,521850,85.46773333333333,0.5695786666666667,,,,
train_episode,522000,84.86346666666668,0.5653973333333329,,,,
eval,522000,,,,,85.53279999999998,0.5699413333333335
train_episode,522150,87.2165333333333,0.5811413333333337,,,,
train_episode,522300,85.49813333333334,0.5699093333333335,,,,
train_episode,522450,86.6757333333333,0.5775466666666665,,,,
train_episode,522600,87.03893333333332,0.5800213333333335,,,,
train_episode,522750,86.24906666666664,0.5750186666666667,,,,
train_episode,522900,85.27093333333333,0.5684266666666665,,,,
train_episode,523050,84.94613333333336,0.5659946666666669,,,,
train_episode,523200,87.45013333333331,0.5827306666666668,,,,
train_episode,523350,85.31466666666671,0.5687253333333331,,,,
train_episode,523500,84.7098666666667,0.5644586666666672,,,,
train_episode,523650,85.16213333333337,0.5676693333333335,,,,
train_episode,523800,84.84586666666667,0.5652373333333335,,,,
train_episode,523950,84.67573333333333,0.5642346666666663,,,,
train_episode,524100,82.94506666666663,0.5529493333333334,,,,
train_episode,524250,86.50826666666663,0.5765333333333331,,,,
train_episode,524400,85.38826666666672,0.5686826666666668,,,,
train_episode,524550,85.1669333333333,0.5677973333333329,,,,
train_episode,524700,84.83466666666665,0.5655893333333332,,,,
train_episode,524850,87.55253333333329,0.5830720000000001,,,,
train_episode,525000,85.34986666666666,0.568928,,,,
train_episode,525150,86.73813333333331,0.5782720000000001,,,,
train_episode,525300,85.43520000000004,0.5691413333333334,,,,
train_episode,525450,85.55680000000001,0.569952,,,,
train_episode,525600,84.63786666666671,0.5639786666666666,,,,
train_episode,525750,87.10826666666672,0.5806080000000002,,,,
train_episode,525900,85.31626666666666,0.5690453333333332,,,,
train_episode,526050,85.23253333333334,0.5682240000000001,,,,
train_episode,526200,86.15946666666667,0.5738346666666665,,,,
train_episode,526350,85.92213333333336,0.5726720000000001,,,,
train_episode,526500,87.37493333333329,0.5822293333333328,,,,
train_episode,526650,84.9856,0.5662400000000002,,,,
train_episode,526800,83.16746666666673,0.554304,,,,
train_episode,526950,85.41333333333331,0.5695466666666664,,,,
train_episode,527100,85.86026666666665,0.5722773333333333,,,,
train_episode,527250,85.66026666666667,0.5714026666666664,,,,
train_episode,527400,85.95946666666666,0.5729386666666669,,,,
train_episode,527550,85.61226666666667,0.5706133333333334,,,,
train_episode,527700,85.69440000000003,0.5711466666666664,,,,
train_episode,527850,86.24480000000003,0.5745386666666669,,,,
train_episode,528000,87.92319999999997,0.5855573333333335,,,,
eval,528000,,,,,85.68469333333334,0.5708565333333333
train_episode,528150,87.51306666666665,0.5837546666666665,,,,
train_episode,528300,85.14666666666666,0.5675733333333329,,,,
train_episode,528450,86.5093333333333,0.576213333333333,,,,
train_episode,528600,86.23466666666667,0.5749440000000005,,,,
train_episode,528750,86.34133333333335,0.5752746666666668,,,,
train_episode,528900,83.79946666666672,0.5585706666666667,,,,
train_episode,529050,87.79093333333333,0.5849706666666663,,,,
train_episode,529200,85.72800000000001,0.5712640000000002,,,,
train_episode,529350,88.90826666666668,0.5930346666666668,,,,
train_episode,529500,86.92533333333328,0.5795733333333333,,,,
train_episode,529650,86.14613333333337,0.5740799999999999,,,,
train_episode,529800,87.47946666666668,0.5833280000000004,,,,
train_episode,529950,88.3061333333333,0.5885226666666667,,,,
train_episode,530100,88.19413333333333,0.5877439999999999,,,,
train_episode,530250,87.90933333333331,0.585472,,,,
train_episode,530400,87.5898666666667,0.583744,,,,
train_episode,530550,87.01973333333332,0.5799146666666669,,,,
train_episode,530700,87.73919999999998,0.5849386666666667,,,,
train_episode,530850,85.69066666666669,0.5714666666666668,,,,
train_episode,531000,88.17760000000003,0.5880000000000001,,,,
train_episode,531150,89.18026666666664,0.5945813333333333,,,,
train_episode,531300,90.7136,0.6048213333333333,,,,
train_episode,531450,87.77706666666668,0.585024,,,,
train_episode,531600,89.61919999999996,0.5973973333333332,,,,
train_episode,531750,86.62560000000003,0.5774933333333334,,,,
train_episode,531900,88.11999999999998,0.587221333333333,,,,
train_episode,532050,89.77226666666662,0.5983039999999997,,,,
train_episode,532200,91.16000000000001,0.6079679999999996,,,,
train_episode,532350,89.89760000000001,0.5996160000000003,,,,
train_episode,532500,89.3408,0.5955520000000002,,,,
train_episode,532650,90.45493333333336,0.6028906666666666,,,,
train_episode,532800,92.264,0.6151466666666664,,,,
train_episode,532950,91.09920000000002,0.6068906666666668,,,,
train_episode,533100,90.992,0.6066239999999996,,,,
train_episode,533250,90.81653333333335,0.6053973333333333,,,,
train_episode,533400,92.6693333333333,0.6180373333333333,,,,
train_episode,533550,91.81760000000001,0.6119466666666667,,,,
train_episode,533700,91.56426666666661,0.6104746666666666,,,,
train_episode,533850,88.06453333333336,0.5872853333333334,,,,
train_episode,534000,88.832,0.591872,,,,
eval,534000,,,,,88.70869333333334,0.5912362666666665
train_episode,534150,91.25226666666664,0.6078720000000001,,,,
train_episode,534300,89.41386666666669,0.5960533333333333,,,,
train_episode,534450,90.54826666666672,0.6036800000000002,,,,
train_episode,534600,89.03146666666666,0.5935999999999999,,,,
train_episode,534750,88.90399999999997,0.5932479999999998,,,,
train_episode,534900,86.28800000000004,0.5748160000000001,,,,
train_episode,535050,87.85599999999995,0.5855466666666668,,,,
train_episode,535200,88.1626666666666,0.5878933333333332,,,,
train_episode,535350,86.63946666666669,0.5774506666666669,,,,
train_episode,535500,88.89493333333333,0.5923519999999999,,,,
train_episode,535650,87.87253333333331,0.5856000000000001,,,,
train_episode,535800,87.28693333333335,0.5816106666666669,,,,
train_episode,535950,87.39786666666669,0.582282666666667,,,,
train_episode,536100,88.35040000000005,0.5888960000000001,,,,
train_episode,536250,86.30826666666665,0.5750079999999996,,,,
train_episode,536400,87.62239999999997,0.5843733333333332,,,,
train_episode,536550,88.85813333333331,0.5917866666666666,,,,
train_episode,536700,88.18186666666666,0.5883093333333332,,,,
train_episode,536850,88.54560000000002,0.5904533333333336,,,,
train_episode,537000,87.10186666666665,0.5804053333333333,,,,
train_episode,537150,88.55146666666663,0.5903146666666667,,,,
train_episode,537300,88.07786666666665,0.5869973333333336,,,,
train_episode,537450,87.5669333333333,0.5838079999999997,,,,
train_episode,537600,89.92053333333337,0.5994880000000004,,,,
train_episode,537750,88.85546666666669,0.592512,,,,
train_episode,537900,88.7637333333333,0.5917546666666668,,,,
train_episode,538050,91.10079999999995,0.6070080000000001,,,,
train_episode,538200,88.32,0.589290666666667,,,,
train_episode,538350,86.02719999999998,0.5733866666666669,,,,
train_episode,538500,88.808,0.5919999999999997,,,,
train_episode,538650,88.7509333333334,0.591594666666667,,,,
train_episode,538800,90.0565333333333,0.6001173333333334,,,,
train_episode,538950,85.98346666666669,0.5731200000000001,,,,
train_episode,539100,88.2448,0.5887040000000001,,,,
train_episode,539250,85.17813333333332,0.5676693333333334,,,,
train_episode,539400,86.44373333333336,0.5762026666666669,,,,
train_episode,539550,86.94559999999998,0.5795840000000002,,,,
train_episode,539700,87.5584,0.5834026666666667,,,,
train_episode,539850,88.52426666666668,0.5898773333333335,,,,
train_episode,540000,87.75413333333334,0.5851626666666667,,,,
eval,540000,,,,,88.25568000000001,0.5885055999999999
train_episode,540150,87.46506666666669,0.5832106666666664,,,,
train_episode,540300,88.23733333333335,0.5882133333333334,,,,
train_episode,540450,87.50133333333328,0.583488,,,,
train_episode,540600,86.98560000000002,0.5801280000000005,,,,
train_episode,540750,86.44213333333335,0.5763946666666668,,,,
train_episode,540900,86.85546666666666,0.5784853333333339,,,,
train_episode,541050,84.91413333333335,0.5664853333333332,,,,
train_episode,541200,84.38133333333332,0.5626239999999996,,,,
train_episode,541350,84.4293333333333,0.5627626666666669,,,,
train_episode,541500,83.9301333333334,0.5594666666666667,,,,
train_episode,541650,84.52053333333335,0.5633813333333332,,,,
train_episode,541800,85.28746666666665,0.5688213333333334,,,,
train_episode,541950,84.5648,0.563786666666667,,,,
train_episode,542100,83.53546666666664,0.557056,,,,
train_episode,542250,86.57973333333334,0.5764906666666668,,,,
train_episode,542400,85.0938666666667,0.5674453333333335,,,,
train_episode,542550,84.8608,0.5652693333333328,,,,
train_episode,542700,84.24800000000002,0.5613546666666662,,,,
train_episode,542850,84.0634666666667,0.5601493333333335,,,,
train_episode,543000,83.03573333333334,0.5535679999999997,,,,
train_episode,543150,84.35146666666665,0.562304,,,,
train_episode,543300,84.48640000000002,0.563114666666667,,,,
train_episode,543450,84.38560000000004,0.5622826666666666,,,,
train_episode,543600,80.37973333333332,0.5356266666666667,,,,
train_episode,543750,80.32586666666667,0.535168,,,,
train_episode,543900,81.2677333333334,0.5414293333333333,,,,
train_episode,544050,79.30079999999998,0.5280533333333332,,,,
train_episode,544200,80.64426666666665,0.5371733333333331,,,,
train_episode,544350,80.05280000000006,0.5333760000000001,,,,
train_episode,544500,81.26026666666667,0.5416213333333336,,,,
train_episode,544650,80.04906666666668,0.5332266666666667,,,,
train_episode,544800,80.87306666666669,0.5385493333333331,,,,
train_episode,544950,78.58613333333332,0.5236586666666664,,,,
train_episode,545100,80.77546666666667,0.5384746666666664,,,,
train_episode,545250,81.52159999999999,0.5432320000000002,,,,
train_episode,545400,80.40106666666665,0.5361066666666668,,,,
train_episode,545550,79.20160000000001,0.5276906666666668,,,,
train_episode,545700,79.38986666666672,0.5285120000000006,,,,
train_episode,545850,77.49813333333336,0.5162026666666666,,,,
train_episode,546000,77.94826666666668,0.5191573333333339,,,,
eval,546000,,,,,78.12671999999998,0.5203903999999999
train_episode,546150,79.35679999999995,0.5286080000000001,,,,
train_episode,546300,76.43626666666668,0.5092800000000002,,,,
train_episode,546450,78.38826666666671,0.5217280000000006,,,,
train_episode,546600,76.09813333333332,0.5070293333333336,,,,
train_episode,546750,79.89866666666668,0.532064,,,,
train_episode,546900,78.23626666666665,0.5210239999999999,,,,
train_episode,547050,79.63519999999997,0.5301120000000004,,,,
train_episode,547200,78.02826666666665,0.5196906666666667,,,,
train_episode,547350,79.2261333333333,0.5275626666666667,,,,
train_episode,547500,78.40799999999997,0.5222293333333334,,,,
train_episode,547650,78.39359999999998,0.5215893333333331,,,,
train_episode,547800,78.06186666666667,0.5200106666666666,,,,
train_episode,547950,77.70239999999995,0.5174079999999998,,,,
train_episode,548100,78.41120000000005,0.5226133333333336,,,,
train_episode,548250,79.80266666666662,0.5317226666666668,,,,
train_episode,548400,79.84746666666663,0.5316906666666669,,,,
train_episode,548550,79.92533333333333,0.532373333333333,,,,
train_episode,548700,80.77919999999996,0.5382186666666667,,,,
train_episode,548850,80.45226666666662,0.53568,,,,
train_episode,549000,81.45279999999995,0.5428800000000001,,,,
train_episode,549150,81.95786666666667,0.5457386666666664,,,,
train_episode,549300,79.88639999999997,0.5323306666666664,,,,
train_episode,549450,80.57066666666664,0.5368426666666664,,,,
train_episode,549600,79.67466666666671,0.5308053333333334,,,,
train_episode,549750,79.76639999999998,0.5312639999999998,,,,
train_episode,549900,78.41226666666665,0.5221119999999999,,,,
train_episode,550050,78.88693333333335,0.5252906666666666,,,,
train_episode,550200,76.79520000000002,0.5114773333333335,,,,
train_episode,550350,76.67519999999996,0.5105919999999999,,,,
train_episode,550500,75.57280000000002,0.5030400000000003,,,,
train_episode,550650,75.57706666666665,0.503104,,,,
train_episode,550800,71.27093333333332,0.47438933333333344,,,,
train_episode,550950,74.22453333333331,0.49432533333333323,,,,
train_episode,551100,75.47733333333332,0.5023466666666666,,,,
train_episode,551250,74.73440000000001,0.4974399999999999,,,,
train_episode,551400,75.22186666666668,0.5011519999999998,,,,
train_episode,551550,74.62613333333329,0.4962239999999999,,,,
train_episode,551700,75.69493333333328,0.5040000000000001,,,,
train_episode,551850,76.30346666666667,0.5075839999999999,,,,
train_episode,552000,75.46826666666665,0.5023146666666668,,,,
eval,552000,,,,,74.33077333333333,0.4947989333333334
train_episode,552150,73.1648,0.4869973333333335,,,,
train_episode,552300,74.87626666666665,0.4985066666666667,,,,
train_episode,552450,74.07839999999995,0.4931306666666668,,,,
train_episode,552600,74.88106666666667,0.4984853333333329,,,,
train_episode,552750,72.5856,0.48309333333333343,,,,
train_episode,552900,72.51786666666668,0.4818453333333333,,,,
train_episode,553050,71.68160000000002,0.47689599999999993,,,,
train_episode,553200,71.87626666666664,0.47805866666666685,,,,
train_episode,553350,73.68426666666666,0.49030399999999974,,,,
train_episode,553500,73.19146666666671,0.4871999999999998,,,,
train_episode,553650,70.90559999999995,0.4715839999999999,,,,
train_episode,553800,70.02879999999999,0.4657706666666668,,,,
train_episode,553950,69.76053333333334,0.46396800000000005,,,,
train_episode,554100,71.52373333333331,0.47587200000000013,,,,
train_episode,554250,69.74346666666668,0.46408533333333346,,,,
train_episode,554400,72.33653333333335,0.4809173333333336,,,,
train_episode,554550,70.41333333333337,0.4681280000000001,,,,
train_episode,554700,72.2613333333334,0.4805866666666669,,,,
train_episode,554850,72.12639999999998,0.47985066666666665,,,,
train_episode,555000,72.63359999999996,0.4832213333333334,,,,
train_episode,555150,67.92159999999994,0.45166933333333326,,,,
train_episode,555300,66.47733333333332,0.4418773333333335,,,,
train_episode,555450,65.96426666666665,0.43846399999999996,,,,
train_episode,555600,66.79253333333334,0.4440426666666668,,,,
train_episode,555750,64.34879999999997,0.4276480000000001,,,,
train_episode,555900,66.88,0.4445546666666669,,,,
train_episode,556050,67.59786666666665,0.44930133333333305,,,,
train_episode,556200,66.91733333333333,0.44462933333333327,,,,
train_episode,556350,65.87946666666667,0.43753600000000004,,,,
train_episode,556500,64.89333333333336,0.43149866666666686,,,,
train_episode,556650,63.00959999999998,0.41859199999999985,,,,
train_episode,556800,64.29333333333332,0.42709333333333327,,,,
train_episode,556950,65.30293333333331,0.43411200000000016,,,,
train_episode,557100,62.31573333333333,0.4136213333333332,,,,
train_episode,557250,62.31093333333334,0.4137920000000001,,,,
train_episode,557400,61.34879999999998,0.4072959999999999,,,,
train_episode,557550,63.15413333333338,0.41973333333333346,,,,
train_episode,557700,65.0688,0.4321600000000001,,,,
train_episode,557850,64.31413333333336,0.42742400000000014,,,,
train_episode,558000,63.104533333333364,0.419328,,,,
eval,558000,,,,,62.289813333333356,0.41365546666666664
train_episode,558150,61.08373333333331,0.4056000000000001,,,,
train_episode,558300,60.289600000000014,0.40050133333333315,,,,
train_episode,558450,60.744533333333365,0.4031360000000001,,,,
train_episode,558600,58.68373333333332,0.3897600000000001,,,,
train_episode,558750,60.01813333333336,0.3983893333333332,,,,
train_episode,558900,57.973333333333336,0.3846080000000001,,,,
train_episode,559050,60.13599999999998,0.3993599999999999,,,,
train_episode,559200,58.98826666666668,0.39152000000000003,,,,
train_episode,559350,58.75839999999999,0.3902293333333335,,,,
train_episode,559500,58.88373333333334,0.3908480000000001,,,,
train_episode,559650,57.8842666666667,0.38389333333333336,,,,
train_episode,559800,56.46826666666665,0.37449599999999983,,,,
train_episode,559950,56.56586666666666,0.37543466666666664,,,,
train_episode,560100,54.34133333333335,0.3601813333333332,,,,
train_episode,560250,53.39146666666667,0.3540906666666667,,,,
train_episode,560400,52.6192,0.3488426666666667,,,,
train_episode,560550,53.14133333333334,0.3524053333333333,,,,
train_episode,560700,53.20213333333334,0.3523093333333334,,,,
train_episode,560850,54.24106666666668,0.35975466666666683,,,,
train_episode,561000,50.286399999999986,0.33285333333333333,,,,
train_episode,561150,51.76746666666666,0.3424213333333333,,,,
train_episode,561300,48.91360000000002,0.3241706666666666,,,,
train_episode,561450,50.641066666666674,0.33537066666666676,,,,
train_episode,561600,50.24266666666666,0.33250133333333315,,,,
train_episode,561750,48.524799999999985,0.32162133333333315,,,,
train_episode,561900,48.52159999999999,0.3209173333333333,,,,
train_episode,562050,49.38986666666668,0.32670933333333335,,,,
train_episode,562200,43.60426666666668,0.2882240000000001,,,,
train_episode,562350,46.350933333333344,0.3064426666666666,,,,
train_episode,562500,43.753066666666676,0.28910933333333333,,,,
train_episode,562650,45.41013333333333,0.30032,,,,
train_episode,562800,43.51413333333333,0.2877653333333334,,,,
train_episode,562950,43.527999999999984,0.2873066666666667,,,,
train_episode,563100,40.91786666666667,0.2704533333333332,,,,
train_episode,563250,40.264,0.26537600000000033,,,,
train_episode,563400,41.38186666666668,0.2732266666666667,,,,
train_episode,563550,40.6224,0.2677866666666665,,,,
train_episode,563700,39.4928,0.26092799999999994,,,,
train_episode,563850,37.72053333333332,0.24838399999999997,,,,
train_episode,564000,39.34506666666666,0.2594666666666667,,,,
eval,564000,,,,,35.18869333333335,0.2315776
train_episode,564150,36.0848,0.23757866666666666,,,,
train_episode,564300,36.76480000000003,0.24198400000000012,,,,
train_episode,564450,32.91573333333334,0.2165973333333334,,,,
train_episode,564600,34.16479999999999,0.22465066666666653,,,,
train_episode,564750,31.36853333333334,0.20550400000000005,,,,
train_episode,564900,33.811733333333336,0.22231466666666677,,,,
train_episode,565050,33.56373333333335,0.22029866666666667,,,,
train_episode,565200,27.9904,0.18275200000000005,,,,
train_episode,565350,25.87040000000001,0.16866133333333339,,,,
train_episode,565500,21.951466666666683,0.14254933333333347,,,,
train_episode,565650,26.74613333333334,0.17494400000000007,,,,
train_episode,565800,20.526399999999995,0.13310933333333333,,,,
train_episode,565950,25.231466666666684,0.16397866666666683,,,,
train_episode,566100,16.995733333333334,0.10947199999999997,,,,
train_episode,566250,16.912000000000006,0.10896000000000006,,,,
train_episode,566400,17.19466666666665,0.11102933333333323,,,,
train_episode,566550,16.20906666666667,0.10401066666666668,,,,
train_episode,566700,11.539733333333318,0.07308799999999988,,,,
train_episode,566850,10.412266666666653,0.0657599999999999,,,,
train_episode,567000,10.259733333333324,0.06484266666666659,,,,
train_episode,567150,9.632000000000003,0.06042666666666667,,,,
train_episode,567300,10.390933333333333,0.06563199999999997,,,,
train_episode,567450,14.08586666666665,0.09002666666666652,,,,
train_episode,567600,8.901333333333325,0.055551999999999935,,,,
train_episode,567750,6.649066666666653,0.04091733333333323,,,,
train_episode,567900,8.797866666666646,0.05521066666666652,,,,
train_episode,568050,6.1376,0.03750400000000001,,,,
train_episode,568200,7.328533333333334,0.04535466666666666,,,,
train_episode,568350,5.279999999999998,0.031797333333333316,,,,
train_episode,568500,6.327466666666669,0.038698666666666666,,,,
train_episode,568650,6.329066666666682,0.0389760000000001,,,,
train_episode,568800,7.623999999999986,0.04730666666666658,,,,
train_episode,568950,6.696533333333307,0.04082133333333316,,,,
train_episode,569100,5.968533333333299,0.036341333333333115,,,,
train_episode,569250,5.091733333333334,0.030666666666666675,,,,
train_episode,569400,6.164266666666644,0.03785599999999986,,,,
train_episode,569550,7.016533333333367,0.043381333333333584,,,,
train_episode,569700,6.8426666666666405,0.0419946666666665,,,,
train_episode,569850,6.89279999999999,0.04233599999999993,,,,
train_episode,570000,7.602666666666666,0.047221333333333344,,,,
eval,570000,,,,,6.5825066666666485,0.04038826666666655
train_episode,570150,3.938133333333333,0.023018666666666656,,,,
train_episode,570300,6.0746666666666504,0.03716266666666656,,,,
train_episode,570450,6.187199999999998,0.037781333333333326,,,,
train_episode,570600,5.538666666666667,0.033461333333333336,,,,
train_episode,570750,5.179199999999984,0.03102933333333322,,,,
train_episode,570900,7.87626666666665,0.0488959999999999,,,,
train_episode,571050,4.879466666666649,0.02900266666666655,,,,
train_episode,571200,4.910933333333321,0.02931199999999991,,,,
train_episode,571350,6.980799999999984,0.04297599999999991,,,,
train_episode,571500,5.9439999999999875,0.036042666666666584,,,,
train_episode,571650,5.5066666666666535,0.03343999999999991,,,,
train_episode,571800,5.315199999999999,0.031904,,,,
train_episode,571950,5.098133333333312,0.030517333333333188,,,,
train_episode,572100,5.691199999999985,0.0345599999999999,,,,
train_episode,572250,4.706133333333313,0.028095999999999878,,,,
train_episode,572400,5.506666666666646,0.0332373333333332,,,,
train_episode,572550,5.192533333333331,0.031338666666666654,,,,
train_episode,572700,4.60319999999998,0.027253333333333202,,,,
train_episode,572850,5.220266666666648,0.031317333333333204,,,,
train_episode,573000,4.262399999999983,0.024981333333333213,,,,
train_episode,573150,6.735466666666633,0.04159999999999978,,,,
train_episode,573300,4.707733333333313,0.027967999999999868,,,,
train_episode,573450,6.224533333333335,0.037909333333333364,,,,
train_episode,573600,4.315199999999998,0.025504000000000002,,,,
train_episode,573750,3.9717333333333342,0.023349333333333337,,,,
train_episode,573900,6.7727999999999895,0.041642666666666606,,,,
train_episode,574050,3.5162666666666484,0.02024533333333321,,,,
train_episode,574200,5.482133333333342,0.033002666666666736,,,,
train_episode,574350,3.797866666666647,0.02204799999999987,,,,
train_episode,574500,3.4511999999999814,0.01990399999999987,,,,
train_episode,574650,4.373866666666665,0.02577066666666666,,,,
train_episode,574800,4.5696,0.026944,,,,
train_episode,574950,4.636266666666647,0.027669333333333216,,,,
train_episode,575100,7.337599999999985,0.04541866666666658,,,,
train_episode,575250,3.810133333333312,0.022154666666666527,,,,
train_episode,575400,3.9711999999999996,0.023007999999999997,,,,
train_episode,575550,3.277333333333334,0.018272000000000004,,,,
train_episode,575700,3.7503999999999995,0.021898666666666664,,,,
train_episode,575850,6.275199999999983,0.03834666666666656,,,,
train_episode,576000,5.4090666666666465,0.032671999999999854,,,,
eval,576000,,,,,4.295146666666648,0.02519253333333322
train_episode,576150,4.309866666666688,0.025322666666666615,,,,
train_episode,576300,4.317333333333332,0.025621333333333336,,,,
train_episode,576450,5.914666666666648,0.03585066666666654,,,,
train_episode,576600,5.5989333333333136,0.03375999999999987,,,,
train_episode,576750,3.828266666666649,0.022133333333333213,,,,
train_episode,576900,5.232533333333328,0.031466666666666636,,,,
train_episode,577050,3.863466666666647,0.022378666666666543,,,,
train_episode,577200,4.136533333333334,0.02424533333333333,,,,
train_episode,577350,5.557333333333332,0.03346133333333332,,,,
train_episode,577500,5.306133333333312,0.03197866666666654,,,,
train_episode,577650,4.590933333333332,0.02706133333333333,,,,
train_episode,577800,4.404266666666649,0.02595199999999989,,,,
train_episode,577950,4.0202666666666484,0.023263999999999875,,,,
train_episode,578100,3.473066666666665,0.019807999999999996,,,,
train_episode,578250,4.032533333333319,0.023391999999999906,,,,
train_episode,578400,4.641599999999977,0.027498666666666546,,,,
train_episode,578550,4.1552,0.024480000000000005,,,,
train_episode,578700,4.658666666666649,0.02770133333333323,,,,
train_episode,578850,5.640000000000035,0.034378666666666904,,,,
train_episode,579000,7.203733333333336,0.04420266666666668,,,,
train_episode,579150,5.857066666666654,0.0355839999999999,,,,
train_episode,579300,5.6815999999999995,0.034304,,,,
train_episode,579450,4.547733333333334,0.026794666666666665,,,,
train_episode,579600,5.217066666666658,0.031231999999999947,,,,
train_episode,579750,5.708799999999988,0.03467733333333325,,,,
train_episode,579900,5.491733333333332,0.033088000000000006,,,,
train_episode,580050,4.305066666666666,0.02541866666666667,,,,
train_episode,580200,5.768000000000013,0.03501866666666677,,,,
train_episode,580350,7.669866666666668,0.047552000000000004,,,,
train_episode,580500,5.374399999999999,0.032288000000000004,,,,
train_episode,580650,5.278933333333333,0.031754666666666674,,,,
train_episode,580800,6.641599999999992,0.04092799999999997,,,,
train_episode,580950,5.348799999999991,0.03214933333333328,,,,
train_episode,581100,7.801066666666671,0.04850133333333337,,,,
train_episode,581250,7.840533333333318,0.048714666666666566,,,,
train_episode,581400,6.694933333333334,0.04101333333333333,,,,
train_episode,581550,10.662400000000003,0.06738133333333335,,,,
train_episode,581700,7.7562666666666695,0.04816000000000002,,,,
train_episode,581850,10.718399999999985,0.06762666666666654,,,,
train_episode,582000,9.525333333333322,0.05975466666666656,,,,
eval,582000,,,,,8.351679999999988,0.052172799999999894
train_episode,582150,9.761599999999987,0.06158933333333325,,,,
train_episode,582300,9.884266666666639,0.062399999999999796,,,,
train_episode,582450,14.167466666666671,0.09068800000000005,,,,
train_episode,582600,11.52533333333329,0.07329066666666637,,,,
train_episode,582750,10.418666666666672,0.06589866666666669,,,,
train_episode,582900,13.442133333333324,0.08571733333333324,,,,
train_episode,583050,11.07413333333331,0.07001599999999981,,,,
train_episode,583200,12.029866666666669,0.07652266666666666,,,,
train_episode,583350,14.519999999999996,0.09294933333333329,,,,
train_episode,583500,19.40159999999998,0.12530133333333318,,,,
train_episode,583650,28.161066666666656,0.18378666666666668,,,,
train_episode,583800,16.587733333333322,0.10669866666666664,,,,
train_episode,583950,23.11946666666667,0.15019733333333335,,,,
train_episode,584100,32.345066666666675,0.21200000000000005,,,,
train_episode,584250,24.91519999999998,0.16217599999999988,,,,
train_episode,584400,37.298666666666676,0.2454613333333334,,,,
train_episode,584550,24.124799999999997,0.1573013333333333,,,,
train_episode,584700,32.64960000000001,0.21415466666666666,,,,
train_episode,584850,30.07093333333333,0.19676799999999994,,,,
train_episode,585000,38.528533333333336,0.2538773333333332,,,,
train_episode,585150,42.55413333333331,0.28064,,,,
train_episode,585300,39.85866666666666,0.2627093333333333,,,,
train_episode,585450,41.060799999999965,0.2705599999999998,,,,
train_episode,585600,46.1136,0.3052906666666667,,,,
train_episode,585750,49.36693333333333,0.3267093333333333,,,,
train_episode,585900,47.39733333333333,0.31354666666666675,,,,
train_episode,586050,48.93919999999999,0.3239999999999998,,,,
train_episode,586200,47.50186666666668,0.3141546666666665,,,,
train_episode,586350,49.464,0.32761599999999985,,,,
train_episode,586500,46.9232,0.31089066666666654,,,,
train_episode,586650,52.87946666666669,0.3506880000000001,,,,
train_episode,586800,51.60160000000001,0.3416426666666666,,,,
train_episode,586950,52.6458666666667,0.3493973333333335,,,,
train_episode,587100,52.724799999999995,0.34973866666666664,,,,
train_episode,587250,52.33119999999999,0.34702933333333347,,,,
train_episode,587400,57.31573333333334,0.3802133333333334,,,,
train_episode,587550,50.36479999999997,0.3338773333333332,,,,
train_episode,587700,54.09973333333335,0.35872,,,,
train_episode,587850,54.018133333333346,0.3581866666666669,,,,
train_episode,588000,54.23093333333335,0.35964800000000013,,,,
eval,588000,,,,,55.64394666666667,0.3690538666666667
train_episode,588150,56.25760000000001,0.3727893333333335,,,,
train_episode,588300,55.019199999999984,0.36502399999999996,,,,
train_episode,588450,57.89546666666665,0.3840533333333333,,,,
train_episode,588600,55.24693333333335,0.3664533333333334,,,,
train_episode,588750,56.81226666666668,0.3766613333333333,,,,
train_episode,588900,57.20373333333336,0.3795200000000002,,,,
train_episode,589050,59.37279999999999,0.3940799999999999,,,,
train_episode,589200,57.31306666666667,0.3801813333333333,,,,
train_episode,589350,59.09599999999999,0.3917333333333332,,,,
train_episode,589500,56.55199999999999,0.3754026666666668,,,,
train_episode,589650,56.561600000000055,0.3751040000000001,,,,
train_episode,589800,59.82719999999999,0.39740799999999993,,,,
train_episode,589950,60.225600000000036,0.39992533333333335,,,,
train_episode,590100,58.987733333333345,0.3915946666666666,,,,
train_episode,590250,59.40213333333333,0.39369599999999993,,,,
train_episode,590400,61.121066666666664,0.4058346666666667,,,,
train_episode,590550,60.99093333333334,0.4049279999999999,,,,
train_episode,590700,59.636799999999994,0.3960746666666668,,,,
train_episode,590850,57.94133333333331,0.38461866666666655,,,,
train_episode,591000,59.861333333333334,0.3973973333333333,,,,
train_episode,591150,60.47360000000001,0.40151466666666635,,,,
train_episode,591300,63.85920000000001,0.42405333333333334,,,,
train_episode,591450,59.39253333333334,0.39412266666666673,,,,
train_episode,591600,63.00373333333333,0.4187093333333333,,,,
train_episode,591750,62.68746666666665,0.4162666666666666,,,,
train_episode,591900,64.88480000000001,0.43125333333333304,,,,
train_episode,592050,65.5776,0.435648,,,,
train_episode,592200,68.18613333333332,0.45292799999999983,,,,
train_episode,592350,67.14346666666665,0.4461759999999999,,,,
train_episode,592500,69.74453333333331,0.46314666666666665,,,,
train_episode,592650,71.54133333333333,0.47557333333333335,,,,
train_episode,592800,68.61440000000003,0.4564586666666664,,,,
train_episode,592950,68.28906666666667,0.45397333333333334,,,,
train_episode,593100,71.09546666666667,0.4728746666666664,,,,
train_episode,593250,73.91946666666664,0.49172266666666675,,,,
train_episode,593400,71.39093333333335,0.47484800000000005,,,,
train_episode,593550,73.55626666666666,0.48935466666666666,,,,
train_episode,593700,72.56000000000003,0.48264533333333354,,,,
train_episode,593850,74.41653333333336,0.4949013333333336,,,,
train_episode,594000,68.67093333333335,0.45716266666666655,,,,
eval,594000,,,,,71.15274666666667,0.47324800000000006
train_episode,594150,68.1674666666667,0.4529599999999999,,,,
train_episode,594300,73.25013333333332,0.48754133333333327,,,,
train_episode,594450,74.08800000000002,0.4929386666666668,,,,
train_episode,594600,74.18399999999998,0.4928106666666667,,,,
train_episode,594750,71.64106666666665,0.4764373333333334,,,,
train_episode,594900,75.69600000000001,0.5035733333333334,,,,
train_episode,595050,71.33600000000006,0.474112,,,,
train_episode,595200,75.28,0.5009173333333333,,,,
train_episode,595350,73.55466666666668,0.4895573333333334,,,,
train_episode,595500,76.35786666666667,0.5074666666666666,,,,
train_episode,595650,74.30346666666667,0.49404800000000004,,,,
train_episode,595800,77.45920000000001,0.5148800000000001,,,,
train_episode,595950,75.6688,0.5031040000000002,,,,
train_episode,596100,78.99573333333339,0.5257920000000001,,,,
train_episode,596250,78.2704,0.5210026666666666,,,,
train_episode,596400,79.4090666666667,0.5280640000000004,,,,
train_episode,596550,79.28800000000001,0.5277973333333337,,,,
train_episode,596700,77.63466666666663,0.5160106666666664,,,,
train_episode,596850,81.59893333333332,0.543424,,,,
train_episode,597000,79.88959999999996,0.5309653333333332,,,,
train_episode,597150,80.18666666666668,0.5335253333333332,,,,
train_episode,597300,81.81546666666668,0.5443733333333333,,,,
train_episode,597450,81.39893333333332,0.5413546666666668,,,,
train_episode,597600,80.832,0.5379733333333331,,,,
train_episode,597750,80.56533333333334,0.53616,,,,
train_episode,597900,80.69440000000003,0.5372479999999998,,,,
train_episode,598050,83.73706666666669,0.5569600000000001,,,,
train_episode,598200,81.56693333333335,0.5429440000000002,,,,
train_episode,598350,83.84639999999999,0.5579733333333333,,,,
train_episode,598500,84.33760000000001,0.5615359999999997,,,,
train_episode,598650,83.18026666666667,0.5537279999999999,,,,
train_episode,598800,82.9770666666666,0.552170666666667,,,,
train_episode,598950,82.16320000000002,0.5469013333333331,,,,
train_episode,599100,85.72906666666664,0.5709653333333337,,,,
train_episode,599250,84.28373333333339,0.5609599999999996,,,,
train_episode,599400,85.01759999999994,0.5660479999999997,,,,
train_episode,599550,83.40106666666667,0.5552853333333332,,,,
train_episode,599700,85.71413333333332,0.5706666666666669,,,,
train_episode,599850,86.71306666666663,0.5772373333333333,,,,
train_episode,600000,87.39253333333332,0.5818453333333333,,,,
eval,600000,,,,,84.14709333333333,0.5600469333333334
