t,fC_mean,fC_std,fD_mean,fD_std,avgR_mean,avgR_std
0,0.496875,0.015896085897949847,0.503125,0.015896085897949847,0.0,0.0
1,0.31875,0.025981701794243577,0.68125,0.025981701794243577,7.95,0.25433737436719756
2,0.21328125,0.033292618363535184,0.78671875,0.033292618363535184,13.050000190734863,0.6415311703324166
3,0.1609375,0.055320003022189,0.8390625,0.055320003022189,16.4625,1.0335013304297194
4,0.1125,0.0517279542413964,0.8875,0.0517279542413964,19.0375,1.86606203005152
5,0.07578125,0.047688257693849545,0.92421875,0.047688257693849545,20.837500381469727,2.635871078658453
6,0.059375,0.04380576802773808,0.940625,0.04380576802773808,22.05,3.3042113279873613
7,0.04765625,0.03782412011534439,0.95234375,0.03782412011534439,23.000000381469725,3.878224544799964
8,0.04140625,0.037597529423487396,0.95859375,0.037597529423487396,23.762500381469728,4.389333514669797
9,0.03984375,0.0360053706931341,0.96015625,0.0360053706931341,24.425,4.956119954157687
10,0.03046875,0.030297999108852055,0.96953125,0.030297999108852055,25.062500381469725,5.503833787060743
11,0.0296875,0.029294270717582303,0.9703125,0.029294270717582303,25.55,5.97944395408135
12,0.02890625,0.028448658525051757,0.97109375,0.028448658525051757,26.025000381469727,6.396605439276605
13,0.03125,0.0339641642488815,0.96875,0.0339641642488815,26.4875,6.7996323430020835
14,0.03203125,0.03924955214712647,0.96796875,0.03924955214712647,26.987500381469726,7.2791868222297715
15,0.03359375,0.04160477173654484,0.96640625,0.04160477173654484,27.500000381469725,7.848267987391682
16,0.03203125,0.04017175041307013,0.96796875,0.040171750413070126,28.037500381469727,8.488098137500362
17,0.03203125,0.04151665704870757,0.96796875,0.04151665704870757,28.550000381469726,9.114154354674419
18,0.03203125,0.04238956239453293,0.96796875,0.042389562394532926,29.062500381469725,9.764972309731563
19,0.03515625,0.044469529596117836,0.96484375,0.044469529596117836,29.57500114440918,10.42910696315617
20,0.04140625,0.05191639914323797,0.95859375,0.05191639914323797,30.137500381469728,11.12902998421984
21,0.04375,0.054486236794258416,0.95625,0.054486236794258416,30.800000381469726,11.945998090750596
22,0.04765625,0.05869262490935296,0.95234375,0.05869262490935296,31.500000381469725,12.802709473004505
23,0.046875,0.05788635485263345,0.953125,0.05788635485263345,32.26250038146973,13.718110539298696
24,0.0515625,0.06391942865338364,0.9484375,0.06391942865338363,33.01250038146973,14.626997511321774
25,0.0578125,0.071875,0.9421875,0.071875,33.83750114440918,15.636127020422244
26,0.05625,0.06959705453537528,0.94375,0.06959705453537526,34.76250038146973,16.774580616548043
27,0.059375,0.07535722219867184,0.940625,0.07535722219867183,35.66250038146973,17.875375637295676
28,0.06328125,0.08097911574906212,0.93671875,0.08097911574906212,36.61250038146973,19.074745829227485
29,0.06171875,0.07782755878382669,0.93828125,0.07782755878382669,37.625000381469725,20.36330161533623
30,0.06015625,0.07491857559210532,0.93984375,0.07491857559210532,38.61250114440918,21.603580792857095
31,0.05859375,0.07303747432825153,0.94140625,0.07303747432825153,39.57500038146973,22.795503694575892
32,0.05859375,0.07303747432825153,0.94140625,0.07303747432825153,40.51250114440918,23.9584735516191
33,0.0609375,0.07861564680058926,0.9390625,0.07861564680058926,41.45000038146973,25.121964737235654
34,0.06015625,0.08087352684129709,0.93984375,0.08087352684129709,42.42500038146973,26.37278993612632
35,0.06484375,0.08434605985166112,0.93515625,0.08434605985166113,43.38750038146973,27.643641642893513
36,0.06640625,0.08615030470056388,0.93359375,0.08615030470056388,44.42500038146973,28.984974296851927
37,0.0640625,0.08387438291501763,0.9359375,0.08387438291501761,45.48750190734863,30.356565496993866
38,0.0640625,0.08477912478906587,0.9359375,0.08477912478906585,46.512501907348636,31.689644601543915
39,0.0625,0.08301125911962184,0.9375,0.08301125911962184,47.537501907348634,33.033946501814846
40,0.0609375,0.08125,0.9390625,0.08125,48.53750038146973,34.34977684573189
41,0.06171875,0.08364849258952609,0.93828125,0.08364849258952609,49.51250038146973,35.63713363344073
42,0.06484375,0.08613613407711075,0.93515625,0.08613613407711075,50.500000381469725,36.95668891221601
43,0.0640625,0.08677152110571762,0.9359375,0.08677152110571763,51.53750038146973,38.324857039038775
44,0.06953125,0.09441172712512996,0.93046875,0.09441172712512996,52.56250190734863,39.69625125488979
45,0.06796875,0.09617945872820245,0.93203125,0.09617945872820245,53.67500038146973,41.188560037126535
46,0.0703125,0.09475374126848501,0.9296875,0.09475374126848501,54.762501907348636,42.6887998068595
47,0.06328125,0.08756972668251284,0.93671875,0.08756972668251284,55.88750038146973,44.192607286105826
48,0.0609375,0.08563868503777951,0.9390625,0.08563868503777951,56.900000381469724,45.572582634425025
49,0.05703125,0.07740291297813022,0.94296875,0.07740291297813022,57.875000381469725,46.916564635825914
50,0.06171875,0.07914953213696213,0.93828125,0.07914953213696213,58.78750038146973,48.14510267443044
51,0.0671875,0.08408515029421068,0.9328125,0.0840851502942107,59.775000381469724,49.410170747307134
52,0.06953125,0.08770901375428868,0.93046875,0.08770901375428868,60.85000038146973,50.74537513367978
53,0.07265625,0.0914296177395487,0.92734375,0.0914296177395487,61.96249885559082,52.143319835989594
54,0.07421875,0.09770311375539677,0.92578125,0.09770311375539677,63.125000381469725,53.599673233352824
55,0.078125,0.10449492548982942,0.921875,0.10449492548982942,64.31250038146973,55.159526895326145
56,0.07734375,0.10517609860966512,0.92265625,0.10517609860966512,65.56250038146973,56.82339664577025
57,0.075,0.09904943723022863,0.925,0.09904943723022863,66.80000038146973,58.49219204661762
58,0.0734375,0.0982450996710523,0.9265625,0.0982450996710523,68.00000343322753,60.07368353529585
59,0.07265625,0.09419166795688459,0.92734375,0.09419166795688459,69.17499732971191,61.63916194704423
60,0.0703125,0.09581068572972433,0.9296875,0.09581068572972433,70.33749885559082,63.14554737466401
61,0.0640625,0.09018616812945875,0.9359375,0.09018616812945875,71.46250038146972,64.66643470040073
62,0.06484375,0.09288664967313655,0.93515625,0.09288664967313656,72.48749885559081,66.08535313092771
63,0.0671875,0.10438973511258183,0.9328125,0.10438973511258183,73.52499885559082,67.53954274436495
64,0.0703125,0.1089276566120836,0.9296875,0.1089276566120836,74.59999732971191,69.12572796871166
65,0.06640625,0.10597390598633231,0.93359375,0.10597390598633231,75.72499885559083,70.78694367591795
66,0.0640625,0.1029828565830255,0.9359375,0.10298285658302551,76.78749885559083,72.38752582143161
67,0.06484375,0.10451244692619152,0.93515625,0.10451244692619152,77.81249885559082,73.94238564060656
68,0.0640625,0.1029828565830255,0.9359375,0.10298285658302551,78.85000343322754,75.52272093692136
69,0.0640625,0.1029828565830255,0.9359375,0.10298285658302551,79.87499732971192,77.08529985844017
70,0.06875,0.11055722676797297,0.93125,0.11055722676797299,80.89999885559082,78.65136175413647
71,0.06796875,0.10744957029346372,0.93203125,0.10744957029346372,81.99999885559082,80.33602176444087
72,0.0734375,0.11498980933108813,0.9265625,0.11498980933108813,83.08749885559082,81.98677952800713
73,0.07109375,0.11197795541980572,0.92890625,0.11197795541980574,84.26249885559082,83.76219398768268
74,0.06640625,0.10597390598633231,0.93359375,0.10597390598633231,85.39999580383301,85.4903403048918
75,0.0671875,0.10750068132051535,0.9328125,0.10750068132051536,86.46249885559082,87.12109469331793
76,0.0671875,0.10592782035423932,0.9328125,0.10592782035423932,87.53749732971191,88.77638653274286
77,0.071875,0.11349925144301613,0.928125,0.11349925144301615,88.61250038146973,90.41755022547768
78,0.0734375,0.11654511432005633,0.9265625,0.11654511432005633,89.76250038146972,92.17730340435979
79,0.0671875,0.10750068132051535,0.9328125,0.10750068132051536,90.93750038146973,93.98376661425603
80,0.06796875,0.10744957029346372,0.93203125,0.10744957029346372,92.01250038146972,95.64788424833445
81,0.07421875,0.1196613874909112,0.92578125,0.1196613874909112,93.10000038146973,97.31911559582264
82,0.07734375,0.12417697803940955,0.92265625,0.12417697803940955,94.28749732971191,99.17146144316143
83,0.06875,0.1074211647703794,0.93125,0.1074211647703794,95.52500038146972,101.09854077088829
84,0.0703125,0.11202155205584326,0.9296875,0.11202155205584326,96.62500038146973,102.77999079423839
85,0.07578125,0.1164979714147418,0.92421875,0.1164979714147418,97.75000038146973,104.5256021594969
86,0.08203125,0.12128261481453144,0.91796875,0.12128261481453144,98.96249732971191,106.35927034366476
87,0.0828125,0.1285957434535646,0.9171875,0.1285957434535646,100.27500038146972,108.28493635949091
88,0.0828125,0.1285957434535646,0.9171875,0.1285957434535646,101.60000038146973,110.30621131136769
89,0.0796875,0.12716868718359878,0.9203125,0.12716868718359878,102.92499732971191,112.32880172128753
90,0.08359375,0.1271206826946347,0.91640625,0.1271206826946347,104.20000038146972,114.31680460188021
91,0.08671875,0.13022291585009144,0.91328125,0.13022291585009146,105.53750038146973,116.32782717761056
92,0.0875,0.1346517861583165,0.9125,0.13465178615831652,106.92499732971191,118.39369046670365
93,0.08515625,0.1316214980540793,0.91484375,0.1316214980540793,108.32500038146972,120.52027422279346
94,0.09140625,0.1468999313946402,0.90859375,0.14689993139464022,109.68750038146973,122.5980281150469
95,0.08046875,0.12712068269463472,0.91953125,0.12712068269463472,111.15000038146972,124.89754900149975
96,0.08203125,0.1350003616893303,0.91796875,0.1350003616893303,112.43750038146973,126.89698674751796
97,0.08359375,0.1364304997058942,0.91640625,0.13643049970589421,113.75000038146973,129.0007385912902
98,0.08515625,0.13787236511534862,0.91484375,0.13787236511534862,115.08750038146972,131.1330583551606
99,0.0734375,0.11498980933108813,0.9265625,0.11498980933108813,116.45000038146972,133.2937038743333
100,0.06953125,0.10741548276435758,0.93046875,0.10741548276435758,117.62499732971192,135.11000611947634
101,0.06171875,0.08963630943289667,0.93828125,0.08963630943289667,118.73750038146973,136.81160263586284
102,0.06640625,0.09452802163908859,0.93359375,0.09452802163908859,119.72499732971191,138.24377472538967
103,0.0625,0.09247175455578314,0.9375,0.09247175455578314,120.78750038146973,139.7558392849086
104,0.06328125,0.09125588594030525,0.93671875,0.09125588594030525,121.78749732971191,141.23069777961695
105,0.0671875,0.09128932157911461,0.9328125,0.09128932157911461,122.79999732971191,142.6895898627996
106,0.06875,0.09199529751908518,0.93125,0.09199529751908518,123.87499732971192,144.1465443156908
107,0.07890625,0.10488554029274007,0.92109375,0.10488554029274007,124.97500038146973,145.61068358308876
108,0.07421875,0.09863571313804144,0.92578125,0.09863571313804144,126.23750038146973,147.2773709198775
109,0.0796875,0.10625,0.9203125,0.10625,127.42500038146973,148.84489803706808
110,0.07734375,0.09963311604331163,0.92265625,0.09963311604331163,128.70000038146972,150.53510984382493
111,0.078125,0.09946757676813585,0.921875,0.09946757676813585,129.93750038146973,152.09852352093463
112,0.07578125,0.09573421051275244,0.92421875,0.09573421051275244,131.1874973297119,153.6470934447088
113,0.08046875,0.10028036868575026,0.91953125,0.10028036868575026,132.40000038146974,155.12764173534507
114,0.075,0.09395810236483067,0.925,0.09395810236483068,133.68750038146973,156.65158865899602
115,0.0765625,0.09535091438995223,0.9234375,0.09535091438995223,134.88750038146972,158.09251319550762
116,0.0765625,0.0969694599957894,0.9234375,0.0969694599957894,136.11250038146972,159.54267329632268
117,0.07578125,0.09948598362332253,0.92421875,0.09948598362332255,137.33750038146974,161.05044117171042
118,0.08046875,0.10761984598576603,0.91953125,0.10761984598576603,138.5499973297119,162.62964124057234
119,0.08125,0.10707401061882384,0.91875,0.10707401061882384,139.8374973297119,164.34605415538059
120,0.0875,0.11800754742812003,0.9125,0.11800754742812004,141.13750038146972,166.0481168176965
121,0.0859375,0.116272469266697,0.9140625,0.116272469266697,142.53750648498536,167.93288715624684
122,0.08828125,0.12157414789954318,0.91171875,0.12157414789954318,143.91250038146973,169.79069165176938
123,0.08671875,0.11662364348085683,0.91328125,0.11662364348085683,145.32500038146972,171.73554952457738
124,0.075,0.09999999999999999,0.925,0.1,146.71250038146974,173.5976694672195
125,0.08046875,0.10404419884116557,0.91953125,0.10404419884116559,147.91250038146973,175.1921825982383
126,0.0890625,0.11520192869479227,0.9109375,0.11520192869479226,149.20000038146972,176.83524879828735
127,0.084375,0.10821370097231219,0.915625,0.10821370097231219,150.62500038146973,178.65532868197636
128,0.08359375,0.10451244692619152,0.91640625,0.10451244692619152,151.97499732971193,180.35780969472745
129,0.08203125,0.10440727420180071,0.91796875,0.10440727420180071,153.3124942779541,181.96494491650043
130,0.08125,0.10315458855826531,0.91875,0.10315458855826531,154.62500038146973,183.6006873650348
131,0.07890625,0.10006101654115852,0.92109375,0.10006101654115854,155.9249942779541,185.21435517116223
132,0.078125,0.09946757676813585,0.921875,0.09946757676813585,157.18750038146973,186.77880858506998
133,0.08359375,0.1069371164516792,0.91640625,0.1069371164516792,158.43750038146973,188.33925065026816
134,0.0890625,0.11370878374162657,0.9109375,0.11370878374162657,159.77500038146974,190.0226077588772
135,0.09609375,0.12107106642381574,0.90390625,0.12107106642381574,161.20000038146972,191.810939360603
136,0.096875,0.11928845848666585,0.903125,0.11928845848666583,162.73751258850098,193.6960763615874
137,0.09375,0.11548238671167564,0.90625,0.11548238671167564,164.28749732971193,195.48067454178283
138,0.09375,0.1152443057161611,0.90625,0.1152443057161611,165.78750038146973,197.21277584096046
139,0.09296875,0.11578325318779914,0.90703125,0.11578325318779913,167.28750038146973,198.92948864799436
140,0.09765625,0.12037336122975881,0.90234375,0.12037336122975881,168.77500038146974,200.7128294108716
141,0.0984375,0.12119199643540822,0.9015625,0.12119199643540823,170.33750038146974,202.52820223718362
142,0.08984375,0.11087145921629245,0.91015625,0.11087145921629245,171.91250038146973,204.35081863115676
143,0.08984375,0.11305203102443583,0.91015625,0.11305203102443583,173.35000038146973,206.03213693287557
144,0.0828125,0.10333194198492061,0.9171875,0.10333194198492061,174.78750038146973,207.79983054139018
145,0.0765625,0.10082666128063549,0.9234375,0.10082666128063549,176.11250038146972,209.40141372975393
146,0.07734375,0.10042633727638384,0.92265625,0.10042633727638384,177.33750038146974,211.0111168779621
147,0.07890625,0.10223336126847243,0.92109375,0.10223336126847243,178.57500038146972,212.60941052818154
148,0.08203125,0.10510643786776336,0.91796875,0.10510643786776336,179.83750038146974,214.2355323450749
149,0.08125,0.10100205946229512,0.91875,0.10100205946229512,181.15000038146974,215.90042382004782
150,0.07890625,0.09683719020216355,0.92109375,0.09683719020216355,182.45000038146972,217.45962025669147
151,0.07890625,0.09727739010170863,0.92109375,0.09727739010170863,183.71250038146974,218.90307687700792
152,0.07578125,0.09282091712674466,0.92421875,0.09282091712674466,184.97500038146973,220.23231172504643
153,0.07265625,0.0896771553267609,0.92734375,0.0896771553267609,186.18750038146973,221.57432063380668
154,0.0703125,0.0903011454799993,0.9296875,0.0903011454799993,187.35000038146973,222.79720151058012
155,0.06875,0.08708747622721076,0.93125,0.08708747622721076,188.47500038146973,223.87576605136996
156,0.075,0.09512019534515265,0.925,0.09512019534515265,189.57500038146972,224.96238338164116
157,0.071875,0.08926785535678562,0.928125,0.08926785535678562,190.77500038146974,226.14874294550697
158,0.071875,0.08889100813988442,0.928125,0.08889100813988442,191.92500038146972,227.3456595911952
159,0.07109375,0.08812555407627234,0.92890625,0.08812555407627234,193.07500038146972,228.56081766474807
160,0.07109375,0.08854013479066992,0.92890625,0.08854013479066992,194.21251258850097,229.756551812329
161,0.0640625,0.07908009932577854,0.9359375,0.07908009932577854,195.350012588501,230.93933458066832
162,0.0578125,0.07080556287732624,0.9421875,0.07080556287732624,196.3749942779541,232.03566190528684
163,0.0578125,0.07080556287732624,0.9421875,0.07080556287732624,197.30000038146972,233.08127376701628
164,0.06015625,0.07368641326594748,0.93984375,0.07368641326594748,198.22500038146973,234.12769457637657
165,0.0609375,0.07467376965842824,0.9390625,0.07467376965842826,199.18750038146973,235.20986943454295
166,0.06171875,0.0756805064894521,0.93828125,0.0756805064894521,200.16250038146973,236.2996591801835
167,0.06328125,0.07798424820917363,0.93671875,0.07798424820917363,201.15000038146974,237.4418695763607
168,0.06328125,0.07759193136209461,0.93671875,0.07759193136209461,202.16250038146973,238.6428179353927
169,0.06015625,0.07368641326594748,0.93984375,0.07368641326594748,203.17500038146972,239.81466578667062
170,0.06328125,0.07798424820917363,0.93671875,0.07798424820917363,204.13750038146972,240.90094344073913
171,0.0640625,0.07849910429425294,0.9359375,0.07849910429425294,205.15000038146974,242.00107021946354
172,0.065625,0.08037388218507303,0.934375,0.08037388218507303,206.17500038146972,243.15321273136348
173,0.06796875,0.08347318993245675,0.93203125,0.08347318993245675,207.22500038146973,244.34934491580415
174,0.07421875,0.09090742629868036,0.92578125,0.09090742629868036,208.31250038146973,245.62518101256012
175,0.0765625,0.09389962019025956,0.9234375,0.09389962019025956,209.50000038146973,246.98706288801228
176,0.0828125,0.10169462559545613,0.9171875,0.10169462559545613,210.72500038146973,248.41422849871608
177,0.08046875,0.09917875670348969,0.91953125,0.09917875670348969,212.05000038146972,249.88565919156193
178,0.08515625,0.10488554029274007,0.91484375,0.10488554029274007,213.33750038146974,251.2949913321377
179,0.08046875,0.09948598362332253,0.91953125,0.09948598362332253,214.70000038146972,252.79236881298385
180,0.08046875,0.09862333648787187,0.91953125,0.09862333648787187,215.98750038146972,254.19212500901236
181,0.08046875,0.09893228823922956,0.91953125,0.09893228823922956,217.27500038146974,255.64909270935243
182,0.0890625,0.1090788401083134,0.9109375,0.1090788401083134,218.56250038146973,257.08017020889184
183,0.090625,0.11143155831047145,0.909375,0.11143155831047145,219.98750038146972,258.71866146172295
184,0.090625,0.11143155831047145,0.909375,0.11143155831047145,221.43750038146973,260.3334427468729
185,0.0921875,0.11357988653366405,0.9078125,0.11357988653366405,222.88750038146972,261.95040472641585
186,0.09453125,0.11594129036930716,0.90546875,0.11594129036930717,224.36250038146972,263.58511226965715
187,0.09609375,0.11847212554542101,0.90390625,0.11847212554542101,225.87500038146973,265.2983488622833
188,0.09765625,0.12011956933614107,0.90234375,0.12011956933614107,227.41250038146973,267.0032903034732
189,0.09609375,0.11785228108208173,0.90390625,0.11785228108208173,228.97500038146973,268.7526351623155
190,0.09296875,0.11392328833473865,0.90703125,0.11392328833473865,230.51250038146972,270.5009741766482
191,0.0953125,0.11715103599360528,0.9046875,0.11715103599360528,232.00000648498536,272.20589427543337
192,0.09609375,0.11913998462942657,0.90390625,0.11913998462942658,233.52500038146974,273.92426672935954
193,0.1015625,0.12558457060881323,0.8984375,0.12558457060881323,235.06250038146973,275.615404870708
194,0.10546875,0.1294613992904835,0.89453125,0.1294613992904835,236.6874942779541,277.417289051083
195,0.10703125,0.13137085209912433,0.89296875,0.13137085209912433,238.37500038146973,279.337723731538
196,0.1140625,0.14024253545198045,0.8859375,0.14024253545198045,240.0874942779541,281.289422249152
197,0.11328125,0.13997244427475716,0.88671875,0.13997244427475716,241.91250038146973,283.35639135515925
198,0.1171875,0.14823176532039278,0.8828125,0.14823176532039278,243.72500038146973,285.3815934769363
199,0.115625,0.1457737973711325,0.884375,0.14577379737113252,245.60000038146973,287.3946505138967
200,0.11953125,0.1519646726010687,0.88046875,0.1519646726010687,247.45000038146972,289.3954779235387
201,0.1265625,0.15881872897071997,0.8734375,0.15881872897071994,249.36250038146972,291.4458871576922
202,0.1296875,0.16429299285118643,0.8703125,0.16429299285118645,251.38750038146972,293.6623573759315
203,0.1234375,0.15626171831057983,0.8765625,0.15626171831057983,253.46250038146974,295.90948385951776
204,0.125,0.1559371868734331,0.875,0.1559371868734331,255.43750038146973,298.0560897490595
205,0.1265625,0.15659337270459436,0.8734375,0.15659337270459436,257.4375003814697,300.2807667583349
206,0.13203125,0.1646270050181622,0.86796875,0.1646270050181622,259.46250038146974,302.5711240905658
207,0.134375,0.16641908694617932,0.865625,0.16641908694617935,261.57500038146975,304.93130190555524
208,0.13671875,0.1694430213965745,0.86328125,0.1694430213965745,263.7250003814697,307.3661967103353
209,0.13828125,0.17310638437821985,0.86171875,0.17310638437821985,265.9125003814697,309.84406986177356
210,0.140625,0.17436057848070188,0.859375,0.17436057848070188,268.1249942779541,312.3149901775751
211,0.1296875,0.1630998543837486,0.8703125,0.1630998543837486,270.3750003814697,314.870173841701
212,0.125,0.15811388300841897,0.875,0.15811388300841897,272.45000038146975,317.1824181342968
213,0.1328125,0.16682934768798924,0.8671875,0.16682934768798924,274.45000038146975,319.40051091379615
214,0.13046875,0.1668951883855553,0.86953125,0.16689518838555534,276.57500038146975,321.78130985247225
215,0.128125,0.1645157429776859,0.871875,0.1645157429776859,278.6625003814697,324.0798186693829
216,0.13203125,0.17266155252038598,0.86796875,0.17266155252038595,280.712512588501,326.3347409697388
217,0.13046875,0.17268276097369994,0.86953125,0.1726827609737,282.82500038146975,328.62912053803814
218,0.13203125,0.17354304221143527,0.86796875,0.17354304221143524,284.9125003814697,330.8831564752303
219,0.1328125,0.17399263633843817,0.8671875,0.17399263633843817,287.02500038146974,333.18338248238024
220,0.128125,0.16527454077420697,0.871875,0.16527454077420697,289.150012588501,335.51001979413934
221,0.121875,0.15885331283923543,0.878125,0.15885331283923543,291.20000038146975,337.7869989678626
222,0.11640625,0.14762111023664604,0.88359375,0.14762111023664604,293.15000038146974,339.94130805217986
223,0.12109375,0.1559371868734331,0.87890625,0.1559371868734331,295.01250038146975,342.0482085632171
224,0.1171875,0.15179186896660507,0.8828125,0.15179186896660507,296.95000038146975,344.2167450964986
225,0.1125,0.14556010490730284,0.8875,0.1455601049073028,298.82500038146975,346.31073985785855
226,0.11875,0.1570603984141133,0.88125,0.1570603984141133,300.6250003814697,348.32659079091866
227,0.1234375,0.16836979738621474,0.8765625,0.16836979738621474,302.52500038146974,350.4290817705838
228,0.1171875,0.15932520668235456,0.8828125,0.15932520668235456,304.5000003814697,352.58328329852463
229,0.11640625,0.16011622975591827,0.88359375,0.16011622975591827,306.3750003814697,354.6386736491625
230,0.11953125,0.16696831426576123,0.88046875,0.1669683142657612,308.2375003814697,356.6749072632054
231,0.11640625,0.16869211970332226,0.88359375,0.16869211970332224,310.15000038146974,358.75781232923293
232,0.12109375,0.18029787635673916,0.87890625,0.18029787635673916,312.01250038146975,360.76168826295304
233,0.1234375,0.17927261886579332,0.8765625,0.17927261886579332,313.95000038146975,362.8332783860349
234,0.12734375,0.18397732536918784,0.87265625,0.18397732536918784,315.9250003814697,364.9766992944222
235,0.125,0.1835688147960459,0.875,0.1835688147960459,317.96250038146974,367.2026995935578
236,0.1203125,0.18021999902029465,0.8796875,0.18021999902029465,319.96250038146974,369.38466242830214
237,0.11640625,0.17002556103789218,0.88359375,0.17002556103789218,321.88751258850095,371.4805504285075
238,0.1171875,0.16884762800932385,0.8828125,0.16884762800932385,323.7500003814697,373.53514906147865
239,0.10703125,0.15244587922849867,0.89296875,0.15244587922849867,325.6250003814697,375.6211768796464
240,0.1046875,0.14568584431706122,0.8953125,0.14568584431706125,327.33750038146974,377.5401685008419
241,0.10390625,0.1466504267169039,0.89609375,0.1466504267169039,329.01251258850095,379.4366498827102
242,0.10546875,0.14711582649820515,0.89453125,0.14711582649820515,330.67498817443845,381.3155868506628
243,0.1,0.1382966975834926,0.9,0.13829669758349258,332.3625003814697,383.2347299016756
244,0.1015625,0.1338425132735298,0.8984375,0.1338425132735298,333.96250038146974,385.0633763766552
245,0.09921875,0.12897961927180587,0.90078125,0.12897961927180587,335.58750038146974,386.9526223587971
246,0.10078125,0.13078414348650985,0.89921875,0.13078414348650985,337.1750003814697,388.8095116173711
247,0.09453125,0.12358574958303242,0.90546875,0.12358574958303244,338.787512588501,390.6989388104742
248,0.09921875,0.1326193448370184,0.90078125,0.1326193448370184,340.3000003814697,392.46858004400104
249,0.10078125,0.134375,0.89921875,0.134375,341.88750038146975,394.3155803392031
250,0.09921875,0.13164931814768355,0.90078125,0.13164931814768355,343.5000003814697,396.19579645903997
251,0.09453125,0.12358574958303242,0.90546875,0.12358574958303244,345.08750038146974,398.05206247814107
252,0.0890625,0.11602022823359297,0.9109375,0.11602022823359297,346.6000003814697,399.83046298330987
253,0.08828125,0.11390185605379748,0.91171875,0.11390185605379748,348.02500038146974,401.50945358218
254,0.075,0.09652153257175311,0.925,0.09652153257175312,349.4375003814697,403.18009049037147
255,0.06953125,0.09145631641663686,0.93046875,0.09145631641663686,350.63751258850095,404.6015475098938
256,0.06640625,0.09097454142506023,0.93359375,0.09097454142506023,351.7500003814697,405.91195520151757
257,0.0546875,0.0777726429046551,0.9453125,0.0777726429046551,352.8124881744385,407.1522863372712
258,0.05703125,0.08775075676311857,0.94296875,0.08775075676311857,353.68751258850097,408.16688809429144
259,0.05859375,0.0971392565148097,0.94140625,0.0971392565148097,354.6000003814697,409.21081264278774
260,0.05,0.08697526812620357,0.95,0.08697526812620354,355.5375003814697,410.27190302856945
261,0.04765625,0.08060137735330582,0.95234375,0.08060137735330582,356.337512588501,411.1727104252847
262,0.04453125,0.07613079821924897,0.95546875,0.07613079821924895,357.10002479553225,412.0376815656655
263,0.03671875,0.06069663937360949,0.96328125,0.06069663937360947,357.8125003814697,412.8465529811209
264,0.03046875,0.0517279542413964,0.96953125,0.051727954241396396,358.400012588501,413.51843981176285
265,0.03515625,0.061017575593020734,0.96484375,0.061017575593020734,358.88750038146975,414.0746597022973
266,0.03125,0.055021302692684404,0.96875,0.055021302692684404,359.45001258850095,414.7155968892145
267,0.02578125,0.05156249999999999,0.97421875,0.051562500000000004,359.95000038146975,415.2852487980553
268,0.025,0.05000000000000001,0.975,0.049999999999999996,360.36248817443845,415.7477900252505
269,0.02890625,0.0578125,0.97109375,0.057812499999999996,360.7624881744385,416.1973989244912
270,0.03359375,0.0671875,0.96640625,0.0671875,361.2250003814697,416.7185827909405
271,0.03515625,0.0703125,0.96484375,0.0703125,361.76250038146975,417.3260251953859
272,0.0390625,0.078125,0.9609375,0.078125,362.3249881744385,417.9637222956462
273,0.03671875,0.07343750000000002,0.96328125,0.0734375,362.95000038146975,418.67471008764534
274,0.03984375,0.0796875,0.96015625,0.07968750000000001,363.5375003814697,419.3453239026586
275,0.040625,0.08125,0.959375,0.08125,364.1750003814697,420.07551820004846
276,0.04296875,0.0859375,0.95703125,0.0859375,364.82500038146975,420.82270285779896
277,0.04375,0.0875,0.95625,0.0875,365.51250038146975,421.6159153216572
278,0.0421875,0.084375,0.9578125,0.084375,366.21250038146974,422.42661794918274
279,0.0421875,0.084375,0.9578125,0.084375,366.8874881744385,423.21126803724707
280,0.03671875,0.07343750000000002,0.96328125,0.0734375,367.5625003814697,423.9987928060112
281,0.0359375,0.07187499999999998,0.9640625,0.07187500000000001,368.15000038146974,424.68652305318875
282,0.0359375,0.07187499999999998,0.9640625,0.07187500000000001,368.7250003814697,425.3616869648322
283,0.03359375,0.0671875,0.96640625,0.0671875,369.3000003814697,426.03888509398905
284,0.028125,0.05625000000000001,0.971875,0.05625,369.8374881744385,426.6737346654443
285,0.028125,0.05625000000000001,0.971875,0.05625,370.28748817443847,427.2066034825179
286,0.03046875,0.06093749999999999,0.96953125,0.0609375,370.7375003814697,427.74071664214114
287,0.03125,0.0625,0.96875,0.0625,371.2250003814697,428.3207060552415
288,0.02734375,0.0546875,0.97265625,0.0546875,371.7250003814697,428.91705460995496
289,0.02734375,0.0546875,0.97265625,0.0546875,372.1625003814697,429.4400904636703
290,0.028125,0.05625000000000001,0.971875,0.05625,372.6000003814697,429.9642707360828
291,0.028125,0.05625000000000001,0.971875,0.05625,373.0500003814697,430.50461711724785
292,0.0265625,0.053125,0.9734375,0.053125,373.4999881744385,431.04615058065144
293,0.028125,0.05625000000000001,0.971875,0.05625,373.9250003814697,431.5587268653023
294,0.02890625,0.0578125,0.97109375,0.057812499999999996,374.3750003814697,432.10259890824227
295,0.02890625,0.0578125,0.97109375,0.057812499999999996,374.83750038146974,432.6628169491856
296,0.0265625,0.053125,0.9734375,0.053125,375.3000003814697,433.2242855699015
297,0.0328125,0.06562499999999999,0.9671875,0.065625,375.7250003814697,433.7413281349004
298,0.0328125,0.06562499999999999,0.9671875,0.065625,376.2500003814697,434.3814744632036
299,0.03515625,0.0703125,0.96484375,0.0703125,376.77500038146974,435.023213152386
300,0.03515625,0.0703125,0.96484375,0.0703125,377.33750038146974,435.71254935851584
301,0.03203125,0.0640625,0.96796875,0.0640625,377.90000038146974,436.40369682848467
302,0.02890625,0.0578125,0.97109375,0.057812499999999996,378.4125003814697,437.03497862605565
303,0.02421875,0.04843750000000001,0.97578125,0.048437499999999994,378.8750003814697,437.6059511476324
304,0.02421875,0.04843750000000001,0.97578125,0.048437499999999994,379.26250038146975,438.0852642945531
305,0.025,0.05000000000000001,0.975,0.049999999999999996,379.65000038146974,438.56542311750115
306,0.02578125,0.05156249999999999,0.97421875,0.051562500000000004,380.0500003814697,439.0619550290455
307,0.0265625,0.053125,0.9734375,0.053125,380.4624881744385,439.5749258461566
308,0.02890625,0.0578125,0.97109375,0.057812499999999996,380.88750038146975,440.1044642079749
309,0.0296875,0.059375000000000004,0.9703125,0.059375000000000004,381.3500003814697,440.68184992456383
310,0.028125,0.05625000000000001,0.971875,0.05625,381.82500038146975,441.2760725754042
311,0.028125,0.05625000000000001,0.971875,0.05625,382.27500038146974,441.84016734247933
312,0.02734375,0.0546875,0.97265625,0.0546875,382.7250003814697,442.4053737545316
313,0.03125,0.0625,0.96875,0.0625,383.1625003814697,442.95594170194056
314,0.0421875,0.084375,0.9578125,0.084375,383.66248817443847,443.5864235047243
315,0.04375,0.0875,0.95625,0.0875,384.337512588501,444.43977589774136
316,0.0453125,0.090625,0.9546875,0.090625,385.0375003814697,445.32728207760016
317,0.0453125,0.090625,0.9546875,0.090625,385.7624881744385,446.24925480165496
318,0.046875,0.09375,0.953125,0.09375,386.4875003814697,447.1740594125694
319,0.04453125,0.0890625,0.95546875,0.08906249999999999,387.2375003814697,448.13366662296636
320,0.0453125,0.090625,0.9546875,0.090625,387.95000038146975,449.04803512308166
321,0.04375,0.0875,0.95625,0.0875,388.6750003814697,449.9811701308703
322,0.04296875,0.0859375,0.95703125,0.0859375,389.3750003814697,450.88472026873256
323,0.0375,0.07500000000000001,0.9625,0.075,390.0625003814697,451.7745995336487
324,0.03515625,0.0703125,0.96484375,0.0703125,390.66248817443847,452.5531896128656
325,0.03125,0.0625,0.96875,0.0625,391.2250003814697,453.28481909325154
326,0.03125,0.0625,0.96875,0.0625,391.7250003814697,453.93649304723266
327,0.02890625,0.0578125,0.97109375,0.057812499999999996,392.2250003814697,454.589432586855
328,0.03203125,0.0640625,0.96796875,0.0640625,392.6875003814697,455.1945237003472
329,0.03515625,0.0703125,0.96484375,0.0703125,393.20000038146975,455.8662842258626
330,0.03515625,0.0703125,0.96484375,0.0703125,393.7624881744385,456.60507730825645
331,0.03984375,0.0796875,0.96015625,0.07968750000000001,394.32500038146975,457.3454763283842
332,0.04140625,0.0828125,0.95859375,0.0828125,394.96250038146974,458.18646998798465
333,0.03828125,0.0765625,0.96171875,0.07656249999999999,395.6250003814697,459.062563510732
334,0.03671875,0.07343750000000002,0.96328125,0.0734375,396.2375003814697,459.8744482509085
335,0.0359375,0.07187499999999998,0.9640625,0.07187500000000001,396.82500038146975,460.65491120374406
336,0.03828125,0.0765625,0.96171875,0.07656249999999999,397.40000038146974,461.4203875975688
337,0.0359375,0.07187499999999998,0.9640625,0.07187500000000001,398.01250038146975,462.237539072416
338,0.0390625,0.078125,0.9609375,0.078125,398.58750038146974,463.00629790779806
339,0.03203125,0.0640625,0.96796875,0.0640625,399.21250038146974,463.8436940681718
340,0.02734375,0.0546875,0.97265625,0.0546875,399.7250003814697,464.53174241801474
341,0.02578125,0.05156249999999999,0.97421875,0.051562500000000004,400.1625003814697,465.12008264112075
342,0.03046875,0.06093749999999999,0.96953125,0.0609375,400.57500038146975,465.6756284832483
343,0.02890625,0.0578125,0.97109375,0.057812499999999996,401.0625003814697,466.33321110059956
344,0.02890625,0.0578125,0.97109375,0.057812499999999996,401.52500038146974,466.9580973840624
345,0.028125,0.05625000000000001,0.971875,0.05625,401.9875003814697,467.5839784463221
346,0.03046875,0.06093749999999999,0.96953125,0.0609375,402.4375003814697,468.1938948228045
347,0.034375,0.06875,0.965625,0.06875,402.9250003814697,468.8556917767719
348,0.0328125,0.06562499999999999,0.9671875,0.065625,403.4750003814697,469.6036450678974
349,0.03515625,0.0703125,0.96484375,0.0703125,404.0000003814697,470.3188908449832
350,0.04140625,0.0828125,0.95859375,0.0828125,404.5625003814697,471.08661759036
351,0.04375,0.0875,0.95625,0.0875,405.2250003814697,471.9926664787501
352,0.0453125,0.090625,0.9546875,0.090625,405.9250003814697,472.9521484348988
353,0.046875,0.09375,0.953125,0.09375,406.65000038146974,473.94820954787184
354,0.04609375,0.09218749999999998,0.95390625,0.09218749999999999,407.40000038146974,474.9810776052676
355,0.04609375,0.09218749999999998,0.95390625,0.09218749999999999,408.13750038146975,475.99915508853434
356,0.05,0.10000000000000002,0.95,0.09999999999999999,408.8750003814697,477.01962062051064
357,0.05078125,0.1015625,0.94921875,0.1015625,409.6750003814697,478.12924869362
358,0.05,0.10000000000000002,0.95,0.09999999999999999,410.4875003814697,479.2590524895754
359,0.046875,0.09375,0.953125,0.09375,411.2875003814697,480.37424930214075
360,0.0453125,0.090625,0.9546875,0.090625,412.0375003814697,481.422229588563
361,0.0484375,0.09687500000000002,0.9515625,0.096875,412.76250038146975,482.4375464932948
362,0.04609375,0.09218749999999998,0.95390625,0.09218749999999999,413.5375003814697,483.5253360899289
363,0.046875,0.09375,0.953125,0.09375,414.27500038146974,484.56282714712654
364,0.05,0.10000000000000002,0.95,0.09999999999999999,415.02500038146974,485.62022425167163
365,0.04765625,0.0953125,0.95234375,0.0953125,415.82500038146975,486.75067765914145
366,0.0515625,0.10312499999999998,0.9484375,0.10312500000000001,416.58750038146974,487.83058728266695
367,0.04453125,0.0890625,0.95546875,0.08906249999999999,417.4125003814697,489.0016845706386
368,0.04609375,0.09218749999999998,0.95390625,0.09218749999999999,418.1250003814697,490.0153055771612
369,0.04765625,0.0953125,0.95234375,0.0953125,418.8625003814697,491.06664391079954
370,0.04296875,0.0859375,0.95703125,0.0859375,419.6250003814697,492.15590741017655
371,0.04140625,0.0828125,0.95859375,0.0828125,420.3125003814697,493.14001055553155
372,0.03671875,0.07343750000000002,0.96328125,0.0734375,420.9750003814697,494.0900939582824
373,0.03515625,0.0703125,0.96484375,0.0703125,421.5625003814697,494.9340625373809
374,0.0359375,0.07187499999999998,0.9640625,0.07187500000000001,422.1250003814697,495.7433808905843
375,0.03203125,0.0640625,0.96796875,0.0640625,422.70000038146975,496.57195507941066
376,0.03359375,0.0671875,0.96640625,0.0671875,423.21250038146974,497.3115447166869
377,0.03203125,0.0640625,0.96796875,0.0640625,423.7500003814697,498.08829821687954
378,0.0328125,0.06562499999999999,0.9671875,0.065625,424.26250038146975,498.8299547518133
379,0.03671875,0.07343750000000002,0.96328125,0.0734375,424.7875003814697,499.59073938804704
380,0.03515625,0.0703125,0.96484375,0.0703125,425.3750003814697,500.4433343989581
381,0.0359375,0.07187499999999998,0.9640625,0.07187500000000001,425.9375003814697,501.2608708361528
382,0.03515625,0.0703125,0.96484375,0.0703125,426.51250038146975,502.09780422341976
383,0.034375,0.06875,0.965625,0.06875,427.07500038146975,502.9177402349716
384,0.034375,0.06875,0.965625,0.06875,427.6250003814697,503.7205943701635
385,0.03984375,0.0796875,0.96015625,0.07968750000000001,428.1750003814697,504.5245692156242
386,0.03828125,0.0765625,0.96171875,0.07656249999999999,428.8125003814697,505.45784443831195
387,0.0390625,0.078125,0.9609375,0.078125,429.4250003814697,506.35592441607463
388,0.0359375,0.07187499999999998,0.9640625,0.07187500000000001,430.0500003814697,507.2737429788582
389,0.0421875,0.084375,0.9578125,0.084375,430.6250003814697,508.11938773318025
390,0.04453125,0.0890625,0.95546875,0.08906249999999999,431.3000003814697,509.11362343275295
391,0.0453125,0.090625,0.9546875,0.090625,432.01250038146975,510.16486796111644
392,0.0453125,0.090625,0.9546875,0.090625,432.7375003814697,511.23641363485666
393,0.05,0.10000000000000002,0.95,0.09999999999999999,433.46250038146974,512.3098220322124
394,0.04921875,0.09843750000000001,0.95078125,0.0984375,434.26250038146975,513.4964203868093
395,0.05234375,0.1046875,0.94765625,0.10468749999999999,435.0500003814697,514.6666642711241
396,0.04765625,0.0953125,0.95234375,0.0953125,435.88750038146975,515.9135725815197
397,0.0484375,0.09687500000000002,0.9515625,0.096875,436.65000038146974,517.0509213904809
398,0.0484375,0.09687500000000002,0.9515625,0.096875,437.4250003814697,518.2089561028002
399,0.05,0.10000000000000002,0.95,0.09999999999999999,438.20000038146975,519.3690345597846
400,0.0484375,0.09687500000000002,0.9515625,0.096875,439.0000003814697,520.5686641154578
401,0.0515625,0.10312499999999998,0.9484375,0.10312500000000001,439.77500038146974,521.7328539907767
402,0.0421875,0.084375,0.9578125,0.084375,440.6000003814697,522.974353154848
403,0.040625,0.08125,0.959375,0.08125,441.27500038146974,523.9918018750071
404,0.0421875,0.084375,0.9578125,0.084375,441.9250003814697,524.9729847160907
405,0.0421875,0.084375,0.9578125,0.084375,442.6000003814697,525.9933688329214
406,0.04375,0.0875,0.95625,0.0875,443.27500038146974,527.0152354825151
407,0.040625,0.08125,0.959375,0.08125,443.9750003814697,528.0765057547596
408,0.046875,0.09375,0.953125,0.09375,444.6250003814697,529.0633820060323
409,0.0453125,0.090625,0.9546875,0.090625,445.3750003814697,530.2037635938551
410,0.05,0.10000000000000002,0.95,0.09999999999999999,446.1000003814697,531.307831255606
411,0.04453125,0.0890625,0.95546875,0.08906249999999999,446.90000038146974,532.5280382786667
412,0.0453125,0.090625,0.9546875,0.090625,447.6125003814697,533.6164750922534
413,0.04375,0.0875,0.95625,0.0875,448.33750038146974,534.7256311552013
414,0.04140625,0.0828125,0.95859375,0.0828125,449.0375003814697,535.7980852091525
415,0.04375,0.0875,0.95625,0.0875,449.70000038146975,536.8144759139687
416,0.04375,0.0875,0.95625,0.0875,450.40000038146974,537.8898577313527
417,0.046875,0.09375,0.953125,0.09375,451.1000003814697,538.9667304664739
418,0.04765625,0.0953125,0.95234375,0.0953125,451.8500003814697,540.122167013305
419,0.04296875,0.0859375,0.95703125,0.0859375,452.6125003814697,541.2985936487058
420,0.0453125,0.090625,0.9546875,0.090625,453.3000003814697,542.3607946266418
421,0.04375,0.0875,0.95625,0.0875,454.02500038146974,543.4824534173014
422,0.03984375,0.0796875,0.96015625,0.07968750000000001,454.7250003814697,544.5669055974253
423,0.0359375,0.07187499999999998,0.9640625,0.07187500000000001,455.3625003814697,545.5557819636492
424,0.028125,0.05625000000000001,0.971875,0.05625,455.9375003814697,546.4487264222784
425,0.02578125,0.05156249999999999,0.97421875,0.051562500000000004,456.38750038146975,547.1482220186654
426,0.02421875,0.04843750000000001,0.97578125,0.048437499999999994,456.8000003814697,547.7899406208296
427,0.0203125,0.040625,0.9796875,0.040625,457.1875003814697,548.3932137231244
428,0.0171875,0.034375,0.9828125,0.034375,457.51250038146975,548.8995171999411
429,0.0125,0.025000000000000005,0.9875,0.024999999999999998,457.7875003814697,549.328164085111
430,0.00546875,0.0109375,0.99453125,0.0109375,457.9875003814697,549.6400429890148
431,0.00546875,0.0109375,0.99453125,0.0109375,458.07500038146975,549.7765258897466
432,0.00546875,0.0109375,0.99453125,0.0109375,458.1625003814697,549.9130306074157
433,0.00546875,0.0109375,0.99453125,0.0109375,458.2500003814697,550.0495571257791
434,0.0046875,0.009375000000000001,0.9953125,0.009375,458.33750038146974,550.1861054286077
435,0.00390625,0.0078125,0.99609375,0.0078125,458.4125003814697,550.3031641573958
436,0.00390625,0.0078125,0.99609375,0.0078125,458.4750003814697,550.4007253075654
437,0.0046875,0.009375000000000001,0.9953125,0.009375,458.5375003814697,550.4982975509973
438,0.0046875,0.009375000000000001,0.9953125,0.009375,458.6125003814697,550.6153988779183
439,0.003125,0.006250000000000001,0.996875,0.00625,458.6875003814697,550.7325161604606
440,0.0015625,0.0031250000000000006,0.9984375,0.003125,458.7375003814697,550.81060320803
441,0.00078125,0.0015625000000000003,0.99921875,0.0015625,458.76250038146975,550.8496493884468
442,0.0,0.0,1.0,0.0,458.77500038146974,550.8691731426484
443,0.0,0.0,1.0,0.0,458.77500038146974,550.8691731426484
444,0.0,0.0,1.0,0.0,458.77500038146974,550.8691731426484
445,0.0,0.0,1.0,0.0,458.77500038146974,550.8691731426484
446,0.0,0.0,1.0,0.0,458.77500038146974,550.8691731426484
447,0.0,0.0,1.0,0.0,458.77500038146974,550.8691731426484
448,0.0,0.0,1.0,0.0,458.77500038146974,550.8691731426484
449,0.0,0.0,1.0,0.0,458.77500038146974,550.8691731426484
450,0.0,0.0,1.0,0.0,458.77500038146974,550.8691731426484
451,0.0,0.0,1.0,0.0,458.77500038146974,550.8691731426484
452,0.0,0.0,1.0,0.0,458.77500038146974,550.8691731426484
453,0.0,0.0,1.0,0.0,458.77500038146974,550.8691731426484
454,0.0,0.0,1.0,0.0,458.77500038146974,550.8691731426484
455,0.0,0.0,1.0,0.0,458.77500038146974,550.8691731426484
456,0.0,0.0,1.0,0.0,458.77500038146974,550.8691731426484
457,0.0,0.0,1.0,0.0,458.77500038146974,550.8691731426484
458,0.0,0.0,1.0,0.0,458.77500038146974,550.8691731426484
459,0.0,0.0,1.0,0.0,458.77500038146974,550.8691731426484
460,0.0,0.0,1.0,0.0,458.77500038146974,550.8691731426484
461,0.0,0.0,1.0,0.0,458.77500038146974,550.8691731426484
462,0.0,0.0,1.0,0.0,458.77500038146974,550.8691731426484
463,0.0,0.0,1.0,0.0,458.77500038146974,550.8691731426484
464,0.0,0.0,1.0,0.0,458.77500038146974,550.8691731426484
465,0.0,0.0,1.0,0.0,458.77500038146974,550.8691731426484
466,0.0,0.0,1.0,0.0,458.77500038146974,550.8691731426484
467,0.0,0.0,1.0,0.0,458.77500038146974,550.8691731426484
468,0.0,0.0,1.0,0.0,458.77500038146974,550.8691731426484
469,0.0,0.0,1.0,0.0,458.77500038146974,550.8691731426484
470,0.0,0.0,1.0,0.0,458.77500038146974,550.8691731426484
471,0.0,0.0,1.0,0.0,458.77500038146974,550.8691731426484
472,0.0,0.0,1.0,0.0,458.77500038146974,550.8691731426484
473,0.0,0.0,1.0,0.0,458.77500038146974,550.8691731426484
474,0.0,0.0,1.0,0.0,458.77500038146974,550.8691731426484
475,0.0,0.0,1.0,0.0,458.77500038146974,550.8691731426484
476,0.0,0.0,1.0,0.0,458.77500038146974,550.8691731426484
477,0.0,0.0,1.0,0.0,458.77500038146974,550.8691731426484
478,0.0,0.0,1.0,0.0,458.77500038146974,550.8691731426484
479,0.0,0.0,1.0,0.0,458.77500038146974,550.8691731426484
480,0.0,0.0,1.0,0.0,458.77500038146974,550.8691731426484
481,0.0,0.0,1.0,0.0,458.77500038146974,550.8691731426484
482,0.0,0.0,1.0,0.0,458.77500038146974,550.8691731426484
483,0.0,0.0,1.0,0.0,458.77500038146974,550.8691731426484
484,0.0,0.0,1.0,0.0,458.77500038146974,550.8691731426484
485,0.0,0.0,1.0,0.0,458.77500038146974,550.8691731426484
486,0.0,0.0,1.0,0.0,458.77500038146974,550.8691731426484
487,0.0,0.0,1.0,0.0,458.77500038146974,550.8691731426484
488,0.0,0.0,1.0,0.0,458.77500038146974,550.8691731426484
489,0.0,0.0,1.0,0.0,458.77500038146974,550.8691731426484
490,0.0,0.0,1.0,0.0,458.77500038146974,550.8691731426484
491,0.0,0.0,1.0,0.0,458.77500038146974,550.8691731426484
492,0.0,0.0,1.0,0.0,458.77500038146974,550.8691731426484
493,0.0,0.0,1.0,0.0,458.77500038146974,550.8691731426484
494,0.0,0.0,1.0,0.0,458.77500038146974,550.8691731426484
495,0.0,0.0,1.0,0.0,458.77500038146974,550.8691731426484
496,0.0,0.0,1.0,0.0,458.77500038146974,550.8691731426484
497,0.0,0.0,1.0,0.0,458.77500038146974,550.8691731426484
498,0.0,0.0,1.0,0.0,458.77500038146974,550.8691731426484
499,0.0,0.0,1.0,0.0,458.77500038146974,550.8691731426484
500,0.0,0.0,1.0,0.0,458.77500038146974,550.8691731426484
501,0.0,0.0,1.0,0.0,458.77500038146974,550.8691731426484
502,0.0,0.0,1.0,0.0,458.77500038146974,550.8691731426484
503,0.0,0.0,1.0,0.0,458.77500038146974,550.8691731426484
504,0.0,0.0,1.0,0.0,458.77500038146974,550.8691731426484
505,0.0,0.0,1.0,0.0,458.77500038146974,550.8691731426484
506,0.0,0.0,1.0,0.0,458.77500038146974,550.8691731426484
507,0.0,0.0,1.0,0.0,458.77500038146974,550.8691731426484
508,0.0,0.0,1.0,0.0,458.77500038146974,550.8691731426484
509,0.0,0.0,1.0,0.0,458.77500038146974,550.8691731426484
510,0.0,0.0,1.0,0.0,458.77500038146974,550.8691731426484
511,0.0,0.0,1.0,0.0,458.77500038146974,550.8691731426484
512,0.0,0.0,1.0,0.0,458.77500038146974,550.8691731426484
513,0.0,0.0,1.0,0.0,458.77500038146974,550.8691731426484
514,0.0,0.0,1.0,0.0,458.77500038146974,550.8691731426484
515,0.0,0.0,1.0,0.0,458.77500038146974,550.8691731426484
516,0.0,0.0,1.0,0.0,458.77500038146974,550.8691731426484
517,0.0,0.0,1.0,0.0,458.77500038146974,550.8691731426484
518,0.0,0.0,1.0,0.0,458.77500038146974,550.8691731426484
519,0.0,0.0,1.0,0.0,458.77500038146974,550.8691731426484
520,0.0,0.0,1.0,0.0,458.77500038146974,550.8691731426484
521,0.0,0.0,1.0,0.0,458.77500038146974,550.8691731426484
522,0.0,0.0,1.0,0.0,458.77500038146974,550.8691731426484
523,0.0,0.0,1.0,0.0,458.77500038146974,550.8691731426484
524,0.0,0.0,1.0,0.0,458.77500038146974,550.8691731426484
525,0.0,0.0,1.0,0.0,458.77500038146974,550.8691731426484
526,0.0,0.0,1.0,0.0,458.77500038146974,550.8691731426484
527,0.0,0.0,1.0,0.0,458.77500038146974,550.8691731426484
528,0.0,0.0,1.0,0.0,458.77500038146974,550.8691731426484
529,0.0,0.0,1.0,0.0,458.77500038146974,550.8691731426484
530,0.0,0.0,1.0,0.0,458.77500038146974,550.8691731426484
531,0.0,0.0,1.0,0.0,458.77500038146974,550.8691731426484
532,0.0,0.0,1.0,0.0,458.77500038146974,550.8691731426484
533,0.0,0.0,1.0,0.0,458.77500038146974,550.8691731426484
534,0.0,0.0,1.0,0.0,458.77500038146974,550.8691731426484
535,0.0,0.0,1.0,0.0,458.77500038146974,550.8691731426484
536,0.0,0.0,1.0,0.0,458.77500038146974,550.8691731426484
537,0.0,0.0,1.0,0.0,458.77500038146974,550.8691731426484
538,0.0,0.0,1.0,0.0,458.77500038146974,550.8691731426484
539,0.0,0.0,1.0,0.0,458.77500038146974,550.8691731426484
540,0.0,0.0,1.0,0.0,458.77500038146974,550.8691731426484
541,0.0,0.0,1.0,0.0,458.77500038146974,550.8691731426484
542,0.0,0.0,1.0,0.0,458.77500038146974,550.8691731426484
543,0.0,0.0,1.0,0.0,458.77500038146974,550.8691731426484
544,0.0,0.0,1.0,0.0,458.77500038146974,550.8691731426484
545,0.0,0.0,1.0,0.0,458.77500038146974,550.8691731426484
546,0.0,0.0,1.0,0.0,458.77500038146974,550.8691731426484
547,0.0,0.0,1.0,0.0,458.77500038146974,550.8691731426484
548,0.0,0.0,1.0,0.0,458.77500038146974,550.8691731426484
549,0.0,0.0,1.0,0.0,458.77500038146974,550.8691731426484
550,0.0,0.0,1.0,0.0,458.77500038146974,550.8691731426484
551,0.0,0.0,1.0,0.0,458.77500038146974,550.8691731426484
552,0.0,0.0,1.0,0.0,458.77500038146974,550.8691731426484
553,0.0,0.0,1.0,0.0,458.77500038146974,550.8691731426484
554,0.0,0.0,1.0,0.0,458.77500038146974,550.8691731426484
555,0.0,0.0,1.0,0.0,458.77500038146974,550.8691731426484
556,0.0,0.0,1.0,0.0,458.77500038146974,550.8691731426484
557,0.0,0.0,1.0,0.0,458.77500038146974,550.8691731426484
558,0.0,0.0,1.0,0.0,458.77500038146974,550.8691731426484
559,0.0,0.0,1.0,0.0,458.77500038146974,550.8691731426484
560,0.0,0.0,1.0,0.0,458.77500038146974,550.8691731426484
561,0.0,0.0,1.0,0.0,458.77500038146974,550.8691731426484
562,0.0,0.0,1.0,0.0,458.77500038146974,550.8691731426484
563,0.0,0.0,1.0,0.0,458.77500038146974,550.8691731426484
564,0.0,0.0,1.0,0.0,458.77500038146974,550.8691731426484
565,0.0,0.0,1.0,0.0,458.77500038146974,550.8691731426484
566,0.0,0.0,1.0,0.0,458.77500038146974,550.8691731426484
567,0.0,0.0,1.0,0.0,458.77500038146974,550.8691731426484
568,0.0,0.0,1.0,0.0,458.77500038146974,550.8691731426484
569,0.0,0.0,1.0,0.0,458.77500038146974,550.8691731426484
570,0.0,0.0,1.0,0.0,458.77500038146974,550.8691731426484
571,0.0,0.0,1.0,0.0,458.77500038146974,550.8691731426484
572,0.0,0.0,1.0,0.0,458.77500038146974,550.8691731426484
573,0.0,0.0,1.0,0.0,458.77500038146974,550.8691731426484
574,0.0,0.0,1.0,0.0,458.77500038146974,550.8691731426484
575,0.0,0.0,1.0,0.0,458.77500038146974,550.8691731426484
576,0.0,0.0,1.0,0.0,458.77500038146974,550.8691731426484
577,0.0,0.0,1.0,0.0,458.77500038146974,550.8691731426484
578,0.0,0.0,1.0,0.0,458.77500038146974,550.8691731426484
579,0.0,0.0,1.0,0.0,458.77500038146974,550.8691731426484
580,0.0,0.0,1.0,0.0,458.77500038146974,550.8691731426484
581,0.0,0.0,1.0,0.0,458.77500038146974,550.8691731426484
582,0.0,0.0,1.0,0.0,458.77500038146974,550.8691731426484
583,0.0,0.0,1.0,0.0,458.77500038146974,550.8691731426484
584,0.0,0.0,1.0,0.0,458.77500038146974,550.8691731426484
585,0.0,0.0,1.0,0.0,458.77500038146974,550.8691731426484
586,0.0,0.0,1.0,0.0,458.77500038146974,550.8691731426484
587,0.0,0.0,1.0,0.0,458.77500038146974,550.8691731426484
588,0.0,0.0,1.0,0.0,458.77500038146974,550.8691731426484
589,0.0,0.0,1.0,0.0,458.77500038146974,550.8691731426484
590,0.0,0.0,1.0,0.0,458.77500038146974,550.8691731426484
591,0.0,0.0,1.0,0.0,458.77500038146974,550.8691731426484
592,0.0,0.0,1.0,0.0,458.77500038146974,550.8691731426484
593,0.0,0.0,1.0,0.0,458.77500038146974,550.8691731426484
594,0.0,0.0,1.0,0.0,458.77500038146974,550.8691731426484
595,0.0,0.0,1.0,0.0,458.77500038146974,550.8691731426484
596,0.0,0.0,1.0,0.0,458.77500038146974,550.8691731426484
597,0.0,0.0,1.0,0.0,458.77500038146974,550.8691731426484
598,0.0,0.0,1.0,0.0,458.77500038146974,550.8691731426484
599,0.0,0.0,1.0,0.0,458.77500038146974,550.8691731426484
600,0.0,0.0,1.0,0.0,458.77500038146974,550.8691731426484
601,0.0,0.0,1.0,0.0,458.77500038146974,550.8691731426484
602,0.0,0.0,1.0,0.0,458.77500038146974,550.8691731426484
603,0.0,0.0,1.0,0.0,458.77500038146974,550.8691731426484
604,0.0,0.0,1.0,0.0,458.77500038146974,550.8691731426484
605,0.0,0.0,1.0,0.0,458.77500038146974,550.8691731426484
606,0.0,0.0,1.0,0.0,458.77500038146974,550.8691731426484
607,0.0,0.0,1.0,0.0,458.77500038146974,550.8691731426484
608,0.0,0.0,1.0,0.0,458.77500038146974,550.8691731426484
609,0.0,0.0,1.0,0.0,458.77500038146974,550.8691731426484
610,0.0,0.0,1.0,0.0,458.77500038146974,550.8691731426484
611,0.0,0.0,1.0,0.0,458.77500038146974,550.8691731426484
612,0.0,0.0,1.0,0.0,458.77500038146974,550.8691731426484
613,0.0,0.0,1.0,0.0,458.77500038146974,550.8691731426484
614,0.0,0.0,1.0,0.0,458.77500038146974,550.8691731426484
615,0.0,0.0,1.0,0.0,458.77500038146974,550.8691731426484
616,0.0,0.0,1.0,0.0,458.77500038146974,550.8691731426484
617,0.0,0.0,1.0,0.0,458.77500038146974,550.8691731426484
618,0.0,0.0,1.0,0.0,458.77500038146974,550.8691731426484
619,0.0,0.0,1.0,0.0,458.77500038146974,550.8691731426484
620,0.0,0.0,1.0,0.0,458.77500038146974,550.8691731426484
621,0.0,0.0,1.0,0.0,458.77500038146974,550.8691731426484
622,0.0,0.0,1.0,0.0,458.77500038146974,550.8691731426484
623,0.0,0.0,1.0,0.0,458.77500038146974,550.8691731426484
624,0.0,0.0,1.0,0.0,458.77500038146974,550.8691731426484
625,0.0,0.0,1.0,0.0,458.77500038146974,550.8691731426484
626,0.0,0.0,1.0,0.0,458.77500038146974,550.8691731426484
627,0.0,0.0,1.0,0.0,458.77500038146974,550.8691731426484
628,0.0,0.0,1.0,0.0,458.77500038146974,550.8691731426484
629,0.0,0.0,1.0,0.0,458.77500038146974,550.8691731426484
630,0.0,0.0,1.0,0.0,458.77500038146974,550.8691731426484
631,0.0,0.0,1.0,0.0,458.77500038146974,550.8691731426484
632,0.0,0.0,1.0,0.0,458.77500038146974,550.8691731426484
633,0.0,0.0,1.0,0.0,458.77500038146974,550.8691731426484
634,0.0,0.0,1.0,0.0,458.77500038146974,550.8691731426484
635,0.0,0.0,1.0,0.0,458.77500038146974,550.8691731426484
636,0.0,0.0,1.0,0.0,458.77500038146974,550.8691731426484
637,0.0,0.0,1.0,0.0,458.77500038146974,550.8691731426484
638,0.0,0.0,1.0,0.0,458.77500038146974,550.8691731426484
639,0.0,0.0,1.0,0.0,458.77500038146974,550.8691731426484
640,0.0,0.0,1.0,0.0,458.77500038146974,550.8691731426484
641,0.0,0.0,1.0,0.0,458.77500038146974,550.8691731426484
642,0.0,0.0,1.0,0.0,458.77500038146974,550.8691731426484
643,0.0,0.0,1.0,0.0,458.77500038146974,550.8691731426484
644,0.0,0.0,1.0,0.0,458.77500038146974,550.8691731426484
645,0.0,0.0,1.0,0.0,458.77500038146974,550.8691731426484
646,0.0,0.0,1.0,0.0,458.77500038146974,550.8691731426484
647,0.0,0.0,1.0,0.0,458.77500038146974,550.8691731426484
648,0.0,0.0,1.0,0.0,458.77500038146974,550.8691731426484
649,0.0,0.0,1.0,0.0,458.77500038146974,550.8691731426484
650,0.0,0.0,1.0,0.0,458.77500038146974,550.8691731426484
651,0.0,0.0,1.0,0.0,458.77500038146974,550.8691731426484
652,0.0,0.0,1.0,0.0,458.77500038146974,550.8691731426484
653,0.0,0.0,1.0,0.0,458.77500038146974,550.8691731426484
654,0.0,0.0,1.0,0.0,458.77500038146974,550.8691731426484
655,0.0,0.0,1.0,0.0,458.77500038146974,550.8691731426484
656,0.0,0.0,1.0,0.0,458.77500038146974,550.8691731426484
657,0.0,0.0,1.0,0.0,458.77500038146974,550.8691731426484
658,0.0,0.0,1.0,0.0,458.77500038146974,550.8691731426484
659,0.0,0.0,1.0,0.0,458.77500038146974,550.8691731426484
660,0.0,0.0,1.0,0.0,458.77500038146974,550.8691731426484
661,0.0,0.0,1.0,0.0,458.77500038146974,550.8691731426484
662,0.0,0.0,1.0,0.0,458.77500038146974,550.8691731426484
663,0.0,0.0,1.0,0.0,458.77500038146974,550.8691731426484
664,0.0,0.0,1.0,0.0,458.77500038146974,550.8691731426484
665,0.0,0.0,1.0,0.0,458.77500038146974,550.8691731426484
666,0.0,0.0,1.0,0.0,458.77500038146974,550.8691731426484
667,0.0,0.0,1.0,0.0,458.77500038146974,550.8691731426484
668,0.0,0.0,1.0,0.0,458.77500038146974,550.8691731426484
669,0.0,0.0,1.0,0.0,458.77500038146974,550.8691731426484
670,0.0,0.0,1.0,0.0,458.77500038146974,550.8691731426484
671,0.0,0.0,1.0,0.0,458.77500038146974,550.8691731426484
672,0.0,0.0,1.0,0.0,458.77500038146974,550.8691731426484
673,0.0,0.0,1.0,0.0,458.77500038146974,550.8691731426484
674,0.0,0.0,1.0,0.0,458.77500038146974,550.8691731426484
675,0.0,0.0,1.0,0.0,458.77500038146974,550.8691731426484
676,0.0,0.0,1.0,0.0,458.77500038146974,550.8691731426484
677,0.0,0.0,1.0,0.0,458.77500038146974,550.8691731426484
678,0.0,0.0,1.0,0.0,458.77500038146974,550.8691731426484
679,0.0,0.0,1.0,0.0,458.77500038146974,550.8691731426484
680,0.0,0.0,1.0,0.0,458.77500038146974,550.8691731426484
681,0.0,0.0,1.0,0.0,458.77500038146974,550.8691731426484
682,0.0,0.0,1.0,0.0,458.77500038146974,550.8691731426484
683,0.0,0.0,1.0,0.0,458.77500038146974,550.8691731426484
684,0.0,0.0,1.0,0.0,458.77500038146974,550.8691731426484
685,0.0,0.0,1.0,0.0,458.77500038146974,550.8691731426484
686,0.0,0.0,1.0,0.0,458.77500038146974,550.8691731426484
687,0.0,0.0,1.0,0.0,458.77500038146974,550.8691731426484
688,0.0,0.0,1.0,0.0,458.77500038146974,550.8691731426484
689,0.0,0.0,1.0,0.0,458.77500038146974,550.8691731426484
690,0.0,0.0,1.0,0.0,458.77500038146974,550.8691731426484
691,0.0,0.0,1.0,0.0,458.77500038146974,550.8691731426484
692,0.0,0.0,1.0,0.0,458.77500038146974,550.8691731426484
693,0.0,0.0,1.0,0.0,458.77500038146974,550.8691731426484
694,0.0,0.0,1.0,0.0,458.77500038146974,550.8691731426484
695,0.0,0.0,1.0,0.0,458.77500038146974,550.8691731426484
696,0.0,0.0,1.0,0.0,458.77500038146974,550.8691731426484
697,0.0,0.0,1.0,0.0,458.77500038146974,550.8691731426484
698,0.0,0.0,1.0,0.0,458.77500038146974,550.8691731426484
699,0.0,0.0,1.0,0.0,458.77500038146974,550.8691731426484
700,0.0,0.0,1.0,0.0,458.77500038146974,550.8691731426484
701,0.0,0.0,1.0,0.0,458.77500038146974,550.8691731426484
702,0.0,0.0,1.0,0.0,458.77500038146974,550.8691731426484
703,0.0,0.0,1.0,0.0,458.77500038146974,550.8691731426484
704,0.0,0.0,1.0,0.0,458.77500038146974,550.8691731426484
705,0.0,0.0,1.0,0.0,458.77500038146974,550.8691731426484
706,0.0,0.0,1.0,0.0,458.77500038146974,550.8691731426484
707,0.0,0.0,1.0,0.0,458.77500038146974,550.8691731426484
708,0.0,0.0,1.0,0.0,458.77500038146974,550.8691731426484
709,0.0,0.0,1.0,0.0,458.77500038146974,550.8691731426484
710,0.0,0.0,1.0,0.0,458.77500038146974,550.8691731426484
711,0.0,0.0,1.0,0.0,458.77500038146974,550.8691731426484
712,0.0,0.0,1.0,0.0,458.77500038146974,550.8691731426484
713,0.0,0.0,1.0,0.0,458.77500038146974,550.8691731426484
714,0.0,0.0,1.0,0.0,458.77500038146974,550.8691731426484
715,0.0,0.0,1.0,0.0,458.77500038146974,550.8691731426484
716,0.0,0.0,1.0,0.0,458.77500038146974,550.8691731426484
717,0.0,0.0,1.0,0.0,458.77500038146974,550.8691731426484
718,0.0,0.0,1.0,0.0,458.77500038146974,550.8691731426484
719,0.0,0.0,1.0,0.0,458.77500038146974,550.8691731426484
720,0.0,0.0,1.0,0.0,458.77500038146974,550.8691731426484
721,0.0,0.0,1.0,0.0,458.77500038146974,550.8691731426484
722,0.0,0.0,1.0,0.0,458.77500038146974,550.8691731426484
723,0.0,0.0,1.0,0.0,458.77500038146974,550.8691731426484
724,0.0,0.0,1.0,0.0,458.77500038146974,550.8691731426484
725,0.0,0.0,1.0,0.0,458.77500038146974,550.8691731426484
726,0.0,0.0,1.0,0.0,458.77500038146974,550.8691731426484
727,0.0,0.0,1.0,0.0,458.77500038146974,550.8691731426484
728,0.0,0.0,1.0,0.0,458.77500038146974,550.8691731426484
729,0.0,0.0,1.0,0.0,458.77500038146974,550.8691731426484
730,0.0,0.0,1.0,0.0,458.77500038146974,550.8691731426484
731,0.0,0.0,1.0,0.0,458.77500038146974,550.8691731426484
732,0.0,0.0,1.0,0.0,458.77500038146974,550.8691731426484
733,0.0,0.0,1.0,0.0,458.77500038146974,550.8691731426484
734,0.0,0.0,1.0,0.0,458.77500038146974,550.8691731426484
735,0.0,0.0,1.0,0.0,458.77500038146974,550.8691731426484
736,0.0,0.0,1.0,0.0,458.77500038146974,550.8691731426484
737,0.0,0.0,1.0,0.0,458.77500038146974,550.8691731426484
738,0.0,0.0,1.0,0.0,458.77500038146974,550.8691731426484
739,0.0,0.0,1.0,0.0,458.77500038146974,550.8691731426484
740,0.0,0.0,1.0,0.0,458.77500038146974,550.8691731426484
741,0.0,0.0,1.0,0.0,458.77500038146974,550.8691731426484
742,0.0,0.0,1.0,0.0,458.77500038146974,550.8691731426484
743,0.0,0.0,1.0,0.0,458.77500038146974,550.8691731426484
744,0.0,0.0,1.0,0.0,458.77500038146974,550.8691731426484
745,0.0,0.0,1.0,0.0,458.77500038146974,550.8691731426484
746,0.0,0.0,1.0,0.0,458.77500038146974,550.8691731426484
747,0.0,0.0,1.0,0.0,458.77500038146974,550.8691731426484
748,0.0,0.0,1.0,0.0,458.77500038146974,550.8691731426484
749,0.0,0.0,1.0,0.0,458.77500038146974,550.8691731426484
750,0.0,0.0,1.0,0.0,458.77500038146974,550.8691731426484
751,0.0,0.0,1.0,0.0,458.77500038146974,550.8691731426484
752,0.0,0.0,1.0,0.0,458.77500038146974,550.8691731426484
753,0.0,0.0,1.0,0.0,458.77500038146974,550.8691731426484
754,0.0,0.0,1.0,0.0,458.77500038146974,550.8691731426484
755,0.0,0.0,1.0,0.0,458.77500038146974,550.8691731426484
756,0.0,0.0,1.0,0.0,458.77500038146974,550.8691731426484
757,0.0,0.0,1.0,0.0,458.77500038146974,550.8691731426484
758,0.0,0.0,1.0,0.0,458.77500038146974,550.8691731426484
759,0.0,0.0,1.0,0.0,458.77500038146974,550.8691731426484
760,0.0,0.0,1.0,0.0,458.77500038146974,550.8691731426484
761,0.0,0.0,1.0,0.0,458.77500038146974,550.8691731426484
762,0.0,0.0,1.0,0.0,458.77500038146974,550.8691731426484
763,0.0,0.0,1.0,0.0,458.77500038146974,550.8691731426484
764,0.0,0.0,1.0,0.0,458.77500038146974,550.8691731426484
765,0.0,0.0,1.0,0.0,458.77500038146974,550.8691731426484
766,0.0,0.0,1.0,0.0,458.77500038146974,550.8691731426484
767,0.0,0.0,1.0,0.0,458.77500038146974,550.8691731426484
768,0.0,0.0,1.0,0.0,458.77500038146974,550.8691731426484
769,0.0,0.0,1.0,0.0,458.77500038146974,550.8691731426484
770,0.0,0.0,1.0,0.0,458.77500038146974,550.8691731426484
771,0.0,0.0,1.0,0.0,458.77500038146974,550.8691731426484
772,0.0,0.0,1.0,0.0,458.77500038146974,550.8691731426484
773,0.0,0.0,1.0,0.0,458.77500038146974,550.8691731426484
774,0.0,0.0,1.0,0.0,458.77500038146974,550.8691731426484
775,0.0,0.0,1.0,0.0,458.77500038146974,550.8691731426484
776,0.0,0.0,1.0,0.0,458.77500038146974,550.8691731426484
777,0.0,0.0,1.0,0.0,458.77500038146974,550.8691731426484
778,0.0,0.0,1.0,0.0,458.77500038146974,550.8691731426484
779,0.0,0.0,1.0,0.0,458.77500038146974,550.8691731426484
780,0.0,0.0,1.0,0.0,458.77500038146974,550.8691731426484
781,0.0,0.0,1.0,0.0,458.77500038146974,550.8691731426484
782,0.0,0.0,1.0,0.0,458.77500038146974,550.8691731426484
783,0.0,0.0,1.0,0.0,458.77500038146974,550.8691731426484
784,0.0,0.0,1.0,0.0,458.77500038146974,550.8691731426484
785,0.0,0.0,1.0,0.0,458.77500038146974,550.8691731426484
786,0.0,0.0,1.0,0.0,458.77500038146974,550.8691731426484
787,0.0,0.0,1.0,0.0,458.77500038146974,550.8691731426484
788,0.0,0.0,1.0,0.0,458.77500038146974,550.8691731426484
789,0.0,0.0,1.0,0.0,458.77500038146974,550.8691731426484
790,0.0,0.0,1.0,0.0,458.77500038146974,550.8691731426484
791,0.0,0.0,1.0,0.0,458.77500038146974,550.8691731426484
792,0.0,0.0,1.0,0.0,458.77500038146974,550.8691731426484
793,0.0,0.0,1.0,0.0,458.77500038146974,550.8691731426484
794,0.0,0.0,1.0,0.0,458.77500038146974,550.8691731426484
795,0.0,0.0,1.0,0.0,458.77500038146974,550.8691731426484
796,0.0,0.0,1.0,0.0,458.77500038146974,550.8691731426484
797,0.0,0.0,1.0,0.0,458.77500038146974,550.8691731426484
798,0.0,0.0,1.0,0.0,458.77500038146974,550.8691731426484
799,0.0,0.0,1.0,0.0,458.77500038146974,550.8691731426484
800,0.0,0.0,1.0,0.0,458.77500038146974,550.8691731426484
801,0.0,0.0,1.0,0.0,458.77500038146974,550.8691731426484
802,0.0,0.0,1.0,0.0,458.77500038146974,550.8691731426484
803,0.0,0.0,1.0,0.0,458.77500038146974,550.8691731426484
804,0.0,0.0,1.0,0.0,458.77500038146974,550.8691731426484
805,0.0,0.0,1.0,0.0,458.77500038146974,550.8691731426484
806,0.0,0.0,1.0,0.0,458.77500038146974,550.8691731426484
807,0.0,0.0,1.0,0.0,458.77500038146974,550.8691731426484
808,0.0,0.0,1.0,0.0,458.77500038146974,550.8691731426484
809,0.0,0.0,1.0,0.0,458.77500038146974,550.8691731426484
810,0.0,0.0,1.0,0.0,458.77500038146974,550.8691731426484
811,0.0,0.0,1.0,0.0,458.77500038146974,550.8691731426484
812,0.0,0.0,1.0,0.0,458.77500038146974,550.8691731426484
813,0.0,0.0,1.0,0.0,458.77500038146974,550.8691731426484
814,0.0,0.0,1.0,0.0,458.77500038146974,550.8691731426484
815,0.0,0.0,1.0,0.0,458.77500038146974,550.8691731426484
816,0.0,0.0,1.0,0.0,458.77500038146974,550.8691731426484
817,0.0,0.0,1.0,0.0,458.77500038146974,550.8691731426484
818,0.0,0.0,1.0,0.0,458.77500038146974,550.8691731426484
819,0.0,0.0,1.0,0.0,458.77500038146974,550.8691731426484
820,0.0,0.0,1.0,0.0,458.77500038146974,550.8691731426484
821,0.0,0.0,1.0,0.0,458.77500038146974,550.8691731426484
822,0.0,0.0,1.0,0.0,458.77500038146974,550.8691731426484
823,0.0,0.0,1.0,0.0,458.77500038146974,550.8691731426484
824,0.0,0.0,1.0,0.0,458.77500038146974,550.8691731426484
825,0.0,0.0,1.0,0.0,458.77500038146974,550.8691731426484
826,0.0,0.0,1.0,0.0,458.77500038146974,550.8691731426484
827,0.0,0.0,1.0,0.0,458.77500038146974,550.8691731426484
828,0.0,0.0,1.0,0.0,458.77500038146974,550.8691731426484
829,0.0,0.0,1.0,0.0,458.77500038146974,550.8691731426484
830,0.0,0.0,1.0,0.0,458.77500038146974,550.8691731426484
831,0.0,0.0,1.0,0.0,458.77500038146974,550.8691731426484
832,0.0,0.0,1.0,0.0,458.77500038146974,550.8691731426484
833,0.0,0.0,1.0,0.0,458.77500038146974,550.8691731426484
834,0.0,0.0,1.0,0.0,458.77500038146974,550.8691731426484
835,0.0,0.0,1.0,0.0,458.77500038146974,550.8691731426484
836,0.0,0.0,1.0,0.0,458.77500038146974,550.8691731426484
837,0.0,0.0,1.0,0.0,458.77500038146974,550.8691731426484
838,0.0,0.0,1.0,0.0,458.77500038146974,550.8691731426484
839,0.0,0.0,1.0,0.0,458.77500038146974,550.8691731426484
840,0.0,0.0,1.0,0.0,458.77500038146974,550.8691731426484
841,0.0,0.0,1.0,0.0,458.77500038146974,550.8691731426484
842,0.0,0.0,1.0,0.0,458.77500038146974,550.8691731426484
843,0.0,0.0,1.0,0.0,458.77500038146974,550.8691731426484
844,0.0,0.0,1.0,0.0,458.77500038146974,550.8691731426484
845,0.0,0.0,1.0,0.0,458.77500038146974,550.8691731426484
846,0.0,0.0,1.0,0.0,458.77500038146974,550.8691731426484
847,0.0,0.0,1.0,0.0,458.77500038146974,550.8691731426484
848,0.0,0.0,1.0,0.0,458.77500038146974,550.8691731426484
849,0.0,0.0,1.0,0.0,458.77500038146974,550.8691731426484
850,0.0,0.0,1.0,0.0,458.77500038146974,550.8691731426484
851,0.0,0.0,1.0,0.0,458.77500038146974,550.8691731426484
852,0.0,0.0,1.0,0.0,458.77500038146974,550.8691731426484
853,0.0,0.0,1.0,0.0,458.77500038146974,550.8691731426484
854,0.0,0.0,1.0,0.0,458.77500038146974,550.8691731426484
855,0.0,0.0,1.0,0.0,458.77500038146974,550.8691731426484
856,0.0,0.0,1.0,0.0,458.77500038146974,550.8691731426484
857,0.0,0.0,1.0,0.0,458.77500038146974,550.8691731426484
858,0.0,0.0,1.0,0.0,458.77500038146974,550.8691731426484
859,0.0,0.0,1.0,0.0,458.77500038146974,550.8691731426484
860,0.0,0.0,1.0,0.0,458.77500038146974,550.8691731426484
861,0.0,0.0,1.0,0.0,458.77500038146974,550.8691731426484
862,0.0,0.0,1.0,0.0,458.77500038146974,550.8691731426484
863,0.0,0.0,1.0,0.0,458.77500038146974,550.8691731426484
864,0.0,0.0,1.0,0.0,458.77500038146974,550.8691731426484
865,0.0,0.0,1.0,0.0,458.77500038146974,550.8691731426484
866,0.0,0.0,1.0,0.0,458.77500038146974,550.8691731426484
867,0.0,0.0,1.0,0.0,458.77500038146974,550.8691731426484
868,0.0,0.0,1.0,0.0,458.77500038146974,550.8691731426484
869,0.0,0.0,1.0,0.0,458.77500038146974,550.8691731426484
870,0.0,0.0,1.0,0.0,458.77500038146974,550.8691731426484
871,0.0,0.0,1.0,0.0,458.77500038146974,550.8691731426484
872,0.0,0.0,1.0,0.0,458.77500038146974,550.8691731426484
873,0.0,0.0,1.0,0.0,458.77500038146974,550.8691731426484
874,0.0,0.0,1.0,0.0,458.77500038146974,550.8691731426484
875,0.0,0.0,1.0,0.0,458.77500038146974,550.8691731426484
876,0.0,0.0,1.0,0.0,458.77500038146974,550.8691731426484
877,0.0,0.0,1.0,0.0,458.77500038146974,550.8691731426484
878,0.0,0.0,1.0,0.0,458.77500038146974,550.8691731426484
879,0.0,0.0,1.0,0.0,458.77500038146974,550.8691731426484
880,0.0,0.0,1.0,0.0,458.77500038146974,550.8691731426484
881,0.0,0.0,1.0,0.0,458.77500038146974,550.8691731426484
882,0.0,0.0,1.0,0.0,458.77500038146974,550.8691731426484
883,0.0,0.0,1.0,0.0,458.77500038146974,550.8691731426484
884,0.0,0.0,1.0,0.0,458.77500038146974,550.8691731426484
885,0.0,0.0,1.0,0.0,458.77500038146974,550.8691731426484
886,0.0,0.0,1.0,0.0,458.77500038146974,550.8691731426484
887,0.0,0.0,1.0,0.0,458.77500038146974,550.8691731426484
888,0.0,0.0,1.0,0.0,458.77500038146974,550.8691731426484
889,0.0,0.0,1.0,0.0,458.77500038146974,550.8691731426484
890,0.0,0.0,1.0,0.0,458.77500038146974,550.8691731426484
891,0.0,0.0,1.0,0.0,458.77500038146974,550.8691731426484
892,0.0,0.0,1.0,0.0,458.77500038146974,550.8691731426484
893,0.0,0.0,1.0,0.0,458.77500038146974,550.8691731426484
894,0.0,0.0,1.0,0.0,458.77500038146974,550.8691731426484
895,0.0,0.0,1.0,0.0,458.77500038146974,550.8691731426484
896,0.0,0.0,1.0,0.0,458.77500038146974,550.8691731426484
897,0.0,0.0,1.0,0.0,458.77500038146974,550.8691731426484
898,0.0,0.0,1.0,0.0,458.77500038146974,550.8691731426484
899,0.0,0.0,1.0,0.0,458.77500038146974,550.8691731426484
900,0.0,0.0,1.0,0.0,458.77500038146974,550.8691731426484
901,0.0,0.0,1.0,0.0,458.77500038146974,550.8691731426484
902,0.0,0.0,1.0,0.0,458.77500038146974,550.8691731426484
903,0.0,0.0,1.0,0.0,458.77500038146974,550.8691731426484
904,0.0,0.0,1.0,0.0,458.77500038146974,550.8691731426484
905,0.0,0.0,1.0,0.0,458.77500038146974,550.8691731426484
906,0.0,0.0,1.0,0.0,458.77500038146974,550.8691731426484
907,0.0,0.0,1.0,0.0,458.77500038146974,550.8691731426484
908,0.0,0.0,1.0,0.0,458.77500038146974,550.8691731426484
909,0.0,0.0,1.0,0.0,458.77500038146974,550.8691731426484
910,0.0,0.0,1.0,0.0,458.77500038146974,550.8691731426484
911,0.0,0.0,1.0,0.0,458.77500038146974,550.8691731426484
912,0.0,0.0,1.0,0.0,458.77500038146974,550.8691731426484
913,0.0,0.0,1.0,0.0,458.77500038146974,550.8691731426484
914,0.0,0.0,1.0,0.0,458.77500038146974,550.8691731426484
915,0.0,0.0,1.0,0.0,458.77500038146974,550.8691731426484
916,0.0,0.0,1.0,0.0,458.77500038146974,550.8691731426484
917,0.0,0.0,1.0,0.0,458.77500038146974,550.8691731426484
918,0.0,0.0,1.0,0.0,458.77500038146974,550.8691731426484
919,0.0,0.0,1.0,0.0,458.77500038146974,550.8691731426484
920,0.0,0.0,1.0,0.0,458.77500038146974,550.8691731426484
921,0.0,0.0,1.0,0.0,458.77500038146974,550.8691731426484
922,0.0,0.0,1.0,0.0,458.77500038146974,550.8691731426484
923,0.0,0.0,1.0,0.0,458.77500038146974,550.8691731426484
924,0.0,0.0,1.0,0.0,458.77500038146974,550.8691731426484
925,0.0,0.0,1.0,0.0,458.77500038146974,550.8691731426484
926,0.0,0.0,1.0,0.0,458.77500038146974,550.8691731426484
927,0.0,0.0,1.0,0.0,458.77500038146974,550.8691731426484
928,0.0,0.0,1.0,0.0,458.77500038146974,550.8691731426484
929,0.0,0.0,1.0,0.0,458.77500038146974,550.8691731426484
930,0.0,0.0,1.0,0.0,458.77500038146974,550.8691731426484
931,0.0,0.0,1.0,0.0,458.77500038146974,550.8691731426484
932,0.0,0.0,1.0,0.0,458.77500038146974,550.8691731426484
933,0.0,0.0,1.0,0.0,458.77500038146974,550.8691731426484
934,0.0,0.0,1.0,0.0,458.77500038146974,550.8691731426484
935,0.0,0.0,1.0,0.0,458.77500038146974,550.8691731426484
936,0.0,0.0,1.0,0.0,458.77500038146974,550.8691731426484
937,0.0,0.0,1.0,0.0,458.77500038146974,550.8691731426484
938,0.0,0.0,1.0,0.0,458.77500038146974,550.8691731426484
939,0.0,0.0,1.0,0.0,458.77500038146974,550.8691731426484
940,0.0,0.0,1.0,0.0,458.77500038146974,550.8691731426484
941,0.0,0.0,1.0,0.0,458.77500038146974,550.8691731426484
942,0.0,0.0,1.0,0.0,458.77500038146974,550.8691731426484
943,0.0,0.0,1.0,0.0,458.77500038146974,550.8691731426484
944,0.0,0.0,1.0,0.0,458.77500038146974,550.8691731426484
945,0.0,0.0,1.0,0.0,458.77500038146974,550.8691731426484
946,0.0,0.0,1.0,0.0,458.77500038146974,550.8691731426484
947,0.0,0.0,1.0,0.0,458.77500038146974,550.8691731426484
948,0.0,0.0,1.0,0.0,458.77500038146974,550.8691731426484
949,0.0,0.0,1.0,0.0,458.77500038146974,550.8691731426484
950,0.0,0.0,1.0,0.0,458.77500038146974,550.8691731426484
951,0.0,0.0,1.0,0.0,458.77500038146974,550.8691731426484
952,0.0,0.0,1.0,0.0,458.77500038146974,550.8691731426484
953,0.0,0.0,1.0,0.0,458.77500038146974,550.8691731426484
954,0.0,0.0,1.0,0.0,458.77500038146974,550.8691731426484
955,0.0,0.0,1.0,0.0,458.77500038146974,550.8691731426484
956,0.0,0.0,1.0,0.0,458.77500038146974,550.8691731426484
957,0.0,0.0,1.0,0.0,458.77500038146974,550.8691731426484
958,0.0,0.0,1.0,0.0,458.77500038146974,550.8691731426484
959,0.0,0.0,1.0,0.0,458.77500038146974,550.8691731426484
960,0.0,0.0,1.0,0.0,458.77500038146974,550.8691731426484
961,0.0,0.0,1.0,0.0,458.77500038146974,550.8691731426484
962,0.0,0.0,1.0,0.0,458.77500038146974,550.8691731426484
963,0.0,0.0,1.0,0.0,458.77500038146974,550.8691731426484
964,0.0,0.0,1.0,0.0,458.77500038146974,550.8691731426484
965,0.0,0.0,1.0,0.0,458.77500038146974,550.8691731426484
966,0.0,0.0,1.0,0.0,458.77500038146974,550.8691731426484
967,0.0,0.0,1.0,0.0,458.77500038146974,550.8691731426484
968,0.0,0.0,1.0,0.0,458.77500038146974,550.8691731426484
969,0.0,0.0,1.0,0.0,458.77500038146974,550.8691731426484
970,0.0,0.0,1.0,0.0,458.77500038146974,550.8691731426484
971,0.0,0.0,1.0,0.0,458.77500038146974,550.8691731426484
972,0.0,0.0,1.0,0.0,458.77500038146974,550.8691731426484
973,0.0,0.0,1.0,0.0,458.77500038146974,550.8691731426484
974,0.0,0.0,1.0,0.0,458.77500038146974,550.8691731426484
975,0.0,0.0,1.0,0.0,458.77500038146974,550.8691731426484
976,0.0,0.0,1.0,0.0,458.77500038146974,550.8691731426484
977,0.0,0.0,1.0,0.0,458.77500038146974,550.8691731426484
978,0.0,0.0,1.0,0.0,458.77500038146974,550.8691731426484
979,0.0,0.0,1.0,0.0,458.77500038146974,550.8691731426484
980,0.0,0.0,1.0,0.0,458.77500038146974,550.8691731426484
981,0.0,0.0,1.0,0.0,458.77500038146974,550.8691731426484
982,0.0,0.0,1.0,0.0,458.77500038146974,550.8691731426484
983,0.0,0.0,1.0,0.0,458.77500038146974,550.8691731426484
984,0.0,0.0,1.0,0.0,458.77500038146974,550.8691731426484
985,0.0,0.0,1.0,0.0,458.77500038146974,550.8691731426484
986,0.0,0.0,1.0,0.0,458.77500038146974,550.8691731426484
987,0.0,0.0,1.0,0.0,458.77500038146974,550.8691731426484
988,0.0,0.0,1.0,0.0,458.77500038146974,550.8691731426484
989,0.0,0.0,1.0,0.0,458.77500038146974,550.8691731426484
990,0.0,0.0,1.0,0.0,458.77500038146974,550.8691731426484
991,0.0,0.0,1.0,0.0,458.77500038146974,550.8691731426484
992,0.0,0.0,1.0,0.0,458.77500038146974,550.8691731426484
993,0.0,0.0,1.0,0.0,458.77500038146974,550.8691731426484
994,0.0,0.0,1.0,0.0,458.77500038146974,550.8691731426484
995,0.0,0.0,1.0,0.0,458.77500038146974,550.8691731426484
996,0.0,0.0,1.0,0.0,458.77500038146974,550.8691731426484
997,0.0,0.0,1.0,0.0,458.77500038146974,550.8691731426484
998,0.0,0.0,1.0,0.0,458.77500038146974,550.8691731426484
999,0.0,0.0,1.0,0.0,458.77500038146974,550.8691731426484
1000,0.0,0.0,1.0,0.0,458.77500038146974,550.8691731426484
1001,0.0,0.0,1.0,0.0,458.77500038146974,550.8691731426484
1002,0.0,0.0,1.0,0.0,458.77500038146974,550.8691731426484
1003,0.0,0.0,1.0,0.0,458.77500038146974,550.8691731426484
1004,0.0,0.0,1.0,0.0,458.77500038146974,550.8691731426484
1005,0.0,0.0,1.0,0.0,458.77500038146974,550.8691731426484
1006,0.0,0.0,1.0,0.0,458.77500038146974,550.8691731426484
1007,0.0,0.0,1.0,0.0,458.77500038146974,550.8691731426484
1008,0.0,0.0,1.0,0.0,458.77500038146974,550.8691731426484
1009,0.0,0.0,1.0,0.0,458.77500038146974,550.8691731426484
1010,0.0,0.0,1.0,0.0,458.77500038146974,550.8691731426484
1011,0.0,0.0,1.0,0.0,458.77500038146974,550.8691731426484
1012,0.0,0.0,1.0,0.0,458.77500038146974,550.8691731426484
1013,0.0,0.0,1.0,0.0,458.77500038146974,550.8691731426484
1014,0.0,0.0,1.0,0.0,458.77500038146974,550.8691731426484
1015,0.0,0.0,1.0,0.0,458.77500038146974,550.8691731426484
1016,0.0,0.0,1.0,0.0,458.77500038146974,550.8691731426484
1017,0.0,0.0,1.0,0.0,458.77500038146974,550.8691731426484
1018,0.0,0.0,1.0,0.0,458.77500038146974,550.8691731426484
1019,0.0,0.0,1.0,0.0,458.77500038146974,550.8691731426484
1020,0.0,0.0,1.0,0.0,458.77500038146974,550.8691731426484
1021,0.0,0.0,1.0,0.0,458.77500038146974,550.8691731426484
1022,0.0,0.0,1.0,0.0,458.77500038146974,550.8691731426484
1023,0.0,0.0,1.0,0.0,458.77500038146974,550.8691731426484
1024,0.0,0.0,1.0,0.0,458.77500038146974,550.8691731426484
1025,0.0,0.0,1.0,0.0,458.77500038146974,550.8691731426484
1026,0.0,0.0,1.0,0.0,458.77500038146974,550.8691731426484
1027,0.0,0.0,1.0,0.0,458.77500038146974,550.8691731426484
1028,0.0,0.0,1.0,0.0,458.77500038146974,550.8691731426484
1029,0.0,0.0,1.0,0.0,458.77500038146974,550.8691731426484
1030,0.0,0.0,1.0,0.0,458.77500038146974,550.8691731426484
1031,0.0,0.0,1.0,0.0,458.77500038146974,550.8691731426484
1032,0.0,0.0,1.0,0.0,458.77500038146974,550.8691731426484
1033,0.0,0.0,1.0,0.0,458.77500038146974,550.8691731426484
1034,0.0,0.0,1.0,0.0,458.77500038146974,550.8691731426484
1035,0.0,0.0,1.0,0.0,458.77500038146974,550.8691731426484
1036,0.0,0.0,1.0,0.0,458.77500038146974,550.8691731426484
1037,0.0,0.0,1.0,0.0,458.77500038146974,550.8691731426484
1038,0.0,0.0,1.0,0.0,458.77500038146974,550.8691731426484
1039,0.0,0.0,1.0,0.0,458.77500038146974,550.8691731426484
1040,0.0,0.0,1.0,0.0,458.77500038146974,550.8691731426484
1041,0.0,0.0,1.0,0.0,458.77500038146974,550.8691731426484
1042,0.0,0.0,1.0,0.0,458.77500038146974,550.8691731426484
1043,0.0,0.0,1.0,0.0,458.77500038146974,550.8691731426484
1044,0.0,0.0,1.0,0.0,458.77500038146974,550.8691731426484
1045,0.0,0.0,1.0,0.0,458.77500038146974,550.8691731426484
1046,0.0,0.0,1.0,0.0,458.77500038146974,550.8691731426484
1047,0.0,0.0,1.0,0.0,458.77500038146974,550.8691731426484
1048,0.0,0.0,1.0,0.0,458.77500038146974,550.8691731426484
1049,0.0,0.0,1.0,0.0,458.77500038146974,550.8691731426484
1050,0.0,0.0,1.0,0.0,458.77500038146974,550.8691731426484
1051,0.0,0.0,1.0,0.0,458.77500038146974,550.8691731426484
1052,0.0,0.0,1.0,0.0,458.77500038146974,550.8691731426484
1053,0.0,0.0,1.0,0.0,458.77500038146974,550.8691731426484
1054,0.0,0.0,1.0,0.0,458.77500038146974,550.8691731426484
1055,0.0,0.0,1.0,0.0,458.77500038146974,550.8691731426484
1056,0.0,0.0,1.0,0.0,458.77500038146974,550.8691731426484
1057,0.0,0.0,1.0,0.0,458.77500038146974,550.8691731426484
1058,0.0,0.0,1.0,0.0,458.77500038146974,550.8691731426484
1059,0.0,0.0,1.0,0.0,458.77500038146974,550.8691731426484
1060,0.0,0.0,1.0,0.0,458.77500038146974,550.8691731426484
1061,0.0,0.0,1.0,0.0,458.77500038146974,550.8691731426484
1062,0.0,0.0,1.0,0.0,458.77500038146974,550.8691731426484
1063,0.0,0.0,1.0,0.0,458.77500038146974,550.8691731426484
1064,0.0,0.0,1.0,0.0,458.77500038146974,550.8691731426484
1065,0.0,0.0,1.0,0.0,458.77500038146974,550.8691731426484
1066,0.0,0.0,1.0,0.0,458.77500038146974,550.8691731426484
1067,0.0,0.0,1.0,0.0,458.77500038146974,550.8691731426484
1068,0.0,0.0,1.0,0.0,458.77500038146974,550.8691731426484
1069,0.0,0.0,1.0,0.0,458.77500038146974,550.8691731426484
1070,0.0,0.0,1.0,0.0,458.77500038146974,550.8691731426484
1071,0.0,0.0,1.0,0.0,458.77500038146974,550.8691731426484
1072,0.0,0.0,1.0,0.0,458.77500038146974,550.8691731426484
1073,0.0,0.0,1.0,0.0,458.77500038146974,550.8691731426484
1074,0.0,0.0,1.0,0.0,458.77500038146974,550.8691731426484
1075,0.0,0.0,1.0,0.0,458.77500038146974,550.8691731426484
1076,0.0,0.0,1.0,0.0,458.77500038146974,550.8691731426484
1077,0.0,0.0,1.0,0.0,458.77500038146974,550.8691731426484
1078,0.0,0.0,1.0,0.0,458.77500038146974,550.8691731426484
1079,0.0,0.0,1.0,0.0,458.77500038146974,550.8691731426484
1080,0.0,0.0,1.0,0.0,458.77500038146974,550.8691731426484
1081,0.0,0.0,1.0,0.0,458.77500038146974,550.8691731426484
1082,0.0,0.0,1.0,0.0,458.77500038146974,550.8691731426484
1083,0.0,0.0,1.0,0.0,458.77500038146974,550.8691731426484
1084,0.0,0.0,1.0,0.0,458.77500038146974,550.8691731426484
1085,0.0,0.0,1.0,0.0,458.77500038146974,550.8691731426484
1086,0.0,0.0,1.0,0.0,458.77500038146974,550.8691731426484
1087,0.0,0.0,1.0,0.0,458.77500038146974,550.8691731426484
1088,0.0,0.0,1.0,0.0,458.77500038146974,550.8691731426484
1089,0.0,0.0,1.0,0.0,458.77500038146974,550.8691731426484
1090,0.0,0.0,1.0,0.0,458.77500038146974,550.8691731426484
1091,0.0,0.0,1.0,0.0,458.77500038146974,550.8691731426484
1092,0.0,0.0,1.0,0.0,458.77500038146974,550.8691731426484
1093,0.0,0.0,1.0,0.0,458.77500038146974,550.8691731426484
1094,0.0,0.0,1.0,0.0,458.77500038146974,550.8691731426484
1095,0.0,0.0,1.0,0.0,458.77500038146974,550.8691731426484
1096,0.0,0.0,1.0,0.0,458.77500038146974,550.8691731426484
1097,0.0,0.0,1.0,0.0,458.77500038146974,550.8691731426484
1098,0.0,0.0,1.0,0.0,458.77500038146974,550.8691731426484
1099,0.0,0.0,1.0,0.0,458.77500038146974,550.8691731426484
1100,0.0,0.0,1.0,0.0,458.77500038146974,550.8691731426484
1101,0.0,0.0,1.0,0.0,458.77500038146974,550.8691731426484
1102,0.0,0.0,1.0,0.0,458.77500038146974,550.8691731426484
1103,0.0,0.0,1.0,0.0,458.77500038146974,550.8691731426484
1104,0.0,0.0,1.0,0.0,458.77500038146974,550.8691731426484
1105,0.0,0.0,1.0,0.0,458.77500038146974,550.8691731426484
1106,0.0,0.0,1.0,0.0,458.77500038146974,550.8691731426484
1107,0.0,0.0,1.0,0.0,458.77500038146974,550.8691731426484
1108,0.0,0.0,1.0,0.0,458.77500038146974,550.8691731426484
1109,0.0,0.0,1.0,0.0,458.77500038146974,550.8691731426484
1110,0.0,0.0,1.0,0.0,458.77500038146974,550.8691731426484
1111,0.0,0.0,1.0,0.0,458.77500038146974,550.8691731426484
1112,0.0,0.0,1.0,0.0,458.77500038146974,550.8691731426484
1113,0.0,0.0,1.0,0.0,458.77500038146974,550.8691731426484
1114,0.0,0.0,1.0,0.0,458.77500038146974,550.8691731426484
1115,0.0,0.0,1.0,0.0,458.77500038146974,550.8691731426484
1116,0.0,0.0,1.0,0.0,458.77500038146974,550.8691731426484
1117,0.0,0.0,1.0,0.0,458.77500038146974,550.8691731426484
1118,0.0,0.0,1.0,0.0,458.77500038146974,550.8691731426484
1119,0.0,0.0,1.0,0.0,458.77500038146974,550.8691731426484
1120,0.0,0.0,1.0,0.0,458.77500038146974,550.8691731426484
1121,0.0,0.0,1.0,0.0,458.77500038146974,550.8691731426484
1122,0.0,0.0,1.0,0.0,458.77500038146974,550.8691731426484
1123,0.0,0.0,1.0,0.0,458.77500038146974,550.8691731426484
1124,0.0,0.0,1.0,0.0,458.77500038146974,550.8691731426484
1125,0.0,0.0,1.0,0.0,458.77500038146974,550.8691731426484
1126,0.0,0.0,1.0,0.0,458.77500038146974,550.8691731426484
1127,0.0,0.0,1.0,0.0,458.77500038146974,550.8691731426484
1128,0.0,0.0,1.0,0.0,458.77500038146974,550.8691731426484
1129,0.0,0.0,1.0,0.0,458.77500038146974,550.8691731426484
1130,0.0,0.0,1.0,0.0,458.77500038146974,550.8691731426484
1131,0.0,0.0,1.0,0.0,458.77500038146974,550.8691731426484
1132,0.0,0.0,1.0,0.0,458.77500038146974,550.8691731426484
1133,0.0,0.0,1.0,0.0,458.77500038146974,550.8691731426484
1134,0.0,0.0,1.0,0.0,458.77500038146974,550.8691731426484
1135,0.0,0.0,1.0,0.0,458.77500038146974,550.8691731426484
1136,0.0,0.0,1.0,0.0,458.77500038146974,550.8691731426484
1137,0.0,0.0,1.0,0.0,458.77500038146974,550.8691731426484
1138,0.0,0.0,1.0,0.0,458.77500038146974,550.8691731426484
1139,0.0,0.0,1.0,0.0,458.77500038146974,550.8691731426484
1140,0.0,0.0,1.0,0.0,458.77500038146974,550.8691731426484
1141,0.0,0.0,1.0,0.0,458.77500038146974,550.8691731426484
1142,0.0,0.0,1.0,0.0,458.77500038146974,550.8691731426484
1143,0.0,0.0,1.0,0.0,458.77500038146974,550.8691731426484
1144,0.0,0.0,1.0,0.0,458.77500038146974,550.8691731426484
1145,0.0,0.0,1.0,0.0,458.77500038146974,550.8691731426484
1146,0.0,0.0,1.0,0.0,458.77500038146974,550.8691731426484
1147,0.0,0.0,1.0,0.0,458.77500038146974,550.8691731426484
1148,0.0,0.0,1.0,0.0,458.77500038146974,550.8691731426484
1149,0.0,0.0,1.0,0.0,458.77500038146974,550.8691731426484
1150,0.0,0.0,1.0,0.0,458.77500038146974,550.8691731426484
1151,0.0,0.0,1.0,0.0,458.77500038146974,550.8691731426484
1152,0.0,0.0,1.0,0.0,458.77500038146974,550.8691731426484
1153,0.0,0.0,1.0,0.0,458.77500038146974,550.8691731426484
1154,0.0,0.0,1.0,0.0,458.77500038146974,550.8691731426484
1155,0.0,0.0,1.0,0.0,458.77500038146974,550.8691731426484
1156,0.0,0.0,1.0,0.0,458.77500038146974,550.8691731426484
1157,0.0,0.0,1.0,0.0,458.77500038146974,550.8691731426484
1158,0.0,0.0,1.0,0.0,458.77500038146974,550.8691731426484
1159,0.0,0.0,1.0,0.0,458.77500038146974,550.8691731426484
1160,0.0,0.0,1.0,0.0,458.77500038146974,550.8691731426484
1161,0.0,0.0,1.0,0.0,458.77500038146974,550.8691731426484
1162,0.0,0.0,1.0,0.0,458.77500038146974,550.8691731426484
1163,0.0,0.0,1.0,0.0,458.77500038146974,550.8691731426484
1164,0.0,0.0,1.0,0.0,458.77500038146974,550.8691731426484
1165,0.0,0.0,1.0,0.0,458.77500038146974,550.8691731426484
1166,0.0,0.0,1.0,0.0,458.77500038146974,550.8691731426484
1167,0.0,0.0,1.0,0.0,458.77500038146974,550.8691731426484
1168,0.0,0.0,1.0,0.0,458.77500038146974,550.8691731426484
1169,0.0,0.0,1.0,0.0,458.77500038146974,550.8691731426484
1170,0.0,0.0,1.0,0.0,458.77500038146974,550.8691731426484
1171,0.0,0.0,1.0,0.0,458.77500038146974,550.8691731426484
1172,0.0,0.0,1.0,0.0,458.77500038146974,550.8691731426484
1173,0.0,0.0,1.0,0.0,458.77500038146974,550.8691731426484
1174,0.0,0.0,1.0,0.0,458.77500038146974,550.8691731426484
1175,0.0,0.0,1.0,0.0,458.77500038146974,550.8691731426484
1176,0.0,0.0,1.0,0.0,458.77500038146974,550.8691731426484
1177,0.0,0.0,1.0,0.0,458.77500038146974,550.8691731426484
1178,0.0,0.0,1.0,0.0,458.77500038146974,550.8691731426484
1179,0.0,0.0,1.0,0.0,458.77500038146974,550.8691731426484
1180,0.0,0.0,1.0,0.0,458.77500038146974,550.8691731426484
1181,0.0,0.0,1.0,0.0,458.77500038146974,550.8691731426484
1182,0.0,0.0,1.0,0.0,458.77500038146974,550.8691731426484
1183,0.0,0.0,1.0,0.0,458.77500038146974,550.8691731426484
1184,0.0,0.0,1.0,0.0,458.77500038146974,550.8691731426484
1185,0.0,0.0,1.0,0.0,458.77500038146974,550.8691731426484
1186,0.0,0.0,1.0,0.0,458.77500038146974,550.8691731426484
1187,0.0,0.0,1.0,0.0,458.77500038146974,550.8691731426484
1188,0.0,0.0,1.0,0.0,458.77500038146974,550.8691731426484
1189,0.0,0.0,1.0,0.0,458.77500038146974,550.8691731426484
1190,0.0,0.0,1.0,0.0,458.77500038146974,550.8691731426484
1191,0.0,0.0,1.0,0.0,458.77500038146974,550.8691731426484
1192,0.0,0.0,1.0,0.0,458.77500038146974,550.8691731426484
1193,0.0,0.0,1.0,0.0,458.77500038146974,550.8691731426484
1194,0.0,0.0,1.0,0.0,458.77500038146974,550.8691731426484
1195,0.0,0.0,1.0,0.0,458.77500038146974,550.8691731426484
1196,0.0,0.0,1.0,0.0,458.77500038146974,550.8691731426484
1197,0.0,0.0,1.0,0.0,458.77500038146974,550.8691731426484
1198,0.0,0.0,1.0,0.0,458.77500038146974,550.8691731426484
1199,0.0,0.0,1.0,0.0,458.77500038146974,550.8691731426484
1200,0.0,0.0,1.0,0.0,458.77500038146974,550.8691731426484
1201,0.0,0.0,1.0,0.0,458.77500038146974,550.8691731426484
1202,0.0,0.0,1.0,0.0,458.77500038146974,550.8691731426484
1203,0.0,0.0,1.0,0.0,458.77500038146974,550.8691731426484
1204,0.0,0.0,1.0,0.0,458.77500038146974,550.8691731426484
1205,0.0,0.0,1.0,0.0,458.77500038146974,550.8691731426484
1206,0.0,0.0,1.0,0.0,458.77500038146974,550.8691731426484
1207,0.0,0.0,1.0,0.0,458.77500038146974,550.8691731426484
1208,0.0,0.0,1.0,0.0,458.77500038146974,550.8691731426484
1209,0.0,0.0,1.0,0.0,458.77500038146974,550.8691731426484
1210,0.0,0.0,1.0,0.0,458.77500038146974,550.8691731426484
1211,0.0,0.0,1.0,0.0,458.77500038146974,550.8691731426484
1212,0.0,0.0,1.0,0.0,458.77500038146974,550.8691731426484
1213,0.0,0.0,1.0,0.0,458.77500038146974,550.8691731426484
1214,0.0,0.0,1.0,0.0,458.77500038146974,550.8691731426484
1215,0.0,0.0,1.0,0.0,458.77500038146974,550.8691731426484
1216,0.0,0.0,1.0,0.0,458.77500038146974,550.8691731426484
1217,0.0,0.0,1.0,0.0,458.77500038146974,550.8691731426484
1218,0.0,0.0,1.0,0.0,458.77500038146974,550.8691731426484
1219,0.0,0.0,1.0,0.0,458.77500038146974,550.8691731426484
1220,0.0,0.0,1.0,0.0,458.77500038146974,550.8691731426484
1221,0.0,0.0,1.0,0.0,458.77500038146974,550.8691731426484
1222,0.0,0.0,1.0,0.0,458.77500038146974,550.8691731426484
1223,0.0,0.0,1.0,0.0,458.77500038146974,550.8691731426484
1224,0.0,0.0,1.0,0.0,458.77500038146974,550.8691731426484
1225,0.0,0.0,1.0,0.0,458.77500038146974,550.8691731426484
1226,0.0,0.0,1.0,0.0,458.77500038146974,550.8691731426484
1227,0.0,0.0,1.0,0.0,458.77500038146974,550.8691731426484
1228,0.0,0.0,1.0,0.0,458.77500038146974,550.8691731426484
1229,0.0,0.0,1.0,0.0,458.77500038146974,550.8691731426484
1230,0.0,0.0,1.0,0.0,458.77500038146974,550.8691731426484
1231,0.0,0.0,1.0,0.0,458.77500038146974,550.8691731426484
1232,0.0,0.0,1.0,0.0,458.77500038146974,550.8691731426484
1233,0.0,0.0,1.0,0.0,458.77500038146974,550.8691731426484
1234,0.0,0.0,1.0,0.0,458.77500038146974,550.8691731426484
1235,0.0,0.0,1.0,0.0,458.77500038146974,550.8691731426484
1236,0.0,0.0,1.0,0.0,458.77500038146974,550.8691731426484
1237,0.0,0.0,1.0,0.0,458.77500038146974,550.8691731426484
1238,0.0,0.0,1.0,0.0,458.77500038146974,550.8691731426484
1239,0.0,0.0,1.0,0.0,458.77500038146974,550.8691731426484
1240,0.0,0.0,1.0,0.0,458.77500038146974,550.8691731426484
1241,0.0,0.0,1.0,0.0,458.77500038146974,550.8691731426484
1242,0.0,0.0,1.0,0.0,458.77500038146974,550.8691731426484
1243,0.0,0.0,1.0,0.0,458.77500038146974,550.8691731426484
1244,0.0,0.0,1.0,0.0,458.77500038146974,550.8691731426484
1245,0.0,0.0,1.0,0.0,458.77500038146974,550.8691731426484
1246,0.0,0.0,1.0,0.0,458.77500038146974,550.8691731426484
1247,0.0,0.0,1.0,0.0,458.77500038146974,550.8691731426484
1248,0.0,0.0,1.0,0.0,458.77500038146974,550.8691731426484
1249,0.0,0.0,1.0,0.0,458.77500038146974,550.8691731426484
1250,0.0,0.0,1.0,0.0,458.77500038146974,550.8691731426484
1251,0.0,0.0,1.0,0.0,458.77500038146974,550.8691731426484
1252,0.0,0.0,1.0,0.0,458.77500038146974,550.8691731426484
1253,0.0,0.0,1.0,0.0,458.77500038146974,550.8691731426484
1254,0.0,0.0,1.0,0.0,458.77500038146974,550.8691731426484
1255,0.0,0.0,1.0,0.0,458.77500038146974,550.8691731426484
1256,0.0,0.0,1.0,0.0,458.77500038146974,550.8691731426484
1257,0.0,0.0,1.0,0.0,458.77500038146974,550.8691731426484
1258,0.0,0.0,1.0,0.0,458.77500038146974,550.8691731426484
1259,0.0,0.0,1.0,0.0,458.77500038146974,550.8691731426484
1260,0.0,0.0,1.0,0.0,458.77500038146974,550.8691731426484
1261,0.0,0.0,1.0,0.0,458.77500038146974,550.8691731426484
1262,0.0,0.0,1.0,0.0,458.77500038146974,550.8691731426484
1263,0.0,0.0,1.0,0.0,458.77500038146974,550.8691731426484
1264,0.0,0.0,1.0,0.0,458.77500038146974,550.8691731426484
1265,0.0,0.0,1.0,0.0,458.77500038146974,550.8691731426484
1266,0.0,0.0,1.0,0.0,458.77500038146974,550.8691731426484
1267,0.0,0.0,1.0,0.0,458.77500038146974,550.8691731426484
1268,0.0,0.0,1.0,0.0,458.77500038146974,550.8691731426484
1269,0.0,0.0,1.0,0.0,458.77500038146974,550.8691731426484
1270,0.0,0.0,1.0,0.0,458.77500038146974,550.8691731426484
1271,0.0,0.0,1.0,0.0,458.77500038146974,550.8691731426484
1272,0.0,0.0,1.0,0.0,458.77500038146974,550.8691731426484
1273,0.0,0.0,1.0,0.0,458.77500038146974,550.8691731426484
1274,0.0,0.0,1.0,0.0,458.77500038146974,550.8691731426484
1275,0.0,0.0,1.0,0.0,458.77500038146974,550.8691731426484
1276,0.0,0.0,1.0,0.0,458.77500038146974,550.8691731426484
1277,0.0,0.0,1.0,0.0,458.77500038146974,550.8691731426484
1278,0.0,0.0,1.0,0.0,458.77500038146974,550.8691731426484
1279,0.0,0.0,1.0,0.0,458.77500038146974,550.8691731426484
1280,0.0,0.0,1.0,0.0,458.77500038146974,550.8691731426484
1281,0.0,0.0,1.0,0.0,458.77500038146974,550.8691731426484
1282,0.0,0.0,1.0,0.0,458.77500038146974,550.8691731426484
1283,0.0,0.0,1.0,0.0,458.77500038146974,550.8691731426484
1284,0.0,0.0,1.0,0.0,458.77500038146974,550.8691731426484
1285,0.0,0.0,1.0,0.0,458.77500038146974,550.8691731426484
1286,0.0,0.0,1.0,0.0,458.77500038146974,550.8691731426484
1287,0.0,0.0,1.0,0.0,458.77500038146974,550.8691731426484
1288,0.0,0.0,1.0,0.0,458.77500038146974,550.8691731426484
1289,0.0,0.0,1.0,0.0,458.77500038146974,550.8691731426484
1290,0.0,0.0,1.0,0.0,458.77500038146974,550.8691731426484
1291,0.0,0.0,1.0,0.0,458.77500038146974,550.8691731426484
1292,0.0,0.0,1.0,0.0,458.77500038146974,550.8691731426484
1293,0.0,0.0,1.0,0.0,458.77500038146974,550.8691731426484
1294,0.0,0.0,1.0,0.0,458.77500038146974,550.8691731426484
1295,0.0,0.0,1.0,0.0,458.77500038146974,550.8691731426484
1296,0.0,0.0,1.0,0.0,458.77500038146974,550.8691731426484
1297,0.0,0.0,1.0,0.0,458.77500038146974,550.8691731426484
1298,0.0,0.0,1.0,0.0,458.77500038146974,550.8691731426484
1299,0.0,0.0,1.0,0.0,458.77500038146974,550.8691731426484
1300,0.0,0.0,1.0,0.0,458.77500038146974,550.8691731426484
1301,0.0,0.0,1.0,0.0,458.77500038146974,550.8691731426484
1302,0.0,0.0,1.0,0.0,458.77500038146974,550.8691731426484
1303,0.0,0.0,1.0,0.0,458.77500038146974,550.8691731426484
1304,0.0,0.0,1.0,0.0,458.77500038146974,550.8691731426484
1305,0.0,0.0,1.0,0.0,458.77500038146974,550.8691731426484
1306,0.0,0.0,1.0,0.0,458.77500038146974,550.8691731426484
1307,0.0,0.0,1.0,0.0,458.77500038146974,550.8691731426484
1308,0.0,0.0,1.0,0.0,458.77500038146974,550.8691731426484
1309,0.0,0.0,1.0,0.0,458.77500038146974,550.8691731426484
1310,0.0,0.0,1.0,0.0,458.77500038146974,550.8691731426484
1311,0.0,0.0,1.0,0.0,458.77500038146974,550.8691731426484
1312,0.0,0.0,1.0,0.0,458.77500038146974,550.8691731426484
1313,0.0,0.0,1.0,0.0,458.77500038146974,550.8691731426484
1314,0.0,0.0,1.0,0.0,458.77500038146974,550.8691731426484
1315,0.0,0.0,1.0,0.0,458.77500038146974,550.8691731426484
1316,0.0,0.0,1.0,0.0,458.77500038146974,550.8691731426484
1317,0.0,0.0,1.0,0.0,458.77500038146974,550.8691731426484
1318,0.0,0.0,1.0,0.0,458.77500038146974,550.8691731426484
1319,0.0,0.0,1.0,0.0,458.77500038146974,550.8691731426484
1320,0.0,0.0,1.0,0.0,458.77500038146974,550.8691731426484
1321,0.0,0.0,1.0,0.0,458.77500038146974,550.8691731426484
1322,0.0,0.0,1.0,0.0,458.77500038146974,550.8691731426484
1323,0.0,0.0,1.0,0.0,458.77500038146974,550.8691731426484
1324,0.0,0.0,1.0,0.0,458.77500038146974,550.8691731426484
1325,0.0,0.0,1.0,0.0,458.77500038146974,550.8691731426484
1326,0.0,0.0,1.0,0.0,458.77500038146974,550.8691731426484
1327,0.0,0.0,1.0,0.0,458.77500038146974,550.8691731426484
1328,0.0,0.0,1.0,0.0,458.77500038146974,550.8691731426484
1329,0.0,0.0,1.0,0.0,458.77500038146974,550.8691731426484
1330,0.0,0.0,1.0,0.0,458.77500038146974,550.8691731426484
1331,0.0,0.0,1.0,0.0,458.77500038146974,550.8691731426484
1332,0.0,0.0,1.0,0.0,458.77500038146974,550.8691731426484
1333,0.0,0.0,1.0,0.0,458.77500038146974,550.8691731426484
1334,0.0,0.0,1.0,0.0,458.77500038146974,550.8691731426484
1335,0.0,0.0,1.0,0.0,458.77500038146974,550.8691731426484
1336,0.0,0.0,1.0,0.0,458.77500038146974,550.8691731426484
1337,0.0,0.0,1.0,0.0,458.77500038146974,550.8691731426484
1338,0.0,0.0,1.0,0.0,458.77500038146974,550.8691731426484
1339,0.0,0.0,1.0,0.0,458.77500038146974,550.8691731426484
1340,0.0,0.0,1.0,0.0,458.77500038146974,550.8691731426484
1341,0.0,0.0,1.0,0.0,458.77500038146974,550.8691731426484
1342,0.0,0.0,1.0,0.0,458.77500038146974,550.8691731426484
1343,0.0,0.0,1.0,0.0,458.77500038146974,550.8691731426484
1344,0.0,0.0,1.0,0.0,458.77500038146974,550.8691731426484
1345,0.0,0.0,1.0,0.0,458.77500038146974,550.8691731426484
1346,0.0,0.0,1.0,0.0,458.77500038146974,550.8691731426484
1347,0.0,0.0,1.0,0.0,458.77500038146974,550.8691731426484
1348,0.0,0.0,1.0,0.0,458.77500038146974,550.8691731426484
1349,0.0,0.0,1.0,0.0,458.77500038146974,550.8691731426484
1350,0.0,0.0,1.0,0.0,458.77500038146974,550.8691731426484
1351,0.0,0.0,1.0,0.0,458.77500038146974,550.8691731426484
1352,0.0,0.0,1.0,0.0,458.77500038146974,550.8691731426484
1353,0.0,0.0,1.0,0.0,458.77500038146974,550.8691731426484
1354,0.0,0.0,1.0,0.0,458.77500038146974,550.8691731426484
1355,0.0,0.0,1.0,0.0,458.77500038146974,550.8691731426484
1356,0.0,0.0,1.0,0.0,458.77500038146974,550.8691731426484
1357,0.0,0.0,1.0,0.0,458.77500038146974,550.8691731426484
1358,0.0,0.0,1.0,0.0,458.77500038146974,550.8691731426484
1359,0.0,0.0,1.0,0.0,458.77500038146974,550.8691731426484
1360,0.0,0.0,1.0,0.0,458.77500038146974,550.8691731426484
1361,0.0,0.0,1.0,0.0,458.77500038146974,550.8691731426484
1362,0.0,0.0,1.0,0.0,458.77500038146974,550.8691731426484
1363,0.0,0.0,1.0,0.0,458.77500038146974,550.8691731426484
1364,0.0,0.0,1.0,0.0,458.77500038146974,550.8691731426484
1365,0.0,0.0,1.0,0.0,458.77500038146974,550.8691731426484
1366,0.0,0.0,1.0,0.0,458.77500038146974,550.8691731426484
1367,0.0,0.0,1.0,0.0,458.77500038146974,550.8691731426484
1368,0.0,0.0,1.0,0.0,458.77500038146974,550.8691731426484
1369,0.0,0.0,1.0,0.0,458.77500038146974,550.8691731426484
1370,0.0,0.0,1.0,0.0,458.77500038146974,550.8691731426484
1371,0.0,0.0,1.0,0.0,458.77500038146974,550.8691731426484
1372,0.0,0.0,1.0,0.0,458.77500038146974,550.8691731426484
1373,0.0,0.0,1.0,0.0,458.77500038146974,550.8691731426484
1374,0.0,0.0,1.0,0.0,458.77500038146974,550.8691731426484
1375,0.0,0.0,1.0,0.0,458.77500038146974,550.8691731426484
1376,0.0,0.0,1.0,0.0,458.77500038146974,550.8691731426484
1377,0.0,0.0,1.0,0.0,458.77500038146974,550.8691731426484
1378,0.0,0.0,1.0,0.0,458.77500038146974,550.8691731426484
1379,0.0,0.0,1.0,0.0,458.77500038146974,550.8691731426484
1380,0.0,0.0,1.0,0.0,458.77500038146974,550.8691731426484
1381,0.0,0.0,1.0,0.0,458.77500038146974,550.8691731426484
1382,0.0,0.0,1.0,0.0,458.77500038146974,550.8691731426484
1383,0.0,0.0,1.0,0.0,458.77500038146974,550.8691731426484
1384,0.0,0.0,1.0,0.0,458.77500038146974,550.8691731426484
1385,0.0,0.0,1.0,0.0,458.77500038146974,550.8691731426484
1386,0.0,0.0,1.0,0.0,458.77500038146974,550.8691731426484
1387,0.0,0.0,1.0,0.0,458.77500038146974,550.8691731426484
1388,0.0,0.0,1.0,0.0,458.77500038146974,550.8691731426484
1389,0.0,0.0,1.0,0.0,458.77500038146974,550.8691731426484
1390,0.0,0.0,1.0,0.0,458.77500038146974,550.8691731426484
1391,0.0,0.0,1.0,0.0,458.77500038146974,550.8691731426484
1392,0.0,0.0,1.0,0.0,458.77500038146974,550.8691731426484
1393,0.0,0.0,1.0,0.0,458.77500038146974,550.8691731426484
1394,0.0,0.0,1.0,0.0,458.77500038146974,550.8691731426484
1395,0.0,0.0,1.0,0.0,458.77500038146974,550.8691731426484
1396,0.0,0.0,1.0,0.0,458.77500038146974,550.8691731426484
1397,0.0,0.0,1.0,0.0,458.77500038146974,550.8691731426484
1398,0.0,0.0,1.0,0.0,458.77500038146974,550.8691731426484
1399,0.0,0.0,1.0,0.0,458.77500038146974,550.8691731426484
1400,0.0,0.0,1.0,0.0,458.77500038146974,550.8691731426484
1401,0.0,0.0,1.0,0.0,458.77500038146974,550.8691731426484
1402,0.0,0.0,1.0,0.0,458.77500038146974,550.8691731426484
1403,0.0,0.0,1.0,0.0,458.77500038146974,550.8691731426484
1404,0.0,0.0,1.0,0.0,458.77500038146974,550.8691731426484
1405,0.0,0.0,1.0,0.0,458.77500038146974,550.8691731426484
1406,0.0,0.0,1.0,0.0,458.77500038146974,550.8691731426484
1407,0.0,0.0,1.0,0.0,458.77500038146974,550.8691731426484
1408,0.0,0.0,1.0,0.0,458.77500038146974,550.8691731426484
1409,0.0,0.0,1.0,0.0,458.77500038146974,550.8691731426484
1410,0.0,0.0,1.0,0.0,458.77500038146974,550.8691731426484
1411,0.0,0.0,1.0,0.0,458.77500038146974,550.8691731426484
1412,0.0,0.0,1.0,0.0,458.77500038146974,550.8691731426484
1413,0.0,0.0,1.0,0.0,458.77500038146974,550.8691731426484
1414,0.0,0.0,1.0,0.0,458.77500038146974,550.8691731426484
1415,0.0,0.0,1.0,0.0,458.77500038146974,550.8691731426484
1416,0.0,0.0,1.0,0.0,458.77500038146974,550.8691731426484
1417,0.0,0.0,1.0,0.0,458.77500038146974,550.8691731426484
1418,0.0,0.0,1.0,0.0,458.77500038146974,550.8691731426484
1419,0.0,0.0,1.0,0.0,458.77500038146974,550.8691731426484
1420,0.0,0.0,1.0,0.0,458.77500038146974,550.8691731426484
1421,0.0,0.0,1.0,0.0,458.77500038146974,550.8691731426484
1422,0.0,0.0,1.0,0.0,458.77500038146974,550.8691731426484
1423,0.0,0.0,1.0,0.0,458.77500038146974,550.8691731426484
1424,0.0,0.0,1.0,0.0,458.77500038146974,550.8691731426484
1425,0.0,0.0,1.0,0.0,458.77500038146974,550.8691731426484
1426,0.0,0.0,1.0,0.0,458.77500038146974,550.8691731426484
1427,0.0,0.0,1.0,0.0,458.77500038146974,550.8691731426484
1428,0.0,0.0,1.0,0.0,458.77500038146974,550.8691731426484
1429,0.0,0.0,1.0,0.0,458.77500038146974,550.8691731426484
1430,0.0,0.0,1.0,0.0,458.77500038146974,550.8691731426484
1431,0.0,0.0,1.0,0.0,458.77500038146974,550.8691731426484
1432,0.0,0.0,1.0,0.0,458.77500038146974,550.8691731426484
1433,0.0,0.0,1.0,0.0,458.77500038146974,550.8691731426484
1434,0.0,0.0,1.0,0.0,458.77500038146974,550.8691731426484
1435,0.0,0.0,1.0,0.0,458.77500038146974,550.8691731426484
1436,0.0,0.0,1.0,0.0,458.77500038146974,550.8691731426484
1437,0.0,0.0,1.0,0.0,458.77500038146974,550.8691731426484
1438,0.0,0.0,1.0,0.0,458.77500038146974,550.8691731426484
1439,0.0,0.0,1.0,0.0,458.77500038146974,550.8691731426484
1440,0.0,0.0,1.0,0.0,458.77500038146974,550.8691731426484
1441,0.0,0.0,1.0,0.0,458.77500038146974,550.8691731426484
1442,0.0,0.0,1.0,0.0,458.77500038146974,550.8691731426484
1443,0.0,0.0,1.0,0.0,458.77500038146974,550.8691731426484
1444,0.0,0.0,1.0,0.0,458.77500038146974,550.8691731426484
1445,0.0,0.0,1.0,0.0,458.77500038146974,550.8691731426484
1446,0.0,0.0,1.0,0.0,458.77500038146974,550.8691731426484
1447,0.0,0.0,1.0,0.0,458.77500038146974,550.8691731426484
1448,0.0,0.0,1.0,0.0,458.77500038146974,550.8691731426484
1449,0.0,0.0,1.0,0.0,458.77500038146974,550.8691731426484
1450,0.0,0.0,1.0,0.0,458.77500038146974,550.8691731426484
1451,0.0,0.0,1.0,0.0,458.77500038146974,550.8691731426484
1452,0.0,0.0,1.0,0.0,458.77500038146974,550.8691731426484
1453,0.0,0.0,1.0,0.0,458.77500038146974,550.8691731426484
1454,0.0,0.0,1.0,0.0,458.77500038146974,550.8691731426484
1455,0.0,0.0,1.0,0.0,458.77500038146974,550.8691731426484
1456,0.0,0.0,1.0,0.0,458.77500038146974,550.8691731426484
1457,0.0,0.0,1.0,0.0,458.77500038146974,550.8691731426484
1458,0.0,0.0,1.0,0.0,458.77500038146974,550.8691731426484
1459,0.0,0.0,1.0,0.0,458.77500038146974,550.8691731426484
1460,0.0,0.0,1.0,0.0,458.77500038146974,550.8691731426484
1461,0.0,0.0,1.0,0.0,458.77500038146974,550.8691731426484
1462,0.0,0.0,1.0,0.0,458.77500038146974,550.8691731426484
1463,0.0,0.0,1.0,0.0,458.77500038146974,550.8691731426484
1464,0.0,0.0,1.0,0.0,458.77500038146974,550.8691731426484
1465,0.0,0.0,1.0,0.0,458.77500038146974,550.8691731426484
1466,0.0,0.0,1.0,0.0,458.77500038146974,550.8691731426484
1467,0.0,0.0,1.0,0.0,458.77500038146974,550.8691731426484
1468,0.0,0.0,1.0,0.0,458.77500038146974,550.8691731426484
1469,0.0,0.0,1.0,0.0,458.77500038146974,550.8691731426484
1470,0.0,0.0,1.0,0.0,458.77500038146974,550.8691731426484
1471,0.0,0.0,1.0,0.0,458.77500038146974,550.8691731426484
1472,0.0,0.0,1.0,0.0,458.77500038146974,550.8691731426484
1473,0.0,0.0,1.0,0.0,458.77500038146974,550.8691731426484
1474,0.0,0.0,1.0,0.0,458.77500038146974,550.8691731426484
1475,0.0,0.0,1.0,0.0,458.77500038146974,550.8691731426484
1476,0.0,0.0,1.0,0.0,458.77500038146974,550.8691731426484
1477,0.0,0.0,1.0,0.0,458.77500038146974,550.8691731426484
1478,0.0,0.0,1.0,0.0,458.77500038146974,550.8691731426484
1479,0.0,0.0,1.0,0.0,458.77500038146974,550.8691731426484
1480,0.0,0.0,1.0,0.0,458.77500038146974,550.8691731426484
1481,0.0,0.0,1.0,0.0,458.77500038146974,550.8691731426484
1482,0.0,0.0,1.0,0.0,458.77500038146974,550.8691731426484
1483,0.0,0.0,1.0,0.0,458.77500038146974,550.8691731426484
1484,0.0,0.0,1.0,0.0,458.77500038146974,550.8691731426484
1485,0.0,0.0,1.0,0.0,458.77500038146974,550.8691731426484
1486,0.0,0.0,1.0,0.0,458.77500038146974,550.8691731426484
1487,0.0,0.0,1.0,0.0,458.77500038146974,550.8691731426484
1488,0.0,0.0,1.0,0.0,458.77500038146974,550.8691731426484
1489,0.0,0.0,1.0,0.0,458.77500038146974,550.8691731426484
1490,0.0,0.0,1.0,0.0,458.77500038146974,550.8691731426484
1491,0.0,0.0,1.0,0.0,458.77500038146974,550.8691731426484
1492,0.0,0.0,1.0,0.0,458.77500038146974,550.8691731426484
1493,0.0,0.0,1.0,0.0,458.77500038146974,550.8691731426484
1494,0.0,0.0,1.0,0.0,458.77500038146974,550.8691731426484
1495,0.0,0.0,1.0,0.0,458.77500038146974,550.8691731426484
1496,0.0,0.0,1.0,0.0,458.77500038146974,550.8691731426484
1497,0.0,0.0,1.0,0.0,458.77500038146974,550.8691731426484
1498,0.0,0.0,1.0,0.0,458.77500038146974,550.8691731426484
1499,0.0,0.0,1.0,0.0,458.77500038146974,550.8691731426484
1500,0.0,0.0,1.0,0.0,458.77500038146974,550.8691731426484
1501,0.0,0.0,1.0,0.0,458.77500038146974,550.8691731426484
1502,0.0,0.0,1.0,0.0,458.77500038146974,550.8691731426484
1503,0.0,0.0,1.0,0.0,458.77500038146974,550.8691731426484
1504,0.0,0.0,1.0,0.0,458.77500038146974,550.8691731426484
1505,0.0,0.0,1.0,0.0,458.77500038146974,550.8691731426484
1506,0.0,0.0,1.0,0.0,458.77500038146974,550.8691731426484
1507,0.0,0.0,1.0,0.0,458.77500038146974,550.8691731426484
1508,0.0,0.0,1.0,0.0,458.77500038146974,550.8691731426484
1509,0.0,0.0,1.0,0.0,458.77500038146974,550.8691731426484
1510,0.0,0.0,1.0,0.0,458.77500038146974,550.8691731426484
1511,0.0,0.0,1.0,0.0,458.77500038146974,550.8691731426484
1512,0.0,0.0,1.0,0.0,458.77500038146974,550.8691731426484
1513,0.0,0.0,1.0,0.0,458.77500038146974,550.8691731426484
1514,0.0,0.0,1.0,0.0,458.77500038146974,550.8691731426484
1515,0.0,0.0,1.0,0.0,458.77500038146974,550.8691731426484
1516,0.0,0.0,1.0,0.0,458.77500038146974,550.8691731426484
1517,0.0,0.0,1.0,0.0,458.77500038146974,550.8691731426484
1518,0.0,0.0,1.0,0.0,458.77500038146974,550.8691731426484
1519,0.0,0.0,1.0,0.0,458.77500038146974,550.8691731426484
1520,0.0,0.0,1.0,0.0,458.77500038146974,550.8691731426484
1521,0.0,0.0,1.0,0.0,458.77500038146974,550.8691731426484
1522,0.0,0.0,1.0,0.0,458.77500038146974,550.8691731426484
1523,0.0,0.0,1.0,0.0,458.77500038146974,550.8691731426484
1524,0.0,0.0,1.0,0.0,458.77500038146974,550.8691731426484
1525,0.0,0.0,1.0,0.0,458.77500038146974,550.8691731426484
1526,0.0,0.0,1.0,0.0,458.77500038146974,550.8691731426484
1527,0.0,0.0,1.0,0.0,458.77500038146974,550.8691731426484
1528,0.0,0.0,1.0,0.0,458.77500038146974,550.8691731426484
1529,0.0,0.0,1.0,0.0,458.77500038146974,550.8691731426484
1530,0.0,0.0,1.0,0.0,458.77500038146974,550.8691731426484
1531,0.0,0.0,1.0,0.0,458.77500038146974,550.8691731426484
1532,0.0,0.0,1.0,0.0,458.77500038146974,550.8691731426484
1533,0.0,0.0,1.0,0.0,458.77500038146974,550.8691731426484
1534,0.0,0.0,1.0,0.0,458.77500038146974,550.8691731426484
1535,0.0,0.0,1.0,0.0,458.77500038146974,550.8691731426484
1536,0.0,0.0,1.0,0.0,458.77500038146974,550.8691731426484
1537,0.0,0.0,1.0,0.0,458.77500038146974,550.8691731426484
1538,0.0,0.0,1.0,0.0,458.77500038146974,550.8691731426484
1539,0.0,0.0,1.0,0.0,458.77500038146974,550.8691731426484
1540,0.0,0.0,1.0,0.0,458.77500038146974,550.8691731426484
1541,0.0,0.0,1.0,0.0,458.77500038146974,550.8691731426484
1542,0.0,0.0,1.0,0.0,458.77500038146974,550.8691731426484
1543,0.0,0.0,1.0,0.0,458.77500038146974,550.8691731426484
1544,0.0,0.0,1.0,0.0,458.77500038146974,550.8691731426484
1545,0.0,0.0,1.0,0.0,458.77500038146974,550.8691731426484
1546,0.0,0.0,1.0,0.0,458.77500038146974,550.8691731426484
1547,0.0,0.0,1.0,0.0,458.77500038146974,550.8691731426484
1548,0.0,0.0,1.0,0.0,458.77500038146974,550.8691731426484
1549,0.0,0.0,1.0,0.0,458.77500038146974,550.8691731426484
1550,0.0,0.0,1.0,0.0,458.77500038146974,550.8691731426484
1551,0.0,0.0,1.0,0.0,458.77500038146974,550.8691731426484
1552,0.0,0.0,1.0,0.0,458.77500038146974,550.8691731426484
1553,0.0,0.0,1.0,0.0,458.77500038146974,550.8691731426484
1554,0.0,0.0,1.0,0.0,458.77500038146974,550.8691731426484
1555,0.0,0.0,1.0,0.0,458.77500038146974,550.8691731426484
1556,0.0,0.0,1.0,0.0,458.77500038146974,550.8691731426484
1557,0.0,0.0,1.0,0.0,458.77500038146974,550.8691731426484
1558,0.0,0.0,1.0,0.0,458.77500038146974,550.8691731426484
1559,0.0,0.0,1.0,0.0,458.77500038146974,550.8691731426484
1560,0.0,0.0,1.0,0.0,458.77500038146974,550.8691731426484
1561,0.0,0.0,1.0,0.0,458.77500038146974,550.8691731426484
1562,0.0,0.0,1.0,0.0,458.77500038146974,550.8691731426484
1563,0.0,0.0,1.0,0.0,458.77500038146974,550.8691731426484
1564,0.0,0.0,1.0,0.0,458.77500038146974,550.8691731426484
1565,0.0,0.0,1.0,0.0,458.77500038146974,550.8691731426484
1566,0.0,0.0,1.0,0.0,458.77500038146974,550.8691731426484
1567,0.0,0.0,1.0,0.0,458.77500038146974,550.8691731426484
1568,0.0,0.0,1.0,0.0,458.77500038146974,550.8691731426484
1569,0.0,0.0,1.0,0.0,458.77500038146974,550.8691731426484
1570,0.0,0.0,1.0,0.0,458.77500038146974,550.8691731426484
1571,0.0,0.0,1.0,0.0,458.77500038146974,550.8691731426484
1572,0.0,0.0,1.0,0.0,458.77500038146974,550.8691731426484
1573,0.0,0.0,1.0,0.0,458.77500038146974,550.8691731426484
1574,0.0,0.0,1.0,0.0,458.77500038146974,550.8691731426484
1575,0.0,0.0,1.0,0.0,458.77500038146974,550.8691731426484
1576,0.0,0.0,1.0,0.0,458.77500038146974,550.8691731426484
1577,0.0,0.0,1.0,0.0,458.77500038146974,550.8691731426484
1578,0.0,0.0,1.0,0.0,458.77500038146974,550.8691731426484
1579,0.0,0.0,1.0,0.0,458.77500038146974,550.8691731426484
1580,0.0,0.0,1.0,0.0,458.77500038146974,550.8691731426484
1581,0.0,0.0,1.0,0.0,458.77500038146974,550.8691731426484
1582,0.0,0.0,1.0,0.0,458.77500038146974,550.8691731426484
1583,0.0,0.0,1.0,0.0,458.77500038146974,550.8691731426484
1584,0.0,0.0,1.0,0.0,458.77500038146974,550.8691731426484
1585,0.0,0.0,1.0,0.0,458.77500038146974,550.8691731426484
1586,0.0,0.0,1.0,0.0,458.77500038146974,550.8691731426484
1587,0.0,0.0,1.0,0.0,458.77500038146974,550.8691731426484
1588,0.0,0.0,1.0,0.0,458.77500038146974,550.8691731426484
1589,0.0,0.0,1.0,0.0,458.77500038146974,550.8691731426484
1590,0.0,0.0,1.0,0.0,458.77500038146974,550.8691731426484
1591,0.0,0.0,1.0,0.0,458.77500038146974,550.8691731426484
1592,0.0,0.0,1.0,0.0,458.77500038146974,550.8691731426484
1593,0.0,0.0,1.0,0.0,458.77500038146974,550.8691731426484
1594,0.0,0.0,1.0,0.0,458.77500038146974,550.8691731426484
1595,0.0,0.0,1.0,0.0,458.77500038146974,550.8691731426484
1596,0.0,0.0,1.0,0.0,458.77500038146974,550.8691731426484
1597,0.0,0.0,1.0,0.0,458.77500038146974,550.8691731426484
1598,0.0,0.0,1.0,0.0,458.77500038146974,550.8691731426484
1599,0.0,0.0,1.0,0.0,458.77500038146974,550.8691731426484
1600,0.0,0.0,1.0,0.0,458.77500038146974,550.8691731426484
1601,0.0,0.0,1.0,0.0,458.77500038146974,550.8691731426484
1602,0.0,0.0,1.0,0.0,458.77500038146974,550.8691731426484
1603,0.0,0.0,1.0,0.0,458.77500038146974,550.8691731426484
1604,0.0,0.0,1.0,0.0,458.77500038146974,550.8691731426484
1605,0.0,0.0,1.0,0.0,458.77500038146974,550.8691731426484
1606,0.0,0.0,1.0,0.0,458.77500038146974,550.8691731426484
1607,0.0,0.0,1.0,0.0,458.77500038146974,550.8691731426484
1608,0.0,0.0,1.0,0.0,458.77500038146974,550.8691731426484
1609,0.0,0.0,1.0,0.0,458.77500038146974,550.8691731426484
1610,0.0,0.0,1.0,0.0,458.77500038146974,550.8691731426484
1611,0.0,0.0,1.0,0.0,458.77500038146974,550.8691731426484
1612,0.0,0.0,1.0,0.0,458.77500038146974,550.8691731426484
1613,0.0,0.0,1.0,0.0,458.77500038146974,550.8691731426484
1614,0.0,0.0,1.0,0.0,458.77500038146974,550.8691731426484
1615,0.0,0.0,1.0,0.0,458.77500038146974,550.8691731426484
1616,0.0,0.0,1.0,0.0,458.77500038146974,550.8691731426484
1617,0.0,0.0,1.0,0.0,458.77500038146974,550.8691731426484
1618,0.0,0.0,1.0,0.0,458.77500038146974,550.8691731426484
1619,0.0,0.0,1.0,0.0,458.77500038146974,550.8691731426484
1620,0.0,0.0,1.0,0.0,458.77500038146974,550.8691731426484
1621,0.0,0.0,1.0,0.0,458.77500038146974,550.8691731426484
1622,0.0,0.0,1.0,0.0,458.77500038146974,550.8691731426484
1623,0.0,0.0,1.0,0.0,458.77500038146974,550.8691731426484
1624,0.0,0.0,1.0,0.0,458.77500038146974,550.8691731426484
1625,0.0,0.0,1.0,0.0,458.77500038146974,550.8691731426484
1626,0.0,0.0,1.0,0.0,458.77500038146974,550.8691731426484
1627,0.0,0.0,1.0,0.0,458.77500038146974,550.8691731426484
1628,0.0,0.0,1.0,0.0,458.77500038146974,550.8691731426484
1629,0.0,0.0,1.0,0.0,458.77500038146974,550.8691731426484
1630,0.0,0.0,1.0,0.0,458.77500038146974,550.8691731426484
1631,0.0,0.0,1.0,0.0,458.77500038146974,550.8691731426484
1632,0.0,0.0,1.0,0.0,458.77500038146974,550.8691731426484
1633,0.0,0.0,1.0,0.0,458.77500038146974,550.8691731426484
1634,0.0,0.0,1.0,0.0,458.77500038146974,550.8691731426484
1635,0.0,0.0,1.0,0.0,458.77500038146974,550.8691731426484
1636,0.0,0.0,1.0,0.0,458.77500038146974,550.8691731426484
1637,0.0,0.0,1.0,0.0,458.77500038146974,550.8691731426484
1638,0.0,0.0,1.0,0.0,458.77500038146974,550.8691731426484
1639,0.0,0.0,1.0,0.0,458.77500038146974,550.8691731426484
1640,0.0,0.0,1.0,0.0,458.77500038146974,550.8691731426484
1641,0.0,0.0,1.0,0.0,458.77500038146974,550.8691731426484
1642,0.0,0.0,1.0,0.0,458.77500038146974,550.8691731426484
1643,0.0,0.0,1.0,0.0,458.77500038146974,550.8691731426484
1644,0.0,0.0,1.0,0.0,458.77500038146974,550.8691731426484
1645,0.0,0.0,1.0,0.0,458.77500038146974,550.8691731426484
1646,0.0,0.0,1.0,0.0,458.77500038146974,550.8691731426484
1647,0.0,0.0,1.0,0.0,458.77500038146974,550.8691731426484
1648,0.0,0.0,1.0,0.0,458.77500038146974,550.8691731426484
1649,0.0,0.0,1.0,0.0,458.77500038146974,550.8691731426484
1650,0.0,0.0,1.0,0.0,458.77500038146974,550.8691731426484
1651,0.0,0.0,1.0,0.0,458.77500038146974,550.8691731426484
1652,0.0,0.0,1.0,0.0,458.77500038146974,550.8691731426484
1653,0.0,0.0,1.0,0.0,458.77500038146974,550.8691731426484
1654,0.0,0.0,1.0,0.0,458.77500038146974,550.8691731426484
1655,0.0,0.0,1.0,0.0,458.77500038146974,550.8691731426484
1656,0.0,0.0,1.0,0.0,458.77500038146974,550.8691731426484
1657,0.0,0.0,1.0,0.0,458.77500038146974,550.8691731426484
1658,0.0,0.0,1.0,0.0,458.77500038146974,550.8691731426484
1659,0.0,0.0,1.0,0.0,458.77500038146974,550.8691731426484
1660,0.0,0.0,1.0,0.0,458.77500038146974,550.8691731426484
1661,0.0,0.0,1.0,0.0,458.77500038146974,550.8691731426484
1662,0.0,0.0,1.0,0.0,458.77500038146974,550.8691731426484
1663,0.0,0.0,1.0,0.0,458.77500038146974,550.8691731426484
1664,0.0,0.0,1.0,0.0,458.77500038146974,550.8691731426484
1665,0.0,0.0,1.0,0.0,458.77500038146974,550.8691731426484
1666,0.0,0.0,1.0,0.0,458.77500038146974,550.8691731426484
1667,0.0,0.0,1.0,0.0,458.77500038146974,550.8691731426484
1668,0.0,0.0,1.0,0.0,458.77500038146974,550.8691731426484
1669,0.0,0.0,1.0,0.0,458.77500038146974,550.8691731426484
1670,0.0,0.0,1.0,0.0,458.77500038146974,550.8691731426484
1671,0.0,0.0,1.0,0.0,458.77500038146974,550.8691731426484
1672,0.0,0.0,1.0,0.0,458.77500038146974,550.8691731426484
1673,0.0,0.0,1.0,0.0,458.77500038146974,550.8691731426484
1674,0.0,0.0,1.0,0.0,458.77500038146974,550.8691731426484
1675,0.0,0.0,1.0,0.0,458.77500038146974,550.8691731426484
1676,0.0,0.0,1.0,0.0,458.77500038146974,550.8691731426484
1677,0.0,0.0,1.0,0.0,458.77500038146974,550.8691731426484
1678,0.0,0.0,1.0,0.0,458.77500038146974,550.8691731426484
1679,0.0,0.0,1.0,0.0,458.77500038146974,550.8691731426484
1680,0.0,0.0,1.0,0.0,458.77500038146974,550.8691731426484
1681,0.0,0.0,1.0,0.0,458.77500038146974,550.8691731426484
1682,0.0,0.0,1.0,0.0,458.77500038146974,550.8691731426484
1683,0.0,0.0,1.0,0.0,458.77500038146974,550.8691731426484
1684,0.0,0.0,1.0,0.0,458.77500038146974,550.8691731426484
1685,0.0,0.0,1.0,0.0,458.77500038146974,550.8691731426484
1686,0.0,0.0,1.0,0.0,458.77500038146974,550.8691731426484
1687,0.0,0.0,1.0,0.0,458.77500038146974,550.8691731426484
1688,0.0,0.0,1.0,0.0,458.77500038146974,550.8691731426484
1689,0.0,0.0,1.0,0.0,458.77500038146974,550.8691731426484
1690,0.0,0.0,1.0,0.0,458.77500038146974,550.8691731426484
1691,0.0,0.0,1.0,0.0,458.77500038146974,550.8691731426484
1692,0.0,0.0,1.0,0.0,458.77500038146974,550.8691731426484
1693,0.0,0.0,1.0,0.0,458.77500038146974,550.8691731426484
1694,0.0,0.0,1.0,0.0,458.77500038146974,550.8691731426484
1695,0.0,0.0,1.0,0.0,458.77500038146974,550.8691731426484
1696,0.0,0.0,1.0,0.0,458.77500038146974,550.8691731426484
1697,0.0,0.0,1.0,0.0,458.77500038146974,550.8691731426484
1698,0.0,0.0,1.0,0.0,458.77500038146974,550.8691731426484
1699,0.0,0.0,1.0,0.0,458.77500038146974,550.8691731426484
1700,0.0,0.0,1.0,0.0,458.77500038146974,550.8691731426484
1701,0.0,0.0,1.0,0.0,458.77500038146974,550.8691731426484
1702,0.0,0.0,1.0,0.0,458.77500038146974,550.8691731426484
1703,0.0,0.0,1.0,0.0,458.77500038146974,550.8691731426484
1704,0.0,0.0,1.0,0.0,458.77500038146974,550.8691731426484
1705,0.0,0.0,1.0,0.0,458.77500038146974,550.8691731426484
1706,0.0,0.0,1.0,0.0,458.77500038146974,550.8691731426484
1707,0.0,0.0,1.0,0.0,458.77500038146974,550.8691731426484
1708,0.0,0.0,1.0,0.0,458.77500038146974,550.8691731426484
1709,0.0,0.0,1.0,0.0,458.77500038146974,550.8691731426484
1710,0.0,0.0,1.0,0.0,458.77500038146974,550.8691731426484
1711,0.0,0.0,1.0,0.0,458.77500038146974,550.8691731426484
1712,0.0,0.0,1.0,0.0,458.77500038146974,550.8691731426484
1713,0.0,0.0,1.0,0.0,458.77500038146974,550.8691731426484
1714,0.0,0.0,1.0,0.0,458.77500038146974,550.8691731426484
1715,0.0,0.0,1.0,0.0,458.77500038146974,550.8691731426484
1716,0.0,0.0,1.0,0.0,458.77500038146974,550.8691731426484
1717,0.0,0.0,1.0,0.0,458.77500038146974,550.8691731426484
1718,0.0,0.0,1.0,0.0,458.77500038146974,550.8691731426484
1719,0.0,0.0,1.0,0.0,458.77500038146974,550.8691731426484
1720,0.0,0.0,1.0,0.0,458.77500038146974,550.8691731426484
1721,0.0,0.0,1.0,0.0,458.77500038146974,550.8691731426484
1722,0.0,0.0,1.0,0.0,458.77500038146974,550.8691731426484
1723,0.0,0.0,1.0,0.0,458.77500038146974,550.8691731426484
1724,0.0,0.0,1.0,0.0,458.77500038146974,550.8691731426484
1725,0.0,0.0,1.0,0.0,458.77500038146974,550.8691731426484
1726,0.0,0.0,1.0,0.0,458.77500038146974,550.8691731426484
1727,0.0,0.0,1.0,0.0,458.77500038146974,550.8691731426484
1728,0.0,0.0,1.0,0.0,458.77500038146974,550.8691731426484
1729,0.0,0.0,1.0,0.0,458.77500038146974,550.8691731426484
1730,0.0,0.0,1.0,0.0,458.77500038146974,550.8691731426484
1731,0.0,0.0,1.0,0.0,458.77500038146974,550.8691731426484
1732,0.0,0.0,1.0,0.0,458.77500038146974,550.8691731426484
1733,0.0,0.0,1.0,0.0,458.77500038146974,550.8691731426484
1734,0.0,0.0,1.0,0.0,458.77500038146974,550.8691731426484
1735,0.0,0.0,1.0,0.0,458.77500038146974,550.8691731426484
1736,0.0,0.0,1.0,0.0,458.77500038146974,550.8691731426484
1737,0.0,0.0,1.0,0.0,458.77500038146974,550.8691731426484
1738,0.0,0.0,1.0,0.0,458.77500038146974,550.8691731426484
1739,0.0,0.0,1.0,0.0,458.77500038146974,550.8691731426484
1740,0.0,0.0,1.0,0.0,458.77500038146974,550.8691731426484
1741,0.0,0.0,1.0,0.0,458.77500038146974,550.8691731426484
1742,0.0,0.0,1.0,0.0,458.77500038146974,550.8691731426484
1743,0.0,0.0,1.0,0.0,458.77500038146974,550.8691731426484
1744,0.0,0.0,1.0,0.0,458.77500038146974,550.8691731426484
1745,0.0,0.0,1.0,0.0,458.77500038146974,550.8691731426484
1746,0.0,0.0,1.0,0.0,458.77500038146974,550.8691731426484
1747,0.0,0.0,1.0,0.0,458.77500038146974,550.8691731426484
1748,0.0,0.0,1.0,0.0,458.77500038146974,550.8691731426484
1749,0.0,0.0,1.0,0.0,458.77500038146974,550.8691731426484
1750,0.0,0.0,1.0,0.0,458.77500038146974,550.8691731426484
1751,0.0,0.0,1.0,0.0,458.77500038146974,550.8691731426484
1752,0.0,0.0,1.0,0.0,458.77500038146974,550.8691731426484
1753,0.0,0.0,1.0,0.0,458.77500038146974,550.8691731426484
1754,0.0,0.0,1.0,0.0,458.77500038146974,550.8691731426484
1755,0.0,0.0,1.0,0.0,458.77500038146974,550.8691731426484
1756,0.0,0.0,1.0,0.0,458.77500038146974,550.8691731426484
1757,0.0,0.0,1.0,0.0,458.77500038146974,550.8691731426484
1758,0.0,0.0,1.0,0.0,458.77500038146974,550.8691731426484
1759,0.0,0.0,1.0,0.0,458.77500038146974,550.8691731426484
1760,0.0,0.0,1.0,0.0,458.77500038146974,550.8691731426484
1761,0.0,0.0,1.0,0.0,458.77500038146974,550.8691731426484
1762,0.0,0.0,1.0,0.0,458.77500038146974,550.8691731426484
1763,0.0,0.0,1.0,0.0,458.77500038146974,550.8691731426484
1764,0.0,0.0,1.0,0.0,458.77500038146974,550.8691731426484
1765,0.0,0.0,1.0,0.0,458.77500038146974,550.8691731426484
1766,0.0,0.0,1.0,0.0,458.77500038146974,550.8691731426484
1767,0.0,0.0,1.0,0.0,458.77500038146974,550.8691731426484
1768,0.0,0.0,1.0,0.0,458.77500038146974,550.8691731426484
1769,0.0,0.0,1.0,0.0,458.77500038146974,550.8691731426484
1770,0.0,0.0,1.0,0.0,458.77500038146974,550.8691731426484
1771,0.0,0.0,1.0,0.0,458.77500038146974,550.8691731426484
1772,0.0,0.0,1.0,0.0,458.77500038146974,550.8691731426484
1773,0.0,0.0,1.0,0.0,458.77500038146974,550.8691731426484
1774,0.0,0.0,1.0,0.0,458.77500038146974,550.8691731426484
1775,0.0,0.0,1.0,0.0,458.77500038146974,550.8691731426484
1776,0.0,0.0,1.0,0.0,458.77500038146974,550.8691731426484
1777,0.0,0.0,1.0,0.0,458.77500038146974,550.8691731426484
1778,0.0,0.0,1.0,0.0,458.77500038146974,550.8691731426484
1779,0.0,0.0,1.0,0.0,458.77500038146974,550.8691731426484
1780,0.0,0.0,1.0,0.0,458.77500038146974,550.8691731426484
1781,0.0,0.0,1.0,0.0,458.77500038146974,550.8691731426484
1782,0.0,0.0,1.0,0.0,458.77500038146974,550.8691731426484
1783,0.0,0.0,1.0,0.0,458.77500038146974,550.8691731426484
1784,0.0,0.0,1.0,0.0,458.77500038146974,550.8691731426484
1785,0.0,0.0,1.0,0.0,458.77500038146974,550.8691731426484
1786,0.0,0.0,1.0,0.0,458.77500038146974,550.8691731426484
1787,0.0,0.0,1.0,0.0,458.77500038146974,550.8691731426484
1788,0.0,0.0,1.0,0.0,458.77500038146974,550.8691731426484
1789,0.0,0.0,1.0,0.0,458.77500038146974,550.8691731426484
1790,0.0,0.0,1.0,0.0,458.77500038146974,550.8691731426484
1791,0.0,0.0,1.0,0.0,458.77500038146974,550.8691731426484
1792,0.0,0.0,1.0,0.0,458.77500038146974,550.8691731426484
1793,0.0,0.0,1.0,0.0,458.77500038146974,550.8691731426484
1794,0.0,0.0,1.0,0.0,458.77500038146974,550.8691731426484
1795,0.0,0.0,1.0,0.0,458.77500038146974,550.8691731426484
1796,0.0,0.0,1.0,0.0,458.77500038146974,550.8691731426484
1797,0.0,0.0,1.0,0.0,458.77500038146974,550.8691731426484
1798,0.0,0.0,1.0,0.0,458.77500038146974,550.8691731426484
1799,0.0,0.0,1.0,0.0,458.77500038146974,550.8691731426484
1800,0.0,0.0,1.0,0.0,458.77500038146974,550.8691731426484
1801,0.0,0.0,1.0,0.0,458.77500038146974,550.8691731426484
1802,0.0,0.0,1.0,0.0,458.77500038146974,550.8691731426484
1803,0.0,0.0,1.0,0.0,458.77500038146974,550.8691731426484
1804,0.0,0.0,1.0,0.0,458.77500038146974,550.8691731426484
1805,0.0,0.0,1.0,0.0,458.77500038146974,550.8691731426484
1806,0.0,0.0,1.0,0.0,458.77500038146974,550.8691731426484
1807,0.0,0.0,1.0,0.0,458.77500038146974,550.8691731426484
1808,0.0,0.0,1.0,0.0,458.77500038146974,550.8691731426484
1809,0.0,0.0,1.0,0.0,458.77500038146974,550.8691731426484
1810,0.0,0.0,1.0,0.0,458.77500038146974,550.8691731426484
1811,0.0,0.0,1.0,0.0,458.77500038146974,550.8691731426484
1812,0.0,0.0,1.0,0.0,458.77500038146974,550.8691731426484
1813,0.0,0.0,1.0,0.0,458.77500038146974,550.8691731426484
1814,0.0,0.0,1.0,0.0,458.77500038146974,550.8691731426484
1815,0.0,0.0,1.0,0.0,458.77500038146974,550.8691731426484
1816,0.0,0.0,1.0,0.0,458.77500038146974,550.8691731426484
1817,0.0,0.0,1.0,0.0,458.77500038146974,550.8691731426484
1818,0.0,0.0,1.0,0.0,458.77500038146974,550.8691731426484
1819,0.0,0.0,1.0,0.0,458.77500038146974,550.8691731426484
1820,0.0,0.0,1.0,0.0,458.77500038146974,550.8691731426484
1821,0.0,0.0,1.0,0.0,458.77500038146974,550.8691731426484
1822,0.0,0.0,1.0,0.0,458.77500038146974,550.8691731426484
1823,0.0,0.0,1.0,0.0,458.77500038146974,550.8691731426484
1824,0.0,0.0,1.0,0.0,458.77500038146974,550.8691731426484
1825,0.0,0.0,1.0,0.0,458.77500038146974,550.8691731426484
1826,0.0,0.0,1.0,0.0,458.77500038146974,550.8691731426484
1827,0.0,0.0,1.0,0.0,458.77500038146974,550.8691731426484
1828,0.0,0.0,1.0,0.0,458.77500038146974,550.8691731426484
1829,0.0,0.0,1.0,0.0,458.77500038146974,550.8691731426484
1830,0.0,0.0,1.0,0.0,458.77500038146974,550.8691731426484
1831,0.0,0.0,1.0,0.0,458.77500038146974,550.8691731426484
1832,0.0,0.0,1.0,0.0,458.77500038146974,550.8691731426484
1833,0.0,0.0,1.0,0.0,458.77500038146974,550.8691731426484
1834,0.0,0.0,1.0,0.0,458.77500038146974,550.8691731426484
1835,0.0,0.0,1.0,0.0,458.77500038146974,550.8691731426484
1836,0.0,0.0,1.0,0.0,458.77500038146974,550.8691731426484
1837,0.0,0.0,1.0,0.0,458.77500038146974,550.8691731426484
1838,0.0,0.0,1.0,0.0,458.77500038146974,550.8691731426484
1839,0.0,0.0,1.0,0.0,458.77500038146974,550.8691731426484
1840,0.0,0.0,1.0,0.0,458.77500038146974,550.8691731426484
1841,0.0,0.0,1.0,0.0,458.77500038146974,550.8691731426484
1842,0.0,0.0,1.0,0.0,458.77500038146974,550.8691731426484
1843,0.0,0.0,1.0,0.0,458.77500038146974,550.8691731426484
1844,0.0,0.0,1.0,0.0,458.77500038146974,550.8691731426484
1845,0.0,0.0,1.0,0.0,458.77500038146974,550.8691731426484
1846,0.0,0.0,1.0,0.0,458.77500038146974,550.8691731426484
1847,0.0,0.0,1.0,0.0,458.77500038146974,550.8691731426484
1848,0.0,0.0,1.0,0.0,458.77500038146974,550.8691731426484
1849,0.0,0.0,1.0,0.0,458.77500038146974,550.8691731426484
1850,0.0,0.0,1.0,0.0,458.77500038146974,550.8691731426484
1851,0.0,0.0,1.0,0.0,458.77500038146974,550.8691731426484
1852,0.0,0.0,1.0,0.0,458.77500038146974,550.8691731426484
1853,0.0,0.0,1.0,0.0,458.77500038146974,550.8691731426484
1854,0.0,0.0,1.0,0.0,458.77500038146974,550.8691731426484
1855,0.0,0.0,1.0,0.0,458.77500038146974,550.8691731426484
1856,0.0,0.0,1.0,0.0,458.77500038146974,550.8691731426484
1857,0.0,0.0,1.0,0.0,458.77500038146974,550.8691731426484
1858,0.0,0.0,1.0,0.0,458.77500038146974,550.8691731426484
1859,0.0,0.0,1.0,0.0,458.77500038146974,550.8691731426484
1860,0.0,0.0,1.0,0.0,458.77500038146974,550.8691731426484
1861,0.0,0.0,1.0,0.0,458.77500038146974,550.8691731426484
1862,0.0,0.0,1.0,0.0,458.77500038146974,550.8691731426484
1863,0.0,0.0,1.0,0.0,458.77500038146974,550.8691731426484
1864,0.0,0.0,1.0,0.0,458.77500038146974,550.8691731426484
1865,0.0,0.0,1.0,0.0,458.77500038146974,550.8691731426484
1866,0.0,0.0,1.0,0.0,458.77500038146974,550.8691731426484
1867,0.0,0.0,1.0,0.0,458.77500038146974,550.8691731426484
1868,0.0,0.0,1.0,0.0,458.77500038146974,550.8691731426484
1869,0.0,0.0,1.0,0.0,458.77500038146974,550.8691731426484
1870,0.0,0.0,1.0,0.0,458.77500038146974,550.8691731426484
1871,0.0,0.0,1.0,0.0,458.77500038146974,550.8691731426484
1872,0.0,0.0,1.0,0.0,458.77500038146974,550.8691731426484
1873,0.0,0.0,1.0,0.0,458.77500038146974,550.8691731426484
1874,0.0,0.0,1.0,0.0,458.77500038146974,550.8691731426484
1875,0.0,0.0,1.0,0.0,458.77500038146974,550.8691731426484
1876,0.0,0.0,1.0,0.0,458.77500038146974,550.8691731426484
1877,0.0,0.0,1.0,0.0,458.77500038146974,550.8691731426484
1878,0.0,0.0,1.0,0.0,458.77500038146974,550.8691731426484
1879,0.0,0.0,1.0,0.0,458.77500038146974,550.8691731426484
1880,0.0,0.0,1.0,0.0,458.77500038146974,550.8691731426484
1881,0.0,0.0,1.0,0.0,458.77500038146974,550.8691731426484
1882,0.0,0.0,1.0,0.0,458.77500038146974,550.8691731426484
1883,0.0,0.0,1.0,0.0,458.77500038146974,550.8691731426484
1884,0.0,0.0,1.0,0.0,458.77500038146974,550.8691731426484
1885,0.0,0.0,1.0,0.0,458.77500038146974,550.8691731426484
1886,0.0,0.0,1.0,0.0,458.77500038146974,550.8691731426484
1887,0.0,0.0,1.0,0.0,458.77500038146974,550.8691731426484
1888,0.0,0.0,1.0,0.0,458.77500038146974,550.8691731426484
1889,0.0,0.0,1.0,0.0,458.77500038146974,550.8691731426484
1890,0.0,0.0,1.0,0.0,458.77500038146974,550.8691731426484
1891,0.0,0.0,1.0,0.0,458.77500038146974,550.8691731426484
1892,0.0,0.0,1.0,0.0,458.77500038146974,550.8691731426484
1893,0.0,0.0,1.0,0.0,458.77500038146974,550.8691731426484
1894,0.0,0.0,1.0,0.0,458.77500038146974,550.8691731426484
1895,0.0,0.0,1.0,0.0,458.77500038146974,550.8691731426484
1896,0.0,0.0,1.0,0.0,458.77500038146974,550.8691731426484
1897,0.0,0.0,1.0,0.0,458.77500038146974,550.8691731426484
1898,0.0,0.0,1.0,0.0,458.77500038146974,550.8691731426484
1899,0.0,0.0,1.0,0.0,458.77500038146974,550.8691731426484
1900,0.0,0.0,1.0,0.0,458.77500038146974,550.8691731426484
1901,0.0,0.0,1.0,0.0,458.77500038146974,550.8691731426484
1902,0.0,0.0,1.0,0.0,458.77500038146974,550.8691731426484
1903,0.0,0.0,1.0,0.0,458.77500038146974,550.8691731426484
1904,0.0,0.0,1.0,0.0,458.77500038146974,550.8691731426484
1905,0.0,0.0,1.0,0.0,458.77500038146974,550.8691731426484
1906,0.0,0.0,1.0,0.0,458.77500038146974,550.8691731426484
1907,0.0,0.0,1.0,0.0,458.77500038146974,550.8691731426484
1908,0.0,0.0,1.0,0.0,458.77500038146974,550.8691731426484
1909,0.0,0.0,1.0,0.0,458.77500038146974,550.8691731426484
1910,0.0,0.0,1.0,0.0,458.77500038146974,550.8691731426484
1911,0.0,0.0,1.0,0.0,458.77500038146974,550.8691731426484
1912,0.0,0.0,1.0,0.0,458.77500038146974,550.8691731426484
1913,0.0,0.0,1.0,0.0,458.77500038146974,550.8691731426484
1914,0.0,0.0,1.0,0.0,458.77500038146974,550.8691731426484
1915,0.0,0.0,1.0,0.0,458.77500038146974,550.8691731426484
1916,0.0,0.0,1.0,0.0,458.77500038146974,550.8691731426484
1917,0.0,0.0,1.0,0.0,458.77500038146974,550.8691731426484
1918,0.0,0.0,1.0,0.0,458.77500038146974,550.8691731426484
1919,0.0,0.0,1.0,0.0,458.77500038146974,550.8691731426484
1920,0.0,0.0,1.0,0.0,458.77500038146974,550.8691731426484
1921,0.0,0.0,1.0,0.0,458.77500038146974,550.8691731426484
1922,0.0,0.0,1.0,0.0,458.77500038146974,550.8691731426484
1923,0.0,0.0,1.0,0.0,458.77500038146974,550.8691731426484
1924,0.0,0.0,1.0,0.0,458.77500038146974,550.8691731426484
1925,0.0,0.0,1.0,0.0,458.77500038146974,550.8691731426484
1926,0.0,0.0,1.0,0.0,458.77500038146974,550.8691731426484
1927,0.0,0.0,1.0,0.0,458.77500038146974,550.8691731426484
1928,0.0,0.0,1.0,0.0,458.77500038146974,550.8691731426484
1929,0.0,0.0,1.0,0.0,458.77500038146974,550.8691731426484
1930,0.0,0.0,1.0,0.0,458.77500038146974,550.8691731426484
1931,0.0,0.0,1.0,0.0,458.77500038146974,550.8691731426484
1932,0.0,0.0,1.0,0.0,458.77500038146974,550.8691731426484
1933,0.0,0.0,1.0,0.0,458.77500038146974,550.8691731426484
1934,0.0,0.0,1.0,0.0,458.77500038146974,550.8691731426484
1935,0.0,0.0,1.0,0.0,458.77500038146974,550.8691731426484
1936,0.0,0.0,1.0,0.0,458.77500038146974,550.8691731426484
1937,0.0,0.0,1.0,0.0,458.77500038146974,550.8691731426484
1938,0.0,0.0,1.0,0.0,458.77500038146974,550.8691731426484
1939,0.0,0.0,1.0,0.0,458.77500038146974,550.8691731426484
1940,0.0,0.0,1.0,0.0,458.77500038146974,550.8691731426484
1941,0.0,0.0,1.0,0.0,458.77500038146974,550.8691731426484
1942,0.0,0.0,1.0,0.0,458.77500038146974,550.8691731426484
1943,0.0,0.0,1.0,0.0,458.77500038146974,550.8691731426484
1944,0.0,0.0,1.0,0.0,458.77500038146974,550.8691731426484
1945,0.0,0.0,1.0,0.0,458.77500038146974,550.8691731426484
1946,0.0,0.0,1.0,0.0,458.77500038146974,550.8691731426484
1947,0.0,0.0,1.0,0.0,458.77500038146974,550.8691731426484
1948,0.0,0.0,1.0,0.0,458.77500038146974,550.8691731426484
1949,0.0,0.0,1.0,0.0,458.77500038146974,550.8691731426484
1950,0.0,0.0,1.0,0.0,458.77500038146974,550.8691731426484
1951,0.0,0.0,1.0,0.0,458.77500038146974,550.8691731426484
1952,0.0,0.0,1.0,0.0,458.77500038146974,550.8691731426484
1953,0.0,0.0,1.0,0.0,458.77500038146974,550.8691731426484
1954,0.0,0.0,1.0,0.0,458.77500038146974,550.8691731426484
1955,0.0,0.0,1.0,0.0,458.77500038146974,550.8691731426484
1956,0.0,0.0,1.0,0.0,458.77500038146974,550.8691731426484
1957,0.0,0.0,1.0,0.0,458.77500038146974,550.8691731426484
1958,0.0,0.0,1.0,0.0,458.77500038146974,550.8691731426484
1959,0.0,0.0,1.0,0.0,458.77500038146974,550.8691731426484
1960,0.0,0.0,1.0,0.0,458.77500038146974,550.8691731426484
1961,0.0,0.0,1.0,0.0,458.77500038146974,550.8691731426484
1962,0.0,0.0,1.0,0.0,458.77500038146974,550.8691731426484
1963,0.0,0.0,1.0,0.0,458.77500038146974,550.8691731426484
1964,0.0,0.0,1.0,0.0,458.77500038146974,550.8691731426484
1965,0.0,0.0,1.0,0.0,458.77500038146974,550.8691731426484
1966,0.0,0.0,1.0,0.0,458.77500038146974,550.8691731426484
1967,0.0,0.0,1.0,0.0,458.77500038146974,550.8691731426484
1968,0.0,0.0,1.0,0.0,458.77500038146974,550.8691731426484
1969,0.0,0.0,1.0,0.0,458.77500038146974,550.8691731426484
1970,0.0,0.0,1.0,0.0,458.77500038146974,550.8691731426484
1971,0.0,0.0,1.0,0.0,458.77500038146974,550.8691731426484
1972,0.0,0.0,1.0,0.0,458.77500038146974,550.8691731426484
1973,0.0,0.0,1.0,0.0,458.77500038146974,550.8691731426484
1974,0.0,0.0,1.0,0.0,458.77500038146974,550.8691731426484
1975,0.0,0.0,1.0,0.0,458.77500038146974,550.8691731426484
1976,0.0,0.0,1.0,0.0,458.77500038146974,550.8691731426484
1977,0.0,0.0,1.0,0.0,458.77500038146974,550.8691731426484
1978,0.0,0.0,1.0,0.0,458.77500038146974,550.8691731426484
1979,0.0,0.0,1.0,0.0,458.77500038146974,550.8691731426484
1980,0.0,0.0,1.0,0.0,458.77500038146974,550.8691731426484
1981,0.0,0.0,1.0,0.0,458.77500038146974,550.8691731426484
1982,0.0,0.0,1.0,0.0,458.77500038146974,550.8691731426484
1983,0.0,0.0,1.0,0.0,458.77500038146974,550.8691731426484
1984,0.0,0.0,1.0,0.0,458.77500038146974,550.8691731426484
1985,0.0,0.0,1.0,0.0,458.77500038146974,550.8691731426484
1986,0.0,0.0,1.0,0.0,458.77500038146974,550.8691731426484
1987,0.0,0.0,1.0,0.0,458.77500038146974,550.8691731426484
1988,0.0,0.0,1.0,0.0,458.77500038146974,550.8691731426484
1989,0.0,0.0,1.0,0.0,458.77500038146974,550.8691731426484
1990,0.0,0.0,1.0,0.0,458.77500038146974,550.8691731426484
1991,0.0,0.0,1.0,0.0,458.77500038146974,550.8691731426484
1992,0.0,0.0,1.0,0.0,458.77500038146974,550.8691731426484
1993,0.0,0.0,1.0,0.0,458.77500038146974,550.8691731426484
1994,0.0,0.0,1.0,0.0,458.77500038146974,550.8691731426484
1995,0.0,0.0,1.0,0.0,458.77500038146974,550.8691731426484
1996,0.0,0.0,1.0,0.0,458.77500038146974,550.8691731426484
1997,0.0,0.0,1.0,0.0,458.77500038146974,550.8691731426484
1998,0.0,0.0,1.0,0.0,458.77500038146974,550.8691731426484
1999,0.0,0.0,1.0,0.0,458.77500038146974,550.8691731426484
2000,0.0,0.0,1.0,0.0,458.77500038146974,550.8691731426484
2001,0.0,0.0,1.0,0.0,458.77500038146974,550.8691731426484
2002,0.0,0.0,1.0,0.0,458.77500038146974,550.8691731426484
2003,0.0,0.0,1.0,0.0,458.77500038146974,550.8691731426484
2004,0.0,0.0,1.0,0.0,458.77500038146974,550.8691731426484
2005,0.0,0.0,1.0,0.0,458.77500038146974,550.8691731426484
2006,0.0,0.0,1.0,0.0,458.77500038146974,550.8691731426484
2007,0.0,0.0,1.0,0.0,458.77500038146974,550.8691731426484
2008,0.0,0.0,1.0,0.0,458.77500038146974,550.8691731426484
2009,0.0,0.0,1.0,0.0,458.77500038146974,550.8691731426484
2010,0.0,0.0,1.0,0.0,458.77500038146974,550.8691731426484
2011,0.0,0.0,1.0,0.0,458.77500038146974,550.8691731426484
2012,0.0,0.0,1.0,0.0,458.77500038146974,550.8691731426484
2013,0.0,0.0,1.0,0.0,458.77500038146974,550.8691731426484
2014,0.0,0.0,1.0,0.0,458.77500038146974,550.8691731426484
2015,0.0,0.0,1.0,0.0,458.77500038146974,550.8691731426484
2016,0.0,0.0,1.0,0.0,458.77500038146974,550.8691731426484
2017,0.0,0.0,1.0,0.0,458.77500038146974,550.8691731426484
2018,0.0,0.0,1.0,0.0,458.77500038146974,550.8691731426484
2019,0.0,0.0,1.0,0.0,458.77500038146974,550.8691731426484
2020,0.0,0.0,1.0,0.0,458.77500038146974,550.8691731426484
2021,0.0,0.0,1.0,0.0,458.77500038146974,550.8691731426484
2022,0.0,0.0,1.0,0.0,458.77500038146974,550.8691731426484
2023,0.0,0.0,1.0,0.0,458.77500038146974,550.8691731426484
2024,0.0,0.0,1.0,0.0,458.77500038146974,550.8691731426484
2025,0.0,0.0,1.0,0.0,458.77500038146974,550.8691731426484
2026,0.0,0.0,1.0,0.0,458.77500038146974,550.8691731426484
2027,0.0,0.0,1.0,0.0,458.77500038146974,550.8691731426484
2028,0.0,0.0,1.0,0.0,458.77500038146974,550.8691731426484
2029,0.0,0.0,1.0,0.0,458.77500038146974,550.8691731426484
2030,0.0,0.0,1.0,0.0,458.77500038146974,550.8691731426484
2031,0.0,0.0,1.0,0.0,458.77500038146974,550.8691731426484
2032,0.0,0.0,1.0,0.0,458.77500038146974,550.8691731426484
2033,0.0,0.0,1.0,0.0,458.77500038146974,550.8691731426484
2034,0.0,0.0,1.0,0.0,458.77500038146974,550.8691731426484
2035,0.0,0.0,1.0,0.0,458.77500038146974,550.8691731426484
2036,0.0,0.0,1.0,0.0,458.77500038146974,550.8691731426484
2037,0.0,0.0,1.0,0.0,458.77500038146974,550.8691731426484
2038,0.0,0.0,1.0,0.0,458.77500038146974,550.8691731426484
2039,0.0,0.0,1.0,0.0,458.77500038146974,550.8691731426484
2040,0.0,0.0,1.0,0.0,458.77500038146974,550.8691731426484
2041,0.0,0.0,1.0,0.0,458.77500038146974,550.8691731426484
2042,0.0,0.0,1.0,0.0,458.77500038146974,550.8691731426484
2043,0.0,0.0,1.0,0.0,458.77500038146974,550.8691731426484
2044,0.0,0.0,1.0,0.0,458.77500038146974,550.8691731426484
2045,0.0,0.0,1.0,0.0,458.77500038146974,550.8691731426484
2046,0.0,0.0,1.0,0.0,458.77500038146974,550.8691731426484
2047,0.0,0.0,1.0,0.0,458.77500038146974,550.8691731426484
2048,0.0,0.0,1.0,0.0,458.77500038146974,550.8691731426484
2049,0.0,0.0,1.0,0.0,458.77500038146974,550.8691731426484
2050,0.0,0.0,1.0,0.0,458.77500038146974,550.8691731426484
2051,0.0,0.0,1.0,0.0,458.77500038146974,550.8691731426484
2052,0.0,0.0,1.0,0.0,458.77500038146974,550.8691731426484
2053,0.0,0.0,1.0,0.0,458.77500038146974,550.8691731426484
2054,0.0,0.0,1.0,0.0,458.77500038146974,550.8691731426484
2055,0.0,0.0,1.0,0.0,458.77500038146974,550.8691731426484
2056,0.0,0.0,1.0,0.0,458.77500038146974,550.8691731426484
2057,0.0,0.0,1.0,0.0,458.77500038146974,550.8691731426484
2058,0.0,0.0,1.0,0.0,458.77500038146974,550.8691731426484
2059,0.0,0.0,1.0,0.0,458.77500038146974,550.8691731426484
2060,0.0,0.0,1.0,0.0,458.77500038146974,550.8691731426484
2061,0.0,0.0,1.0,0.0,458.77500038146974,550.8691731426484
2062,0.0,0.0,1.0,0.0,458.77500038146974,550.8691731426484
2063,0.0,0.0,1.0,0.0,458.77500038146974,550.8691731426484
2064,0.0,0.0,1.0,0.0,458.77500038146974,550.8691731426484
2065,0.0,0.0,1.0,0.0,458.77500038146974,550.8691731426484
2066,0.0,0.0,1.0,0.0,458.77500038146974,550.8691731426484
2067,0.0,0.0,1.0,0.0,458.77500038146974,550.8691731426484
2068,0.0,0.0,1.0,0.0,458.77500038146974,550.8691731426484
2069,0.0,0.0,1.0,0.0,458.77500038146974,550.8691731426484
2070,0.0,0.0,1.0,0.0,458.77500038146974,550.8691731426484
2071,0.0,0.0,1.0,0.0,458.77500038146974,550.8691731426484
2072,0.0,0.0,1.0,0.0,458.77500038146974,550.8691731426484
2073,0.0,0.0,1.0,0.0,458.77500038146974,550.8691731426484
2074,0.0,0.0,1.0,0.0,458.77500038146974,550.8691731426484
2075,0.0,0.0,1.0,0.0,458.77500038146974,550.8691731426484
2076,0.0,0.0,1.0,0.0,458.77500038146974,550.8691731426484
2077,0.0,0.0,1.0,0.0,458.77500038146974,550.8691731426484
2078,0.0,0.0,1.0,0.0,458.77500038146974,550.8691731426484
2079,0.0,0.0,1.0,0.0,458.77500038146974,550.8691731426484
2080,0.0,0.0,1.0,0.0,458.77500038146974,550.8691731426484
2081,0.0,0.0,1.0,0.0,458.77500038146974,550.8691731426484
2082,0.0,0.0,1.0,0.0,458.77500038146974,550.8691731426484
2083,0.0,0.0,1.0,0.0,458.77500038146974,550.8691731426484
2084,0.0,0.0,1.0,0.0,458.77500038146974,550.8691731426484
2085,0.0,0.0,1.0,0.0,458.77500038146974,550.8691731426484
2086,0.0,0.0,1.0,0.0,458.77500038146974,550.8691731426484
2087,0.0,0.0,1.0,0.0,458.77500038146974,550.8691731426484
2088,0.0,0.0,1.0,0.0,458.77500038146974,550.8691731426484
2089,0.0,0.0,1.0,0.0,458.77500038146974,550.8691731426484
2090,0.0,0.0,1.0,0.0,458.77500038146974,550.8691731426484
2091,0.0,0.0,1.0,0.0,458.77500038146974,550.8691731426484
2092,0.0,0.0,1.0,0.0,458.77500038146974,550.8691731426484
2093,0.0,0.0,1.0,0.0,458.77500038146974,550.8691731426484
2094,0.0,0.0,1.0,0.0,458.77500038146974,550.8691731426484
2095,0.0,0.0,1.0,0.0,458.77500038146974,550.8691731426484
2096,0.0,0.0,1.0,0.0,458.77500038146974,550.8691731426484
2097,0.0,0.0,1.0,0.0,458.77500038146974,550.8691731426484
2098,0.0,0.0,1.0,0.0,458.77500038146974,550.8691731426484
2099,0.0,0.0,1.0,0.0,458.77500038146974,550.8691731426484
2100,0.0,0.0,1.0,0.0,458.77500038146974,550.8691731426484
2101,0.0,0.0,1.0,0.0,458.77500038146974,550.8691731426484
2102,0.0,0.0,1.0,0.0,458.77500038146974,550.8691731426484
2103,0.0,0.0,1.0,0.0,458.77500038146974,550.8691731426484
2104,0.0,0.0,1.0,0.0,458.77500038146974,550.8691731426484
2105,0.0,0.0,1.0,0.0,458.77500038146974,550.8691731426484
2106,0.0,0.0,1.0,0.0,458.77500038146974,550.8691731426484
2107,0.0,0.0,1.0,0.0,458.77500038146974,550.8691731426484
2108,0.0,0.0,1.0,0.0,458.77500038146974,550.8691731426484
2109,0.0,0.0,1.0,0.0,458.77500038146974,550.8691731426484
2110,0.0,0.0,1.0,0.0,458.77500038146974,550.8691731426484
2111,0.0,0.0,1.0,0.0,458.77500038146974,550.8691731426484
2112,0.0,0.0,1.0,0.0,458.77500038146974,550.8691731426484
2113,0.0,0.0,1.0,0.0,458.77500038146974,550.8691731426484
2114,0.0,0.0,1.0,0.0,458.77500038146974,550.8691731426484
2115,0.0,0.0,1.0,0.0,458.77500038146974,550.8691731426484
2116,0.0,0.0,1.0,0.0,458.77500038146974,550.8691731426484
2117,0.0,0.0,1.0,0.0,458.77500038146974,550.8691731426484
2118,0.0,0.0,1.0,0.0,458.77500038146974,550.8691731426484
2119,0.0,0.0,1.0,0.0,458.77500038146974,550.8691731426484
2120,0.0,0.0,1.0,0.0,458.77500038146974,550.8691731426484
2121,0.0,0.0,1.0,0.0,458.77500038146974,550.8691731426484
2122,0.0,0.0,1.0,0.0,458.77500038146974,550.8691731426484
2123,0.0,0.0,1.0,0.0,458.77500038146974,550.8691731426484
2124,0.0,0.0,1.0,0.0,458.77500038146974,550.8691731426484
2125,0.0,0.0,1.0,0.0,458.77500038146974,550.8691731426484
2126,0.0,0.0,1.0,0.0,458.77500038146974,550.8691731426484
2127,0.0,0.0,1.0,0.0,458.77500038146974,550.8691731426484
2128,0.0,0.0,1.0,0.0,458.77500038146974,550.8691731426484
2129,0.0,0.0,1.0,0.0,458.77500038146974,550.8691731426484
2130,0.0,0.0,1.0,0.0,458.77500038146974,550.8691731426484
2131,0.0,0.0,1.0,0.0,458.77500038146974,550.8691731426484
2132,0.0,0.0,1.0,0.0,458.77500038146974,550.8691731426484
2133,0.0,0.0,1.0,0.0,458.77500038146974,550.8691731426484
2134,0.0,0.0,1.0,0.0,458.77500038146974,550.8691731426484
2135,0.0,0.0,1.0,0.0,458.77500038146974,550.8691731426484
2136,0.0,0.0,1.0,0.0,458.77500038146974,550.8691731426484
2137,0.0,0.0,1.0,0.0,458.77500038146974,550.8691731426484
2138,0.0,0.0,1.0,0.0,458.77500038146974,550.8691731426484
2139,0.0,0.0,1.0,0.0,458.77500038146974,550.8691731426484
2140,0.0,0.0,1.0,0.0,458.77500038146974,550.8691731426484
2141,0.0,0.0,1.0,0.0,458.77500038146974,550.8691731426484
2142,0.0,0.0,1.0,0.0,458.77500038146974,550.8691731426484
2143,0.0,0.0,1.0,0.0,458.77500038146974,550.8691731426484
2144,0.0,0.0,1.0,0.0,458.77500038146974,550.8691731426484
2145,0.0,0.0,1.0,0.0,458.77500038146974,550.8691731426484
2146,0.0,0.0,1.0,0.0,458.77500038146974,550.8691731426484
2147,0.0,0.0,1.0,0.0,458.77500038146974,550.8691731426484
2148,0.0,0.0,1.0,0.0,458.77500038146974,550.8691731426484
2149,0.0,0.0,1.0,0.0,458.77500038146974,550.8691731426484
2150,0.0,0.0,1.0,0.0,458.77500038146974,550.8691731426484
2151,0.0,0.0,1.0,0.0,458.77500038146974,550.8691731426484
2152,0.0,0.0,1.0,0.0,458.77500038146974,550.8691731426484
2153,0.0,0.0,1.0,0.0,458.77500038146974,550.8691731426484
2154,0.0,0.0,1.0,0.0,458.77500038146974,550.8691731426484
2155,0.0,0.0,1.0,0.0,458.77500038146974,550.8691731426484
2156,0.0,0.0,1.0,0.0,458.77500038146974,550.8691731426484
2157,0.0,0.0,1.0,0.0,458.77500038146974,550.8691731426484
2158,0.0,0.0,1.0,0.0,458.77500038146974,550.8691731426484
2159,0.0,0.0,1.0,0.0,458.77500038146974,550.8691731426484
2160,0.0,0.0,1.0,0.0,458.77500038146974,550.8691731426484
2161,0.0,0.0,1.0,0.0,458.77500038146974,550.8691731426484
2162,0.0,0.0,1.0,0.0,458.77500038146974,550.8691731426484
2163,0.0,0.0,1.0,0.0,458.77500038146974,550.8691731426484
2164,0.0,0.0,1.0,0.0,458.77500038146974,550.8691731426484
2165,0.0,0.0,1.0,0.0,458.77500038146974,550.8691731426484
2166,0.0,0.0,1.0,0.0,458.77500038146974,550.8691731426484
2167,0.0,0.0,1.0,0.0,458.77500038146974,550.8691731426484
2168,0.0,0.0,1.0,0.0,458.77500038146974,550.8691731426484
2169,0.0,0.0,1.0,0.0,458.77500038146974,550.8691731426484
2170,0.0,0.0,1.0,0.0,458.77500038146974,550.8691731426484
2171,0.0,0.0,1.0,0.0,458.77500038146974,550.8691731426484
2172,0.0,0.0,1.0,0.0,458.77500038146974,550.8691731426484
2173,0.0,0.0,1.0,0.0,458.77500038146974,550.8691731426484
2174,0.0,0.0,1.0,0.0,458.77500038146974,550.8691731426484
2175,0.0,0.0,1.0,0.0,458.77500038146974,550.8691731426484
2176,0.0,0.0,1.0,0.0,458.77500038146974,550.8691731426484
2177,0.0,0.0,1.0,0.0,458.77500038146974,550.8691731426484
2178,0.0,0.0,1.0,0.0,458.77500038146974,550.8691731426484
2179,0.0,0.0,1.0,0.0,458.77500038146974,550.8691731426484
2180,0.0,0.0,1.0,0.0,458.77500038146974,550.8691731426484
2181,0.0,0.0,1.0,0.0,458.77500038146974,550.8691731426484
2182,0.0,0.0,1.0,0.0,458.77500038146974,550.8691731426484
2183,0.0,0.0,1.0,0.0,458.77500038146974,550.8691731426484
2184,0.0,0.0,1.0,0.0,458.77500038146974,550.8691731426484
2185,0.0,0.0,1.0,0.0,458.77500038146974,550.8691731426484
2186,0.0,0.0,1.0,0.0,458.77500038146974,550.8691731426484
2187,0.0,0.0,1.0,0.0,458.77500038146974,550.8691731426484
2188,0.0,0.0,1.0,0.0,458.77500038146974,550.8691731426484
2189,0.0,0.0,1.0,0.0,458.77500038146974,550.8691731426484
2190,0.0,0.0,1.0,0.0,458.77500038146974,550.8691731426484
2191,0.0,0.0,1.0,0.0,458.77500038146974,550.8691731426484
2192,0.0,0.0,1.0,0.0,458.77500038146974,550.8691731426484
2193,0.0,0.0,1.0,0.0,458.77500038146974,550.8691731426484
2194,0.0,0.0,1.0,0.0,458.77500038146974,550.8691731426484
2195,0.0,0.0,1.0,0.0,458.77500038146974,550.8691731426484
2196,0.0,0.0,1.0,0.0,458.77500038146974,550.8691731426484
2197,0.0,0.0,1.0,0.0,458.77500038146974,550.8691731426484
2198,0.0,0.0,1.0,0.0,458.77500038146974,550.8691731426484
2199,0.0,0.0,1.0,0.0,458.77500038146974,550.8691731426484
2200,0.0,0.0,1.0,0.0,458.77500038146974,550.8691731426484
2201,0.0,0.0,1.0,0.0,458.77500038146974,550.8691731426484
2202,0.0,0.0,1.0,0.0,458.77500038146974,550.8691731426484
2203,0.0,0.0,1.0,0.0,458.77500038146974,550.8691731426484
2204,0.0,0.0,1.0,0.0,458.77500038146974,550.8691731426484
2205,0.0,0.0,1.0,0.0,458.77500038146974,550.8691731426484
2206,0.0,0.0,1.0,0.0,458.77500038146974,550.8691731426484
2207,0.0,0.0,1.0,0.0,458.77500038146974,550.8691731426484
2208,0.0,0.0,1.0,0.0,458.77500038146974,550.8691731426484
2209,0.0,0.0,1.0,0.0,458.77500038146974,550.8691731426484
2210,0.0,0.0,1.0,0.0,458.77500038146974,550.8691731426484
2211,0.0,0.0,1.0,0.0,458.77500038146974,550.8691731426484
2212,0.0,0.0,1.0,0.0,458.77500038146974,550.8691731426484
2213,0.0,0.0,1.0,0.0,458.77500038146974,550.8691731426484
2214,0.0,0.0,1.0,0.0,458.77500038146974,550.8691731426484
2215,0.0,0.0,1.0,0.0,458.77500038146974,550.8691731426484
2216,0.0,0.0,1.0,0.0,458.77500038146974,550.8691731426484
2217,0.0,0.0,1.0,0.0,458.77500038146974,550.8691731426484
2218,0.0,0.0,1.0,0.0,458.77500038146974,550.8691731426484
2219,0.0,0.0,1.0,0.0,458.77500038146974,550.8691731426484
2220,0.0,0.0,1.0,0.0,458.77500038146974,550.8691731426484
2221,0.0,0.0,1.0,0.0,458.77500038146974,550.8691731426484
2222,0.0,0.0,1.0,0.0,458.77500038146974,550.8691731426484
2223,0.0,0.0,1.0,0.0,458.77500038146974,550.8691731426484
2224,0.0,0.0,1.0,0.0,458.77500038146974,550.8691731426484
2225,0.0,0.0,1.0,0.0,458.77500038146974,550.8691731426484
2226,0.0,0.0,1.0,0.0,458.77500038146974,550.8691731426484
2227,0.0,0.0,1.0,0.0,458.77500038146974,550.8691731426484
2228,0.0,0.0,1.0,0.0,458.77500038146974,550.8691731426484
2229,0.0,0.0,1.0,0.0,458.77500038146974,550.8691731426484
2230,0.0,0.0,1.0,0.0,458.77500038146974,550.8691731426484
2231,0.0,0.0,1.0,0.0,458.77500038146974,550.8691731426484
2232,0.0,0.0,1.0,0.0,458.77500038146974,550.8691731426484
2233,0.0,0.0,1.0,0.0,458.77500038146974,550.8691731426484
2234,0.0,0.0,1.0,0.0,458.77500038146974,550.8691731426484
2235,0.0,0.0,1.0,0.0,458.77500038146974,550.8691731426484
2236,0.0,0.0,1.0,0.0,458.77500038146974,550.8691731426484
2237,0.0,0.0,1.0,0.0,458.77500038146974,550.8691731426484
2238,0.0,0.0,1.0,0.0,458.77500038146974,550.8691731426484
2239,0.0,0.0,1.0,0.0,458.77500038146974,550.8691731426484
2240,0.0,0.0,1.0,0.0,458.77500038146974,550.8691731426484
2241,0.0,0.0,1.0,0.0,458.77500038146974,550.8691731426484
2242,0.0,0.0,1.0,0.0,458.77500038146974,550.8691731426484
2243,0.0,0.0,1.0,0.0,458.77500038146974,550.8691731426484
2244,0.0,0.0,1.0,0.0,458.77500038146974,550.8691731426484
2245,0.0,0.0,1.0,0.0,458.77500038146974,550.8691731426484
2246,0.0,0.0,1.0,0.0,458.77500038146974,550.8691731426484
2247,0.0,0.0,1.0,0.0,458.77500038146974,550.8691731426484
2248,0.0,0.0,1.0,0.0,458.77500038146974,550.8691731426484
2249,0.0,0.0,1.0,0.0,458.77500038146974,550.8691731426484
2250,0.0,0.0,1.0,0.0,458.77500038146974,550.8691731426484
2251,0.0,0.0,1.0,0.0,458.77500038146974,550.8691731426484
2252,0.0,0.0,1.0,0.0,458.77500038146974,550.8691731426484
2253,0.0,0.0,1.0,0.0,458.77500038146974,550.8691731426484
2254,0.0,0.0,1.0,0.0,458.77500038146974,550.8691731426484
2255,0.0,0.0,1.0,0.0,458.77500038146974,550.8691731426484
2256,0.0,0.0,1.0,0.0,458.77500038146974,550.8691731426484
2257,0.0,0.0,1.0,0.0,458.77500038146974,550.8691731426484
2258,0.0,0.0,1.0,0.0,458.77500038146974,550.8691731426484
2259,0.0,0.0,1.0,0.0,458.77500038146974,550.8691731426484
2260,0.0,0.0,1.0,0.0,458.77500038146974,550.8691731426484
2261,0.0,0.0,1.0,0.0,458.77500038146974,550.8691731426484
2262,0.0,0.0,1.0,0.0,458.77500038146974,550.8691731426484
2263,0.0,0.0,1.0,0.0,458.77500038146974,550.8691731426484
2264,0.0,0.0,1.0,0.0,458.77500038146974,550.8691731426484
2265,0.0,0.0,1.0,0.0,458.77500038146974,550.8691731426484
2266,0.0,0.0,1.0,0.0,458.77500038146974,550.8691731426484
2267,0.0,0.0,1.0,0.0,458.77500038146974,550.8691731426484
2268,0.0,0.0,1.0,0.0,458.77500038146974,550.8691731426484
2269,0.0,0.0,1.0,0.0,458.77500038146974,550.8691731426484
2270,0.0,0.0,1.0,0.0,458.77500038146974,550.8691731426484
2271,0.0,0.0,1.0,0.0,458.77500038146974,550.8691731426484
2272,0.0,0.0,1.0,0.0,458.77500038146974,550.8691731426484
2273,0.0,0.0,1.0,0.0,458.77500038146974,550.8691731426484
2274,0.0,0.0,1.0,0.0,458.77500038146974,550.8691731426484
2275,0.0,0.0,1.0,0.0,458.77500038146974,550.8691731426484
2276,0.0,0.0,1.0,0.0,458.77500038146974,550.8691731426484
2277,0.0,0.0,1.0,0.0,458.77500038146974,550.8691731426484
2278,0.0,0.0,1.0,0.0,458.77500038146974,550.8691731426484
2279,0.0,0.0,1.0,0.0,458.77500038146974,550.8691731426484
2280,0.0,0.0,1.0,0.0,458.77500038146974,550.8691731426484
2281,0.0,0.0,1.0,0.0,458.77500038146974,550.8691731426484
2282,0.0,0.0,1.0,0.0,458.77500038146974,550.8691731426484
2283,0.0,0.0,1.0,0.0,458.77500038146974,550.8691731426484
2284,0.0,0.0,1.0,0.0,458.77500038146974,550.8691731426484
2285,0.0,0.0,1.0,0.0,458.77500038146974,550.8691731426484
2286,0.0,0.0,1.0,0.0,458.77500038146974,550.8691731426484
2287,0.0,0.0,1.0,0.0,458.77500038146974,550.8691731426484
2288,0.0,0.0,1.0,0.0,458.77500038146974,550.8691731426484
2289,0.0,0.0,1.0,0.0,458.77500038146974,550.8691731426484
2290,0.0,0.0,1.0,0.0,458.77500038146974,550.8691731426484
2291,0.0,0.0,1.0,0.0,458.77500038146974,550.8691731426484
2292,0.0,0.0,1.0,0.0,458.77500038146974,550.8691731426484
2293,0.0,0.0,1.0,0.0,458.77500038146974,550.8691731426484
2294,0.0,0.0,1.0,0.0,458.77500038146974,550.8691731426484
2295,0.0,0.0,1.0,0.0,458.77500038146974,550.8691731426484
2296,0.0,0.0,1.0,0.0,458.77500038146974,550.8691731426484
2297,0.0,0.0,1.0,0.0,458.77500038146974,550.8691731426484
2298,0.0,0.0,1.0,0.0,458.77500038146974,550.8691731426484
2299,0.0,0.0,1.0,0.0,458.77500038146974,550.8691731426484
2300,0.0,0.0,1.0,0.0,458.77500038146974,550.8691731426484
2301,0.0,0.0,1.0,0.0,458.77500038146974,550.8691731426484
2302,0.0,0.0,1.0,0.0,458.77500038146974,550.8691731426484
2303,0.0,0.0,1.0,0.0,458.77500038146974,550.8691731426484
2304,0.0,0.0,1.0,0.0,458.77500038146974,550.8691731426484
2305,0.0,0.0,1.0,0.0,458.77500038146974,550.8691731426484
2306,0.0,0.0,1.0,0.0,458.77500038146974,550.8691731426484
2307,0.0,0.0,1.0,0.0,458.77500038146974,550.8691731426484
2308,0.0,0.0,1.0,0.0,458.77500038146974,550.8691731426484
2309,0.0,0.0,1.0,0.0,458.77500038146974,550.8691731426484
2310,0.0,0.0,1.0,0.0,458.77500038146974,550.8691731426484
2311,0.0,0.0,1.0,0.0,458.77500038146974,550.8691731426484
2312,0.0,0.0,1.0,0.0,458.77500038146974,550.8691731426484
2313,0.0,0.0,1.0,0.0,458.77500038146974,550.8691731426484
2314,0.0,0.0,1.0,0.0,458.77500038146974,550.8691731426484
2315,0.0,0.0,1.0,0.0,458.77500038146974,550.8691731426484
2316,0.0,0.0,1.0,0.0,458.77500038146974,550.8691731426484
2317,0.0,0.0,1.0,0.0,458.77500038146974,550.8691731426484
2318,0.0,0.0,1.0,0.0,458.77500038146974,550.8691731426484
2319,0.0,0.0,1.0,0.0,458.77500038146974,550.8691731426484
2320,0.0,0.0,1.0,0.0,458.77500038146974,550.8691731426484
2321,0.0,0.0,1.0,0.0,458.77500038146974,550.8691731426484
2322,0.0,0.0,1.0,0.0,458.77500038146974,550.8691731426484
2323,0.0,0.0,1.0,0.0,458.77500038146974,550.8691731426484
2324,0.0,0.0,1.0,0.0,458.77500038146974,550.8691731426484
2325,0.0,0.0,1.0,0.0,458.77500038146974,550.8691731426484
2326,0.0,0.0,1.0,0.0,458.77500038146974,550.8691731426484
2327,0.0,0.0,1.0,0.0,458.77500038146974,550.8691731426484
2328,0.0,0.0,1.0,0.0,458.77500038146974,550.8691731426484
2329,0.0,0.0,1.0,0.0,458.77500038146974,550.8691731426484
2330,0.0,0.0,1.0,0.0,458.77500038146974,550.8691731426484
2331,0.0,0.0,1.0,0.0,458.77500038146974,550.8691731426484
2332,0.0,0.0,1.0,0.0,458.77500038146974,550.8691731426484
2333,0.0,0.0,1.0,0.0,458.77500038146974,550.8691731426484
2334,0.0,0.0,1.0,0.0,458.77500038146974,550.8691731426484
2335,0.0,0.0,1.0,0.0,458.77500038146974,550.8691731426484
2336,0.0,0.0,1.0,0.0,458.77500038146974,550.8691731426484
2337,0.0,0.0,1.0,0.0,458.77500038146974,550.8691731426484
2338,0.0,0.0,1.0,0.0,458.77500038146974,550.8691731426484
2339,0.0,0.0,1.0,0.0,458.77500038146974,550.8691731426484
2340,0.0,0.0,1.0,0.0,458.77500038146974,550.8691731426484
2341,0.0,0.0,1.0,0.0,458.77500038146974,550.8691731426484
2342,0.0,0.0,1.0,0.0,458.77500038146974,550.8691731426484
2343,0.0,0.0,1.0,0.0,458.77500038146974,550.8691731426484
2344,0.0,0.0,1.0,0.0,458.77500038146974,550.8691731426484
2345,0.0,0.0,1.0,0.0,458.77500038146974,550.8691731426484
2346,0.0,0.0,1.0,0.0,458.77500038146974,550.8691731426484
2347,0.0,0.0,1.0,0.0,458.77500038146974,550.8691731426484
2348,0.0,0.0,1.0,0.0,458.77500038146974,550.8691731426484
2349,0.0,0.0,1.0,0.0,458.77500038146974,550.8691731426484
2350,0.0,0.0,1.0,0.0,458.77500038146974,550.8691731426484
2351,0.0,0.0,1.0,0.0,458.77500038146974,550.8691731426484
2352,0.0,0.0,1.0,0.0,458.77500038146974,550.8691731426484
2353,0.0,0.0,1.0,0.0,458.77500038146974,550.8691731426484
2354,0.0,0.0,1.0,0.0,458.77500038146974,550.8691731426484
2355,0.0,0.0,1.0,0.0,458.77500038146974,550.8691731426484
2356,0.0,0.0,1.0,0.0,458.77500038146974,550.8691731426484
2357,0.0,0.0,1.0,0.0,458.77500038146974,550.8691731426484
2358,0.0,0.0,1.0,0.0,458.77500038146974,550.8691731426484
2359,0.0,0.0,1.0,0.0,458.77500038146974,550.8691731426484
2360,0.0,0.0,1.0,0.0,458.77500038146974,550.8691731426484
2361,0.0,0.0,1.0,0.0,458.77500038146974,550.8691731426484
2362,0.0,0.0,1.0,0.0,458.77500038146974,550.8691731426484
2363,0.0,0.0,1.0,0.0,458.77500038146974,550.8691731426484
2364,0.0,0.0,1.0,0.0,458.77500038146974,550.8691731426484
2365,0.0,0.0,1.0,0.0,458.77500038146974,550.8691731426484
2366,0.0,0.0,1.0,0.0,458.77500038146974,550.8691731426484
2367,0.0,0.0,1.0,0.0,458.77500038146974,550.8691731426484
2368,0.0,0.0,1.0,0.0,458.77500038146974,550.8691731426484
2369,0.0,0.0,1.0,0.0,458.77500038146974,550.8691731426484
2370,0.0,0.0,1.0,0.0,458.77500038146974,550.8691731426484
2371,0.0,0.0,1.0,0.0,458.77500038146974,550.8691731426484
2372,0.0,0.0,1.0,0.0,458.77500038146974,550.8691731426484
2373,0.0,0.0,1.0,0.0,458.77500038146974,550.8691731426484
2374,0.0,0.0,1.0,0.0,458.77500038146974,550.8691731426484
2375,0.0,0.0,1.0,0.0,458.77500038146974,550.8691731426484
2376,0.0,0.0,1.0,0.0,458.77500038146974,550.8691731426484
2377,0.0,0.0,1.0,0.0,458.77500038146974,550.8691731426484
2378,0.0,0.0,1.0,0.0,458.77500038146974,550.8691731426484
2379,0.0,0.0,1.0,0.0,458.77500038146974,550.8691731426484
2380,0.0,0.0,1.0,0.0,458.77500038146974,550.8691731426484
2381,0.0,0.0,1.0,0.0,458.77500038146974,550.8691731426484
2382,0.0,0.0,1.0,0.0,458.77500038146974,550.8691731426484
2383,0.0,0.0,1.0,0.0,458.77500038146974,550.8691731426484
2384,0.0,0.0,1.0,0.0,458.77500038146974,550.8691731426484
2385,0.0,0.0,1.0,0.0,458.77500038146974,550.8691731426484
2386,0.0,0.0,1.0,0.0,458.77500038146974,550.8691731426484
2387,0.0,0.0,1.0,0.0,458.77500038146974,550.8691731426484
2388,0.0,0.0,1.0,0.0,458.77500038146974,550.8691731426484
2389,0.0,0.0,1.0,0.0,458.77500038146974,550.8691731426484
2390,0.0,0.0,1.0,0.0,458.77500038146974,550.8691731426484
2391,0.0,0.0,1.0,0.0,458.77500038146974,550.8691731426484
2392,0.0,0.0,1.0,0.0,458.77500038146974,550.8691731426484
2393,0.0,0.0,1.0,0.0,458.77500038146974,550.8691731426484
2394,0.0,0.0,1.0,0.0,458.77500038146974,550.8691731426484
2395,0.0,0.0,1.0,0.0,458.77500038146974,550.8691731426484
2396,0.0,0.0,1.0,0.0,458.77500038146974,550.8691731426484
2397,0.0,0.0,1.0,0.0,458.77500038146974,550.8691731426484
2398,0.0,0.0,1.0,0.0,458.77500038146974,550.8691731426484
2399,0.0,0.0,1.0,0.0,458.77500038146974,550.8691731426484
2400,0.0,0.0,1.0,0.0,458.77500038146974,550.8691731426484
2401,0.0,0.0,1.0,0.0,458.77500038146974,550.8691731426484
2402,0.0,0.0,1.0,0.0,458.77500038146974,550.8691731426484
2403,0.0,0.0,1.0,0.0,458.77500038146974,550.8691731426484
2404,0.0,0.0,1.0,0.0,458.77500038146974,550.8691731426484
2405,0.0,0.0,1.0,0.0,458.77500038146974,550.8691731426484
2406,0.0,0.0,1.0,0.0,458.77500038146974,550.8691731426484
2407,0.0,0.0,1.0,0.0,458.77500038146974,550.8691731426484
2408,0.0,0.0,1.0,0.0,458.77500038146974,550.8691731426484
2409,0.0,0.0,1.0,0.0,458.77500038146974,550.8691731426484
2410,0.0,0.0,1.0,0.0,458.77500038146974,550.8691731426484
2411,0.0,0.0,1.0,0.0,458.77500038146974,550.8691731426484
2412,0.0,0.0,1.0,0.0,458.77500038146974,550.8691731426484
2413,0.0,0.0,1.0,0.0,458.77500038146974,550.8691731426484
2414,0.0,0.0,1.0,0.0,458.77500038146974,550.8691731426484
2415,0.0,0.0,1.0,0.0,458.77500038146974,550.8691731426484
2416,0.0,0.0,1.0,0.0,458.77500038146974,550.8691731426484
2417,0.0,0.0,1.0,0.0,458.77500038146974,550.8691731426484
2418,0.0,0.0,1.0,0.0,458.77500038146974,550.8691731426484
2419,0.0,0.0,1.0,0.0,458.77500038146974,550.8691731426484
2420,0.0,0.0,1.0,0.0,458.77500038146974,550.8691731426484
2421,0.0,0.0,1.0,0.0,458.77500038146974,550.8691731426484
2422,0.0,0.0,1.0,0.0,458.77500038146974,550.8691731426484
2423,0.0,0.0,1.0,0.0,458.77500038146974,550.8691731426484
2424,0.0,0.0,1.0,0.0,458.77500038146974,550.8691731426484
2425,0.0,0.0,1.0,0.0,458.77500038146974,550.8691731426484
2426,0.0,0.0,1.0,0.0,458.77500038146974,550.8691731426484
2427,0.0,0.0,1.0,0.0,458.77500038146974,550.8691731426484
2428,0.0,0.0,1.0,0.0,458.77500038146974,550.8691731426484
2429,0.0,0.0,1.0,0.0,458.77500038146974,550.8691731426484
2430,0.0,0.0,1.0,0.0,458.77500038146974,550.8691731426484
2431,0.0,0.0,1.0,0.0,458.77500038146974,550.8691731426484
2432,0.0,0.0,1.0,0.0,458.77500038146974,550.8691731426484
2433,0.0,0.0,1.0,0.0,458.77500038146974,550.8691731426484
2434,0.0,0.0,1.0,0.0,458.77500038146974,550.8691731426484
2435,0.0,0.0,1.0,0.0,458.77500038146974,550.8691731426484
2436,0.0,0.0,1.0,0.0,458.77500038146974,550.8691731426484
2437,0.0,0.0,1.0,0.0,458.77500038146974,550.8691731426484
2438,0.0,0.0,1.0,0.0,458.77500038146974,550.8691731426484
2439,0.0,0.0,1.0,0.0,458.77500038146974,550.8691731426484
2440,0.0,0.0,1.0,0.0,458.77500038146974,550.8691731426484
2441,0.0,0.0,1.0,0.0,458.77500038146974,550.8691731426484
2442,0.0,0.0,1.0,0.0,458.77500038146974,550.8691731426484
2443,0.0,0.0,1.0,0.0,458.77500038146974,550.8691731426484
2444,0.0,0.0,1.0,0.0,458.77500038146974,550.8691731426484
2445,0.0,0.0,1.0,0.0,458.77500038146974,550.8691731426484
2446,0.0,0.0,1.0,0.0,458.77500038146974,550.8691731426484
2447,0.0,0.0,1.0,0.0,458.77500038146974,550.8691731426484
2448,0.0,0.0,1.0,0.0,458.77500038146974,550.8691731426484
2449,0.0,0.0,1.0,0.0,458.77500038146974,550.8691731426484
2450,0.0,0.0,1.0,0.0,458.77500038146974,550.8691731426484
2451,0.0,0.0,1.0,0.0,458.77500038146974,550.8691731426484
2452,0.0,0.0,1.0,0.0,458.77500038146974,550.8691731426484
2453,0.0,0.0,1.0,0.0,458.77500038146974,550.8691731426484
2454,0.0,0.0,1.0,0.0,458.77500038146974,550.8691731426484
2455,0.0,0.0,1.0,0.0,458.77500038146974,550.8691731426484
2456,0.0,0.0,1.0,0.0,458.77500038146974,550.8691731426484
2457,0.0,0.0,1.0,0.0,458.77500038146974,550.8691731426484
2458,0.0,0.0,1.0,0.0,458.77500038146974,550.8691731426484
2459,0.0,0.0,1.0,0.0,458.77500038146974,550.8691731426484
2460,0.0,0.0,1.0,0.0,458.77500038146974,550.8691731426484
2461,0.0,0.0,1.0,0.0,458.77500038146974,550.8691731426484
2462,0.0,0.0,1.0,0.0,458.77500038146974,550.8691731426484
2463,0.0,0.0,1.0,0.0,458.77500038146974,550.8691731426484
2464,0.0,0.0,1.0,0.0,458.77500038146974,550.8691731426484
2465,0.0,0.0,1.0,0.0,458.77500038146974,550.8691731426484
2466,0.0,0.0,1.0,0.0,458.77500038146974,550.8691731426484
2467,0.0,0.0,1.0,0.0,458.77500038146974,550.8691731426484
2468,0.0,0.0,1.0,0.0,458.77500038146974,550.8691731426484
2469,0.0,0.0,1.0,0.0,458.77500038146974,550.8691731426484
2470,0.0,0.0,1.0,0.0,458.77500038146974,550.8691731426484
2471,0.0,0.0,1.0,0.0,458.77500038146974,550.8691731426484
2472,0.0,0.0,1.0,0.0,458.77500038146974,550.8691731426484
2473,0.0,0.0,1.0,0.0,458.77500038146974,550.8691731426484
2474,0.0,0.0,1.0,0.0,458.77500038146974,550.8691731426484
2475,0.0,0.0,1.0,0.0,458.77500038146974,550.8691731426484
2476,0.0,0.0,1.0,0.0,458.77500038146974,550.8691731426484
2477,0.0,0.0,1.0,0.0,458.77500038146974,550.8691731426484
2478,0.0,0.0,1.0,0.0,458.77500038146974,550.8691731426484
2479,0.0,0.0,1.0,0.0,458.77500038146974,550.8691731426484
2480,0.0,0.0,1.0,0.0,458.77500038146974,550.8691731426484
2481,0.0,0.0,1.0,0.0,458.77500038146974,550.8691731426484
2482,0.0,0.0,1.0,0.0,458.77500038146974,550.8691731426484
2483,0.0,0.0,1.0,0.0,458.77500038146974,550.8691731426484
2484,0.0,0.0,1.0,0.0,458.77500038146974,550.8691731426484
2485,0.0,0.0,1.0,0.0,458.77500038146974,550.8691731426484
2486,0.0,0.0,1.0,0.0,458.77500038146974,550.8691731426484
2487,0.0,0.0,1.0,0.0,458.77500038146974,550.8691731426484
2488,0.0,0.0,1.0,0.0,458.77500038146974,550.8691731426484
2489,0.0,0.0,1.0,0.0,458.77500038146974,550.8691731426484
2490,0.0,0.0,1.0,0.0,458.77500038146974,550.8691731426484
2491,0.0,0.0,1.0,0.0,458.77500038146974,550.8691731426484
2492,0.0,0.0,1.0,0.0,458.77500038146974,550.8691731426484
2493,0.0,0.0,1.0,0.0,458.77500038146974,550.8691731426484
2494,0.0,0.0,1.0,0.0,458.77500038146974,550.8691731426484
2495,0.0,0.0,1.0,0.0,458.77500038146974,550.8691731426484
2496,0.0,0.0,1.0,0.0,458.77500038146974,550.8691731426484
2497,0.0,0.0,1.0,0.0,458.77500038146974,550.8691731426484
2498,0.0,0.0,1.0,0.0,458.77500038146974,550.8691731426484
2499,0.0,0.0,1.0,0.0,458.77500038146974,550.8691731426484
2500,0.0,0.0,1.0,0.0,458.77500038146974,550.8691731426484
