t,fC_mean,fC_std,fD_mean,fD_std,avgR_mean,avgR_std
0,0.49326171875,0.02016288234208642,0.50673828125,0.02016288234208642,0.0,0.0
1,0.3357421875,0.020875608149824042,0.6642578125,0.020875608149824042,8.138818264007568,0.3326877022952014
2,0.23623046875,0.02580583729320404,0.76376953125,0.02580583729320404,13.678564262390136,0.654582129542236
3,0.17568359375,0.03070337970035895,0.82431640625,0.03070337970035895,17.5763671875,1.0335084218206656
4,0.13759765625,0.0262818715206867,0.86240234375,0.026281871520686704,20.475146102905274,1.4376812052545154
5,0.11015625,0.027878422137890758,0.88984375,0.027878422137890758,22.7455078125,1.8255458773111801
6,0.096484375,0.029338512079102184,0.903515625,0.02933851207910219,24.563085746765136,2.246982214144487
7,0.08623046875,0.03218229085009878,0.91376953125,0.03218229085009878,26.155078125,2.6831085805970356
8,0.07978515625,0.035555593238916564,0.92021484375,0.035555593238916564,27.577880668640137,3.1358385074088426
9,0.075,0.03621927998560685,0.925,0.03621927998560685,28.894335746765137,3.622384549798607
10,0.0740234375,0.04086841140515802,0.9259765625,0.04086841140515802,30.131835556030275,4.11643092555221
11,0.07177734375,0.04358631576535312,0.92822265625,0.04358631576535312,31.353222465515138,4.686177858407989
12,0.0703125,0.0447431908227386,0.9296875,0.0447431908227386,32.537548828125,5.28586877253295
13,0.06640625,0.042277374608750175,0.93359375,0.042277374608750175,33.69770469665527,5.909687156003229
14,0.0666015625,0.0439644055745046,0.9333984375,0.0439644055745046,34.793408203125,6.512832209374832
15,0.0658203125,0.04460699766541855,0.9341796875,0.04460699766541855,35.892333984375,7.149792629682679
16,0.0650390625,0.04458989080292086,0.9349609375,0.04458989080292086,36.978369140625,7.8065628259374025
17,0.0650390625,0.04475427293889448,0.9349609375,0.04475427293889448,38.051513671875,8.47059501805893
18,0.06806640625,0.046058253181783027,0.93193359375,0.046058253181783027,39.124658203125,9.132476894585437
19,0.06923828125,0.04650416874400927,0.93076171875,0.046504168744009276,40.24775352478027,9.825924959134312
20,0.071484375,0.047037073326152465,0.928515625,0.047037073326152465,41.390185546875,10.553375195199612
21,0.07451171875,0.04695031790823754,0.92548828125,0.04695031790823754,42.569677734375,11.28989547042926
22,0.07470703125,0.04718373668897547,0.92529296875,0.04718373668897547,43.79912109375,12.033416993219323
23,0.07314453125,0.04513462274720181,0.92685546875,0.0451346227472018,45.031786346435545,12.790331709065986
24,0.07373046875,0.04620750743424853,0.92626953125,0.04620750743424853,46.238671875,13.515910727526501
25,0.07451171875,0.04726007602370738,0.92548828125,0.04726007602370738,47.455224227905276,14.257597867482891
26,0.07646484375,0.04943191145645956,0.92353515625,0.04943191145645956,48.684668350219724,15.004943423612144
27,0.07958984375,0.05219861306288201,0.92041015625,0.05219861306288201,49.946337890625,15.793208934194508
28,0.07822265625,0.052459588619339664,0.92177734375,0.052459588619339664,51.25957069396973,16.632907461457062
29,0.07587890625,0.05227127751688369,0.92412109375,0.052271277516883694,52.55024452209473,17.48054604394653
30,0.07666015625,0.05236824942628532,0.92333984375,0.05236824942628532,53.80224609375,18.31862670560204
31,0.07451171875,0.051501150914637105,0.92548828125,0.051501150914637105,55.067138671875,19.157240275103756
32,0.0763671875,0.05374963094895106,0.9236328125,0.05374963094895106,56.29658203125,19.971691321153735
33,0.07392578125,0.05241339306496964,0.92607421875,0.052413393064969636,57.556640625,20.813597181113245
34,0.0728515625,0.05224417709685304,0.9271484375,0.05224417709685304,58.776416015625,21.63949007819296
35,0.07119140625,0.05106861674583528,0.92880859375,0.05106861674583529,59.978466796875,22.46509262735114
36,0.0703125,0.05134156026599576,0.9296875,0.05134156026599576,61.15312576293945,23.26910858372714
37,0.07158203125,0.05262765894898039,0.92841796875,0.05262765894898039,62.31328163146973,24.069241335035183
38,0.07294921875,0.05338510900889499,0.92705078125,0.053385109008894996,63.49438591003418,24.894056697978943
39,0.07392578125,0.05310929010019141,0.92607421875,0.053109290100191414,64.69804725646972,25.725937981450897
40,0.07421875,0.053645201250321545,0.92578125,0.053645201250321545,65.91782341003417,26.552253519261193
41,0.0755859375,0.055777365498498814,0.9244140625,0.05577736549849881,67.14243392944336,27.374730118501642
42,0.07880859375,0.05912527472208408,0.92119140625,0.05912527472208407,68.38960189819336,28.220124133794393
43,0.0810546875,0.06163803810715603,0.9189453125,0.06163803810715603,69.68994331359863,29.11967742879819
44,0.08271484375,0.0649396440080449,0.91728515625,0.0649396440080449,71.02734565734863,30.057683314669724
45,0.083203125,0.0658999541356299,0.916796875,0.0658999541356299,72.39214210510254,31.038134458758368
46,0.08212890625,0.06623721881150951,0.91787109375,0.06623721881150951,73.76499252319336,32.028081911191535
47,0.0837890625,0.06653078855083044,0.9162109375,0.06653078855083044,75.12012023925782,33.023170335824915
48,0.08330078125,0.06460246961378639,0.91669921875,0.0646024696137864,76.50264053344726,34.022501080476
49,0.08173828125,0.062131251674921076,0.91826171875,0.062131251674921076,77.87710266113281,34.99759852717606
50,0.08134765625,0.06121894204702043,0.91865234375,0.06121894204702043,79.225785446167,35.93423357597904
51,0.083203125,0.061668665398175976,0.916796875,0.061668665398175976,80.56802024841309,36.8628847826023
52,0.08486328125,0.062285168499136456,0.91513671875,0.062285168499136456,81.94087295532226,37.802872275683455
53,0.085546875,0.061447746097707125,0.914453125,0.061447746097707125,83.34111862182617,38.755037233075996
54,0.08740234375,0.06349496427978837,0.91259765625,0.06349496427978837,84.75264205932618,39.69923616258088
55,0.08779296875,0.06389204468972479,0.91220703125,0.06389204468972479,86.19478225708008,40.669988462542214
56,0.090234375,0.0654969919693359,0.909765625,0.0654969919693359,87.64336471557617,41.66408642460815
57,0.09150390625,0.06622944350983233,0.90849609375,0.06622944350983231,89.13223190307617,42.70189727045839
58,0.09228515625,0.0665672594258305,0.90771484375,0.0665672594258305,90.64204216003418,43.74943194982293
59,0.0953125,0.0682186050588245,0.9046875,0.0682186050588245,92.16475257873535,44.810863063637264
60,0.09775390625,0.06974386219651815,0.90224609375,0.06974386219651815,93.7374095916748,45.89231155210989
61,0.10048828125,0.07233612745428807,0.89951171875,0.07233612745428807,95.35034484863282,47.00267633713567
62,0.09921875,0.07230151135987321,0.90078125,0.07230151135987321,97.0084041595459,48.14832065836593
63,0.1,0.07173873589649699,0.9,0.07173873589649697,98.64551544189453,49.27988586931141
64,0.1029296875,0.07268039753294471,0.8970703125,0.0726803975329447,100.29551391601562,50.398911094411865
65,0.10478515625,0.07027186597134537,0.89521484375,0.07027186597134535,101.99385147094726,51.54988581322669
66,0.10361328125,0.06973975988987251,0.89638671875,0.06973975988987251,103.72280960083008,52.67646727384725
67,0.10458984375,0.07036056571086761,0.89541015625,0.07036056571086761,105.43243026733398,53.796707046052525
68,0.1072265625,0.07256693939639025,0.8927734375,0.07256693939639025,107.15816116333008,54.92788765666714
69,0.10673828125,0.07367845329939289,0.89326171875,0.0736784532993929,108.92740249633789,56.10583934491886
70,0.11123046875,0.07866082122335252,0.88876953125,0.07866082122335252,110.68858413696289,57.28929868356248
71,0.11455078125,0.07826409736371606,0.88544921875,0.07826409736371605,112.52388610839844,58.554368484181445
72,0.11708984375,0.08103521273949585,0.88291015625,0.08103521273949586,114.41397628784179,59.81752227678869
73,0.1193359375,0.08337098860348639,0.8806640625,0.08337098860348638,116.34595642089843,61.123183913253996
74,0.1228515625,0.08603931291391871,0.8771484375,0.0860393129139187,118.31499557495117,62.45781945563343
75,0.12578125,0.09036005688561231,0.87421875,0.09036005688561231,120.34204711914063,63.833301883284435
76,0.13046875,0.09476501313693651,0.86953125,0.09476501313693653,122.4174415588379,65.28200535557629
77,0.13447265625,0.09764946265475655,0.86552734375,0.09764946265475655,124.57017440795899,66.80425476588073
78,0.1380859375,0.10059276372468116,0.8619140625,0.10059276372468116,126.78897476196289,68.38360626568296
79,0.14033203125,0.10407980285309189,0.85966796875,0.1040798028530919,129.06738967895507,70.0109354756632
80,0.14287109375,0.10477842111975459,0.85712890625,0.10477842111975459,131.38286819458008,71.69314600220943
81,0.14580078125,0.10930526690274656,0.85419921875,0.10930526690274657,133.7402458190918,73.39078098415723
82,0.14736328125,0.11211128897810875,0.85263671875,0.11211128897810875,136.14595565795898,75.15825111313485
83,0.1509765625,0.1141602815573521,0.8490234375,0.11416028155735211,138.57745437622071,76.96806849387126
84,0.1490234375,0.11139594973421385,0.8509765625,0.11139594973421385,141.06856689453124,78.81913143569432
85,0.15107421875,0.1133595583997698,0.84892578125,0.11335955839976979,143.52744979858397,80.63127529927475
86,0.14873046875,0.11155921909839961,0.85126953125,0.1115592190983996,146.0201789855957,82.47896004513186
87,0.15126953125,0.11690595247566807,0.84873046875,0.11690595247566808,148.47422943115234,84.29730806379371
88,0.15390625,0.11911917071174852,0.84609375,0.11911917071174852,150.9701789855957,86.19081325272003
89,0.15732421875,0.12353994247151104,0.84267578125,0.12353994247151104,153.5096321105957,88.11908025609837
90,0.15419921875,0.12066728868552495,0.84580078125,0.12066728868552495,156.10548095703126,90.11797830438145
91,0.15390625,0.11989881063830644,0.84609375,0.11989881063830644,158.64976501464844,92.06880870806853
92,0.1537109375,0.12034816461042377,0.8462890625,0.12034816461042377,161.1892288208008,93.99343859936984
93,0.15810546875,0.12323464251121988,0.84189453125,0.12323464251121989,163.72545852661133,95.92972195319724
94,0.164453125,0.12794623580946995,0.835546875,0.12794623580946998,166.33418884277344,97.90816220657467
95,0.1666015625,0.13066844163065386,0.8333984375,0.13066844163065386,169.04767227172852,99.96646372082442
96,0.1703125,0.13002459366787536,0.8296875,0.13002459366787536,171.7965950012207,102.0661048411364
97,0.1740234375,0.13213132417641654,0.8259765625,0.13213132417641654,174.60674819946288,104.1652195475865
98,0.176171875,0.13268907983228417,0.823828125,0.13268907983228417,177.47814178466797,106.29892638695561
99,0.179296875,0.13149928080431003,0.820703125,0.13149928080431003,180.3849723815918,108.44438052289823
100,0.18203125,0.1309039686144902,0.81796875,0.1309039686144902,183.3433738708496,110.57782287811958
101,0.186328125,0.1346182108152737,0.813671875,0.1346182108152737,186.34688720703124,112.70717683817689
102,0.19111328125,0.1373930428399677,0.80888671875,0.1373930428399677,189.4213020324707,114.89949394336762
103,0.1923828125,0.13738606674422707,0.8076171875,0.13738606674422707,192.57467193603514,117.13744428334326
104,0.19443359375,0.13935683743634106,0.80556640625,0.13935683743634106,195.74899139404297,119.3755746408845
105,0.19365234375,0.13870216576082425,0.80634765625,0.13870216576082425,198.95714721679687,121.64653079406493
106,0.193359375,0.14260354011496457,0.806640625,0.14260354011496457,202.15240936279298,123.91035884463827
107,0.191015625,0.1425080093006837,0.808984375,0.1425080093006837,205.34284057617188,126.24047977671503
108,0.19033203125,0.14138281190641058,0.80966796875,0.1413828119064106,208.49459381103514,128.57083460273333
109,0.1908203125,0.13900721447561465,0.8091796875,0.13900721447561465,211.63508071899415,130.8856879763934
110,0.1892578125,0.13623015372947447,0.8107421875,0.13623015372947447,214.7836120605469,133.1550764137855
111,0.18828125,0.13817638149243794,0.81171875,0.13817638149243794,217.90636596679687,135.37483198058516
112,0.1869140625,0.1370205931396297,0.8130859375,0.1370205931396297,221.01300811767578,137.6120874690859
113,0.18779296875,0.13650167616489256,0.81220703125,0.13650167616489256,224.0970901489258,139.82436746798282
114,0.19140625,0.14062567816676755,0.80859375,0.14062567816676755,227.19566802978517,142.02597704493198
115,0.18876953125,0.1385088238711207,0.81123046875,0.13850882387112068,230.35387268066407,144.2843221473426
116,0.1876953125,0.1389692014974676,0.8123046875,0.1389692014974676,233.46856994628905,146.5062996611508
117,0.18779296875,0.13825314338518235,0.81220703125,0.13825314338518233,236.56554565429687,148.74880731594135
118,0.18935546875,0.1392267521571747,0.81064453125,0.13922675215717473,239.66412506103515,150.98417558568906
119,0.190234375,0.14091820561527219,0.809765625,0.14091820561527219,242.7884948730469,153.23573871715107
120,0.19033203125,0.14056629227017056,0.80966796875,0.14056629227017056,245.92736053466797,155.51974824720978
121,0.18935546875,0.13999114553516256,0.81064453125,0.13999114553516256,249.0678466796875,157.79920129569487
122,0.18984375,0.141136223535101,0.81015625,0.14113622353510102,252.19220581054688,160.07285414004235
123,0.1916015625,0.14150171587547314,0.8083984375,0.1415017158754731,255.3246292114258,162.3693505011563
124,0.19296875,0.14272667240266174,0.80703125,0.14272667240266174,258.4860610961914,164.67391600154733
125,0.19296875,0.13803786070774038,0.80703125,0.13803786070774038,261.67004241943357,166.99661404591805
126,0.1984375,0.13975070010096885,0.8015625,0.13975070010096888,264.8540283203125,169.24601561507046
127,0.1974609375,0.1365015015012999,0.8025390625,0.1365015015012999,268.1282440185547,171.51957834235418
128,0.19736328125,0.1320285413114346,0.80263671875,0.1320285413114346,271.38635101318357,173.73874194903635
129,0.1962890625,0.1333084719049792,0.8037109375,0.1333084719049792,274.6428466796875,175.8765416012453
130,0.19755859375,0.13687146186610363,0.80244140625,0.13687146186610363,277.8816116333008,178.03140872298184
131,0.19501953125,0.13807782226197787,0.80498046875,0.13807782226197787,281.1413330078125,180.2249981879534
132,0.19248046875,0.13617599437302247,0.80751953125,0.13617599437302247,284.3591506958008,182.43718238265345
133,0.19228515625,0.13765821890662375,0.80771484375,0.13765821890662375,287.5350799560547,184.62727360852423
134,0.19150390625,0.13551257136399067,0.80849609375,0.13551257136399067,290.70778198242186,186.85256168418866
135,0.1904296875,0.1338246987210992,0.8095703125,0.1338246987210992,293.8676025390625,189.03932517884428
136,0.1916015625,0.13428838732995377,0.8083984375,0.13428838732995377,297.00969848632815,191.20777387302226
137,0.190625,0.13293293597264974,0.809375,0.1329329359726497,300.1711151123047,193.3913047204204
138,0.19072265625,0.12953949721417393,0.80927734375,0.12953949721417393,303.31642150878906,195.54940517446917
139,0.1923828125,0.13179180395549547,0.8076171875,0.13179180395549547,306.4633422851563,197.65222819272014
140,0.19169921875,0.13189600049622208,0.80830078125,0.13189600049622208,309.6376617431641,199.79483533094924
141,0.188671875,0.1293691381333554,0.811328125,0.1293691381333554,312.8007080078125,201.91472735306806
142,0.187890625,0.12766268056783717,0.812109375,0.12766268056783714,315.9137878417969,203.9911204729752
143,0.1916015625,0.1283648966497248,0.8083984375,0.1283648966497248,319.0139846801758,206.04564970451565
144,0.1919921875,0.1276918112857422,0.8080078125,0.1276918112857422,322.17541046142577,208.11410040838157
145,0.194921875,0.12938859803614,0.805078125,0.12938859803614,325.3432861328125,210.17784054785662
146,0.19306640625,0.12767900205800606,0.80693359375,0.12767900205800609,328.5594879150391,212.25869251844355
147,0.1935546875,0.12819316260423785,0.8064453125,0.12819316260423785,331.7450912475586,214.32206995375188
148,0.19541015625,0.12658860679090633,0.80458984375,0.12658860679090633,334.9387405395508,216.3849627562819
149,0.1984375,0.12825043283727824,0.8015625,0.12825043283727824,338.16300811767576,218.4088433926703
150,0.1962890625,0.12787973141982983,0.8037109375,0.12787973141982983,341.4372268676758,220.4639725602715
151,0.195703125,0.12816741985468474,0.804296875,0.12816741985468472,344.6759979248047,222.52770981671628
152,0.19423828125,0.12611006885234177,0.80576171875,0.12611006885234177,347.9050994873047,224.6041560085524
153,0.19443359375,0.12332747179141357,0.80556640625,0.1233274717914136,351.1100326538086,226.63337699714893
154,0.19052734375,0.12043153893170179,0.80947265625,0.1204315389317018,354.31819305419924,228.6133997804603
155,0.1935546875,0.12267490901069072,0.8064453125,0.12267490901069072,357.4618896484375,230.53313413061915
156,0.1919921875,0.12015148138497463,0.8080078125,0.12015148138497463,360.65553894042966,232.47984778626926
157,0.194921875,0.1218460439860835,0.805078125,0.12184604398608351,363.8234069824219,234.36460984444517
158,0.19482421875,0.12282831065978288,0.80517578125,0.12282831065978288,367.03961486816405,236.27506710077358
159,0.1951171875,0.124045581192475,0.8048828125,0.124045581192475,370.2542205810547,238.19230169163097
160,0.19755859375,0.12525536202471488,0.80244140625,0.12525536202471488,373.4736633300781,240.13651447413886
161,0.2001953125,0.12712128286262936,0.7998046875,0.12712128286262936,376.7333694458008,242.0969806801038
162,0.1984375,0.1265104964051742,0.8015625,0.1265104964051742,380.0366012573242,244.08139045875475
163,0.19892578125,0.12626092089262347,0.80107421875,0.12626092089262347,383.31081237792966,246.04826496204745
164,0.1978515625,0.12605768947850882,0.8021484375,0.12605768947850882,386.5930801391602,247.98289044948567
165,0.20322265625,0.12983908010226258,0.79677734375,0.12983908010226258,389.8576416015625,249.93018520770133
166,0.20166015625,0.129134836684499,0.79833984375,0.129134836684499,393.21081085205077,251.91135815389214
167,0.201171875,0.12949896286950463,0.798828125,0.12949896286950463,396.53820953369143,253.86284816354845
168,0.19638671875,0.1262861460694993,0.80361328125,0.1262861460694993,399.8575439453125,255.83895671962236
169,0.19765625,0.12687662959813992,0.80234375,0.12687662959813992,403.0979293823242,257.77201495332554
170,0.1982421875,0.1276147124415636,0.8017578125,0.1276147124415636,406.35924377441404,259.70682095803795
171,0.198046875,0.1275727068468274,0.801953125,0.1275727068468274,409.63024749755857,261.6359225048211
172,0.19931640625,0.12935192399925705,0.80068359375,0.12935192399925705,412.89801025390625,263.568533815018
173,0.2,0.12980113738374285,0.8,0.12980113738374283,416.1867385864258,265.54872476733755
174,0.20166015625,0.13205150922832173,0.79833984375,0.13205150922832173,419.4867370605469,267.54435427225843
175,0.19970703125,0.13312395265552282,0.80029296875,0.13312395265552282,422.81412200927736,269.56463150791734
176,0.19658203125,0.13484701601318858,0.80341796875,0.13484701601318855,426.1093002319336,271.59227124068144
177,0.1974609375,0.135626777602118,0.8025390625,0.135626777602118,429.3529022216797,273.60762709788105
178,0.19736328125,0.13572001982886914,0.80263671875,0.13572001982886914,432.61100616455076,275.63325690577796
179,0.1951171875,0.13400757702713528,0.8048828125,0.13400757702713528,435.8675003051758,277.64049019449857
180,0.193359375,0.13286347252553266,0.806640625,0.13286347252553266,439.0869384765625,279.596667269081
181,0.19169921875,0.13418839383371742,0.80830078125,0.13418839383371742,442.27735137939453,281.51981545290187
182,0.19560546875,0.13573730459967648,0.80439453125,0.13573730459967648,445.44039764404295,283.43651783148675
183,0.19521484375,0.13497595254979175,0.80478515625,0.13497595254979175,448.6678802490234,285.4090672493678
184,0.19560546875,0.13602365854587245,0.80439453125,0.13602365854587245,451.88892517089846,287.3928161043938
185,0.19677734375,0.13744037375713505,0.80322265625,0.13744037375713505,455.1164215087891,289.4125838529413
186,0.19853515625,0.1392299030259177,0.80146484375,0.1392299030259177,458.3632537841797,291.45069515579365
187,0.1955078125,0.13868205288353713,0.8044921875,0.13868205288353713,461.6390899658203,293.5099800776034
188,0.19677734375,0.13996171291518733,0.80322265625,0.13996171291518733,464.8649627685547,295.56581318458393
189,0.2,0.14072113142173523,0.8,0.14072113142173526,468.1117736816406,297.64163899225446
190,0.1994140625,0.1422646114306975,0.8005859375,0.1422646114306975,471.4117797851562,299.6989695727242
191,0.20625,0.14750865846210204,0.79375,0.14750865846210204,474.7021057128906,301.75907464661327
192,0.2052734375,0.1447994239247702,0.7947265625,0.14479942392477022,478.10523986816406,303.90926369076794
193,0.20751953125,0.1459248755016126,0.79248046875,0.1459248755016126,481.49224853515625,306.00687332230245
194,0.20673828125,0.14517779926368854,0.79326171875,0.14517779926368857,484.91632385253905,308.1590848140905
195,0.2052734375,0.1437742793269926,0.7947265625,0.14377427932699263,488.3275085449219,310.3085664447015
196,0.20244140625,0.14013454103273076,0.79755859375,0.14013454103273076,491.7145141601562,312.4241509607962
197,0.20146484375,0.14025018544448314,0.79853515625,0.14025018544448314,495.05479736328124,314.5142900647157
198,0.20498046875,0.14413840853012994,0.79501953125,0.14413840853012994,498.37897033691405,316.59030703370377
199,0.2001953125,0.13910857733821627,0.7998046875,0.13910857733821627,501.7611450195312,318.6953966043805
200,0.2009765625,0.13976093589290306,0.7990234375,0.13976093589290306,505.0643676757812,320.6830391568472
201,0.204296875,0.14282259114546236,0.795703125,0.14282259114546236,508.38048400878904,322.6802119041
202,0.20625,0.14651874596761288,0.79375,0.14651874596761288,511.7513763427734,324.77855087981976
203,0.20419921875,0.1467292549508204,0.79580078125,0.1467292549508204,515.1544921875,326.92608044137967
204,0.2001953125,0.14387387453064904,0.7998046875,0.14387387453064904,518.5237823486328,329.0700049043995
205,0.2001953125,0.14506473543153178,0.7998046875,0.14506473543153178,521.827017211914,331.1435033434164
206,0.20234375,0.14486658733124075,0.79765625,0.14486658733124075,525.1302307128906,333.2142716928307
207,0.203515625,0.14607050909724964,0.796484375,0.14607050909724964,528.4689117431641,335.2805999025512
208,0.202734375,0.14345646618549365,0.797265625,0.14345646618549365,531.8269226074219,337.37368918547753
209,0.20380859375,0.14181089725992513,0.79619140625,0.14181089725992513,535.1720336914062,339.42836085107655
210,0.20517578125,0.1417351538470946,0.79482421875,0.1417351538470946,538.53486328125,341.42131995700805
211,0.20751953125,0.14079054519163012,0.79248046875,0.14079054519163012,541.920263671875,343.421934570022
212,0.2068359375,0.1423657986662626,0.7931640625,0.1423657986662626,545.3443481445313,345.43711050136733
213,0.20771484375,0.14361449779761487,0.79228515625,0.1436144977976149,548.75712890625,347.44720974932795
214,0.2044921875,0.13901887702375285,0.7955078125,0.13901887702375282,552.1844268798828,349.47177980107494
215,0.2064453125,0.13736121369347223,0.7935546875,0.13736121369347226,555.5585510253907,351.45447067170306
216,0.2091796875,0.13667396029727039,0.7908203125,0.13667396029727039,558.9649047851562,353.44541732520776
217,0.2095703125,0.1381255744473349,0.7904296875,0.13812557444733486,562.4163635253906,355.41125322999534
218,0.208203125,0.13555151851736402,0.791796875,0.13555151851736402,565.8742767333985,357.397449905103
219,0.205078125,0.13242201903568862,0.794921875,0.13242201903568862,569.3096343994141,359.3632958217317
220,0.205078125,0.13460418319210032,0.794921875,0.13460418319210032,572.693408203125,361.30003523181387
221,0.20810546875,0.13675672603154904,0.79189453125,0.13675672603154906,576.0772033691406,363.24738417155453
222,0.21025390625,0.13699194941569345,0.78974609375,0.13699194941569345,579.5109558105469,365.18860870803707
223,0.21357421875,0.13918194730702957,0.78642578125,0.13918194730702957,582.980126953125,367.13499431689866
224,0.21337890625,0.13801371238140742,0.78662109375,0.13801371238140742,586.5041015625,369.10822215355995
225,0.21611328125,0.1381461825461536,0.78388671875,0.1381461825461536,590.024868774414,371.06240921518224
226,0.216015625,0.13746434529734372,0.783984375,0.1374643452973437,593.5907379150391,373.01858194485425
227,0.2162109375,0.13782767352869318,0.7837890625,0.13782767352869318,597.1549865722657,374.95524091340354
228,0.218359375,0.1414440125682464,0.781640625,0.14144401256824643,600.7224639892578,376.91381230676666
229,0.22041015625,0.14162314625374472,0.77958984375,0.14162314625374472,604.3253875732422,378.92228029989116
230,0.226953125,0.14515556146398864,0.773046875,0.14515556146398864,607.9621612548829,380.9780400553554
231,0.22431640625,0.14366097388675472,0.77568359375,0.14366097388675472,611.7068756103515,383.0673629601133
232,0.2263671875,0.14413268524880557,0.7736328125,0.14413268524880557,615.4081207275391,385.1177943550226
233,0.22578125,0.14239727935763744,0.77421875,0.1423972793576374,619.1431701660156,387.1636620956545
234,0.2248046875,0.14168155068391658,0.7751953125,0.14168155068391658,622.8685668945312,389.1840343887013
235,0.2240234375,0.14021220337437698,0.7759765625,0.14021220337437698,626.5778381347657,391.1878190362938
236,0.22705078125,0.13947230615853695,0.77294921875,0.13947230615853695,630.2742340087891,393.20170363126925
237,0.2265625,0.1416554315637205,0.7734375,0.1416554315637205,634.020556640625,395.2056260480844
238,0.2294921875,0.14740077932661602,0.7705078125,0.14740077932661602,637.7588409423828,397.1921493506937
239,0.2287109375,0.1459899206993441,0.7712890625,0.1459899206993441,641.5454620361328,399.27305746809293
240,0.22958984375,0.1458792514263221,0.77041015625,0.1458792514263221,645.3191925048828,401.3478914492358
241,0.23095703125,0.14779378954030703,0.76904296875,0.14779378954030703,649.107421875,403.4208774250695
242,0.2298828125,0.14648971344439013,0.7701171875,0.14648971344439013,652.9182159423829,405.5712258437624
243,0.2328125,0.14582547121199102,0.7671875,0.14582547121199102,656.7112854003906,407.6965204168677
244,0.2353515625,0.14833338248148473,0.7646484375,0.14833338248148473,660.552685546875,409.8386383511255
245,0.235546875,0.14674638026905576,0.764453125,0.14674638026905576,664.4359954833984,412.01705744408235
246,0.23154296875,0.14094097666036495,0.76845703125,0.14094097666036495,668.322509765625,414.18264408498646
247,0.23603515625,0.14218364333068037,0.76396484375,0.14218364333068037,672.14296875,416.30263060785074
248,0.23642578125,0.14058460927104222,0.76357421875,0.1405846092710422,676.0375518798828,418.4425089590602
249,0.23740234375,0.14174053659756555,0.76259765625,0.14174053659756555,679.9385772705078,420.55390608842845
250,0.2427734375,0.14477663396652024,0.7572265625,0.14477663396652024,683.8557159423829,422.70522884080236
251,0.24697265625,0.14681567353399044,0.75302734375,0.14681567353399044,687.8614837646485,424.90450311687664
252,0.248828125,0.14685876634854989,0.751171875,0.14685876634854989,691.9365173339844,427.13188271895757
253,0.2501953125,0.14706188243601737,0.7498046875,0.1470618824360174,696.0421936035157,429.3443023251041
254,0.25185546875,0.14762023809571156,0.74814453125,0.14762023809571156,700.1704071044921,431.57441458662436
255,0.25791015625,0.15359341346804753,0.74208984375,0.15359341346804753,704.3260223388672,433.80498992864153
256,0.260546875,0.15361598182821626,0.739453125,0.15361598182821629,708.5815521240235,436.1251118329472
257,0.26435546875,0.15697588347824137,0.73564453125,0.15697588347824137,712.8805755615234,438.4132528939903
258,0.2701171875,0.16094757344839278,0.7298828125,0.16094757344839278,717.242431640625,440.71992042461557
259,0.27197265625,0.16294919065758479,0.72802734375,0.16294919065758479,721.6993560791016,443.09339080570004
260,0.27353515625,0.16558448727875497,0.72646484375,0.16558448727875497,726.1869079589844,445.47306883192414
261,0.27431640625,0.16546925833734769,0.72568359375,0.16546925833734769,730.7002471923828,447.88870162845245
262,0.27509765625,0.16541657198783924,0.72490234375,0.16541657198783924,735.22646484375,450.33334090566274
263,0.27744140625,0.1658451847972517,0.72255859375,0.1658451847972517,739.765576171875,452.7721895283912
264,0.27734375,0.16391478655379618,0.72265625,0.16391478655379618,744.3433654785156,455.1964668944728
265,0.2771484375,0.16170695533679705,0.7228515625,0.16170695533679705,748.9195373535156,457.6129873726461
266,0.27705078125,0.16290400242018796,0.72294921875,0.16290400242018793,753.4924865722656,460.02420908904065
267,0.281640625,0.16469731629159093,0.718359375,0.16469731629159093,758.0637939453125,462.44378065106184
268,0.2818359375,0.16412364002137897,0.7181640625,0.16412364002137897,762.7108795166016,464.9012668186525
269,0.27783203125,0.16087351888287516,0.72216796875,0.16087351888287516,767.361181640625,467.3171338766282
270,0.27900390625,0.1604466034669694,0.72099609375,0.1604466034669694,771.94541015625,469.66077438599314
271,0.27734375,0.15951723222112488,0.72265625,0.15951723222112488,776.5489807128906,472.01378593496423
272,0.27998046875,0.16212822861938259,0.72001953125,0.1621282286193826,781.1251434326172,474.31136821844194
273,0.28212890625,0.16255143158633392,0.71787109375,0.16255143158633392,785.7448181152344,476.6365043009768
274,0.2798828125,0.1622506208834061,0.7201171875,0.1622506208834061,790.3999450683593,478.9647982339877
275,0.277734375,0.16008430167439316,0.722265625,0.16008430167439316,795.0180114746094,481.2677114031019
276,0.2775390625,0.16000838734577666,0.7224609375,0.16000838734577663,799.6006225585937,483.4923390711206
277,0.2751953125,0.15899913072648336,0.7248046875,0.15899913072648336,804.1800201416015,485.705243895819
278,0.27353515625,0.16005942790737487,0.72646484375,0.16005942790737487,808.7207458496093,487.8935618018646
279,0.27158203125,0.15727474635317046,0.72841796875,0.15727474635317046,813.2340759277344,490.0715108568713
280,0.2736328125,0.15876143286679534,0.7263671875,0.15876143286679534,817.7151672363282,492.2083952109853
281,0.2755859375,0.16017518466577413,0.7244140625,0.16017518466577413,822.2301025390625,494.34072005794195
282,0.28173828125,0.1641027492016274,0.71826171875,0.1641027492016274,826.7772766113281,496.51562199524346
283,0.2822265625,0.16361079931454325,0.7177734375,0.16361079931454325,831.4259704589844,498.7499014016653
284,0.2859375,0.1662302151717165,0.7140625,0.16623021517171646,836.0826904296875,500.98239106287684
285,0.2916015625,0.16956409892007837,0.7083984375,0.16956409892007837,840.8006408691406,503.22856054504706
286,0.294140625,0.1708000833051063,0.705859375,0.1708000833051063,845.6120788574219,505.53847050634727
287,0.29091796875,0.1680927333570559,0.70908203125,0.1680927333570559,850.4654113769532,507.83486959942377
288,0.290625,0.16886920250937512,0.709375,0.16886920250937512,855.265576171875,510.10648055427674
289,0.29091796875,0.1677889264987139,0.70908203125,0.1677889264987139,860.0608337402343,512.3839929189388
290,0.2935546875,0.16749695276933166,0.7064453125,0.16749695276933166,864.8610290527344,514.6386932911674
291,0.29306640625,0.16840845087552447,0.70693359375,0.16840845087552447,869.7046752929688,516.9156375443598
292,0.29521484375,0.16650608273870734,0.70478515625,0.16650608273870734,874.5402648925781,519.2383572755349
293,0.294921875,0.16562799415041246,0.705078125,0.16562799415041246,879.4113342285157,521.5387269852718
294,0.29853515625,0.1679807011100816,0.70146484375,0.1679807011100816,884.2775146484375,523.8396629376634
295,0.30048828125,0.16900234428450164,0.69951171875,0.16900234428450164,889.203369140625,526.2011401833589
296,0.29736328125,0.16618514437976822,0.70263671875,0.16618514437976822,894.1614196777343,528.5630396324375
297,0.2982421875,0.16600884636896282,0.7017578125,0.16600884636896282,899.067919921875,530.8557160469486
298,0.2998046875,0.16778582881335938,0.7001953125,0.16778582881335938,903.9888854980469,533.1839366527632
299,0.29814453125,0.1654367492681806,0.70185546875,0.1654367492681806,908.9356872558594,535.5534370124852
300,0.2982421875,0.16695289194093466,0.7017578125,0.16695289194093466,913.8550598144532,537.8881739725716
301,0.3001953125,0.169417804784872,0.6998046875,0.169417804784872,918.7760498046875,540.2293179554421
302,0.29716796875,0.1660288655106071,0.70283203125,0.1660288655106071,923.729296875,542.641204515925
303,0.29990234375,0.16872188192570567,0.70009765625,0.16872188192570567,928.6325500488281,545.006997171448
304,0.2970703125,0.16703204476833836,0.7029296875,0.16703204476833836,933.5809143066406,547.3912553050823
305,0.30341796875,0.17275997860653342,0.69658203125,0.17275997860653342,938.482568359375,549.7482987933398
306,0.29921875,0.17225311303059365,0.70078125,0.17225311303059365,943.4889892578125,552.182347718396
307,0.30400390625,0.17397567144857193,0.69599609375,0.17397567144857193,948.4260925292969,554.6097738380172
308,0.302734375,0.17117834220867018,0.697265625,0.17117834220867018,953.4421508789062,557.0362214826835
309,0.296484375,0.1701121420391285,0.703515625,0.1701121420391285,958.4372619628906,559.4114482624666
310,0.296875,0.16967081398882045,0.703125,0.16967081398882045,963.3292541503906,561.6813681481093
311,0.29658203125,0.1683079616701119,0.70341796875,0.1683079616701119,968.2277282714844,563.9465318302204
312,0.29541015625,0.16720178846105443,0.70458984375,0.16720178846105443,973.1213317871094,566.223678415958
313,0.29501953125,0.16508727684234095,0.70498046875,0.16508727684234095,977.9955810546875,568.4903917717804
314,0.2978515625,0.16681391251538766,0.7021484375,0.16681391251538766,982.8633850097656,570.7213494820045
315,0.2984375,0.16637380937455507,0.7015625,0.16637380937455507,987.7779357910156,572.9791773839479
316,0.3033203125,0.16918910787527905,0.6966796875,0.16918910787527905,992.7021789550781,575.2411234666071
317,0.30009765625,0.16665207163166612,0.69990234375,0.16665207163166612,997.70693359375,577.5772716402165
318,0.29541015625,0.1650218706374894,0.70458984375,0.1650218706374894,1002.6585632324219,579.8756536101886
319,0.29912109375,0.16598348149300893,0.70087890625,0.16598348149300896,1007.5328369140625,582.1681905798982
320,0.29873046875,0.1644540818428963,0.70126953125,0.1644540818428963,1012.4683166503906,584.4861325078215
321,0.29375,0.16315890022058682,0.70625,0.16315890022058682,1017.3973999023438,586.739997532252
322,0.2896484375,0.16184395628667583,0.7103515625,0.16184395628667583,1022.2442626953125,588.920552474622
323,0.2869140625,0.15862681978953927,0.7130859375,0.15862681978953927,1027.0234436035157,591.1051749910487
324,0.28427734375,0.1575570635888571,0.71572265625,0.1575570635888571,1031.7575256347657,593.2724714943652
325,0.2810546875,0.15316211484192677,0.7189453125,0.15316211484192674,1036.4481079101563,595.3627786097945
326,0.283203125,0.15306071274859978,0.716796875,0.15306071274859978,1041.0855041503905,597.4214891123747
327,0.2826171875,0.15313060516686247,0.7173828125,0.15313060516686247,1045.7583984375,599.5284826812969
328,0.28203125,0.1550176007522009,0.71796875,0.1550176007522009,1050.4215698242188,601.6250368818509
329,0.283203125,0.15611627578488224,0.716796875,0.15611627578488224,1055.0750610351563,603.6708744563874
330,0.28759765625,0.158534477695819,0.71240234375,0.158534477695819,1059.7479125976563,605.7224366566438
331,0.28408203125,0.15504752753290643,0.71591796875,0.15504752753290643,1064.4932739257813,607.7965516510747
332,0.28359375,0.1542580548475559,0.71640625,0.1542580548475559,1069.1806030273438,609.8068659839403
333,0.28427734375,0.15572632581826504,0.71572265625,0.15572632581826504,1073.859912109375,611.803595846848
334,0.28896484375,0.15854843319034806,0.71103515625,0.15854843319034806,1078.5504821777345,613.8239848472176
335,0.28896484375,0.1591499984295384,0.71103515625,0.1591499984295384,1083.3184326171875,615.8828166466503
336,0.2896484375,0.15980644916989134,0.7103515625,0.15980644916989134,1088.0863220214844,617.9475986806874
337,0.28515625,0.15644336180119678,0.71484375,0.15644336180119678,1092.8655334472655,620.0103375447511
338,0.2865234375,0.15694073397921138,0.7134765625,0.15694073397921138,1097.5706298828125,622.0127741065178
339,0.2892578125,0.15868332311144548,0.7107421875,0.15868332311144548,1102.2982421875,624.0569114438291
340,0.28935546875,0.158350173991535,0.71064453125,0.158350173991535,1107.071044921875,626.1303716472397
341,0.2921875,0.15956373819841263,0.7078125,0.1595637381984126,1111.8453430175782,628.1535452401146
342,0.2935546875,0.161763208147755,0.7064453125,0.161763208147755,1116.6664672851562,630.1921085003902
343,0.29052734375,0.16044375038231676,0.70947265625,0.16044375038231676,1121.5100952148437,632.2436535718845
344,0.290234375,0.15970174169767068,0.709765625,0.15970174169767068,1126.303778076172,634.275613702465
345,0.28681640625,0.1566821721026664,0.71318359375,0.15668217210266638,1131.0926635742187,636.2844952026376
346,0.28466796875,0.1565769589385187,0.71533203125,0.1565769589385187,1135.825146484375,638.2683087034598
347,0.28564453125,0.1567571420700372,0.71435546875,0.1567571420700372,1140.5221435546875,640.2212825067354
348,0.28515625,0.1565189335981658,0.71484375,0.1565189335981658,1145.2353088378907,642.1649699098061
349,0.28544921875,0.15497283820613547,0.71455078125,0.15497283820613547,1149.940362548828,644.0929784448931
350,0.28740234375,0.1578090251879978,0.71259765625,0.15780902518799783,1154.6503173828125,646.0036272809517
351,0.2841796875,0.15666022808290647,0.7158203125,0.15666022808290647,1159.3924499511718,647.9170587528685
352,0.283203125,0.1559708199230884,0.716796875,0.1559708199230884,1164.0813903808594,649.8542679002952
353,0.283203125,0.15562803456974894,0.716796875,0.15562803456974894,1168.7542358398437,651.796107912448
354,0.284375,0.1557822588827662,0.715625,0.1557822588827662,1173.4270935058594,653.7540178860214
355,0.2857421875,0.15480114393969788,0.7142578125,0.15480114393969788,1178.1192626953125,655.7175103735428
356,0.2802734375,0.15267579499208395,0.7197265625,0.15267579499208395,1182.8340209960938,657.7071211582123
357,0.28056640625,0.15298658070275992,0.71943359375,0.15298658070275992,1187.4585266113281,659.6291923503824
358,0.28486328125,0.15525319861220668,0.71513671875,0.15525319861220666,1192.0878967285157,661.5482071465622
359,0.28642578125,0.15716289107694933,0.71357421875,0.15716289107694933,1196.788134765625,663.545444519818
360,0.28740234375,0.1571246576297887,0.71259765625,0.15712465762978872,1201.5141540527343,665.5839325434961
361,0.289453125,0.15993470290057293,0.710546875,0.15993470290057293,1206.2562683105468,667.6520143882819
362,0.28818359375,0.15950494592346612,0.71181640625,0.15950494592346612,1211.0322998046875,669.7314128388182
363,0.28837890625,0.15766513100024745,0.71162109375,0.15766513100024748,1215.7872924804688,671.7970918725986
364,0.28935546875,0.15763427944231498,0.71064453125,0.157634279442315,1220.5455444335937,673.8853039966533
365,0.29345703125,0.1602802076032497,0.70654296875,0.1602802076032497,1225.3199340820313,675.9917985672089
366,0.296484375,0.16287598761422323,0.703515625,0.16287598761422323,1230.1619873046875,678.1580019015873
367,0.30341796875,0.16665493288061528,0.69658203125,0.16665493288061528,1235.0539672851562,680.3635922995649
368,0.305078125,0.1692713842138472,0.694921875,0.1692713842138472,1240.0603393554688,682.6540781074253
369,0.30908203125,0.17077967413535583,0.69091796875,0.17077967413535583,1245.0941284179687,684.9302946511167
370,0.31435546875,0.17397260169563217,0.68564453125,0.17397260169563217,1250.1940063476563,687.2268487657038
371,0.31025390625,0.1735997721042104,0.68974609375,0.1735997721042104,1255.380859375,689.5754335097831
372,0.3103515625,0.1735886473639689,0.6896484375,0.1735886473639689,1260.5000244140624,691.8794015348961
373,0.31455078125,0.17584170509886213,0.68544921875,0.17584170509886213,1265.620849609375,694.1985509112327
374,0.3166015625,0.1763823273540522,0.6833984375,0.1763823273540522,1270.8109252929687,696.5696893805227
375,0.3205078125,0.1773770876567375,0.6794921875,0.1773770876567375,1276.0348388671875,698.9641373545162
376,0.327734375,0.18216134199275533,0.672265625,0.18216134199275533,1281.3232421875,701.3704671234367
377,0.33193359375,0.1846593958712107,0.66806640625,0.1846593958712107,1286.7308715820313,703.810136719303
378,0.33330078125,0.1861170566931313,0.66669921875,0.1861170566931313,1292.2077514648438,706.3093470117426
379,0.3337890625,0.1858697848072593,0.6662109375,0.1858697848072593,1297.7072143554688,708.8500160304519
380,0.332421875,0.18623597367486497,0.667578125,0.18623597367486497,1303.21474609375,711.3642265396365
381,0.3296875,0.18291054729169356,0.6703125,0.18291054729169356,1308.6996704101562,713.8915868706963
382,0.32548828125,0.1799527010762378,0.67451171875,0.1799527010762378,1314.1395263671875,716.3992108658173
383,0.3203125,0.17859403194695592,0.6796875,0.17859403194695592,1319.5100708007812,718.8514862768162
384,0.32236328125,0.18051590736860382,0.67763671875,0.18051590736860382,1324.7952514648437,721.2614759654614
385,0.3220703125,0.18074417564959044,0.6779296875,0.18074417564959044,1330.1142578125,723.6971173506003
386,0.3205078125,0.17941119636291122,0.6794921875,0.17941119636291125,1335.4283935546875,726.1507556867141
387,0.3244140625,0.18021735313936502,0.6755859375,0.18021735313936502,1340.716796875,728.5731653344134
388,0.32626953125,0.18106609090470996,0.67373046875,0.18106609090470996,1346.069580078125,731.0389058634066
389,0.32763671875,0.18073808133201785,0.67236328125,0.18073808133201785,1351.4530883789062,733.5668881731114
390,0.3228515625,0.1768393717222307,0.6771484375,0.1768393717222307,1356.8590454101563,736.1125962511887
391,0.321484375,0.1761789121723661,0.678515625,0.1761789121723661,1362.1861328125,738.6448372353892
392,0.325390625,0.1771575891723727,0.674609375,0.1771575891723727,1367.4906127929687,741.1768506027944
393,0.3294921875,0.17992204037524967,0.6705078125,0.17992204037524967,1372.8595458984375,743.7504925644033
394,0.32568359375,0.17709968341818483,0.67431640625,0.17709968341818483,1378.2961547851562,746.3774154507076
395,0.32001953125,0.1743015246623901,0.67998046875,0.1743015246623901,1383.669921875,748.9596815936613
396,0.3224609375,0.17502648289431935,0.6775390625,0.17502648289431938,1388.95029296875,751.4818690690691
397,0.3228515625,0.175334284171849,0.6771484375,0.175334284171849,1394.2708618164063,754.0503776555407
398,0.3205078125,0.1740396579842351,0.6794921875,0.17403965798423512,1399.5979125976562,756.5936112143481
399,0.32373046875,0.1757927784848036,0.67626953125,0.1757927784848036,1404.8862670898438,759.0739575863593
400,0.3236328125,0.1742539990265871,0.6763671875,0.1742539990265871,1410.2278442382812,761.5613568710523
401,0.32333984375,0.1725342746905471,0.67666015625,0.1725342746905471,1415.5678100585938,764.0275311887711
402,0.3234375,0.17147436438605498,0.6765625,0.17147436438605498,1420.902880859375,766.4988605873509
403,0.32685546875,0.17289682603860498,0.67314453125,0.17289682603860496,1426.2396118164063,768.9512122640342
404,0.32998046875,0.17429408339210245,0.67001953125,0.17429408339210245,1431.6327270507813,771.416081119731
405,0.33212890625,0.1756528665284268,0.66787109375,0.1756528665284268,1437.07744140625,773.9232901661079
406,0.334375,0.17832266564712432,0.665625,0.17832266564712432,1442.557568359375,776.4794694361824
407,0.335546875,0.17935080122458988,0.664453125,0.17935080122458988,1448.0747192382812,779.044682799453
408,0.33203125,0.17821503087283044,0.66796875,0.17821503087283044,1453.6112670898438,781.622332836582
409,0.330859375,0.17768006553487242,0.669140625,0.17768006553487245,1459.0898071289062,784.1702992877199
410,0.33486328125,0.1810639840941858,0.66513671875,0.1810639840941858,1464.5489501953125,786.7148096432239
411,0.33125,0.18105890131288466,0.66875,0.18105890131288466,1470.0742065429688,789.3276482915411
412,0.33193359375,0.18246643698392961,0.66806640625,0.18246643698392961,1475.53984375,791.9216439497866
413,0.32939453125,0.18138320237587044,0.67060546875,0.18138320237587047,1481.016748046875,794.5477040343122
414,0.327734375,0.18068528169308037,0.672265625,0.18068528169308037,1486.4517456054687,797.1554950643729
415,0.326171875,0.18107849425468217,0.673828125,0.18107849425468217,1491.859375,799.7510944120082
416,0.32724609375,0.18190633392463113,0.67275390625,0.18190633392463113,1497.241162109375,802.3591286767956
417,0.32587890625,0.1803127126180099,0.67412109375,0.1803127126180099,1502.6407470703125,804.9849664207592
418,0.32568359375,0.17808668828840696,0.67431640625,0.17808668828840696,1508.017724609375,807.5912611921517
419,0.32177734375,0.17464162370857464,0.67822265625,0.17464162370857464,1513.3915161132813,810.1749039291302
420,0.32041015625,0.17389035600416397,0.67958984375,0.17389035600416397,1518.7008544921875,812.6808391225014
421,0.31982421875,0.17481082500573175,0.68017578125,0.17481082500573175,1523.9876220703125,815.1649847001041
422,0.31962890625,0.17397347877342778,0.68037109375,0.17397347877342778,1529.26474609375,817.5954784921623
423,0.321484375,0.1762941735285576,0.678515625,0.1762941735285576,1534.5385620117188,820.0344896925576
424,0.32138671875,0.17720315208128762,0.67861328125,0.17720315208128762,1539.8430908203125,822.461836347364
425,0.32177734375,0.17845794614039862,0.67822265625,0.17845794614039862,1545.1459228515625,824.8891230545134
426,0.324609375,0.18083564487274892,0.675390625,0.18083564487274892,1550.4552856445312,827.320791392382
427,0.3259765625,0.18277942325633367,0.6740234375,0.18277942325633365,1555.8113403320312,829.7656642444223
428,0.32236328125,0.18044985717700135,0.67763671875,0.18044985717700135,1561.1899291992188,832.20289364285
429,0.32099609375,0.1797639369097864,0.67900390625,0.1797639369097864,1566.5089477539063,834.6197046002407
430,0.31962890625,0.18034444383862208,0.68037109375,0.18034444383862205,1571.805322265625,837.0183649411755
431,0.3203125,0.18023968315492864,0.6796875,0.18023968315492864,1577.079248046875,839.3846781174117
432,0.3169921875,0.18153937029953035,0.6830078125,0.18153937029953035,1582.3644165039063,841.7741265789713
433,0.31962890625,0.18259893479135764,0.68037109375,0.1825989347913576,1587.5947998046875,844.1326132019798
434,0.31953125,0.18496815587815335,0.68046875,0.18496815587815335,1592.8686401367188,846.5287593673588
435,0.315625,0.18328795593950103,0.684375,0.18328795593950103,1598.14091796875,848.9353898702857
436,0.31171875,0.18158223187744377,0.68828125,0.18158223187744374,1603.3487060546875,851.3313604003894
437,0.31318359375,0.18278946690670153,0.68681640625,0.18278946690670153,1608.49208984375,853.681311238789
438,0.31630859375,0.1830816130293235,0.68369140625,0.1830816130293235,1613.659619140625,856.0528765193021
439,0.31240234375,0.18027166528956903,0.68759765625,0.18027166528956903,1618.8787231445312,858.4454358985743
440,0.31171875,0.1798067708778388,0.68828125,0.1798067708778388,1624.0333740234375,860.7872581667782
441,0.30966796875,0.1771460956725723,0.69033203125,0.1771460956725723,1629.1766967773438,863.125595746852
442,0.3048828125,0.17210223348920448,0.6951171875,0.17210223348920448,1634.2862060546875,865.4584500627811
443,0.30537109375,0.17079408086128448,0.69462890625,0.17079408086128445,1639.316796875,867.7529931536236
444,0.3044921875,0.17307530981110775,0.6955078125,0.17307530981110777,1644.3554443359376,870.0700476648663
445,0.3041015625,0.17263249712884712,0.6958984375,0.17263249712884712,1649.3795654296875,872.4168417705669
446,0.30009765625,0.17135989596017337,0.69990234375,0.1713598959601734,1654.397216796875,874.7434246499316
447,0.30380859375,0.17303929710587565,0.69619140625,0.17303929710587565,1659.3488403320312,877.0513125383386
448,0.30732421875,0.1750293434609971,0.69267578125,0.17502934346099713,1664.3617065429687,879.3807296209549
449,0.31376953125,0.17805551880379686,0.68623046875,0.17805551880379686,1669.4325317382813,881.7599471681734
450,0.31240234375,0.17455707082421912,0.68759765625,0.17455707082421912,1674.6097045898437,884.1932668286314
451,0.31328125,0.17475001327230816,0.68671875,0.17475001327230816,1679.7643920898438,886.6103826311393
452,0.30986328125,0.17124632559962294,0.69013671875,0.1712463255996229,1684.9335083007813,889.0174108884659
453,0.30634765625,0.16922171325061577,0.69365234375,0.16922171325061577,1690.0462646484375,891.37017778684
454,0.30380859375,0.17019579327199996,0.69619140625,0.17019579327199996,1695.1009887695313,893.6989676729925
455,0.30107421875,0.1701894052814215,0.69892578125,0.1701894052814215,1700.1137939453124,895.9877044397372
456,0.30078125,0.17085267244369443,0.69921875,0.17085267244369443,1705.0815551757812,898.2638321279575
457,0.29736328125,0.16749242623130348,0.70263671875,0.16749242623130348,1710.04443359375,900.5141489292396
458,0.30126953125,0.17058579102674326,0.69873046875,0.17058579102674326,1714.9509643554688,902.7582773091631
459,0.30439453125,0.17172403815112974,0.69560546875,0.17172403815112974,1719.9218627929688,905.0074298644616
460,0.302734375,0.16951279781493453,0.697265625,0.16951279781493453,1724.9443969726562,907.2984684501605
461,0.2998046875,0.16893628046666043,0.7001953125,0.16893628046666043,1729.939501953125,909.5879105818573
462,0.29912109375,0.16987868187558475,0.70087890625,0.16987868187558477,1734.8863403320313,911.8591251075541
463,0.29697265625,0.16942413743424198,0.70302734375,0.16942413743424198,1739.82177734375,914.1371784209392
464,0.2990234375,0.16902533780275647,0.7009765625,0.1690253378027565,1744.7218505859375,916.3812848325016
465,0.29794921875,0.16711518336862483,0.70205078125,0.16711518336862483,1749.6557250976562,918.651781241565
466,0.29453125,0.16314393616892847,0.70546875,0.16314393616892847,1754.5718872070313,920.9140327185111
467,0.29326171875,0.16232457595692257,0.70673828125,0.16232457595692257,1759.4316650390624,923.1465226523255
468,0.29345703125,0.16155676353792384,0.70654296875,0.16155676353792384,1764.2704833984376,925.3916431566031
469,0.29287109375,0.15984240041929348,0.70712890625,0.15984240041929348,1769.1125610351562,927.6286398507227
470,0.2884765625,0.15731218553647303,0.7115234375,0.15731218553647303,1773.944873046875,929.8526183118847
471,0.28828125,0.15553719245667477,0.71171875,0.15553719245667477,1778.7047607421875,932.0485121831481
472,0.28779296875,0.15693942749346812,0.71220703125,0.15693942749346812,1783.4613647460938,934.2437921456169
473,0.2869140625,0.15755424897358022,0.7130859375,0.15755424897358022,1788.2099731445312,936.4460742003548
474,0.291796875,0.1579212380639179,0.708203125,0.15792123806391786,1792.944091796875,938.6527555844773
475,0.29111328125,0.1574341421340907,0.70888671875,0.1574341421340907,1797.7587280273438,940.9011900562919
476,0.2890625,0.15632749543070382,0.7109375,0.15632749543070382,1802.5620849609375,943.1085378457803
477,0.28916015625,0.15809545550055118,0.71083984375,0.15809545550055118,1807.3316040039062,945.29933763222
478,0.2904296875,0.1570415740154125,0.7095703125,0.1570415740154125,1812.1027465820312,947.4786992781468
479,0.29248046875,0.15917504426701828,0.70751953125,0.15917504426701828,1816.8948486328125,949.6530974924686
480,0.296484375,0.1613677264878435,0.703515625,0.1613677264878435,1821.72080078125,951.8321707982794
481,0.30029296875,0.16294567906754148,0.69970703125,0.16294567906754148,1826.612744140625,954.0745192420826
482,0.298046875,0.16259152695842385,0.701953125,0.16259152695842385,1831.5675903320312,956.3333038694573
483,0.29951171875,0.1642635312712121,0.70048828125,0.1642635312712121,1836.4853881835938,958.5763372019916
484,0.29921875,0.16487845828324382,0.70078125,0.16487845828324382,1841.427294921875,960.8377512409851
485,0.2978515625,0.16388394766792339,0.7021484375,0.16388394766792339,1846.3644165039063,963.0759015009575
486,0.293359375,0.16240748192600882,0.706640625,0.16240748192600882,1851.2789794921875,965.3059738619256
487,0.29423828125,0.16454660834842427,0.70576171875,0.16454660834842427,1856.1194091796874,967.5090361183021
488,0.29697265625,0.1663647810436575,0.70302734375,0.1663647810436575,1860.9743041992188,969.7148561413946
489,0.29541015625,0.1670066068792879,0.70458984375,0.1670066068792879,1865.8743896484375,971.9449735208516
490,0.296484375,0.16834827218320453,0.703515625,0.16834827218320453,1870.7486694335937,974.1735732026023
491,0.2978515625,0.1681265156617322,0.7021484375,0.1681265156617322,1875.640625,976.406035903276
492,0.2978515625,0.1672107715988174,0.7021484375,0.1672107715988174,1880.5552001953124,978.6485280151055
493,0.3015625,0.17121165493661,0.6984375,0.17121165493661,1885.4697509765624,980.8797817173312
494,0.301953125,0.17037744246346292,0.698046875,0.17037744246346292,1890.4455200195312,983.1316059797055
495,0.2953125,0.16772909411080256,0.7046875,0.16772909411080256,1895.4277587890624,985.3919157400758
496,0.29931640625,0.16877432753788196,0.70068359375,0.16877432753788196,1900.3004150390625,987.6023782580498
497,0.3001953125,0.16830521351836056,0.6998046875,0.16830521351836056,1905.2391357421875,989.8355671142257
498,0.302734375,0.1684161238827548,0.697265625,0.1684161238827548,1910.192333984375,992.1018963829422
499,0.30234375,0.16838339083351941,0.69765625,0.16838339083351941,1915.1874633789062,994.3983456927335
500,0.30703125,0.169529224858296,0.69296875,0.169529224858296,1920.176123046875,996.6888569479236
501,0.30888671875,0.17302805365513585,0.69111328125,0.17302805365513585,1925.2421630859376,999.0190290884616
502,0.30654296875,0.17195180390685436,0.69345703125,0.17195180390685436,1930.338818359375,1001.3536011357737
503,0.30546875,0.16984766249374716,0.69453125,0.16984766249374714,1935.3967529296874,1003.7051518804725
504,0.3048828125,0.16796977198090257,0.6951171875,0.16796977198090257,1940.4369873046876,1006.0484925181698
505,0.30712890625,0.16951012545699531,0.69287109375,0.16951012545699531,1945.4675415039062,1008.4152076256851
506,0.30361328125,0.16877839591274674,0.69638671875,0.16877839591274674,1950.5351806640624,1010.8083960636018
507,0.30166015625,0.16775197790034413,0.69833984375,0.16775197790034413,1955.54482421875,1013.20873530727
508,0.30126953125,0.16918068074525164,0.69873046875,0.16918068074525164,1960.5221923828126,1015.6072500291277
509,0.30205078125,0.16858028778830023,0.69794921875,0.16858028778830023,1965.4931396484376,1018.0062574921737
510,0.2998046875,0.16974442961911518,0.7001953125,0.16974442961911518,1970.4769775390625,1020.413875983358
511,0.298046875,0.169010103183293,0.701953125,0.169010103183293,1975.42373046875,1022.8022222155521
512,0.2939453125,0.1670920982186452,0.7060546875,0.1670920982186452,1980.34150390625,1025.1921475654294
513,0.29599609375,0.16570366484802737,0.70400390625,0.16570366484802737,1985.191650390625,1027.5629713514825
514,0.297265625,0.16725308566817937,0.702734375,0.16725308566817937,1990.0755249023437,1029.9353092295307
515,0.29501953125,0.16502140831057546,0.70498046875,0.16502140831057546,1994.9804443359376,1032.318405284289
516,0.3,0.16728307541211673,0.7,0.16728307541211673,1999.8482788085937,1034.7005592701928
517,0.29814453125,0.16523197974955697,0.70185546875,0.16523197974955695,2004.7982666015625,1037.1265753380394
518,0.300390625,0.1679041254678428,0.699609375,0.1679041254678428,2009.7176513671875,1039.5422718139191
519,0.3009765625,0.16829252044141307,0.6990234375,0.16829252044141307,2014.6741088867188,1041.992657251045
520,0.2994140625,0.16530015866917577,0.7005859375,0.16530015866917577,2019.640185546875,1044.4466196616152
521,0.30302734375,0.1646526367810434,0.69697265625,0.1646526367810434,2024.58056640625,1046.889438829658
522,0.30439453125,0.1655018762672304,0.69560546875,0.16550187626723037,2029.5804931640625,1049.3697702994684
523,0.30859375,0.1680992861231635,0.69140625,0.1680992861231635,2034.6030395507812,1051.8602612167267
524,0.30458984375,0.16865064733874674,0.69541015625,0.16865064733874674,2039.69482421875,1054.3595340195943
525,0.30068359375,0.16712944948126626,0.69931640625,0.16712944948126626,2044.720556640625,1056.8470176874177
526,0.296875,0.1661936086369082,0.703125,0.1661936086369082,2049.6818359375,1059.3104974386783
527,0.29296875,0.1640177347782164,0.70703125,0.1640177347782164,2054.580224609375,1061.7179259239138
528,0.29443359375,0.16548412737838203,0.70556640625,0.16548412737838203,2059.4142211914063,1064.0449980352944
529,0.29287109375,0.16406043641745366,0.70712890625,0.16406043641745366,2064.2723876953123,1066.3686996436722
530,0.2919921875,0.1633173414433179,0.7080078125,0.1633173414433179,2069.10478515625,1068.703106120061
531,0.29169921875,0.16344578680032815,0.70830078125,0.16344578680032815,2073.92265625,1071.0291752522808
532,0.29736328125,0.1682049177741344,0.70263671875,0.1682049177741344,2078.7356689453127,1073.371051971849
533,0.29951171875,0.17076448433294633,0.70048828125,0.17076448433294633,2083.6421630859377,1075.7663384226412
534,0.30302734375,0.17442349432959287,0.69697265625,0.17442349432959284,2088.584130859375,1078.1783707693282
535,0.3078125,0.1753645233918569,0.6921875,0.1753645233918569,2093.5840576171877,1080.6337354541215
536,0.3052734375,0.17394340892737886,0.6947265625,0.17394340892737886,2098.6629638671875,1083.1098404189809
537,0.3099609375,0.1774890993021649,0.6900390625,0.1774890993021649,2103.7000244140627,1085.563816296238
538,0.31103515625,0.17804062836130982,0.68896484375,0.17804062836130982,2108.814306640625,1088.0421861235257
539,0.312109375,0.1782386818565514,0.687890625,0.1782386818565514,2113.946435546875,1090.5281694715147
540,0.31552734375,0.1817841387436068,0.68447265625,0.1817841387436068,2119.0962646484377,1093.0022034213875
541,0.31357421875,0.18187802132001057,0.68642578125,0.18187802132001057,2124.30244140625,1095.51349137435
542,0.3177734375,0.18359385388959826,0.6822265625,0.18359385388959826,2129.4763916015627,1098.0166736502945
543,0.318359375,0.1815980922985284,0.681640625,0.1815980922985284,2134.719677734375,1100.551608357635
544,0.31982421875,0.18121919041248055,0.68017578125,0.18121919041248055,2139.9725830078123,1103.0902360984505
545,0.31552734375,0.17770724917487682,0.68447265625,0.17770724917487682,2145.24970703125,1105.6275460545287
546,0.3162109375,0.1785202192721173,0.6837890625,0.1785202192721173,2150.455908203125,1108.1391333361196
547,0.32001953125,0.18114223565127807,0.67998046875,0.18114223565127807,2155.673388671875,1110.6595622832522
548,0.31875,0.17722884837764316,0.68125,0.17722884837764316,2160.9537109375,1113.218122374771
549,0.3255859375,0.18063830052808785,0.6744140625,0.18063830052808785,2166.2130615234373,1115.752002845555
550,0.32880859375,0.18173355842533478,0.67119140625,0.18173355842533478,2171.585205078125,1118.3589254349083
551,0.33466796875,0.18330005285883513,0.66533203125,0.18330005285883513,2177.0105712890627,1120.9803257064752
552,0.33564453125,0.18459100516445015,0.66435546875,0.18459100516445018,2182.5325927734375,1123.6806024902028
553,0.33203125,0.1830782531857642,0.66796875,0.1830782531857642,2188.070751953125,1126.3682905843716
554,0.330859375,0.18203020218314306,0.669140625,0.18203020218314306,2193.549267578125,1129.012926651175
555,0.3255859375,0.1805886667001209,0.6744140625,0.1805886667001209,2199.008447265625,1131.667196324914
556,0.3263671875,0.18190442034114632,0.6736328125,0.1819044203411463,2204.3806396484374,1134.2837737393663
557,0.328515625,0.1834966914323023,0.671484375,0.1834966914323023,2209.7656982421877,1136.9091276810707
558,0.3291015625,0.1850048621286221,0.6708984375,0.1850048621286221,2215.1862060546873,1139.5647234056344
559,0.32978515625,0.18444939098593685,0.67021484375,0.18444939098593688,2220.6163818359373,1142.235632130217
560,0.327734375,0.18258700034589675,0.672265625,0.18258700034589675,2226.0578125,1144.9232109620207
561,0.32705078125,0.18106609090471,0.67294921875,0.18106609090471,2231.4654052734377,1147.6000481011201
562,0.32509765625,0.17974558015994754,0.67490234375,0.17974558015994754,2236.86181640625,1150.2552050229044
563,0.32919921875,0.18026161361718712,0.67080078125,0.18026161361718712,2242.22587890625,1152.8992494129088
564,0.32939453125,0.1793299825182752,0.67060546875,0.1793299825182752,2247.6576904296876,1155.5901685989356
565,0.3298828125,0.1785330398712899,0.6701171875,0.1785330398712899,2253.09267578125,1158.2860821464942
566,0.328125,0.1778191332929026,0.671875,0.1778191332929026,2258.5357421875,1161.0006285460474
567,0.330078125,0.17995532435081502,0.669921875,0.17995532435081502,2263.9498779296873,1163.6996573335682
568,0.32802734375,0.1794492784419185,0.67197265625,0.1794492784419185,2269.39609375,1166.4034752911218
569,0.32783203125,0.17922199489113713,0.67216796875,0.17922199489113716,2274.8085693359376,1169.0874097185338
570,0.3296875,0.17890678305733906,0.6703125,0.17890678305733906,2280.2177734375,1171.75986577114
571,0.33154296875,0.1797592683187957,0.66845703125,0.1797592683187957,2285.657666015625,1174.4262488985048
572,0.33427734375,0.18188672529355376,0.66572265625,0.18188672529355376,2291.128076171875,1177.108872965626
573,0.33212890625,0.1808927237494454,0.66787109375,0.1808927237494454,2296.6436767578125,1179.8029367827492
574,0.33291015625,0.18123876602611524,0.66708984375,0.18123876602611524,2302.123779296875,1182.477163800463
575,0.32900390625,0.18077986681251587,0.67099609375,0.18077986681251587,2307.6168701171873,1185.164543239272
576,0.3302734375,0.18141408924706964,0.6697265625,0.18141408924706964,2313.0453369140623,1187.8153112240138
577,0.3318359375,0.1848113505457047,0.6681640625,0.1848113505457047,2318.4948486328126,1190.4733556920623
578,0.3306640625,0.18349461252894714,0.6693359375,0.18349461252894714,2323.97021484375,1193.1704664855883
579,0.3322265625,0.18419677396221124,0.6677734375,0.18419677396221124,2329.426123046875,1195.8678083882664
580,0.33203125,0.1855807945969684,0.66796875,0.1855807945969684,2334.9078857421873,1198.60363928027
581,0.3306640625,0.18253162684807445,0.6693359375,0.18253162684807445,2340.38642578125,1201.3710002868252
582,0.3302734375,0.18541823254327675,0.6697265625,0.18541823254327675,2345.842431640625,1204.1270374666824
583,0.3314453125,0.18512967075840975,0.6685546875,0.18512967075840975,2351.2918701171875,1206.8929246649363
584,0.32822265625,0.18494838200686703,0.67177734375,0.18494838200686703,2356.760693359375,1209.6568628405778
585,0.32548828125,0.18332658524087309,0.67451171875,0.18332658524087309,2362.176416015625,1212.373860916718
586,0.32626953125,0.18526883464824553,0.67373046875,0.18526883464824553,2367.5469970703125,1215.060982382535
587,0.32353515625,0.1819580192775766,0.67646484375,0.18195801927757663,2372.9303955078126,1217.7789031388052
588,0.31923828125,0.1784906482544176,0.68076171875,0.1784906482544176,2378.2687255859373,1220.4780785255552
589,0.32578125,0.18006986321883084,0.67421875,0.18006986321883084,2383.536181640625,1223.1112880954531
590,0.32822265625,0.17951410302994442,0.67177734375,0.17951410302994442,2388.911572265625,1225.7717387332425
591,0.32861328125,0.18092582915357117,0.67138671875,0.18092582915357117,2394.3272216796877,1228.4365259763672
592,0.3298828125,0.1826604226894536,0.6701171875,0.1826604226894536,2399.749365234375,1231.0938984204313
593,0.33115234375,0.18322792780032462,0.66884765625,0.18322792780032462,2405.192431640625,1233.769041176207
594,0.33203125,0.18340717331430778,0.66796875,0.18340717331430778,2410.6564697265626,1236.4527276822084
595,0.33037109375,0.1815802623576044,0.66962890625,0.1815802623576044,2416.1349365234373,1239.145531366134
596,0.32744140625,0.18057063145746124,0.67255859375,0.18057063145746124,2421.5861083984373,1241.8121470084245
597,0.32568359375,0.1780497341754989,0.67431640625,0.1780497341754989,2426.9888916015625,1244.4588776590977
598,0.33115234375,0.1811382343730396,0.66884765625,0.1811382343730396,2432.3626708984375,1247.0630052634724
599,0.330078125,0.1800946474253191,0.669921875,0.1800946474253191,2437.82666015625,1249.712881785785
600,0.334765625,0.18350843679382078,0.665234375,0.18350843679382078,2443.272998046875,1252.3499843486393
601,0.33642578125,0.18277026609672423,0.66357421875,0.18277026609672423,2448.7965576171873,1255.0622427461062
602,0.33779296875,0.18198024051424394,0.66220703125,0.18198024051424394,2454.34765625,1257.7782410084776
603,0.337890625,0.18116432006401761,0.662109375,0.18116432006401761,2459.9211669921874,1260.5169426926236
604,0.33984375,0.18252420761297963,0.66015625,0.18252420761297963,2465.496435546875,1263.238367803233
605,0.3421875,0.18330065118036143,0.6578125,0.18330065118036143,2471.1038330078127,1265.968579433222
606,0.34443359375,0.1845341658139791,0.65556640625,0.1845341658139791,2476.7499267578123,1268.7364652488925
607,0.33994140625,0.1811708737995864,0.66005859375,0.1811708737995864,2482.43310546875,1271.5188505277674
608,0.34541015625,0.18391036632666258,0.65458984375,0.18391036632666258,2488.04208984375,1274.2541893718144
609,0.34638671875,0.1837687465940045,0.65361328125,0.1837687465940045,2493.7413330078125,1277.031511644006
610,0.34765625,0.1841720239656965,0.65234375,0.1841720239656965,2499.456787109375,1279.818806751546
611,0.349609375,0.18385069702447884,0.650390625,0.18385069702447884,2505.1930908203126,1282.611751334959
612,0.35400390625,0.18700712910490758,0.64599609375,0.18700712910490758,2510.9615966796873,1285.411706725771
613,0.355859375,0.1882452839416423,0.644140625,0.1882452839416423,2516.802734375,1288.2526386606883
614,0.3529296875,0.18832986924127967,0.6470703125,0.18832986924127967,2522.6744140625,1291.0905467290204
615,0.34736328125,0.18564864088362854,0.65263671875,0.18564864088362854,2528.49775390625,1293.9168561121282
616,0.34794921875,0.18700090740616082,0.65205078125,0.18700090740616085,2534.2292724609374,1296.7142553233527
617,0.3458984375,0.18568241348926726,0.6541015625,0.18568241348926726,2539.9704345703126,1299.519491640955
618,0.347265625,0.18770903061861796,0.652734375,0.18770903061861796,2545.677734375,1302.2973978908622
619,0.344921875,0.18677267788176352,0.655078125,0.18677267788176352,2551.4076416015623,1305.0967281452306
620,0.3419921875,0.1851217374546346,0.6580078125,0.18512173745463456,2557.098828125,1307.9001130603765
621,0.34140625,0.18296632734172147,0.65859375,0.18296632734172147,2562.74169921875,1310.6865157694408
622,0.34970703125,0.18617156867139348,0.65029296875,0.18617156867139348,2568.3749267578123,1313.4803928653273
623,0.348828125,0.18635146276802136,0.651171875,0.18635146276802134,2574.1450439453124,1316.3094778461304
624,0.3525390625,0.18657967084271893,0.6474609375,0.18657967084271893,2579.90078125,1319.1308448123013
625,0.35009765625,0.18771718480292876,0.64990234375,0.18771718480292876,2585.717578125,1321.9975096464589
626,0.35078125,0.189023655455547,0.64921875,0.189023655455547,2591.49423828125,1324.8551167246972
627,0.3494140625,0.18773321271227802,0.6505859375,0.18773321271227802,2597.2821533203123,1327.7078974419921
628,0.34658203125,0.18675411639598397,0.65341796875,0.18675411639598397,2603.047509765625,1330.5549809733861
629,0.34501953125,0.1883667557803859,0.65498046875,0.1883667557803859,2608.7660888671876,1333.3899858075936
630,0.3427734375,0.18838039969113818,0.6572265625,0.18838039969113818,2614.4589599609376,1336.2427763287574
631,0.34560546875,0.19214792231742533,0.65439453125,0.19214792231742533,2620.1146484375,1339.0709960812376
632,0.346875,0.19272593924713768,0.653125,0.1927259392471377,2625.8171630859374,1341.9297735357593
633,0.34267578125,0.19072265625,0.65732421875,0.19072265625,2631.5406005859377,1344.8066001922368
634,0.340625,0.1912461463689571,0.659375,0.1912461463689571,2637.19482421875,1347.6468126428215
635,0.34130859375,0.19259399596270854,0.65869140625,0.19259399596270854,2642.815087890625,1350.465800857763
636,0.33974609375,0.19303874240666377,0.66025390625,0.19303874240666377,2648.4466552734375,1353.2970066586656
637,0.33671875,0.19333510737865792,0.66328125,0.19333510737865792,2654.052490234375,1356.1104409152827
638,0.33134765625,0.188611638975583,0.66865234375,0.188611638975583,2659.6083251953123,1358.9190407463698
639,0.33388671875,0.18941710454126853,0.66611328125,0.18941710454126853,2665.0755859375,1361.6812337203382
640,0.3390625,0.1911967723302664,0.6609375,0.19119677233026638,2670.584765625,1364.4678154152127
641,0.33896484375,0.1912589366545253,0.66103515625,0.1912589366545253,2676.1792236328124,1367.2977698698178
642,0.335546875,0.19275879345340718,0.664453125,0.19275879345340718,2681.772216796875,1370.1185208890445
643,0.33857421875,0.19517917812952634,0.66142578125,0.19517917812952634,2687.3086669921877,1372.9010565892252
644,0.3341796875,0.19176107099619927,0.6658203125,0.19176107099619927,2692.895166015625,1375.7058369352746
645,0.3369140625,0.19397196207264725,0.6630859375,0.19397196207264725,2698.409130859375,1378.463561437977
646,0.3345703125,0.19214829455930849,0.6654296875,0.19214829455930849,2703.968212890625,1381.2473556940815
647,0.33642578125,0.19291015229510475,0.66357421875,0.19291015229510475,2709.488623046875,1384.0227093644908
648,0.34052734375,0.19599443937704875,0.65947265625,0.19599443937704875,2715.03974609375,1386.8273793977635
649,0.337890625,0.19529687437495,0.662109375,0.19529687437495,2720.6583740234373,1389.6772263316282
650,0.33720703125,0.19525538715740792,0.66279296875,0.19525538715740792,2726.2335693359373,1392.5159337702457
651,0.34140625,0.1940708579998674,0.65859375,0.1940708579998674,2731.7974365234377,1395.3407344823165
652,0.33671875,0.1890625,0.66328125,0.1890625,2737.4306884765624,1398.1897196255734
653,0.3328125,0.18656423392200944,0.6671875,0.18656423392200944,2742.9864990234373,1401.0065891073825
654,0.32666015625,0.18316118943850612,0.67333984375,0.18316118943850612,2748.47802734375,1403.8038643447464
655,0.32607421875,0.1815594629240528,0.67392578125,0.1815594629240528,2753.8678955078126,1406.5487380848733
656,0.32236328125,0.17756175619021272,0.67763671875,0.17756175619021272,2759.248095703125,1409.2791167836008
657,0.3220703125,0.17760651736973795,0.6779296875,0.17760651736973795,2764.5671142578126,1411.9506547091678
658,0.3169921875,0.1751617773784981,0.6830078125,0.1751617773784981,2769.88125,1414.6114803202904
659,0.31865234375,0.17619312099057505,0.68134765625,0.17619312099057505,2775.111572265625,1417.2320581335146
660,0.323046875,0.1761253143156129,0.676953125,0.1761253143156129,2780.369384765625,1419.8619181271142
661,0.3251953125,0.17599650448882545,0.6748046875,0.17599650448882545,2785.699658203125,1422.5065797945279
662,0.3279296875,0.1769814710670985,0.6720703125,0.1769814710670985,2791.065380859375,1425.1493960976354
663,0.3341796875,0.17885965465138223,0.6658203125,0.17885965465138223,2796.476220703125,1427.8127779546924
664,0.334765625,0.1773082546388801,0.665234375,0.1773082546388801,2801.990185546875,1430.5236237832084
665,0.3265625,0.17188953684973954,0.6734375,0.17188953684973954,2807.51376953125,1433.2513883705333
666,0.33193359375,0.17305252375973673,0.66806640625,0.17305252375973673,2812.9021240234374,1435.898300884328
667,0.33037109375,0.1721538985848814,0.66962890625,0.17215389858488142,2818.37900390625,1438.5811169361893
668,0.32978515625,0.17243342455548072,0.67021484375,0.17243342455548075,2823.8301513671877,1441.2518552792446
669,0.3298828125,0.17151329126931025,0.6701171875,0.17151329126931023,2829.2716064453125,1443.913349791948
670,0.32998046875,0.17100635543523862,0.67001953125,0.17100635543523862,2834.714697265625,1446.5928863372098
671,0.3322265625,0.1722285293463333,0.6677734375,0.1722285293463333,2840.1593994140626,1449.2725661779737
672,0.33359375,0.17210522577840096,0.66640625,0.17210522577840096,2845.64111328125,1451.9649910467756
673,0.33828125,0.1745847953547014,0.66171875,0.1745847953547014,2851.1454345703123,1454.683438679956
674,0.33740234375,0.17376790235762907,0.66259765625,0.17376790235762907,2856.727001953125,1457.4293102133547
675,0.3416015625,0.17592105985161757,0.6583984375,0.17592105985161755,2862.294140625,1460.177641932073
676,0.3453125,0.17838094960951897,0.6546875,0.17838094960951897,2867.93056640625,1462.946593899783
677,0.34326171875,0.17632200352999908,0.65673828125,0.17632200352999908,2873.628271484375,1465.7471595592733
678,0.340625,0.1742548746880243,0.659375,0.17425487468802434,2879.2921142578125,1468.5447058130283
679,0.34052734375,0.17432942659706402,0.65947265625,0.17432942659706402,2884.91240234375,1471.320789414691
680,0.34208984375,0.17489580049527714,0.65791015625,0.17489580049527714,2890.53115234375,1474.1054891770889
681,0.34580078125,0.17764928101196295,0.65419921875,0.17764928101196295,2896.175537109375,1476.89872377596
682,0.34619140625,0.17752028765723435,0.65380859375,0.17752028765723435,2901.8813720703124,1479.713024151824
683,0.34921875,0.18021703563104302,0.65078125,0.18021703563104302,2907.593505859375,1482.5290209556865
684,0.35078125,0.1827277614771579,0.64921875,0.18272776147715794,2913.35556640625,1485.3743058350426
685,0.34765625,0.18155292321585642,0.65234375,0.18155292321585642,2919.14345703125,1488.2152346725252
686,0.3498046875,0.1818451679316711,0.6501953125,0.18184516793167108,2924.8797607421875,1491.0312886316874
687,0.3498046875,0.1815969369503947,0.6501953125,0.1815969369503947,2930.6515380859373,1493.8666860272847
688,0.3509765625,0.18217861775491065,0.6490234375,0.18217861775491065,2936.42333984375,1496.701984282859
689,0.3484375,0.1806064097199587,0.6515625,0.1806064097199587,2942.2144775390625,1499.5343445914168
690,0.3525390625,0.18227951735927564,0.6474609375,0.18227951735927564,2947.9636962890627,1502.359026648154
691,0.3537109375,0.18335350388049287,0.6462890625,0.18335350388049285,2953.78056640625,1505.2223124922277
692,0.3458984375,0.17973939892488486,0.6541015625,0.17973939892488486,2959.616845703125,1508.098931548048
693,0.3474609375,0.17992288845106455,0.6525390625,0.17992288845106455,2965.3240966796875,1510.9142903243749
694,0.34853515625,0.17887119799398046,0.65146484375,0.17887119799398046,2971.05732421875,1513.7356393358123
695,0.34931640625,0.1777284994306982,0.65068359375,0.1777284994306982,2976.808056640625,1516.5488680343747
696,0.34423828125,0.17503108702156367,0.65576171875,0.17503108702156367,2982.57177734375,1519.3566626950117
697,0.3361328125,0.17210057108383695,0.6638671875,0.17210057108383695,2988.2517822265627,1522.1274933794111
698,0.33828125,0.17352622572159979,0.66171875,0.17352622572159979,2993.7979736328125,1524.8274192699728
699,0.34033203125,0.17545882430498974,0.65966796875,0.17545882430498974,2999.379638671875,1527.5765032529282
700,0.3388671875,0.17543422777190826,0.6611328125,0.17543422777190826,3004.99501953125,1530.3387545176336
701,0.33818359375,0.17551740724142145,0.66181640625,0.17551740724142142,3010.586376953125,1533.0896311714544
702,0.333203125,0.17429646353884648,0.666796875,0.17429646353884648,3016.1663818359375,1535.8319411555485
703,0.33359375,0.17632359909178263,0.66640625,0.17632359909178263,3021.6642822265626,1538.5214135091044
704,0.33544921875,0.17792917831465288,0.66455078125,0.17792917831465288,3027.1685791015625,1541.20686676908
705,0.3337890625,0.17724585162690076,0.6662109375,0.17724585162690076,3032.7034423828127,1543.885730958011
706,0.333984375,0.178242855233792,0.666015625,0.178242855233792,3038.2110107421877,1546.56353174941
707,0.32841796875,0.17715341714507443,0.67158203125,0.17715341714507446,3043.7217529296877,1549.2440348836715
708,0.3287109375,0.17570104507022583,0.6712890625,0.17570104507022583,3049.140673828125,1551.8890215267695
709,0.3197265625,0.1707461374943465,0.6802734375,0.1707461374943465,3054.564404296875,1554.5289327330033
710,0.32197265625,0.172713602474195,0.67802734375,0.172713602474195,3059.83984375,1557.0885085401947
711,0.31806640625,0.16950326152353015,0.68193359375,0.16950326152353015,3065.15244140625,1559.6629477460656
712,0.3189453125,0.1698024005266397,0.6810546875,0.1698024005266397,3070.4006103515626,1562.194897391363
713,0.31923828125,0.1696036048164178,0.68076171875,0.1696036048164178,3075.6631591796877,1564.7191184499939
714,0.3138671875,0.16907859175670256,0.6861328125,0.16907859175670256,3080.930615234375,1567.2429716499214
715,0.314453125,0.17149950104132045,0.685546875,0.17149950104132045,3086.109423828125,1569.708938960301
716,0.31513671875,0.17076169194283788,0.68486328125,0.17076169194283786,3091.2978515625,1572.1618615203113
717,0.31708984375,0.1704928501900956,0.68291015625,0.1704928501900956,3096.49765625,1574.6204534704545
718,0.3193359375,0.1726008952200472,0.6806640625,0.1726008952200472,3101.7297119140626,1577.091139371289
719,0.32294921875,0.17351844891788357,0.67705078125,0.17351844891788357,3106.9986572265625,1579.5719337453484
720,0.32734375,0.17433038393714356,0.67265625,0.17433038393714353,3112.327392578125,1582.0755129439958
721,0.33310546875,0.17826396139503625,0.66689453125,0.17826396139503625,3117.728515625,1584.6002539460321
722,0.3298828125,0.176715075979989,0.6701171875,0.176715075979989,3123.22470703125,1587.1640743453552
723,0.3291015625,0.17700905831644384,0.6708984375,0.17700905831644384,3128.6677978515627,1589.7137993970546
724,0.328515625,0.17623162789329808,0.671484375,0.17623162789329808,3134.097998046875,1592.2607654709934
725,0.33134765625,0.17643436069377996,0.66865234375,0.17643436069377996,3139.5185302734376,1594.8192663059247
726,0.33173828125,0.17703009609240275,0.66826171875,0.17703009609240275,3144.985693359375,1597.3989500631708
727,0.32958984375,0.17589257000297362,0.67041015625,0.17589257000297362,3150.4594482421876,1599.9777279125826
728,0.32626953125,0.17334985666502908,0.67373046875,0.17334985666502908,3155.8977294921874,1602.5327244076825
729,0.32744140625,0.17444590996506637,0.67255859375,0.17444590996506634,3161.2810791015627,1605.0623611599867
730,0.329296875,0.1746648576560265,0.670703125,0.1746648576560265,3166.683984375,1607.6077999886445
731,0.32685546875,0.17440927804362988,0.67314453125,0.17440927804362988,3172.1171875,1610.1662143361384
732,0.32724609375,0.17431925111474092,0.67275390625,0.17431925111474092,3177.5103759765625,1612.6967815445728
733,0.32509765625,0.1726635685400976,0.67490234375,0.1726635685400976,3182.9099609375,1615.231452547389
734,0.323828125,0.1710970943594373,0.676171875,0.1710970943594373,3188.2740966796873,1617.7629460576131
735,0.32373046875,0.17031387188560138,0.67626953125,0.17031387188560138,3193.6172607421877,1620.2677075340616
736,0.3306640625,0.17436342262474105,0.6693359375,0.17436342262474105,3198.9587890625,1622.775447025577
737,0.3306640625,0.17470056256365804,0.6693359375,0.17470056256365804,3204.4147705078126,1625.3290866952907
738,0.32958984375,0.1728511487018352,0.67041015625,0.1728511487018352,3209.870703125,1627.8847552001866
739,0.328515625,0.17315926443414745,0.671484375,0.17315926443414745,3215.3089599609375,1630.433391030561
740,0.3232421875,0.16979442508383713,0.6767578125,0.16979442508383713,3220.7294677734376,1632.961879654175
741,0.323828125,0.1701586667284184,0.676171875,0.1701586667284184,3226.0629638671876,1635.447504070436
742,0.3232421875,0.1682461599107303,0.6767578125,0.1682461599107303,3231.406201171875,1637.9493076099116
743,0.32060546875,0.16633875377948198,0.67939453125,0.16633875377948198,3236.7396484375,1640.4543975254376
744,0.32333984375,0.16766156162405213,0.67666015625,0.16766156162405213,3242.0295166015626,1642.9327811669882
745,0.32548828125,0.1691134741578081,0.67451171875,0.1691134741578081,3247.36474609375,1645.4371500426755
746,0.32724609375,0.1697424351125967,0.67275390625,0.1697424351125967,3252.73525390625,1647.9680697267995
747,0.3302734375,0.170693962497236,0.6697265625,0.170693962497236,3258.134912109375,1650.5130392521148
748,0.331640625,0.1714579012167373,0.668359375,0.1714579012167373,3263.584375,1653.1050368958688
749,0.32880859375,0.1717040442850795,0.67119140625,0.1717040442850795,3269.0564453125,1655.7131803203754
750,0.3294921875,0.17103688588432558,0.6705078125,0.17103688588432558,3274.481787109375,1658.273567373074
751,0.32646484375,0.17114326770768704,0.67353515625,0.17114326770768706,3279.9183837890623,1660.8338761640812
752,0.3259765625,0.17120274246728734,0.6740234375,0.17120274246728734,3285.3051025390623,1663.3623006413372
753,0.3296875,0.1734773057502092,0.6703125,0.1734773057502092,3290.68369140625,1665.9014568293578
754,0.32919921875,0.1739545109799076,0.67080078125,0.1739545109799076,3296.123583984375,1668.470590887482
755,0.33056640625,0.17425785737677352,0.66943359375,0.17425785737677352,3301.555419921875,1671.0301111829485
756,0.33330078125,0.17561029555915014,0.66669921875,0.17561029555915014,3307.0097412109376,1673.6110944221898
757,0.33203125,0.17553693959701455,0.66796875,0.17553693959701455,3312.5091796875,1676.2054280997872
758,0.3341796875,0.17535527814062896,0.6658203125,0.17535527814062896,3317.987646484375,1678.7979304127139
759,0.3365234375,0.17613148702096068,0.6634765625,0.17613148702096068,3323.50166015625,1681.3967975367482
760,0.341015625,0.17838982421182048,0.658984375,0.1783898242118205,3329.0542236328124,1684.0187567975624
761,0.33720703125,0.17542555701167503,0.66279296875,0.17542555701167503,3334.681005859375,1686.680990212025
762,0.33779296875,0.1761906311471422,0.66220703125,0.1761906311471422,3340.2448974609374,1689.3281510336828
763,0.337890625,0.17585610385396155,0.662109375,0.17585610385396155,3345.8185791015626,1691.9688702382011
764,0.3361328125,0.17542487746690133,0.6638671875,0.17542487746690133,3351.3937255859373,1694.6006586857268
765,0.33935546875,0.1776314573677941,0.66064453125,0.1776314573677941,3356.93994140625,1697.2164932598962
766,0.3369140625,0.1760550168484827,0.6630859375,0.1760550168484827,3362.5392333984373,1699.8546559013214
767,0.3328125,0.17376491125876256,0.6671875,0.17376491125876256,3368.098388671875,1702.4529181856276
768,0.3263671875,0.1707771891314432,0.6736328125,0.17077718913144319,3373.5898193359376,1705.0120989055608
769,0.32138671875,0.16898056103568412,0.67861328125,0.16898056103568412,3378.974853515625,1707.5220137659846
770,0.31845703125,0.16888120283796262,0.68154296875,0.16888120283796262,3384.277734375,1709.989103570595
771,0.31689453125,0.16938630689204018,0.68310546875,0.16938630689204018,3389.532275390625,1712.417836393923
772,0.31865234375,0.17345028391969064,0.68134765625,0.17345028391969064,3394.761083984375,1714.8342642104587
773,0.323046875,0.17560798752677262,0.676953125,0.17560798752677262,3400.01875,1717.2559883500332
774,0.325390625,0.17850312370751345,0.674609375,0.17850312370751342,3405.34912109375,1719.7109660983601
775,0.3263671875,0.17769563022064364,0.6736328125,0.17769563022064364,3410.7179931640626,1722.1774754214457
776,0.32451171875,0.1783338159334777,0.67548828125,0.1783338159334777,3416.1031494140625,1724.6619594664548
777,0.3216796875,0.17767813327184848,0.6783203125,0.17767813327184848,3421.457568359375,1727.1224178958269
778,0.32216796875,0.1787229173324159,0.67783203125,0.1787229173324159,3426.765234375,1729.5702906819104
779,0.32001953125,0.17707803456475732,0.67998046875,0.17707803456475732,3432.081201171875,1732.0258780949548
780,0.32333984375,0.1764475490452812,0.67666015625,0.1764475490452812,3437.361376953125,1734.4607809928145
781,0.31728515625,0.17254146022395841,0.68271484375,0.17254146022395841,3442.6965087890626,1736.9454417417253
782,0.3158203125,0.17245009875340345,0.6841796875,0.17245009875340345,3447.931640625,1739.3937718897448
783,0.31318359375,0.17178955728680906,0.68681640625,0.17178955728680906,3453.142724609375,1741.8432382808346
784,0.31064453125,0.17099687455204374,0.68935546875,0.17099687455204374,3458.3102294921873,1744.2730242560058
785,0.30712890625,0.17017830978050927,0.69287109375,0.17017830978050927,3463.4357666015626,1746.6926807782038
786,0.3056640625,0.1691889951405237,0.6943359375,0.1691889951405237,3468.503466796875,1749.0995160608838
787,0.307421875,0.1691911370880302,0.692578125,0.16919113708803019,3473.5469970703125,1751.5177421333901
788,0.309375,0.17008052040975052,0.690625,0.17008052040975052,3478.6193115234373,1753.966157356184
789,0.30859375,0.1671035127828706,0.69140625,0.1671035127828706,3483.72412109375,1756.431825425092
790,0.3091796875,0.16843888602456178,0.6908203125,0.16843888602456178,3488.815869140625,1758.9004505250405
791,0.30673828125,0.16673582867251524,0.69326171875,0.16673582867251524,3493.9173828125,1761.388205009389
792,0.30244140625,0.1623979981942662,0.69755859375,0.16239799819426617,3498.978466796875,1763.862711212327
793,0.303125,0.16253133618382404,0.696875,0.16253133618382404,3503.9688232421877,1766.3002360257076
794,0.30732421875,0.16295258512269437,0.69267578125,0.16295258512269434,3508.970458984375,1768.7598841664533
795,0.30830078125,0.16267845918299487,0.69169921875,0.16267845918299484,3514.041259765625,1771.2545693181803
796,0.3107421875,0.16306535236851022,0.6892578125,0.16306535236851025,3519.128271484375,1773.7578615845205
797,0.3123046875,0.1647821826673302,0.6876953125,0.1647821826673302,3524.25546875,1776.2781200439654
798,0.315625,0.16562730319742916,0.684375,0.16562730319742916,3529.408447265625,1778.81623892074
799,0.31669921875,0.1646937551161038,0.68330078125,0.1646937551161038,3534.6162841796877,1781.384509538124
800,0.31767578125,0.16463352194635794,0.68232421875,0.16463352194635794,3539.841796875,1783.968935973829
801,0.3232421875,0.16731910160736374,0.6767578125,0.16731910160736374,3545.0834228515623,1786.5565561001943
802,0.3236328125,0.16646836245437807,0.6763671875,0.16646836245437807,3550.4170654296877,1789.1938168852296
803,0.323046875,0.16569350643199773,0.676953125,0.16569350643199773,3555.7568359375,1791.8405478293505
804,0.3234375,0.16593161937114007,0.6765625,0.16593161937114007,3561.0871337890626,1794.4891907210572
805,0.3248046875,0.16727076088273485,0.6751953125,0.16727076088273485,3566.42392578125,1797.1427257657474
806,0.325390625,0.16780447090021636,0.674609375,0.16780447090021636,3571.78330078125,1799.808848250874
807,0.32509765625,0.1681902892676348,0.67490234375,0.1681902892676348,3577.1521728515627,1802.472596737127
808,0.32275390625,0.16848646708401865,0.67724609375,0.16848646708401865,3582.5162841796873,1805.136415019812
809,0.323828125,0.16808918738143383,0.676171875,0.16808918738143383,3587.8418701171877,1807.7671039109068
810,0.32265625,0.16716239954686468,0.67734375,0.16716239954686468,3593.184765625,1810.403047608616
811,0.32255859375,0.1666205946503778,0.67744140625,0.1666205946503778,3598.5088134765624,1813.0166160600463
812,0.323046875,0.16589138273792048,0.676953125,0.16589138273792048,3603.8308837890627,1815.6284647826722
813,0.32353515625,0.16655762284171977,0.67646484375,0.16655762284171977,3609.161181640625,1818.2484316710852
814,0.32578125,0.16792116422601272,0.67421875,0.16792116422601272,3614.49951171875,1820.8798582455959
815,0.32587890625,0.16692938443490823,0.67412109375,0.16692938443490823,3619.875,1823.5261688691412
816,0.3279296875,0.16777889433791698,0.6720703125,0.16777889433791696,3625.2518798828123,1826.1695024768258
817,0.328515625,0.16761932222335582,0.671484375,0.16761932222335582,3630.6626953125,1828.8220629411944
818,0.33193359375,0.16976153646602538,0.66806640625,0.16976153646602538,3636.083349609375,1831.487195806777
819,0.32958984375,0.16914798288881971,0.67041015625,0.16914798288881971,3641.56015625,1834.1758310634602
820,0.32939453125,0.16913151881701008,0.67060546875,0.16913151881701008,3646.9983642578127,1836.8298878255912
821,0.3283203125,0.16920691902316673,0.6716796875,0.16920691902316673,3652.4335205078123,1839.4784164726161
822,0.3302734375,0.16962629194336895,0.6697265625,0.16962629194336895,3657.8506591796877,1842.1140043005958
823,0.3283203125,0.1690913386260214,0.6716796875,0.1690913386260214,3663.3003173828124,1844.7758519559923
824,0.32900390625,0.1699866581337531,0.67099609375,0.1699866581337531,3668.717529296875,1847.4353139291613
825,0.3228515625,0.16610016229978714,0.6771484375,0.16610016229978714,3674.146044921875,1850.0982693014855
826,0.3234375,0.16566069596172606,0.6765625,0.16566069596172606,3679.473095703125,1852.723151247866
827,0.32607421875,0.1673757758603336,0.67392578125,0.1673757758603336,3684.809765625,1855.341929839456
828,0.32666015625,0.16807162660762293,0.67333984375,0.16807162660762293,3690.1900390625,1857.9796736321125
829,0.3279296875,0.1686570653381487,0.6720703125,0.16865706533814873,3695.5799560546875,1860.6220257417513
830,0.33095703125,0.170486361453133,0.66904296875,0.170486361453133,3700.9909423828126,1863.2813309648361
831,0.32392578125,0.16718056922878669,0.67607421875,0.16718056922878669,3706.4515869140623,1865.965259419528
832,0.32275390625,0.16595888851276272,0.67724609375,0.16595888851276272,3711.79638671875,1868.5846904657574
833,0.32587890625,0.16700706371056176,0.67412109375,0.16700706371056176,3717.121826171875,1871.1887022536432
834,0.32841796875,0.16810442036314774,0.67158203125,0.16810442036314774,3722.49892578125,1873.8212131569674
835,0.33349609375,0.17055671750866075,0.66650390625,0.17055671750866075,3727.917822265625,1876.4794378841495
836,0.3302734375,0.169085698536887,0.6697265625,0.16908569853688699,3733.42041015625,1879.1780550575083
837,0.326953125,0.16712907857775677,0.673046875,0.16712907857775677,3738.869970703125,1881.842887472736
838,0.32724609375,0.16754036146653412,0.67275390625,0.16754036146653412,3744.26474609375,1884.4653367859542
839,0.326953125,0.16667710589458448,0.673046875,0.16667710589458448,3749.664208984375,1887.0908650603008
840,0.32763671875,0.1668895026487896,0.67236328125,0.1668895026487896,3755.058984375,1889.7297900532478
841,0.32958984375,0.16683463533536838,0.67041015625,0.16683463533536838,3760.46494140625,1892.3767844033894
842,0.3279296875,0.16556740965139208,0.6720703125,0.16556740965139205,3765.903125,1895.060935507149
843,0.3283203125,0.16581778193004276,0.6716796875,0.16581778193004276,3771.31396484375,1897.7261702580902
844,0.3236328125,0.16306441661897045,0.6763671875,0.16306441661897045,3776.73134765625,1900.3831983073517
845,0.3240234375,0.16276622385473496,0.6759765625,0.16276622385473496,3782.071240234375,1902.9940258906001
846,0.32314453125,0.16271972473098742,0.67685546875,0.16271972473098742,3787.41767578125,1905.606508057701
847,0.32001953125,0.16175427622500493,0.67998046875,0.1617542762250049,3792.749560546875,1908.2092253422468
848,0.32021484375,0.1620366753871858,0.67978515625,0.1620366753871858,3798.030029296875,1910.7907352842042
849,0.32294921875,0.16366211491073815,0.67705078125,0.16366211491073815,3803.31337890625,1913.3721770706754
850,0.321484375,0.16347364562063207,0.678515625,0.16347364562063207,3808.64208984375,1915.9776585936088
851,0.32001953125,0.1634428693717224,0.67998046875,0.1634428693717224,3813.94658203125,1918.5870817816901
852,0.315234375,0.16117530216302914,0.684765625,0.16117530216302914,3819.227001953125,1921.1927722742837
853,0.310546875,0.15850845824576434,0.689453125,0.15850845824576434,3824.4283203125,1923.7542682453593
854,0.31025390625,0.1579594296385726,0.68974609375,0.1579594296385726,3829.55234375,1926.2873397964047
855,0.3123046875,0.15857631042506742,0.6876953125,0.15857631042506742,3834.671484375,1928.7917640738876
856,0.3076171875,0.1568044362433217,0.6923828125,0.1568044362433217,3839.824609375,1931.3108078982098
857,0.30673828125,0.15717466267822144,0.69326171875,0.15717466267822144,3844.90029296875,1933.7824111523541
858,0.30556640625,0.15672379946727305,0.69443359375,0.15672379946727305,3849.961328125,1936.2360133757475
859,0.307421875,0.15854623768750642,0.692578125,0.15854623768750642,3855.00322265625,1938.692278325783
860,0.30908203125,0.1599907741270919,0.69091796875,0.1599907741270919,3860.07578125,1941.1525655526284
861,0.3119140625,0.16258530945051922,0.6880859375,0.16258530945051922,3865.175537109375,1943.622516185215
862,0.3130859375,0.16290291938765103,0.6869140625,0.16290291938765103,3870.32216796875,1946.1109907396994
863,0.31123046875,0.1618326716515908,0.68876953125,0.1618326716515908,3875.48798828125,1948.6089740800046
864,0.3123046875,0.16213984559265066,0.6876953125,0.16213984559265063,3880.6234375,1951.0887633313364
865,0.31748046875,0.16393657392908528,0.68251953125,0.16393657392908528,3885.7763671875,1953.5703150919994
866,0.3177734375,0.1643547434345998,0.6822265625,0.1643547434345998,3891.014892578125,1956.0962967075961
867,0.319921875,0.165785801399881,0.680078125,0.165785801399881,3896.25810546875,1958.6233358987815
868,0.319921875,0.16527650264529486,0.680078125,0.16527650264529486,3901.536767578125,1961.1763267661506
869,0.3169921875,0.16307084978861566,0.6830078125,0.16307084978861566,3906.815576171875,1963.7281825566138
870,0.3123046875,0.16163675929554638,0.6876953125,0.16163675929554638,3912.045947265625,1966.2653212060293
871,0.30927734375,0.16231928827414566,0.69072265625,0.16231928827414566,3917.198876953125,1968.7582227393148
872,0.309765625,0.16413619066773197,0.690234375,0.16413619066773197,3922.302099609375,1971.2218689389504
873,0.3103515625,0.1652139421098609,0.6896484375,0.1652139421098609,3927.413232421875,1973.687249520794
874,0.3080078125,0.1656649559336908,0.6919921875,0.1656649559336908,3932.53408203125,1976.1461707602095
875,0.30478515625,0.16630974061921058,0.69521484375,0.16630974061921058,3937.61611328125,1978.594298952481
876,0.296875,0.16001804250077942,0.703125,0.16001804250077942,3942.645068359375,1981.0204911945896
877,0.295703125,0.15983186947997838,0.704296875,0.15983186947997838,3947.543505859375,1983.3975068205784
878,0.29521484375,0.16006693512813155,0.70478515625,0.16006693512813155,3952.422509765625,1985.7723875317013
879,0.29736328125,0.1610565930054175,0.70263671875,0.1610565930054175,3957.293701171875,1988.154603709176
880,0.29296875,0.1574853508812407,0.70703125,0.1574853508812407,3962.20009765625,1990.5580311605934
881,0.295703125,0.16016982602520774,0.704296875,0.16016982602520774,3967.034130859375,1992.9251019121832
882,0.297265625,0.1593151503739424,0.702734375,0.1593151503739424,3971.91328125,1995.3209896067538
883,0.29716796875,0.1584567375467203,0.70283203125,0.1584567375467203,3976.8181640625,1997.7365473591858
884,0.29609375,0.15804378067132765,0.70390625,0.15804378067132765,3981.721435546875,2000.158134214716
885,0.29814453125,0.15806927328503903,0.70185546875,0.158069273285039,3986.606884765625,2002.5725541958234
886,0.29677734375,0.15737294840062463,0.70322265625,0.15737294840062463,3991.5263671875,2004.9953428798917
887,0.302734375,0.15948195515027613,0.697265625,0.15948195515027613,3996.423193359375,2007.4034410516986
888,0.30078125,0.15872791046487972,0.69921875,0.15872791046487972,4001.41826171875,2009.860635610045
889,0.29873046875,0.1565094586521307,0.70126953125,0.1565094586521307,4006.3810546875,2012.30074135042
890,0.29931640625,0.15695777806419353,0.70068359375,0.15695777806419353,4011.310107421875,2014.733663049488
891,0.29990234375,0.15655637078080106,0.70009765625,0.15655637078080106,4016.248876953125,2017.179148529246
892,0.3025390625,0.15679519143029885,0.6974609375,0.15679519143029885,4021.197265625,2019.6201769483812
893,0.30625,0.15874124818241706,0.69375,0.15874124818241706,4026.18916015625,2022.0833950379588
894,0.30751953125,0.1602612853458017,0.69248046875,0.1602612853458017,4031.2423828125,2024.6003835489578
895,0.30234375,0.15677414528357198,0.69765625,0.15677414528357198,4036.31650390625,2027.1357925168409
896,0.3029296875,0.15891033576206337,0.6970703125,0.15891033576206337,4041.305224609375,2029.6418385656475
897,0.303515625,0.15937416226035953,0.696484375,0.15937416226035953,4046.303466796875,2032.1613110474364
898,0.30498046875,0.16045076412448114,0.69501953125,0.16045076412448114,4051.311328125,2034.6904767552326
899,0.29970703125,0.15713461135929327,0.70029296875,0.15713461135929327,4056.343701171875,2037.2213974900803
900,0.3033203125,0.15714295622587177,0.6966796875,0.15714295622587177,4061.288818359375,2039.7096676941608
901,0.3041015625,0.15723881454591512,0.6958984375,0.15723881454591512,4066.293603515625,2042.2277958549544
902,0.30205078125,0.15584423020286767,0.69794921875,0.15584423020286767,4071.311181640625,2044.7444273788321
903,0.30283203125,0.15492384608751442,0.69716796875,0.15492384608751442,4076.295068359375,2047.239995180984
904,0.3046875,0.1555379282334075,0.6953125,0.1555379282334075,4081.291845703125,2049.743471689003
905,0.3033203125,0.1547838931829381,0.6966796875,0.1547838931829381,4086.319091796875,2052.2568464731467
906,0.30185546875,0.15583284768965552,0.69814453125,0.15583284768965552,4091.32392578125,2054.759245247204
907,0.3029296875,0.15770610584347233,0.6970703125,0.15770610584347233,4096.304638671875,2057.2502871276333
908,0.3046875,0.1580994065873786,0.6953125,0.1580994065873786,4101.302880859375,2059.747170106514
909,0.30390625,0.15805464193254742,0.69609375,0.15805464193254745,4106.330322265625,2062.255540614423
910,0.30654296875,0.16067670413013227,0.69345703125,0.16067670413013227,4111.34462890625,2064.762237213724
911,0.30712890625,0.16184575350578848,0.69287109375,0.16184575350578848,4116.402685546875,2067.2894942125145
912,0.305078125,0.1607661548049269,0.694921875,0.1607661548049269,4121.4703125,2069.827357094203
913,0.3083984375,0.16265603423676853,0.6916015625,0.1626560342367685,4126.5041015625,2072.3471526795583
914,0.3130859375,0.16482407872853694,0.6869140625,0.16482407872853694,4131.5927734375,2074.8979078830703
915,0.318359375,0.16853386495079825,0.681640625,0.16853386495079825,4136.758642578125,2077.4928521180705
916,0.3166015625,0.16865141072592232,0.6833984375,0.16865141072592232,4142.01162109375,2080.1262075329773
917,0.32353515625,0.17395264698107826,0.67646484375,0.17395264698107823,4147.23544921875,2082.737681364855
918,0.32587890625,0.17573244222570386,0.67412109375,0.1757324422257039,4152.57373046875,2085.414309715748
919,0.32568359375,0.17442688419592278,0.67431640625,0.17442688419592278,4157.950634765625,2088.109336696116
920,0.32470703125,0.1738737925001459,0.67529296875,0.1738737925001459,4163.3244140625,2090.790822084265
921,0.3228515625,0.17223041200477904,0.6771484375,0.17223041200477904,4168.682177734375,2093.462115853744
922,0.32421875,0.1732929348940103,0.67578125,0.1732929348940103,4174.009326171875,2096.1271699148288
923,0.32548828125,0.17497866364246395,0.67451171875,0.17497866364246398,4179.35888671875,2098.8111166777867
924,0.32578125,0.17519226411784936,0.67421875,0.17519226411784936,4184.729443359375,2101.4923900377908
925,0.32236328125,0.17254090750124315,0.67763671875,0.17254090750124315,4190.10478515625,2104.1805042283145
926,0.32041015625,0.1701565649837104,0.67958984375,0.1701565649837104,4195.423876953125,2106.8426652228554
927,0.3181640625,0.16893447400204512,0.6818359375,0.16893447400204512,4200.710693359375,2109.4914269384813
928,0.31904296875,0.16899162231085563,0.68095703125,0.16899162231085565,4205.960400390625,2112.117296930203
929,0.3193359375,0.16861702660216804,0.6806640625,0.16861702660216804,4211.224609375,2114.7585692237494
930,0.31640625,0.16721590460372304,0.68359375,0.16721590460372304,4216.4935546875,2117.397114166711
931,0.3126953125,0.16511751556183404,0.6873046875,0.16511751556183402,4221.714306640625,2120.0062673075663
932,0.31279296875,0.16610466936450757,0.68720703125,0.16610466936450757,4226.87373046875,2122.580593456237
933,0.31865234375,0.16865664124880791,0.68134765625,0.16865664124880791,4232.034814453125,2125.162869125491
934,0.316015625,0.1672011895680433,0.683984375,0.1672011895680433,4237.29267578125,2127.7996093901083
935,0.31865234375,0.16873748167724417,0.68134765625,0.1687374816772442,4242.506884765625,2130.408772229509
936,0.32001953125,0.1695904465791716,0.67998046875,0.16959044657917158,4247.764599609375,2133.045126990048
937,0.3240234375,0.17149549721904142,0.6759765625,0.17149549721904142,4253.044921875,2135.692600601108
938,0.32431640625,0.17056130250794876,0.67568359375,0.17056130250794876,4258.391357421875,2138.3723527710677
939,0.32109375,0.17023184730225274,0.67890625,0.17023184730225274,4263.742578125,2141.053700244743
940,0.31982421875,0.17205759233098478,0.68017578125,0.17205759233098478,4269.040576171875,2143.706569941491
941,0.32314453125,0.17515320202696225,0.67685546875,0.17515320202696225,4274.317724609375,2146.3695890467184
942,0.325,0.1757437025871011,0.675,0.17574370258710106,4279.649755859375,2149.0585179073228
943,0.32568359375,0.17619810057188925,0.67431640625,0.17619810057188925,4285.01220703125,2151.770861628763
944,0.32578125,0.1759792721420134,0.67421875,0.1759792721420134,4290.385888671875,2154.4938306429663
945,0.323828125,0.17483152726910012,0.676171875,0.17483152726910012,4295.761279296875,2157.203843051746
946,0.3236328125,0.17418338433787114,0.6763671875,0.17418338433787114,4301.104443359375,2159.893558109179
947,0.32333984375,0.17380038950956572,0.67666015625,0.17380038950956572,4306.44443359375,2162.589281599657
948,0.32294921875,0.17426376787521664,0.67705078125,0.17426376787521664,4311.7794921875,2165.2772149282723
949,0.32197265625,0.17265451007501414,0.67802734375,0.17265451007501414,4317.108154296875,2167.967391969308
950,0.3212890625,0.1707398818049536,0.6787109375,0.1707398818049536,4322.42060546875,2170.6306502483385
951,0.31826171875,0.16774629277824513,0.68173828125,0.16774629277824513,4327.722119140625,2173.284010254008
952,0.32021484375,0.1678184795202288,0.67978515625,0.1678184795202288,4332.9732421875,2175.9091961096683
953,0.32099609375,0.16924425434857424,0.67900390625,0.16924425434857424,4338.2568359375,2178.5392551789464
954,0.31875,0.1679887342762901,0.68125,0.1679887342762901,4343.553271484375,2181.1845769458832
955,0.3197265625,0.16844851088053908,0.6802734375,0.16844851088053908,4348.8126953125,2183.8069131085344
956,0.32041015625,0.16920897620269285,0.67958984375,0.16920897620269285,4354.08818359375,2186.438700930348
957,0.3162109375,0.1667165808639349,0.6837890625,0.1667165808639349,4359.3748046875,2189.0807884658816
958,0.31181640625,0.16683394937976326,0.68818359375,0.16683394937976329,4364.592431640625,2191.671296105136
959,0.31240234375,0.1670872182545042,0.68759765625,0.1670872182545042,4369.737353515625,2194.202479548547
960,0.31083984375,0.16809988181650704,0.68916015625,0.16809988181650704,4374.891943359375,2196.7328093304036
961,0.31044921875,0.16778437941800356,0.68955078125,0.16778437941800356,4380.020947265625,2199.254835148148
962,0.3134765625,0.16787731432082842,0.6865234375,0.16787731432082842,4385.14326171875,2201.7716037733926
963,0.31572265625,0.1679494731398527,0.68427734375,0.1679494731398527,4390.31572265625,2204.3176793305615
964,0.31337890625,0.1678315493890732,0.68662109375,0.1678315493890732,4395.525146484375,2206.8923641983115
965,0.3119140625,0.1676568688828279,0.6880859375,0.1676568688828279,4400.6958984375,2209.454356345193
966,0.30673828125,0.16506070147527177,0.69326171875,0.16506070147527177,4405.84248046875,2212.0177396953163
967,0.30810546875,0.16556306076674865,0.69189453125,0.16556306076674865,4410.903564453125,2214.5450855836634
968,0.31240234375,0.16610030583876553,0.68759765625,0.16610030583876553,4415.987353515625,2217.0913378716195
969,0.3138671875,0.1685119079547751,0.6861328125,0.1685119079547751,4421.141943359375,2219.670263917725
970,0.315234375,0.16813320891466207,0.684765625,0.1681332089146621,4426.320849609375,2222.2602249973106
971,0.3177734375,0.17063104080853034,0.6822265625,0.17063104080853034,4431.522119140625,2224.851932795199
972,0.3162109375,0.1683350158204452,0.6837890625,0.1683350158204452,4436.7654296875,2227.469905687679
973,0.31455078125,0.16855618685058804,0.68544921875,0.16855618685058804,4441.98291015625,2230.0736759078413
974,0.31640625,0.16965057814387424,0.68359375,0.16965057814387424,4447.173095703125,2232.663307695328
975,0.31474609375,0.16957919941330432,0.68525390625,0.16957919941330432,4452.39365234375,2235.272189668161
976,0.31923828125,0.1731423280492933,0.68076171875,0.1731423280492933,4457.587109375,2237.863296161172
977,0.31396484375,0.17169749023345046,0.68603515625,0.17169749023345046,4462.854443359375,2240.490885050482
978,0.3138671875,0.17152852595788595,0.6861328125,0.17152852595788595,4468.034912109375,2243.0778981056656
979,0.31640625,0.173111232389169,0.68359375,0.173111232389169,4473.213623046875,2245.673862963749
980,0.31796875,0.1753174219103537,0.68203125,0.1753174219103537,4478.43447265625,2248.289409971391
981,0.315625,0.17358535100771796,0.684375,0.173585351007718,4483.68076171875,2250.907661217514
982,0.31533203125,0.17357471983231937,0.68466796875,0.17357471983231937,4488.888623046875,2253.510929015235
983,0.31416015625,0.17051634182740433,0.68583984375,0.17051634182740433,4494.091650390625,2256.1244527103227
984,0.31416015625,0.1703003205310361,0.68583984375,0.17030032053103608,4499.27529296875,2258.7309340556726
985,0.31767578125,0.17150175315027588,0.68232421875,0.17150175315027588,4504.458935546875,2261.334143088367
986,0.32021484375,0.17273425243274992,0.67978515625,0.17273425243274992,4509.7005859375,2263.966156681031
987,0.31826171875,0.17296928922574314,0.68173828125,0.17296928922574314,4514.9841796875,2266.6195441905393
988,0.31904296875,0.17465844200998829,0.68095703125,0.1746584420099883,4520.235498046875,2269.2502396080804
989,0.31796875,0.17174244711092373,0.68203125,0.17174244711092373,4525.499755859375,2271.9009320013533
990,0.317578125,0.169356774056857,0.682421875,0.169356774056857,4530.746240234375,2274.5459640748486
991,0.32080078125,0.17145069808306101,0.67919921875,0.17145069808306101,4535.98623046875,2277.1869332425385
992,0.31630859375,0.17038788133429802,0.68369140625,0.17038788133429802,4541.279443359375,2279.8482223324863
993,0.3123046875,0.16945529062268766,0.6876953125,0.16945529062268763,4546.498486328125,2282.4821728008023
994,0.3107421875,0.1687921542039226,0.6892578125,0.1687921542039226,4551.65146484375,2285.1031160122193
995,0.31279296875,0.16920818715048894,0.68720703125,0.1692081871504889,4556.77880859375,2287.7111677146777
996,0.31103515625,0.16933675411603843,0.68896484375,0.16933675411603843,4561.939892578125,2290.336410398322
997,0.3091796875,0.16826611124018565,0.6908203125,0.16826611124018565,4567.071923828125,2292.9576791838585
998,0.31083984375,0.16868773830604752,0.68916015625,0.1686877383060475,4572.17353515625,2295.566305567516
999,0.31455078125,0.17046006835313104,0.68544921875,0.17046006835313104,4577.30224609375,2298.186280558708
1000,0.31376953125,0.17166793835116462,0.68623046875,0.17166793835116465,4582.49248046875,2300.844736834156
1001,0.31142578125,0.17039459769590762,0.68857421875,0.17039459769590762,4587.66962890625,2303.5034809359513
1002,0.31123046875,0.169625308054094,0.68876953125,0.169625308054094,4592.80810546875,2306.1438887329005
1003,0.3126953125,0.17235030603605744,0.6873046875,0.17235030603605742,4597.94345703125,2308.791023520135
1004,0.31728515625,0.17411780747389566,0.68271484375,0.17411780747389566,4603.102978515625,2311.4649532994304
1005,0.317578125,0.17698308762608947,0.682421875,0.17698308762608947,4608.33818359375,2314.1694863035395
1006,0.31474609375,0.1737540715241396,0.68525390625,0.1737540715241396,4613.578173828125,2316.8887068351246
1007,0.31533203125,0.17324309579983144,0.68466796875,0.17324309579983144,4618.771533203125,2319.580670476289
1008,0.314453125,0.1720823944041551,0.685546875,0.1720823944041551,4623.97431640625,2322.282007872873
1009,0.312109375,0.170742227715335,0.687890625,0.170742227715335,4629.162890625,2324.976171278209
1010,0.31103515625,0.17051421652671583,0.68896484375,0.17051421652671583,4634.3126953125,2327.6435216744394
1011,0.309375,0.17156165951382238,0.690625,0.17156165951382235,4639.44482421875,2330.300466280674
1012,0.31005859375,0.17324133424430518,0.68994140625,0.17324133424430518,4644.54951171875,2332.950486725522
1013,0.30673828125,0.17071555504837171,0.69326171875,0.17071555504837171,4649.6654296875,2335.608278974231
1014,0.309765625,0.17256320845732423,0.690234375,0.17256320845732423,4654.7265625,2338.2312118226637
1015,0.31005859375,0.17296587079278514,0.68994140625,0.17296587079278514,4659.83779296875,2340.871775698592
1016,0.31181640625,0.1748619897786833,0.68818359375,0.17486198977868334,4664.953759765625,2343.5152483608354
1017,0.31015625,0.1733035008115955,0.68984375,0.1733035008115955,4670.0986328125,2346.1765210217663
1018,0.31572265625,0.17656890047338428,0.68427734375,0.17656890047338428,4675.216259765625,2348.8181999934045
1019,0.3220703125,0.1809208479154606,0.6779296875,0.1809208479154606,4680.425634765625,2351.5033417699883
1020,0.32353515625,0.18088987682352886,0.67646484375,0.18088987682352886,4685.739892578125,2354.245049230929
1021,0.32470703125,0.17874308646110373,0.67529296875,0.17874308646110373,4691.078271484375,2356.9926474835675
1022,0.3234375,0.1785106032184805,0.6765625,0.17851060321848053,4696.4359375,2359.735596085623
1023,0.32666015625,0.17932796167225126,0.67333984375,0.17932796167225126,4701.77265625,2362.465518358951
1024,0.32705078125,0.18105186945791005,0.67294921875,0.18105186945791005,4707.162353515625,2365.211325124844
1025,0.3296875,0.1826517555852102,0.6703125,0.1826517555852102,4712.558837890625,2367.964309661551
1026,0.32919921875,0.1807492672811723,0.67080078125,0.1807492672811723,4717.99873046875,2370.736972873263
1027,0.32841796875,0.1777558634417302,0.67158203125,0.17775586344173022,4723.430517578125,2373.4980100946123
1028,0.32099609375,0.17410225159198664,0.67900390625,0.17410225159198664,4728.849462890625,2376.2437867603016
1029,0.32177734375,0.17513185710674464,0.67822265625,0.17513185710674464,4734.145703125,2378.9300886582996
1030,0.3189453125,0.17476060023649362,0.6810546875,0.17476060023649362,4739.45517578125,2381.628717901329
1031,0.3220703125,0.17525409235509176,0.6779296875,0.17525409235509176,4744.717626953125,2384.3047063049626
1032,0.32060546875,0.17280799790876392,0.67939453125,0.17280799790876392,4750.031884765625,2387.0017812412902
1033,0.32236328125,0.17277510336672872,0.67763671875,0.17277510336672872,4755.321923828125,2389.6825809688135
1034,0.31708984375,0.16883466504027747,0.68291015625,0.1688346650402775,4760.640869140625,2392.373123762481
1035,0.31767578125,0.1668265180132546,0.68232421875,0.1668265180132546,4765.872900390625,2395.019836121903
1036,0.3224609375,0.16902646623846368,0.6775390625,0.16902646623846368,4771.114501953125,2397.6720605179976
1037,0.3263671875,0.17121778199015694,0.6736328125,0.17121778199015694,4776.43515625,2400.3654014807476
1038,0.33125,0.17298767592793776,0.66875,0.1729876759279378,4781.820166015625,2403.0942726460507
1039,0.3314453125,0.172321751592123,0.6685546875,0.172321751592123,4787.285791015625,2405.865795908054
1040,0.33095703125,0.1725116106631627,0.66904296875,0.1725116106631627,4792.754638671875,2408.6335255478884
1041,0.3232421875,0.1693704009047529,0.6767578125,0.1693704009047529,4798.2154296875,2411.4037221848953
1042,0.323046875,0.16908682656976443,0.676953125,0.16908682656976443,4803.548876953125,2414.108201241663
1043,0.3228515625,0.16821396072999603,0.6771484375,0.16821396072999603,4808.879248046875,2416.8084706809213
1044,0.32314453125,0.16787870610649006,0.67685546875,0.16787870610649006,4814.206201171875,2419.500294688913
1045,0.325390625,0.16940069137486202,0.674609375,0.16940069137486202,4819.53818359375,2422.1916149434765
1046,0.32451171875,0.16870187143713494,0.67548828125,0.16870187143713491,4824.90703125,2424.9086593526704
1047,0.3302734375,0.1711654164616219,0.6697265625,0.17116541646162192,4830.261572265625,2427.615491180817
1048,0.32470703125,0.16908990042116198,0.67529296875,0.16908990042116198,4835.711083984375,2430.360804888575
1049,0.3267578125,0.17017043601907433,0.6732421875,0.17017043601907433,4841.06865234375,2433.0591884254313
1050,0.32626953125,0.16912328618006664,0.67373046875,0.16912328618006664,4846.460107421875,2435.775363049917
1051,0.32421875,0.1681713213444965,0.67578125,0.1681713213444965,4851.84375,2438.4774344749544
1052,0.3255859375,0.16892171529568809,0.6744140625,0.16892171529568809,4857.193212890625,2441.1503622411274
1053,0.32412109375,0.16666832287283379,0.67587890625,0.16666832287283379,4862.56533203125,2443.832363053001
1054,0.32353515625,0.16623781661515416,0.67646484375,0.1662378166151542,4867.91357421875,2446.4974772885075
1055,0.3236328125,0.16572711603641116,0.6763671875,0.16572711603641116,4873.251708984375,2449.160385861079
1056,0.32333984375,0.16537817070675767,0.67666015625,0.16537817070675767,4878.591650390625,2451.8366231627356
1057,0.3201171875,0.1631419486525653,0.6798828125,0.1631419486525653,4883.926806640625,2454.5181240746356
1058,0.3220703125,0.16364565254588334,0.6779296875,0.1636456525458833,4889.208740234375,2457.1621099794415
1059,0.32841796875,0.16738865240140618,0.67158203125,0.1673886524014062,4894.522998046875,2459.8060378528153
1060,0.3306640625,0.16897646930911941,0.6693359375,0.16897646930911941,4899.941748046875,2462.497573473156
1061,0.32890625,0.16730473766197007,0.67109375,0.16730473766197007,4905.397607421875,2465.209377026249
1062,0.32783203125,0.166436191784326,0.67216796875,0.166436191784326,4910.8248046875,2467.9067248821198
1063,0.33125,0.16780674418376243,0.66875,0.16780674418376243,4916.23388671875,2470.590646145743
1064,0.33046875,0.16707280583245876,0.66953125,0.16707280583245876,4921.699560546875,2473.287604401526
1065,0.33095703125,0.16766383684524505,0.66904296875,0.16766383684524505,4927.15234375,2475.9827194689024
1066,0.32236328125,0.16396914778076452,0.67763671875,0.16396914778076452,4932.61318359375,2478.6745485137412
1067,0.32021484375,0.16355917608070847,0.67978515625,0.16355917608070847,4937.93203125,2481.291140276527
1068,0.3224609375,0.16397982012641496,0.6775390625,0.163979820126415,4943.215625,2483.8982838110746
1069,0.3212890625,0.1635332562983057,0.6787109375,0.1635332562983057,4948.53623046875,2486.526783794539
1070,0.32451171875,0.16599382324676754,0.67548828125,0.16599382324676754,4953.837353515625,2489.1554812810364
1071,0.33017578125,0.1686749609364099,0.66982421875,0.1686749609364099,4959.191943359375,2491.8110187999587
1072,0.330078125,0.16835495661980682,0.669921875,0.16835495661980682,4964.639697265625,2494.518011707062
1073,0.3287109375,0.16746335667864218,0.6712890625,0.16746335667864218,4970.086083984375,2497.2274179165865
1074,0.32978515625,0.1682450545832585,0.67021484375,0.1682450545832585,4975.50986328125,2499.9230815457427
1075,0.323828125,0.16636635745419842,0.676171875,0.16636635745419842,4980.9513671875,2502.623457208637
1076,0.32060546875,0.16469665038658066,0.67939453125,0.16469665038658066,4986.29443359375,2505.2722268097173
1077,0.3154296875,0.16211113986238104,0.6845703125,0.16211113986238104,4991.584521484375,2507.888570585113
1078,0.30732421875,0.15779391642013357,0.69267578125,0.15779391642013357,4996.789111328125,2510.4736245036743
1079,0.29814453125,0.15223669741289245,0.70185546875,0.15223669741289242,5001.860107421875,2512.9808407114274
1080,0.29658203125,0.15261834852266662,0.70341796875,0.1526183485226666,5006.779248046875,2515.392275495042
1081,0.2974609375,0.15346591911586796,0.7025390625,0.15346591911586796,5011.6728515625,2517.781887216744
1082,0.2994140625,0.15416405477974693,0.7005859375,0.15416405477974693,5016.581005859375,2520.1757519626935
1083,0.30234375,0.15566124428910624,0.69765625,0.15566124428910624,5021.521337890625,2522.594281423694
1084,0.307421875,0.15806007228327879,0.692578125,0.15806007228327879,5026.510009765625,2525.047539166311
1085,0.30771484375,0.15857489713412598,0.69228515625,0.15857489713412598,5031.58251953125,2527.5478905264986
1086,0.30849609375,0.15915658982152817,0.69150390625,0.15915658982152817,5036.659765625,2530.0515930981014
1087,0.309765625,0.15961035012550878,0.690234375,0.15961035012550878,5041.750048828125,2532.5660831467626
1088,0.3134765625,0.16069958331962644,0.6865234375,0.16069958331962644,5046.861181640625,2535.094506529758
1089,0.3177734375,0.16437737176728764,0.6822265625,0.16437737176728764,5052.0333984375,2537.646683474086
1090,0.31923828125,0.16331351659540855,0.68076171875,0.16331351659540855,5057.276708984375,2540.2319416615865
1091,0.32041015625,0.16315226593735427,0.67958984375,0.16315226593735427,5062.544189453125,2542.8375863154683
1092,0.31787109375,0.16180214321192915,0.68212890625,0.16180214321192915,5067.83095703125,2545.454097781723
1093,0.31572265625,0.16157022188426753,0.68427734375,0.16157022188426753,5073.07578125,2548.0509865413155
1094,0.31376953125,0.16054642948729245,0.68623046875,0.16054642948729245,5078.28525390625,2550.6361838939015
1095,0.31044921875,0.15837630976953537,0.68955078125,0.15837630976953537,5083.462353515625,2553.2047422950313
1096,0.3091796875,0.15738976390083861,0.6908203125,0.15738976390083861,5088.584814453125,2555.7426746015285
1097,0.3060546875,0.1557549530760253,0.6939453125,0.1557549530760253,5093.686376953125,2558.2687436964225
1098,0.30390625,0.15464927123891198,0.69609375,0.15464927123891195,5098.7361328125,2560.7744561777845
1099,0.30048828125,0.15339185855552492,0.69951171875,0.15339185855552492,5103.75068359375,2563.2649103106714
1100,0.3021484375,0.15437362114294384,0.6978515625,0.15437362114294384,5108.708740234375,2565.7393268453648
1101,0.29814453125,0.1532761742298778,0.70185546875,0.15327617422987777,5113.694189453125,2568.230132243525
1102,0.30185546875,0.1549878527895948,0.69814453125,0.1549878527895948,5118.613525390625,2570.690644468913
1103,0.30634765625,0.15827487401744872,0.69365234375,0.1582748740174487,5123.594091796875,2573.1853085018433
1104,0.30361328125,0.1565789079729357,0.69638671875,0.1565789079729357,5128.64892578125,2575.7138578157574
1105,0.2978515625,0.15406739759108115,0.7021484375,0.15406739759108115,5133.65859375,2578.2087853100693
1106,0.298046875,0.15515165723627983,0.701953125,0.15515165723627983,5138.573046875,2580.6474681462837
1107,0.2962890625,0.15548837815794303,0.7037109375,0.15548837815794303,5143.49091796875,2583.085527544684
1108,0.29697265625,0.15762423626006053,0.70302734375,0.15762423626006053,5148.379638671875,2585.5071549091613
1109,0.3,0.1577024775047393,0.7,0.1577024775047393,5153.2796875,2587.9566589902597
1110,0.30341796875,0.15898428502185724,0.69658203125,0.1589842850218572,5158.22978515625,2590.4419445609574
1111,0.306640625,0.162293993141955,0.693359375,0.162293993141955,5163.236083984375,2592.959040191807
1112,0.3046875,0.16279914903722958,0.6953125,0.16279914903722958,5168.295654296875,2595.5087054911055
1113,0.306640625,0.16572239729097327,0.693359375,0.16572239729097327,5173.32294921875,2598.048938286014
1114,0.31328125,0.16955093761692192,0.68671875,0.16955093761692192,5178.382470703125,2600.60954263224
1115,0.31845703125,0.17242037165357588,0.68154296875,0.17242037165357588,5183.551806640625,2603.225956273423
1116,0.32080078125,0.17625059411780683,0.67919921875,0.17625059411780683,5188.80625,2605.8917196889024
1117,0.3232421875,0.17813046095658505,0.6767578125,0.17813046095658505,5194.09931640625,2608.585497614602
1118,0.32431640625,0.17869249926228728,0.67568359375,0.17869249926228728,5199.43291015625,2611.2929888199556
1119,0.32353515625,0.17894294728879206,0.67646484375,0.17894294728879206,5204.78427734375,2614.0196063402523
1120,0.3267578125,0.18023714338738647,0.6732421875,0.18023714338738647,5210.12255859375,2616.739846234645
1121,0.3263671875,0.18039877059077775,0.6736328125,0.18039877059077775,5215.5140625,2619.487860854283
1122,0.32666015625,0.18259381639387004,0.67333984375,0.18259381639387004,5220.89912109375,2622.228538235251
1123,0.32626953125,0.18126928292664277,0.67373046875,0.18126928292664277,5226.288916015625,2624.9748171489205
1124,0.33154296875,0.1836982591923447,0.66845703125,0.1836982591923447,5231.67236328125,2627.717562753834
1125,0.3306640625,0.18466701335851488,0.6693359375,0.18466701335851488,5237.14287109375,2630.5033113093523
1126,0.326953125,0.182646847524518,0.673046875,0.182646847524518,5242.598828125,2633.2911111173403
1127,0.3234375,0.183017192262296,0.6765625,0.183017192262296,5247.993505859375,2636.049919594987
1128,0.3298828125,0.1875680418533686,0.6701171875,0.1875680418533686,5253.33017578125,2638.785778408342
1129,0.3287109375,0.1857267836672641,0.6712890625,0.1857267836672641,5258.77333984375,2641.580907825398
1130,0.3314453125,0.18721250745935417,0.6685546875,0.18721250745935417,5264.196923828125,2644.375766993777
1131,0.32529296875,0.18396034812759934,0.67470703125,0.18396034812759934,5269.6658203125,2647.197528363525
1132,0.3216796875,0.18166645481668886,0.6783203125,0.18166645481668886,5275.03330078125,2649.9668496734803
1133,0.3224609375,0.1830713770346295,0.6775390625,0.1830713770346295,5280.340966796875,2652.6934201455015
1134,0.325,0.18521032388802475,0.675,0.18521032388802475,5285.661669921875,2655.432381511432
1135,0.31953125,0.181409357982366,0.68046875,0.18140935798236602,5291.024072265625,2658.180185183759
1136,0.31748046875,0.18040122878677495,0.68251953125,0.18040122878677495,5296.2962890625,2660.884885130679
1137,0.3173828125,0.1780046022655998,0.6826171875,0.1780046022655998,5301.534814453125,2663.55974281271
1138,0.316796875,0.17674712933875952,0.683203125,0.17674712933875952,5306.771630859375,2666.2253710689806
1139,0.3169921875,0.1768647164634244,0.6830078125,0.1768647164634244,5311.99873046875,2668.8910442859683
1140,0.320703125,0.17775487089927514,0.679296875,0.17775487089927514,5317.2291015625,2671.5590477252645
1141,0.31953125,0.1774942574445192,0.68046875,0.17749425744451916,5322.520751953125,2674.248995252257
1142,0.32041015625,0.17699475335572548,0.67958984375,0.17699475335572548,5327.792919921875,2676.926334715958
1143,0.319140625,0.17666757883280262,0.680859375,0.17666757883280265,5333.0796875,2679.6053696571967
1144,0.32158203125,0.1774960036566652,0.67841796875,0.17749600365666524,5338.345654296875,2682.264907008137
1145,0.31806640625,0.17582467454077133,0.68193359375,0.17582467454077133,5343.6515625,2684.9515127801537
1146,0.31884765625,0.17609577438422946,0.68115234375,0.17609577438422946,5348.899755859375,2687.620298300623
1147,0.32001953125,0.17702470893593508,0.67998046875,0.17702470893593508,5354.1607421875,2690.2927208234387
1148,0.31533203125,0.17598536868400377,0.68466796875,0.17598536868400377,5359.441015625,2692.9862352163636
1149,0.31298828125,0.17460994848374783,0.68701171875,0.17460994848374783,5364.644091796875,2695.6376441160583
1150,0.3103515625,0.17256762961804914,0.6896484375,0.17256762961804914,5369.8083984375,2698.2811372471174
1151,0.3107421875,0.17135586104864536,0.6892578125,0.17135586104864536,5374.92919921875,2700.897453826301
1152,0.30810546875,0.16959505770157857,0.69189453125,0.16959505770157857,5380.0564453125,2703.5065512580363
1153,0.30263671875,0.1651144255169546,0.69736328125,0.1651144255169546,5385.140087890625,2706.0839897906644
1154,0.30283203125,0.16551535954035934,0.69716796875,0.16551535954035934,5390.13349609375,2708.621388360322
1155,0.3125,0.17028741214304421,0.6875,0.17028741214304421,5395.130322265625,2711.175237788147
1156,0.31650390625,0.17027590297201353,0.68349609375,0.17027590297201353,5400.28662109375,2713.8139109506483
1157,0.3201171875,0.17275984060080068,0.6798828125,0.17275984060080068,5405.508984375,2716.4804228294456
1158,0.3208984375,0.17182849601697917,0.6791015625,0.17182849601697917,5410.7908203125,2719.170473370032
1159,0.3234375,0.1727835759658167,0.6765625,0.17278357596581673,5416.085693359375,2721.8529477707225
1160,0.321875,0.17091752125591345,0.678125,0.17091752125591345,5421.42236328125,2724.5557710042026
1161,0.3228515625,0.17128928520510037,0.6771484375,0.17128928520510037,5426.73349609375,2727.243451853448
1162,0.3240234375,0.1712188959763363,0.6759765625,0.1712188959763363,5432.060498046875,2729.9408977284124
1163,0.31875,0.16829954708444145,0.68125,0.16829954708444145,5437.406689453125,2732.6384078497304
1164,0.32060546875,0.16928425740540037,0.67939453125,0.16928425740540037,5442.6662109375,2735.28954910393
1165,0.3185546875,0.16632427650109674,0.6814453125,0.16632427650109674,5447.95615234375,2737.9660668908723
1166,0.31796875,0.16502299755391578,0.68203125,0.16502299755391578,5453.212255859375,2740.62174225295
1167,0.31611328125,0.1635402833268607,0.68388671875,0.1635402833268607,5458.4587890625,2743.267566702702
1168,0.31806640625,0.1652048503930311,0.68193359375,0.1652048503930311,5463.674609375,2745.9080230090276
1169,0.32509765625,0.1687450549496082,0.67490234375,0.1687450549496082,5468.922705078125,2748.5689586875887
1170,0.32412109375,0.16801328556571624,0.67587890625,0.16801328556571624,5474.2869140625,2751.2918585865077
1171,0.3208984375,0.16634915944085707,0.6791015625,0.16634915944085707,5479.63486328125,2754.0081934008113
1172,0.32421875,0.16747747924627807,0.67578125,0.16747747924627807,5484.9296875,2756.7040952233533
1173,0.3224609375,0.16716045980952096,0.6775390625,0.16716045980952093,5490.279296875,2759.426716010086
1174,0.32099609375,0.1680034087153169,0.67900390625,0.1680034087153169,5495.59990234375,2762.1346362069016
1175,0.31865234375,0.1675139475467063,0.68134765625,0.1675139475467063,5500.89638671875,2764.8375092818364
1176,0.3169921875,0.16658576273263825,0.6830078125,0.16658576273263825,5506.154150390625,2767.533978617016
1177,0.31171875,0.1643249156929054,0.68828125,0.1643249156929054,5511.3845703125,2770.2217575593463
1178,0.30849609375,0.16309497191480676,0.69150390625,0.16309497191480676,5516.527734375,2772.8689438365736
1179,0.30859375,0.16303622464616568,0.69140625,0.16303622464616568,5521.618017578125,2775.49043446887
1180,0.3083984375,0.16309926966463315,0.6916015625,0.16309926966463312,5526.709912109375,2778.112496294146
1181,0.311328125,0.1639670248607909,0.688671875,0.1639670248607909,5531.798388671875,2780.733113984931
1182,0.31162109375,0.1655942780413742,0.68837890625,0.1655942780413742,5536.935302734375,2783.3721975948206
1183,0.3095703125,0.16628195548736827,0.6904296875,0.16628195548736827,5542.077099609375,2786.0287078479337
1184,0.31494140625,0.16920717264939147,0.68505859375,0.16920717264939147,5547.18486328125,2788.6748445373637
1185,0.3173828125,0.17027229044406023,0.6826171875,0.17027229044406023,5552.381396484375,2791.3703358298453
1186,0.3228515625,0.17297742151648635,0.6771484375,0.17297742151648635,5557.618310546875,2794.0813803954516
1187,0.3240234375,0.17390206468177982,0.6759765625,0.17390206468177985,5562.94521484375,2796.8370870410813
1188,0.3283203125,0.1771242102024558,0.6716796875,0.1771242102024558,5568.291748046875,2799.6020311543143
1189,0.3287109375,0.17649929299361541,0.6712890625,0.17649929299361541,5573.708984375,2802.4014820749094
1190,0.32783203125,0.17480471477828,0.67216796875,0.17480471477828,5579.13271484375,2805.1949546304895
1191,0.32646484375,0.17275997860653342,0.67353515625,0.17275997860653342,5584.542041015625,2807.9695956763712
1192,0.32431640625,0.1704712574020023,0.67568359375,0.1704712574020023,5589.9287109375,2810.717861961892
1193,0.322265625,0.1688792546073044,0.677734375,0.1688792546073044,5595.279833984375,2813.447208390803
1194,0.32685546875,0.1718500570057965,0.67314453125,0.1718500570057965,5600.597265625,2816.167702818254
1195,0.32138671875,0.16824698181619424,0.67861328125,0.16824698181619424,5605.990380859375,2818.931129516885
1196,0.3185546875,0.16744547397696688,0.6814453125,0.16744547397696688,5611.29326171875,2821.6460404002437
1197,0.319921875,0.1686799080416904,0.680078125,0.1686799080416904,5616.5494140625,2824.342863954053
1198,0.31767578125,0.16754468748754123,0.68232421875,0.16754468748754123,5621.828173828125,2827.053436245796
1199,0.31650390625,0.16706381527618058,0.68349609375,0.16706381527618058,5627.0697265625,2829.751664615574
1200,0.31806640625,0.16823315059641109,0.68193359375,0.16823315059641106,5632.292138671875,2832.4384403771896
1201,0.320703125,0.1695393503249135,0.679296875,0.1695393503249135,5637.540185546875,2835.132653225858
1202,0.32041015625,0.1681528617150303,0.67958984375,0.1681528617150303,5642.831787109375,2837.844834324084
1203,0.32080078125,0.16795299367414218,0.67919921875,0.16795299367414218,5648.118505859375,2840.539757538238
1204,0.31943359375,0.16668548795603536,0.68056640625,0.16668548795603536,5653.41181640625,2843.2390066340445
1205,0.31875,0.16644659135421638,0.68125,0.16644659135421638,5658.682421875,2845.908729222235
1206,0.3171875,0.16579535018971805,0.6828125,0.16579535018971805,5663.941748046875,2848.5713694911383
1207,0.3203125,0.16713546941543783,0.6796875,0.16713546941543783,5669.17548828125,2851.230289683744
1208,0.3224609375,0.16788060914167918,0.6775390625,0.16788060914167915,5674.460498046875,2853.907859141888
1209,0.32109375,0.16786867931109825,0.67890625,0.16786867931109825,5679.781103515625,2856.587375199134
1210,0.31845703125,0.1657048159040465,0.68154296875,0.1657048159040465,5685.079150390625,2859.2535069492114
1211,0.314453125,0.16500034216643025,0.685546875,0.16500034216643025,5690.3337890625,2861.8941004514413
1212,0.3078125,0.16375808812324735,0.6921875,0.16375808812324735,5695.522216796875,2864.5029238344296
1213,0.3048828125,0.16237318519241795,0.6951171875,0.16237318519241792,5700.601123046875,2867.0699289230306
1214,0.3044921875,0.16325473113747585,0.6955078125,0.16325473113747585,5705.631689453125,2869.625367459436
1215,0.3052734375,0.1646069602264147,0.6947265625,0.1646069602264147,5710.655810546875,2872.182217931567
1216,0.30146484375,0.1647128629607641,0.69853515625,0.16471286296076407,5715.69267578125,2874.7469288208154
1217,0.300390625,0.16342603479145007,0.699609375,0.16342603479145007,5720.66708984375,2877.293660350582
1218,0.30078125,0.16354025416968973,0.69921875,0.16354025416968973,5725.623388671875,2879.8347185226594
1219,0.29794921875,0.1645671240957011,0.70205078125,0.1645671240957011,5730.586328125,2882.3825162747203
1220,0.2998046875,0.16653869802377202,0.7001953125,0.16653869802377202,5735.5025390625,2884.9166068992768
1221,0.299609375,0.16573666820736008,0.700390625,0.16573666820736008,5740.44921875,2887.4660174510823
1222,0.2958984375,0.1625670074811821,0.7041015625,0.1625670074811821,5745.392822265625,2890.0168408300347
1223,0.292578125,0.16177912520335405,0.707421875,0.16177912520335405,5750.2751953125,2892.5321331733057
1224,0.28935546875,0.16117545008796955,0.71064453125,0.16117545008796955,5755.102734375,2895.025964691132
1225,0.292578125,0.16384099630529747,0.707421875,0.16384099630529747,5759.87705078125,2897.5039178770003
1226,0.294140625,0.16483599748505948,0.705859375,0.16483599748505948,5764.7044921875,2900.007764191624
1227,0.29296875,0.16493675175678138,0.70703125,0.16493675175678138,5769.5578125,2902.5260977661733
1228,0.29296875,0.16391129565041232,0.70703125,0.16391129565041232,5774.3919921875,2905.03500517805
1229,0.2955078125,0.16512352221258675,0.7044921875,0.16512352221258675,5779.225927734375,2907.5448317323403
1230,0.29541015625,0.16729245323037412,0.70458984375,0.16729245323037412,5784.101806640625,2910.0746704681696
1231,0.2951171875,0.16668568820490784,0.7048828125,0.16668568820490784,5788.97607421875,2912.61288124796
1232,0.294921875,0.16649746253110548,0.705078125,0.16649746253110548,5793.845361328125,2915.1537498052753
1233,0.2943359375,0.16721373735420467,0.7056640625,0.16721373735420467,5798.711572265625,2917.6873285149104
1234,0.2990234375,0.1696870009272702,0.7009765625,0.1696870009272702,5803.568310546875,2920.2225014315873
1235,0.303125,0.1719505560135788,0.696875,0.1719505560135788,5808.502099609375,2922.796129076695
1236,0.302734375,0.17146891391719202,0.697265625,0.17146891391719202,5813.503759765625,2925.390872417532
1237,0.30537109375,0.1735871365417908,0.69462890625,0.17358713654179078,5818.498681640625,2927.981994032573
1238,0.30712890625,0.17360207936847868,0.69287109375,0.17360207936847868,5823.537353515625,2930.5965897579545
1239,0.3146484375,0.17812928311736465,0.6853515625,0.17812928311736465,5828.60498046875,2933.2189216729707
1240,0.31181640625,0.17509907234159663,0.68818359375,0.17509907234159666,5833.7966796875,2935.904434658143
1241,0.31044921875,0.1732486005454081,0.68955078125,0.1732486005454081,5838.9416015625,2938.570735796111
1242,0.3130859375,0.17398616849799667,0.6869140625,0.17398616849799667,5844.064111328125,2941.218979440201
1243,0.3123046875,0.1736897052461547,0.6876953125,0.17368970524615468,5849.230029296875,2943.8805806629443
1244,0.313671875,0.17492619729334916,0.686328125,0.17492619729334918,5854.3830078125,2946.536303304588
1245,0.31767578125,0.17802980790601264,0.68232421875,0.17802980790601264,5859.558544921875,2949.2029884664294
1246,0.31787109375,0.17698548549473106,0.68212890625,0.17698548549473106,5864.80029296875,2951.8986311739072
1247,0.31796875,0.17691809031626005,0.68203125,0.17691809031626005,5870.045068359375,2954.5929128578514
1248,0.31884765625,0.17990139379634656,0.68115234375,0.17990139379634656,5875.291650390625,2957.2823264379663
1249,0.3158203125,0.1785669031932167,0.6841796875,0.1785669031932167,5880.552587890625,2959.9752046999706
1250,0.31689453125,0.18021864962587428,0.68310546875,0.18021864962587428,5885.763671875,2962.6314254792383
1251,0.31513671875,0.17631107760034456,0.68486328125,0.17631107760034456,5890.992333984375,2965.2922091352125
1252,0.31201171875,0.17559845638943566,0.68798828125,0.17559845638943566,5896.1921875,2967.9223529682777
1253,0.30751953125,0.17288325649578362,0.69248046875,0.17288325649578362,5901.34033203125,2970.5175739545175
1254,0.30693359375,0.17440326311225976,0.69306640625,0.17440326311225976,5906.414404296875,2973.0788080548346
1255,0.3099609375,0.17671906947639116,0.6900390625,0.17671906947639116,5911.478759765625,2975.635440474178
1256,0.308203125,0.1755891962990138,0.691796875,0.1755891962990138,5916.5931640625,2978.2091086579303
1257,0.31181640625,0.18011850165055454,0.68818359375,0.18011850165055454,5921.678515625,2980.767038549709
1258,0.31396484375,0.18168642840677976,0.68603515625,0.18168642840677976,5926.823486328125,2983.3640121040826
1259,0.31669921875,0.1801195605884252,0.68330078125,0.1801195605884252,5932.00390625,2985.976161462794
1260,0.31630859375,0.1785969421688826,0.68369140625,0.1785969421688826,5937.2294921875,2988.6088692405965
1261,0.31357421875,0.17918069769751474,0.68642578125,0.17918069769751474,5942.44873046875,2991.230974074208
1262,0.30966796875,0.17839551762479394,0.69033203125,0.17839551762479394,5947.6224609375,2993.836543067752
1263,0.3072265625,0.1763479363801214,0.6927734375,0.1763479363801214,5952.73203125,2996.4035748714773
1264,0.31171875,0.17629850112528875,0.68828125,0.17629850112528875,5957.80126953125,2998.94622899476
1265,0.30947265625,0.17479947727046646,0.69052734375,0.17479947727046646,5962.9447265625,3001.522543825878
1266,0.30859375,0.17436878261625335,0.69140625,0.17436878261625335,5968.0509765625,3004.0841104079727
1267,0.3091796875,0.17344761724432647,0.6908203125,0.17344761724432647,5973.142724609375,3006.6447580359663
1268,0.30732421875,0.17176568456381724,0.69267578125,0.17176568456381724,5978.24423828125,3009.2183977845248
1269,0.30458984375,0.16841751121574752,0.69541015625,0.16841751121574752,5983.3150390625,3011.7781765980244
1270,0.30361328125,0.16766554324087818,0.69638671875,0.16766554324087818,5988.34072265625,3014.313205629809
1271,0.30517578125,0.16726850882213035,0.69482421875,0.16726850882213035,5993.350390625,3016.8417958213527
1272,0.305859375,0.16801348423203735,0.694140625,0.16801348423203735,5998.385888671875,3019.3772370989773
1273,0.30693359375,0.17037702265635224,0.69306640625,0.17037702265635224,6003.43251953125,3021.9237918795925
1274,0.31259765625,0.17306189202793906,0.68740234375,0.17306189202793906,6008.496875,3024.483960679402
1275,0.312890625,0.17297797284439273,0.687109375,0.17297797284439273,6013.6546875,3027.086841615567
1276,0.31376953125,0.17145781778448874,0.68623046875,0.17145781778448874,6018.817529296875,3029.6935192443175
1277,0.31787109375,0.1726656673849247,0.68212890625,0.1726656673849247,6023.994677734375,3032.3046478454007
1278,0.323828125,0.1766235246104006,0.676171875,0.1766235246104006,6029.2396484375,3034.9433383950445
1279,0.3240234375,0.1761632134788734,0.6759765625,0.17616321347887343,6034.582763671875,3037.6321644495697
1280,0.324609375,0.1766969422123853,0.675390625,0.1766969422123853,6039.92900390625,3040.316490043747
1281,0.32236328125,0.17582651869357852,0.67763671875,0.17582651869357852,6045.28505859375,3043.0068138886636
1282,0.326953125,0.17751682255504425,0.673046875,0.17751682255504422,6050.604296875,3045.6827992343538
1283,0.32705078125,0.1765269826088614,0.67294921875,0.1765269826088614,6055.99892578125,3048.3947221882577
1284,0.33125,0.178876182994756,0.66875,0.178876182994756,6061.395068359375,3051.1073291446537
1285,0.3357421875,0.1785928571650364,0.6642578125,0.1785928571650364,6066.86083984375,3053.8628715284444
1286,0.3328125,0.17643152290730424,0.6671875,0.17643152290730424,6072.400634765625,3056.6424803368677
1287,0.33369140625,0.17694711569714847,0.66630859375,0.17694711569714844,6077.89208984375,3059.395974729324
1288,0.33291015625,0.17644430609942396,0.66708984375,0.17644430609942396,6083.397802734375,3062.159171950737
1289,0.3359375,0.1784155901336382,0.6640625,0.1784155901336382,6088.8908203125,3064.903586421198
1290,0.33408203125,0.17792178156317529,0.66591796875,0.17792178156317529,6094.433740234375,3067.666579700038
1291,0.33779296875,0.17923710643411978,0.66220703125,0.17923710643411978,6099.946142578125,3070.416773877107
1292,0.33798828125,0.18063420889323636,0.66201171875,0.18063420889323636,6105.519921875,3073.197621419182
1293,0.33896484375,0.18236971973412505,0.66103515625,0.18236971973412505,6111.0966796875,3075.976261233981
1294,0.3396484375,0.1828075962550111,0.6603515625,0.1828075962550111,6116.689453125,3078.7702071312137
1295,0.3359375,0.18066617397414778,0.6640625,0.18066617397414778,6122.29365234375,3081.5723421840185
1296,0.33173828125,0.17761900122953717,0.66826171875,0.17761900122953714,6127.836669921875,3084.3362914230247
1297,0.3330078125,0.1790292375437817,0.6669921875,0.1790292375437817,6133.3103515625,3087.063637845743
1298,0.3306640625,0.1787948061399903,0.6693359375,0.1787948061399903,6138.805029296875,3089.7930168923976
1299,0.33232421875,0.18053524229110074,0.66767578125,0.18053524229110074,6144.26103515625,3092.4956400981796
1300,0.33447265625,0.1803191650851264,0.66552734375,0.1803191650851264,6149.744287109375,3095.208167727994
1301,0.33095703125,0.17929881641275996,0.66904296875,0.17929881641275996,6155.263232421875,3097.917903230827
1302,0.33115234375,0.17980128127374584,0.66884765625,0.17980128127374584,6160.723876953125,3100.5992414818406
1303,0.3376953125,0.18385733654830508,0.6623046875,0.18385733654830508,6166.187841796875,3103.2733790808325
1304,0.33837890625,0.18386535034169546,0.66162109375,0.18386535034169546,6171.759912109375,3105.988342292479
1305,0.337109375,0.1838339934119614,0.662890625,0.18383399341196138,6177.3431640625,3108.6994150801984
1306,0.33564453125,0.18398191284346416,0.66435546875,0.18398191284346416,6182.905419921875,3111.406734668505
1307,0.33408203125,0.18388516288176096,0.66591796875,0.18388516288176096,6188.44345703125,3114.095425813233
1308,0.33525390625,0.1872073369031151,0.66474609375,0.1872073369031151,6193.955908203125,3116.773870267894
1309,0.33291015625,0.1832773672279605,0.66708984375,0.1832773672279605,6199.487646484375,3119.454620668133
1310,0.32744140625,0.18100319205151305,0.67255859375,0.18100319205151305,6204.98076171875,3122.1200459514343
1311,0.32900390625,0.17894955573206686,0.67099609375,0.17894955573206686,6210.383203125,3124.744973641188
1312,0.3263671875,0.1770159544570043,0.6736328125,0.17701595445700427,6215.811962890625,3127.3871106560973
1313,0.3240234375,0.174381799052597,0.6759765625,0.17438179905259696,6221.19716796875,3130.0101537422834
1314,0.3271484375,0.1765278199832178,0.6728515625,0.1765278199832178,6226.543359375,3132.612375599972
1315,0.32734375,0.1774335323050028,0.67265625,0.1774335323050028,6231.94130859375,3135.23860405796
1316,0.3248046875,0.173965886422229,0.6751953125,0.173965886422229,6237.34248046875,3137.870270868613
1317,0.3259765625,0.1724609375,0.6740234375,0.1724609375,6242.701904296875,3140.477564014033
1318,0.328515625,0.17184237083745982,0.671484375,0.17184237083745982,6248.08037109375,3143.0976228019304
1319,0.32470703125,0.1706159775133528,0.67529296875,0.1706159775133528,6253.50107421875,3145.7430278539437
1320,0.3228515625,0.17154298098065823,0.6771484375,0.17154298098065823,6258.8587890625,3148.354930187539
1321,0.32216796875,0.17183529481899878,0.67783203125,0.17183529481899878,6264.185546875,3150.9459174942494
1322,0.31787109375,0.16948424360021008,0.68212890625,0.16948424360021008,6269.501513671875,3153.5379985993563
1323,0.313671875,0.16666451770668628,0.686328125,0.16666451770668628,6274.746240234375,3156.08813277119
1324,0.31220703125,0.1673100102851768,0.68779296875,0.1673100102851768,6279.921875,3158.585705218611
1325,0.312890625,0.16672481793959826,0.687109375,0.16672481793959826,6285.073291015625,3161.0657349073813
1326,0.31142578125,0.16450336622139058,0.68857421875,0.16450336622139058,6290.235986328125,3163.5574311909736
1327,0.307421875,0.16277677001178253,0.692578125,0.16277677001178256,6295.374658203125,3166.0461652738177
1328,0.30380859375,0.16078587769131286,0.69619140625,0.16078587769131286,6300.44716796875,3168.503453907957
1329,0.30625,0.1624397753108128,0.69375,0.1624397753108128,6305.459765625,3170.939532228059
1330,0.3080078125,0.16329877111436245,0.6919921875,0.16329877111436245,6310.512890625,3173.388727067243
1331,0.30615234375,0.16303344612770232,0.69384765625,0.16303344612770232,6315.595166015625,3175.8534818021913
1332,0.30703125,0.1627746608350358,0.69296875,0.1627746608350358,6320.64677734375,3178.3018728025127
1333,0.30517578125,0.16076321840890245,0.69482421875,0.16076321840890245,6325.712548828125,3180.7626511071926
1334,0.30712890625,0.16043721187195653,0.69287109375,0.16043721187195653,6330.747900390625,3183.2143465492677
1335,0.30595703125,0.16005799792064207,0.69404296875,0.16005799792064207,6335.8158203125,3185.6840430427637
1336,0.30693359375,0.1599036033639468,0.69306640625,0.1599036033639468,6340.86396484375,3188.1542067381965
1337,0.30771484375,0.16079477444219087,0.69228515625,0.16079477444219087,6345.928369140625,3190.6360139901203
1338,0.3126953125,0.16319981054407232,0.6873046875,0.16319981054407232,6351.00556640625,3193.133067838551
1339,0.31171875,0.1632015636144793,0.68828125,0.1632015636144793,6356.16513671875,3195.6741366544543
1340,0.31044921875,0.16285973857541508,0.68955078125,0.16285973857541508,6361.30849609375,3198.1949570579773
1341,0.308203125,0.16226178829118432,0.691796875,0.16226178829118432,6366.43076171875,3200.7016339314996
1342,0.30634765625,0.1612618150744268,0.69365234375,0.1612618150744268,6371.51640625,3203.198125663451
1343,0.30986328125,0.16226052464939544,0.69013671875,0.16226052464939544,6376.57109375,3205.6778267587247
1344,0.3087890625,0.1619161828872016,0.6912109375,0.1619161828872016,6381.68369140625,3208.186892418725
1345,0.3046875,0.1604079339098614,0.6953125,0.1604079339098614,6386.77880859375,3210.6800529860475
1346,0.30537109375,0.1620170164707974,0.69462890625,0.1620170164707974,6391.80625,3213.137127055633
1347,0.30078125,0.160097288117562,0.69921875,0.160097288117562,6396.84462890625,3215.6029185392213
1348,0.29970703125,0.15956651736804253,0.70029296875,0.15956651736804253,6401.80751953125,3218.0407681965858
1349,0.29453125,0.15679908404958576,0.70546875,0.15679908404958576,6406.752880859375,3220.463978334826
1350,0.2935546875,0.1571745109879362,0.7064453125,0.1571745109879362,6411.61240234375,3222.8600642007286
1351,0.29462890625,0.1575441098888465,0.70537109375,0.1575441098888465,6416.45625,3225.2563514074345
1352,0.29794921875,0.15816782616423766,0.70205078125,0.15816782616423766,6421.317626953125,3227.663068344636
1353,0.2982421875,0.1585206112140863,0.7017578125,0.1585206112140863,6426.233837890625,3230.099086051143
1354,0.29931640625,0.15853026674500728,0.70068359375,0.15853026674500728,6431.1548828125,3232.540638792543
1355,0.29931640625,0.15738737045281542,0.70068359375,0.15738737045281542,6436.093408203125,3234.9782822597863
1356,0.3015625,0.1585624776741707,0.6984375,0.1585624776741707,6441.03212890625,3237.4191921531037
1357,0.30400390625,0.16031875925318734,0.69599609375,0.16031875925318734,6446.007861328125,3239.8801010056977
1358,0.30126953125,0.15960643644237224,0.69873046875,0.15960643644237224,6451.023828125,3242.3511549475966
1359,0.29921875,0.15773658059379211,0.70078125,0.15773658059379211,6455.994921875,3244.7979175382957
1360,0.299609375,0.15886291813325254,0.700390625,0.15886291813325254,6460.932177734375,3247.232549764439
1361,0.29853515625,0.1593713198966201,0.70146484375,0.15937131989662012,6465.8755859375,3249.672151195998
1362,0.29755859375,0.1579050831165604,0.70244140625,0.1579050831165604,6470.801318359375,3252.1084997841463
1363,0.299609375,0.15918795511504927,0.700390625,0.15918795511504927,6475.71103515625,3254.540559538713
1364,0.3029296875,0.16023947437491556,0.6970703125,0.16023947437491556,6480.6546875,3256.9887585477054
1365,0.30498046875,0.16038358603229666,0.69501953125,0.16038358603229663,6485.65302734375,3259.474613714539
1366,0.30439453125,0.1592857260401622,0.69560546875,0.1592857260401622,6490.685009765625,3261.984166000348
1367,0.30458984375,0.15921110814317185,0.69541015625,0.15921110814317185,6495.707763671875,3264.4929793830784
1368,0.30263671875,0.15800856695006843,0.69736328125,0.15800856695006843,6500.73349609375,3267.009304062032
1369,0.30712890625,0.1604324564243184,0.69287109375,0.1604324564243184,6505.726953125,3269.501177008629
1370,0.30830078125,0.16220467948701525,0.69169921875,0.16220467948701528,6510.79482421875,3272.0382944348084
1371,0.30751953125,0.16324401138794747,0.69248046875,0.16324401138794747,6515.8814453125,3274.5955330003003
1372,0.3076171875,0.16382632740728156,0.6923828125,0.16382632740728156,6520.9552734375,3277.147034385858
1373,0.30908203125,0.16484493598692143,0.69091796875,0.16484493598692143,6526.03134765625,3279.6926674918004
1374,0.30908203125,0.16514029924784848,0.69091796875,0.16514029924784848,6531.13115234375,3282.2448275543443
1375,0.310546875,0.16851405850859763,0.689453125,0.16851405850859763,6536.230859375,3284.807553312349
1376,0.31083984375,0.1682161434396125,0.68916015625,0.16821614343961253,6541.355126953125,3287.3879827523056
1377,0.31220703125,0.16859725821223953,0.68779296875,0.16859725821223953,6546.483837890625,3289.9704882920005
1378,0.31220703125,0.167764825566588,0.68779296875,0.167764825566588,6551.63515625,3292.5658156530762
1379,0.3125,0.16934337137661817,0.6875,0.16934337137661817,6556.786767578125,3295.1632797229327
1380,0.31640625,0.17244943513454214,0.68359375,0.17244943513454214,6561.943017578125,3297.76195666951
1381,0.31767578125,0.17234657098531295,0.68232421875,0.17234657098531292,6567.163818359375,3300.39532051326
1382,0.318359375,0.17127079969630923,0.681640625,0.17127079969630923,6572.405322265625,3303.043965054916
1383,0.31337890625,0.16840505312226905,0.68662109375,0.16840505312226905,6577.658251953125,3305.702194834138
1384,0.308984375,0.16485300625671043,0.691015625,0.16485300625671043,6582.82919921875,3308.3153842446227
1385,0.3109375,0.165192813922048,0.6890625,0.165192813922048,6587.92724609375,3310.8921329089203
1386,0.30830078125,0.16238801472038847,0.69169921875,0.16238801472038847,6593.05771484375,3313.482218377615
1387,0.31015625,0.1617024731392069,0.68984375,0.1617024731392069,6598.144580078125,3316.0500072268906
1388,0.3091796875,0.16024149789141504,0.6908203125,0.16024149789141504,6603.262255859375,3318.6267324215187
1389,0.309765625,0.16141535361246137,0.690234375,0.16141535361246134,6608.363720703125,3321.199365816581
1390,0.3083984375,0.16013171496519768,0.6916015625,0.16013171496519768,6613.4748046875,3323.788722939035
1391,0.3123046875,0.1621921851743808,0.6876953125,0.16219218517438078,6618.56318359375,3326.3691979191854
1392,0.30966796875,0.1616058692791621,0.69033203125,0.1616058692791621,6623.716552734375,3328.979970879211
1393,0.3142578125,0.16253579552412495,0.6857421875,0.16253579552412495,6628.826123046875,3331.5671057206455
1394,0.31357421875,0.16208316453207425,0.68642578125,0.16208316453207425,6634.01123046875,3334.1889140860667
1395,0.31640625,0.16405436177732083,0.68359375,0.16405436177732083,6639.18505859375,3336.797636024135
1396,0.31650390625,0.16475940734215833,0.68349609375,0.16475940734215833,6644.4060546875,3339.4342780033635
1397,0.31484375,0.16523091197612189,0.68515625,0.16523091197612189,6649.628271484375,3342.07100954474
1398,0.31318359375,0.1669379537755468,0.68681640625,0.1669379537755468,6654.823193359375,3344.6905737788006
1399,0.3109375,0.16693346920881338,0.6890625,0.16693346920881338,6659.990576171875,3347.3032063939368
1400,0.30595703125,0.16395030226986435,0.69404296875,0.16395030226986432,6665.121142578125,3349.9053010058046
1401,0.29990234375,0.16080189148848473,0.70009765625,0.16080189148848473,6670.16943359375,3352.465175710561
1402,0.29658203125,0.1597048767549124,0.70341796875,0.15970487675491238,6675.1177734375,3354.961745454891
1403,0.2939453125,0.15936051845205762,0.7060546875,0.15936051845205762,6680.011474609375,3357.43680892474
1404,0.29306640625,0.15911224246969607,0.70693359375,0.15911224246969607,6684.861328125,3359.896984912696
1405,0.29501953125,0.16147776168916142,0.70498046875,0.16147776168916142,6689.696923828125,3362.35264970554
1406,0.29423828125,0.1603318456685185,0.70576171875,0.1603318456685185,6694.564794921875,3364.820469923898
1407,0.29130859375,0.15904485878236535,0.70869140625,0.15904485878236535,6699.41962890625,3367.2784545108284
1408,0.287109375,0.15648785606774632,0.712890625,0.15648785606774632,6704.2263671875,3369.7195483342925
1409,0.284765625,0.15515374710814825,0.715234375,0.15515374710814825,6708.963671875,3372.114115872325
1410,0.2826171875,0.15402418546134647,0.7173828125,0.15402418546134647,6713.66240234375,3374.485678972996
1411,0.2833984375,0.1550434371627079,0.7166015625,0.1550434371627079,6718.3255859375,3376.8406605435966
1412,0.2830078125,0.1566521923331843,0.7169921875,0.1566521923331843,6723.0017578125,3379.1996078972165
1413,0.2861328125,0.15881260395909869,0.7138671875,0.15881260395909869,6727.671240234375,3381.5604088398454
1414,0.28857421875,0.16111757148564107,0.71142578125,0.16111757148564107,6732.39248046875,3383.954181818676
1415,0.29248046875,0.164057994962329,0.70751953125,0.164057994962329,6737.15400390625,3386.377867757914
1416,0.2888671875,0.16254166289075847,0.7111328125,0.16254166289075847,6741.979931640625,3388.843167608391
1417,0.28759765625,0.16202184313226886,0.71240234375,0.16202184313226886,6746.74609375,3391.270148555007
1418,0.29443359375,0.1632637562118648,0.70556640625,0.1632637562118648,6751.491748046875,3393.683452278109
1419,0.29365234375,0.16439700947475647,0.70634765625,0.16439700947475647,6756.349658203125,3396.1528834264886
1420,0.29404296875,0.16412436635809532,0.70595703125,0.16412436635809532,6761.194970703125,3398.623720810825
1421,0.29404296875,0.16294228445856282,0.70595703125,0.16294228445856282,6766.046728515625,3401.097484086301
1422,0.2927734375,0.16166802684303508,0.7072265625,0.1616680268430351,6770.898388671875,3403.563454303246
1423,0.29404296875,0.16047418067011018,0.70595703125,0.16047418067011018,6775.729052734375,3406.004354785674
1424,0.29189453125,0.1605995258956125,0.70810546875,0.1605995258956125,6780.580859375,3408.453266909458
1425,0.29248046875,0.16144220415173993,0.70751953125,0.16144220415173993,6785.3970703125,3410.8874767500174
1426,0.2931640625,0.1618006991565815,0.7068359375,0.1618006991565815,6790.22294921875,3413.314300819974
1427,0.29013671875,0.16120763532668692,0.70986328125,0.16120763532668692,6795.060400390625,3415.7544829904487
1428,0.287109375,0.1572041181573339,0.712890625,0.1572041181573339,6799.84736328125,3418.1703504011753
1429,0.2802734375,0.15189926644324553,0.7197265625,0.15189926644324553,6804.584765625,3420.5375235858387
1430,0.28330078125,0.15121177127167768,0.71669921875,0.15121177127167768,6809.20947265625,3422.8461746186267
1431,0.280859375,0.1475457640952169,0.719140625,0.1475457640952169,6813.883837890625,3425.1857767859
1432,0.28125,0.14852099830824111,0.71875,0.14852099830824111,6818.5177734375,3427.502274050909
1433,0.285546875,0.15220483951368535,0.714453125,0.15220483951368535,6823.158740234375,3429.818779559733
1434,0.28896484375,0.1541437939696579,0.71103515625,0.1541437939696579,6827.87001953125,3432.1705587304723
1435,0.29150390625,0.15597219566615983,0.70849609375,0.15597219566615983,6832.638037109375,3434.5515906792243
1436,0.29345703125,0.15688484920875848,0.70654296875,0.15688484920875848,6837.44775390625,3436.9608950609895
1437,0.29697265625,0.1583245157831649,0.70302734375,0.1583245157831649,6842.290087890625,3439.380234968422
1438,0.29775390625,0.15872397502328495,0.70224609375,0.15872397502328495,6847.189892578125,3441.8097074392253
1439,0.29912109375,0.15824112800689807,0.70087890625,0.15824112800689807,6852.102880859375,3444.242833127149
1440,0.29697265625,0.15887891566195605,0.70302734375,0.15887891566195605,6857.038427734375,3446.7031718090498
1441,0.29970703125,0.15915359376810112,0.70029296875,0.15915359376810112,6861.93857421875,3449.1495653244638
1442,0.30244140625,0.16081410835016313,0.69755859375,0.16081410835016313,6866.883544921875,3451.60160519906
1443,0.30439453125,0.16033065603853516,0.69560546875,0.16033065603853514,6871.873828125,3454.0725645046764
1444,0.3015625,0.15832653365676147,0.6984375,0.15832653365676147,6876.89638671875,3456.5540273397296
1445,0.3046875,0.15917908838077435,0.6953125,0.15917908838077435,6881.8720703125,3459.0102166108504
1446,0.308203125,0.1602498297489589,0.691796875,0.1602498297489589,6886.899365234375,3461.497704033463
1447,0.306640625,0.15986539901048397,0.693359375,0.15986539901048397,6891.98486328125,3464.0177005221776
1448,0.30849609375,0.15995512452235444,0.69150390625,0.15995512452235444,6897.044482421875,3466.5322365990583
1449,0.3119140625,0.1611222771177026,0.6880859375,0.1611222771177026,6902.13447265625,3469.0742438973243
1450,0.31259765625,0.16310666620698622,0.68740234375,0.16310666620698622,6907.28134765625,3471.6559022841498
1451,0.3162109375,0.16369284993882216,0.6837890625,0.16369284993882216,6912.4392578125,3474.2563766354488
1452,0.319140625,0.16366430005591617,0.680859375,0.16366430005591617,6917.65634765625,3476.881844611882
1453,0.32236328125,0.1650722565083982,0.67763671875,0.1650722565083982,6922.9224609375,3479.5161674414558
1454,0.324609375,0.16489696638047766,0.675390625,0.16489696638047766,6928.241357421875,3482.1829510229936
1455,0.3287109375,0.16713729532417726,0.6712890625,0.16713729532417726,6933.597509765625,3484.858816138882
1456,0.3294921875,0.1674439931580902,0.6705078125,0.1674439931580902,6939.0212890625,3487.568336076921
1457,0.32861328125,0.16766201667076072,0.67138671875,0.16766201667076072,6944.4576171875,3490.274634967364
1458,0.3255859375,0.166071452010427,0.6744140625,0.166071452010427,6949.87998046875,3492.975127081536
1459,0.32919921875,0.16881511985895445,0.67080078125,0.16881511985895445,6955.251953125,3495.655941946948
1460,0.332421875,0.1709827916817056,0.667578125,0.1709827916817056,6960.683837890625,3498.379603860747
1461,0.33291015625,0.17073007890210484,0.66708984375,0.17073007890210484,6966.16884765625,3501.124129916992
1462,0.3380859375,0.17182272376166927,0.6619140625,0.17182272376166927,6971.66181640625,3503.8664107832246
1463,0.3369140625,0.1712229062665714,0.6630859375,0.1712229062665714,6977.240234375,3506.641827883753
1464,0.33408203125,0.16967556344159768,0.66591796875,0.16967556344159768,6982.79912109375,3509.4182930484376
1465,0.3369140625,0.1718372650338013,0.6630859375,0.1718372650338013,6988.3115234375,3512.1756989848805
1466,0.3423828125,0.17470274611325293,0.6576171875,0.17470274611325293,6993.870947265625,3514.9629211489105
1467,0.34150390625,0.17423913947566352,0.65849609375,0.17423913947566352,6999.52001953125,3517.787692818604
1468,0.3423828125,0.1747103883219245,0.6576171875,0.1747103883219245,7005.15498046875,3520.605453937327
1469,0.34296875,0.17449114250722458,0.65703125,0.1744911425072246,7010.804345703125,3523.4234995939023
1470,0.3484375,0.17807948551593777,0.6515625,0.17807948551593777,7016.46328125,3526.243510069967
1471,0.34609375,0.17659166483406624,0.65390625,0.17659166483406624,7022.21259765625,3529.106239465198
1472,0.34482421875,0.1758178401587587,0.65517578125,0.1758178401587587,7027.9228515625,3531.9514373835614
1473,0.34482421875,0.17620957472351825,0.65517578125,0.17620957472351825,7033.6123046875,3534.8030741697053
1474,0.34189453125,0.17472089581305328,0.65810546875,0.17472089581305328,7039.3021484375,3537.657393864823
1475,0.34130859375,0.17613259700204437,0.65869140625,0.17613259700204437,7044.94345703125,3540.493154677159
1476,0.3373046875,0.1764641682074092,0.6626953125,0.1764641682074092,7050.57490234375,3543.34815730072
1477,0.34052734375,0.17865492312899617,0.65947265625,0.1786549231289962,7056.14033203125,3546.192277867572
1478,0.33408203125,0.17636321307295078,0.66591796875,0.17636321307295078,7061.759033203125,3549.066340745054
1479,0.331640625,0.17539791100540109,0.668359375,0.17539791100540109,7067.27177734375,3551.8966892937083
1480,0.333203125,0.1762995830078733,0.666796875,0.1762995830078733,7072.743408203125,3554.7105113917914
1481,0.33115234375,0.17495762448198673,0.66884765625,0.17495762448198673,7078.241455078125,3557.5395515821283
1482,0.33125,0.17622221166272084,0.66875,0.1762222116627208,7083.705419921875,3560.3509357254025
1483,0.32646484375,0.17293929292875082,0.67353515625,0.17293929292875085,7089.17099609375,3563.165131595896
1484,0.321875,0.1721201864440745,0.678125,0.1721201864440745,7094.55751953125,3565.9294474491876
1485,0.322265625,0.1737403219258288,0.677734375,0.1737403219258288,7099.86865234375,3568.6621195528164
1486,0.32109375,0.17175610678309272,0.67890625,0.17175610678309272,7105.186181640625,3571.3967247451765
1487,0.3220703125,0.17253004614063333,0.6779296875,0.17253004614063333,7110.483984375,3574.1147486011596
1488,0.32529296875,0.1761153779714657,0.67470703125,0.1761153779714657,7115.798388671875,3576.844621476187
1489,0.3228515625,0.17475241449568102,0.6771484375,0.17475241449568102,7121.165673828125,3579.6139448930644
1490,0.3251953125,0.17576985640158438,0.6748046875,0.17576985640158438,7126.49248046875,3582.354006308244
1491,0.32236328125,0.17606663573867967,0.67763671875,0.17606663573867967,7131.858251953125,3585.1143925484716
1492,0.31494140625,0.1724844098993448,0.68505859375,0.1724844098993448,7137.17744140625,3587.8487940006235
1493,0.31787109375,0.17310861558194118,0.68212890625,0.17310861558194118,7142.3740234375,3590.5236472208835
1494,0.31318359375,0.1692769336090278,0.68681640625,0.1692769336090278,7147.6189453125,3593.224486202078
1495,0.3142578125,0.16943896897993793,0.6857421875,0.16943896897993796,7152.78623046875,3595.8856712672405
1496,0.31396484375,0.169390810971052,0.68603515625,0.169390810971052,7157.971630859375,3598.554623277367
1497,0.31259765625,0.16986262549100165,0.68740234375,0.16986262549100165,7163.152001953125,3601.232448514693
1498,0.31181640625,0.1681276784917475,0.68818359375,0.1681276784917475,7168.309765625,3603.904227760799
1499,0.31259765625,0.16885409500086032,0.68740234375,0.16885409500086032,7173.4544921875,3606.564869381375
1500,0.31533203125,0.16884788217523924,0.68466796875,0.16884788217523924,7178.612841796875,3609.2285267573952
1501,0.31806640625,0.1716973791456735,0.68193359375,0.1716973791456735,7183.8158203125,3611.9087784583717
1502,0.3197265625,0.17169190798371903,0.6802734375,0.17169190798371903,7189.063671875,3614.6154517005552
1503,0.32177734375,0.17279099949779297,0.67822265625,0.17279099949779297,7194.3392578125,3617.3387040292437
1504,0.31669921875,0.16901475835159901,0.68330078125,0.16901475835159901,7199.64853515625,3620.0762262227922
1505,0.3189453125,0.17128037677522115,0.6810546875,0.17128037677522115,7204.8740234375,3622.7655798882074
1506,0.31533203125,0.16978569098256413,0.68466796875,0.16978569098256413,7210.13662109375,3625.469449815399
1507,0.3123046875,0.1687260363482675,0.6876953125,0.1687260363482675,7215.33955078125,3628.144943419089
1508,0.30498046875,0.16534275982246097,0.69501953125,0.16534275982246094,7220.492822265625,3630.7904156955265
1509,0.30625,0.1667339697686248,0.69375,0.1667339697686248,7225.52490234375,3633.3723272447905
1510,0.30712890625,0.16973670428740106,0.69287109375,0.16973670428740106,7230.578125,3635.973657545053
1511,0.30458984375,0.16874505494960818,0.69541015625,0.16874505494960818,7235.645556640625,3638.5868764575207
1512,0.2970703125,0.16465249198003162,0.7029296875,0.16465249198003162,7240.671484375,3641.181087473025
1513,0.29404296875,0.1632936609835398,0.70595703125,0.1632936609835398,7245.572998046875,3643.708637892451
1514,0.29169921875,0.1638275207595706,0.70830078125,0.1638275207595706,7250.42490234375,3646.2164147761596
1515,0.28876953125,0.16292800291512546,0.71123046875,0.16292800291512546,7255.2376953125,3648.6996465693583
1516,0.284765625,0.16120926216720952,0.715234375,0.16120926216720952,7260.0025390625,3651.1557574132403
1517,0.28505859375,0.16155688159846762,0.71494140625,0.16155688159846762,7264.70126953125,3653.580992770872
1518,0.29228515625,0.16529084090781526,0.70771484375,0.16529084090781526,7269.4046875,3656.0008035817555
1519,0.29208984375,0.16552861125989635,0.70791015625,0.16552861125989635,7274.227197265625,3658.4849521237957
1520,0.29384765625,0.16826398585602692,0.70615234375,0.16826398585602692,7279.0466796875,3660.97345506028
1521,0.29814453125,0.17055045487145543,0.70185546875,0.17055045487145543,7283.89541015625,3663.484271166939
1522,0.29443359375,0.1674776216048082,0.70556640625,0.1674776216048082,7288.81455078125,3666.0318127325017
1523,0.29306640625,0.16728344597418202,0.70693359375,0.16728344597418202,7293.67265625,3668.542018273756
1524,0.2921875,0.16602412662055233,0.7078125,0.16602412662055233,7298.50810546875,3671.051421272215
1525,0.2900390625,0.16381875960504388,0.7099609375,0.16381875960504388,7303.32939453125,3673.562468637358
1526,0.28828125,0.16185550528123455,0.71171875,0.16185550528123455,7308.11533203125,3676.046723455413
1527,0.2962890625,0.16475810497300847,0.7037109375,0.16475810497300847,7312.87177734375,3678.5051403419893
1528,0.29951171875,0.16709498046969856,0.70048828125,0.16709498046969856,7317.760400390625,3681.0281104232813
1529,0.30087890625,0.16864442701815624,0.69912109375,0.16864442701815624,7322.702490234375,3683.576681395308
1530,0.29716796875,0.16699849791622204,0.70283203125,0.16699849791622204,7327.6669921875,3686.1309218506094
1531,0.29765625,0.1702822597149592,0.70234375,0.1702822597149592,7332.57021484375,3688.6568940648363
1532,0.29736328125,0.1694758030097103,0.70263671875,0.1694758030097103,7337.48154296875,3691.1989597416714
1533,0.29736328125,0.16889690080400022,0.70263671875,0.16889690080400022,7342.38798828125,3693.736540053242
1534,0.29599609375,0.16803712384721636,0.70400390625,0.16803712384721636,7347.29462890625,3696.2798882307
1535,0.29521484375,0.16834308872974646,0.70478515625,0.16834308872974646,7352.1783203125,3698.8174399636473
1536,0.29443359375,0.16750779888159603,0.70556640625,0.16750779888159603,7357.0494140625,3701.3566075162626
1537,0.291015625,0.16425247092979445,0.708984375,0.16425247092979445,7361.907666015625,3703.8890024566094
1538,0.29052734375,0.1642073219162984,0.70947265625,0.1642073219162984,7366.7095703125,3706.3924563127034
1539,0.29306640625,0.16715341380949703,0.70693359375,0.16715341380949703,7371.5029296875,3708.8840015138735
1540,0.28974609375,0.16479968887781202,0.71025390625,0.164799688877812,7376.33876953125,3711.4031999552135
1541,0.2919921875,0.16517537824570974,0.7080078125,0.16517537824570974,7381.11962890625,3713.8823854714888
1542,0.2912109375,0.1648018589396398,0.7087890625,0.1648018589396398,7385.937109375,3716.3734378227537
1543,0.28681640625,0.16362481726744774,0.71318359375,0.16362481726744776,7390.74228515625,3718.8611174178486
1544,0.28486328125,0.16190278275132292,0.71513671875,0.16190278275132292,7395.475,3721.3024335491286
1545,0.28408203125,0.16352885331741787,0.71591796875,0.16352885331741787,7400.175,3723.727871591557
1546,0.28466796875,0.16298196184948097,0.71533203125,0.16298196184948097,7404.8623046875,3726.150333363775
1547,0.2841796875,0.1609776715261482,0.7158203125,0.1609776715261482,7409.55947265625,3728.572057416782
1548,0.28291015625,0.16065094259622528,0.71708984375,0.16065094259622525,7414.24833984375,3730.9865470980344
1549,0.28759765625,0.16601978969960002,0.71240234375,0.16601978969960002,7418.91640625,3733.4017806936326
1550,0.28955078125,0.16500800026658569,0.71044921875,0.16500800026658569,7423.66162109375,3735.86289562642
1551,0.29482421875,0.16680616580718458,0.70517578125,0.16680616580718458,7428.439453125,3738.3436806726704
1552,0.29765625,0.16938267539112803,0.70234375,0.16938267539112803,7433.30400390625,3740.8626928633266
1553,0.3001953125,0.17205423892718394,0.6998046875,0.17205423892718394,7438.21533203125,3743.4013619103525
1554,0.30166015625,0.17260943162063716,0.69833984375,0.17260943162063716,7443.1685546875,3745.9600835640954
1555,0.3015625,0.1705648530019882,0.6984375,0.1705648530019882,7448.14580078125,3748.5298350764815
1556,0.29853515625,0.16741884571490956,0.70146484375,0.1674188457149096,7453.1216796875,3751.094214156361
1557,0.301171875,0.1675476188724977,0.698828125,0.1675476188724977,7458.04765625,3753.6308003613935
1558,0.308203125,0.1716357976818893,0.691796875,0.1716357976818893,7463.01689453125,3756.1956759272052
1559,0.3072265625,0.17090636142344148,0.6927734375,0.17090636142344148,7468.10224609375,3758.816325763974
1560,0.3052734375,0.16752940361088484,0.6947265625,0.16752940361088484,7473.17158203125,3761.4308913246746
1561,0.30078125,0.16347084536747294,0.69921875,0.16347084536747294,7478.20849609375,3764.0200823671835
1562,0.30009765625,0.16276929988779185,0.69990234375,0.16276929988779185,7483.17138671875,3766.568785778818
1563,0.30009765625,0.16281147962019804,0.69990234375,0.16281147962019804,7488.12314453125,3769.121278250986
1564,0.29951171875,0.16199817934308286,0.70048828125,0.16199817934308286,7493.07451171875,3771.6737385813726
1565,0.2982421875,0.16206654178097263,0.7017578125,0.16206654178097263,7498.01630859375,3774.2143293013723
1566,0.29853515625,0.1637436738867033,0.70146484375,0.1637436738867033,7502.9375,3776.752827369731
1567,0.3025390625,0.1650926780514248,0.6974609375,0.16509267805142483,7507.86337890625,3779.300234008935
1568,0.30419921875,0.1660645895163546,0.69580078125,0.1660645895163546,7512.85537109375,3781.883524810948
1569,0.30322265625,0.16451658351987425,0.69677734375,0.16451658351987425,7517.87470703125,3784.4763485111125
1570,0.30244140625,0.16266790665221662,0.69755859375,0.16266790665221662,7522.87763671875,3787.0526429405636
1571,0.3025390625,0.16171580141484657,0.6974609375,0.1617158014148466,7527.86787109375,3789.6161465570844
1572,0.30400390625,0.16166463490156543,0.69599609375,0.16166463490156543,7532.8599609375,3792.1718814868595
1573,0.303125,0.1612690002129594,0.696875,0.1612690002129594,7537.8759765625,3794.7356863169957
1574,0.30166015625,0.16233714819987735,0.69833984375,0.16233714819987735,7542.87734375,3797.2874367931668
1575,0.29609375,0.1566911496991549,0.70390625,0.1566911496991549,7547.8544921875,3799.828770307185
1576,0.3005859375,0.1596718809249314,0.6994140625,0.1596718809249314,7552.740625,3802.3031137169255
1577,0.3017578125,0.16036750073043898,0.6982421875,0.16036750073043898,7557.7,3804.8127169115573
1578,0.30419921875,0.16218480572823846,0.69580078125,0.16218480572823846,7562.67919921875,3807.3335204101895
1579,0.3091796875,0.1623516873134836,0.6908203125,0.1623516873134836,7567.6984375,3809.872449105635
1580,0.30927734375,0.16239917268025553,0.69072265625,0.1623991726802555,7572.8,3812.4472906823744
1581,0.3103515625,0.16280781861821828,0.6896484375,0.16280781861821828,7577.903125,3815.017467964943
1582,0.31025390625,0.16363880487990742,0.68974609375,0.16363880487990742,7583.0236328125,3817.594637282856
1583,0.30859375,0.16308359841136932,0.69140625,0.16308359841136932,7588.14306640625,3820.1651528488596
1584,0.31142578125,0.16508034455034418,0.68857421875,0.16508034455034418,7593.234765625,3822.7238383230424
1585,0.3150390625,0.1670322731493453,0.6849609375,0.1670322731493453,7598.3734375,3825.2916212177724
1586,0.31650390625,0.16681759993645626,0.68349609375,0.16681759993645626,7603.571484375,3827.8765969134306
1587,0.3166015625,0.1658235331695475,0.6833984375,0.16582353316954754,7608.79365234375,3830.4800113441775
1588,0.31689453125,0.16657777641051663,0.68310546875,0.16657777641051663,7614.0177734375,3833.084747143499
1589,0.31796875,0.16810223620287224,0.68203125,0.16810223620287224,7619.24619140625,3835.6912871035556
1590,0.31748046875,0.16732049803628468,0.68251953125,0.16732049803628468,7624.4931640625,3838.3152972578423
1591,0.32412109375,0.17167371581088756,0.67587890625,0.17167371581088756,7629.73134765625,3840.9437136108363
1592,0.32265625,0.17027352263275,0.67734375,0.17027352263275,7635.07919921875,3843.6238673717507
1593,0.3271484375,0.17235760990138488,0.6728515625,0.17235760990138488,7640.40302734375,3846.297035949102
1594,0.33046875,0.17421021034283643,0.66953125,0.17421021034283643,7645.801171875,3849.0096489529715
1595,0.33154296875,0.1767687377925367,0.66845703125,0.1767687377925367,7651.25400390625,3851.7432969012393
1596,0.3291015625,0.17575249330751638,0.6708984375,0.17575249330751638,7656.72431640625,3854.4767356305583
1597,0.3271484375,0.17472392512820628,0.6728515625,0.17472392512820628,7662.1544921875,3857.1985976938486
1598,0.32568359375,0.17337835179659572,0.67431640625,0.17337835179659572,7667.5525390625,3859.9125321755264
1599,0.32587890625,0.17298891633972277,0.67412109375,0.17298891633972277,7672.92626953125,3862.6091437094788
1600,0.32333984375,0.17199949437444131,0.67666015625,0.17199949437444131,7678.30322265625,3865.318180672438
1601,0.3251953125,0.17263625361438922,0.6748046875,0.17263625361438922,7683.63828125,3868.0036383091797
1602,0.32705078125,0.1726337400926707,0.67294921875,0.1726337400926707,7689.00380859375,3870.7111612941153
1603,0.32646484375,0.17145448046125614,0.67353515625,0.17145448046125614,7694.40029296875,3873.443581408232
1604,0.3251953125,0.1707052479487555,0.6748046875,0.1707052479487555,7699.78671875,3876.1806410982067
1605,0.32041015625,0.1691199027884212,0.67958984375,0.1691199027884212,7705.15283203125,3878.9165627627194
1606,0.3193359375,0.17007278230727654,0.6806640625,0.17007278230727654,7710.4396484375,3881.6181972160844
1607,0.31953125,0.17068111181719067,0.68046875,0.17068111181719064,7715.7083984375,3884.305675177387
1608,0.3193359375,0.1698157669780856,0.6806640625,0.1698157669780856,7720.9806640625,3887.005693628044
1609,0.3177734375,0.16860017129656327,0.6822265625,0.16860017129656327,7726.2498046875,3889.6990587053056
1610,0.32080078125,0.16982994662206463,0.67919921875,0.16982994662206463,7731.49287109375,3892.3764196344723
1611,0.31787109375,0.1684966552130729,0.68212890625,0.1684966552130729,7736.786328125,3895.084830990951
1612,0.31865234375,0.17000101986747446,0.68134765625,0.17000101986747446,7742.03125,3897.7681882105194
1613,0.31552734375,0.1688992723122929,0.68447265625,0.1688992723122929,7747.288671875,3900.467633851657
1614,0.3154296875,0.17031317194534878,0.6845703125,0.17031317194534878,7752.49501953125,3903.1336478406934
1615,0.309765625,0.16763388677447408,0.690234375,0.16763388677447408,7757.69970703125,3905.8172143124934
1616,0.31103515625,0.16855211311222035,0.68896484375,0.16855211311222035,7762.8107421875,3908.4537817716596
1617,0.30498046875,0.16489051770116675,0.69501953125,0.16489051770116675,7767.94296875,3911.1039868678754
1618,0.3064453125,0.16575450512501397,0.6935546875,0.16575450512501397,7772.975,3913.7061038128286
1619,0.30947265625,0.16596187663942782,0.69052734375,0.16596187663942782,7778.0314453125,3916.321788371969
1620,0.308984375,0.166303862830905,0.691015625,0.166303862830905,7783.13759765625,3918.9557115325747
1621,0.30615234375,0.16427583901715442,0.69384765625,0.16427583901715442,7788.23583984375,3921.5932725733073
1622,0.3033203125,0.1634272018893514,0.6966796875,0.1634272018893514,7793.28740234375,3924.2003235832435
1623,0.3025390625,0.16415594437078918,0.6974609375,0.16415594437078918,7798.2923828125,3926.7859219852994
1624,0.30498046875,0.1670270488556823,0.69501953125,0.1670270488556823,7803.28408203125,3929.367144222436
1625,0.30576171875,0.16991370872079414,0.69423828125,0.16991370872079414,7808.3162109375,3931.965671122504
1626,0.305859375,0.17207064504082512,0.694140625,0.17207064504082512,7813.36123046875,3934.586403278307
1627,0.30703125,0.17259216500154886,0.69296875,0.17259216500154886,7818.4078125,3937.2056686268756
1628,0.3123046875,0.17439765810312785,0.6876953125,0.17439765810312782,7823.47431640625,3939.830479259465
1629,0.31142578125,0.17311148029517093,0.68857421875,0.17311148029517093,7828.6271484375,3942.4868008609933
1630,0.3080078125,0.16973779990129492,0.6919921875,0.16973779990129492,7833.765625,3945.131706778389
1631,0.31357421875,0.17307181081802173,0.68642578125,0.17307181081802173,7838.84775390625,3947.7366746273647
1632,0.31181640625,0.17238530091288293,0.68818359375,0.17238530091288293,7844.02177734375,3950.380483123584
1633,0.31005859375,0.16817883505272707,0.68994140625,0.16817883505272707,7849.166796875,3952.997226206778
1634,0.30771484375,0.16836144253552118,0.69228515625,0.16836144253552118,7854.2826171875,3955.5925475320946
1635,0.3076171875,0.16949704436029261,0.6923828125,0.16949704436029261,7859.35986328125,3958.1657389488646
1636,0.30458984375,0.1699451369224746,0.69541015625,0.1699451369224746,7864.435546875,3960.73883325028
1637,0.30341796875,0.17022302359504962,0.69658203125,0.17022302359504962,7869.4611328125,3963.2791177197428
1638,0.30283203125,0.16636076829487512,0.69716796875,0.16636076829487512,7874.46787109375,3965.8158493813585
1639,0.297265625,0.162830310513653,0.702734375,0.162830310513653,7879.46455078125,3968.3498415550066
1640,0.29736328125,0.1634459034963892,0.70263671875,0.1634459034963892,7884.36923828125,3970.8280486888807
1641,0.29873046875,0.16278476705869177,0.70126953125,0.16278476705869177,7889.2759765625,3973.294004129503
1642,0.2955078125,0.15956218423300375,0.7044921875,0.15956218423300375,7894.20498046875,3975.7685585528275
1643,0.2970703125,0.1604101931103848,0.7029296875,0.1604101931103848,7899.080859375,3978.2051248607786
1644,0.29794921875,0.15978033842128544,0.70205078125,0.15978033842128544,7903.98232421875,3980.651889189852
1645,0.30087890625,0.15878644990355328,0.69912109375,0.15878644990355328,7908.89833984375,3983.1130060701835
1646,0.3,0.1583560458841607,0.7,0.1583560458841607,7913.86318359375,3985.5944355604665
1647,0.30263671875,0.1593673704228477,0.69736328125,0.1593673704228477,7918.8130859375,3988.0629717160823
1648,0.31123046875,0.16399799350348448,0.68876953125,0.16399799350348448,7923.80673828125,3990.556742187218
1649,0.31279296875,0.16473312643468616,0.68720703125,0.16473312643468613,7928.9419921875,3993.113681273796
1650,0.31552734375,0.1662495192900857,0.68447265625,0.1662495192900857,7934.103125,3995.6924135805116
1651,0.31650390625,0.16786734425350164,0.68349609375,0.16786734425350164,7939.3091796875,3998.285300866783
1652,0.3166015625,0.16680979622814657,0.6833984375,0.16680979622814657,7944.531640625,4000.885558215301
1653,0.31630859375,0.1673974261141829,0.68369140625,0.1673974261141829,7949.7552734375,4003.4803201676286
1654,0.3126953125,0.1651192482719757,0.6873046875,0.1651192482719757,7954.9744140625,4006.067495085235
1655,0.31181640625,0.16402939235327957,0.68818359375,0.16402939235327957,7960.13388671875,4008.6186421882626
1656,0.31220703125,0.16230694967775192,0.68779296875,0.1623069496777519,7965.2791015625,4011.1568792834055
1657,0.31103515625,0.1622435967779147,0.68896484375,0.1622435967779147,7970.43046875,4013.7010310014866
1658,0.30751953125,0.1595228818068,0.69248046875,0.1595228818068,7975.56279296875,4016.239377943918
1659,0.310546875,0.16330566223755885,0.689453125,0.16330566223755885,7980.6365234375,4018.7544808158473
1660,0.3091796875,0.16153843359195902,0.6908203125,0.16153843359195902,7985.760546875,4021.283266332216
1661,0.3146484375,0.16256865004976792,0.6853515625,0.16256865004976792,7990.862109375,4023.8015864515264
1662,0.31103515625,0.16027247235916142,0.68896484375,0.16027247235916142,7996.05341796875,4026.3649473633463
1663,0.30791015625,0.15851510639585262,0.69208984375,0.15851510639585262,8001.18603515625,4028.8905809573066
1664,0.30986328125,0.1588252440424431,0.69013671875,0.15882524404244308,8006.26611328125,4031.3901141217184
1665,0.31103515625,0.15930440498578807,0.68896484375,0.15930440498578807,8011.37890625,4033.9084563174074
1666,0.30986328125,0.157448437439914,0.69013671875,0.157448437439914,8016.51123046875,4036.4447780329697
1667,0.3125,0.15783497867444993,0.6875,0.15783497867444993,8021.62421875,4038.9842487761875
1668,0.30771484375,0.15543025321311035,0.69228515625,0.15543025321311035,8026.78017578125,4041.5518639256643
1669,0.307421875,0.15516456481843066,0.692578125,0.15516456481843066,8031.85732421875,4044.084925326211
1670,0.3080078125,0.15620800216828282,0.6919921875,0.15620800216828282,8036.92998046875,4046.6185736992297
1671,0.302734375,0.15400672382687297,0.697265625,0.15400672382687297,8042.01201171875,4049.176368364438
1672,0.30224609375,0.1534591143703273,0.69775390625,0.1534591143703273,8047.00712890625,4051.691821781992
1673,0.301171875,0.15272463404039782,0.698828125,0.15272463404039782,8051.99423828125,4054.1954443455293
1674,0.29560546875,0.14981312236887373,0.70439453125,0.14981312236887373,8056.9634765625,4056.687703854502
1675,0.29365234375,0.14794715602935007,0.70634765625,0.14794715602935005,8061.8412109375,4059.1368421770057
1676,0.2919921875,0.14712230882800478,0.7080078125,0.14712230882800478,8066.68642578125,4061.5661920568937
1677,0.29208984375,0.14792549572594507,0.70791015625,0.14792549572594507,8071.504296875,4063.971646435977
1678,0.2912109375,0.1473631194602326,0.7087890625,0.1473631194602326,8076.323828125,4066.3856250482168
1679,0.29267578125,0.14802062272395328,0.70732421875,0.14802062272395328,8081.1287109375,4068.7968115468757
1680,0.29375,0.14874223448414353,0.70625,0.14874223448414353,8085.9578125,4071.2256332040447
1681,0.28828125,0.1459069347843483,0.71171875,0.14590693478434827,8090.8048828125,4073.6695641978126
1682,0.28759765625,0.14488399864075324,0.71240234375,0.14488399864075324,8095.56123046875,4076.06527658564
1683,0.28994140625,0.1468786685566612,0.71005859375,0.1468786685566612,8100.30673828125,4078.439886449159
1684,0.28779296875,0.14628374932983212,0.71220703125,0.14628374932983212,8105.09052734375,4080.8368176469176
1685,0.28779296875,0.14692839605571445,0.71220703125,0.14692839605571442,8109.83955078125,4083.2168350914644
1686,0.28759765625,0.1474572187548478,0.71240234375,0.1474572187548478,8114.58779296875,4085.6040925333837
1687,0.28583984375,0.14742345472499196,0.71416015625,0.14742345472499196,8119.33310546875,4087.9910926026487
1688,0.2833984375,0.1462679390623885,0.7166015625,0.1462679390623885,8124.04951171875,4090.360876801101
1689,0.27802734375,0.14423735559537101,0.72197265625,0.14423735559537101,8128.72578125,4092.70395106805
1690,0.27666015625,0.1444982872567755,0.72333984375,0.1444982872567755,8133.3130859375,4095.006056063514
1691,0.2779296875,0.14666733365918708,0.7220703125,0.14666733365918708,8137.87802734375,4097.3045273164225
1692,0.2783203125,0.14736842607197,0.7216796875,0.14736842607197,8142.46376953125,4099.614522376926
1693,0.27900390625,0.14713271237028996,0.72099609375,0.14713271237028996,8147.0560546875,4101.931638992688
1694,0.27822265625,0.14680268150811698,0.72177734375,0.14680268150811698,8151.65986328125,4104.248251913782
1695,0.282421875,0.14958425764189676,0.717578125,0.14958425764189676,8156.250390625,4106.555996704367
1696,0.2861328125,0.15162276809949204,0.7138671875,0.15162276809949204,8160.9103515625,4108.898583525599
1697,0.289453125,0.1528819120377565,0.710546875,0.1528819120377565,8165.631640625,4111.274269485606
1698,0.28828125,0.15198199235757032,0.71171875,0.15198199235757032,8170.40751953125,4113.6669021674525
1699,0.28486328125,0.15105565850355418,0.71513671875,0.15105565850355418,8175.16416015625,4116.042838899384
1700,0.28515625,0.1511805805390656,0.71484375,0.1511805805390656,8179.864453125,4118.393495561239
1701,0.2859375,0.15067242267607608,0.7140625,0.15067242267607608,8184.56953125,4120.744088862305
1702,0.28876953125,0.15231873918292002,0.71123046875,0.15231873918292002,8189.2875,4123.093848581039
1703,0.2853515625,0.1499243227474099,0.7146484375,0.1499243227474099,8194.05224609375,4125.46190013182
1704,0.2892578125,0.15112493214948847,0.7107421875,0.1511249321494885,8198.7603515625,4127.811285809266
1705,0.29140625,0.15323333022293464,0.70859375,0.15323333022293464,8203.53310546875,4130.197145173244
1706,0.29228515625,0.15467655644093825,0.70771484375,0.15467655644093825,8208.34140625,4132.594692271493
1707,0.29384765625,0.15668302423561453,0.70615234375,0.15668302423561453,8213.16416015625,4134.999316437201
1708,0.294921875,0.15716771511295863,0.705078125,0.15716771511295863,8218.01259765625,4137.425117909824
1709,0.29306640625,0.15500015874054687,0.70693359375,0.15500015874054687,8222.87880859375,4139.846725297222
1710,0.29423828125,0.15697952861107115,0.70576171875,0.15697952861107115,8227.71435546875,4142.243678320752
1711,0.2916015625,0.15520045454607598,0.7083984375,0.15520045454607598,8232.56923828125,4144.660291684084
1712,0.292578125,0.15560609511178378,0.707421875,0.15560609511178378,8237.380859375,4147.060481547032
1713,0.29287109375,0.15532713915108445,0.70712890625,0.15532713915108445,8242.2080078125,4149.463368787738
1714,0.28994140625,0.15333116626590274,0.71005859375,0.15333116626590274,8247.04072265625,4151.867259538297
1715,0.286328125,0.1523542664639413,0.713671875,0.1523542664639413,8251.82470703125,4154.238949136848
1716,0.28291015625,0.14968702726349217,0.71708984375,0.14968702726349217,8256.54912109375,4156.572321925475
1717,0.28388671875,0.14864105723067675,0.71611328125,0.14864105723067675,8261.21708984375,4158.88830811412
1718,0.28193359375,0.14794264372766183,0.71806640625,0.14794264372766183,8265.9013671875,4161.215358740925
1719,0.28037109375,0.14666749621647987,0.71962890625,0.14666749621647987,8270.553125,4163.535916915106
1720,0.28173828125,0.14625649592653314,0.71826171875,0.14625649592653314,8275.179296875,4165.846863386036
1721,0.2791015625,0.14471773231328094,0.7208984375,0.14471773231328094,8279.8279296875,4168.161533582138
1722,0.28193359375,0.145260545200069,0.71806640625,0.145260545200069,8284.433203125,4170.4517268396075
1723,0.27724609375,0.1430198703112019,0.72275390625,0.1430198703112019,8289.08505859375,4172.765974284629
1724,0.27734375,0.14327739481591076,0.72265625,0.14327739481591076,8293.659765625,4175.043287581599
1725,0.2763671875,0.14359454166165067,0.7236328125,0.14359454166165067,8298.23583984375,4177.324324758533
1726,0.27734375,0.1457167386401503,0.72265625,0.1457167386401503,8302.795703125,4179.609125149241
1727,0.28056640625,0.14688425237853703,0.71943359375,0.14688425237853703,8307.3720703125,4181.898661004859
1728,0.2791015625,0.14529714195554302,0.7208984375,0.14529714195554302,8312.00146484375,4184.221293931325
1729,0.27900390625,0.14770071177688823,0.72099609375,0.14770071177688823,8316.606640625,4186.536381804623
1730,0.27998046875,0.14860833225840997,0.72001953125,0.14860833225840997,8321.21025390625,4188.863972606729
1731,0.2779296875,0.14869696176448355,0.7220703125,0.14869696176448355,8325.8296875,4191.19804604909
1732,0.27744140625,0.1487336747643624,0.72255859375,0.1487336747643624,8330.41572265625,4193.519514072709
1733,0.2806640625,0.15215031790397696,0.7193359375,0.15215031790397696,8334.993359375,4195.826251362769
1734,0.27724609375,0.1494347731254924,0.72275390625,0.1494347731254924,8339.62421875,4198.167698436047
1735,0.28251953125,0.15201853935215498,0.71748046875,0.152018539352155,8344.19921875,4200.491113589045
1736,0.2830078125,0.1532088069844474,0.7169921875,0.1532088069844474,8348.86044921875,4202.857912148601
1737,0.28486328125,0.15518561416690774,0.71513671875,0.15518561416690774,8353.530078125,4205.237059228248
1738,0.28349609375,0.15437105737508744,0.71650390625,0.15437105737508744,8358.23037109375,4207.63179464644
1739,0.28837890625,0.15751444553553864,0.71162109375,0.15751444553553862,8362.9078125,4210.011806594513
1740,0.2880859375,0.15647505764354516,0.7119140625,0.15647505764354516,8367.66640625,4212.429461794698
1741,0.283984375,0.15294777092158882,0.716015625,0.15294777092158882,8372.41962890625,4214.84192267278
1742,0.28427734375,0.15244541004111126,0.71572265625,0.15244541004111126,8377.10556640625,4217.214708174053
1743,0.285546875,0.15464026760751112,0.714453125,0.15464026760751112,8381.79619140625,4219.587952390484
1744,0.2912109375,0.1561845566074196,0.7087890625,0.1561845566074196,8386.50751953125,4221.972543169786
1745,0.29482421875,0.15926321260505275,0.70517578125,0.15926321260505275,8391.31240234375,4224.395505579487
1746,0.29521484375,0.15983380865689994,0.70478515625,0.15983380865689994,8396.1771484375,4226.855641180709
1747,0.3,0.1634275520170965,0.7,0.1634275520170965,8401.0482421875,4229.329710266041
1748,0.30361328125,0.16671523658032047,0.69638671875,0.16671523658032047,8405.99853515625,4231.845051703428
1749,0.30419921875,0.16783825440501826,0.69580078125,0.16783825440501826,8411.0080078125,4234.397297398014
1750,0.30791015625,0.17055884227975274,0.69208984375,0.17055884227975274,8416.026953125,4236.957909515797
1751,0.309375,0.1739070001879035,0.690625,0.1739070001879035,8421.10771484375,4239.54624135857
1752,0.31015625,0.17191783024586282,0.68984375,0.17191783024586282,8426.21240234375,4242.136583874834
1753,0.30869140625,0.17099743226560646,0.69130859375,0.17099743226560646,8431.32978515625,4244.743365491463
1754,0.313671875,0.17467959909877454,0.686328125,0.17467959909877454,8436.42314453125,4247.336305824446
1755,0.31513671875,0.1751339263710424,0.68486328125,0.1751339263710424,8441.598828125,4249.9704083709
1756,0.316015625,0.17549466655919393,0.683984375,0.17549466655919393,8446.7986328125,4252.6182674647835
1757,0.31416015625,0.17435787103125502,0.68583984375,0.174357871031255,8452.012890625,4255.269149733638
1758,0.31474609375,0.17493287570261604,0.68525390625,0.17493287570261604,8457.19658203125,4257.899509730971
1759,0.316015625,0.1748920652776172,0.683984375,0.1748920652776172,8462.3900390625,4260.525152957187
1760,0.3171875,0.17510111476122875,0.6828125,0.17510111476122875,8467.60419921875,4263.162276102562
1761,0.3185546875,0.17502484826379833,0.6814453125,0.17502484826379833,8472.83779296875,4265.807893465907
1762,0.31826171875,0.17556217359524048,0.68173828125,0.17556217359524048,8478.09384765625,4268.469085199077
1763,0.3228515625,0.17491551130814958,0.6771484375,0.17491551130814958,8483.34521484375,4271.126108399969
1764,0.321875,0.1737201209414784,0.678125,0.1737201209414784,8488.67216796875,4273.829065974121
1765,0.3205078125,0.17297775231344104,0.6794921875,0.17297775231344104,8493.98310546875,4276.529985073797
1766,0.3173828125,0.17143164586534648,0.6826171875,0.17143164586534648,8499.2716796875,4279.22098343448
1767,0.3220703125,0.17269468958409484,0.6779296875,0.17269468958409484,8504.50830078125,4281.875119664969
1768,0.3173828125,0.17012099952674997,0.6826171875,0.17012099952674997,8509.8224609375,4284.564141828846
1769,0.31376953125,0.1669476651631953,0.68623046875,0.16694766516319534,8515.05908203125,4287.211148475347
1770,0.314453125,0.170170884356909,0.685546875,0.170170884356909,8520.2365234375,4289.819318663325
1771,0.315234375,0.17116263061242096,0.684765625,0.17116263061242096,8525.42509765625,4292.445223244745
1772,0.31708984375,0.17208297630931896,0.68291015625,0.17208297630931896,8530.6263671875,4295.080228910201
1773,0.31279296875,0.16914392340353473,0.68720703125,0.1691439234035347,8535.8583984375,4297.7316905943035
1774,0.31376953125,0.16873013414786245,0.68623046875,0.16873013414786245,8541.0193359375,4300.357572829466
1775,0.31318359375,0.17072203507423317,0.68681640625,0.17072203507423314,8546.196484375,4302.996752038745
1776,0.3068359375,0.16875033908386072,0.6931640625,0.16875033908386072,8551.3640625,4305.643583672226
1777,0.305078125,0.1681385406373454,0.694921875,0.1681385406373454,8556.42685546875,4308.249883913323
1778,0.30146484375,0.1677318517018082,0.69853515625,0.16773185170180824,8561.46064453125,4310.8517256680325
1779,0.30009765625,0.16532545532920684,0.69990234375,0.16532545532920687,8566.43515625,4313.434407321196
1780,0.30087890625,0.16587853370012914,0.69912109375,0.16587853370012914,8571.3865234375,4315.996157481196
1781,0.2982421875,0.1647077388017679,0.7017578125,0.1647077388017679,8576.3509765625,4318.56828600353
1782,0.2966796875,0.16473761300970924,0.7033203125,0.16473761300970924,8581.27216796875,4321.108404440158
1783,0.2921875,0.15975368613704974,0.7078125,0.15975368613704974,8586.16708984375,4323.638560115153
1784,0.28408203125,0.15565894679682085,0.71591796875,0.15565894679682085,8590.98828125,4326.12023580189
1785,0.2837890625,0.1565702284925053,0.7162109375,0.1565702284925053,8595.67568359375,4328.533419369817
1786,0.28447265625,0.15776006752933502,0.71552734375,0.15776006752933502,8600.3583984375,4330.94855815354
1787,0.28662109375,0.15925411052578942,0.71337890625,0.15925411052578942,8605.05205078125,4333.368248812031
1788,0.28857421875,0.16060772042155627,0.71142578125,0.16060772042155627,8609.78134765625,4335.811757477419
1789,0.29384765625,0.16315869564319657,0.70615234375,0.16315869564319657,8614.54267578125,4338.269143852459
1790,0.29697265625,0.16564092019778726,0.70302734375,0.16564092019778726,8619.39111328125,4340.767433549156
1791,0.297265625,0.1647198975634708,0.702734375,0.1647198975634708,8624.2912109375,4343.300465210172
1792,0.2994140625,0.16592035409740602,0.7005859375,0.16592035409740602,8629.19599609375,4345.830262601372
1793,0.30126953125,0.1673437511397788,0.69873046875,0.1673437511397788,8634.136328125,4348.369296959636
1794,0.30419921875,0.1669157868449575,0.69580078125,0.1669157868449575,8639.107421875,4350.9178430265465
1795,0.299609375,0.16310394735886366,0.700390625,0.16310394735886366,8644.1265625,4353.479203955244
1796,0.30126953125,0.16411088502478488,0.69873046875,0.16411088502478488,8649.07041015625,4355.990488404897
1797,0.2998046875,0.16288933696283317,0.7001953125,0.16288933696283317,8654.04111328125,4358.5251152805795
1798,0.3015625,0.16159899419339344,0.6984375,0.16159899419339344,8658.98798828125,4361.0513145583145
1799,0.30322265625,0.16203361487433143,0.69677734375,0.16203361487433143,8663.96357421875,4363.585298406196
1800,0.3033203125,0.16208007547721348,0.6966796875,0.16208007547721348,8668.96689453125,4366.13835107605
1801,0.30302734375,0.16332671340190785,0.69697265625,0.16332671340190785,8673.9716796875,4368.702097529605
1802,0.30234375,0.16234875022376596,0.69765625,0.16234875022376596,8678.9716796875,4371.279902337927
1803,0.3017578125,0.16270832499733226,0.6982421875,0.16270832499733226,8683.96025390625,4373.852573816141
1804,0.30322265625,0.1621659880908492,0.69677734375,0.1621659880908492,8688.93935546875,4376.434145016742
1805,0.3046875,0.1643151653736725,0.6953125,0.1643151653736725,8693.9423828125,4379.022366976516
1806,0.30166015625,0.16331935602184944,0.69833984375,0.16331935602184944,8698.96962890625,4381.635576226414
1807,0.29697265625,0.16164540272248226,0.70302734375,0.16164540272248226,8703.94716796875,4384.2246919882955
1808,0.30166015625,0.16356092529938207,0.69833984375,0.16356092529938207,8708.84736328125,4386.776715903006
1809,0.30185546875,0.1635539283124397,0.69814453125,0.1635539283124397,8713.82470703125,4389.365667849227
1810,0.3041015625,0.1650634458688821,0.6958984375,0.1650634458688821,8718.80517578125,4391.952244823434
1811,0.3060546875,0.16503513308931705,0.6939453125,0.16503513308931705,8723.8228515625,4394.5613036613
1812,0.30224609375,0.1636033672723056,0.69775390625,0.1636033672723056,8728.8728515625,4397.175521366948
1813,0.30361328125,0.16452829269548153,0.69638671875,0.16452829269548153,8733.85986328125,4399.756153423972
1814,0.30380859375,0.16439956191438468,0.69619140625,0.16439956191438468,8738.86953125,4402.33797104057
1815,0.302734375,0.16422634118099116,0.697265625,0.16422634118099116,8743.88203125,4404.915517930069
1816,0.2978515625,0.16378382675569125,0.7021484375,0.16378382675569125,8748.87734375,4407.483613898319
1817,0.29365234375,0.1616994357899558,0.70634765625,0.16169943578995583,8753.7921875,4410.015585912246
1818,0.29541015625,0.1629158274961487,0.70458984375,0.1629158274961487,8758.6375,4412.521006650157
1819,0.28916015625,0.1607479126885193,0.71083984375,0.1607479126885193,8763.51142578125,4415.037776769161
1820,0.28896484375,0.16071468595424648,0.71103515625,0.16071468595424648,8768.28291015625,4417.496588467166
1821,0.28984375,0.16082166929230912,0.71015625,0.16082166929230912,8773.05029296875,4419.952128540019
1822,0.287890625,0.1615269800095207,0.712109375,0.16152698000952068,8777.83310546875,4422.412067662784
1823,0.2904296875,0.1629298467093444,0.7095703125,0.1629298467093444,8782.5833984375,4424.8623103164055
1824,0.28974609375,0.16485754741761677,0.71025390625,0.16485754741761677,8787.37548828125,4427.327621939163
1825,0.28408203125,0.16216081285774492,0.71591796875,0.16216081285774492,8792.15595703125,4429.795337333476
1826,0.2853515625,0.16413677169293098,0.7146484375,0.16413677169293095,8796.84345703125,4432.221522884493
1827,0.28740234375,0.16603058870981907,0.71259765625,0.16603058870981907,8801.5517578125,4434.665783556257
1828,0.28681640625,0.16772900882376005,0.71318359375,0.16772900882376005,8806.29375,4437.118714260673
1829,0.28515625,0.1666497539840059,0.71484375,0.1666497539840059,8811.02646484375,4439.572749928169
1830,0.28203125,0.16632255634466253,0.71796875,0.1663225563446625,8815.73154296875,4442.010134416697
1831,0.27724609375,0.1658135546418148,0.72275390625,0.1658135546418148,8820.384765625,4444.426780686147
1832,0.2716796875,0.16088807171028044,0.7283203125,0.16088807171028044,8824.95947265625,4446.81056473624
1833,0.2724609375,0.16287762706684358,0.7275390625,0.16287762706684358,8829.4421875,4449.14849211621
1834,0.27646484375,0.16554877488475933,0.72353515625,0.16554877488475933,8833.93798828125,4451.492439421582
1835,0.27724609375,0.1654208382465652,0.72275390625,0.1654208382465652,8838.49951171875,4453.873025996822
1836,0.27177734375,0.1647973741136991,0.72822265625,0.1647973741136991,8843.07412109375,4456.266125958608
1837,0.27421875,0.16894463511424895,0.72578125,0.16894463511424895,8847.55849609375,4458.628049176166
1838,0.2740234375,0.17023599288612787,0.7259765625,0.17023599288612787,8852.08291015625,4461.017066661754
1839,0.27802734375,0.17353383730857805,0.72197265625,0.17353383730857805,8856.60458984375,4463.413022083523
1840,0.28037109375,0.17421144204999195,0.71962890625,0.17421144204999195,8861.19189453125,4465.840690175396
1841,0.2837890625,0.17833656997357947,0.7162109375,0.17833656997357947,8865.81826171875,4468.286531427183
1842,0.28671875,0.1840353731071489,0.71328125,0.1840353731071489,8870.50048828125,4470.766512375798
1843,0.28623046875,0.1811719265864119,0.71376953125,0.1811719265864119,8875.23134765625,4473.282045390976
1844,0.28515625,0.1810721741825165,0.71484375,0.1810721741825165,8879.95419921875,4475.794377914727
1845,0.2859375,0.18666133237210564,0.7140625,0.1866613323721056,8884.65908203125,4478.301239588683
1846,0.27998046875,0.18362701763916897,0.72001953125,0.18362701763916897,8889.376953125,4480.836321945327
1847,0.28134765625,0.1824601649874596,0.71865234375,0.1824601649874596,8893.99677734375,4483.33034393298
1848,0.27763671875,0.18034814545069455,0.72236328125,0.18034814545069455,8898.63896484375,4485.836541685026
1849,0.27724609375,0.17845057130627553,0.72275390625,0.17845057130627553,8903.22021484375,4488.314128256734
1850,0.27587890625,0.1801524904492399,0.72412109375,0.1801524904492399,8907.7947265625,4490.7825025924085
1851,0.27236328125,0.17678988508228413,0.72763671875,0.17678988508228413,8912.3466796875,4493.249038303425
1852,0.272265625,0.1769690769575825,0.727734375,0.1769690769575825,8916.84072265625,4495.680793371899
1853,0.27451171875,0.18149484342285574,0.72548828125,0.18149484342285574,8921.3330078125,4498.121638203115
1854,0.27333984375,0.18190947949757624,0.72666015625,0.18190947949757624,8925.86259765625,4500.588444285783
1855,0.269921875,0.18121653280728917,0.730078125,0.18121653280728917,8930.3728515625,4503.047330889925
1856,0.26796875,0.18140904256033175,0.73203125,0.18140904256033175,8934.82626953125,4505.473594114717
1857,0.263671875,0.17777300404391236,0.736328125,0.17777300404391236,8939.24775390625,4507.8880337254595
1858,0.262890625,0.1784053269758484,0.737109375,0.1784053269758484,8943.5986328125,4510.264860310815
1859,0.2591796875,0.17359765708502564,0.7408203125,0.17359765708502564,8947.936328125,4512.635201922457
1860,0.25966796875,0.17036325240968617,0.74033203125,0.17036325240968617,8952.21240234375,4514.96591924749
1861,0.25927734375,0.1692776096650444,0.74072265625,0.1692776096650444,8956.4970703125,4517.288269644898
1862,0.26015625,0.16755160319700532,0.73984375,0.16755160319700532,8960.7751953125,4519.604782774648
1863,0.2615234375,0.16932185729379973,0.7384765625,0.16932185729379973,8965.067578125,4521.922562389813
1864,0.25869140625,0.16699301557725973,0.74130859375,0.16699301557725973,8969.3830078125,4524.252479039704
1865,0.25673828125,0.16352068853580462,0.74326171875,0.16352068853580462,8973.65126953125,4526.548581986434
1866,0.25771484375,0.16367283641013874,0.74228515625,0.16367283641013874,8977.8875,4528.824334317402
1867,0.257421875,0.1604211319471201,0.742578125,0.1604211319471201,8982.13994140625,4531.10582277573
1868,0.25693359375,0.1593284688603386,0.74306640625,0.1593284688603386,8986.387109375,4533.370741911261
1869,0.25458984375,0.15516717693656062,0.74541015625,0.15516717693656062,8990.6265625,4535.632946589371
1870,0.25166015625,0.15201979402857135,0.74833984375,0.15201979402857135,8994.82744140625,4537.86315198587
1871,0.25166015625,0.15435252284690426,0.74833984375,0.15435252284690426,8998.97978515625,4540.076493672284
1872,0.25400390625,0.15584875849846444,0.74599609375,0.15584875849846444,9003.13203125,4542.30259516716
1873,0.2564453125,0.15846585533523902,0.7435546875,0.15846585533523902,9007.323046875,4544.550039841294
1874,0.2583984375,0.15860721925561902,0.7416015625,0.15860721925561902,9011.554296875,4546.820428923069
1875,0.25830078125,0.15824305654422252,0.74169921875,0.15824305654422252,9015.81826171875,4549.104887350905
1876,0.26103515625,0.15882764584477957,0.73896484375,0.1588276458447796,9020.080078125,4551.381142943784
1877,0.258984375,0.16077778122017367,0.741015625,0.16077778122017367,9024.3873046875,4553.678880436777
1878,0.26064453125,0.16205786196791055,0.73935546875,0.16205786196791055,9028.66064453125,4555.966107207932
1879,0.259375,0.1615720811729266,0.740625,0.1615720811729266,9032.9609375,4558.269928348098
1880,0.25498046875,0.15963164963459933,0.74501953125,0.15963164963459933,9037.2408203125,4560.565568985964
1881,0.2568359375,0.15799018752133737,0.7431640625,0.15799018752133737,9041.448046875,4562.823687361226
1882,0.25712890625,0.1604228262110965,0.74287109375,0.1604228262110965,9045.6857421875,4565.096168434809
1883,0.2541015625,0.15950754675156636,0.7458984375,0.15950754675156636,9049.92841796875,4567.378626101596
1884,0.2572265625,0.16008072723909783,0.7427734375,0.16008072723909783,9054.12109375,4569.640955630754
1885,0.2572265625,0.158595794514223,0.7427734375,0.158595794514223,9058.3654296875,4571.9235949581225
1886,0.25556640625,0.15911440019446124,0.74443359375,0.15911440019446121,9062.6095703125,4574.205275845067
1887,0.25810546875,0.1610067274216342,0.74189453125,0.1610067274216342,9066.8263671875,4576.482022748626
1888,0.25732421875,0.1613127841998689,0.74267578125,0.1613127841998689,9071.08525390625,4578.772797450727
1889,0.25849609375,0.16427049803311566,0.74150390625,0.16427049803311564,9075.3310546875,4581.054525463276
1890,0.259765625,0.16491651330252916,0.740234375,0.16491651330252916,9079.59619140625,4583.34445861511
1891,0.25908203125,0.16660800219273178,0.74091796875,0.1666080021927318,9083.8822265625,4585.645470861984
1892,0.258203125,0.16531515829620708,0.741796875,0.16531515829620708,9088.15712890625,4587.950928852483
1893,0.25888671875,0.16458740551252618,0.74111328125,0.16458740551252618,9092.41748046875,4590.2564122931835
1894,0.25654296875,0.16039428885131216,0.74345703125,0.16039428885131218,9096.6890625,4592.563908436167
1895,0.255859375,0.159868978260202,0.744140625,0.159868978260202,9100.9220703125,4594.8440044706385
1896,0.2568359375,0.15928928837990997,0.7431640625,0.15928928837990997,9105.1439453125,4597.1151875288
1897,0.257421875,0.15910430059177177,0.742578125,0.15910430059177177,9109.38154296875,4599.390606407585
1898,0.2576171875,0.15690828129909007,0.7423828125,0.15690828129909007,9113.62890625,4601.673222321712
1899,0.25478515625,0.15337842872474372,0.74521484375,0.15337842872474372,9117.8794921875,4603.943976864702
1900,0.2564453125,0.15441685900579263,0.7435546875,0.15441685900579263,9122.0837890625,4606.185662857202
1901,0.25576171875,0.15336599264767162,0.74423828125,0.15336599264767162,9126.31513671875,4608.4407961576535
1902,0.2541015625,0.15338735098879364,0.7458984375,0.15338735098879364,9130.53515625,4610.685832981844
1903,0.25224609375,0.15189490293849986,0.74775390625,0.15189490293849983,9134.72763671875,4612.921959265333
1904,0.2515625,0.1497005015801211,0.7484375,0.1497005015801211,9138.8900390625,4615.145152717486
1905,0.2498046875,0.1481003315017153,0.7501953125,0.1481003315017153,9143.040625,4617.352039679277
1906,0.25400390625,0.14944881259501386,0.74599609375,0.14944881259501386,9147.1623046875,4619.537904140776
1907,0.25556640625,0.1501463176447245,0.74443359375,0.1501463176447245,9151.35341796875,4621.752568733505
1908,0.25576171875,0.15029829882117773,0.74423828125,0.15029829882117773,9155.5703125,4623.987071458292
1909,0.2568359375,0.15121211814961447,0.7431640625,0.15121211814961447,9159.79052734375,4626.224856294565
1910,0.2599609375,0.15172261697730305,0.7400390625,0.15172261697730305,9164.028125,4628.4657134359995
1911,0.2630859375,0.152913722426562,0.7369140625,0.152913722426562,9168.31748046875,4630.732071259388
1912,0.26591796875,0.15365027814567458,0.73408203125,0.15365027814567458,9172.65830078125,4633.022534094369
1913,0.26474609375,0.151495314975727,0.73525390625,0.151495314975727,9177.04609375,4635.318735261447
1914,0.2705078125,0.15532686286078104,0.7294921875,0.15532686286078104,9181.414453125,4637.611077635594
1915,0.26748046875,0.15320174182070978,0.73251953125,0.15320174182070978,9185.87783203125,4639.953655822563
1916,0.26826171875,0.15327368543587228,0.73173828125,0.15327368543587228,9190.2912109375,4642.265717276244
1917,0.27265625,0.15649626589089266,0.72734375,0.15649626589089263,9194.71748046875,4644.585758283259
1918,0.270703125,0.153407867118501,0.729296875,0.15340786711850096,9199.2162109375,4646.945410055877
1919,0.27021484375,0.15136028840124224,0.72978515625,0.15136028840124224,9203.68271484375,4649.280793716749
1920,0.27060546875,0.15289828585854534,0.72939453125,0.15289828585854534,9208.1412109375,4651.603636982018
1921,0.2693359375,0.1531770578760746,0.7306640625,0.1531770578760746,9212.60615234375,4653.937244449754
1922,0.26982421875,0.15347204002189274,0.73017578125,0.15347204002189274,9217.0505859375,4656.257166565014
1923,0.26787109375,0.15127079213887026,0.73212890625,0.15127079213887024,9221.50244140625,4658.5790371993535
1924,0.2689453125,0.15322523923292886,0.7310546875,0.15322523923292886,9225.922265625,4660.878370365409
1925,0.268359375,0.154019603521899,0.731640625,0.15401960352189903,9230.3599609375,4663.1960269803485
1926,0.26962890625,0.15674022827840528,0.73037109375,0.15674022827840528,9234.78798828125,4665.504824277531
1927,0.26875,0.15642251218841852,0.73125,0.15642251218841852,9239.23671875,4667.826294641688
1928,0.269140625,0.15624523918528335,0.730859375,0.15624523918528335,9243.67119140625,4670.138622529844
1929,0.26728515625,0.15612302580074686,0.73271484375,0.15612302580074686,9248.11201171875,4672.446861822678
1930,0.2689453125,0.15728611546840562,0.7310546875,0.15728611546840562,9252.52216796875,4674.734208309431
1931,0.26591796875,0.1572429691071056,0.73408203125,0.15724296910710558,9256.95986328125,4677.033781689994
1932,0.26708984375,0.15843579172872527,0.73291015625,0.15843579172872527,9261.3474609375,4679.31330077563
1933,0.26875,0.15815356573281522,0.73125,0.15815356573281522,9265.75439453125,4681.610286902629
1934,0.26748046875,0.15639181186676535,0.73251953125,0.15639181186676535,9270.188671875,4683.914512188021
1935,0.27109375,0.15831472722537632,0.72890625,0.15831472722537632,9274.60205078125,4686.207340923935
1936,0.27353515625,0.1588711121906569,0.72646484375,0.1588711121906569,9279.07529296875,4688.538559703985
1937,0.2755859375,0.16150336181165034,0.7244140625,0.16150336181165034,9283.588671875,4690.876935464603
1938,0.2798828125,0.16218771638653676,0.7201171875,0.16218771638653676,9288.1359375,4693.235542897437
1939,0.28232421875,0.16129930437367254,0.71767578125,0.16129930437367254,9292.7537109375,4695.626864409523
1940,0.28095703125,0.16061710204660223,0.71904296875,0.16061710204660223,9297.41240234375,4698.042651947253
1941,0.28095703125,0.16061532076753696,0.71904296875,0.16061532076753696,9302.0478515625,4700.458628652194
1942,0.276953125,0.15734552467656074,0.723046875,0.15734552467656074,9306.68388671875,4702.881546714629
1943,0.27763671875,0.15733028047369224,0.72236328125,0.15733028047369224,9311.253515625,4705.272266006955
1944,0.27890625,0.15907792471871293,0.72109375,0.15907792471871293,9315.834765625,4707.674903522976
1945,0.2794921875,0.15925324220815285,0.7205078125,0.15925324220815285,9320.43671875,4710.095764066462
1946,0.27841796875,0.15824377973965975,0.72158203125,0.15824377973965975,9325.04814453125,4712.515634774134
1947,0.274609375,0.15614119746999278,0.725390625,0.15614119746999278,9329.6419921875,4714.9235143238775
1948,0.2806640625,0.15985239372859486,0.7193359375,0.15985239372859486,9334.173046875,4717.295563863203
1949,0.283203125,0.1630771657446397,0.716796875,0.1630771657446397,9338.80400390625,4719.723257113222
1950,0.28623046875,0.1659871586348325,0.71376953125,0.1659871586348325,9343.47705078125,4722.187907038601
1951,0.28349609375,0.16440339049952485,0.71650390625,0.16440339049952485,9348.19990234375,4724.673565015779
1952,0.28759765625,0.1659261305195314,0.71240234375,0.1659261305195314,9352.87734375,4727.140621249817
1953,0.2892578125,0.16781356384963064,0.7107421875,0.16781356384963064,9357.623046875,4729.6432393809755
1954,0.28720703125,0.16673239683376073,0.71279296875,0.16673239683376073,9362.3953125,4732.169746440528
1955,0.28701171875,0.1671214606082211,0.71298828125,0.1671214606082211,9367.1345703125,4734.681197680502
1956,0.286328125,0.16681093965145793,0.713671875,0.16681093965145793,9371.8701171875,4737.187246197119
1957,0.287890625,0.16579132365865315,0.712109375,0.16579132365865315,9376.59443359375,4739.685501132317
1958,0.2931640625,0.16791071399269064,0.7068359375,0.16791071399269064,9381.34462890625,4742.1789512564255
1959,0.30009765625,0.1714450243593073,0.69990234375,0.1714450243593073,9386.18173828125,4744.711855022484
1960,0.2927734375,0.16815986583758807,0.7072265625,0.16815986583758807,9391.13359375,4747.310274573863
1961,0.29375,0.1683978893011838,0.70625,0.1683978893011838,9395.964453125,4749.851774399281
1962,0.2939453125,0.16942669857187456,0.7060546875,0.16942669857187456,9400.81123046875,4752.4029385051745
1963,0.2908203125,0.16595748062674537,0.7091796875,0.16595748062674537,9405.66123046875,4754.966477742518
1964,0.28779296875,0.16417061286224,0.71220703125,0.16417061286224,9410.4599609375,4757.4897527856165
1965,0.28642578125,0.1621970360218173,0.71357421875,0.1621970360218173,9415.2083984375,4759.979544755601
1966,0.28046875,0.1578916445646819,0.71953125,0.1578916445646819,9419.9345703125,4762.4429273487685
1967,0.28037109375,0.15721045749232554,0.71962890625,0.15721045749232554,9424.56201171875,4764.845607442354
1968,0.279296875,0.15653599314815397,0.720703125,0.15653599314815397,9429.18828125,4767.2341960711
1969,0.28095703125,0.15739452039203422,0.71904296875,0.15739452039203422,9433.79677734375,4769.616865111093
1970,0.28046875,0.15649565649860603,0.71953125,0.15649565649860603,9438.43251953125,4772.00861728977
1971,0.28232421875,0.1578509595482329,0.71767578125,0.1578509595482329,9443.06044921875,4774.388202664291
1972,0.282421875,0.1562535399989614,0.717578125,0.1562535399989614,9447.718359375,4776.782973411803
1973,0.27529296875,0.15263984271835127,0.72470703125,0.15263984271835127,9452.37841796875,4779.1724393140485
1974,0.2724609375,0.15402034654836647,0.7275390625,0.15402034654836647,9456.92109375,4781.510872072219
1975,0.27021484375,0.1521276574886159,0.72978515625,0.1521276574886159,9461.41650390625,4783.8354102651165
1976,0.270703125,0.1519135803701529,0.729296875,0.1519135803701529,9465.8751953125,4786.148300151061
1977,0.27138671875,0.15330815163754508,0.72861328125,0.15330815163754508,9470.34150390625,4788.468297931066
1978,0.2689453125,0.15170275304278996,0.7310546875,0.15170275304278996,9474.81923828125,4790.79014405425
1979,0.27275390625,0.1541039450960456,0.72724609375,0.1541039450960456,9479.25712890625,4793.083818848749
1980,0.27509765625,0.1568999239511105,0.72490234375,0.15689992395111052,9483.7576171875,4795.4022526803865
1981,0.2751953125,0.16032396420540243,0.7248046875,0.16032396420540243,9488.2966796875,4797.745800811511
1982,0.278125,0.1643173708536557,0.721875,0.1643173708536557,9492.8373046875,4800.096291426281
1983,0.27490234375,0.1625700872836665,0.72509765625,0.1625700872836665,9497.42626953125,4802.482612554662
1984,0.27822265625,0.1635760844110023,0.72177734375,0.1635760844110023,9501.96220703125,4804.843028354307
1985,0.28017578125,0.1627390643546183,0.71982421875,0.1627390643546183,9506.5529296875,4807.218853940905
1986,0.2818359375,0.1652880425920937,0.7181640625,0.1652880425920937,9511.1759765625,4809.612244081743
1987,0.28232421875,0.16470788355421007,0.71767578125,0.16470788355421007,9515.82626953125,4812.019497142219
1988,0.28056640625,0.16551512906628538,0.71943359375,0.16551512906628535,9520.48447265625,4814.436464705807
1989,0.279296875,0.16515112689399206,0.720703125,0.16515112689399206,9525.11396484375,4816.844683223882
1990,0.2853515625,0.16899881739456557,0.7146484375,0.16899881739456557,9529.7220703125,4819.246693227189
1991,0.282421875,0.16991951776382208,0.717578125,0.16991951776382205,9534.43037109375,4821.698151170422
1992,0.2794921875,0.16985103138859514,0.7205078125,0.16985103138859514,9539.0904296875,4824.137414316465
1993,0.28193359375,0.16971692583581974,0.71806640625,0.1697169258358197,9543.7021484375,4826.55655940495
1994,0.2830078125,0.1713252482801125,0.7169921875,0.17132524828011247,9548.35390625,4828.991523679549
1995,0.280859375,0.16955341246986386,0.719140625,0.16955341246986386,9553.02373046875,4831.4281326512455
1996,0.28505859375,0.17069656045193782,0.71494140625,0.17069656045193782,9557.6578125,4833.850855683934
1997,0.28193359375,0.16902660729239735,0.71806640625,0.16902660729239738,9562.36123046875,4836.308555185316
1998,0.282421875,0.16872490590327888,0.717578125,0.16872490590327888,9567.01318359375,4838.738005436074
1999,0.2830078125,0.1681598658375881,0.7169921875,0.16815986583758807,9571.673046875,4841.163500403513
2000,0.28525390625,0.16913399980709698,0.71474609375,0.16913399980709698,9576.342578125,4843.597446864113
2001,0.28056640625,0.16630148298436143,0.71943359375,0.16630148298436143,9581.0494140625,4846.054281252006
2002,0.28193359375,0.16710525343539623,0.71806640625,0.16710525343539623,9585.67890625,4848.473791292921
2003,0.28076171875,0.1638375329339281,0.71923828125,0.1638375329339281,9590.330859375,4850.901764543344
2004,0.28310546875,0.16541564953905286,0.71689453125,0.16541564953905286,9594.9634765625,4853.316392281777
2005,0.28662109375,0.1688827839941486,0.71337890625,0.1688827839941486,9599.63466796875,4855.753305915639
2006,0.284765625,0.16883531462450463,0.715234375,0.16883531462450463,9604.3638671875,4858.235429128844
2007,0.2845703125,0.167024850606773,0.7154296875,0.167024850606773,9609.0625,4860.708484285721
2008,0.2890625,0.1712462977545176,0.7109375,0.1712462977545176,9613.7580078125,4863.177988281663
2009,0.2908203125,0.1726759126954171,0.7091796875,0.1726759126954171,9618.52734375,4865.701063357699
2010,0.2943359375,0.17525703083034572,0.7056640625,0.17525703083034572,9623.32578125,4868.241213609031
2011,0.29150390625,0.17218835183156184,0.70849609375,0.17218835183156184,9628.18251953125,4870.816113272596
2012,0.2935546875,0.17303144330177028,0.7064453125,0.17303144330177028,9632.9921875,4873.359291795458
2013,0.29384765625,0.17053446173653733,0.70615234375,0.17053446173653733,9637.8359375,4875.916144520507
2014,0.2958984375,0.17156844109704078,0.7041015625,0.17156844109704078,9642.684375,4878.482801659508
2015,0.295703125,0.17154553828095198,0.704296875,0.17154553828095198,9647.56669921875,4881.0691920412255
2016,0.29365234375,0.16746213228703996,0.70634765625,0.16746213228703996,9652.4455078125,4883.66554248672
2017,0.295703125,0.16452038039831493,0.704296875,0.16452038039831493,9657.2912109375,4886.231671462422
2018,0.28955078125,0.15981065633140737,0.71044921875,0.15981065633140737,9662.1703125,4888.803581451264
2019,0.2916015625,0.15995378303597427,0.7083984375,0.15995378303597427,9666.9478515625,4891.317920605356
2020,0.2958984375,0.16210702182027,0.7041015625,0.16210702182027,9671.7591796875,4893.844786949717
2021,0.29287109375,0.15955516131596456,0.70712890625,0.15955516131596456,9676.6416015625,4896.406683417935
2022,0.289453125,0.156655479735165,0.710546875,0.156655479735165,9681.47373046875,4898.93327809126
2023,0.29091796875,0.1569512158548802,0.70908203125,0.1569512158548802,9686.24970703125,4901.424230358414
2024,0.28916015625,0.15717466267822144,0.71083984375,0.15717466267822144,9691.05,4903.927913733341
2025,0.2900390625,0.1588288167102498,0.7099609375,0.1588288167102498,9695.82119140625,4906.418876163904
2026,0.28935546875,0.15922464496454974,0.71064453125,0.15922464496454974,9700.6068359375,4908.930215825785
2027,0.28525390625,0.15927219441017146,0.71474609375,0.15927219441017146,9705.38125,4911.431746738733
2028,0.2779296875,0.15663599782754184,0.7220703125,0.15663599782754184,9710.08779296875,4913.91561848235
2029,0.2771484375,0.15756877548025705,0.7228515625,0.15756877548025705,9714.6736328125,4916.345347857009
2030,0.27470703125,0.15679960103081528,0.72529296875,0.15679960103081528,9719.2466796875,4918.780465070618
2031,0.2732421875,0.15362405223879994,0.7267578125,0.15362405223879994,9723.779296875,4921.194054175048
2032,0.26962890625,0.15325028879658056,0.73037109375,0.15325028879658056,9728.2880859375,4923.574771290621
2033,0.27001953125,0.15391210554573187,0.72998046875,0.15391210554573187,9732.73671875,4925.924402824543
2034,0.27099609375,0.15699362232836794,0.72900390625,0.15699362232836794,9737.1921875,4928.275381988747
2035,0.2673828125,0.1560501651800932,0.7326171875,0.1560501651800932,9741.66357421875,4930.637191334465
2036,0.26552734375,0.1561617487591398,0.73447265625,0.1561617487591398,9746.07529296875,4932.96524643988
2037,0.2626953125,0.156238402889935,0.7373046875,0.156238402889935,9750.45615234375,4935.295590086257
2038,0.26611328125,0.1574842911409794,0.73388671875,0.1574842911409794,9754.79091796875,4937.606674082306
2039,0.260546875,0.15227099123913662,0.739453125,0.15227099123913662,9759.18203125,4939.946932732539
2040,0.2595703125,0.14992686714102532,0.7404296875,0.14992686714102532,9763.48056640625,4942.229907196398
2041,0.2607421875,0.14983791495090934,0.7392578125,0.14983791495090934,9767.763671875,4944.496006557461
2042,0.2623046875,0.1508776104818954,0.7376953125,0.1508776104818954,9772.0658203125,4946.771860817617
2043,0.26318359375,0.15003270746312558,0.73681640625,0.15003270746312558,9776.3939453125,4949.068812809929
2044,0.26728515625,0.14963413760679445,0.73271484375,0.14963413760679448,9780.73671875,4951.380910720473
2045,0.26708984375,0.15064865369780744,0.73291015625,0.15064865369780744,9785.1466796875,4953.717281331566
2046,0.26396484375,0.1493974983159081,0.73603515625,0.1493974983159081,9789.55361328125,4956.064322918232
2047,0.26318359375,0.14865337535363374,0.73681640625,0.14865337535363374,9793.9091796875,4958.3869104159285
2048,0.2625,0.1476062508352696,0.7375,0.1476062508352696,9798.2517578125,4960.695081354106
2049,0.26328125,0.14641743262055687,0.73671875,0.14641743262055687,9802.58271484375,4962.993831639259
2050,0.26669921875,0.14811491597935467,0.73330078125,0.14811491597935467,9806.92724609375,4965.291007181822
2051,0.2689453125,0.14835151189503587,0.7310546875,0.14835151189503587,9811.32763671875,4967.613640152869
2052,0.2716796875,0.14803334680110666,0.7283203125,0.14803334680110666,9815.7650390625,4969.947332743684
2053,0.2748046875,0.1482640588279463,0.7251953125,0.1482640588279463,9820.248046875,4972.303582760222
2054,0.27666015625,0.1513703691701904,0.72333984375,0.1513703691701904,9824.78212890625,4974.678473034723
2055,0.280859375,0.152344501200071,0.719140625,0.152344501200071,9829.3470703125,4977.077855333588
2056,0.2771484375,0.1515918192082901,0.7228515625,0.15159181920829007,9833.98125,4979.498796545696
2057,0.27373046875,0.1489224512947386,0.72626953125,0.1489224512947386,9838.55419921875,4981.88992072235
2058,0.2703125,0.1466091916147073,0.7296875,0.1466091916147073,9843.07060546875,4984.2464290429125
2059,0.27099609375,0.1454391419859401,0.72900390625,0.1454391419859401,9847.53115234375,4986.572172995074
2060,0.26796875,0.1431982980467176,0.73203125,0.1431982980467176,9852.00244140625,4988.891598502136
2061,0.26962890625,0.14416817916047314,0.73037109375,0.14416817916047314,9856.4240234375,4991.180111338343
2062,0.26572265625,0.14031504061635355,0.73427734375,0.14031504061635355,9860.87265625,4993.483155016281
2063,0.2634765625,0.1377678775990417,0.7365234375,0.1377678775990417,9865.25712890625,4995.743993075779
2064,0.2609375,0.13691517697477937,0.7390625,0.13691517697477937,9869.6044921875,4997.980055231939
2065,0.2595703125,0.13579894272135656,0.7404296875,0.13579894272135656,9873.91005859375,5000.20080056942
2066,0.2556640625,0.13306129041474057,0.7443359375,0.13306129041474057,9878.19296875,5002.404655487263
2067,0.25615234375,0.13318970016889106,0.74384765625,0.13318970016889106,9882.411328125,5004.5740310973015
2068,0.255859375,0.1331280717808748,0.744140625,0.1331280717808748,9886.63798828125,5006.745747792792
2069,0.25556640625,0.1335036660023221,0.74443359375,0.1335036660023221,9890.8595703125,5008.9145650360315
2070,0.256640625,0.13367838716055658,0.743359375,0.13367838716055658,9895.07646484375,5011.079853616026
2071,0.25478515625,0.13391406825420396,0.74521484375,0.13391406825420396,9899.31083984375,5013.253457547464
2072,0.25126953125,0.1321293393147005,0.74873046875,0.1321293393147005,9903.5150390625,5015.415421319276
2073,0.2501953125,0.13170841633545577,0.7498046875,0.13170841633545577,9907.6609375,5017.54195697422
2074,0.2486328125,0.13417997179736985,0.7513671875,0.13417997179736985,9911.7892578125,5019.656070364901
2075,0.24130859375,0.13073721122560267,0.75869140625,0.13073721122560267,9915.89140625,5021.772872572372
2076,0.2427734375,0.13152393636674028,0.7572265625,0.13152393636674028,9919.87294921875,5023.831403180182
2077,0.24365234375,0.13266539561239457,0.75634765625,0.13266539561239457,9923.87890625,5025.9002055223655
2078,0.24609375,0.13487455968634685,0.75390625,0.13487455968634685,9927.89912109375,5027.970829756047
2079,0.25107421875,0.13670092657259372,0.74892578125,0.13670092657259372,9931.959765625,5030.061556237936
2080,0.25009765625,0.13408203125,0.74990234375,0.13408203125,9936.1025390625,5032.195092767955
2081,0.251171875,0.13273406461485193,0.748828125,0.13273406461485193,9940.2291015625,5034.305679655117
2082,0.25283203125,0.1330101427498701,0.74716796875,0.1330101427498701,9944.37314453125,5036.411790509046
2083,0.25361328125,0.1331452990892118,0.74638671875,0.1331452990892118,9948.54501953125,5038.536506623458
2084,0.250390625,0.13066260275716746,0.749609375,0.13066260275716746,9952.72978515625,5040.671612382878
2085,0.24951171875,0.13027815917464666,0.75048828125,0.13027815917464666,9956.8611328125,5042.781566026094
2086,0.24990234375,0.13107888102179832,0.75009765625,0.13107888102179832,9960.97822265625,5044.899329568315
2087,0.2490234375,0.13090965102297475,0.7509765625,0.13090965102297475,9965.10146484375,5047.030625628556
2088,0.25244140625,0.1320767837649463,0.74755859375,0.1320767837649463,9969.21044921875,5049.157664074786
2089,0.25537109375,0.1343753193696241,0.74462890625,0.1343753193696241,9973.3759765625,5051.306113402
2090,0.257421875,0.1356572913477222,0.742578125,0.1356572913477222,9977.58935546875,5053.478404261299
2091,0.256640625,0.13493733399784255,0.743359375,0.13493733399784255,9981.83681640625,5055.669431027908
2092,0.2576171875,0.1357792777564618,0.7423828125,0.1357792777564618,9986.07158203125,5057.855824899374
2093,0.25615234375,0.13633879261853782,0.74384765625,0.13633879261853782,9990.32216796875,5060.043721539688
2094,0.25791015625,0.13694975601291545,0.74208984375,0.13694975601291545,9994.54873046875,5062.221830142371
2095,0.25556640625,0.13695922629066543,0.74443359375,0.1369592262906654,9998.8041015625,5064.414656477996
2096,0.2548828125,0.13763920066807594,0.7451171875,0.13763920066807594,10003.02099609375,5066.5941817214625
2097,0.258203125,0.1410713402746107,0.741796875,0.1410713402746107,10007.22646484375,5068.766090700462
2098,0.26044921875,0.14357464917548732,0.73955078125,0.14357464917548732,10011.48671875,5070.97688904696
2099,0.25859375,0.14269366038086845,0.74140625,0.14269366038086845,10015.7845703125,5073.209759858188
2100,0.25888671875,0.14152371917452303,0.74111328125,0.14152371917452303,10020.05107421875,5075.422343056239
2101,0.2607421875,0.1434463611267564,0.7392578125,0.1434463611267564,10024.32275390625,5077.63124506539
2102,0.26279296875,0.14335621510694974,0.73720703125,0.14335621510694974,10028.6251953125,5079.861620565053
2103,0.266015625,0.14493793079859976,0.733984375,0.14493793079859976,10032.961328125,5082.109828921662
2104,0.266796875,0.14491134564175134,0.733203125,0.14491134564175134,10037.350390625,5084.374606203497
2105,0.26845703125,0.1446726833856107,0.73154296875,0.1446726833856107,10041.75234375,5086.653659224498
2106,0.269921875,0.1468246048849081,0.730078125,0.1468246048849081,10046.18203125,5088.934634519916
2107,0.26962890625,0.14596029295582746,0.73037109375,0.14596029295582746,10050.63583984375,5091.244550177824
2108,0.265625,0.14294420041958242,0.734375,0.14294420041958242,10055.08466796875,5093.542440223482
2109,0.26728515625,0.14294289944103677,0.73271484375,0.14294289944103677,10059.4673828125,5095.796143770909
2110,0.27021484375,0.1442452895851538,0.72978515625,0.1442452895851538,10063.87763671875,5098.05856584678
2111,0.2728515625,0.14517264249978745,0.7271484375,0.14517264249978745,10068.3361328125,5100.34214421084
2112,0.2783203125,0.14806181900170534,0.7216796875,0.14806181900170534,10072.83837890625,5102.640561438171
2113,0.2802734375,0.14914190900278865,0.7197265625,0.14914190900278865,10077.4302734375,5104.973658618373
2114,0.28623046875,0.15127545733630943,0.71376953125,0.15127545733630943,10082.055078125,5107.312114689507
2115,0.2857421875,0.15173543914871154,0.7142578125,0.15173543914871154,10086.77783203125,5109.69442912221
2116,0.28984375,0.15316211484192677,0.71015625,0.15316211484192677,10091.49248046875,5112.073171121182
2117,0.29296875,0.1545895661419649,0.70703125,0.1545895661419649,10096.27509765625,5114.489532746254
2118,0.2935546875,0.15304214415703798,0.7064453125,0.15304214415703798,10101.10908203125,5116.939631274736
2119,0.2984375,0.15525390502146497,0.7015625,0.15525390502146497,10105.95263671875,5119.3780636460515
2120,0.29677734375,0.15394258796315574,0.70322265625,0.15394258796315574,10110.876953125,5121.853157307048
2121,0.3021484375,0.15685502977657725,0.6978515625,0.15685502977657725,10115.77373046875,5124.296029139299
2122,0.30078125,0.15715011728533,0.69921875,0.15715011728533,10120.75927734375,5126.783832460277
2123,0.30302734375,0.1581344191569145,0.69697265625,0.1581344191569145,10125.72197265625,5129.2700701693375
2124,0.3025390625,0.15726283063836358,0.6974609375,0.15726283063836358,10130.72216796875,5131.782912766715
2125,0.301953125,0.15689977199520858,0.698046875,0.15689977199520858,10135.71396484375,5134.28221294325
2126,0.303515625,0.15782458570677646,0.696484375,0.15782458570677643,10140.69609375,5136.768557711413
2127,0.30673828125,0.1607562182990187,0.69326171875,0.1607562182990187,10145.7041015625,5139.26638599264
2128,0.30849609375,0.1619277561779487,0.69150390625,0.1619277561779487,10150.765234375,5141.790937621159
2129,0.31083984375,0.1638932872261043,0.68916015625,0.16389328722610427,10155.85537109375,5144.318507757398
2130,0.311328125,0.16432433533295424,0.688671875,0.16432433533295424,10160.98447265625,5146.861289095516
2131,0.3146484375,0.16646985195189762,0.6853515625,0.16646985195189762,10166.12119140625,5149.422660081483
2132,0.31474609375,0.16451067064919006,0.68525390625,0.16451067064919006,10171.312890625,5152.009287712773
2133,0.3142578125,0.16422041785992947,0.6857421875,0.1642204178599295,10176.50634765625,5154.59402171649
2134,0.3115234375,0.1615152894332395,0.6884765625,0.1615152894332395,10181.69140625,5157.160372379319
2135,0.3109375,0.16114180846100132,0.6890625,0.16114180846100132,10186.831640625,5159.702174510025
2136,0.30771484375,0.1611105867720801,0.69228515625,0.1611105867720801,10191.962109375,5162.23574464721
2137,0.30625,0.16103642950717073,0.69375,0.16103642950717073,10197.039453125,5164.73892212741
2138,0.30498046875,0.1609854025057747,0.69501953125,0.1609854025057747,10202.09248046875,5167.2238971209445
2139,0.3052734375,0.16020399917011327,0.6947265625,0.16020399917011327,10207.12490234375,5169.698943174589
2140,0.3076171875,0.16082475286862377,0.6923828125,0.16082475286862377,10212.16171875,5172.174695721651
2141,0.3119140625,0.16322107985993883,0.6880859375,0.16322107985993883,10217.2375,5174.684166045328
2142,0.31572265625,0.16402299677877502,0.68427734375,0.16402299677877502,10222.38388671875,5177.244083665263
2143,0.3185546875,0.16489152984240737,0.6814453125,0.1648915298424074,10227.593359375,5179.819725259628
2144,0.3203125,0.16543844981221728,0.6796875,0.16543844981221728,10232.84951171875,5182.413353216051
2145,0.323046875,0.16706344422695427,0.676953125,0.16706344422695427,10238.134765625,5185.034191123994
2146,0.32607421875,0.16962384626520458,0.67392578125,0.16962384626520458,10243.46533203125,5187.67154214609
2147,0.3248046875,0.16879238020345022,0.6751953125,0.16879238020345022,10248.84521484375,5190.334464310686
2148,0.32470703125,0.16898270562520604,0.67529296875,0.16898270562520604,10254.20439453125,5192.981016530329
2149,0.32216796875,0.1682124016343582,0.67783203125,0.1682124016343582,10259.5623046875,5195.623562795767
2150,0.3248046875,0.1703961368248242,0.6751953125,0.1703961368248242,10264.87783203125,5198.235343692996
2151,0.32880859375,0.17292330012945373,0.67119140625,0.17292330012945373,10270.2373046875,5200.882578755222
2152,0.32958984375,0.1733057294775651,0.67041015625,0.1733057294775651,10275.6623046875,5203.559861396033
2153,0.3265625,0.1720852762009471,0.6734375,0.1720852762009471,10281.10087890625,5206.251415777118
2154,0.3283203125,0.17373911432429778,0.6716796875,0.17373911432429778,10286.4890625,5208.918678990426
2155,0.32890625,0.17555530183239937,0.67109375,0.17555530183239937,10291.90634765625,5211.602214407314
2156,0.3244140625,0.1756297089838003,0.6755859375,0.1756297089838003,10297.33330078125,5214.2901846027535
2157,0.32158203125,0.17623804038303353,0.67841796875,0.17623804038303353,10302.6861328125,5216.9536397189195
2158,0.3203125,0.1758279017954906,0.6796875,0.1758279017954906,10307.9921875,5219.609349745837
2159,0.31708984375,0.17395045401570675,0.68291015625,0.17395045401570675,10313.27734375,5222.240642409511
2160,0.314453125,0.1724632599999336,0.685546875,0.1724632599999336,10318.509375,5224.846727452035
2161,0.31708984375,0.17398663440979328,0.68291015625,0.1739866344097933,10323.69794921875,5227.436739726124
2162,0.3158203125,0.17574500494379725,0.6841796875,0.17574500494379725,10328.9296875,5230.047499637383
2163,0.31630859375,0.17573211661415902,0.68369140625,0.17573211661415902,10334.14072265625,5232.65711282975
2164,0.3125,0.1740057905264039,0.6875,0.1740057905264039,10339.359765625,5235.268428148425
2165,0.31396484375,0.17622570222067196,0.68603515625,0.17622570222067196,10344.5162109375,5237.840453182731
2166,0.315234375,0.17647259879369373,0.684765625,0.17647259879369373,10349.69658203125,5240.4259758120315
2167,0.31376953125,0.1766407211013256,0.68623046875,0.1766407211013256,10354.898046875,5243.012230949793
2168,0.3125,0.1746431254084781,0.6875,0.1746431254084781,10360.07490234375,5245.584832049781
2169,0.31474609375,0.17475724412913574,0.68525390625,0.17475724412913574,10365.2314453125,5248.136619305784
2170,0.315234375,0.17475710770064412,0.684765625,0.17475710770064412,10370.42490234375,5250.70627685148
2171,0.31279296875,0.17369533310035914,0.68720703125,0.17369533310035914,10375.62626953125,5253.279026740165
2172,0.3095703125,0.17334630819812105,0.6904296875,0.17334630819812105,10380.787109375,5255.832725530224
2173,0.31064453125,0.175546419748311,0.68935546875,0.175546419748311,10385.89521484375,5258.368149325274
2174,0.30986328125,0.17597756507240767,0.69013671875,0.1759775650724077,10391.02060546875,5260.924016416268
2175,0.306640625,0.1739213671972867,0.693359375,0.1739213671972867,10396.1337890625,5263.487645713641
2176,0.3046875,0.17208738209885324,0.6953125,0.17208738209885324,10401.19296875,5266.018907934186
2177,0.30498046875,0.17177179185527772,0.69501953125,0.17177179185527772,10406.2203125,5268.5273108704305
2178,0.3041015625,0.16914006116389857,0.6958984375,0.16914006116389857,10411.25234375,5271.036332270243
2179,0.30615234375,0.16891383941848792,0.69384765625,0.16891383941848792,10416.2703125,5273.547750187881
2180,0.302734375,0.1675827914924278,0.697265625,0.1675827914924278,10421.32177734375,5276.069997369603
2181,0.30068359375,0.1653620233612954,0.69931640625,0.1653620233612954,10426.31650390625,5278.559253159737
2182,0.30185546875,0.1669107588841247,0.69814453125,0.1669107588841247,10431.2779296875,5281.034909892895
2183,0.29853515625,0.16438772754202383,0.70146484375,0.16438772754202385,10436.2587890625,5283.51124669056
2184,0.30517578125,0.16910794759579892,0.69482421875,0.16910794759579892,10441.1845703125,5285.973150352224
2185,0.305859375,0.1695003076961279,0.694140625,0.1695003076961279,10446.22021484375,5288.497638297444
2186,0.30966796875,0.17213362222987566,0.69033203125,0.17213362222987566,10451.26669921875,5291.025063675469
2187,0.3142578125,0.1767318048891455,0.6857421875,0.1767318048891455,10456.3759765625,5293.577108580602
2188,0.316796875,0.17842585270108527,0.683203125,0.17842585270108527,10461.5615234375,5296.176545865615
2189,0.31904296875,0.17912033132470492,0.68095703125,0.17912033132470492,10466.788671875,5298.801625418297
2190,0.31748046875,0.17877466951877677,0.68251953125,0.17877466951877677,10472.052734375,5301.463991298583
2191,0.31220703125,0.17544675748649338,0.68779296875,0.17544675748649338,10477.2912109375,5304.111405381872
2192,0.31591796875,0.1784349655799791,0.68408203125,0.1784349655799791,10482.4427734375,5306.717599886699
2193,0.3134765625,0.17795637749189847,0.6865234375,0.17795637749189847,10487.65517578125,5309.352303870922
2194,0.31484375,0.17892543906370784,0.68515625,0.17892543906370784,10492.827734375,5311.975020843742
2195,0.31689453125,0.17930881568524812,0.68310546875,0.17930881568524812,10498.02216796875,5314.599550318016
2196,0.31806640625,0.17820596026247632,0.68193359375,0.17820596026247632,10503.25107421875,5317.235203415301
2197,0.31650390625,0.1771525558110735,0.68349609375,0.1771525558110735,10508.499609375,5319.897949625645
2198,0.32021484375,0.17682656315754813,0.67978515625,0.17682656315754813,10513.7220703125,5322.5434736466195
2199,0.32041015625,0.17554859277676743,0.67958984375,0.17554859277676743,10519.00517578125,5325.220900449353
2200,0.31806640625,0.17342389027577426,0.68193359375,0.17342389027577426,10524.29169921875,5327.897141867919
2201,0.3197265625,0.17439787683856928,0.6802734375,0.17439787683856928,10529.5404296875,5330.548754180935
2202,0.316015625,0.1711048976105831,0.683984375,0.1711048976105831,10534.81572265625,5333.208025976579
2203,0.31259765625,0.16940499803720477,0.68740234375,0.16940499803720477,10540.02978515625,5335.849535394011
2204,0.31328125,0.17133415437692126,0.68671875,0.17133415437692126,10545.18779296875,5338.480777654477
2205,0.31181640625,0.17105520153817774,0.68818359375,0.17105520153817774,10550.35693359375,5341.1280982387125
2206,0.3064453125,0.16763104223502512,0.6935546875,0.16763104223502515,10555.5017578125,5343.756583352707
2207,0.30244140625,0.16680365019355994,0.69755859375,0.16680365019355994,10560.558203125,5346.329947954157
2208,0.30458984375,0.16847639155053057,0.69541015625,0.16847639155053057,10565.54853515625,5348.857009167048
2209,0.30830078125,0.1701008452702264,0.69169921875,0.1701008452702264,10570.57431640625,5351.395190713864
2210,0.30849609375,0.17085348181030463,0.69150390625,0.17085348181030463,10575.66103515625,5353.967172175935
2211,0.30615234375,0.16913727014751687,0.69384765625,0.16913727014751687,10580.7513671875,5356.543262901602
2212,0.30458984375,0.16888797911739145,0.69541015625,0.16888797911739145,10585.802734375,5359.0862008009435
2213,0.30576171875,0.17088138865853167,0.69423828125,0.17088138865853167,10590.82861328125,5361.60880134357
2214,0.3037109375,0.16944696115316724,0.6962890625,0.16944696115316724,10595.87373046875,5364.143804995289
2215,0.3041015625,0.17040061421171718,0.6958984375,0.17040061421171718,10600.88505859375,5366.649379965289
2216,0.30625,0.17016483169647326,0.69375,0.17016483169647326,10605.9025390625,5369.154488558537
2217,0.307421875,0.17032649831377392,0.692578125,0.17032649831377392,10610.95576171875,5371.673105324569
2218,0.30498046875,0.16849427803806094,0.69501953125,0.1684942780380609,10616.02802734375,5374.189237965679
2219,0.297265625,0.1646868931218064,0.702734375,0.1646868931218064,10621.0603515625,5376.682358841113
2220,0.29482421875,0.1639051572983268,0.70517578125,0.1639051572983268,10625.9650390625,5379.103586467168
2221,0.29384765625,0.1638952656311752,0.70615234375,0.1638952656311752,10630.8298828125,5381.510738629872
2222,0.29072265625,0.16144976521389579,0.70927734375,0.16144976521389579,10635.6783203125,5383.908388043761
2223,0.29228515625,0.1629004898560373,0.70771484375,0.1629004898560373,10640.4751953125,5386.270992340223
2224,0.2935546875,0.1650224196490174,0.7064453125,0.1650224196490174,10645.29794921875,5388.638049228778
2225,0.292578125,0.16341319616439812,0.707421875,0.16341319616439812,10650.1416015625,5391.01496108296
2226,0.2919921875,0.16456570430291617,0.7080078125,0.16456570430291617,10654.96923828125,5393.385586110615
2227,0.29375,0.16620726530902283,0.70625,0.16620726530902283,10659.7869140625,5395.739199878754
2228,0.291796875,0.16522664081337687,0.708203125,0.16522664081337687,10664.63408203125,5398.104157038054
2229,0.2927734375,0.16617283457204138,0.7072265625,0.16617283457204138,10669.44853515625,5400.444913080609
2230,0.29248046875,0.16929056688358807,0.70751953125,0.16929056688358807,10674.27939453125,5402.792798498478
2231,0.295703125,0.1705676486145783,0.704296875,0.1705676486145783,10679.10517578125,5405.14449909965
2232,0.2958984375,0.1702834918315103,0.7041015625,0.1702834918315103,10683.9841796875,5407.528403197374
2233,0.29775390625,0.17244525980729328,0.70224609375,0.17244525980729328,10688.866796875,5409.921091302547
2234,0.29658203125,0.17315092037351776,0.70341796875,0.17315092037351779,10693.7796875,5412.327266862685
2235,0.29541015625,0.1750196445883184,0.70458984375,0.1750196445883184,10698.6732421875,5414.735633865687
2236,0.29091796875,0.17282532573654355,0.70908203125,0.17282532573654355,10703.54736328125,5417.1384889180335
2237,0.29560546875,0.1752912277942795,0.70439453125,0.1752912277942795,10708.34765625,5419.509449997933
2238,0.2953125,0.17710019498843416,0.7046875,0.17710019498843416,10713.22509765625,5421.906420925052
2239,0.2935546875,0.1766229846620691,0.7064453125,0.1766229846620691,10718.09755859375,5424.303870259272
2240,0.28984375,0.17348148372466873,0.71015625,0.17348148372466873,10722.9412109375,5426.694323465785
2241,0.2931640625,0.17472818245532296,0.7068359375,0.17472818245532296,10727.72392578125,5429.072814315952
2242,0.2921875,0.17250074745790278,0.7078125,0.17250074745790278,10732.5609375,5431.479813735573
2243,0.29248046875,0.1710296650190496,0.70751953125,0.1710296650190496,10737.38203125,5433.8724739391555
2244,0.2947265625,0.1707079295304991,0.7052734375,0.1707079295304991,10742.20791015625,5436.259019953764
2245,0.2947265625,0.17236967166800982,0.7052734375,0.17236967166800982,10747.07099609375,5438.674514698071
2246,0.29208984375,0.17249834253371796,0.70791015625,0.17249834253371796,10751.933984375,5441.087511560278
2247,0.2923828125,0.17492259902429436,0.7076171875,0.17492259902429436,10756.75341796875,5443.476338477408
2248,0.29150390625,0.17427153878108145,0.70849609375,0.17427153878108145,10761.577734375,5445.85737245156
2249,0.29599609375,0.17505244422912475,0.70400390625,0.17505244422912475,10766.38759765625,5448.241637878387
2250,0.29443359375,0.17531255331055617,0.70556640625,0.17531255331055617,10771.27177734375,5450.661763307589
2251,0.2958984375,0.176075058277602,0.7041015625,0.176075058277602,10776.12998046875,5453.058885314383
2252,0.29580078125,0.17596314915757275,0.70419921875,0.17596314915757275,10781.01201171875,5455.464232743178
2253,0.29521484375,0.17567002231835974,0.70478515625,0.17567002231835974,10785.8927734375,5457.867279114875
2254,0.2951171875,0.17223628133725694,0.7048828125,0.1722362813372569,10790.76376953125,5460.261100032834
2255,0.2955078125,0.1730110493036567,0.7044921875,0.1730110493036567,10795.63310546875,5462.6422764886565
2256,0.29580078125,0.17335480789281751,0.70419921875,0.17335480789281751,10800.50888671875,5465.013001593831
2257,0.29697265625,0.1738113635265036,0.70302734375,0.1738113635265036,10805.38984375,5467.380461346552
2258,0.2935546875,0.1712753655797943,0.7064453125,0.1712753655797943,10810.2900390625,5469.756633985541
2259,0.296484375,0.1726164759051298,0.703515625,0.1726164759051298,10815.13349609375,5472.091128932081
2260,0.29814453125,0.16979838476951692,0.70185546875,0.16979838476951692,10820.0255859375,5474.467657195436
2261,0.2978515625,0.16921041339546702,0.7021484375,0.16921041339546702,10824.94482421875,5476.848564880807
2262,0.29384765625,0.16991595378512286,0.70615234375,0.16991595378512286,10829.85966796875,5479.219781989835
2263,0.2966796875,0.17176665619289297,0.7033203125,0.17176665619289297,10834.70791015625,5481.549121125344
2264,0.29765625,0.1724603845192154,0.70234375,0.1724603845192154,10839.6029296875,5483.904241618125
2265,0.29296875,0.16955442489929212,0.70703125,0.16955442489929212,10844.51455078125,5486.283017214907
2266,0.29345703125,0.17026010809872652,0.70654296875,0.17026010809872652,10849.3484375,5488.628242071385
2267,0.2943359375,0.17104301919839907,0.7056640625,0.17104301919839907,10854.19013671875,5490.9682457293175
2268,0.2927734375,0.17100431987816037,0.7072265625,0.17100431987816037,10859.04697265625,5493.325546057885
2269,0.29287109375,0.17095894576144371,0.70712890625,0.17095894576144371,10863.87783203125,5495.681307825892
2270,0.28876953125,0.16910557901393347,0.71123046875,0.16910557901393347,10868.71005859375,5498.038868543297
2271,0.29052734375,0.1702001638642541,0.70947265625,0.1702001638642541,10873.47509765625,5500.378382270858
2272,0.28955078125,0.1682650060437735,0.71044921875,0.1682650060437735,10878.26845703125,5502.728722723996
2273,0.287890625,0.16841657689070288,0.712109375,0.16841657689070288,10883.04609375,5505.079297269884
2274,0.2865234375,0.16609327228294424,0.7134765625,0.16609327228294424,10887.79638671875,5507.410302359135
2275,0.28603515625,0.16244227044152112,0.71396484375,0.16244227044152112,10892.52392578125,5509.73344922414
2276,0.287109375,0.16491130872712687,0.712890625,0.16491130872712687,10897.24345703125,5512.06465988675
2277,0.2841796875,0.1623850489231368,0.7158203125,0.1623850489231368,10901.9806640625,5514.416157016434
2278,0.28369140625,0.16042948419796285,0.71630859375,0.16042948419796285,10906.66982421875,5516.756176630191
2279,0.27939453125,0.1566738939985502,0.72060546875,0.1566738939985502,10911.35087890625,5519.093508044351
2280,0.28359375,0.15936662240542737,0.71640625,0.15936662240542737,10915.96064453125,5521.397528244443
2281,0.27939453125,0.1558077542668299,0.72060546875,0.1558077542668299,10920.6404296875,5523.738394703529
2282,0.2822265625,0.1559047699791321,0.7177734375,0.1559047699791321,10925.2501953125,5526.049147573946
2283,0.2833984375,0.15869894813809168,0.7166015625,0.15869894813809168,10929.90673828125,5528.38155345078
2284,0.2869140625,0.1613414842002074,0.7130859375,0.1613414842002074,10934.5830078125,5530.73113557476
2285,0.2849609375,0.16057954256301174,0.7150390625,0.1605795425630117,10939.3169921875,5533.0958261932765
2286,0.2783203125,0.1553968407033616,0.7216796875,0.1553968407033616,10944.0189453125,5535.450257551205
2287,0.2755859375,0.15370411257878824,0.7244140625,0.15370411257878824,10948.611328125,5537.755677462849
2288,0.2732421875,0.1512428925160488,0.7267578125,0.1512428925160488,10953.15849609375,5540.034122101196
2289,0.27314453125,0.14994356365274167,0.72685546875,0.14994356365274167,10957.666796875,5542.2916635279025
2290,0.276171875,0.1525031717939878,0.723828125,0.1525031717939878,10962.17392578125,5544.550182629643
2291,0.27138671875,0.14964650144148628,0.72861328125,0.14964650144148628,10966.7306640625,5546.844111015013
2292,0.270703125,0.14799404359120863,0.729296875,0.14799404359120863,10971.20830078125,5549.082397371421
2293,0.2708984375,0.147340078783466,0.7291015625,0.147340078783466,10975.67509765625,5551.320368235998
2294,0.27548828125,0.14971913427511804,0.72451171875,0.14971913427511804,10980.14482421875,5553.555070896557
2295,0.27265625,0.14693083006381674,0.72734375,0.14693083006381671,10984.6904296875,5555.846049296511
2296,0.27451171875,0.14780811392020876,0.72548828125,0.14780811392020876,10989.189453125,5558.109492346799
2297,0.2728515625,0.1460150032173091,0.7271484375,0.1460150032173091,10993.71865234375,5560.396800573752
2298,0.27919921875,0.1511139830303919,0.72080078125,0.1511139830303919,10998.220703125,5562.669289820109
2299,0.287109375,0.15616391671662613,0.712890625,0.15616391671662613,11002.827734375,5565.008766440407
2300,0.2927734375,0.15749612954848732,0.7072265625,0.15749612954848732,11007.5650390625,5567.414404332755
2301,0.29541015625,0.16067124350480358,0.70458984375,0.16067124350480358,11012.395703125,5569.857987939595
2302,0.294921875,0.16008418252783585,0.705078125,0.16008418252783585,11017.2697265625,5572.3182443169635
2303,0.29638671875,0.15991624666642215,0.70361328125,0.15991624666642215,11022.136328125,5574.769869718912
2304,0.30078125,0.16276341143078177,0.69921875,0.16276341143078177,11027.0263671875,5577.234251303566
2305,0.30537109375,0.16523024822158974,0.69462890625,0.16523024822158974,11031.98935546875,5579.729922951616
2306,0.308203125,0.16637667540889617,0.691796875,0.16637667540889617,11037.0279296875,5582.261624805904
2307,0.31025390625,0.1686244073380899,0.68974609375,0.16862440733808992,11042.11328125,5584.828516468634
2308,0.3123046875,0.17007715606062995,0.6876953125,0.17007715606062995,11047.2326171875,5587.402548182748
2309,0.3109375,0.16792173215484293,0.6890625,0.16792173215484293,11052.38583984375,5590.011976124084
2310,0.30888671875,0.16821274180191167,0.69111328125,0.16821274180191167,11057.51591796875,5592.598290400031
2311,0.3142578125,0.17032201897853894,0.6857421875,0.17032201897853896,11062.61298828125,5595.185933771407
2312,0.31220703125,0.167311720289452,0.68779296875,0.167311720289452,11067.79814453125,5597.81295272
2313,0.31572265625,0.17002009216952274,0.68427734375,0.17002009216952274,11072.94951171875,5600.428060230681
2314,0.31708984375,0.16971243041172585,0.68291015625,0.16971243041172582,11078.1587890625,5603.08503969871
2315,0.31572265625,0.16934227321084308,0.68427734375,0.16934227321084308,11083.39091796875,5605.749190219518
2316,0.31572265625,0.16982197247292452,0.68427734375,0.16982197247292452,11088.60009765625,5608.4164834312705
2317,0.3166015625,0.17040095001099154,0.6833984375,0.17040095001099154,11093.809765625,5611.075969052941
2318,0.3146484375,0.1704977445481203,0.6853515625,0.17049774454812033,11099.03369140625,5613.733580729826
2319,0.31591796875,0.17235276835857397,0.68408203125,0.17235276835857397,11104.22509765625,5616.37854097487
2320,0.31806640625,0.17107415631420828,0.68193359375,0.17107415631420828,11109.43798828125,5619.040807188924
2321,0.32333984375,0.1743504321658284,0.67666015625,0.1743504321658284,11114.6861328125,5621.714429582152
2322,0.320703125,0.1733183580434089,0.679296875,0.1733183580434089,11120.02099609375,5624.432764593593
2323,0.323828125,0.17667589175532428,0.676171875,0.17667589175532428,11125.31279296875,5627.123217787935
2324,0.32412109375,0.1762517845117578,0.67587890625,0.1762517845117578,11130.65625,5629.862257135272
2325,0.3228515625,0.17470820486784394,0.6771484375,0.17470820486784394,11136.00380859375,5632.616412907267
2326,0.3234375,0.17612260692045478,0.6765625,0.1761226069204548,11141.330859375,5635.365501448041
2327,0.32119140625,0.17426125046520322,0.67880859375,0.17426125046520322,11146.66748046875,5638.1273658985
2328,0.31845703125,0.1712498897357224,0.68154296875,0.1712498897357224,11151.9673828125,5640.864374082451
2329,0.3181640625,0.17193036661496267,0.6818359375,0.17193036661496267,11157.2216796875,5643.5691965977685
2330,0.3158203125,0.17120519344260193,0.6841796875,0.17120519344260193,11162.4716796875,5646.260359108851
2331,0.31416015625,0.16896735427926246,0.68583984375,0.16896735427926243,11167.68251953125,5648.929137965775
2332,0.31474609375,0.16901588685794,0.68525390625,0.16901588685794,11172.8662109375,5651.574732896934
2333,0.3158203125,0.16987259073352456,0.6841796875,0.16987259073352456,11178.059375,5654.228244393418
2334,0.316015625,0.16893074810776754,0.683984375,0.16893074810776754,11183.2705078125,5656.893044080201
2335,0.318359375,0.1711839133503537,0.681640625,0.1711839133503537,11188.4849609375,5659.545909792396
2336,0.31494140625,0.1692122450940549,0.68505859375,0.1692122450940549,11193.7375,5662.218932740749
2337,0.3150390625,0.1705259333154505,0.6849609375,0.1705259333154505,11198.9341796875,5664.854615145423
2338,0.31650390625,0.1721402704782844,0.68349609375,0.1721402704782844,11204.132421875,5667.484282193682
2339,0.312890625,0.17041796297483486,0.687109375,0.17041796297483486,11209.35478515625,5670.1297456250495
2340,0.31015625,0.16893244170626268,0.68984375,0.16893244170626268,11214.5173828125,5672.762839619692
2341,0.30966796875,0.1712988890870744,0.69033203125,0.1712988890870744,11219.63525390625,5675.388006380428
2342,0.307421875,0.17146268459776506,0.692578125,0.17146268459776504,11224.7443359375,5678.035457724812
2343,0.30654296875,0.17094499923742207,0.69345703125,0.17094499923742207,11229.81669921875,5680.671953867546
2344,0.30498046875,0.1700133610131087,0.69501953125,0.1700133610131087,11234.87490234375,5683.291825612336
2345,0.303515625,0.16870964415457027,0.696484375,0.16870964415457024,11239.90703125,5685.894316274195
2346,0.3013671875,0.1672097449789275,0.6986328125,0.1672097449789275,11244.915234375,5688.478463786059
2347,0.301953125,0.1684613054258492,0.698046875,0.1684613054258492,11249.88759765625,5691.045012360876
2348,0.29482421875,0.163466440705542,0.70517578125,0.163466440705542,11254.87001953125,5693.626762768687
2349,0.294140625,0.16085072372316397,0.705859375,0.16085072372316397,11259.73447265625,5696.145285482494
2350,0.29677734375,0.16058230415229555,0.70322265625,0.16058230415229555,11264.5875,5698.6493854273185
2351,0.29853515625,0.16044957537620136,0.70146484375,0.16044957537620136,11269.48466796875,5701.164415846781
2352,0.29970703125,0.16011780812463583,0.70029296875,0.16011780812463583,11274.41083984375,5703.683612213334
2353,0.303515625,0.16055934885391923,0.696484375,0.1605593488539192,11279.35546875,5706.2207940007465
2354,0.309375,0.16158542020386907,0.690625,0.16158542020386907,11284.36376953125,5708.780715804593
2355,0.31123046875,0.16212528748144867,0.68876953125,0.16212528748144867,11289.46845703125,5711.374867332124
2356,0.3134765625,0.16399505682217794,0.6865234375,0.16399505682217794,11294.6037109375,5713.987328500367
2357,0.3126953125,0.16343105325329232,0.6873046875,0.1634310532532923,11299.7759765625,5716.610194972552
2358,0.3162109375,0.1636747883466847,0.6837890625,0.1636747883466847,11304.9357421875,5719.225492178984
2359,0.316796875,0.16304336083449406,0.683203125,0.16304336083449406,11310.1529296875,5721.861937256085
2360,0.317578125,0.16370391896193595,0.682421875,0.16370391896193595,11315.3802734375,5724.492313606239
2361,0.32109375,0.16517122112401317,0.67890625,0.1651712211240132,11320.6205078125,5727.1172086262795
2362,0.320703125,0.16378976586570893,0.679296875,0.16378976586570893,11325.91826171875,5729.7654875438275
2363,0.31669921875,0.16098125566631452,0.68330078125,0.16098125566631452,11331.2095703125,5732.403216326659
2364,0.31689453125,0.16198887770348244,0.68310546875,0.16198887770348244,11336.435546875,5734.9983000232805
2365,0.32236328125,0.16535337234901615,0.67763671875,0.16535337234901615,11341.66416015625,5737.590388876261
2366,0.3220703125,0.1652000878654782,0.6779296875,0.1652000878654782,11346.98330078125,5740.241441496573
2367,0.32587890625,0.16750483833271254,0.67412109375,0.16750483833271254,11352.297265625,5742.894401019687
2368,0.32958984375,0.17015140859338626,0.67041015625,0.17015140859338626,11357.6744140625,5745.588694038626
2369,0.33125,0.17144766655794433,0.66875,0.17144766655794433,11363.11259765625,5748.324235481479
2370,0.3310546875,0.16999930886520814,0.6689453125,0.16999930886520814,11368.57822265625,5751.067558465913
2371,0.32890625,0.1683197187199436,0.67109375,0.1683197187199436,11374.04052734375,5753.807155564993
2372,0.3271484375,0.16699447184110103,0.6728515625,0.16699447184110103,11379.467578125,5756.524634886438
2373,0.32412109375,0.16551996895444568,0.67587890625,0.16551996895444568,11384.86552734375,5759.218015182756
2374,0.3212890625,0.1636113822055392,0.6787109375,0.1636113822055392,11390.21357421875,5761.88252541225
2375,0.3283203125,0.16661816209068137,0.6716796875,0.16661816209068134,11395.51484375,5764.517342104463
2376,0.32822265625,0.16674669569593487,0.67177734375,0.16674669569593487,11400.93193359375,5767.2114953411265
2377,0.33193359375,0.16869192183622148,0.66806640625,0.16869192183622148,11406.34765625,5769.895912796181
2378,0.331640625,0.1680829462826455,0.668359375,0.1680829462826455,11411.82451171875,5772.610746853058
2379,0.3296875,0.1677438765430076,0.6703125,0.1677438765430076,11417.296484375,5775.328465946834
2380,0.3341796875,0.16968306674399905,0.6658203125,0.16968306674399905,11422.73662109375,5778.045991603396
2381,0.33515625,0.1698150930645434,0.66484375,0.16981509306454337,11428.25029296875,5780.806791839813
2382,0.341015625,0.17220582507977553,0.658984375,0.17220582507977553,11433.78076171875,5783.573741478218
2383,0.3421875,0.17289028962348854,0.6578125,0.17289028962348854,11439.40712890625,5786.389348100043
2384,0.34150390625,0.1722236841748169,0.65849609375,0.1722236841748169,11445.0533203125,5789.22117981394
2385,0.33603515625,0.16997599824998558,0.66396484375,0.16997599824998558,11450.68837890625,5792.041960686565
2386,0.33427734375,0.16952238982643508,0.66572265625,0.16952238982643508,11456.2330078125,5794.81884102938
2387,0.33623046875,0.17093863924473254,0.66376953125,0.17093863924473257,11461.7484375,5797.588032453757
2388,0.334765625,0.17153275139822743,0.665234375,0.17153275139822743,11467.296484375,5800.382137200923
2389,0.33369140625,0.1719427079438482,0.66630859375,0.1719427079438482,11472.81982421875,5803.164965019186
2390,0.32939453125,0.16973546820169735,0.67060546875,0.16973546820169735,11478.32578125,5805.941732108784
2391,0.33125,0.1713792343896438,0.66875,0.1713792343896438,11483.7607421875,5808.6697526215485
2392,0.32724609375,0.16870266285746707,0.67275390625,0.16870266285746707,11489.2265625,5811.411984411366
2393,0.32802734375,0.16897378846902616,0.67197265625,0.16897378846902616,11494.62607421875,5814.115232908077
2394,0.32626953125,0.16730453815404553,0.67373046875,0.16730453815404553,11500.0384765625,5816.825618662567
2395,0.32265625,0.16490737627232882,0.67734375,0.16490737627232882,11505.42197265625,5819.508606258286
2396,0.319921875,0.1635327897628996,0.680078125,0.1635327897628996,11510.74560546875,5822.154796823102
2397,0.3154296875,0.16128721295712367,0.6845703125,0.16128721295712367,11516.0244140625,5824.771337746182
2398,0.31611328125,0.16163808681436684,0.68388671875,0.16163808681436684,11521.2291015625,5827.357655057192
2399,0.31650390625,0.1617474369276408,0.68349609375,0.1617474369276408,11526.44501953125,5829.937270472845
2400,0.31318359375,0.15935994993469493,0.68681640625,0.15935994993469493,11531.66708984375,5832.5148317354715
2401,0.3107421875,0.1587830564669798,0.6892578125,0.1587830564669798,11536.834765625,5835.058220613153
2402,0.30361328125,0.15604872901054231,0.69638671875,0.15604872901054231,11541.9619140625,5837.575702682195
2403,0.3041015625,0.1569170332445322,0.6958984375,0.1569170332445322,11546.97138671875,5840.034557447546
2404,0.3029296875,0.15698545177140172,0.6970703125,0.15698545177140172,11551.98935546875,5842.497144076074
2405,0.30546875,0.1587085627745057,0.69453125,0.1587085627745057,11556.98759765625,5844.9440795314495
2406,0.30517578125,0.15820568694877743,0.69482421875,0.15820568694877743,11562.0279296875,5847.410081025545
2407,0.30771484375,0.16019581375843608,0.69228515625,0.16019581375843608,11567.0634765625,5849.8829832992515
2408,0.3072265625,0.1607430181099439,0.6927734375,0.1607430181099439,11572.1408203125,5852.372943948548
2409,0.308984375,0.1629198958263069,0.691015625,0.1629198958263069,11577.2099609375,5854.854554851617
2410,0.30908203125,0.16188758477149942,0.69091796875,0.16188758477149942,11582.308203125,5857.346773654178
2411,0.311328125,0.16188673057912328,0.688671875,0.16188673057912328,11587.40791015625,5859.826360330767
2412,0.3140625,0.1629602809325668,0.6859375,0.1629602809325668,11592.54482421875,5862.322034602291
2413,0.30966796875,0.16107032997836943,0.69033203125,0.16107032997836943,11597.72685546875,5864.835549627322
2414,0.3087890625,0.15996010282901893,0.6912109375,0.15996010282901893,11602.8365234375,5867.29967984486
2415,0.3060546875,0.158179733996079,0.6939453125,0.158179733996079,11607.93134765625,5869.743791501953
2416,0.30361328125,0.15895992906535253,0.69638671875,0.15895992906535253,11612.98125,5872.167185801992
2417,0.3029296875,0.158638843458368,0.6970703125,0.158638843458368,11617.991015625,5874.550999061528
2418,0.29912109375,0.15658597301933252,0.70087890625,0.15658597301933252,11622.98935546875,5876.9291852091455
2419,0.30390625,0.15916039472808555,0.69609375,0.15916039472808555,11627.925,5879.290408129718
2420,0.30400390625,0.1575870830238377,0.69599609375,0.1575870830238377,11632.9390625,5881.705906333178
2421,0.30390625,0.1575064230926145,0.69609375,0.1575064230926145,11637.95498046875,5884.140211752577
2422,0.3013671875,0.1560571319426824,0.6986328125,0.1560571319426824,11642.96982421875,5886.584518882815
2423,0.30244140625,0.15678074531861727,0.69755859375,0.15678074531861727,11647.942578125,5889.008364392395
2424,0.30263671875,0.1559380736560246,0.69736328125,0.1559380736560246,11652.9326171875,5891.445100688672
2425,0.2974609375,0.15267654455842514,0.7025390625,0.15267654455842514,11657.926171875,5893.9081928817595
2426,0.29853515625,0.1517824759258095,0.70146484375,0.1517824759258095,11662.83447265625,5896.337457790187
2427,0.2970703125,0.15060784839782898,0.7029296875,0.15060784839782898,11667.76005859375,5898.787233117908
2428,0.29677734375,0.15047015576681397,0.70322265625,0.15047015576681397,11672.66171875,5901.225714499861
2429,0.29443359375,0.14943975090651407,0.70556640625,0.14943975090651407,11677.55849609375,5903.661702265232
2430,0.29296875,0.14822919182990535,0.70703125,0.14822919182990535,11682.41669921875,5906.0744911084485
2431,0.29296875,0.14797226125222815,0.70703125,0.14797226125222815,11687.25048828125,5908.4865281815755
2432,0.295703125,0.14971426133266905,0.704296875,0.14971426133266902,11692.08486328125,5910.891011024976
2433,0.29873046875,0.1520777487927029,0.70126953125,0.1520777487927029,11696.963671875,5913.327760231688
2434,0.3001953125,0.15248903829231925,0.6998046875,0.15248903829231925,11701.89267578125,5915.805063533619
2435,0.30107421875,0.15402904588326194,0.69892578125,0.1540290458832619,11706.84619140625,5918.283300446129
2436,0.30126953125,0.15570476770371852,0.69873046875,0.15570476770371852,11711.81376953125,5920.781023205772
2437,0.3009765625,0.1564609172148836,0.6990234375,0.1564609172148836,11716.78486328125,5923.290251013795
2438,0.30185546875,0.15753890389629072,0.69814453125,0.15753890389629072,11721.75087890625,5925.801509598871
2439,0.30400390625,0.1592593802140308,0.69599609375,0.1592593802140308,11726.73154296875,5928.306586552958
2440,0.30517578125,0.16034029178759848,0.69482421875,0.16034029178759848,11731.74755859375,5930.82168754127
2441,0.30732421875,0.16330277150518424,0.69267578125,0.16330277150518424,11736.7830078125,5933.34361293983
2442,0.30771484375,0.16345243834283943,0.69228515625,0.16345243834283943,11741.8537109375,5935.894268067834
2443,0.3111328125,0.1638334291806463,0.6888671875,0.1638334291806463,11746.93095703125,5938.451210553803
2444,0.31533203125,0.16491099066441553,0.68466796875,0.16491099066441553,11752.06494140625,5941.043455680288
2445,0.31533203125,0.1658187308983024,0.68466796875,0.1658187308983024,11757.2677734375,5943.656382513101
2446,0.3162109375,0.16590805338419945,0.6837890625,0.16590805338419948,11762.47080078125,5946.269284869643
2447,0.3150390625,0.16504726773242112,0.6849609375,0.16504726773242112,11767.6880859375,5948.885716266029
2448,0.315625,0.1661269158223451,0.684375,0.1661269158223451,11772.8861328125,5951.483099130412
2449,0.31494140625,0.16544724048147363,0.68505859375,0.16544724048147363,11778.094140625,5954.082110722269
2450,0.31103515625,0.1627354310249131,0.68896484375,0.1627354310249131,11783.290625,5956.665133715253
2451,0.3125,0.163344784289819,0.6875,0.163344784289819,11788.42255859375,5959.202938101039
2452,0.31220703125,0.1637960832120547,0.68779296875,0.1637960832120547,11793.57890625,5961.751762012851
2453,0.31279296875,0.16496106353039527,0.68720703125,0.16496106353039525,11798.73037109375,5964.289921225416
2454,0.31298828125,0.16504209617219218,0.68701171875,0.16504209617219218,11803.8912109375,5966.827731146485
2455,0.30927734375,0.16457500517171647,0.69072265625,0.16457500517171647,11809.0556640625,5969.364217082866
2456,0.3091796875,0.16383925007678307,0.6908203125,0.16383925007678307,11814.15888671875,5971.8627114256105
2457,0.30380859375,0.1613548718464339,0.69619140625,0.1613548718464339,11819.26044921875,5974.366688650676
2458,0.30615234375,0.16344882087083829,0.69384765625,0.16344882087083829,11824.2728515625,5976.821224468371
2459,0.31044921875,0.16485777881100142,0.68955078125,0.16485777881100142,11829.32490234375,5979.288548513592
2460,0.308203125,0.16464866918726284,0.691796875,0.16464866918726284,11834.447265625,5981.801782092559
2461,0.3025390625,0.16039176186122905,0.6974609375,0.16039176186122908,11839.5326171875,5984.301245449094
2462,0.30439453125,0.1613268540450088,0.69560546875,0.1613268540450088,11844.52451171875,5986.753326854298
2463,0.3060546875,0.1635432864876323,0.6939453125,0.1635432864876323,11849.5470703125,5989.217109957864
2464,0.3048828125,0.16130837973143874,0.6951171875,0.16130837973143872,11854.5966796875,5991.692220817904
2465,0.30439453125,0.16129197276717144,0.69560546875,0.16129197276717144,11859.62763671875,5994.165755307771
2466,0.3064453125,0.1620145147908967,0.6935546875,0.1620145147908967,11864.64970703125,5996.659633041086
2467,0.305859375,0.16285643001390826,0.694140625,0.1628564300139083,11869.70615234375,5999.174545171221
2468,0.30625,0.16380490379957818,0.69375,0.16380490379957818,11874.75302734375,6001.684033127844
2469,0.3078125,0.16334116443363306,0.6921875,0.16334116443363306,11879.80615234375,6004.196306134765
2470,0.30673828125,0.16253148287459585,0.69326171875,0.16253148287459585,11884.88505859375,6006.712586315041
2471,0.3080078125,0.16436460744980627,0.6919921875,0.16436460744980627,11889.94638671875,6009.224879316892
2472,0.30458984375,0.1632247315927952,0.69541015625,0.1632247315927952,11895.028125,6011.750675530162
2473,0.30419921875,0.16125720222416437,0.69580078125,0.16125720222416437,11900.05419921875,6014.257842476854
2474,0.3052734375,0.1607400516261499,0.6947265625,0.1607400516261499,11905.07314453125,6016.75632069141
2475,0.3033203125,0.1592600688535893,0.6966796875,0.1592600688535893,11910.11025390625,6019.258682579279
2476,0.30322265625,0.15845926530302978,0.69677734375,0.15845926530302978,11915.1150390625,6021.7456364839
2477,0.30908203125,0.16215069715248262,0.69091796875,0.16215069715248262,11920.11845703125,6024.237069921854
2478,0.308203125,0.1616718021376805,0.691796875,0.1616718021376805,11925.21796875,6026.772561234497
2479,0.31279296875,0.16316313783741165,0.68720703125,0.16316313783741165,11930.303515625,6029.296503602858
2480,0.30927734375,0.16232046332964847,0.69072265625,0.1623204633296485,11935.464453125,6031.844587044943
2481,0.309375,0.1632173404008273,0.690625,0.1632173404008273,11940.5677734375,6034.363915410237
2482,0.308984375,0.16401726962087473,0.691015625,0.16401726962087473,11945.67255859375,6036.877602429736
2483,0.31083984375,0.16481473405211364,0.68916015625,0.1648147340521136,11950.77099609375,6039.391357368367
2484,0.30859375,0.16353617211444002,0.69140625,0.16353617211444002,11955.8990234375,6041.922344914512
2485,0.31005859375,0.165158778002545,0.68994140625,0.165158778002545,11960.99140625,6044.433093282513
2486,0.308984375,0.16466199065659382,0.691015625,0.16466199065659382,11966.107421875,6046.948028891828
2487,0.308203125,0.16549101394275395,0.691796875,0.16549101394275395,11971.20537109375,6049.449821296236
2488,0.30654296875,0.16606125866386875,0.69345703125,0.16606125866386875,11976.29072265625,6051.949174011317
2489,0.30185546875,0.16289955315947208,0.69814453125,0.16289955315947208,11981.34892578125,6054.437745638745
2490,0.30126953125,0.16276824525443534,0.69873046875,0.16276824525443534,11986.329296875,6056.868573779459
2491,0.30283203125,0.16356733894114112,0.69716796875,0.16356733894114112,11991.3001953125,6059.303432924032
2492,0.30537109375,0.16442659213846922,0.69462890625,0.16442659213846922,11996.296875,6061.758814941078
2493,0.307421875,0.16487417798997844,0.692578125,0.16487417798997844,12001.33564453125,6064.220804491574
2494,0.30810546875,0.16547605907229793,0.69189453125,0.16547605907229793,12006.4083984375,6066.69625766808
2495,0.3123046875,0.16793399894878253,0.6876953125,0.16793399894878253,12011.49189453125,6069.174741777983
2496,0.3125,0.16875384291052548,0.6875,0.16875384291052548,12016.64482421875,6071.674997062298
2497,0.31162109375,0.16758703105886796,0.68837890625,0.16758703105886796,12021.801171875,6074.184094238664
2498,0.30966796875,0.1672948474827085,0.69033203125,0.1672948474827085,12026.94267578125,6076.6882348787085
2499,0.31640625,0.17258929166849493,0.68359375,0.17258929166849493,12032.0525390625,6079.184503009795
2500,0.3216796875,0.17611470108839047,0.6783203125,0.17611470108839047,12037.273046875,6081.740309158713
