t,fC_mean,fC_std,fD_mean,fD_std,avgR_mean,avgR_std
0,0.49326171875,0.02016288234208642,0.50673828125,0.02016288234208642,0.0,0.0
1,0.3685546875,0.021811256176481303,0.6314453125,0.021811256176481303,9.865234375,0.4032576468417284
2,0.2986328125,0.028534347449608866,0.7013671875,0.028534347449608866,17.236328125,0.814022105673667
3,0.256640625,0.03219932561132638,0.743359375,0.03219932561132638,23.208984375,1.3355162553158575
4,0.23525390625,0.03582919843607011,0.76474609375,0.03582919843607012,28.341796875,1.899948962680581
5,0.2275390625,0.03917951224412448,0.7724609375,0.03917951224412448,33.046875,2.570923891950737
6,0.22294921875,0.04053628478179929,0.77705078125,0.04053628478179929,37.59765625,3.321771278807579
7,0.2259765625,0.04323911743844303,0.7740234375,0.04323911743844304,42.056640625,4.087886892317933
8,0.23388671875,0.048769984917293216,0.76611328125,0.048769984917293216,46.576171875,4.895647583812848
9,0.24765625,0.047893795138754344,0.75234375,0.04789379513875434,51.25390625,5.782093213422881
10,0.253515625,0.0475340229457001,0.746484375,0.0475340229457001,56.20703125,6.647651383827106
11,0.26572265625,0.04947510819772664,0.73427734375,0.04947510819772664,61.27734375,7.471627036415098
12,0.27255859375,0.05479803630902475,0.72744140625,0.05479803630902475,66.591796875,8.370922633356647
13,0.2865234375,0.05944883874989433,0.7134765625,0.05944883874989433,72.04296875,9.355078116844648
14,0.30048828125,0.06300008973614796,0.69951171875,0.06300008973614796,77.7734375,10.425619525019544
15,0.31240234375,0.06231578381302322,0.68759765625,0.06231578381302322,83.783203125,11.594681941412182
16,0.3208984375,0.05975285811351935,0.6791015625,0.05975285811351935,90.03125,12.771672995481666
17,0.3328125,0.06593033738126197,0.6671875,0.06593033738126199,96.44921875,13.932517764909946
18,0.3439453125,0.06912627852569889,0.6560546875,0.06912627852569889,103.10546875,15.229245931451269
19,0.35625,0.07414907296772263,0.64375,0.07414907296772265,109.984375,16.595899309810456
20,0.37041015625,0.07640819960527107,0.62958984375,0.07640819960527107,117.109375,18.056545028309678
21,0.38486328125,0.0768020929250052,0.61513671875,0.0768020929250052,124.517578125,19.554995428839245
22,0.40029296875,0.07629003505604477,0.59970703125,0.07629003505604477,132.21484375,21.06019321566756
23,0.41435546875,0.07977631051790143,0.58564453125,0.07977631051790146,140.220703125,22.519292486402293
24,0.4298828125,0.07510495789032193,0.5701171875,0.07510495789032193,148.5078125,24.021665648581212
25,0.44072265625,0.07555975250979069,0.55927734375,0.07555975250979069,157.10546875,25.442091468873915
26,0.45654296875,0.0764171856190384,0.54345703125,0.0764171856190384,165.919921875,26.85433016052274
27,0.47158203125,0.0782328966845612,0.52841796875,0.0782328966845612,175.05078125,28.30524006240248
28,0.47841796875,0.07636125546413948,0.52158203125,0.07636125546413948,184.482421875,29.78411018911057
29,0.4873046875,0.07768921426859636,0.5126953125,0.07768921426859636,194.05078125,31.237634516407674
30,0.49970703125,0.07760698624850211,0.50029296875,0.07760698624850211,203.796875,32.71422947184487
31,0.51435546875,0.0707735669679865,0.48564453125,0.0707735669679865,213.791015625,34.228354248014725
32,0.5267578125,0.06877413239453548,0.4732421875,0.06877413239453548,224.078125,35.59487101436521
33,0.53544921875,0.07101033106041381,0.46455078125,0.07101033106041381,234.61328125,36.88861432669109
34,0.54169921875,0.07067108271254018,0.45830078125,0.07067108271254018,245.322265625,38.19366100702294
35,0.55166015625,0.0694052937668046,0.44833984375,0.0694052937668046,256.15625,39.47163454269002
36,0.56015625,0.07366181872311908,0.43984375,0.07366181872311908,267.189453125,40.674327259092266
37,0.57060546875,0.06819602413726099,0.42939453125,0.06819602413726099,278.392578125,41.970464084868865
38,0.57607421875,0.07028326486402214,0.42392578125,0.07028326486402214,289.8046875,43.12789243866632
39,0.5859375,0.0750798118632037,0.4140625,0.0750798118632037,301.326171875,44.31456968050144
40,0.59296875,0.07688443753998493,0.40703125,0.07688443753998493,313.044921875,45.55611241990143
41,0.60400390625,0.0790994526146083,0.39599609375,0.0790994526146083,324.904296875,46.780831884886794
42,0.61767578125,0.07196841596226893,0.38232421875,0.07196841596226893,336.984375,48.02795152624789
43,0.6205078125,0.07182509306739968,0.3794921875,0.07182509306739968,349.337890625,49.13904481418258
44,0.62421875,0.07478428654577214,0.37578125,0.07478428654577214,361.748046875,50.28911487813073
45,0.63564453125,0.0757468233858804,0.36435546875,0.0757468233858804,374.232421875,51.495767993557855
46,0.64501953125,0.07349338434249887,0.35498046875,0.07349338434249887,386.9453125,52.74660245973121
47,0.65654296875,0.06731633099463384,0.34345703125,0.06731633099463384,399.845703125,53.946283007709624
48,0.665234375,0.0640118654696021,0.334765625,0.0640118654696021,412.9765625,55.11385781269577
49,0.6720703125,0.05777883838430003,0.3279296875,0.05777883838430003,426.28125,56.2505453803856
50,0.67080078125,0.054683052972092125,0.32919921875,0.054683052972092125,439.72265625,57.28919340956508
51,0.6765625,0.05113272297547549,0.3234375,0.051132722975475484,453.138671875,58.30835054113921
52,0.678515625,0.048757370611681304,0.321484375,0.0487573706116813,466.669921875,59.26435662020376
53,0.68466796875,0.04632129432279778,0.31533203125,0.04632129432279778,480.240234375,60.13508026576964
54,0.6841796875,0.04443348643530997,0.3158203125,0.04443348643530997,493.93359375,60.87343086241269
55,0.6896484375,0.044501257717918075,0.3103515625,0.044501257717918075,507.6171875,61.58473384987042
56,0.69296875,0.0462239124853059,0.30703125,0.0462239124853059,521.41015625,62.28859375313561
57,0.70078125,0.04396093472320944,0.29921875,0.04396093472320944,535.26953125,62.99460348600803
58,0.713671875,0.04735834784229241,0.286328125,0.04735834784229241,549.28515625,63.66140706704384
59,0.7134765625,0.0399847192186727,0.2865234375,0.0399847192186727,563.55859375,64.38967568230683
60,0.72041015625,0.03503682515327679,0.27958984375,0.03503682515327679,577.828125,65.01519586026811
61,0.72880859375,0.03354616565425234,0.27119140625,0.033546165654252336,592.236328125,65.52647415243592
62,0.72548828125,0.0374685791622591,0.27451171875,0.0374685791622591,606.8125,65.98421254771472
63,0.7244140625,0.03848399753671973,0.2755859375,0.03848399753671973,621.322265625,66.54674708257143
64,0.72734375,0.033536925049814495,0.27265625,0.033536925049814495,635.810546875,67.05124279011156
65,0.72333984375,0.033363725793929835,0.27666015625,0.033363725793929835,650.357421875,67.47273215079424
66,0.72666015625,0.03566646371468768,0.27333984375,0.03566646371468768,664.82421875,67.98046998452133
67,0.72998046875,0.035499759512073306,0.27001953125,0.035499759512073306,679.357421875,68.55999381284563
68,0.73564453125,0.035267429452686155,0.26435546875,0.03526742945268616,693.95703125,69.04386226437391
69,0.73759765625,0.03384053273640634,0.26240234375,0.03384053273640634,708.669921875,69.48295013634394
70,0.73798828125,0.03818858862790823,0.26201171875,0.03818858862790823,723.421875,69.89429274413702
71,0.73447265625,0.03516831932583787,0.26552734375,0.03516831932583787,738.181640625,70.25377074741068
72,0.7306640625,0.034396078409623054,0.2693359375,0.03439607840962306,752.87109375,70.6357348900472
73,0.73212890625,0.0352944603136669,0.26787109375,0.0352944603136669,767.484375,71.04063456243337
74,0.73583984375,0.027784018345355287,0.26416015625,0.027784018345355287,782.126953125,71.42549362145566
75,0.7353515625,0.028148048281724836,0.2646484375,0.028148048281724836,796.84375,71.67084531208644
76,0.7353515625,0.028959647681690747,0.2646484375,0.028959647681690747,811.55078125,71.97604310636977
77,0.7349609375,0.026627047034717584,0.2650390625,0.026627047034717584,826.2578125,72.24848624890897
78,0.7365234375,0.03444594950788844,0.2634765625,0.03444594950788844,840.95703125,72.4469157592464
79,0.73671875,0.031323765477531684,0.26328125,0.031323765477531684,855.6875,72.72574475937434
80,0.73984375,0.027480128651502435,0.26015625,0.027480128651502435,870.421875,72.96251405784756
81,0.74560546875,0.0328834855764596,0.25439453125,0.0328834855764596,885.21875,73.16203311971286
82,0.7529296875,0.029430035918431297,0.2470703125,0.029430035918431297,900.130859375,73.27220637430831
83,0.75595703125,0.02250526366653355,0.24404296875,0.02250526366653355,915.189453125,73.36009574430452
84,0.76142578125,0.021167090744616285,0.23857421875,0.02116709074461628,930.30859375,73.41148028491232
85,0.76298828125,0.023680583497668276,0.23701171875,0.023680583497668276,945.537109375,73.40138077125796
86,0.761328125,0.022757049474421108,0.238671875,0.022757049474421108,960.796875,73.45003882316877
87,0.7603515625,0.02598170179424358,0.2396484375,0.025981701794243577,976.0234375,73.5542830785815
88,0.7626953125,0.030178783477270398,0.2373046875,0.030178783477270398,991.23046875,73.66959614632283
89,0.76416015625,0.02396162812065121,0.23583984375,0.02396162812065121,1006.484375,73.83564518164414
90,0.76298828125,0.028239546740733465,0.23701171875,0.028239546740733475,1021.767578125,73.85946613303724
91,0.76552734375,0.029193992529784305,0.23447265625,0.029193992529784305,1037.02734375,73.88699382879008
92,0.77021484375,0.028391108977455008,0.22978515625,0.028391108977455008,1052.337890625,73.9232444918538
93,0.766796875,0.030420509687840023,0.233203125,0.030420509687840023,1067.7421875,73.92732113240986
94,0.7708984375,0.027504410823467818,0.2291015625,0.027504410823467818,1083.078125,73.90275514497128
95,0.77373046875,0.02914036973120432,0.22626953125,0.02914036973120432,1098.49609375,73.88370613654071
96,0.77255859375,0.025820615365564882,0.22744140625,0.025820615365564886,1113.970703125,73.82462171851003
97,0.77216796875,0.022960851440060732,0.22783203125,0.022960851440060735,1129.421875,73.70816104998885
98,0.7759765625,0.02713438260285797,0.2240234375,0.02713438260285797,1144.865234375,73.64234409150917
99,0.775,0.02593026301523111,0.225,0.02593026301523111,1160.384765625,73.53917913651546
100,0.780078125,0.028204910348615494,0.219921875,0.028204910348615497,1175.884765625,73.3364268979772
101,0.7802734375,0.023539005455456934,0.2197265625,0.023539005455456934,1191.486328125,73.2135868376761
102,0.7828125,0.029170299485440882,0.2171875,0.029170299485440882,1207.091796875,73.10184442095398
103,0.78720703125,0.025444841454900814,0.21279296875,0.025444841454900814,1222.748046875,73.05329655618445
104,0.78037109375,0.027777839236721294,0.21962890625,0.02777783923672129,1238.4921875,73.11583987515574
105,0.7826171875,0.02720458447585455,0.2173828125,0.02720458447585455,1254.099609375,73.15968971036472
106,0.77890625,0.02801628293287673,0.22109375,0.02801628293287673,1269.751953125,73.18729872964992
107,0.77998046875,0.029209015392515292,0.22001953125,0.029209015392515292,1285.330078125,73.29918222530645
108,0.7798828125,0.03566846905964137,0.2201171875,0.03566846905964137,1300.9296875,73.29306108175845
109,0.77958984375,0.037627575352125506,0.22041015625,0.037627575352125506,1316.52734375,73.14998404658489
110,0.77392578125,0.036312501890934226,0.22607421875,0.036312501890934226,1332.119140625,73.18136497994807
111,0.7791015625,0.03461442277664263,0.2208984375,0.03461442277664263,1347.59765625,73.09236447055522
112,0.7875,0.03662096354143518,0.2125,0.03662096354143519,1363.1796875,73.00510994780578
113,0.78251953125,0.03806101448154342,0.21748046875,0.03806101448154342,1378.9296875,72.84650556342929
114,0.7837890625,0.03882299623446256,0.2162109375,0.03882299623446255,1394.580078125,72.74895759700902
115,0.784765625,0.03725096344181919,0.215234375,0.03725096344181919,1410.255859375,72.72781802081377
116,0.7853515625,0.03690786158235168,0.2146484375,0.03690786158235168,1425.951171875,72.65564308487274
117,0.791015625,0.0361723812059612,0.208984375,0.0361723812059612,1441.658203125,72.56536993615444
118,0.78857421875,0.03264188459640287,0.21142578125,0.03264188459640287,1457.478515625,72.47634946547764
119,0.78671875,0.031656896857593986,0.21328125,0.03165689685759398,1473.25,72.4112042941161
120,0.784765625,0.031217023616555158,0.215234375,0.031217023616555158,1488.984375,72.3209094908586
121,0.788671875,0.029896851277493985,0.211328125,0.029896851277493988,1504.6796875,72.22568269052432
122,0.79013671875,0.028679863339235535,0.20986328125,0.028679863339235535,1520.453125,72.01728962890206
123,0.79150390625,0.03081128199647982,0.20849609375,0.03081128199647982,1536.255859375,71.85030361315795
124,0.794140625,0.02825895832450194,0.205859375,0.02825895832450194,1552.0859375,71.71768077310945
125,0.78955078125,0.023003177920844064,0.21044921875,0.023003177920844064,1567.96875,71.62763990826534
126,0.787890625,0.019240016181288674,0.212109375,0.019240016181288674,1583.759765625,71.59842829444386
127,0.78505859375,0.02000618838890954,0.21494140625,0.020006188388909545,1599.517578125,71.58227801479465
128,0.7859375,0.018403993322505953,0.2140625,0.018403993322505956,1615.21875,71.61770289133575
129,0.7884765625,0.016562453935667073,0.2115234375,0.016562453935667073,1630.9375,71.70514385334776
130,0.78515625,0.017948570530324448,0.21484375,0.017948570530324448,1646.70703125,71.68982025622006
131,0.78271484375,0.020237476008155366,0.21728515625,0.020237476008155366,1662.41015625,71.64469524373304
132,0.7859375,0.016015625,0.2140625,0.016015625,1678.064453125,71.65166156915929
133,0.7861328125,0.01787402853293274,0.2138671875,0.01787402853293274,1693.783203125,71.59394514705815
134,0.7900390625,0.018976496564829873,0.2099609375,0.018976496564829873,1709.505859375,71.5879442316083
135,0.7880859375,0.020330333217398792,0.2119140625,0.020330333217398792,1725.306640625,71.6028315671513
136,0.7859375,0.019368462228622138,0.2140625,0.01936846222862214,1741.068359375,71.69987105673205
137,0.7888671875,0.01648511550469468,0.2111328125,0.01648511550469468,1756.787109375,71.8347767937852
138,0.7896484375,0.017644190087608334,0.2103515625,0.017644190087608334,1772.564453125,71.93888499685733
139,0.79453125,0.017907078269456398,0.20546875,0.017907078269456395,1788.357421875,72.01268521460388
140,0.7931640625,0.01763121323607032,0.2068359375,0.01763121323607032,1804.248046875,72.02077939273609
141,0.7947265625,0.022616647769898534,0.2052734375,0.022616647769898534,1820.111328125,72.00923852459381
142,0.79697265625,0.019991882584256424,0.20302734375,0.019991882584256424,1836.005859375,71.96781077333188
143,0.799609375,0.024735385471700125,0.200390625,0.024735385471700125,1851.9453125,71.92051951083907
144,0.7958984375,0.024166715775363178,0.2041015625,0.024166715775363178,1867.9375,71.86113423489356
145,0.79716796875,0.024241774904340138,0.20283203125,0.024241774904340138,1883.85546875,71.87980951554623
146,0.79892578125,0.020205406160489613,0.20107421875,0.020205406160489617,1899.798828125,71.80886162288373
147,0.80224609375,0.020105095349408048,0.19775390625,0.020105095349408048,1915.77734375,71.68278039563633
148,0.80400390625,0.021744913492984578,0.19599609375,0.02174491349298458,1931.822265625,71.53804873733121
149,0.80517578125,0.021920511041517463,0.19482421875,0.021920511041517463,1947.90234375,71.36476460036033
150,0.80576171875,0.0200395288840708,0.19423828125,0.020039528884070797,1964.005859375,71.225212443374
151,0.801953125,0.016885214645742955,0.198046875,0.016885214645742958,1980.12109375,71.12259931485056
152,0.799609375,0.01594400908746762,0.200390625,0.01594400908746762,1996.16015625,71.23351710213552
153,0.80224609375,0.02032212249544143,0.19775390625,0.02032212249544143,2012.15234375,71.296616038183
154,0.7970703125,0.01584199902491692,0.2029296875,0.01584199902491692,2028.197265625,71.37963854787199
155,0.797265625,0.02098223561553395,0.202734375,0.02098223561553395,2044.138671875,71.46499985570713
156,0.802734375,0.020023103720881723,0.197265625,0.020023103720881723,2060.083984375,71.56165885597534
157,0.8041015625,0.01798678612475437,0.1958984375,0.01798678612475437,2076.138671875,71.6459900622379
158,0.80234375,0.016533638621147116,0.19765625,0.016533638621147116,2092.220703125,71.68530560089019
159,0.80322265625,0.018002950214636045,0.19677734375,0.018002950214636045,2108.267578125,71.72822035550186
160,0.80341796875,0.015783195753347187,0.19658203125,0.015783195753347183,2124.33203125,71.8535107141824
161,0.80322265625,0.01986650738918964,0.19677734375,0.01986650738918964,2140.400390625,71.99877104770019
162,0.8037109375,0.024241578202945684,0.1962890625,0.024241578202945684,2156.46484375,72.13531959793409
163,0.803515625,0.026246831793555938,0.196484375,0.026246831793555938,2172.5390625,72.34680142980768
164,0.803515625,0.02566260579008882,0.196484375,0.025662605790088815,2188.609375,72.5211733713555
165,0.7970703125,0.02454185305288766,0.2029296875,0.02454185305288766,2204.6796875,72.7313283968545
166,0.79609375,0.024846943584045707,0.20390625,0.024846943584045704,2220.62109375,72.86972838190853
167,0.7962890625,0.02624465161287629,0.2037109375,0.026244651612876292,2236.54296875,72.94417496368584
168,0.79677734375,0.027029619994658895,0.20322265625,0.027029619994658895,2252.46875,73.02132125306926
169,0.7970703125,0.027737813387213966,0.2029296875,0.027737813387213966,2268.404296875,73.1342882566374
170,0.8,0.0296360574037354,0.2,0.029636057403735407,2284.345703125,73.23161186668649
171,0.7984375,0.028858041514603756,0.2015625,0.028858041514603753,2300.345703125,73.33274612480649
172,0.79462890625,0.028458210875516254,0.20537109375,0.028458210875516258,2316.314453125,73.4749717657834
173,0.79541015625,0.027320197725041295,0.20458984375,0.027320197725041295,2332.20703125,73.60693552262076
174,0.798046875,0.024074989149303113,0.201953125,0.02407498914930311,2348.115234375,73.7125238147818
175,0.80009765625,0.024336008038120086,0.19990234375,0.024336008038120083,2364.076171875,73.86021440616892
176,0.80224609375,0.025985555597897947,0.19775390625,0.025985555597897947,2380.078125,73.84852871988579
177,0.797265625,0.027137897009561415,0.202734375,0.02713789700956142,2396.123046875,73.832309761731
178,0.7908203125,0.03247653994767078,0.2091796875,0.03247653994767079,2412.068359375,73.81380816147527
179,0.7939453125,0.028774642334943215,0.2060546875,0.028774642334943215,2427.884765625,73.81910341394774
180,0.79375,0.027301166618488464,0.20625,0.027301166618488464,2443.763671875,73.88087569105551
181,0.79482421875,0.03295938223139498,0.20517578125,0.03295938223139498,2459.638671875,73.9559354008315
182,0.7923828125,0.027628953469580036,0.2076171875,0.027628953469580036,2475.53515625,74.01550512000135
183,0.791796875,0.025692318206883356,0.208203125,0.025692318206883356,2491.3828125,74.07752898756357
184,0.79287109375,0.027001379189763884,0.20712890625,0.027001379189763884,2507.21875,74.13309726586021
185,0.78720703125,0.02808173348447642,0.21279296875,0.02808173348447642,2523.076171875,74.13284566442147
186,0.78896484375,0.03251366548073539,0.21103515625,0.03251366548073539,2538.8203125,74.15064473916848
187,0.793359375,0.032836904986639076,0.206640625,0.03283690498663908,2554.599609375,74.18940839104549
188,0.78720703125,0.03170882046125251,0.21279296875,0.0317088204612525,2570.466796875,74.30745544508237
189,0.79189453125,0.03068473750653127,0.20810546875,0.03068473750653127,2586.2109375,74.37220617865174
190,0.796875,0.030998745800611637,0.203125,0.030998745800611637,2602.048828125,74.45059514265785
191,0.79697265625,0.03223972860785289,0.20302734375,0.03223972860785289,2617.986328125,74.58705411470552
192,0.7974609375,0.02890097080170924,0.2025390625,0.02890097080170924,2633.92578125,74.7682377947653
193,0.7970703125,0.0301655082128942,0.2029296875,0.030165508212894203,2649.875,74.92310775999628
194,0.7931640625,0.03297775073374519,0.2068359375,0.03297775073374519,2665.81640625,75.1131876007009
195,0.79853515625,0.028327214945479247,0.20146484375,0.028327214945479247,2681.6796875,75.30145258623288
196,0.79521484375,0.029061719002022902,0.20478515625,0.029061719002022902,2697.650390625,75.51890097485173
197,0.7900390625,0.03176155997262306,0.2099609375,0.03176155997262306,2713.5546875,75.72875870109836
198,0.79833984375,0.0334470874196895,0.20166015625,0.0334470874196895,2729.35546875,76.05403194135162
199,0.79501953125,0.03618938244813718,0.20498046875,0.03618938244813717,2745.322265625,76.42736013035751
200,0.79775390625,0.04226936591722125,0.20224609375,0.042269365917221254,2761.22265625,76.82411814914983
201,0.79814453125,0.03807604539003421,0.20185546875,0.03807604539003421,2777.177734375,77.30843390070035
202,0.7958984375,0.04067239197832211,0.2041015625,0.04067239197832211,2793.140625,77.70453445380531
203,0.79755859375,0.03984817779471942,0.20244140625,0.03984817779471942,2809.05859375,78.22048890958114
204,0.7966796875,0.03997183762018423,0.2033203125,0.03997183762018423,2825.009765625,78.7092098377779
205,0.79287109375,0.04043829637359409,0.20712890625,0.04043829637359409,2840.943359375,79.17107866006064
206,0.7912109375,0.044230412000151265,0.2087890625,0.044230412000151265,2856.80078125,79.65600480542882
207,0.7935546875,0.043797929939578054,0.2064453125,0.043797929939578054,2872.625,80.22923347617628
208,0.79111328125,0.04372874152182987,0.20888671875,0.043728741521829866,2888.49609375,80.82763709483879
209,0.7921875,0.04504229782937367,0.2078125,0.04504229782937367,2904.318359375,81.46598885572112
210,0.7923828125,0.04511295975862805,0.2076171875,0.04511295975862805,2920.162109375,82.11630451495978
211,0.79482421875,0.04185900482321622,0.20517578125,0.04185900482321622,2936.009765625,82.74390448855424
212,0.798046875,0.03944345487926356,0.201953125,0.03944345487926356,2951.90625,83.3632588276351
213,0.7953125,0.03988920125127656,0.2046875,0.03988920125127656,2967.8671875,83.90552203041982
214,0.79443359375,0.03780003365812872,0.20556640625,0.03780003365812872,2983.7734375,84.40117360243725
215,0.79443359375,0.04030080699633277,0.20556640625,0.04030080699633277,2999.662109375,84.87090059023936
216,0.792578125,0.039637371454478564,0.207421875,0.039637371454478564,3015.55078125,85.31364548581371
217,0.7908203125,0.03878023014372143,0.2091796875,0.03878023014372143,3031.40234375,85.85078357478908
218,0.79140625,0.034821540357249596,0.20859375,0.034821540357249596,3047.21875,86.3545143135782
219,0.79365234375,0.03709665180737182,0.20634765625,0.03709665180737182,3063.046875,86.84443796605312
220,0.79853515625,0.03725313949155882,0.20146484375,0.03725313949155881,3078.919921875,87.37082272477888
221,0.8025390625,0.03520721132796785,0.1974609375,0.03520721132796785,3094.890625,87.83167259002266
222,0.7998046875,0.031240843385064946,0.2001953125,0.031240843385064946,3110.94140625,88.29445498931601
223,0.80126953125,0.030286822897678648,0.19873046875,0.030286822897678648,3126.9375,88.73166082321625
224,0.80419921875,0.033390012872035954,0.19580078125,0.033390012872035954,3142.962890625,89.08924139811634
225,0.8013671875,0.03581788432337041,0.1986328125,0.03581788432337041,3159.046875,89.59485769501855
226,0.80185546875,0.037506738693036154,0.19814453125,0.037506738693036154,3175.07421875,90.1077497801081
227,0.81015625,0.03556940391849697,0.18984375,0.03556940391849697,3191.111328125,90.64983683180603
228,0.816015625,0.033566486029595055,0.183984375,0.033566486029595055,3207.314453125,91.18451389289223
229,0.81953125,0.031212746349335695,0.18046875,0.031212746349335695,3223.634765625,91.66525864184435
230,0.8205078125,0.028086317799928737,0.1794921875,0.028086317799928737,3240.025390625,92.0806683898384
231,0.81875,0.02672000636666045,0.18125,0.026720006366660453,3256.435546875,92.44513838484116
232,0.82197265625,0.02958855453049543,0.17802734375,0.02958855453049543,3272.810546875,92.76079619878155
233,0.81904296875,0.031836686388814504,0.18095703125,0.031836686388814504,3289.25,93.19524307881562
234,0.81708984375,0.033059345174167115,0.18291015625,0.033059345174167115,3305.630859375,93.60126631524089
235,0.81484375,0.027958355042799258,0.18515625,0.02795835504279926,3321.97265625,94.05063653190054
236,0.8193359375,0.024355398268242043,0.1806640625,0.024355398268242043,3338.26953125,94.4299157440414
237,0.823828125,0.026251918177683943,0.176171875,0.026251918177683943,3354.65625,94.73852260192218
238,0.82158203125,0.025536875969894162,0.17841796875,0.025536875969894162,3371.1328125,95.05141182161486
239,0.81884765625,0.026915770367165935,0.18115234375,0.026915770367165935,3387.564453125,95.34417460449255
240,0.8232421875,0.028015602124572367,0.1767578125,0.028015602124572367,3403.94140625,95.6773505630596
241,0.825390625,0.02898203220821426,0.174609375,0.02898203220821426,3420.40625,96.00448478713463
242,0.82578125,0.032028272536919915,0.17421875,0.03202827253691992,3436.9140625,96.32830201664088
243,0.821875,0.0280435017121837,0.178125,0.0280435017121837,3453.4296875,96.73957709421303
244,0.82265625,0.028408402868088607,0.17734375,0.028408402868088607,3469.8671875,97.09879792998593
245,0.81962890625,0.027375295698406535,0.18037109375,0.02737529569840653,3486.3203125,97.4337172345918
246,0.82060546875,0.03180371859898828,0.17939453125,0.03180371859898828,3502.712890625,97.75996775428378
247,0.8166015625,0.031592362883743355,0.1833984375,0.03159236288374336,3519.125,98.13572986033031
248,0.8171875,0.03407013693774992,0.1828125,0.03407013693774992,3535.45703125,98.4963959165254
249,0.8189453125,0.0350780380010057,0.1810546875,0.0350780380010057,3551.80078125,98.91877512517846
250,0.8193359375,0.03551251773692799,0.1806640625,0.03551251773692799,3568.1796875,99.30179142099576
251,0.81787109375,0.03404059309338505,0.18212890625,0.03404059309338505,3584.56640625,99.67759987392341
252,0.8197265625,0.03409364169179634,0.1802734375,0.03409364169179634,3600.923828125,100.00637570083545
253,0.8169921875,0.03650097487728495,0.1830078125,0.03650097487728495,3617.318359375,100.38277117336223
254,0.8166015625,0.03236770700916656,0.1833984375,0.03236770700916656,3633.658203125,100.79821314741724
255,0.81005859375,0.03250721191203492,0.18994140625,0.03250721191203492,3649.990234375,101.15698688793739
256,0.80869140625,0.03353024179555173,0.19130859375,0.03353024179555173,3666.19140625,101.38723233290744
257,0.8044921875,0.03508510596598693,0.1955078125,0.03508510596598692,3682.365234375,101.68218813329815
258,0.80283203125,0.03139143409274916,0.19716796875,0.03139143409274916,3698.455078125,101.99521156365765
259,0.804296875,0.02824343012480679,0.195703125,0.02824343012480679,3714.51171875,102.19417519888341
260,0.8015625,0.03253521698465036,0.1984375,0.03253521698465037,3730.59765625,102.4053600785972
261,0.80390625,0.0379951843422706,0.19609375,0.0379951843422706,3746.62890625,102.58213909165727
262,0.80244140625,0.033160157170308624,0.19755859375,0.03316015717030862,3762.70703125,102.6773937450659
263,0.8001953125,0.03928209758806127,0.1998046875,0.03928209758806127,3778.755859375,102.84749855853235
264,0.80244140625,0.034213292631668696,0.19755859375,0.03421329263166869,3794.759765625,102.95572268053932
265,0.805078125,0.030081295490369198,0.194921875,0.030081295490369198,3810.80859375,103.21000772492984
266,0.8044921875,0.02946501231432958,0.1955078125,0.02946501231432958,3826.91015625,103.39641750482475
267,0.80673828125,0.02887208311202257,0.19326171875,0.02887208311202257,3843.0,103.58859795234426
268,0.80380859375,0.031479413041455684,0.19619140625,0.031479413041455684,3859.134765625,103.83604009007728
269,0.8044921875,0.028048942298462876,0.1955078125,0.02804894229846288,3875.2109375,104.14188829644496
270,0.81015625,0.02979139919205395,0.18984375,0.02979139919205395,3891.30078125,104.38114361070917
271,0.81083984375,0.0314903174157134,0.18916015625,0.0314903174157134,3907.50390625,104.61719479267767
272,0.81142578125,0.02839245256956572,0.18857421875,0.028392452569565723,3923.720703125,104.7983836049358
273,0.80908203125,0.0336687537072029,0.19091796875,0.0336687537072029,3939.94921875,104.93135159118522
274,0.80517578125,0.035254447277704486,0.19482421875,0.035254447277704486,3956.130859375,105.2050433882682
275,0.802734375,0.03817097877452802,0.197265625,0.03817097877452802,3972.234375,105.51576107947874
276,0.80546875,0.0405333438705966,0.19453125,0.0405333438705966,3988.2890625,105.87810431639213
277,0.8052734375,0.03939603697698777,0.1947265625,0.03939603697698777,4004.3984375,106.20573698880837
278,0.80791015625,0.03575085810985269,0.19208984375,0.03575085810985269,4020.50390625,106.47725538492547
279,0.80927734375,0.034104409290181624,0.19072265625,0.034104409290181624,4036.662109375,106.72586681937021
280,0.8091796875,0.03368277176494731,0.1908203125,0.0336827717649473,4052.84765625,107.03885187705082
281,0.80703125,0.03173813100925979,0.19296875,0.03173813100925978,4069.03125,107.41608088067026
282,0.808203125,0.03360340068501485,0.191796875,0.03360340068501485,4085.171875,107.64104481190361
283,0.804296875,0.03343553769066773,0.195703125,0.03343553769066773,4101.3359375,107.93409102489859
284,0.808984375,0.027313040791270844,0.191015625,0.027313040791270844,4117.421875,108.13706170869557
285,0.8068359375,0.02704848958027451,0.1931640625,0.02704848958027451,4133.6015625,108.4185972244665
286,0.80859375,0.032134693865115437,0.19140625,0.032134693865115437,4149.73828125,108.70774886964885
287,0.808203125,0.026833975774368118,0.191796875,0.026833975774368118,4165.91015625,109.13508396814645
288,0.81123046875,0.03025153567617025,0.18876953125,0.03025153567617025,4182.07421875,109.4470635924231
289,0.81162109375,0.025154589485666085,0.18837890625,0.025154589485666085,4198.298828125,109.81732005622918
290,0.81298828125,0.030100469835232766,0.18701171875,0.030100469835232766,4214.53125,110.02903399068289
291,0.81318359375,0.030140996840711122,0.18681640625,0.03014099684071112,4230.791015625,110.26869615772846
292,0.81494140625,0.028169215732175085,0.18505859375,0.028169215732175085,4247.0546875,110.62055565478788
293,0.81259765625,0.023045426662647767,0.18740234375,0.023045426662647767,4263.353515625,110.93346130756491
294,0.80859375,0.02781060715995731,0.19140625,0.02781060715995731,4279.60546875,111.18846907898286
295,0.8103515625,0.03010538030551755,0.1896484375,0.030105380305517546,4295.77734375,111.47973770302369
296,0.81083984375,0.03386307036861896,0.18916015625,0.03386307036861895,4311.984375,111.72259240005081
297,0.80966796875,0.033892346884926164,0.19033203125,0.033892346884926164,4328.201171875,111.94130151237053
298,0.81318359375,0.025696957668620065,0.18681640625,0.025696957668620065,4344.39453125,112.14602583069603
299,0.811328125,0.02779963163502295,0.188671875,0.02779963163502295,4360.658203125,112.28232014010996
300,0.81298828125,0.0286492547968536,0.18701171875,0.0286492547968536,4376.884765625,112.27882693081197
301,0.81064453125,0.031129068989567077,0.18935546875,0.031129068989567073,4393.14453125,112.22659071255737
302,0.81064453125,0.030021793079234672,0.18935546875,0.030021793079234672,4409.357421875,112.23459444764086
303,0.81103515625,0.03011947365877175,0.18896484375,0.03011947365877175,4425.5703125,112.18307029033224
304,0.8072265625,0.031229241151998675,0.1927734375,0.031229241151998675,4441.791015625,112.16998376990901
305,0.8044921875,0.028504251798731162,0.1955078125,0.02850425179873116,4457.935546875,112.18009972777196
306,0.80849609375,0.02485711272164258,0.19150390625,0.02485711272164258,4474.025390625,112.23909274932967
307,0.8138671875,0.025395131811561097,0.1861328125,0.025395131811561097,4490.1953125,112.28056534415876
308,0.8107421875,0.02733258700708735,0.1892578125,0.027332587007087343,4506.47265625,112.33623137164687
309,0.80908203125,0.02517278092575655,0.19091796875,0.02517278092575655,4522.6875,112.46949869994701
310,0.8029296875,0.02375597426915096,0.1970703125,0.02375597426915096,4538.869140625,112.61357502457541
311,0.80654296875,0.02355702757084673,0.19345703125,0.02355702757084673,4554.927734375,112.79598211951483
312,0.80810546875,0.02494443440407615,0.19189453125,0.02494443440407615,4571.05859375,113.01375536622761
313,0.8142578125,0.023375569219339348,0.1857421875,0.023375569219339344,4587.220703125,113.20879520513455
314,0.8109375,0.02429345208003267,0.1890625,0.02429345208003267,4603.505859375,113.32894680472597
315,0.8091796875,0.027396712101717152,0.1908203125,0.02739671210171715,4619.724609375,113.45172230071815
316,0.808984375,0.025967015397844146,0.191015625,0.025967015397844146,4635.908203125,113.60510121631592
317,0.80693359375,0.030308227237924427,0.19306640625,0.030308227237924423,4652.087890625,113.74543784917373
318,0.80830078125,0.02835749848517873,0.19169921875,0.02835749848517873,4668.2265625,113.88233637705318
319,0.8072265625,0.028398330037623362,0.1927734375,0.02839833003762336,4684.392578125,113.91530007410286
320,0.81142578125,0.029618836353222003,0.18857421875,0.029618836353222003,4700.537109375,114.00698237200884
321,0.81298828125,0.028944001161675458,0.18701171875,0.028944001161675458,4716.765625,114.12416469105334
322,0.812109375,0.029679146645506315,0.187890625,0.029679146645506315,4733.025390625,114.25086398810114
323,0.81357421875,0.027494873956286296,0.18642578125,0.027494873956286293,4749.267578125,114.38729717247912
324,0.816015625,0.026737846109041417,0.183984375,0.026737846109041417,4765.5390625,114.54726197439238
325,0.817578125,0.02725221845363293,0.182421875,0.02725221845363293,4781.859375,114.73918789059373
326,0.82236328125,0.029644583751930055,0.17763671875,0.029644583751930055,4798.2109375,115.01248704868539
327,0.8232421875,0.030399184406783946,0.1767578125,0.030399184406783946,4814.658203125,115.26584026517723
328,0.82158203125,0.030099836167811634,0.17841796875,0.030099836167811637,4831.123046875,115.50609689779472
329,0.8185546875,0.02806933510509623,0.1814453125,0.02806933510509623,4847.5546875,115.7730908688886
330,0.8205078125,0.026075498856685368,0.1794921875,0.02607549885668537,4863.92578125,116.03739208153544
331,0.8208984375,0.026320850487971625,0.1791015625,0.026320850487971628,4880.3359375,116.31171077109991
332,0.8173828125,0.026021313661082478,0.1826171875,0.026021313661082478,4896.75390625,116.54815202620185
333,0.81884765625,0.025675423486591614,0.18115234375,0.025675423486591614,4913.1015625,116.81501929769351
334,0.8185546875,0.02666856123234107,0.1814453125,0.02666856123234107,4929.478515625,117.10394353505428
335,0.81748046875,0.027491405184326047,0.18251953125,0.027491405184326047,4945.849609375,117.42899701416255
336,0.81689453125,0.024274012366965657,0.18310546875,0.024274012366965657,4962.19921875,117.84324093559249
337,0.81396484375,0.027746235635108148,0.18603515625,0.027746235635108148,4978.537109375,118.18959578537529
338,0.8134765625,0.028946472227104485,0.1865234375,0.028946472227104485,4994.81640625,118.60203511645426
339,0.81162109375,0.03384729560180051,0.18837890625,0.03384729560180051,5011.0859375,119.0867364039905
340,0.8126953125,0.0364868633720476,0.1873046875,0.0364868633720476,5027.318359375,119.59326383892093
341,0.8123046875,0.03879498239695035,0.1876953125,0.038794982396950346,5043.572265625,120.07543940720862
342,0.81103515625,0.03939131625763208,0.18896484375,0.03939131625763208,5059.818359375,120.58689794080686
343,0.81044921875,0.03618938244813717,0.18955078125,0.03618938244813717,5076.0390625,120.96699887276769
344,0.8125,0.03353465004896055,0.1875,0.03353465004896055,5092.248046875,121.21904885003704
345,0.80634765625,0.032850987704915,0.19365234375,0.032850987704915,5108.498046875,121.42421969814333
346,0.8068359375,0.037018803947495724,0.1931640625,0.037018803947495724,5124.625,121.62831191192666
347,0.80380859375,0.038465779144079906,0.19619140625,0.038465779144079906,5140.76171875,121.98455174930355
348,0.80625,0.033838137230793305,0.19375,0.033838137230793305,5156.837890625,122.21189053900373
349,0.79794921875,0.03237256816435274,0.20205078125,0.03237256816435273,5172.962890625,122.41548886564595
350,0.80244140625,0.031176824726460106,0.19755859375,0.031176824726460103,5188.921875,122.64159098310486
351,0.80302734375,0.027841623895135215,0.19697265625,0.027841623895135215,5204.970703125,122.79623196626811
352,0.799609375,0.02747179839455819,0.200390625,0.02747179839455819,5221.03125,122.975388398384
353,0.7984375,0.02377764247645845,0.2015625,0.02377764247645845,5237.0234375,123.18629229692434
354,0.7974609375,0.024613249942945493,0.2025390625,0.024613249942945493,5252.9921875,123.34383245232945
355,0.80634765625,0.02286929233405248,0.19365234375,0.022869292334052476,5268.94140625,123.46079648140241
356,0.80546875,0.022087590029262614,0.19453125,0.022087590029262614,5285.068359375,123.50163924330101
357,0.8056640625,0.023603739865634243,0.1943359375,0.023603739865634243,5301.177734375,123.59064682875895
358,0.8103515625,0.02626136170598059,0.1896484375,0.02626136170598059,5317.291015625,123.68694048924127
359,0.8095703125,0.028565079119743174,0.1904296875,0.028565079119743174,5333.498046875,123.74003466931048
360,0.8111328125,0.027625501533201847,0.1888671875,0.027625501533201844,5349.689453125,123.82417723707565
361,0.81220703125,0.030178941480958756,0.18779296875,0.030178941480958753,5365.912109375,123.87420526243805
362,0.8087890625,0.02902477810665613,0.1912109375,0.02902477810665613,5382.15625,123.95619553889021
363,0.80908203125,0.0291410242620939,0.19091796875,0.0291410242620939,5398.33203125,124.16333128953194
364,0.81611328125,0.033237717503886516,0.18388671875,0.033237717503886516,5414.513671875,124.35960237664636
365,0.80947265625,0.03257520337806152,0.19052734375,0.03257520337806152,5430.8359375,124.59839654567361
366,0.811328125,0.03128599001768553,0.188671875,0.03128599001768553,5447.025390625,124.88096017904603
367,0.81220703125,0.02787585639493389,0.18779296875,0.02787585639493389,5463.251953125,125.19053296563591
368,0.801953125,0.035161132473462885,0.198046875,0.035161132473462885,5479.49609375,125.49336377110122
369,0.803515625,0.03213706796979639,0.196484375,0.03213706796979638,5495.53515625,125.86038314065122
370,0.80556640625,0.034013126532109014,0.19443359375,0.03401312653210901,5511.60546875,126.27003993758711
371,0.80732421875,0.03540507108067344,0.19267578125,0.03540507108067344,5527.716796875,126.66867515745082
372,0.80830078125,0.034076434443753266,0.19169921875,0.034076434443753266,5543.86328125,127.10524203867809
373,0.80908203125,0.03412733155274717,0.19091796875,0.03412733155274717,5560.029296875,127.56882257413227
374,0.8044921875,0.031640625,0.1955078125,0.031640625,5576.2109375,127.95245145750188
375,0.80048828125,0.032102180658823753,0.19951171875,0.032102180658823753,5592.30078125,128.34311054851582
376,0.80390625,0.02835329437222088,0.19609375,0.028353294372220887,5608.310546875,128.7169251411
377,0.80576171875,0.02881918502343602,0.19423828125,0.028819185023436025,5624.388671875,129.05752193281003
378,0.80576171875,0.024587082226786443,0.19423828125,0.024587082226786443,5640.50390625,129.39283188742587
379,0.81328125,0.02726971002707835,0.18671875,0.02726971002707835,5656.619140625,129.69510827233125
380,0.81162109375,0.026845523726778717,0.18837890625,0.026845523726778717,5672.884765625,130.0075232603043
381,0.810546875,0.029684929987442703,0.189453125,0.029684929987442703,5689.1171875,130.31896218942174
382,0.80869140625,0.028419311072249608,0.19130859375,0.028419311072249608,5705.328125,130.66908879532895
383,0.81455078125,0.021055964783265133,0.18544921875,0.021055964783265137,5721.501953125,130.9866258185967
384,0.81337890625,0.02209902895351912,0.18662109375,0.02209902895351912,5737.79296875,131.23262940762953
385,0.812109375,0.023466778587305608,0.187890625,0.023466778587305608,5754.060546875,131.47366151913582
386,0.81552734375,0.027442796339346532,0.18447265625,0.027442796339346532,5770.302734375,131.7487620489169
387,0.81455078125,0.02747058335436475,0.18544921875,0.02747058335436475,5786.61328125,132.05888619558237
388,0.8140625,0.02328318338238929,0.1859375,0.02328318338238929,5802.904296875,132.33691245907335
389,0.810546875,0.026751396356662394,0.189453125,0.026751396356662394,5819.185546875,132.58911074349297
390,0.809375,0.029429387815370876,0.190625,0.02942938781537088,5835.396484375,132.94130072565542
391,0.80888671875,0.027183016703352235,0.19111328125,0.02718301670335223,5851.583984375,133.3222871989021
392,0.805859375,0.02298472154098035,0.194140625,0.02298472154098035,5867.76171875,133.63545161910952
393,0.807421875,0.02180950714827782,0.192578125,0.021809507148277816,5883.87890625,133.95645584206676
394,0.80302734375,0.023241572011283233,0.19697265625,0.023241572011283233,5900.02734375,134.19317595049193
395,0.79638671875,0.025282409113280505,0.20361328125,0.025282409113280505,5916.087890625,134.45840578143273
396,0.79765625,0.024754655496491966,0.20234375,0.02475465549649197,5932.015625,134.7409224416247
397,0.79560546875,0.02138225909552871,0.20439453125,0.02138225909552871,5947.96875,134.99223955242718
398,0.79853515625,0.022200640158831324,0.20146484375,0.022200640158831324,5963.880859375,135.16896900108637
399,0.8015625,0.02634837291695815,0.1984375,0.026348372916958154,5979.8515625,135.3545688699308
400,0.799609375,0.02821167200823092,0.200390625,0.02821167200823092,5995.8828125,135.64053770444144
401,0.7982421875,0.028381534042566745,0.2017578125,0.028381534042566745,6011.875,135.89918191984958
402,0.79765625,0.02233234247695061,0.20234375,0.02233234247695061,6027.83984375,136.14623185293783
403,0.79580078125,0.02181672098586759,0.20419921875,0.021816720985867587,6043.79296875,136.2761322439126
404,0.79658203125,0.024425973656886514,0.20341796875,0.024425973656886518,6059.708984375,136.30766642526035
405,0.79638671875,0.024454068784203153,0.20361328125,0.024454068784203153,6075.640625,136.35271139550994
406,0.79892578125,0.024695448742605042,0.20107421875,0.02469544874260504,6091.568359375,136.30955171260757
407,0.80048828125,0.02549202259418391,0.19951171875,0.02549202259418391,6107.546875,136.30977647833708
408,0.80205078125,0.03028619312925768,0.19794921875,0.030286193129257684,6123.556640625,136.33836157898926
409,0.80712890625,0.030094132560603823,0.19287109375,0.030094132560603823,6139.59765625,136.37989206744206
410,0.81337890625,0.02216366629503556,0.18662109375,0.022163666295035557,6155.740234375,136.37057771864016
411,0.81728515625,0.020819112374534043,0.18271484375,0.020819112374534047,6172.0078125,136.32473771311217
412,0.817578125,0.018378065619058973,0.182421875,0.018378065619058973,6188.353515625,136.2687449168629
413,0.8181640625,0.02314185275904014,0.1818359375,0.02314185275904014,6204.705078125,136.2188033899989
414,0.8169921875,0.03049377978324022,0.1830078125,0.030493779783240225,6221.068359375,136.19464920277179
415,0.816015625,0.027448877152510147,0.183984375,0.02744887715251015,6237.408203125,136.12261665156385
416,0.8185546875,0.029879620948848648,0.1814453125,0.029879620948848648,6253.728515625,136.08952090571816
417,0.814453125,0.03389952140177692,0.185546875,0.03389952140177692,6270.099609375,136.1684946539023
418,0.81884765625,0.0340377913984755,0.18115234375,0.0340377913984755,6286.388671875,136.3134823378507
419,0.815234375,0.03881955702751514,0.184765625,0.03881955702751514,6302.765625,136.49924711921062
420,0.8138671875,0.039908323134041766,0.1861328125,0.039908323134041766,6319.0703125,136.72988520502278
421,0.809375,0.04016700214757678,0.190625,0.04016700214757678,6335.34765625,136.91116504601737
422,0.80966796875,0.03665024881109321,0.19033203125,0.0366502488110932,6351.53515625,137.00807143889114
423,0.808984375,0.032489457988262804,0.191015625,0.032489457988262804,6367.728515625,137.07549523822962
424,0.8150390625,0.03729701737247648,0.1849609375,0.03729701737247648,6383.908203125,137.14782431695468
425,0.8138671875,0.03424157343876739,0.1861328125,0.03424157343876739,6400.208984375,137.344197187683
426,0.81845703125,0.03272417077863722,0.18154296875,0.032724170778637214,6416.486328125,137.53165153335587
427,0.8236328125,0.027907142342955864,0.1763671875,0.027907142342955864,6432.85546875,137.77004338435108
428,0.81591796875,0.0262375647745337,0.18408203125,0.0262375647745337,6449.328125,137.96862701721585
429,0.8181640625,0.022582889041072807,0.1818359375,0.022582889041072807,6465.646484375,138.12290447596027
430,0.81357421875,0.024486026749586085,0.18642578125,0.02448602674958608,6482.009765625,138.22972961326482
431,0.81513671875,0.02463590614741219,0.18486328125,0.024635906147412186,6498.28125,138.40605491887993
432,0.82060546875,0.025607733142629034,0.17939453125,0.025607733142629038,6514.583984375,138.61814844176465
433,0.81650390625,0.02519625876372277,0.18349609375,0.025196258763722775,6530.99609375,138.82800766956564
434,0.82060546875,0.025080931319325574,0.17939453125,0.025080931319325577,6547.326171875,139.0552111003445
435,0.8212890625,0.021643586214367294,0.1787109375,0.021643586214367294,6563.73828125,139.1771527997688
436,0.82177734375,0.0189475775868878,0.17822265625,0.0189475775868878,6580.1640625,139.2934118571011
437,0.81396484375,0.017228787855837258,0.18603515625,0.017228787855837258,6596.599609375,139.43079233215423
438,0.8146484375,0.016427163010401778,0.1853515625,0.01642716301040178,6612.87890625,139.5988212776154
439,0.81904296875,0.016486561707006873,0.18095703125,0.016486561707006873,6629.171875,139.78192898546806
440,0.8177734375,0.0173828125,0.1822265625,0.0173828125,6645.552734375,139.99804714748217
441,0.8185546875,0.016794603770863795,0.1814453125,0.016794603770863798,6661.908203125,140.24405053723345
442,0.82021484375,0.016096700749669606,0.17978515625,0.016096700749669606,6678.279296875,140.43860651929128
443,0.81748046875,0.022941737477389226,0.18251953125,0.022941737477389226,6694.68359375,140.6107511769908
444,0.81943359375,0.024987217496312147,0.18056640625,0.024987217496312147,6711.033203125,140.82495778626796
445,0.815625,0.02302617582120876,0.184375,0.023026175821208753,6727.421875,141.04684963122557
446,0.81640625,0.02610547196477984,0.18359375,0.02610547196477984,6743.734375,141.28722891573568
447,0.8224609375,0.022259627755917916,0.1775390625,0.022259627755917916,6760.0625,141.4303109924872
448,0.82080078125,0.019799187552997952,0.17919921875,0.019799187552997952,6776.51171875,141.5667711030452
449,0.824609375,0.02142748148734762,0.175390625,0.02142748148734762,6792.927734375,141.7246618617087
450,0.8296875,0.020387481797968576,0.1703125,0.020387481797968576,6809.419921875,141.91962690209735
451,0.83447265625,0.021032399569831283,0.16552734375,0.021032399569831283,6826.013671875,142.1329741375615
452,0.8365234375,0.02364894852024676,0.1634765625,0.023648948520246755,6842.703125,142.37484417003378
453,0.83662109375,0.020821860651282952,0.16337890625,0.020821860651282952,6859.43359375,142.6060918097984
454,0.83603515625,0.024404099529639258,0.16396484375,0.024404099529639258,6876.166015625,142.75726146233623
455,0.8318359375,0.026268623648354823,0.1681640625,0.026268623648354823,6892.88671875,142.95862028663333
456,0.8341796875,0.026679287149265603,0.1658203125,0.026679287149265603,6909.5234375,143.11934419476376
457,0.8326171875,0.027316532212726164,0.1673828125,0.027316532212726164,6926.20703125,143.23638467844668
458,0.83212890625,0.029089270946589595,0.16787109375,0.0290892709465896,6942.859375,143.3932468606498
459,0.82197265625,0.026229567068456024,0.17802734375,0.026229567068456024,6959.501953125,143.627729145943
460,0.82021484375,0.029363368551985423,0.17978515625,0.029363368551985423,6975.94140625,143.84250584805403
461,0.81962890625,0.029456110228772068,0.18037109375,0.029456110228772068,6992.345703125,144.08886886532872
462,0.81875,0.03718690503069218,0.18125,0.03718690503069217,7008.73828125,144.32170705390484
463,0.81650390625,0.04085592514266071,0.18349609375,0.040855925142660704,7025.11328125,144.60505896196224
464,0.81748046875,0.03895847966511762,0.18251953125,0.03895847966511762,7041.443359375,144.90239625717223
465,0.82138671875,0.03755247894516097,0.17861328125,0.03755247894516097,7057.79296875,145.17098047188009
466,0.82294921875,0.03752605804435943,0.17705078125,0.03752605804435943,7074.220703125,145.42466123770018
467,0.82119140625,0.0354707342592679,0.17880859375,0.0354707342592679,7090.6796875,145.62195942205273
468,0.8224609375,0.03491890367672466,0.1775390625,0.03491890367672466,7107.103515625,145.79000087039674
469,0.82158203125,0.03766810566901902,0.17841796875,0.03766810566901902,7123.552734375,145.97252146920792
470,0.82392578125,0.03306511413969849,0.17607421875,0.03306511413969849,7139.984375,146.08033517537933
471,0.82060546875,0.029578883593101648,0.17939453125,0.029578883593101648,7156.462890625,146.26563706228336
472,0.8224609375,0.024781608357670588,0.1775390625,0.024781608357670588,7172.875,146.4224897401659
473,0.82333984375,0.02038397318765503,0.17666015625,0.02038397318765503,7189.32421875,146.6323648799877
474,0.82431640625,0.02133045896398523,0.17568359375,0.021330458963985232,7205.791015625,146.80935961798093
475,0.823046875,0.0214657234379567,0.176953125,0.0214657234379567,7222.27734375,147.06034141995823
476,0.82275390625,0.02639701004436348,0.17724609375,0.02639701004436348,7238.73828125,147.3323449034065
477,0.8189453125,0.028535684297390042,0.1810546875,0.02853568429739004,7255.193359375,147.62576297624216
478,0.816796875,0.02999557462477278,0.183203125,0.029995574624772776,7271.572265625,147.92617143351208
479,0.8150390625,0.030387260819580094,0.1849609375,0.030387260819580098,7287.908203125,148.24239913985633
480,0.81357421875,0.027691875723379618,0.18642578125,0.027691875723379618,7304.208984375,148.496114365319
481,0.81298828125,0.028492371993935856,0.18701171875,0.028492371993935856,7320.48046875,148.78059116242488
482,0.813671875,0.02835665771245077,0.186328125,0.02835665771245077,7336.740234375,149.0513628943733
483,0.81875,0.026544542413339766,0.18125,0.026544542413339766,7353.013671875,149.26358922438436
484,0.81748046875,0.0261618523836062,0.18251953125,0.026161852383606205,7369.388671875,149.53161533036044
485,0.81796875,0.020071626197761264,0.18203125,0.02007162619776126,7385.73828125,149.68663500573732
486,0.8193359375,0.021085610408726464,0.1806640625,0.021085610408726464,7402.09765625,149.78851673844727
487,0.8142578125,0.01704262449872928,0.1857421875,0.017042624498729283,7418.484375,149.89487211631882
488,0.815234375,0.014783233961067389,0.184765625,0.01478323396106739,7434.76953125,150.04934638547417
489,0.81611328125,0.021297348229908263,0.18388671875,0.02129734822990826,7451.07421875,150.18103216613392
490,0.8138671875,0.023725444748531586,0.1861328125,0.023725444748531586,7467.396484375,150.39111278583638
491,0.812890625,0.02255077143869958,0.187109375,0.02255077143869958,7483.673828125,150.50663683125447
492,0.81337890625,0.02111476275445116,0.18662109375,0.021114762754451157,7499.931640625,150.5868614316865
493,0.81318359375,0.01789029450090472,0.18681640625,0.017890294500904715,7516.19921875,150.65471668171318
494,0.8109375,0.024721501753044477,0.1890625,0.024721501753044477,7532.462890625,150.66837365666032
495,0.81162109375,0.03243731395396129,0.18837890625,0.03243731395396129,7548.681640625,150.68378216378775
496,0.81337890625,0.03418373301951403,0.18662109375,0.03418373301951403,7564.9140625,150.72109698153534
497,0.813671875,0.034354463858598035,0.186328125,0.034354463858598035,7581.181640625,150.84645288360178
498,0.81572265625,0.03851929436279963,0.18427734375,0.03851929436279963,7597.455078125,150.91705096550635
499,0.81240234375,0.03621309177282534,0.18759765625,0.03621309177282534,7613.76953125,150.91191487631366
500,0.80751953125,0.030913872221505007,0.19248046875,0.03091387222150501,7630.017578125,150.91185862091226
501,0.80869140625,0.02975055623536267,0.19130859375,0.02975055623536267,7646.16796875,150.92890954381133
502,0.80927734375,0.032090295473844316,0.19072265625,0.032090295473844316,7662.341796875,151.06574734096355
503,0.81015625,0.033338419208362294,0.18984375,0.033338419208362294,7678.52734375,151.28327265701066
504,0.80947265625,0.034764664883160844,0.19052734375,0.034764664883160844,7694.73046875,151.5710511742831
505,0.81650390625,0.03631040079217629,0.18349609375,0.03631040079217629,7710.919921875,151.87989088432806
506,0.81357421875,0.03681122518252383,0.18642578125,0.036811225182523825,7727.25,152.16535373106007
507,0.81923828125,0.036999864114047876,0.18076171875,0.036999864114047876,7743.521484375,152.4938728602504
508,0.80859375,0.03442434756921917,0.19140625,0.03442434756921917,7759.90625,152.7744836742657
509,0.81015625,0.032301050278916534,0.18984375,0.032301050278916534,7776.078125,153.02815211975386
510,0.80810546875,0.03513793468226827,0.19189453125,0.03513793468226827,7792.28125,153.3093860059599
511,0.80947265625,0.03663723602564244,0.19052734375,0.03663723602564245,7808.443359375,153.6286104800741
512,0.80869140625,0.037005018770223184,0.19130859375,0.037005018770223184,7824.6328125,153.86078896119292
513,0.81083984375,0.034307934622354604,0.18916015625,0.034307934622354604,7840.806640625,154.13000471492913
514,0.8126953125,0.03966046230829656,0.1873046875,0.03966046230829657,7857.0234375,154.37194060101038
515,0.8140625,0.032150122411800396,0.1859375,0.032150122411800396,7873.27734375,154.62358824101628
516,0.81416015625,0.035375428968868285,0.18583984375,0.035375428968868285,7889.55859375,154.82115270514933
517,0.81650390625,0.03485233765565054,0.18349609375,0.03485233765565054,7905.841796875,155.02171012440095
518,0.8193359375,0.03363970784426726,0.1806640625,0.03363970784426726,7922.171875,155.32052027911635
519,0.8189453125,0.034433211542476055,0.1810546875,0.034433211542476055,7938.55859375,155.6530142820965
520,0.82021484375,0.03205580351799921,0.17978515625,0.03205580351799921,7954.9375,156.1047048579388
521,0.81728515625,0.034522416724061,0.18271484375,0.034522416724061,7971.341796875,156.53364100260828
522,0.81591796875,0.036170403798712475,0.18408203125,0.036170403798712475,7987.6875,156.95436263861527
523,0.81328125,0.040119488584200724,0.18671875,0.040119488584200724,8004.005859375,157.3967223745905
524,0.81298828125,0.04008726614350686,0.18701171875,0.04008726614350686,8020.271484375,157.88353339515837
525,0.81318359375,0.036817960428071075,0.18681640625,0.03681796042807108,8036.53125,158.3316222463138
526,0.8123046875,0.04114516374389241,0.1876953125,0.04114516374389242,8052.794921875,158.72507153724385
527,0.81455078125,0.03782575895023301,0.18544921875,0.03782575895023301,8069.041015625,159.21793526543036
528,0.81796875,0.03715611776548169,0.18203125,0.03715611776548169,8085.33203125,159.6788210665923
529,0.812890625,0.04209698043469092,0.187109375,0.04209698043469092,8101.69140625,160.12262323240023
530,0.8138671875,0.04584895936872845,0.1861328125,0.04584895936872845,8117.94921875,160.65803467182792
531,0.81455078125,0.048233587448269735,0.18544921875,0.04823358744826972,8134.2265625,161.26521104142805
532,0.8162109375,0.04547427009554585,0.1837890625,0.04547427009554586,8150.517578125,161.88668445260672
533,0.8205078125,0.04109413988051741,0.1794921875,0.04109413988051741,8166.841796875,162.45915602092273
534,0.81826171875,0.04182025576337689,0.18173828125,0.04182025576337689,8183.251953125,162.9691720958887
535,0.82333984375,0.040823232737949085,0.17666015625,0.040823232737949085,8199.6171875,163.47220074266272
536,0.81962890625,0.03593975557629447,0.18037109375,0.03593975557629447,8216.083984375,163.94950820974736
537,0.82314453125,0.0359009930486593,0.17685546875,0.03590099304865929,8232.4765625,164.34447838142566
538,0.82333984375,0.03926570680111107,0.17666015625,0.03926570680111107,8248.939453125,164.68989484229226
539,0.818359375,0.04266136502070331,0.181640625,0.04266136502070331,8265.40625,165.0458048733709
540,0.81923828125,0.03851038032401388,0.18076171875,0.03851038032401388,8281.7734375,165.5265080638934
541,0.81923828125,0.04163971347061648,0.18076171875,0.04163971347061647,8298.158203125,165.9122941408394
542,0.815625,0.04748102712675579,0.184375,0.04748102712675579,8314.54296875,166.33405495425288
543,0.82177734375,0.04385461560862966,0.17822265625,0.04385461560862966,8330.85546875,166.81709977829726
544,0.82080078125,0.040965021797434185,0.17919921875,0.040965021797434185,8347.291015625,167.27116067448654
545,0.82392578125,0.03922099194444788,0.17607421875,0.03922099194444788,8363.70703125,167.75411131776673
546,0.8228515625,0.03943233130872947,0.1771484375,0.03943233130872947,8380.185546875,168.16004306362555
547,0.8279296875,0.03594439896415757,0.1720703125,0.03594439896415756,8396.642578125,168.55441104092696
548,0.8251953125,0.040915521443818006,0.1748046875,0.040915521443818006,8413.201171875,168.87580476084864
549,0.82626953125,0.03897071736745154,0.17373046875,0.038970717367451536,8429.705078125,169.21351801708403
550,0.81884765625,0.04265074530215271,0.18115234375,0.04265074530215271,8446.23046875,169.55193881178116
551,0.815625,0.042400809830903066,0.184375,0.04240080983090307,8462.607421875,170.00223657595336
552,0.81572265625,0.04568820285908786,0.18427734375,0.04568820285908786,8478.919921875,170.50073099958493
553,0.8158203125,0.04828052310334689,0.1841796875,0.04828052310334689,8495.234375,171.0790938000585
554,0.81640625,0.04736680479805814,0.18359375,0.04736680479805814,8511.55078125,171.7177197190288
555,0.81630859375,0.0483895341197774,0.18369140625,0.0483895341197774,8527.87890625,172.37575096536642
556,0.81337890625,0.0474481761714512,0.18662109375,0.04744817617145121,8544.205078125,173.05510505480203
557,0.81376953125,0.047607897633840726,0.18623046875,0.047607897633840726,8560.47265625,173.69388246014063
558,0.81220703125,0.04683032131804112,0.18779296875,0.046830321318041115,8576.748046875,174.39458314593878
559,0.8177734375,0.04103701079370685,0.1822265625,0.04103701079370685,8592.9921875,175.07604806017903
560,0.81982421875,0.04278692442194529,0.18017578125,0.04278692442194529,8609.34765625,175.61599267417125
561,0.81884765625,0.04646477807109692,0.18115234375,0.04646477807109692,8625.744140625,176.1775297582803
562,0.82041015625,0.042366270713446556,0.17958984375,0.042366270713446556,8642.12109375,176.80483494875043
563,0.8216796875,0.04277120784713854,0.1783203125,0.04277120784713854,8658.529296875,177.3461262252183
564,0.8185546875,0.04548265801572927,0.1814453125,0.04548265801572926,8674.962890625,177.86622823182668
565,0.81806640625,0.042223314695000055,0.18193359375,0.042223314695000055,8691.333984375,178.43382653298224
566,0.8177734375,0.039822202353623895,0.1822265625,0.0398222023536239,8707.6953125,178.9688266909185
567,0.81904296875,0.042365370294849616,0.18095703125,0.042365370294849616,8724.05078125,179.53311264094404
568,0.8228515625,0.04075952411587191,0.1771484375,0.040759524115871915,8740.431640625,180.08950560779442
569,0.82099609375,0.04427405252159068,0.17900390625,0.04427405252159069,8756.888671875,180.62191971525027
570,0.8236328125,0.046834699472795074,0.1763671875,0.046834699472795074,8773.30859375,181.19444132651242
571,0.8220703125,0.04757533473960995,0.1779296875,0.04757533473960995,8789.78125,181.8346413840085
572,0.82001953125,0.0447880351642274,0.17998046875,0.0447880351642274,8806.22265625,182.4370362242253
573,0.818359375,0.04568601108530618,0.181640625,0.04568601108530618,8822.623046875,183.01604463250217
574,0.81728515625,0.041155940234988884,0.18271484375,0.041155940234988884,8838.990234375,183.5775204865362
575,0.81787109375,0.039393737210019444,0.18212890625,0.039393737210019444,8855.3359375,184.04437732434815
576,0.81552734375,0.04262882678621294,0.18447265625,0.04262882678621294,8871.693359375,184.43912398096154
577,0.81611328125,0.04286664448723187,0.18388671875,0.04286664448723187,8888.00390625,184.79031031417946
578,0.818359375,0.041967198233132774,0.181640625,0.041967198233132774,8904.326171875,185.14546078179126
579,0.8150390625,0.04068692695929032,0.1849609375,0.04068692695929032,8920.693359375,185.53749899213656
580,0.8126953125,0.04505076617775912,0.1873046875,0.04505076617775912,8936.994140625,185.92121437879328
581,0.81005859375,0.03756212810008542,0.18994140625,0.03756212810008542,8953.248046875,186.32592312517463
582,0.81025390625,0.03660233894754083,0.18974609375,0.03660233894754083,8969.44921875,186.67536000489991
583,0.81064453125,0.03918790904049131,0.18935546875,0.03918790904049131,8985.654296875,186.96576137535519
584,0.8095703125,0.03941491420041126,0.1904296875,0.03941491420041126,9001.8671875,187.23621300335805
585,0.805859375,0.035680766043201584,0.194140625,0.035680766043201584,9018.05859375,187.51395744762814
586,0.81005859375,0.037544351417546924,0.18994140625,0.037544351417546924,9034.17578125,187.8083808028286
587,0.803515625,0.03161348662550675,0.196484375,0.03161348662550675,9050.376953125,188.21754932733126
588,0.8025390625,0.03290247615319733,0.1974609375,0.03290247615319733,9066.447265625,188.49872146496645
589,0.802734375,0.03502035366609591,0.197265625,0.03502035366609591,9082.498046875,188.78930041698553
590,0.80625,0.03687270335141439,0.19375,0.03687270335141439,9098.552734375,189.11267905936916
591,0.810546875,0.0369677602163041,0.189453125,0.0369677602163041,9114.677734375,189.4839533249649
592,0.81240234375,0.041699218749999996,0.18759765625,0.041699218749999996,9130.888671875,189.8879190938158
593,0.81533203125,0.04126470592649602,0.18466796875,0.04126470592649602,9147.13671875,190.2774401812873
594,0.8201171875,0.03554419203473816,0.1798828125,0.03554419203473816,9163.443359375,190.67162996892355
595,0.820703125,0.03413278031298551,0.179296875,0.034132780312985514,9179.845703125,190.96078433148608
596,0.82041015625,0.03712594716312015,0.17958984375,0.03712594716312015,9196.259765625,191.21609141619226
597,0.821875,0.041088105600952204,0.178125,0.0410881056009522,9212.66796875,191.58057335979342
598,0.8240234375,0.036523437500000006,0.1759765625,0.0365234375,9229.10546875,191.9025117217775
599,0.823046875,0.033974832532412416,0.176953125,0.03397483253241241,9245.5859375,192.1263795007683
600,0.82294921875,0.032911894891017486,0.17705078125,0.032911894891017486,9262.046875,192.30815588229132
601,0.82333984375,0.03470975694488297,0.17666015625,0.03470975694488297,9278.505859375,192.5589797092218
602,0.8208984375,0.03675094167320325,0.1791015625,0.03675094167320326,9294.97265625,192.7930384380256
603,0.82353515625,0.03189056016690188,0.17646484375,0.031890560166901886,9311.390625,193.038678933345
604,0.82822265625,0.0351710309639536,0.17177734375,0.0351710309639536,9327.861328125,193.26019833637977
605,0.82587890625,0.03934722889857773,0.17412109375,0.03934722889857773,9344.42578125,193.46441358642892
606,0.8232421875,0.03494129161698636,0.1767578125,0.03494129161698636,9360.943359375,193.81799955170786
607,0.8232421875,0.03161408995359111,0.1767578125,0.03161408995359111,9377.408203125,194.0651377721327
608,0.82001953125,0.029790919012189273,0.17998046875,0.029790919012189273,9393.873046875,194.25469310103827
609,0.81572265625,0.03095887957810239,0.18427734375,0.03095887957810239,9410.2734375,194.39647023642394
610,0.81669921875,0.02828004275954061,0.18330078125,0.02828004275954061,9426.587890625,194.65403419270905
611,0.8169921875,0.03326682767759001,0.1830078125,0.03326682767759001,9442.921875,194.83911248678658
612,0.81513671875,0.04266371218068269,0.18486328125,0.0426637121806827,9459.26171875,195.0361609162296
613,0.81181640625,0.042073980116652206,0.18818359375,0.042073980116652206,9475.564453125,195.3601770812442
614,0.8095703125,0.041794136884612025,0.1904296875,0.041794136884612025,9491.80078125,195.66115146816358
615,0.8130859375,0.04844222507195427,0.1869140625,0.048442225071954274,9507.9921875,195.99940455599275
616,0.8126953125,0.046208642562413985,0.1873046875,0.046208642562413985,9524.25390625,196.38376073884928
617,0.809765625,0.04797457085000539,0.190234375,0.0479745708500054,9540.5078125,196.80213146451084
618,0.81494140625,0.0451996549137412,0.18505859375,0.0451996549137412,9556.703125,197.23781050039875
619,0.814453125,0.04059963901904255,0.185546875,0.04059963901904255,9573.001953125,197.7295268633636
620,0.81591796875,0.04309120069989683,0.18408203125,0.04309120069989683,9589.291015625,198.13247696399236
621,0.81435546875,0.044973751465970144,0.18564453125,0.04497375146597014,9605.609375,198.62209860025183
622,0.81455078125,0.03684230065831735,0.18544921875,0.03684230065831735,9621.896484375,199.2379225321647
623,0.8189453125,0.034491324840571325,0.1810546875,0.034491324840571325,9638.1875,199.7218845332154
624,0.82255859375,0.041020391278123514,0.17744140625,0.041020391278123514,9654.56640625,200.20511900524252
625,0.82265625,0.04339323354262916,0.17734375,0.04339323354262915,9671.017578125,200.75584075335925
626,0.82080078125,0.041287348629578426,0.17919921875,0.041287348629578426,9687.470703125,201.2618348332115
627,0.82373046875,0.041913193323059185,0.17626953125,0.041913193323059185,9703.88671875,201.72851085021114
628,0.81875,0.03884018770119504,0.18125,0.038840187701195045,9720.361328125,202.31511287044887
629,0.81904296875,0.040679542900225525,0.18095703125,0.040679542900225525,9736.736328125,202.8961215115266
630,0.8169921875,0.03948550264886587,0.1830078125,0.03948550264886587,9753.1171875,203.4792743598083
631,0.81630859375,0.03502974744665964,0.18369140625,0.03502974744665964,9769.45703125,204.05581122239064
632,0.80966796875,0.036036214838787196,0.19033203125,0.036036214838787196,9785.783203125,204.56428548031909
633,0.81044921875,0.03684747735631863,0.18955078125,0.03684747735631863,9801.9765625,205.0730503092368
634,0.81044921875,0.03534953917725018,0.18955078125,0.03534953917725018,9818.185546875,205.66718403562064
635,0.81201171875,0.03270318122344964,0.18798828125,0.03270318122344964,9834.39453125,206.2309213772971
636,0.81396484375,0.036291485429406876,0.18603515625,0.036291485429406876,9850.634765625,206.7654214017839
637,0.8142578125,0.035180113428745156,0.1857421875,0.03518011342874515,9866.9140625,207.34545658561998
638,0.81669921875,0.03860832155489452,0.18330078125,0.03860832155489452,9883.19921875,207.9158168044014
639,0.82041015625,0.03800183522661531,0.17958984375,0.03800183522661531,9899.533203125,208.55002805224467
640,0.82021484375,0.04031074460961302,0.17978515625,0.04031074460961302,9915.94140625,209.1699741340129
641,0.8162109375,0.04343628806200489,0.1837890625,0.04343628806200489,9932.345703125,209.80842234103852
642,0.82109375,0.04145228867418692,0.17890625,0.04145228867418691,9948.669921875,210.48823747368073
643,0.82568359375,0.04023449351469196,0.17431640625,0.04023449351469196,9965.091796875,211.1233491262754
644,0.8267578125,0.03698890808457398,0.1732421875,0.03698890808457398,9981.60546875,211.72857175672945
645,0.8248046875,0.03436390090701105,0.1751953125,0.03436390090701105,9998.140625,212.24422127952678
646,0.82509765625,0.035114042588948326,0.17490234375,0.035114042588948326,10014.63671875,212.7519633721418
647,0.8212890625,0.03332354083862394,0.1787109375,0.03332354083862394,10031.138671875,213.23760947648367
648,0.820703125,0.03050003401957632,0.179296875,0.03050003401957631,10047.564453125,213.72146970176092
649,0.8212890625,0.03249180617112134,0.1787109375,0.03249180617112134,10063.978515625,214.1098466489511
650,0.8158203125,0.03189100873268642,0.1841796875,0.03189100873268642,10080.404296875,214.582715543086
651,0.8189453125,0.034355574234133116,0.1810546875,0.034355574234133116,10096.720703125,215.0441509335665
652,0.8234375,0.037303664907450365,0.1765625,0.037303664907450365,10113.099609375,215.51269880614973
653,0.82587890625,0.0380158860981195,0.17412109375,0.03801588609811949,10129.568359375,216.01424923450065
654,0.82216796875,0.03541422816838869,0.17783203125,0.0354142281683887,10146.0859375,216.50910874162042
655,0.82236328125,0.03358991734132537,0.17763671875,0.03358991734132537,10162.529296875,217.00310297035153
656,0.81923828125,0.03444774905797378,0.18076171875,0.03444774905797377,10178.9765625,217.48957382292994
657,0.81953125,0.034680482996620826,0.18046875,0.03468048299662083,10195.361328125,218.00309853582797
658,0.82177734375,0.03477234507558649,0.17822265625,0.03477234507558649,10211.751953125,218.5153933499649
659,0.8220703125,0.03420702032124126,0.1779296875,0.03420702032124126,10228.1875,218.99125904772237
660,0.82314453125,0.0336239701010521,0.17685546875,0.0336239701010521,10244.62890625,219.42934811758343
661,0.81923828125,0.03425897611514401,0.18076171875,0.03425897611514401,10261.091796875,219.8574324589742
662,0.822265625,0.03126525506559008,0.177734375,0.03126525506559008,10277.4765625,220.29369098427577
663,0.82158203125,0.030530817440720986,0.17841796875,0.030530817440720986,10293.921875,220.7237336202248
664,0.822265625,0.034565346571295216,0.177734375,0.034565346571295216,10310.353515625,221.16255838545072
665,0.82431640625,0.03419489059205394,0.17568359375,0.034194890592053946,10326.798828125,221.5903038496097
666,0.8275390625,0.03435002199752526,0.1724609375,0.03435002199752525,10343.28515625,222.03559531698642
667,0.82646484375,0.033443665693587095,0.17353515625,0.03344366569358709,10359.8359375,222.51493771590677
668,0.8267578125,0.033908522569289744,0.1732421875,0.03390852256928973,10376.365234375,222.91585955702462
669,0.828125,0.032871157577552414,0.171875,0.032871157577552414,10392.900390625,223.2523514216899
670,0.8291015625,0.034812775259795974,0.1708984375,0.034812775259795974,10409.462890625,223.5537978332403
671,0.82802734375,0.031138258473252328,0.17197265625,0.031138258473252325,10426.044921875,223.8884701747255
672,0.82822265625,0.029492995901586133,0.17177734375,0.029492995901586133,10442.60546875,224.22915341582402
673,0.8263671875,0.02901820591308261,0.1736328125,0.02901820591308261,10459.169921875,224.57747909568732
674,0.82744140625,0.03222966959453434,0.17255859375,0.03222966959453434,10475.697265625,224.89353561134595
675,0.83193359375,0.02873633682000905,0.16806640625,0.028736336820009048,10492.24609375,225.17570755674697
676,0.828125,0.029468896017997202,0.171875,0.029468896017997202,10508.884765625,225.41914498969905
677,0.82802734375,0.028934773986155186,0.17197265625,0.028934773986155186,10525.447265625,225.7038687361324
678,0.8287109375,0.03265050226032615,0.1712890625,0.03265050226032615,10542.0078125,225.95016250688923
679,0.82919921875,0.03332482865240141,0.17080078125,0.03332482865240141,10558.58203125,226.18238236603096
680,0.82236328125,0.031361039296659184,0.17763671875,0.03136103929665918,10575.166015625,226.41155148782767
681,0.8189453125,0.033298346914322374,0.1810546875,0.033298346914322374,10591.61328125,226.60088040348342
682,0.81865234375,0.041201332744782534,0.18134765625,0.041201332744782534,10607.9921875,226.81643918049576
683,0.8181640625,0.03822291074423451,0.1818359375,0.03822291074423453,10624.365234375,227.15194222394317
684,0.81591796875,0.03533010938319212,0.18408203125,0.03533010938319212,10640.728515625,227.54755886262996
685,0.81748046875,0.03925113146663588,0.18251953125,0.03925113146663587,10657.046875,227.88982851597402
686,0.81640625,0.036721866556568686,0.18359375,0.036721866556568686,10673.396484375,228.2784288215075
687,0.82451171875,0.03871439128292251,0.17548828125,0.03871439128292251,10689.724609375,228.7161514086656
688,0.82314453125,0.03933365361573592,0.17685546875,0.039333653615735924,10706.21484375,229.18717976077812
689,0.82509765625,0.04099108734021346,0.17490234375,0.04099108734021346,10722.677734375,229.7289562280305
690,0.8220703125,0.039602709929865434,0.1779296875,0.039602709929865434,10739.1796875,230.25522815513534
691,0.82236328125,0.04237977469671974,0.17763671875,0.04237977469671974,10755.62109375,230.76816121190976
692,0.8224609375,0.04451839863902129,0.1775390625,0.04451839863902129,10772.068359375,231.235423594722
693,0.8236328125,0.04416654382844553,0.1763671875,0.04416654382844553,10788.517578125,231.78641143314448
694,0.82265625,0.04477770683928729,0.17734375,0.04477770683928729,10804.990234375,232.34551467687126
695,0.8201171875,0.043445069456252386,0.1798828125,0.04344506945625238,10821.443359375,232.82147526382667
696,0.818359375,0.04261215669779576,0.181640625,0.04261215669779576,10837.845703125,233.28365117528097
697,0.81728515625,0.03616829444515305,0.18271484375,0.03616829444515305,10854.212890625,233.74856959430582
698,0.8142578125,0.04003382206559458,0.1857421875,0.04003382206559458,10870.55859375,234.06997602718758
699,0.816796875,0.040607155035031234,0.183203125,0.040607155035031234,10886.84375,234.4456872896072
700,0.8228515625,0.04031488455883494,0.1771484375,0.04031488455883494,10903.1796875,234.85154658184555
701,0.820703125,0.03934032063464555,0.179296875,0.03934032063464555,10919.63671875,235.2148551349848
702,0.8177734375,0.040541342650030565,0.1822265625,0.040541342650030565,10936.05078125,235.64700284266394
703,0.8185546875,0.0424300392120849,0.1814453125,0.04243003921208491,10952.40625,236.14885113412637
704,0.82294921875,0.0340876271373139,0.17705078125,0.0340876271373139,10968.77734375,236.6832968693984
705,0.82158203125,0.03352341496918668,0.17841796875,0.03352341496918667,10985.236328125,237.07492179318209
706,0.820703125,0.037340460596497656,0.179296875,0.03734046059649765,11001.66796875,237.4042229846436
707,0.8123046875,0.03929569068170636,0.1876953125,0.03929569068170635,11018.08203125,237.76936497328626
708,0.81865234375,0.03743955190700164,0.18134765625,0.03743955190700164,11034.328125,238.14196640006287
709,0.8181640625,0.04210287012025762,0.1818359375,0.04210287012025762,11050.701171875,238.5043505145891
710,0.81171875,0.04462538022859721,0.18828125,0.04462538022859721,11067.064453125,238.97828250837068
711,0.812890625,0.04001809664491843,0.187109375,0.04001809664491843,11083.298828125,239.46581941046216
712,0.8162109375,0.036361187072109856,0.1837890625,0.036361187072109856,11099.556640625,239.89216608007052
713,0.8130859375,0.036466993484101914,0.1869140625,0.036466993484101914,11115.880859375,240.23521396099696
714,0.81103515625,0.03672770938733888,0.18896484375,0.03672770938733888,11132.142578125,240.54485067003287
715,0.816015625,0.03292971066873443,0.183984375,0.03292971066873443,11148.36328125,240.8541688488191
716,0.81884765625,0.02750458419044465,0.18115234375,0.02750458419044465,11164.68359375,241.0915993694078
717,0.81982421875,0.027746235635108148,0.18017578125,0.027746235635108148,11181.060546875,241.31134629683913
718,0.82490234375,0.02734043646217783,0.17509765625,0.027340436462177823,11197.45703125,241.48097419429786
719,0.82265625,0.027358394515911953,0.17734375,0.027358394515911953,11213.955078125,241.64961063662258
720,0.82109375,0.02189243167062821,0.17890625,0.02189243167062821,11230.408203125,241.88835867332688
721,0.81904296875,0.019903915388142113,0.18095703125,0.01990391538814211,11246.830078125,242.05415243563624
722,0.81416015625,0.023405129012396282,0.18583984375,0.023405129012396282,11263.2109375,242.19582539873838
723,0.81240234375,0.02546731956537096,0.18759765625,0.02546731956537096,11279.494140625,242.20159870284732
724,0.81689453125,0.026321031650627227,0.18310546875,0.026321031650627227,11295.7421875,242.21934817686548
725,0.82275390625,0.022622761146672925,0.17724609375,0.022622761146672925,11312.080078125,242.24444883145318
726,0.82197265625,0.02301478333756795,0.17802734375,0.02301478333756795,11328.53515625,242.2638956184748
727,0.822265625,0.025933205122577647,0.177734375,0.025933205122577647,11344.974609375,242.2681256059097
728,0.8201171875,0.02538987378696414,0.1798828125,0.02538987378696414,11361.419921875,242.3005672701667
729,0.8208984375,0.02515743276528517,0.1791015625,0.02515743276528517,11377.822265625,242.35578692787178
730,0.82236328125,0.02761945960641148,0.17763671875,0.02761945960641148,11394.240234375,242.45503863359818
731,0.82138671875,0.024737891423779967,0.17861328125,0.02473789142377997,11410.6875,242.50925464077815
732,0.81982421875,0.018494196213382767,0.18017578125,0.018494196213382767,11427.115234375,242.60186925389635
733,0.8205078125,0.015458092919851077,0.1794921875,0.015458092919851079,11443.51171875,242.66796513444092
734,0.81904296875,0.016521232584121345,0.18095703125,0.016521232584121345,11459.921875,242.7343298964494
735,0.8171875,0.018553659510996745,0.1828125,0.018553659510996745,11476.302734375,242.80202247273766
736,0.81875,0.02347084216914481,0.18125,0.02347084216914481,11492.646484375,242.80288033104551
737,0.819140625,0.02419353526125316,0.180859375,0.02419353526125316,11509.021484375,242.8406069793555
738,0.816015625,0.019750720047198595,0.183984375,0.019750720047198595,11525.404296875,242.83715428854828
739,0.81396484375,0.019503153619315847,0.18603515625,0.019503153619315847,11541.724609375,242.80153416992607
740,0.813671875,0.01847123502740139,0.186328125,0.01847123502740139,11558.00390625,242.7684626840954
741,0.81953125,0.019225140261293447,0.18046875,0.019225140261293447,11574.27734375,242.6826646408084
742,0.81796875,0.02037344373130513,0.18203125,0.020373443731305126,11590.66796875,242.57927466766614
743,0.8150390625,0.02284488417370848,0.1849609375,0.02284488417370848,11607.02734375,242.52092846098282
744,0.81767578125,0.021779971113930176,0.18232421875,0.021779971113930176,11623.328125,242.4462878647344
745,0.8169921875,0.021534033519277688,0.1830078125,0.021534033519277688,11639.681640625,242.38799665367807
746,0.82060546875,0.02262191802051183,0.17939453125,0.02262191802051183,11656.021484375,242.35789605671275
747,0.81865234375,0.029985557894609476,0.18134765625,0.029985557894609473,11672.43359375,242.29126717908161
748,0.81953125,0.03152285663962986,0.18046875,0.03152285663962986,11688.806640625,242.14733324459107
749,0.81689453125,0.0325248095378533,0.18310546875,0.0325248095378533,11705.197265625,241.93947377997438
750,0.8115234375,0.03432724843839894,0.1884765625,0.03432724843839894,11721.53515625,241.7135873569963
751,0.8076171875,0.03748524693520064,0.1923828125,0.03748524693520064,11737.765625,241.49016751636097
752,0.80654296875,0.03419489059205394,0.19345703125,0.03419489059205394,11753.91796875,241.2175320454823
753,0.81044921875,0.036038861174716774,0.18955078125,0.03603886117471677,11770.048828125,240.93802030237524
754,0.80908203125,0.03887467048726155,0.19091796875,0.03887467048726155,11786.2578125,240.59672022714196
755,0.81328125,0.03509869420592364,0.18671875,0.03509869420592363,11802.439453125,240.16266340280853
756,0.813671875,0.03495439009919972,0.186328125,0.03495439009919971,11818.705078125,239.8186914411737
757,0.80927734375,0.033557535212760545,0.19072265625,0.033557535212760545,11834.978515625,239.4189964798047
758,0.80712890625,0.037508772777555925,0.19287109375,0.037508772777555925,11851.1640625,239.06191489154295
759,0.80732421875,0.033888407288622614,0.19267578125,0.033888407288622614,11867.306640625,238.61958073436674
760,0.813671875,0.026514346288038695,0.186328125,0.026514346288038695,11883.453125,238.23215695600408
761,0.80634765625,0.025394568503856692,0.19365234375,0.025394568503856692,11899.7265625,237.93612012370355
762,0.80478515625,0.026325379180351,0.19521484375,0.026325379180350997,11915.853515625,237.7716518695401
763,0.80927734375,0.028521811454353584,0.19072265625,0.028521811454353584,11931.94921875,237.65680566405496
764,0.80634765625,0.02969472696780327,0.19365234375,0.02969472696780327,11948.134765625,237.5671896006213
765,0.8048828125,0.030133876901410728,0.1951171875,0.030133876901410724,11964.26171875,237.53227268395815
766,0.80400390625,0.029880418868595122,0.19599609375,0.02988041886859512,11980.359375,237.4354110750396
767,0.80166015625,0.032706680418069435,0.19833984375,0.032706680418069435,11996.439453125,237.30351948818776
768,0.80712890625,0.03413850755912241,0.19287109375,0.03413850755912241,12012.47265625,237.11259621859497
769,0.81044921875,0.029929529709924053,0.18955078125,0.029929529709924057,12028.615234375,236.80949223959882
770,0.8125,0.0337557413374701,0.1875,0.0337557413374701,12044.82421875,236.5790695374138
771,0.8099609375,0.03193583349370265,0.1900390625,0.03193583349370265,12061.07421875,236.2712836795389
772,0.80546875,0.03223188876439469,0.19453125,0.03223188876439468,12077.2734375,236.04820638442624
773,0.8119140625,0.03490360609951356,0.1880859375,0.03490360609951356,12093.3828125,235.76552251560375
774,0.81123046875,0.033042032234186794,0.18876953125,0.033042032234186794,12109.62109375,235.51979224745253
775,0.8134765625,0.02687588002737945,0.1865234375,0.02687588002737945,12125.845703125,235.28801593635794
776,0.809765625,0.02989557529741285,0.190234375,0.02989557529741285,12142.115234375,235.1756840965692
777,0.80986328125,0.031256255477419656,0.19013671875,0.03125625547741966,12158.310546875,234.90685280766544
778,0.80263671875,0.038794122002921254,0.19736328125,0.038794122002921254,12174.5078125,234.692807934264
779,0.80546875,0.037295994569625034,0.19453125,0.037295994569625034,12190.560546875,234.5159407039197
780,0.8037109375,0.040489086800054454,0.1962890625,0.040489086800054454,12206.669921875,234.21636644083253
781,0.8021484375,0.038906426486798505,0.1978515625,0.038906426486798505,12222.744140625,234.0305292885281
782,0.79853515625,0.03768835448250073,0.20146484375,0.03768835448250073,12238.787109375,233.90240054584652
783,0.80205078125,0.03684126523142954,0.19794921875,0.03684126523142954,12254.7578125,233.77143267121903
784,0.8052734375,0.03391695899431249,0.1947265625,0.03391695899431249,12270.798828125,233.58699422093505
785,0.80869140625,0.03279403893801683,0.19130859375,0.03279403893801683,12286.904296875,233.4366589471049
786,0.808984375,0.03382404258709467,0.191015625,0.03382404258709466,12303.078125,233.3079116742085
787,0.803515625,0.03748982609384678,0.196484375,0.03748982609384678,12319.2578125,233.1476678131563
788,0.80439453125,0.04078256422241819,0.19560546875,0.04078256422241819,12335.328125,232.9937163066397
789,0.80908203125,0.03776722112272768,0.19091796875,0.03776722112272768,12351.416015625,232.95670431249013
790,0.80537109375,0.03540507108067345,0.19462890625,0.03540507108067344,12367.59765625,232.85534748852967
791,0.805078125,0.032218275449645326,0.194921875,0.032218275449645326,12383.705078125,232.80246200734413
792,0.80244140625,0.03235665621311858,0.19755859375,0.032356656213118576,12399.806640625,232.78335752645697
793,0.8001953125,0.035852480954949265,0.1998046875,0.035852480954949265,12415.85546875,232.67518247451915
794,0.79951171875,0.036991099550065444,0.20048828125,0.03699109955006544,12431.859375,232.6784273397867
795,0.79755859375,0.03894770730632222,0.20244140625,0.03894770730632222,12447.849609375,232.6333400619002
796,0.7982421875,0.03498820514847423,0.2017578125,0.034988205148474234,12463.80078125,232.46865800829315
797,0.8060546875,0.03741190417140604,0.1939453125,0.037411904171406045,12479.765625,232.28171423787776
798,0.80595703125,0.03175270105121534,0.19404296875,0.03175270105121533,12495.88671875,232.0025182455786
799,0.80771484375,0.03024964412763616,0.19228515625,0.03024964412763616,12512.005859375,231.68650803252004
800,0.8076171875,0.02883093016501007,0.1923828125,0.02883093016501007,12528.16015625,231.36137286532076
801,0.805859375,0.025644018047511465,0.194140625,0.025644018047511468,12544.3125,231.0839460025245
802,0.806640625,0.029549690423108708,0.193359375,0.029549690423108708,12560.4296875,230.97788307693688
803,0.808203125,0.027951532104209535,0.191796875,0.027951532104209535,12576.5625,230.73912652579688
804,0.81201171875,0.029339974807489212,0.18798828125,0.029339974807489212,12592.7265625,230.3751934048632
805,0.81416015625,0.020032865224098976,0.18583984375,0.020032865224098972,12608.966796875,230.03923404095798
806,0.8193359375,0.01714416589736597,0.1806640625,0.01714416589736597,12625.25,229.82903649636114
807,0.82109375,0.01961310970411436,0.17890625,0.01961310970411436,12641.63671875,229.69492936140497
808,0.8220703125,0.02412247750332535,0.1779296875,0.02412247750332535,12658.05859375,229.6550876631101
809,0.82109375,0.022117793229518852,0.17890625,0.022117793229518855,12674.5,229.582811096299
810,0.81943359375,0.020814531106902106,0.18056640625,0.020814531106902102,12690.921875,229.45705113336425
811,0.81357421875,0.023406758810912427,0.18642578125,0.023406758810912427,12707.310546875,229.38565214197652
812,0.8171875,0.02589566821544134,0.1828125,0.02589566821544134,12723.58203125,229.22488725035186
813,0.81650390625,0.02532085516282493,0.18349609375,0.02532085516282493,12739.92578125,229.00229573660766
814,0.809765625,0.019627691582442104,0.190234375,0.019627691582442108,12756.255859375,228.72281707012186
815,0.8123046875,0.01811674785203942,0.1876953125,0.01811674785203942,12772.451171875,228.3912931746833
816,0.8111328125,0.014753529271891608,0.1888671875,0.014753529271891608,12788.697265625,228.17189359935864
817,0.81396484375,0.024080732299720877,0.18603515625,0.024080732299720877,12804.919921875,228.05787544025637
818,0.8126953125,0.025528471964835167,0.1873046875,0.025528471964835167,12821.19921875,227.9353297689605
819,0.812109375,0.022973931175832206,0.187890625,0.02297393117583221,12837.453125,227.7701864330773
820,0.81181640625,0.02463977691797113,0.18818359375,0.02463977691797113,12853.6953125,227.73862959013513
821,0.81015625,0.02590082356089884,0.18984375,0.02590082356089884,12869.931640625,227.6529806788591
822,0.8123046875,0.02153226197277152,0.1876953125,0.02153226197277152,12886.134765625,227.455701677796
823,0.81357421875,0.025820615365564882,0.18642578125,0.025820615365564882,12902.380859375,227.35893394076663
824,0.81572265625,0.024893917079157016,0.18427734375,0.024893917079157016,12918.65234375,227.24996387577923
825,0.815625,0.020751895680067554,0.184375,0.02075189568006755,12934.966796875,227.17526813305287
826,0.81484375,0.02113169330446717,0.18515625,0.02113169330446717,12951.279296875,227.10965588332144
827,0.81396484375,0.023340660942806873,0.18603515625,0.023340660942806873,12967.576171875,227.1270322986935
828,0.81328125,0.024973282843011077,0.18671875,0.024973282843011077,12983.85546875,227.18644942049903
829,0.81572265625,0.02792712646693525,0.18427734375,0.027927126466935247,13000.12109375,227.23049168211924
830,0.8185546875,0.025947175576739683,0.1814453125,0.02594717557673968,13016.435546875,227.24060248152884
831,0.81318359375,0.031045012496427188,0.18681640625,0.031045012496427184,13032.806640625,227.12919732069503
832,0.81689453125,0.026454751881178674,0.18310546875,0.026454751881178674,13049.0703125,226.9955717822809
833,0.82041015625,0.02753646513682258,0.17958984375,0.02753646513682258,13065.408203125,226.86879861726527
834,0.8189453125,0.02683042155830008,0.1810546875,0.02683042155830008,13081.81640625,226.66855899170483
835,0.81767578125,0.029886801459662053,0.18232421875,0.029886801459662053,13098.1953125,226.41720896985765
836,0.819140625,0.025419904992431006,0.180859375,0.025419904992431006,13114.548828125,226.1702432492546
837,0.8244140625,0.02590671412808005,0.1755859375,0.02590671412808005,13130.931640625,226.0185654787468
838,0.82568359375,0.024430658421803773,0.17431640625,0.024430658421803773,13147.419921875,225.91243223046712
839,0.8255859375,0.02233832019907509,0.1744140625,0.02233832019907509,13163.93359375,225.79807652481162
840,0.82529296875,0.021375121713035232,0.17470703125,0.021375121713035235,13180.4453125,225.7433842125768
841,0.818359375,0.022230475270711574,0.181640625,0.022230475270711574,13196.951171875,225.72136229464124
842,0.82080078125,0.02183332560687135,0.17919921875,0.02183332560687135,13213.318359375,225.66908699082535
843,0.8212890625,0.02587061335287407,0.1787109375,0.02587061335287407,13229.734375,225.6453665969563
844,0.82109375,0.026775627053377528,0.17890625,0.026775627053377528,13246.16015625,225.5740478468472
845,0.82802734375,0.027781272244524983,0.17197265625,0.027781272244524983,13262.58203125,225.47481025698815
846,0.828125,0.027631714708190726,0.171875,0.027631714708190726,13279.142578125,225.33551922796931
847,0.8244140625,0.024654286895075418,0.1755859375,0.024654286895075418,13295.705078125,225.1631165748608
848,0.8234375,0.025888301655335684,0.1765625,0.025888301655335684,13312.193359375,225.00832674513353
849,0.823828125,0.025882406897667114,0.176171875,0.02588240689766711,13328.662109375,224.90196690596142
850,0.8203125,0.027336773663619075,0.1796875,0.027336773663619075,13345.138671875,224.86383487789323
851,0.8177734375,0.029871321319994263,0.1822265625,0.029871321319994263,13361.544921875,224.86113886710956
852,0.81513671875,0.036151415185941047,0.18486328125,0.036151415185941047,13377.900390625,224.88578173420032
853,0.8099609375,0.03194180537577772,0.1900390625,0.03194180537577772,13394.203125,224.84858182867467
854,0.8107421875,0.026460338927020804,0.1892578125,0.026460338927020807,13410.40234375,224.7476573648028
855,0.8078125,0.03028855469331867,0.1921875,0.03028855469331867,13426.6171875,224.65216912301292
856,0.80595703125,0.030254687994257727,0.19404296875,0.03025468799425773,13442.7734375,224.55974502635976
857,0.79990234375,0.032645390361287156,0.20009765625,0.032645390361287156,13458.892578125,224.53003354947586
858,0.8,0.029793319834121895,0.2,0.029793319834121895,13474.890625,224.53503732480192
859,0.79970703125,0.030715801543790767,0.20029296875,0.030715801543790767,13490.890625,224.5952164695106
860,0.7990234375,0.027905775384401837,0.2009765625,0.02790577538440184,13506.884765625,224.68303500900043
861,0.7994140625,0.03314332850830428,0.2005859375,0.03314332850830427,13522.865234375,224.87018859533734
862,0.79970703125,0.029525313815161883,0.20029296875,0.02952531381516188,13538.853515625,225.05918666156006
863,0.7958984375,0.0320663631855753,0.2041015625,0.0320663631855753,13554.84765625,225.1629656815302
864,0.79306640625,0.030864473718420004,0.20693359375,0.030864473718420004,13570.765625,225.33869852454188
865,0.792578125,0.026226476392471096,0.207421875,0.026226476392471096,13586.626953125,225.51848288869843
866,0.79384765625,0.022779039901046676,0.20615234375,0.022779039901046676,13602.478515625,225.74013051608955
867,0.79580078125,0.026987247705097476,0.20419921875,0.026987247705097476,13618.35546875,225.8900357990928
868,0.79365234375,0.025323114877414402,0.20634765625,0.0253231148774144,13634.271484375,226.12327863503023
869,0.79521484375,0.0231305172498816,0.20478515625,0.0231305172498816,13650.14453125,226.300458004598
870,0.79091796875,0.029167847382397825,0.20908203125,0.029167847382397825,13666.048828125,226.43066174391953
871,0.7904296875,0.028431892261307438,0.2095703125,0.028431892261307438,13681.8671875,226.5389469842491
872,0.7919921875,0.029319652603818375,0.2080078125,0.029319652603818375,13697.67578125,226.659580493937
873,0.79345703125,0.02973708980192405,0.20654296875,0.02973708980192405,13713.515625,226.88766839254072
874,0.79677734375,0.023061973669150727,0.20322265625,0.023061973669150727,13729.384765625,227.13250515955423
875,0.79462890625,0.025693246166250974,0.20537109375,0.025693246166250974,13745.3203125,227.31395470292964
876,0.796484375,0.025240693142860225,0.203515625,0.02524069314286023,13761.212890625,227.46586410635044
877,0.8013671875,0.02000499662926037,0.1986328125,0.02000499662926037,13777.142578125,227.55521302158104
878,0.79873046875,0.020181792878581063,0.20126953125,0.020181792878581063,13793.169921875,227.56109302717567
879,0.7923828125,0.0188463912302155,0.2076171875,0.0188463912302155,13809.14453125,227.60576473370494
880,0.79541015625,0.02015247398315159,0.20458984375,0.02015247398315159,13824.9921875,227.68676774448844
881,0.79404296875,0.0212632889428009,0.20595703125,0.0212632889428009,13840.900390625,227.75179591554294
882,0.794140625,0.0242722443482906,0.205859375,0.0242722443482906,13856.78125,227.88292666494536
883,0.79140625,0.025252025560771853,0.20859375,0.025252025560771853,13872.6640625,227.92418474237988
884,0.79345703125,0.018530257354447896,0.20654296875,0.018530257354447896,13888.4921875,227.86451624254966
885,0.797265625,0.01726169178898664,0.202734375,0.01726169178898664,13904.361328125,227.86106341124318
886,0.7943359375,0.02124870745149867,0.2056640625,0.021248707451498663,13920.306640625,227.84346290604822
887,0.79443359375,0.021041466236733634,0.20556640625,0.021041466236733634,13936.193359375,227.82104466953362
888,0.7951171875,0.020050709334689856,0.2048828125,0.020050709334689852,13952.08203125,227.8020590149059
889,0.78896484375,0.02573181962352634,0.21103515625,0.025731819623526345,13967.984375,227.71193168382013
890,0.78837890625,0.02157761196269632,0.21162109375,0.021577611962696322,13983.763671875,227.60849950604612
891,0.787109375,0.022503356683208815,0.212890625,0.022503356683208815,13999.53125,227.54790604461314
892,0.79169921875,0.02102695769314005,0.20830078125,0.02102695769314005,14015.2734375,227.64699458654644
893,0.7962890625,0.022965627445060425,0.2037109375,0.02296562744506042,14031.107421875,227.69422872078934
894,0.79384765625,0.023193924746398607,0.20615234375,0.023193924746398604,14047.033203125,227.7734246795813
895,0.79716796875,0.02674800943829527,0.20283203125,0.02674800943829527,14062.91015625,227.88067218126284
896,0.7986328125,0.027936515773700533,0.2013671875,0.027936515773700533,14078.853515625,227.93131125740442
897,0.7962890625,0.028943836416479178,0.2037109375,0.02894383641647918,14094.826171875,228.03436292228056
898,0.7958984375,0.02384492875731455,0.2041015625,0.02384492875731455,14110.751953125,228.18250128966048
899,0.79423828125,0.023579687512942316,0.20576171875,0.023579687512942316,14126.669921875,228.2748999577354
900,0.79541015625,0.022974138730647534,0.20458984375,0.022974138730647534,14142.5546875,228.39088121639782
901,0.79326171875,0.02931330919267211,0.20673828125,0.02931330919267211,14158.462890625,228.48860518176065
902,0.78759765625,0.032650648302824346,0.21240234375,0.032650648302824346,14174.328125,228.61590935188448
903,0.79013671875,0.034988886567416506,0.20986328125,0.034988886567416506,14190.080078125,228.72788710311116
904,0.78837890625,0.03625152058536272,0.21162109375,0.03625152058536271,14205.8828125,228.75750283199176
905,0.7904296875,0.03592422903742812,0.2095703125,0.03592422903742812,14221.650390625,228.77402645317048
906,0.79462890625,0.03343225741063994,0.20537109375,0.03343225741063994,14237.458984375,228.87417324881454
907,0.78974609375,0.03777429084642352,0.21025390625,0.03777429084642351,14253.3515625,229.02406897512296
908,0.79033203125,0.036578881921966025,0.20966796875,0.036578881921966025,14269.146484375,229.09998251966113
909,0.79111328125,0.037384491088554295,0.20888671875,0.03738449108855429,14284.953125,229.29005014065888
910,0.792578125,0.03683388697235451,0.207421875,0.03683388697235451,14300.775390625,229.46723984246464
911,0.7935546875,0.02971126207750659,0.2064453125,0.02971126207750659,14316.626953125,229.81984787959598
912,0.7916015625,0.029797800850849297,0.2083984375,0.0297978008508493,14332.498046875,230.07251267328542
913,0.790234375,0.030673391295938407,0.209765625,0.030673391295938407,14348.330078125,230.31087900158062
914,0.79150390625,0.033992932875432105,0.20849609375,0.033992932875432105,14364.134765625,230.56759583324265
915,0.79580078125,0.03748639177730294,0.20419921875,0.03748639177730294,14379.96484375,230.82844246687748
916,0.79326171875,0.03857372428480552,0.20673828125,0.03857372428480552,14395.880859375,231.1084777719705
917,0.79228515625,0.035590444838382466,0.20771484375,0.035590444838382466,14411.74609375,231.39314123884037
918,0.79580078125,0.037712132945691056,0.20419921875,0.03771213294569105,14427.591796875,231.62426972621498
919,0.79697265625,0.03649378914443065,0.20302734375,0.03649378914443065,14443.5078125,231.8139403857182
920,0.80224609375,0.034717449284042155,0.19775390625,0.034717449284042155,14459.447265625,231.97609710055707
921,0.8029296875,0.04024290716571602,0.1970703125,0.04024290716571601,14475.4921875,232.19114036119348
922,0.8013671875,0.04232742276318554,0.1986328125,0.04232742276318554,14491.55078125,232.5248278743647
923,0.79921875,0.04865241823684583,0.20078125,0.04865241823684583,14507.578125,232.9121622686149
924,0.8021484375,0.04159789449792088,0.1978515625,0.04159789449792088,14523.5625,233.3369470189327
925,0.8064453125,0.03827776211789172,0.1935546875,0.03827776211789172,14539.60546875,233.6238686098938
926,0.803125,0.037895658492988184,0.196875,0.037895658492988184,14555.734375,233.86619759269368
927,0.7970703125,0.03580350358750698,0.2029296875,0.03580350358750698,14571.796875,234.05901045801872
928,0.794140625,0.03649731686279956,0.205859375,0.03649731686279957,14587.73828125,234.23094446605253
929,0.7908203125,0.03896423186392994,0.2091796875,0.03896423186392994,14603.62109375,234.39196019364223
930,0.791796875,0.038100457969175876,0.208203125,0.038100457969175876,14619.4375,234.5926825693587
931,0.791796875,0.0396460321006797,0.208203125,0.0396460321006797,14635.2734375,234.85027900599636
932,0.79423828125,0.038913411779655196,0.20576171875,0.038913411779655196,14651.109375,235.12001346246734
933,0.797265625,0.03249826279912416,0.202734375,0.03249826279912416,14666.994140625,235.29003936040917
934,0.79931640625,0.035985367450287714,0.20068359375,0.035985367450287714,14682.939453125,235.4189240428982
935,0.7998046875,0.04542223041764111,0.2001953125,0.04542223041764111,14698.92578125,235.60341280293383
936,0.79873046875,0.04095151704952121,0.20126953125,0.04095151704952121,14714.921875,235.84054315372484
937,0.8021484375,0.039167826750328524,0.1978515625,0.03916782675032851,14730.896484375,236.10538984849336
938,0.802734375,0.04055263235858971,0.197265625,0.04055263235858971,14746.939453125,236.29679448346394
939,0.804296875,0.03901901876884648,0.195703125,0.03901901876884648,14762.994140625,236.55689406007565
940,0.800390625,0.03907031171890621,0.199609375,0.03907031171890621,14779.080078125,236.76012756696107
941,0.79833984375,0.04056262583191432,0.20166015625,0.04056262583191432,14795.087890625,236.94248999410323
942,0.79453125,0.046151645314488794,0.20546875,0.04615164531448879,14811.0546875,237.14340391112438
943,0.7958984375,0.0455689637422552,0.2041015625,0.0455689637422552,14826.9453125,237.44805423648634
944,0.79501953125,0.04847617297511713,0.20498046875,0.04847617297511713,14842.86328125,237.68643134471463
945,0.79873046875,0.048306688440331834,0.20126953125,0.048306688440331834,14858.763671875,237.93924611690667
946,0.797265625,0.048375243509157784,0.202734375,0.04837524350915779,14874.73828125,238.2151149255729
947,0.79716796875,0.044269744261267285,0.20283203125,0.044269744261267285,14890.68359375,238.49961657863162
948,0.7916015625,0.04492017659832828,0.2083984375,0.04492017659832828,14906.626953125,238.77902589283119
949,0.79208984375,0.043468441268954404,0.20791015625,0.04346844126895441,14922.458984375,239.04665370307313
950,0.79287109375,0.03681899651033852,0.20712890625,0.03681899651033852,14938.30078125,239.32528512894493
951,0.79326171875,0.03712491964723259,0.20673828125,0.03712491964723259,14954.158203125,239.57759679234647
952,0.79345703125,0.03744770217996787,0.20654296875,0.03744770217996787,14970.0234375,239.86633342375552
953,0.78974609375,0.03960812779255597,0.21025390625,0.03960812779255597,14985.892578125,240.09033903762233
954,0.7912109375,0.04140394672249517,0.2087890625,0.04140394672249518,15001.6875,240.15992053173562
955,0.79453125,0.0401703259923545,0.20546875,0.0401703259923545,15017.51171875,240.24743076185206
956,0.791796875,0.036055660875268174,0.208203125,0.036055660875268174,15033.40234375,240.39852160159475
957,0.7908203125,0.03522887463996597,0.2091796875,0.03522887463996597,15049.23828125,240.57958428959247
958,0.79248046875,0.03603568554828075,0.20751953125,0.03603568554828075,15065.0546875,240.76744857732243
959,0.79296875,0.034482475805767084,0.20703125,0.034482475805767084,15080.904296875,240.96671214854135
960,0.79736328125,0.03348413370662302,0.20263671875,0.03348413370662302,15096.763671875,241.1566955791656
961,0.79755859375,0.03804347091579959,0.20244140625,0.038043470915799585,15112.7109375,241.3371044974273
962,0.79365234375,0.03736816119138317,0.20634765625,0.03736816119138318,15128.662109375,241.51881702636283
963,0.79814453125,0.035356552867728444,0.20185546875,0.035356552867728444,15144.53515625,241.65401673280869
964,0.80078125,0.03991979186712831,0.19921875,0.03991979186712831,15160.498046875,241.76659087064152
965,0.79775390625,0.038473216264707795,0.20224609375,0.0384732162647078,15176.513671875,241.93388328125334
966,0.7990234375,0.033749525278779384,0.2009765625,0.033749525278779384,15192.46875,242.1170040104194
967,0.8017578125,0.034507357932256184,0.1982421875,0.034507357932256184,15208.44921875,242.26823522003636
968,0.79970703125,0.030759238491280573,0.20029296875,0.030759238491280573,15224.484375,242.52696380150468
969,0.80068359375,0.031043169296728575,0.19931640625,0.031043169296728575,15240.478515625,242.74632844201045
970,0.80517578125,0.029391935620448707,0.19482421875,0.029391935620448707,15256.4921875,242.99116738675608
971,0.8087890625,0.02538987378696414,0.1912109375,0.02538987378696414,15272.595703125,243.23919152674839
972,0.8083984375,0.029110081597033308,0.1916015625,0.029110081597033315,15288.771484375,243.4495989906078
973,0.8076171875,0.029077958128551278,0.1923828125,0.029077958128551278,15304.939453125,243.72982602093163
974,0.8099609375,0.029530965813778107,0.1900390625,0.029530965813778107,15321.091796875,243.8571860075298
975,0.80986328125,0.02843138912063745,0.19013671875,0.02843138912063745,15337.291015625,243.92942553133102
976,0.81142578125,0.03364665279433744,0.18857421875,0.033646652794337435,15353.48828125,244.1344207336665
977,0.80859375,0.03850678936432428,0.19140625,0.03850678936432428,15369.716796875,244.4144992370264
978,0.80400390625,0.03839530303362568,0.19599609375,0.038395303033625684,15385.888671875,244.77759005283048
979,0.806640625,0.039301029539333475,0.193359375,0.039301029539333475,15401.96875,245.17748663819773
980,0.8103515625,0.04283270366121764,0.1896484375,0.04283270366121765,15418.1015625,245.60184962542263
981,0.80791015625,0.04328728258528322,0.19208984375,0.04328728258528322,15434.30859375,246.03576173816103
982,0.80927734375,0.03987210330785652,0.19072265625,0.03987210330785652,15450.466796875,246.56372138858256
983,0.80322265625,0.040733895706148875,0.19677734375,0.040733895706148875,15466.65234375,246.99499611670163
984,0.80224609375,0.04205629644800944,0.19775390625,0.04205629644800944,15482.716796875,247.50162628101916
985,0.803515625,0.041834733876243244,0.196484375,0.041834733876243244,15498.76171875,248.00339404213986
986,0.805859375,0.03866694255160424,0.194140625,0.03866694255160424,15514.83203125,248.43081923996908
987,0.80390625,0.03553345814790926,0.19609375,0.03553345814790926,15530.94921875,248.75892986582065
988,0.80087890625,0.03369480281791951,0.19912109375,0.03369480281791951,15547.02734375,249.14502727055876
989,0.8005859375,0.03610059797050632,0.1994140625,0.03610059797050632,15563.044921875,249.44577061593955
990,0.7998046875,0.040486731345455176,0.2001953125,0.040486731345455176,15579.056640625,249.77652824116836
991,0.8009765625,0.03840709941722404,0.1990234375,0.03840709941722404,15595.052734375,250.1481487079856
992,0.7974609375,0.044692433758455205,0.2025390625,0.0446924337584552,15611.072265625,250.53811371546402
993,0.79794921875,0.04154340950929794,0.20205078125,0.04154340950929795,15627.021484375,250.87249807071026
994,0.799609375,0.040704736952246266,0.200390625,0.04070473695224627,15642.98046875,251.20939090936605
995,0.80654296875,0.03656167053846797,0.19345703125,0.03656167053846797,15658.97265625,251.47384346759458
996,0.8099609375,0.034917264971162994,0.1900390625,0.034917264971162994,15675.103515625,251.69290917691293
997,0.81064453125,0.03606266945942908,0.18935546875,0.036062669459429084,15691.302734375,251.92308339704147
998,0.81064453125,0.036247311196414646,0.18935546875,0.036247311196414646,15707.515625,252.23253792698299
999,0.80849609375,0.038044473623203165,0.19150390625,0.038044473623203165,15723.728515625,252.53272820054127
1000,0.81181640625,0.03551802250246136,0.18818359375,0.03551802250246136,15739.8984375,252.87776672086733
1001,0.812109375,0.03457969064180321,0.187890625,0.03457969064180321,15756.134765625,253.2394676993317
1002,0.812109375,0.03582853299893073,0.187890625,0.03582853299893073,15772.376953125,253.59134393985516
1003,0.81240234375,0.030381768120148065,0.18759765625,0.030381768120148065,15788.619140625,254.05744072074998
1004,0.81279296875,0.03019157909689816,0.18720703125,0.030191579096898156,15804.8671875,254.46958103018468
1005,0.81376953125,0.035210597099045185,0.18623046875,0.035210597099045185,15821.123046875,254.77330655446724
1006,0.81611328125,0.03702717561479391,0.18388671875,0.03702717561479391,15837.3984375,255.18488756833096
1007,0.81328125,0.03777365967488953,0.18671875,0.03777365967488953,15853.720703125,255.66966655700355
1008,0.813671875,0.04066254274897845,0.186328125,0.04066254274897845,15869.986328125,256.1519812786346
1009,0.81513671875,0.0377944827700611,0.18486328125,0.037794482770061096,15886.259765625,256.7017646877499
1010,0.81337890625,0.03440065293690443,0.18662109375,0.03440065293690443,15902.5625,257.14857765737486
1011,0.8140625,0.0353488647105975,0.1859375,0.0353488647105975,15918.830078125,257.5892732474883
1012,0.81494140625,0.037615407741192076,0.18505859375,0.037615407741192076,15935.111328125,258.0381613387093
1013,0.81591796875,0.04392631968044836,0.18408203125,0.04392631968044836,15951.41015625,258.5426099179562
1014,0.8130859375,0.041512981544557244,0.1869140625,0.041512981544557244,15967.728515625,259.1550878565192
1015,0.81279296875,0.04046093014608207,0.18720703125,0.04046093014608207,15983.990234375,259.71682724959874
1016,0.81357421875,0.040774144982425466,0.18642578125,0.040774144982425466,16000.24609375,260.27334372770525
1017,0.815625,0.042385062584281236,0.184375,0.042385062584281236,16016.517578125,260.7864608728587
1018,0.81669921875,0.040503334379100135,0.18330078125,0.040503334379100135,16032.830078125,261.38611170146623
1019,0.81044921875,0.045435770665648946,0.18955078125,0.045435770665648946,16049.1640625,261.92964462410544
1020,0.8095703125,0.04105745634692543,0.1904296875,0.04105745634692543,16065.373046875,262.58752558234977
1021,0.81025390625,0.037761665411284354,0.18974609375,0.037761665411284354,16081.564453125,263.17247330547127
1022,0.8111328125,0.04250728769088822,0.1888671875,0.042507287690888226,16097.76953125,263.7410415357391
1023,0.80859375,0.046525798901028086,0.19140625,0.046525798901028086,16113.9921875,264.3522466441058
1024,0.804296875,0.045805257810282066,0.195703125,0.045805257810282066,16130.1640625,264.9625046600602
1025,0.80166015625,0.0426444840185916,0.19833984375,0.0426444840185916,16146.25,265.4995079251487
1026,0.8,0.0499228836459137,0.2,0.0499228836459137,16162.283203125,266.0549033516252
1027,0.80009765625,0.04958216604360075,0.19990234375,0.04958216604360075,16178.283203125,266.74115485387614
1028,0.80380859375,0.04947703574427271,0.19619140625,0.04947703574427271,16194.28515625,267.30681104049273
1029,0.80478515625,0.04895384206529761,0.19521484375,0.048953842065297605,16210.361328125,267.8898785865244
1030,0.8029296875,0.043434092436036784,0.1970703125,0.043434092436036784,16226.45703125,268.45034694638554
1031,0.80947265625,0.04091657030724848,0.19052734375,0.04091657030724848,16242.515625,268.9402226676595
1032,0.81162109375,0.037873632022338136,0.18837890625,0.037873632022338136,16258.705078125,269.41656145903397
1033,0.81044921875,0.04304957331181229,0.18955078125,0.0430495733118123,16274.9375,269.9032142100082
1034,0.812109375,0.04332284849430098,0.187890625,0.04332284849430098,16291.146484375,270.4285698816485
1035,0.81298828125,0.0497611060853053,0.18701171875,0.0497611060853053,16307.388671875,270.85951330876236
1036,0.80869140625,0.05028196936757196,0.19130859375,0.05028196936757196,16323.6484375,271.4309056495742
1037,0.8111328125,0.04988160420913267,0.1888671875,0.04988160420913267,16339.822265625,272.0202450020007
1038,0.81044921875,0.05181940983803187,0.18955078125,0.05181940983803187,16356.044921875,272.63376326646204
1039,0.81044921875,0.05311359956374793,0.18955078125,0.053113599563747935,16372.25390625,273.2186681823015
1040,0.81357421875,0.04977873481292182,0.18642578125,0.049778734812921825,16388.462890625,273.8275049378344
1041,0.8078125,0.05320572049928143,0.1921875,0.053205720499281434,16404.734375,274.3383208694792
1042,0.8115234375,0.05005680671922432,0.1884765625,0.05005680671922432,16420.890625,274.94542307883046
1043,0.80654296875,0.0484899421566622,0.19345703125,0.0484899421566622,16437.12109375,275.5477618790218
1044,0.807421875,0.050027839539639386,0.192578125,0.05002783953963939,16453.251953125,276.1585271606975
1045,0.80673828125,0.047248774275447894,0.19326171875,0.047248774275447894,16469.400390625,276.77702979025
1046,0.80751953125,0.049880170281677086,0.19248046875,0.04988017028167708,16485.53515625,277.3549414830453
1047,0.80732421875,0.04994246033058514,0.19267578125,0.04994246033058514,16501.685546875,277.9749631036171
1048,0.8087890625,0.052766555574596974,0.1912109375,0.052766555574596974,16517.83203125,278.57214264830566
1049,0.81005859375,0.054532512661106945,0.18994140625,0.054532512661106945,16534.0078125,279.2418132732836
1050,0.81025390625,0.056921196924359894,0.18974609375,0.056921196924359894,16550.208984375,280.00709988584345
1051,0.81484375,0.05679733171240035,0.18515625,0.05679733171240035,16566.4140625,280.88428808252337
1052,0.8115234375,0.048530341970739035,0.1884765625,0.048530341970739035,16582.7109375,281.742182977749
1053,0.8142578125,0.04932520419666774,0.1857421875,0.049325204196667735,16598.94140625,282.469761916377
1054,0.81240234375,0.0551138687486406,0.18759765625,0.0551138687486406,16615.2265625,283.22160098675903
1055,0.81572265625,0.052253029621393804,0.18427734375,0.0522530296213938,16631.474609375,284.07241293687525
1056,0.8150390625,0.05178028698372757,0.1849609375,0.05178028698372757,16647.7890625,284.87244543024036
1057,0.8193359375,0.05040424961157789,0.1806640625,0.05040424961157789,16664.08984375,285.6597820715049
1058,0.82041015625,0.044494077995667805,0.17958984375,0.044494077995667805,16680.4765625,286.4187239690581
1059,0.82197265625,0.04627721449768815,0.17802734375,0.04627721449768816,16696.884765625,287.09209666466904
1060,0.82861328125,0.04563222749501964,0.17138671875,0.04563222749501964,16713.32421875,287.8140870157199
1061,0.8267578125,0.047961449083034714,0.1732421875,0.04796144908303471,16729.896484375,288.5253063784993
1062,0.82646484375,0.04859917024759664,0.17353515625,0.04859917024759664,16746.431640625,289.29133428654967
1063,0.82626953125,0.046220301810335214,0.17373046875,0.046220301810335214,16762.9609375,290.0595344995181
1064,0.8267578125,0.0470703125,0.1732421875,0.047070312499999996,16779.486328125,290.7175227137984
1065,0.8263671875,0.05142841823494514,0.1736328125,0.05142841823494514,16796.021484375,291.33160096169206
1066,0.82421875,0.04600013666547294,0.17578125,0.04600013666547294,16812.548828125,292.1292592473903
1067,0.82783203125,0.044770997475662974,0.17216796875,0.044770997475662974,16829.033203125,292.875215960955
1068,0.827734375,0.04298694572124666,0.172265625,0.04298694572124666,16845.58984375,293.5457257031914
1069,0.82900390625,0.04427491412334849,0.17099609375,0.04427491412334848,16862.14453125,294.22297760878314
1070,0.82861328125,0.0406682884226462,0.17138671875,0.0406682884226462,16878.724609375,294.901054605776
1071,0.8248046875,0.040663480873602206,0.1751953125,0.040663480873602206,16895.296875,295.5060497510214
1072,0.82890625,0.04396874375333112,0.17109375,0.04396874375333111,16911.79296875,296.01058825035847
1073,0.82763671875,0.0448182611100728,0.17236328125,0.0448182611100728,16928.37109375,296.51277979669555
1074,0.83017578125,0.04302963105302636,0.16982421875,0.04302963105302636,16944.923828125,296.94739074870995
1075,0.83427734375,0.036903339423029036,0.16572265625,0.036903339423029036,16961.52734375,297.2898825157288
1076,0.8333984375,0.03950481993807647,0.1666015625,0.03950481993807646,16978.212890625,297.5198657992379
1077,0.83857421875,0.04139761204858555,0.16142578125,0.041397612048585546,16994.880859375,297.7669017039952
1078,0.83623046875,0.0398625348258143,0.16376953125,0.039862534825814304,17011.65234375,298.1165504393777
1079,0.83408203125,0.03852523590946437,0.16591796875,0.03852523590946437,17028.376953125,298.47753375059756
1080,0.83427734375,0.039238009036512214,0.16572265625,0.039238009036512214,17045.05859375,298.88443952114034
1081,0.8326171875,0.03840312630324882,0.1673828125,0.03840312630324882,17061.744140625,299.2055732618518
1082,0.83427734375,0.03425507868403478,0.16572265625,0.03425507868403478,17078.396484375,299.474954115102
1083,0.833984375,0.03013450985302451,0.166015625,0.03013450985302451,17095.08203125,299.7638362589566
1084,0.83291015625,0.03136712061208622,0.16708984375,0.03136712061208622,17111.76171875,300.0281418380206
1085,0.83818359375,0.032003995884318515,0.16181640625,0.032003995884318515,17128.419921875,300.3034422017568
1086,0.837890625,0.032746166208690565,0.162109375,0.032746166208690565,17145.18359375,300.5739367984921
1087,0.83291015625,0.03471799867162125,0.16708984375,0.03471799867162126,17161.94140625,300.7974200706226
1088,0.82890625,0.035822144173452176,0.17109375,0.035822144173452176,17178.599609375,300.9603319928692
1089,0.8326171875,0.03541086186728013,0.1673828125,0.035410861867280125,17195.177734375,301.16934307691594
1090,0.83857421875,0.031411478546815814,0.16142578125,0.031411478546815814,17211.830078125,301.4601888673766
1091,0.83935546875,0.030125805602639208,0.16064453125,0.030125805602639208,17228.6015625,301.6600389233747
1092,0.843359375,0.034355574234133116,0.156640625,0.034355574234133116,17245.388671875,301.82010183992764
1093,0.83916015625,0.03471964678219904,0.16083984375,0.03471964678219904,17262.255859375,302.0493768974486
1094,0.8388671875,0.035137256153825264,0.1611328125,0.035137256153825264,17279.0390625,302.3446285012269
1095,0.83603515625,0.03408315050096292,0.16396484375,0.034083150500962923,17295.81640625,302.62529534345583
1096,0.83310546875,0.03830179714040283,0.16689453125,0.03830179714040283,17312.537109375,302.86832475725464
1097,0.8341796875,0.03679917638105802,0.1658203125,0.03679917638105802,17329.19921875,303.17336505566385
1098,0.83544921875,0.03656636535557482,0.16455078125,0.03656636535557482,17345.8828125,303.5043961836593
1099,0.835546875,0.03371955911621899,0.164453125,0.03371955911621899,17362.591796875,303.79689449433255
1100,0.839453125,0.034113216615434594,0.160546875,0.03411321661543459,17379.302734375,304.11613307182796
1101,0.83955078125,0.034840295731595604,0.16044921875,0.034840295731595604,17396.091796875,304.40227290168383
1102,0.84560546875,0.0356905204176216,0.15439453125,0.0356905204176216,17412.8828125,304.6508380386894
1103,0.8453125,0.033108781406901704,0.1546875,0.033108781406901704,17429.794921875,304.9426567390636
1104,0.8451171875,0.03536774491498,0.1548828125,0.03536774491498,17446.701171875,305.2585690769443
1105,0.8359375,0.03097412407647208,0.1640625,0.03097412407647208,17463.603515625,305.6507703841623
1106,0.8353515625,0.03513237036218343,0.1646484375,0.03513237036218343,17480.322265625,305.92182649981936
1107,0.82919921875,0.03385011306360653,0.17080078125,0.03385011306360653,17497.029296875,306.1687818864973
1108,0.82822265625,0.03359275638973901,0.17177734375,0.03359275638973902,17513.61328125,306.4499047367435
1109,0.8306640625,0.029042515600449348,0.1693359375,0.029042515600449348,17530.177734375,306.79338569648235
1110,0.82978515625,0.03180371859898828,0.17021484375,0.03180371859898828,17546.791015625,307.1453473403964
1111,0.83134765625,0.03234191594475409,0.16865234375,0.03234191594475409,17563.38671875,307.59184905564183
1112,0.83369140625,0.03127455700164934,0.16630859375,0.03127455700164934,17580.013671875,308.02124121730003
1113,0.8357421875,0.03142893109796987,0.1642578125,0.03142893109796987,17596.6875,308.4819435263781
1114,0.8328125,0.031967471756275644,0.1671875,0.031967471756275644,17613.40234375,308.96718119433945
1115,0.83388671875,0.030690952829315825,0.16611328125,0.030690952829315825,17630.05859375,309.40695968622055
1116,0.83720703125,0.03233896708483835,0.16279296875,0.03233896708483834,17646.736328125,309.7621730786247
1117,0.8373046875,0.032445398093132946,0.1626953125,0.032445398093132946,17663.48046875,310.2639986210647
1118,0.83359375,0.04047071061852942,0.16640625,0.04047071061852942,17680.2265625,310.73335082796063
1119,0.83203125,0.043804026351573835,0.16796875,0.043804026351573835,17696.8984375,311.3266449345308
1120,0.828515625,0.04537853821970284,0.171484375,0.04537853821970284,17713.5390625,311.9720346926914
1121,0.831640625,0.0449074365383431,0.168359375,0.0449074365383431,17730.109375,312.69202122916545
1122,0.8341796875,0.04249965891981701,0.1658203125,0.042499658919817,17746.7421875,313.4051042726574
1123,0.8302734375,0.04260275592038289,0.1697265625,0.04260275592038288,17763.42578125,314.0943927661535
1124,0.82490234375,0.04082229828453372,0.17509765625,0.04082229828453372,17780.03125,314.75386266784886
1125,0.82421875,0.04148034717381421,0.17578125,0.04148034717381421,17796.529296875,315.2782752707464
1126,0.82109375,0.04044148001327427,0.17890625,0.04044148001327428,17813.013671875,315.860898903627
1127,0.82275390625,0.038018896323553805,0.17724609375,0.038018896323553805,17829.435546875,316.29726475278596
1128,0.8220703125,0.04047448077183943,0.1779296875,0.04047448077183943,17845.890625,316.80581857270005
1129,0.82041015625,0.03611552056672676,0.17958984375,0.03611552056672677,17862.33203125,317.3503240823781
1130,0.81962890625,0.03575619282470356,0.18037109375,0.03575619282470357,17878.740234375,317.7763353924891
1131,0.82626953125,0.031226950728212747,0.17373046875,0.031226950728212743,17895.1328125,318.2154713109352
1132,0.82470703125,0.035499759512073306,0.17529296875,0.035499759512073306,17911.658203125,318.55275046951886
1133,0.82861328125,0.03532740995551527,0.17138671875,0.03532740995551527,17928.15234375,319.017143075876
1134,0.8279296875,0.038260317937922804,0.1720703125,0.038260317937922804,17944.724609375,319.4986460064538
1135,0.82529296875,0.04138010027010879,0.17470703125,0.04138010027010879,17961.283203125,319.99928045787976
1136,0.8236328125,0.041965380251445805,0.1763671875,0.041965380251445805,17977.7890625,320.5971718533116
1137,0.817578125,0.044725709598854815,0.182421875,0.04472570959885482,17994.26171875,321.2271956487577
1138,0.8185546875,0.04344287427410061,0.1814453125,0.04344287427410061,18010.61328125,321.90017740387543
1139,0.81787109375,0.04607315896672217,0.18212890625,0.04607315896672217,18026.984375,322.55201363255054
1140,0.81787109375,0.04681239716094553,0.18212890625,0.04681239716094553,18043.341796875,323.2867730828143
1141,0.81015625,0.0462692797916869,0.18984375,0.04626927979168691,18059.69921875,324.03288843868455
1142,0.81123046875,0.05024516083299753,0.18876953125,0.05024516083299753,18075.90234375,324.7277180675337
1143,0.81142578125,0.04822172279118816,0.18857421875,0.04822172279118816,18092.126953125,325.54487821416546
1144,0.81416015625,0.04632664695813619,0.18583984375,0.046326646958136194,18108.35546875,326.35045644577133
1145,0.81689453125,0.043426297067301736,0.18310546875,0.043426297067301736,18124.638671875,327.09720567251986
1146,0.817578125,0.039164417824540124,0.182421875,0.039164417824540124,18140.9765625,327.7486292434299
1147,0.814453125,0.03788508738529458,0.185546875,0.03788508738529458,18157.328125,328.3954302963523
1148,0.81318359375,0.03575885988368007,0.18681640625,0.03575885988368007,18173.6171875,328.99106057031497
1149,0.81455078125,0.03907824389757252,0.18544921875,0.03907824389757252,18189.880859375,329.56916109295173
1150,0.8134765625,0.04699691177935924,0.1865234375,0.04699691177935924,18206.171875,330.2441695894896
1151,0.81669921875,0.04888873191769764,0.18330078125,0.04888873191769764,18222.44140625,330.98397302002127
1152,0.8146484375,0.051022563655241056,0.1853515625,0.05102256365524105,18238.775390625,331.73715848007856
1153,0.8138671875,0.048491417194220114,0.1861328125,0.04849141719422012,18255.068359375,332.44834157295134
1154,0.81826171875,0.043120404427070276,0.18173828125,0.043120404427070276,18271.345703125,333.1968970890438
1155,0.81748046875,0.042827471043723524,0.18251953125,0.042827471043723524,18287.7109375,333.8199883045873
1156,0.8173828125,0.038950033408702775,0.1826171875,0.038950033408702775,18304.060546875,334.3841995770559
1157,0.81767578125,0.04312615434511444,0.18232421875,0.04312615434511444,18320.408203125,334.99117841919787
1158,0.815234375,0.04034704340014039,0.184765625,0.04034704340014039,18336.76171875,335.614551664284
1159,0.8173828125,0.040143727528261265,0.1826171875,0.040143727528261265,18353.06640625,336.1748494968119
1160,0.81455078125,0.0447995319410124,0.18544921875,0.04479953194101238,18369.4140625,336.7551479838185
1161,0.81640625,0.04107371258752557,0.18359375,0.04107371258752557,18385.705078125,337.45186689399924
1162,0.8158203125,0.0441254986526799,0.1841796875,0.04412549865267991,18402.033203125,338.0712577657276
1163,0.81591796875,0.04637643800546992,0.18408203125,0.04637643800546992,18418.349609375,338.6952673413304
1164,0.8078125,0.04510788594593765,0.1921875,0.04510788594593764,18434.66796875,339.30886707901163
1165,0.8099609375,0.04464119172395778,0.1900390625,0.04464119172395777,18450.82421875,339.89404079671095
1166,0.810546875,0.04505542309092595,0.189453125,0.04505542309092595,18467.0234375,340.453916839823
1167,0.80703125,0.044043293547860025,0.19296875,0.04404329354786003,18483.234375,341.06575825739014
1168,0.808984375,0.04825483766328673,0.191015625,0.04825483766328673,18499.375,341.55867760309013
1169,0.81083984375,0.04043735302481259,0.18916015625,0.04043735302481259,18515.5546875,342.0611420570824
1170,0.81328125,0.03983082281099377,0.18671875,0.03983082281099377,18531.771484375,342.57338090558676
1171,0.81474609375,0.04176457663439431,0.18525390625,0.04176457663439431,18548.037109375,343.0715237273543
1172,0.814453125,0.04262334539608437,0.185546875,0.04262334539608437,18564.33203125,343.56306560456613
1173,0.81279296875,0.04354647571830988,0.18720703125,0.04354647571830987,18580.62109375,344.08529344220455
1174,0.81162109375,0.042865309618347065,0.18837890625,0.04286530961834707,18596.876953125,344.653100844933
1175,0.81328125,0.04201897764608124,0.18671875,0.042018977646081236,18613.109375,345.2210801903089
1176,0.8068359375,0.03519366498641171,0.1931640625,0.0351936649864117,18629.375,345.7995805807311
1177,0.8076171875,0.03684631266267952,0.1923828125,0.03684631266267952,18645.51171875,346.2267569221973
1178,0.80751953125,0.03804447362320317,0.19248046875,0.038044473623203165,18661.6640625,346.694683522496
1179,0.8072265625,0.03539469916532568,0.1927734375,0.03539469916532568,18677.814453125,347.1247161710222
1180,0.80947265625,0.033233126381472355,0.19052734375,0.03323312638147236,18693.958984375,347.55776432119524
1181,0.80693359375,0.03474435905942424,0.19306640625,0.03474435905942424,18710.1484375,348.0003241833459
1182,0.803125,0.033984375000000004,0.196875,0.033984375000000004,18726.287109375,348.4768190322888
1183,0.80263671875,0.030167563100179644,0.19736328125,0.03016756310017964,18742.349609375,348.9367786026265
1184,0.8005859375,0.03228805685888601,0.1994140625,0.03228805685888601,18758.40234375,349.37762742803267
1185,0.804296875,0.031971648054125626,0.195703125,0.031971648054125626,18774.4140625,349.8219912578781
1186,0.8072265625,0.037145849673270614,0.1927734375,0.03714584967327062,18790.5,350.2974521641226
1187,0.80615234375,0.035405609798451365,0.19384765625,0.035405609798451365,18806.64453125,350.74747473201256
1188,0.80625,0.039238373607718584,0.19375,0.039238373607718584,18822.767578125,351.2323008846466
1189,0.81142578125,0.03677753045292492,0.18857421875,0.03677753045292492,18838.892578125,351.7717045782338
1190,0.81025390625,0.035547545709675166,0.18974609375,0.035547545709675166,18855.12109375,352.26783171246194
1191,0.80859375,0.03597940406801986,0.19140625,0.03597940406801986,18871.326171875,352.6903432825763
1192,0.80625,0.036375347332426776,0.19375,0.036375347332426776,18887.498046875,353.1880668510029
1193,0.8095703125,0.036169744638939516,0.1904296875,0.036169744638939516,18903.623046875,353.6976081413519
1194,0.80966796875,0.03103087850081313,0.19033203125,0.03103087850081313,18919.814453125,354.1839728730921
1195,0.80908203125,0.03383827814758257,0.19091796875,0.03383827814758257,18936.0078125,354.5956612499579
1196,0.8126953125,0.03577419161413059,0.1873046875,0.03577419161413059,18952.189453125,355.04655392533266
1197,0.81328125,0.03576352675829673,0.18671875,0.035763526758296735,18968.443359375,355.5127419603937
1198,0.81328125,0.03161348662550675,0.18671875,0.03161348662550675,18984.708984375,355.9497125501473
1199,0.81328125,0.032760142379283666,0.18671875,0.032760142379283666,19000.974609375,356.4159067975455
1200,0.816796875,0.0303841222557754,0.183203125,0.030384122255775407,19017.240234375,356.8648327503179
1201,0.81748046875,0.0324108426730673,0.18251953125,0.0324108426730673,19033.576171875,357.3023760116842
1202,0.8203125,0.03041173050075877,0.1796875,0.03041173050075877,19049.92578125,357.7721402976606
1203,0.81904296875,0.030782792880510598,0.18095703125,0.030782792880510598,19066.33203125,358.23803916711415
1204,0.82158203125,0.025465821641946173,0.17841796875,0.025465821641946173,19082.712890625,358.7380394035034
1205,0.81904296875,0.02792712646693525,0.18095703125,0.027927126466935247,19099.14453125,359.1099001839914
1206,0.815625,0.030548773118776802,0.184375,0.0305487731187768,19115.525390625,359.5437112955584
1207,0.8177734375,0.02598904188021487,0.1822265625,0.02598904188021487,19131.837890625,360.00884452657493
1208,0.8232421875,0.02963348292973465,0.1767578125,0.02963348292973465,19148.193359375,360.410084408905
1209,0.82177734375,0.027250293695109538,0.17822265625,0.027250293695109538,19164.658203125,360.8361572936267
1210,0.81748046875,0.02152185119211058,0.18251953125,0.02152185119211058,19181.09375,361.2546946078635
1211,0.819921875,0.020457527636831358,0.180078125,0.020457527636831355,19197.443359375,361.5843311942818
1212,0.81611328125,0.020762233207407846,0.18388671875,0.020762233207407846,19213.841796875,361.867688046178
1213,0.816796875,0.021203778430425143,0.183203125,0.02120377843042514,19230.1640625,362.1135510394986
1214,0.81337890625,0.02373046875,0.18662109375,0.02373046875,19246.5,362.40778580695667
1215,0.81435546875,0.023439330983167514,0.18564453125,0.02343933098316751,19262.767578125,362.7922324027268
1216,0.81396484375,0.02339371724351918,0.18603515625,0.02339371724351918,19279.0546875,363.18217359059526
1217,0.81572265625,0.02749348650001956,0.18427734375,0.027493486500019558,19295.333984375,363.55983610523253
1218,0.811328125,0.030688932987481928,0.188671875,0.030688932987481925,19311.6484375,364.00576161446315
1219,0.816796875,0.0274314998244206,0.183203125,0.027431499824420603,19327.875,364.5024444330664
1220,0.81328125,0.02702732653065285,0.18671875,0.02702732653065285,19344.2109375,364.89828058341067
1221,0.812109375,0.024951888520163282,0.187890625,0.024951888520163286,19360.4765625,365.2769287334159
1222,0.81630859375,0.02635434438371609,0.18369140625,0.02635434438371609,19376.71875,365.5176350817921
1223,0.81337890625,0.028987461141714063,0.18662109375,0.028987461141714067,19393.044921875,365.7789910352225
1224,0.80625,0.025812303740930652,0.19375,0.025812303740930652,19409.3125,366.02551772583405
1225,0.8052734375,0.02466356880049119,0.1947265625,0.02466356880049119,19425.4375,366.23499870955146
1226,0.80693359375,0.023200502600651814,0.19306640625,0.023200502600651814,19441.54296875,366.399466679947
1227,0.8087890625,0.02959741678049159,0.1912109375,0.029597416780491586,19457.681640625,366.5582405278635
1228,0.80703125,0.031632787416636145,0.19296875,0.03163278741663614,19473.857421875,366.7532188362686
1229,0.80810546875,0.02752538030016925,0.19189453125,0.02752538030016925,19489.998046875,366.9498051974607
1230,0.81083984375,0.024612668740394937,0.18916015625,0.024612668740394934,19506.16015625,367.1912847004086
1231,0.81103515625,0.027924394439442553,0.18896484375,0.027924394439442553,19522.376953125,367.4594836107642
1232,0.81123046875,0.021590867110946217,0.18876953125,0.021590867110946217,19538.59765625,367.7387753970772
1233,0.80849609375,0.02364592385519797,0.19150390625,0.02364592385519797,19554.822265625,367.92220581366416
1234,0.8083984375,0.028174462798852194,0.1916015625,0.028174462798852194,19570.9921875,368.18069796219453
1235,0.809375,0.02961352316754174,0.190625,0.02961352316754174,19587.16015625,368.5483427597087
1236,0.81064453125,0.027925077471373766,0.18935546875,0.027925077471373762,19603.34765625,368.94503707721987
1237,0.8119140625,0.02564178661293173,0.1880859375,0.025641786612931736,19619.560546875,369.36354341506427
1238,0.808203125,0.02597068777555104,0.191796875,0.02597068777555104,19635.798828125,369.69522104205544
1239,0.80751953125,0.025949564506389872,0.19248046875,0.025949564506389872,19651.962890625,369.9746114165186
1240,0.80751953125,0.02485327580004624,0.19248046875,0.024853275800046242,19668.11328125,370.3024277951818
1241,0.81015625,0.02150744500003865,0.18984375,0.02150744500003865,19684.263671875,370.676402040175
1242,0.80537109375,0.024245708597110057,0.19462890625,0.024245708597110057,19700.466796875,371.0429108319136
1243,0.8046875,0.031152190683401384,0.1953125,0.031152190683401384,19716.57421875,371.4515308783504
1244,0.8083984375,0.031541003470123515,0.1916015625,0.03154100347012352,19732.66796875,372.0464146278676
1245,0.808203125,0.027032266057493683,0.191796875,0.027032266057493683,19748.8359375,372.63533308206513
1246,0.80859375,0.0286084480239639,0.19140625,0.0286084480239639,19765.0,373.10730940448576
1247,0.81025390625,0.025168234298420605,0.18974609375,0.025168234298420605,19781.171875,373.5661872323111
1248,0.8068359375,0.026064524473605043,0.1931640625,0.026064524473605043,19797.376953125,374.00602501590726
1249,0.80341796875,0.027437930718519167,0.19658203125,0.02743793071851917,19813.513671875,374.3891587116234
1250,0.79990234375,0.02858660499229231,0.20009765625,0.02858660499229231,19829.58203125,374.735805799979
1251,0.802734375,0.030200895950467058,0.197265625,0.030200895950467058,19845.580078125,375.1421924885463
1252,0.803125,0.029976492254608862,0.196875,0.029976492254608862,19861.634765625,375.55331544759775
1253,0.8041015625,0.03472005879761952,0.1958984375,0.03472005879761952,19877.697265625,375.8953175662328
1254,0.80078125,0.034576380999851254,0.19921875,0.034576380999851254,19893.779296875,376.31156982854316
1255,0.801953125,0.0366771706072047,0.198046875,0.03667717060720469,19909.794921875,376.6932337824399
1256,0.807421875,0.03585407691662092,0.192578125,0.03585407691662092,19925.833984375,377.09255305250656
1257,0.8095703125,0.03419921317282936,0.1904296875,0.03419921317282936,19941.982421875,377.46329883246216
1258,0.80771484375,0.037873632022338136,0.19228515625,0.037873632022338136,19958.173828125,377.8373710580361
1259,0.8021484375,0.04064236783195932,0.1978515625,0.04064236783195931,19974.328125,378.2577805308233
1260,0.80498046875,0.038679888887137324,0.19501953125,0.03867988888713732,19990.37109375,378.638894079009
1261,0.8068359375,0.03906689428408543,0.1931640625,0.03906689428408543,20006.470703125,378.9810128853344
1262,0.8083984375,0.03660168756648857,0.1916015625,0.036601687566488565,20022.607421875,379.28021235063585
1263,0.8099609375,0.03923108153988445,0.1900390625,0.03923108153988445,20038.775390625,379.5735902112985
1264,0.80830078125,0.0351373918605621,0.19169921875,0.0351373918605621,20054.974609375,379.9868883631531
1265,0.805859375,0.03582746827380015,0.194140625,0.03582746827380015,20071.140625,380.3010469039562
1266,0.8033203125,0.038955419638842054,0.1966796875,0.03895541963884206,20087.2578125,380.5286111990004
1267,0.79736328125,0.04679202046632833,0.20263671875,0.04679202046632833,20103.32421875,380.86941060496093
1268,0.8037109375,0.04561707310205727,0.1962890625,0.04561707310205727,20119.271484375,381.3732895964381
1269,0.8046875,0.04367320268554277,0.1953125,0.04367320268554277,20135.345703125,381.90259449055776
1270,0.801171875,0.04294477313991847,0.198828125,0.04294477313991847,20151.439453125,382.4142315065834
1271,0.8025390625,0.03872855300512909,0.1974609375,0.03872855300512909,20167.462890625,382.97813524927244
1272,0.80205078125,0.03441340295373948,0.19794921875,0.03441340295373948,20183.513671875,383.4252913268545
1273,0.802734375,0.03561441900158295,0.197265625,0.03561441900158295,20199.5546875,383.80566994522695
1274,0.79970703125,0.033535929755930824,0.20029296875,0.033535929755930824,20215.609375,384.1849219584937
1275,0.80380859375,0.028559903817749487,0.19619140625,0.028559903817749487,20231.603515625,384.5213297321118
1276,0.80068359375,0.024029986721611406,0.19931640625,0.024029986721611406,20247.6796875,384.81160970054833
1277,0.79794921875,0.017068625220530955,0.20205078125,0.017068625220530955,20263.693359375,384.98203814828537
1278,0.798046875,0.022557536839418413,0.201953125,0.022557536839418413,20279.65234375,385.07693780803885
1279,0.7943359375,0.02287408745618336,0.2056640625,0.02287408745618336,20295.61328125,385.1584156846758
1280,0.79697265625,0.025399825556599087,0.20302734375,0.025399825556599087,20311.5,385.22555115867243
1281,0.79912109375,0.021683426268268708,0.20087890625,0.021683426268268705,20327.439453125,385.3078310495666
1282,0.80615234375,0.022175711065372465,0.19384765625,0.022175711065372465,20343.421875,385.37609455300895
1283,0.80654296875,0.019838645458742775,0.19345703125,0.019838645458742775,20359.544921875,385.5363610333836
1284,0.80634765625,0.019379537727818624,0.19365234375,0.019379537727818624,20375.67578125,385.6390890901774
1285,0.8080078125,0.01708398337019118,0.1919921875,0.01708398337019118,20391.802734375,385.64666479946817
1286,0.8083984375,0.019180443276860807,0.1916015625,0.019180443276860807,20407.962890625,385.6670712117475
1287,0.80517578125,0.025301262515686748,0.19482421875,0.025301262515686748,20424.130859375,385.78932853265144
1288,0.79873046875,0.023222689103214778,0.20126953125,0.023222689103214778,20440.234375,385.9811060931147
1289,0.79248046875,0.025252214391317033,0.20751953125,0.025252214391317033,20456.208984375,386.1848470260586
1290,0.7958984375,0.023396774513107302,0.2041015625,0.023396774513107302,20472.05859375,386.4711900166565
1291,0.79765625,0.0222895978401361,0.20234375,0.022289597840136104,20487.9765625,386.7630226591099
1292,0.7986328125,0.024549623642656802,0.2013671875,0.0245496236426568,20503.9296875,387.09159551753703
1293,0.7994140625,0.02798903768386384,0.2005859375,0.02798903768386384,20519.90234375,387.4326007925254
1294,0.80390625,0.03215486816758856,0.19609375,0.03215486816758856,20535.890625,387.85989237359996
1295,0.80556640625,0.03147638337819784,0.19443359375,0.03147638337819784,20551.96875,388.31099911971785
1296,0.805078125,0.031732120796353576,0.194921875,0.031732120796353576,20568.080078125,388.67650329471866
1297,0.80810546875,0.03073070112804602,0.19189453125,0.03073070112804602,20584.181640625,388.98689048368993
1298,0.8087890625,0.024165926516368688,0.1912109375,0.024165926516368688,20600.34375,389.3327317124339
1299,0.802734375,0.019812429145180874,0.197265625,0.019812429145180874,20616.51953125,389.63533947675364
1300,0.80576171875,0.018030475249413883,0.19423828125,0.018030475249413883,20632.57421875,389.9379487974382
1301,0.804296875,0.021525174328743832,0.195703125,0.021525174328743832,20648.689453125,390.21693514446713
1302,0.8013671875,0.026429324931004083,0.1986328125,0.026429324931004076,20664.775390625,390.5700395173511
1303,0.798046875,0.024035343848304937,0.201953125,0.024035343848304937,20680.802734375,390.9320206975519
1304,0.79990234375,0.018135951449685554,0.20009765625,0.018135951449685554,20696.763671875,391.29989706087304
1305,0.801171875,0.020758328524353786,0.198828125,0.020758328524353786,20712.76171875,391.45898318125955
1306,0.8044921875,0.018164062499999998,0.1955078125,0.018164062499999998,20728.78515625,391.6763871002617
1307,0.80439453125,0.015166930535225364,0.19560546875,0.015166930535225363,20744.875,391.8298407468878
1308,0.80263671875,0.01841254145247901,0.19736328125,0.018412541452479007,20760.962890625,392.002576785474
1309,0.80263671875,0.016701502950503107,0.19736328125,0.01670150295050311,20777.015625,392.17581762901114
1310,0.80537109375,0.013404543183342787,0.19462890625,0.013404543183342787,20793.068359375,392.3670308986061
1311,0.80673828125,0.017737181857309176,0.19326171875,0.017737181857309176,20809.17578125,392.5404378676522
1312,0.8078125,0.012716328758326585,0.1921875,0.012716328758326585,20825.310546875,392.7289248469069
1313,0.8060546875,0.01569928630008483,0.1939453125,0.01569928630008483,20841.466796875,392.83842441710925
1314,0.80361328125,0.013834482229544058,0.19638671875,0.013834482229544058,20857.587890625,392.95620216069733
1315,0.801171875,0.011058896614759428,0.198828125,0.011058896614759426,20873.66015625,392.9855910904209
1316,0.8033203125,0.014805151295505645,0.1966796875,0.014805151295505645,20889.68359375,393.01284037184274
1317,0.80126953125,0.013915587301522314,0.19873046875,0.013915587301522314,20905.75,393.0567580531717
1318,0.8005859375,0.018058750489396577,0.1994140625,0.01805875048939658,20921.775390625,393.13534687053374
1319,0.8025390625,0.015209314323384205,0.1974609375,0.015209314323384206,20937.787109375,393.17634798339014
1320,0.8044921875,0.01348788021142152,0.1955078125,0.013487880211421522,20953.837890625,393.2521669215348
1321,0.8080078125,0.013355719529124028,0.1919921875,0.01335571952912403,20969.927734375,393.2539980394726
1322,0.80673828125,0.015125373772660804,0.19326171875,0.015125373772660804,20986.087890625,393.1849543716911
1323,0.80654296875,0.011215173007618755,0.19345703125,0.011215173007618756,21002.22265625,393.06106428823426
1324,0.8015625,0.009506323065342154,0.1984375,0.009506323065342154,21018.353515625,392.92921868855774
1325,0.80537109375,0.011100642252719053,0.19462890625,0.011100642252719053,21034.384765625,392.892583484513
1326,0.8083984375,0.007093367108333937,0.1916015625,0.007093367108333937,21050.4921875,392.90727444558195
1327,0.811328125,0.011386903005584694,0.188671875,0.011386903005584694,21066.66015625,392.86267847297853
1328,0.81201171875,0.011540390733685442,0.18798828125,0.011540390733685442,21082.88671875,392.80878551004554
1329,0.808984375,0.011597681905705877,0.191015625,0.011597681905705877,21099.126953125,392.75513947327556
1330,0.81162109375,0.009401918548237657,0.18837890625,0.009401918548237659,21115.306640625,392.6837291934163
1331,0.8140625,0.008802073702534179,0.1859375,0.008802073702534179,21131.5390625,392.5540013965609
1332,0.8109375,0.012284519682434679,0.1890625,0.012284519682434677,21147.8203125,392.46134653435564
1333,0.8115234375,0.015446983976325079,0.1884765625,0.015446983976325079,21164.0390625,392.32697752085494
1334,0.8095703125,0.018698048143978324,0.1904296875,0.018698048143978324,21180.26953125,392.17386521913096
1335,0.8099609375,0.01928655309719945,0.1900390625,0.01928655309719945,21196.4609375,392.00381944702985
1336,0.80712890625,0.0189475775868878,0.19287109375,0.0189475775868878,21212.66015625,391.82440801266773
1337,0.80380859375,0.0222709783175263,0.19619140625,0.0222709783175263,21228.802734375,391.70771745895
1338,0.8064453125,0.025079980704316867,0.1935546875,0.025079980704316867,21244.87890625,391.64792409868033
1339,0.80751953125,0.025369770582317337,0.19248046875,0.025369770582317337,21261.0078125,391.74226345463734
1340,0.806640625,0.02716880418602257,0.193359375,0.02716880418602257,21277.158203125,391.8902460566941
1341,0.805859375,0.022426093897511445,0.194140625,0.022426093897511445,21293.291015625,391.9908320123627
1342,0.81220703125,0.021709799260037684,0.18779296875,0.021709799260037684,21309.408203125,392.08378021560696
1343,0.81630859375,0.020796195944140127,0.18369140625,0.020796195944140127,21325.65234375,392.144756059022
1344,0.8146484375,0.02150123628122564,0.1853515625,0.021501236281225636,21341.978515625,392.2184059202952
1345,0.81376953125,0.020808115637692942,0.18623046875,0.020808115637692942,21358.271484375,392.32703882114373
1346,0.8166015625,0.019969688333783216,0.1833984375,0.019969688333783216,21374.546875,392.4315418192687
1347,0.81630859375,0.023443399322661332,0.18369140625,0.023443399322661332,21390.87890625,392.56222556034305
1348,0.81396484375,0.01812437911450025,0.18603515625,0.01812437911450025,21407.205078125,392.70482451445633
1349,0.816015625,0.013248178032899703,0.183984375,0.013248178032899701,21423.484375,392.72377935792093
1350,0.81865234375,0.010344650552045984,0.18134765625,0.010344650552045986,21439.8046875,392.8306297907308
1351,0.81591796875,0.010673162469236873,0.18408203125,0.010673162469236873,21456.177734375,392.95821754977806
1352,0.81318359375,0.017083146008960895,0.18681640625,0.017083146008960895,21472.49609375,393.0694397980767
1353,0.81064453125,0.01982421875,0.18935546875,0.01982421875,21488.759765625,393.205078338434
1354,0.81181640625,0.022655618593033555,0.18818359375,0.02265561859303356,21504.97265625,393.27482209437125
1355,0.81416015625,0.020442837919241612,0.18583984375,0.020442837919241615,21521.208984375,393.31662653393937
1356,0.80927734375,0.020945159877404588,0.19072265625,0.02094515987740459,21537.4921875,393.41351096879345
1357,0.8119140625,0.025248248653294624,0.1880859375,0.02524824865329462,21553.677734375,393.52652534260494
1358,0.81064453125,0.025486036179859995,0.18935546875,0.02548603617986,21569.916015625,393.70504911545794
1359,0.8052734375,0.03120480129761184,0.1947265625,0.03120480129761184,21586.12890625,393.9053142846693
1360,0.800390625,0.03093468855596719,0.199609375,0.03093468855596719,21602.234375,394.00821758549955
1361,0.79697265625,0.032604466316056804,0.20302734375,0.032604466316056804,21618.2421875,394.0855705169227
1362,0.8001953125,0.03225968941318494,0.1998046875,0.03225968941318494,21634.181640625,394.30287165668756
1363,0.7984375,0.03474202587380889,0.2015625,0.03474202587380889,21650.185546875,394.3400282308947
1364,0.79990234375,0.034127890439987485,0.20009765625,0.03412789043998748,21666.154296875,394.4547712122836
1365,0.79970703125,0.029551142698549564,0.20029296875,0.029551142698549564,21682.15234375,394.5762393903189
1366,0.79775390625,0.030603823444128906,0.20224609375,0.030603823444128906,21698.146484375,394.6285097717091
1367,0.80029296875,0.027299245311100895,0.19970703125,0.027299245311100895,21714.1015625,394.68407486420836
1368,0.8046875,0.025789386736828752,0.1953125,0.025789386736828752,21730.107421875,394.70765918464855
1369,0.8029296875,0.03279505674747816,0.1970703125,0.03279505674747815,21746.201171875,394.7367564293618
1370,0.80302734375,0.030881772182784685,0.19697265625,0.030881772182784685,21762.259765625,394.6928459330975
1371,0.80634765625,0.032995819983030264,0.19365234375,0.032995819983030264,21778.3203125,394.6438285001946
1372,0.805859375,0.03321690890358968,0.194140625,0.03321690890358967,21794.447265625,394.7292713571774
1373,0.80400390625,0.03330078125,0.19599609375,0.03330078125,21810.564453125,394.86180173837585
1374,0.80126953125,0.034799760497573495,0.19873046875,0.034799760497573495,21826.64453125,394.9865367671345
1375,0.80029296875,0.032729416064197055,0.19970703125,0.032729416064197055,21842.669921875,395.0093623198607
1376,0.7984375,0.028515625,0.2015625,0.028515625000000003,21858.67578125,394.9848637445241
1377,0.8091796875,0.03042489833140881,0.1908203125,0.030424898331408805,21874.64453125,394.97909160276413
1378,0.809375,0.029735646608056446,0.190625,0.029735646608056446,21890.828125,394.96876925850125
1379,0.81171875,0.026550290162535774,0.18828125,0.026550290162535774,21907.015625,394.93832657684214
1380,0.8107421875,0.02497710132942397,0.1892578125,0.02497710132942397,21923.25,394.97362567395226
1381,0.81103515625,0.023973565166287358,0.18896484375,0.023973565166287358,21939.46484375,395.05895422871276
1382,0.809765625,0.022818151322689495,0.190234375,0.022818151322689495,21955.685546875,395.1146406525138
1383,0.8109375,0.02343424456557913,0.1890625,0.023434244565579132,21971.880859375,395.1160054907323
1384,0.815625,0.020692066622107853,0.184375,0.020692066622107857,21988.099609375,395.07906970287763
1385,0.816796875,0.019042718347712664,0.183203125,0.019042718347712664,22004.412109375,395.02570283053615
1386,0.8162109375,0.019393065859166485,0.1837890625,0.019393065859166485,22020.748046875,394.89590792415834
1387,0.811328125,0.018268767439800944,0.188671875,0.018268767439800947,22037.072265625,394.8137732287951
1388,0.8091796875,0.02085915554659842,0.1908203125,0.020859155546598417,22053.298828125,394.8233773498099
1389,0.81064453125,0.01793501631392244,0.18935546875,0.01793501631392244,22069.482421875,394.8664305875005
1390,0.80986328125,0.01846219752431324,0.19013671875,0.01846219752431324,22085.6953125,394.8956247071393
1391,0.80830078125,0.01736552203623088,0.19169921875,0.01736552203623088,22101.892578125,394.86223985729305
1392,0.81015625,0.01687052349479059,0.18984375,0.016870523494790585,22118.05859375,394.8416794076904
1393,0.8080078125,0.017481287079309085,0.1919921875,0.017481287079309082,22134.26171875,394.7669379168129
1394,0.8125,0.01651517043485133,0.1875,0.01651517043485133,22150.421875,394.68388012987685
1395,0.809765625,0.012939360996134285,0.190234375,0.012939360996134285,22166.671875,394.6499981023657
1396,0.8095703125,0.01814935560527477,0.1904296875,0.01814935560527477,22182.8671875,394.6410706141449
1397,0.81083984375,0.021863007664225356,0.18916015625,0.021863007664225352,22199.05859375,394.63072034660985
1398,0.81962890625,0.021297348229908263,0.18037109375,0.02129734822990826,22215.275390625,394.64030327304096
1399,0.81748046875,0.020956084700198985,0.18251953125,0.020956084700198985,22231.66796875,394.6034110020937
1400,0.81953125,0.018085135983859437,0.18046875,0.01808513598385944,22248.017578125,394.60125512601655
1401,0.81826171875,0.020025246897495772,0.18173828125,0.020025246897495776,22264.408203125,394.5075707476699
1402,0.8201171875,0.023359244355821956,0.1798828125,0.023359244355821956,22280.7734375,394.48902970642393
1403,0.82080078125,0.027341134082459695,0.17919921875,0.027341134082459695,22297.17578125,394.4051883418148
1404,0.8220703125,0.02658618544183532,0.1779296875,0.02658618544183532,22313.591796875,394.2923616813482
1405,0.8220703125,0.02560680208437362,0.1779296875,0.025606802084373624,22330.033203125,394.1286569480728
1406,0.819921875,0.02909500765105319,0.180078125,0.02909500765105319,22346.474609375,393.9576393873107
1407,0.8197265625,0.03125976409959774,0.1802734375,0.03125976409959774,22362.873046875,393.7412176648385
1408,0.81943359375,0.027705647809286586,0.18056640625,0.027705647809286586,22379.267578125,393.6579694705073
1409,0.8212890625,0.026647812217818066,0.1787109375,0.026647812217818066,22395.65625,393.5505852570009
1410,0.82353515625,0.029462584739566432,0.17646484375,0.029462584739566432,22412.08203125,393.4185670304305
1411,0.82294921875,0.028837710391940167,0.17705078125,0.02883771039194017,22428.552734375,393.27709895213985
1412,0.8224609375,0.03417075776208594,0.1775390625,0.03417075776208594,22445.01171875,393.0703124029513
1413,0.82265625,0.040331440106139975,0.17734375,0.040331440106139975,22461.4609375,392.8052295919383
1414,0.82275390625,0.03995859387219681,0.17724609375,0.03995859387219681,22477.9140625,392.5291823502834
1415,0.82587890625,0.03960090381091828,0.17412109375,0.03960090381091828,22494.369140625,392.2178625309982
1416,0.8263671875,0.03653127004918184,0.1736328125,0.03653127004918184,22510.88671875,391.8721761355343
1417,0.82216796875,0.03504335715215031,0.17783203125,0.03504335715215031,22527.4140625,391.5777311366094
1418,0.82119140625,0.03650685306123455,0.17880859375,0.03650685306123455,22543.857421875,391.22257770317657
1419,0.82373046875,0.031057911831433575,0.17626953125,0.031057911831433575,22560.28125,390.8978946374391
1420,0.82421875,0.03283922832516299,0.17578125,0.03283922832516299,22576.755859375,390.6477887346762
1421,0.82421875,0.028880504793526485,0.17578125,0.028880504793526485,22593.240234375,390.4701479639106
1422,0.825,0.028079525954546155,0.175,0.028079525954546155,22609.724609375,390.2793093860721
1423,0.828515625,0.024367925155154006,0.171484375,0.024367925155154006,22626.224609375,390.0607999750225
1424,0.82568359375,0.02685546875,0.17431640625,0.02685546875,22642.794921875,389.890346903838
1425,0.8263671875,0.0258292935401872,0.1736328125,0.0258292935401872,22659.30859375,389.71984916962083
1426,0.81748046875,0.027829289886922223,0.18251953125,0.027829289886922223,22675.8359375,389.52009936124796
1427,0.8154296875,0.030289184412638327,0.1845703125,0.030289184412638327,22692.185546875,389.34139536050606
1428,0.81513671875,0.03256231935418042,0.18486328125,0.03256231935418042,22708.494140625,389.1174592765018
1429,0.8166015625,0.03384546412585491,0.1833984375,0.0338454641258549,22724.796875,388.8844751854761
1430,0.82099609375,0.0323831717881908,0.17900390625,0.0323831717881908,22741.12890625,388.7202856157866
1431,0.8205078125,0.0322644190528267,0.1794921875,0.0322644190528267,22757.548828125,388.5220512750014
1432,0.822265625,0.03179457147675724,0.177734375,0.03179457147675724,22773.958984375,388.37024502871395
1433,0.823828125,0.027807863684843604,0.176171875,0.027807863684843608,22790.404296875,388.1422280485448
1434,0.8205078125,0.02779963163502295,0.1794921875,0.02779963163502295,22806.880859375,387.9655575802584
1435,0.82421875,0.024300517210930923,0.17578125,0.024300517210930923,22823.291015625,387.81728749236515
1436,0.8205078125,0.02622502183067788,0.1794921875,0.02622502183067788,22839.775390625,387.72800970530915
1437,0.81943359375,0.028355480588749423,0.18056640625,0.028355480588749423,22856.185546875,387.65352193786566
1438,0.81796875,0.029385283273211358,0.18203125,0.029385283273211354,22872.57421875,387.5856280611935
1439,0.81640625,0.025334222209126653,0.18359375,0.025334222209126653,22888.93359375,387.4376290806203
1440,0.8220703125,0.027730936186456882,0.1779296875,0.02773093618645688,22905.26171875,387.3524535992075
1441,0.8181640625,0.02531087234350216,0.1818359375,0.02531087234350216,22921.703125,387.3322535339467
1442,0.8142578125,0.03193165251171487,0.1857421875,0.03193165251171486,22938.06640625,387.37780863115154
1443,0.810546875,0.031944193816008055,0.189453125,0.031944193816008055,22954.3515625,387.4841777696872
1444,0.80849609375,0.02480334180650881,0.19150390625,0.02480334180650881,22970.5625,387.5132140632218
1445,0.80966796875,0.028085129345553052,0.19033203125,0.028085129345553052,22986.732421875,387.5807370695104
1446,0.8095703125,0.031069424569283646,0.1904296875,0.031069424569283646,23002.92578125,387.5401310770156
1447,0.81630859375,0.030161239922734572,0.18369140625,0.030161239922734572,23019.1171875,387.445075472871
1448,0.81875,0.029121218194318274,0.18125,0.029121218194318278,23035.443359375,387.37523075280296
1449,0.81494140625,0.028861511250539863,0.18505859375,0.028861511250539863,23051.818359375,387.21829058838716
1450,0.8181640625,0.031640625,0.1818359375,0.031640625,23068.1171875,387.0513264924945
1451,0.82587890625,0.03422165392394177,0.17412109375,0.03422165392394177,23084.48046875,386.94396576849897
1452,0.82607421875,0.033652321078779364,0.17392578125,0.033652321078779364,23100.998046875,386.8119305008434
1453,0.82841796875,0.030733183689815053,0.17158203125,0.030733183689815056,23117.51953125,386.68990491776174
1454,0.8291015625,0.03101412445205158,0.1708984375,0.03101412445205158,23134.087890625,386.5632515704929
1455,0.827734375,0.028986638641390665,0.172265625,0.028986638641390665,23150.669921875,386.43230533825624
1456,0.8265625,0.026968688894050127,0.1734375,0.026968688894050123,23167.224609375,386.28424240964125
1457,0.8244140625,0.027023797744418713,0.1755859375,0.027023797744418713,23183.755859375,386.1645738322436
1458,0.82392578125,0.024817179740621625,0.17607421875,0.02481717974062162,23200.244140625,386.0567123821622
1459,0.82607421875,0.02527939126404479,0.17392578125,0.025279391264044788,23216.72265625,385.97419761239763
1460,0.8224609375,0.020857326678457022,0.1775390625,0.020857326678457022,23233.244140625,385.8761614110711
1461,0.821875,0.016130731554653104,0.178125,0.0161307315546531,23249.693359375,385.83861334849536
1462,0.8263671875,0.017064993092814673,0.1736328125,0.017064993092814673,23266.130859375,385.8183158116063
1463,0.82587890625,0.02537954235292562,0.17412109375,0.02537954235292562,23282.658203125,385.6123013574131
1464,0.820703125,0.02559339108989797,0.179296875,0.025593391089897968,23299.17578125,385.3413507580051
1465,0.820703125,0.03025831275406242,0.179296875,0.030258312754062412,23315.58984375,385.18076012672515
1466,0.81806640625,0.03270259798794482,0.18193359375,0.03270259798794482,23332.00390625,384.9892388561454
1467,0.82021484375,0.030883007416615475,0.17978515625,0.030883007416615475,23348.365234375,384.7329488276313
1468,0.81474609375,0.03525120098692395,0.18525390625,0.03525120098692395,23364.76953125,384.51422602772476
1469,0.81435546875,0.03958259715683982,0.18564453125,0.03958259715683982,23381.064453125,384.30712839722366
1470,0.81064453125,0.039449861599252734,0.18935546875,0.039449861599252734,23397.3515625,384.11003666094416
1471,0.80859375,0.03821093270803486,0.19140625,0.03821093270803486,23413.564453125,384.00290055470924
1472,0.80908203125,0.038719810292748666,0.19091796875,0.038719810292748666,23429.736328125,383.83805878105017
1473,0.8158203125,0.032635894710198406,0.1841796875,0.032635894710198406,23445.91796875,383.65236492882264
1474,0.81376953125,0.029601444198843183,0.18623046875,0.029601444198843183,23462.234375,383.63491777643117
1475,0.8138671875,0.0329904725164019,0.1861328125,0.03299047251640189,23478.509765625,383.6995010251441
1476,0.81513671875,0.03539429500321223,0.18486328125,0.03539429500321223,23494.787109375,383.7268794497429
1477,0.81865234375,0.03473063218736148,0.18134765625,0.03473063218736148,23511.08984375,383.9271314345821
1478,0.81396484375,0.034026582311966154,0.18603515625,0.034026582311966154,23527.462890625,384.10143075391983
1479,0.80830078125,0.031106389989340538,0.19169921875,0.031106389989340538,23543.7421875,384.2827117239432
1480,0.80439453125,0.02886085038061739,0.19560546875,0.028860850380617385,23559.908203125,384.3779990524277
1481,0.80673828125,0.03316993400799475,0.19326171875,0.03316993400799475,23575.99609375,384.41534043425173
1482,0.808203125,0.03481058364058893,0.191796875,0.03481058364058893,23592.130859375,384.3629695789846
1483,0.806640625,0.03566258639469907,0.193359375,0.03566258639469907,23608.294921875,384.3034815850678
1484,0.80380859375,0.034934331050728795,0.19619140625,0.034934331050728795,23624.427734375,384.4165643862369
1485,0.804296875,0.03305112265845708,0.195703125,0.033051122658457076,23640.50390625,384.52345912687366
1486,0.80810546875,0.03003386175923522,0.19189453125,0.03003386175923522,23656.58984375,384.5665430395507
1487,0.8068359375,0.030454974850819737,0.1931640625,0.030454974850819737,23672.751953125,384.57368204247706
1488,0.8056640625,0.03406789754396955,0.1943359375,0.03406789754396955,23688.888671875,384.617754188897
1489,0.80615234375,0.03272067345446112,0.19384765625,0.03272067345446112,23705.001953125,384.52406970361034
1490,0.80849609375,0.03335343390634204,0.19150390625,0.03335343390634204,23721.125,384.3595517609875
1491,0.80947265625,0.03392047355213333,0.19052734375,0.033920473552133325,23737.294921875,384.33965219617227
1492,0.8072265625,0.03039039905925009,0.1927734375,0.03039039905925009,23753.484375,384.33386726926807
1493,0.80751953125,0.02708953395190558,0.19248046875,0.02708953395190558,23769.62890625,384.29063777433595
1494,0.803125,0.03234235825055172,0.196875,0.03234235825055173,23785.779296875,384.314257027305
1495,0.80419921875,0.037348249475599275,0.19580078125,0.037348249475599275,23801.841796875,384.2755168962691
1496,0.80810546875,0.03515150250062944,0.19189453125,0.03515150250062944,23817.92578125,384.24575610724156
1497,0.8052734375,0.035711222926008764,0.1947265625,0.035711222926008764,23834.087890625,384.1978730811562
1498,0.80576171875,0.03326467755116541,0.19423828125,0.03326467755116541,23850.193359375,384.0971630721636
1499,0.80380859375,0.027979666002201073,0.19619140625,0.027979666002201073,23866.30859375,383.93534316671594
1500,0.80791015625,0.028005558279664132,0.19208984375,0.02800555827966413,23882.384765625,383.91799047556646
1501,0.80869140625,0.022916782263261954,0.19130859375,0.022916782263261957,23898.54296875,383.9611224918547
1502,0.80751953125,0.02264467140826902,0.19248046875,0.02264467140826902,23914.716796875,384.0305971283958
1503,0.8080078125,0.0275390625,0.1919921875,0.0275390625,23930.8671875,384.1768166040419
1504,0.8068359375,0.021025823791549315,0.1931640625,0.021025823791549318,23947.02734375,384.3594885994626
1505,0.80322265625,0.01908299079598705,0.19677734375,0.01908299079598705,23963.1640625,384.57048708096596
1506,0.80224609375,0.01959097314167153,0.19775390625,0.01959097314167153,23979.228515625,384.7052928240171
1507,0.80283203125,0.02075488260572772,0.19716796875,0.02075488260572772,23995.2734375,384.8410339135719
1508,0.80576171875,0.024517165107077434,0.19423828125,0.024517165107077434,24011.330078125,384.92454408154214
1509,0.80078125,0.021788507858663275,0.19921875,0.021788507858663275,24027.4453125,384.8536298666141
1510,0.8009765625,0.020779450991209893,0.1990234375,0.02077945099120989,24043.4609375,384.835700094865
1511,0.8,0.02303859756016113,0.2,0.023038597560161134,24059.48046875,384.8825324257773
1512,0.80087890625,0.024223671689931763,0.19912109375,0.024223671689931763,24075.48046875,384.9288924503355
1513,0.80234375,0.026691437977900793,0.19765625,0.026691437977900797,24091.498046875,385.00659313253806
1514,0.8017578125,0.02383292728247125,0.1982421875,0.02383292728247125,24107.544921875,385.05677317859147
1515,0.80029296875,0.02375376621299784,0.19970703125,0.02375376621299784,24123.580078125,384.9885895313866
1516,0.79921875,0.025496324461285715,0.20078125,0.025496324461285715,24139.5859375,384.9361114798982
1517,0.8015625,0.026082812546801056,0.1984375,0.026082812546801053,24155.5703125,384.8150729449154
1518,0.8044921875,0.02261664776989853,0.1955078125,0.022616647769898534,24171.6015625,384.6827173129403
1519,0.80166015625,0.019043970326224856,0.19833984375,0.019043970326224853,24187.69140625,384.48551826339633
1520,0.79765625,0.02292655962482092,0.20234375,0.02292655962482092,24203.724609375,384.4021569113103
1521,0.8005859375,0.022289597840136104,0.1994140625,0.022289597840136104,24219.677734375,384.29439519526863
1522,0.799609375,0.02261243068500985,0.200390625,0.02261243068500985,24235.689453125,384.30614985444674
1523,0.80234375,0.021167766552480503,0.19765625,0.021167766552480507,24251.681640625,384.38634179726574
1524,0.79609375,0.024264384928873894,0.20390625,0.024264384928873894,24267.728515625,384.5057259965412
1525,0.79501953125,0.022454355353490343,0.20498046875,0.02245435535349034,24283.650390625,384.62626783616383
1526,0.7943359375,0.0230029706280481,0.2056640625,0.0230029706280481,24299.55078125,384.71511129394196
1527,0.79541015625,0.024041096469545806,0.20458984375,0.024041096469545806,24315.4375,384.77970748737175
1528,0.7974609375,0.029304035583257875,0.2025390625,0.029304035583257875,24331.345703125,384.79141256877864
1529,0.798828125,0.02904185884942091,0.201171875,0.02904185884942091,24347.294921875,384.7771962736972
1530,0.80048828125,0.031225729100165366,0.19951171875,0.031225729100165366,24363.271484375,384.73580411186936
1531,0.79775390625,0.034267326260562725,0.20224609375,0.034267326260562725,24379.28125,384.67943690857436
1532,0.797265625,0.033657280044590655,0.202734375,0.03365728004459065,24395.236328125,384.7074378442618
1533,0.79443359375,0.03987018979515595,0.20556640625,0.03987018979515595,24411.181640625,384.677909303878
1534,0.7927734375,0.04485346353313163,0.2072265625,0.044853463533131625,24427.0703125,384.7048991379969
1535,0.79501953125,0.03608910468788124,0.20498046875,0.03608910468788124,24442.92578125,384.75303009208267
1536,0.79521484375,0.03564132048895339,0.20478515625,0.03564132048895339,24458.826171875,384.78221940837295
1537,0.79384765625,0.03155506008577074,0.20615234375,0.031555060085770734,24474.73046875,384.8389653690975
1538,0.79453125,0.03171408332357546,0.20546875,0.03171408332357546,24490.607421875,384.8657878877153
1539,0.79443359375,0.029121381936032118,0.20556640625,0.029121381936032118,24506.498046875,384.98235350457065
1540,0.788671875,0.029485719489417143,0.211328125,0.02948571948941714,24522.38671875,385.0284743046813
1541,0.7955078125,0.031989540297987444,0.2044921875,0.031989540297987444,24538.16015625,385.2113260491606
1542,0.78681640625,0.03712491964723259,0.21318359375,0.03712491964723259,24554.0703125,385.4082497585302
1543,0.78603515625,0.037399793891542805,0.21396484375,0.03739979389154281,24569.806640625,385.5361911840145
1544,0.78427734375,0.03438401537496259,0.21572265625,0.03438401537496259,24585.52734375,385.6105202502088
1545,0.78671875,0.03622296607795081,0.21328125,0.03622296607795081,24601.212890625,385.6742363458611
1546,0.78173828125,0.04170104833515552,0.21826171875,0.04170104833515552,24616.947265625,385.79728444035095
1547,0.78447265625,0.04097852209476678,0.21552734375,0.04097852209476678,24632.58203125,385.93083280789057
1548,0.78603515625,0.04278068306925534,0.21396484375,0.04278068306925534,24648.271484375,386.0594977789666
1549,0.78720703125,0.0447398869685867,0.21279296875,0.044739886968586697,24663.9921875,386.34674541593
1550,0.78642578125,0.045807027492516854,0.21357421875,0.04580702749251686,24679.736328125,386.7621412929793
1551,0.78544921875,0.04369950786811035,0.21455078125,0.04369950786811036,24695.46484375,387.1651776126817
1552,0.78671875,0.04185387833101798,0.21328125,0.04185387833101798,24711.173828125,387.43971486880804
1553,0.79013671875,0.043042926918824394,0.20986328125,0.043042926918824394,24726.908203125,387.6937414414405
1554,0.78974609375,0.03979788739909022,0.21025390625,0.03979788739909022,24742.7109375,387.9127917256339
1555,0.7900390625,0.03843489971514537,0.2099609375,0.03843489971514537,24758.505859375,388.08919019636676
1556,0.79365234375,0.03644567360653098,0.20634765625,0.03644567360653098,24774.306640625,388.26401164359714
1557,0.79267578125,0.03265298489396263,0.20732421875,0.03265298489396263,24790.1796875,388.5027584140016
1558,0.78896484375,0.03345906070537744,0.21103515625,0.03345906070537744,24806.033203125,388.6928836236825
1559,0.79189453125,0.031009357885794054,0.20810546875,0.031009357885794054,24821.8125,388.8295158485522
1560,0.79580078125,0.02857993203733678,0.20419921875,0.028579932037336775,24837.650390625,388.978293556104
1561,0.79580078125,0.03130930042480701,0.20419921875,0.03130930042480701,24853.56640625,389.08142771321974
1562,0.798046875,0.030583093737530768,0.201953125,0.030583093737530768,24869.482421875,389.1950981460699
1563,0.79521484375,0.030674168567535295,0.20478515625,0.030674168567535295,24885.443359375,389.31791893664166
1564,0.79658203125,0.03361716230862698,0.20341796875,0.03361716230862698,24901.34765625,389.3778196572579
1565,0.790625,0.029131041068093288,0.209375,0.029131041068093284,24917.279296875,389.4806006060425
1566,0.7931640625,0.036661566177269525,0.2068359375,0.03666156617726952,24933.091796875,389.577050169734
1567,0.7958984375,0.03948018873731957,0.2041015625,0.03948018873731957,24948.955078125,389.8084460829495
1568,0.79736328125,0.037156246098677785,0.20263671875,0.037156246098677785,24964.873046875,389.9457952782123
1569,0.7994140625,0.035852480954949265,0.2005859375,0.035852480954949265,24980.8203125,389.9988739779918
1570,0.80078125,0.03269953583087515,0.19921875,0.03269953583087515,24996.80859375,390.0890647914251
1571,0.79853515625,0.03286259777682832,0.20146484375,0.03286259777682832,25012.82421875,390.0932855986068
1572,0.79345703125,0.02259745367778694,0.20654296875,0.02259745367778694,25028.794921875,390.0606161156716
1573,0.79365234375,0.023583731640079545,0.20634765625,0.023583731640079545,25044.6640625,390.0052938639979
1574,0.79892578125,0.025093856108216663,0.20107421875,0.025093856108216666,25060.537109375,389.92654296918
1575,0.80068359375,0.023528671954249014,0.19931640625,0.023528671954249014,25076.515625,389.8597489749995
1576,0.79521484375,0.026904429800601756,0.20478515625,0.026904429800601756,25092.529296875,389.82516818053034
1577,0.7998046875,0.029189255459455346,0.2001953125,0.029189255459455346,25108.43359375,389.79384189789164
1578,0.80126953125,0.03165403482231336,0.19873046875,0.03165403482231336,25124.4296875,389.7743444565812
1579,0.80322265625,0.028655911608978724,0.19677734375,0.028655911608978724,25140.455078125,389.65313760577703
1580,0.8015625,0.027637926486419887,0.1984375,0.027637926486419887,25156.51953125,389.4546909055154
1581,0.80302734375,0.023388824780945897,0.19697265625,0.0233888247809459,25172.55078125,389.309177396139
1582,0.801953125,0.025201367973860196,0.198046875,0.025201367973860196,25188.611328125,389.16189317464483
1583,0.8021484375,0.02314762143136282,0.1978515625,0.02314762143136282,25204.650390625,388.9690222725046
1584,0.8060546875,0.02798903768386384,0.1939453125,0.02798903768386384,25220.693359375,388.7496160523705
1585,0.805859375,0.03276305333106514,0.194140625,0.03276305333106514,25236.814453125,388.5536934067989
1586,0.809375,0.03244422234353233,0.190625,0.03244422234353233,25252.931640625,388.24440261235003
1587,0.8126953125,0.0337975287442551,0.1873046875,0.0337975287442551,25269.119140625,387.9087131563098
1588,0.81103515625,0.03385236686421749,0.18896484375,0.03385236686421749,25285.373046875,387.54543716821587
1589,0.81357421875,0.03105545522832465,0.18642578125,0.031055455228324647,25301.59375,387.1824857447145
1590,0.81494140625,0.03390866319357334,0.18505859375,0.03390866319357334,25317.865234375,386.8419613191697
1591,0.815234375,0.0330759282380494,0.184765625,0.033075928238049404,25334.1640625,386.5255076490483
1592,0.81767578125,0.03378129991215381,0.18232421875,0.033781299912153805,25350.46875,386.2535513804106
1593,0.81708984375,0.03344366569358709,0.18291015625,0.03344366569358709,25366.822265625,385.97391774206005
1594,0.81396484375,0.03711001746976745,0.18603515625,0.03711001746976745,25383.1640625,385.68607710973174
1595,0.8111328125,0.03949033285704435,0.1888671875,0.03949033285704435,25399.443359375,385.44639037017294
1596,0.8173828125,0.03443819652482999,0.1826171875,0.03443819652482999,25415.666015625,385.19776884742015
1597,0.8171875,0.03313354382003559,0.1828125,0.03313354382003559,25432.013671875,385.0688845404378
1598,0.81611328125,0.034548926338704454,0.18388671875,0.034548926338704454,25448.357421875,384.92799194009575
1599,0.812890625,0.028612447993413306,0.187109375,0.028612447993413313,25464.6796875,384.85989032063645
1600,0.81025390625,0.027112758985929516,0.18974609375,0.027112758985929516,25480.9375,384.72819109225435
1601,0.8119140625,0.033212314904687464,0.1880859375,0.033212314904687464,25497.142578125,384.6770958244205
1602,0.8146484375,0.0367810309572917,0.1853515625,0.0367810309572917,25513.380859375,384.56531800753885
1603,0.815625,0.03463094964536554,0.184375,0.03463094964536554,25529.673828125,384.4327313544933
1604,0.8162109375,0.03779385193573983,0.1837890625,0.03779385193573982,25545.986328125,384.2793974542088
1605,0.81953125,0.038454248764562736,0.18046875,0.03845424876456274,25562.310546875,384.1438294552271
1606,0.8216796875,0.036328124999999996,0.1783203125,0.036328125,25578.701171875,384.004361152719
1607,0.8193359375,0.038590903235088965,0.1806640625,0.038590903235088965,25595.134765625,383.8394520484874
1608,0.8171875,0.04065550612429583,0.1828125,0.04065550612429583,25611.521484375,383.65115658563235
1609,0.81787109375,0.039750412465000856,0.18212890625,0.039750412465000856,25627.865234375,383.38264542286197
1610,0.82080078125,0.03888938691562071,0.17919921875,0.03888938691562071,25644.22265625,383.1081097960521
1611,0.823828125,0.03939361616593361,0.176171875,0.03939361616593361,25660.638671875,382.8607224141523
1612,0.82353515625,0.03614613880098021,0.17646484375,0.0361461388009802,25677.115234375,382.6556503696191
1613,0.824609375,0.0372893456672676,0.175390625,0.0372893456672676,25693.5859375,382.53220079302434
1614,0.8248046875,0.032132319585023154,0.1751953125,0.032132319585023154,25710.078125,382.46093241321745
1615,0.8265625,0.031302446224671286,0.1734375,0.031302446224671286,25726.57421875,382.33368375097535
1616,0.8263671875,0.0341372504410619,0.1736328125,0.0341372504410619,25743.10546875,382.2983909299666
1617,0.825390625,0.030269657022015773,0.174609375,0.030269657022015773,25759.6328125,382.2983959989553
1618,0.828125,0.025744973293875133,0.171875,0.025744973293875133,25776.140625,382.3679692599991
1619,0.82802734375,0.02689521206926944,0.17197265625,0.02689521206926944,25792.703125,382.42388719226113
1620,0.83125,0.026970810547368263,0.16875,0.026970810547368263,25809.263671875,382.34931261936924
1621,0.83427734375,0.02484022583347438,0.16572265625,0.024840225833474377,25825.888671875,382.2559522835228
1622,0.8376953125,0.026046223559640078,0.1623046875,0.026046223559640085,25842.57421875,382.2127319690542
1623,0.83173828125,0.024978055859816887,0.16826171875,0.024978055859816887,25859.328125,382.0773420878475
1624,0.82919921875,0.03155203768623067,0.17080078125,0.03155203768623067,25875.962890625,381.88907898767536
1625,0.82880859375,0.027721477249658257,0.17119140625,0.027721477249658257,25892.546875,381.636654378174
1626,0.82333984375,0.029233166407156046,0.17666015625,0.029233166407156046,25909.123046875,381.385193760114
1627,0.8208984375,0.027975405109052935,0.1791015625,0.027975405109052935,25925.58984375,381.2237445533199
1628,0.81728515625,0.027233490028381904,0.18271484375,0.027233490028381904,25942.0078125,381.04945004569544
1629,0.814453125,0.03242716918371894,0.185546875,0.03242716918371894,25958.353515625,380.9424896339049
1630,0.816015625,0.03385785987467266,0.183984375,0.03385785987467266,25974.642578125,380.8207033702172
1631,0.8158203125,0.034870802978862206,0.1841796875,0.034870802978862206,25990.962890625,380.652520253156
1632,0.8154296875,0.03352611742084678,0.1845703125,0.03352611742084678,26007.279296875,380.4244285306958
1633,0.808203125,0.032903635527963035,0.191796875,0.032903635527963035,26023.587890625,380.3031105054729
1634,0.80732421875,0.034101612838236046,0.19267578125,0.034101612838236046,26039.751953125,380.16510850374385
1635,0.8072265625,0.033566486029595055,0.1927734375,0.033566486029595055,26055.8984375,380.08096123604537
1636,0.80830078125,0.03836299964576922,0.19169921875,0.03836299964576922,26072.04296875,380.0505135943126
1637,0.80732421875,0.036518867737180244,0.19267578125,0.036518867737180244,26088.208984375,379.9072616298844
1638,0.80869140625,0.03381628802898938,0.19130859375,0.03381628802898938,26104.35546875,379.76279062776246
1639,0.8107421875,0.033963602667448925,0.1892578125,0.033963602667448925,26120.529296875,379.7761194815931
1640,0.808984375,0.035831194673339464,0.191015625,0.035831194673339464,26136.744140625,379.8302657915899
1641,0.80556640625,0.037005018770223184,0.19443359375,0.037005018770223184,26152.923828125,379.8571389390493
1642,0.80234375,0.034416589719918775,0.19765625,0.034416589719918775,26169.03515625,379.8787266007773
1643,0.80703125,0.03695537536091883,0.19296875,0.03695537536091883,26185.08203125,379.89143665901526
1644,0.81044921875,0.038376421277693515,0.18955078125,0.03837642127769352,26201.22265625,379.9167401502744
1645,0.8123046875,0.032021125495949446,0.1876953125,0.032021125495949446,26217.431640625,379.9765104010687
1646,0.81572265625,0.033741753595048156,0.18427734375,0.03374175359504816,26233.677734375,380.06653605248493
1647,0.8109375,0.038350941028016186,0.1890625,0.038350941028016186,26249.9921875,380.13533573468425
1648,0.81103515625,0.04181751917890778,0.18896484375,0.04181751917890778,26266.2109375,380.21140452080806
1649,0.8083984375,0.041270136686578904,0.1916015625,0.041270136686578904,26282.431640625,380.23200965774237
1650,0.80810546875,0.043647537137494315,0.19189453125,0.043647537137494315,26298.599609375,380.31752692154737
1651,0.804296875,0.04063767455529067,0.195703125,0.04063767455529067,26314.76171875,380.31989674705994
1652,0.808984375,0.04012519318245942,0.191015625,0.04012519318245942,26330.84765625,380.32688348256494
1653,0.8095703125,0.03995561044038825,0.1904296875,0.03995561044038825,26347.02734375,380.37177930377885
1654,0.81328125,0.04293500095074676,0.18671875,0.04293500095074676,26363.21875,380.4587606371185
1655,0.815234375,0.03889318775455334,0.184765625,0.03889318775455333,26379.484375,380.66009271515856
1656,0.8111328125,0.041157678114459244,0.1888671875,0.04115767811445925,26395.7890625,380.87554054234414
1657,0.81416015625,0.03993185437435148,0.18583984375,0.03993185437435148,26412.01171875,381.17663788913
1658,0.811328125,0.03539900994074773,0.188671875,0.035399009940747725,26428.294921875,381.3872455692721
1659,0.814453125,0.0392718996802063,0.185546875,0.0392718996802063,26444.521484375,381.49705672722354
1660,0.81611328125,0.040036799669289115,0.18388671875,0.040036799669289115,26460.810546875,381.58285623123345
1661,0.81357421875,0.0351276196354789,0.18642578125,0.0351276196354789,26477.1328125,381.7167887552589
1662,0.8095703125,0.04283314896084975,0.1904296875,0.04283314896084975,26493.404296875,381.80840813983605
1663,0.80810546875,0.04063075098266138,0.19189453125,0.04063075098266138,26509.595703125,381.9095210678271
1664,0.80654296875,0.0376311234975582,0.19345703125,0.03763112349755819,26525.7578125,382.0913353024164
1665,0.80048828125,0.0374726513636242,0.19951171875,0.037472651363624196,26541.888671875,382.20537155923984
1666,0.7998046875,0.03846962183592684,0.2001953125,0.03846962183592684,26557.8984375,382.3102149814022
1667,0.80029296875,0.03896778066939214,0.19970703125,0.03896778066939214,26573.89453125,382.55468261389683
1668,0.80166015625,0.04101899632721872,0.19833984375,0.04101899632721872,26589.900390625,382.9375682025722
1669,0.80283203125,0.03862165793370155,0.19716796875,0.03862165793370154,26605.93359375,383.3089871534039
1670,0.80517578125,0.03457431231274766,0.19482421875,0.03457431231274766,26621.990234375,383.6433608855926
1671,0.80595703125,0.03564399614324368,0.19404296875,0.035643996143243685,26638.09375,383.8408356260655
1672,0.80546875,0.03338587117394076,0.19453125,0.03338587117394076,26654.212890625,383.9673026638116
1673,0.8041015625,0.029045799132845787,0.1958984375,0.029045799132845787,26670.322265625,383.9799445050939
1674,0.80693359375,0.02515686413506961,0.19306640625,0.025156864135069606,26686.404296875,383.9305374430762
1675,0.80244140625,0.029870842424894073,0.19755859375,0.029870842424894073,26702.54296875,383.7947781858103
1676,0.80390625,0.03289088015785825,0.19609375,0.03289088015785825,26718.591796875,383.6581843328096
1677,0.80380859375,0.03661119657926821,0.19619140625,0.03661119657926821,26734.669921875,383.47576742689205
1678,0.8056640625,0.03943668438389963,0.1943359375,0.03943668438389963,26750.74609375,383.4101580408902
1679,0.807421875,0.038257825262913936,0.192578125,0.038257825262913936,26766.859375,383.3468208616021
1680,0.80732421875,0.035947715302556194,0.19267578125,0.035947715302556194,26783.0078125,383.31995264555616
1681,0.807421875,0.03481770589862245,0.192578125,0.03481770589862245,26799.154296875,383.20743320419234
1682,0.80927734375,0.032359603461062786,0.19072265625,0.032359603461062786,26815.302734375,383.1702443177493
1683,0.80908203125,0.03379315478289448,0.19091796875,0.03379315478289448,26831.48828125,383.09759570835786
1684,0.81474609375,0.03159915419786593,0.18525390625,0.03159915419786592,26847.669921875,383.05239862812124
1685,0.81337890625,0.02995182619975275,0.18662109375,0.02995182619975275,26863.96484375,382.93049869453375
1686,0.8087890625,0.03451233220486193,0.1912109375,0.03451233220486193,26880.232421875,382.8049970814878
1687,0.80673828125,0.03888006715776585,0.19326171875,0.03888006715776585,26896.408203125,382.6166583363572
1688,0.8119140625,0.03709703742277643,0.1880859375,0.03709703742277643,26912.54296875,382.42071796620166
1689,0.8115234375,0.03900141708538254,0.1884765625,0.03900141708538254,26928.78125,382.21893896890896
1690,0.815625,0.03483139845540766,0.184375,0.03483139845540766,26945.01171875,382.0480995453464
1691,0.816015625,0.029944661281400605,0.183984375,0.029944661281400605,26961.32421875,381.9824100458981
1692,0.81318359375,0.031103323991266016,0.18681640625,0.031103323991266012,26977.64453125,381.96177406185876
1693,0.81337890625,0.03051644529147422,0.18662109375,0.030516445291474223,26993.908203125,381.93168710871095
1694,0.808984375,0.03146350405473529,0.191015625,0.03146350405473528,27010.17578125,382.0251872761519
1695,0.808984375,0.03001782205812542,0.191015625,0.03001782205812542,27026.35546875,382.01850356979065
1696,0.8078125,0.028734179580629668,0.1921875,0.028734179580629668,27042.53515625,381.928230613873
1697,0.80869140625,0.02834875322994616,0.19130859375,0.028348753229946164,27058.69140625,381.85848418887
1698,0.81025390625,0.03014099684071112,0.18974609375,0.030140996840711122,27074.865234375,381.7989424663383
1699,0.8119140625,0.03395068373068869,0.1880859375,0.03395068373068869,27091.0703125,381.7341294302874
1700,0.81435546875,0.0334305458324168,0.18564453125,0.0334305458324168,27107.30859375,381.6542523315493
1701,0.81220703125,0.038148611292930464,0.18779296875,0.03814861129293046,27123.595703125,381.5903317610229
1702,0.80546875,0.040592121611392314,0.19453125,0.040592121611392314,27139.83984375,381.53167913054847
1703,0.80185546875,0.04023496756996885,0.19814453125,0.04023496756996885,27155.94921875,381.62563124253677
1704,0.80537109375,0.03939809454943191,0.19462890625,0.03939809454943191,27171.986328125,381.7380656067519
1705,0.80517578125,0.03358934950284709,0.19482421875,0.03358934950284709,27188.09375,381.872890854925
1706,0.80966796875,0.03554593598519353,0.19033203125,0.03554593598519353,27204.197265625,382.0198934927348
1707,0.8048828125,0.03451233220486193,0.1951171875,0.03451233220486193,27220.390625,382.1575393973183
1708,0.80390625,0.037944951389315286,0.19609375,0.03794495138931528,27236.48828125,382.24597367435905
1709,0.801953125,0.040779641072188975,0.198046875,0.040779641072188975,27252.56640625,382.3590343941952
1710,0.7978515625,0.04493673327644761,0.2021484375,0.04493673327644761,27268.60546875,382.4785218236079
1711,0.8015625,0.04996107493628477,0.1984375,0.049961074936284766,27284.5625,382.5386788951283
1712,0.80087890625,0.04971739055853792,0.19912109375,0.049717390558537924,27300.59375,382.69395408190695
1713,0.8056640625,0.04822083282422358,0.1943359375,0.04822083282422358,27316.611328125,382.8874841112519
1714,0.807421875,0.04949312782749175,0.192578125,0.04949312782749175,27332.724609375,383.1256000209173
1715,0.81474609375,0.05258233652918216,0.18525390625,0.05258233652918216,27348.873046875,383.29391276190813
1716,0.81513671875,0.05542893391070713,0.18486328125,0.055428933910707134,27365.16796875,383.47776160983835
1717,0.8140625,0.052216788656313635,0.1859375,0.05221678865631364,27381.470703125,383.76045118880734
1718,0.81064453125,0.052668234709240966,0.18935546875,0.05266823470924097,27397.751953125,384.0951752583841
1719,0.81318359375,0.05289517223921121,0.18681640625,0.05289517223921122,27413.96484375,384.399424898033
1720,0.81083984375,0.0569295734536819,0.18916015625,0.0569295734536819,27430.228515625,384.65105835692026
1721,0.81162109375,0.05654364340055201,0.18837890625,0.05654364340055201,27446.4453125,385.0743071942833
1722,0.812890625,0.05958503916328195,0.187109375,0.05958503916328195,27462.677734375,385.5381035929549
1723,0.81220703125,0.05747972545603342,0.18779296875,0.05747972545603342,27478.935546875,386.0942354403771
1724,0.81318359375,0.05192347088960476,0.18681640625,0.05192347088960476,27495.1796875,386.56393235480135
1725,0.8177734375,0.05182815090819371,0.1822265625,0.051828150908193704,27511.443359375,386.98804449988626
1726,0.8158203125,0.05236815837157603,0.1841796875,0.05236815837157603,27527.798828125,387.4192991872255
1727,0.8146484375,0.04897400084523484,0.1853515625,0.04897400084523484,27544.115234375,387.7731164107997
1728,0.81865234375,0.050243262755025254,0.18134765625,0.050243262755025254,27560.408203125,388.0967185068717
1729,0.82001953125,0.04686696301543379,0.17998046875,0.04686696301543379,27576.78125,388.4344526298719
1730,0.82685546875,0.048495055428373075,0.17314453125,0.04849505542837307,27593.181640625,388.6562477670663
1731,0.8251953125,0.04418769959400643,0.1748046875,0.04418769959400643,27609.71875,388.7869624090836
1732,0.82802734375,0.04411090761955038,0.17197265625,0.04411090761955038,27626.22265625,388.93149494952434
1733,0.8263671875,0.046648214416021586,0.1736328125,0.04664821441602159,27642.783203125,389.0953474158304
1734,0.8283203125,0.04543650529237029,0.1716796875,0.0454365052923703,27659.310546875,389.21959003984176
1735,0.82666015625,0.04480336354435563,0.17333984375,0.04480336354435563,27675.876953125,389.3767532088731
1736,0.82373046875,0.04188588015282427,0.17626953125,0.04188588015282427,27692.41015625,389.4777596701896
1737,0.82529296875,0.04290089190785266,0.17470703125,0.04290089190785266,27708.884765625,389.61910999926255
1738,0.8234375,0.044157042024478524,0.1765625,0.044157042024478524,27725.390625,389.7841040840825
1739,0.8228515625,0.045188998586621926,0.1771484375,0.045188998586621926,27741.859375,389.9880940307252
1740,0.82119140625,0.046391241555824095,0.17880859375,0.046391241555824095,27758.31640625,390.23743476653294
1741,0.82666015625,0.042302744249286095,0.17333984375,0.042302744249286095,27774.740234375,390.47188708696444
1742,0.82685546875,0.04140682579935729,0.17314453125,0.04140682579935729,27791.2734375,390.73137153254925
1743,0.823046875,0.03828772665237558,0.176953125,0.03828772665237558,27807.810546875,390.95021447013477
1744,0.8208984375,0.04227782575749669,0.1791015625,0.04227782575749668,27824.271484375,391.1840433265734
1745,0.82021484375,0.03749402316464971,0.17978515625,0.03749402316464971,27840.689453125,391.42374041373466
1746,0.81796875,0.03660794034614238,0.18203125,0.03660794034614238,27857.09375,391.6346951382566
1747,0.81865234375,0.03941745467470251,0.18134765625,0.03941745467470251,27873.453125,391.79598039762647
1748,0.82255859375,0.038236007424859955,0.17744140625,0.03823600742485995,27889.826171875,391.99889088006665
1749,0.824609375,0.03651925945354254,0.175390625,0.03651925945354254,27906.27734375,392.2400827315086
1750,0.828125,0.03427720463825048,0.171875,0.03427720463825048,27922.76953125,392.4257527291364
1751,0.82587890625,0.034305154761179506,0.17412109375,0.0343051547611795,27939.33203125,392.6880795566982
1752,0.82763671875,0.03701223408282399,0.17236328125,0.03701223408282399,27955.849609375,392.9290864801252
1753,0.81923828125,0.039321528867101406,0.18076171875,0.039321528867101406,27972.40234375,393.24082756622033
1754,0.81962890625,0.034535121786969575,0.18037109375,0.034535121786969575,27988.787109375,393.5620817243108
1755,0.81884765625,0.04090677986938383,0.18115234375,0.04090677986938383,28005.1796875,393.84882122704596
1756,0.82109375,0.04098724836834736,0.17890625,0.04098724836834737,28021.556640625,394.19970735029085
1757,0.81748046875,0.04056309605235452,0.18251953125,0.04056309605235452,28037.978515625,394.58294972310796
1758,0.8158203125,0.04671236434724918,0.1841796875,0.04671236434724918,28054.328125,394.9738917546914
1759,0.81748046875,0.047768682210440665,0.18251953125,0.04776868221044066,28070.64453125,395.42946899613025
1760,0.82001953125,0.04577162084768699,0.17998046875,0.04577162084768699,28086.994140625,395.9516323924481
1761,0.81845703125,0.04866662745713697,0.18154296875,0.048666627457136964,28103.39453125,396.4752219348346
1762,0.81845703125,0.05380044034189167,0.18154296875,0.05380044034189168,28119.763671875,396.9598873109746
1763,0.816796875,0.05365444472246975,0.183203125,0.05365444472246976,28136.1328125,397.45875181754684
1764,0.8158203125,0.05074968971195169,0.1841796875,0.050749689711951686,28152.46875,398.02544862290506
1765,0.812109375,0.047774172112095184,0.187890625,0.04777417211209519,28168.78515625,398.58273076968885
1766,0.8083984375,0.05493248697264671,0.1916015625,0.0549324869726467,28185.02734375,399.0373494920906
1767,0.80986328125,0.05614181287120876,0.19013671875,0.05614181287120874,28201.1953125,399.6037962212919
1768,0.81240234375,0.05801545680376406,0.18759765625,0.058015456803764055,28217.392578125,400.26135463203457
1769,0.81494140625,0.0604605767298078,0.18505859375,0.0604605767298078,28233.640625,400.86565087326807
1770,0.817578125,0.053042358745525854,0.182421875,0.053042358745525854,28249.939453125,401.5636106435653
1771,0.8154296875,0.050360713627298624,0.1845703125,0.050360713627298624,28266.291015625,402.145022073168
1772,0.8169921875,0.050146650780213194,0.1830078125,0.050146650780213194,28282.599609375,402.71698825545855
1773,0.81943359375,0.051503743304160146,0.18056640625,0.05150374330416014,28298.939453125,403.2755215036602
1774,0.81796875,0.053222566657034676,0.18203125,0.05322256665703468,28315.328125,403.85235194061795
1775,0.81923828125,0.04819204836900976,0.18076171875,0.04819204836900976,28331.6875,404.31716691226575
1776,0.82607421875,0.0442102473950491,0.17392578125,0.0442102473950491,28348.072265625,404.6805413714969
1777,0.82275390625,0.04165070545931712,0.17724609375,0.04165070545931712,28364.59375,405.05140819410724
1778,0.82744140625,0.04174402050211101,0.17255859375,0.041744020502111005,28381.048828125,405.445463212599
1779,0.8314453125,0.03650097487728496,0.1685546875,0.03650097487728496,28397.59765625,405.8548399274417
1780,0.82900390625,0.03804698027609922,0.17099609375,0.038046980276099214,28414.2265625,406.2214496803682
1781,0.8279296875,0.04149367980629324,0.1720703125,0.04149367980629324,28430.806640625,406.59858308217804
1782,0.83017578125,0.038349075954798625,0.16982421875,0.038349075954798625,28447.365234375,406.99481972530515
1783,0.82529296875,0.03926084895750801,0.17470703125,0.039260848957508004,28463.96875,407.3642880862384
1784,0.826953125,0.042459248471466364,0.173046875,0.042459248471466364,28480.474609375,407.72620334568126
1785,0.8296875,0.03817647491983365,0.1703125,0.03817647491983365,28497.013671875,408.02255243259486
1786,0.82392578125,0.03515367286561082,0.17607421875,0.03515367286561082,28513.607421875,408.3408227916185
1787,0.82470703125,0.03396205827062811,0.17529296875,0.03396205827062811,28530.0859375,408.61762403364156
1788,0.830078125,0.032529940385502935,0.169921875,0.032529940385502935,28546.580078125,408.9287717442489
1789,0.82421875,0.029972674322700794,0.17578125,0.029972674322700794,28563.181640625,409.2937322843607
1790,0.82421875,0.0323948023265066,0.17578125,0.0323948023265066,28579.666015625,409.63052555812374
1791,0.82314453125,0.03514119143642243,0.17685546875,0.03514119143642243,28596.150390625,409.9805890070643
1792,0.8267578125,0.034430441795969234,0.1732421875,0.034430441795969234,28612.61328125,410.33925844609934
1793,0.82822265625,0.030777835559752477,0.17177734375,0.030777835559752477,28629.1484375,410.6668150538222
1794,0.8236328125,0.03044683206048753,0.1763671875,0.03044683206048753,28645.712890625,410.94445425901125
1795,0.825390625,0.0285977787035522,0.174609375,0.0285977787035522,28662.185546875,411.2348315980943
1796,0.82392578125,0.02744140625,0.17607421875,0.02744140625,28678.693359375,411.59532053894503
1797,0.82548828125,0.03066484000805689,0.17451171875,0.03066484000805689,28695.171875,411.86587859778456
1798,0.8220703125,0.033828553512008815,0.1779296875,0.03382855351200881,28711.681640625,412.1096784701563
1799,0.82119140625,0.02748446632704056,0.17880859375,0.02748446632704056,28728.123046875,412.3547080078231
1800,0.82021484375,0.03060693947886158,0.17978515625,0.03060693947886158,28744.546875,412.5079526007496
1801,0.82001953125,0.028083771050397287,0.17998046875,0.028083771050397287,28760.951171875,412.66599332839763
1802,0.8197265625,0.02830077451043743,0.1802734375,0.02830077451043743,28777.3515625,412.7861830010628
1803,0.8208984375,0.029498654092377143,0.1791015625,0.029498654092377147,28793.74609375,412.8832428606269
1804,0.8232421875,0.03156578726693269,0.1767578125,0.03156578726693269,28810.1640625,412.94738674554014
1805,0.8263671875,0.03304996845745942,0.1736328125,0.033049968457459424,28826.62890625,412.98156974255096
1806,0.83193359375,0.033450508795776025,0.16806640625,0.033450508795776025,28843.15625,412.98182071087695
1807,0.83388671875,0.028603280568874574,0.16611328125,0.028603280568874578,28859.794921875,412.8949514402364
1808,0.8287109375,0.027794142247274316,0.1712890625,0.02779414224727431,28876.47265625,412.8471844571952
1809,0.83076171875,0.029810120173701205,0.16923828125,0.02981012017370121,28893.046875,412.91987316581583
1810,0.82421875,0.02833714478231818,0.17578125,0.02833714478231818,28909.662109375,412.9097168682401
1811,0.823046875,0.030127546653898198,0.176953125,0.030127546653898198,28926.146484375,413.0322943754544
1812,0.824609375,0.030087635468834514,0.175390625,0.030087635468834518,28942.607421875,413.0913788103875
1813,0.82275390625,0.027553084030198783,0.17724609375,0.027553084030198783,28959.099609375,413.15916391177103
1814,0.823046875,0.030843919191215288,0.176953125,0.03084391919121529,28975.5546875,413.228037504989
1815,0.821484375,0.032009210214783784,0.178515625,0.03200921021478379,28992.015625,413.39796640959884
1816,0.81923828125,0.032254515575720774,0.18076171875,0.032254515575720774,29008.4453125,413.55256577024323
1817,0.82158203125,0.030080819938116943,0.17841796875,0.030080819938116947,29024.830078125,413.63764419666126
1818,0.823828125,0.02667714231088105,0.176171875,0.02667714231088105,29041.26171875,413.7671976531728
1819,0.819140625,0.030517539062475,0.180859375,0.030517539062474997,29057.73828125,413.9511351380794
1820,0.82314453125,0.027691875723379618,0.17685546875,0.02769187572337962,29074.12109375,414.10286682286215
1821,0.82197265625,0.02707403952743306,0.17802734375,0.02707403952743306,29090.583984375,414.25608612636063
1822,0.81953125,0.02177887641747876,0.18046875,0.021778876417478762,29107.0234375,414.43126113100675
1823,0.81923828125,0.027324386279865262,0.18076171875,0.027324386279865262,29123.4140625,414.63029473379675
1824,0.821875,0.023765607022511282,0.178125,0.023765607022511282,29139.798828125,414.778925281966
1825,0.8232421875,0.02014655774723067,0.1767578125,0.02014655774723067,29156.236328125,414.9172651295899
1826,0.82578125,0.024993895739134984,0.17421875,0.024993895739134988,29172.701171875,415.045803626321
1827,0.82890625,0.021323080619128274,0.17109375,0.021323080619128274,29189.216796875,415.0668957073545
1828,0.830078125,0.023595657776759874,0.169921875,0.023595657776759874,29205.794921875,415.05870505448985
1829,0.83154296875,0.02624483330151697,0.16845703125,0.02624483330151697,29222.396484375,415.037490626619
1830,0.83134765625,0.0273160085279569,0.16865234375,0.0273160085279569,29239.02734375,414.9761790413432
1831,0.8330078125,0.024670527937814157,0.1669921875,0.024670527937814157,29255.654296875,414.96852454354524
1832,0.83330078125,0.026533222893464294,0.16669921875,0.026533222893464298,29272.314453125,414.9579528511653
1833,0.8310546875,0.028458043318053114,0.1689453125,0.028458043318053114,29288.98046875,415.01171856616435
1834,0.8291015625,0.034330026510546764,0.1708984375,0.034330026510546764,29305.6015625,415.02683059181123
1835,0.8361328125,0.031019658900143472,0.1638671875,0.031019658900143472,29322.18359375,414.9549160839068
1836,0.837890625,0.03244774946452373,0.162109375,0.03244774946452373,29338.90625,414.91600979146904
1837,0.83828125,0.03390852256928973,0.16171875,0.03390852256928973,29355.6640625,414.9564426038266
1838,0.8365234375,0.0355425821583685,0.1634765625,0.0355425821583685,29372.4296875,415.04825533936884
1839,0.83369140625,0.035609196955799415,0.16630859375,0.035609196955799415,29389.16015625,415.10971154211404
1840,0.833984375,0.033154260919071074,0.166015625,0.033154260919071074,29405.833984375,415.2090534276057
1841,0.83427734375,0.02875823193332066,0.16572265625,0.02875823193332066,29422.513671875,415.2146340088153
1842,0.82841796875,0.03188158752585801,0.17158203125,0.03188158752585802,29439.19921875,415.2675761545775
1843,0.8275390625,0.02836136571869711,0.1724609375,0.028361365718697108,29455.767578125,415.33044817786265
1844,0.82861328125,0.028579264656147695,0.17138671875,0.028579264656147695,29472.318359375,415.4229791501519
1845,0.83212890625,0.029298339807130737,0.16787109375,0.029298339807130737,29488.890625,415.48593872368247
1846,0.83447265625,0.030043386239947976,0.16552734375,0.030043386239947976,29505.533203125,415.5109761988308
1847,0.835546875,0.029022806604852267,0.164453125,0.029022806604852267,29522.22265625,415.4839802579061
1848,0.8361328125,0.029155910870214206,0.1638671875,0.029155910870214206,29538.93359375,415.3894081245694
1849,0.83369140625,0.028154992959332083,0.16630859375,0.028154992959332083,29555.65625,415.25519383516456
1850,0.838671875,0.02314597338597742,0.161328125,0.02314597338597742,29572.330078125,415.140400592537
1851,0.83212890625,0.03070337970035895,0.16787109375,0.03070337970035895,29589.103515625,415.05107018016054
1852,0.82998046875,0.028304986424121926,0.17001953125,0.028304986424121926,29605.74609375,414.86539305815785
1853,0.8267578125,0.024344431954504506,0.1732421875,0.024344431954504503,29622.345703125,414.68437044850003
1854,0.82900390625,0.026451867782901484,0.17099609375,0.026451867782901484,29638.880859375,414.49728610320255
1855,0.82734375,0.03347430618854837,0.17265625,0.03347430618854837,29655.4609375,414.3536293376271
1856,0.82158203125,0.03322623850836924,0.17841796875,0.03322623850836924,29672.0078125,414.2537572180398
1857,0.82265625,0.03248065079060532,0.17734375,0.03248065079060532,29688.439453125,414.144881015649
1858,0.8244140625,0.03092420504264469,0.1755859375,0.03092420504264469,29704.892578125,414.04425706514064
1859,0.82705078125,0.03217458521435545,0.17294921875,0.032174585214355456,29721.380859375,414.02656988216336
1860,0.82822265625,0.032942016755133675,0.17177734375,0.032942016755133675,29737.921875,413.99071221368524
1861,0.8248046875,0.028384894036664225,0.1751953125,0.028384894036664225,29754.486328125,413.9788271378017
1862,0.8232421875,0.031164433635606552,0.1767578125,0.031164433635606552,29770.982421875,413.8955856498896
1863,0.82109375,0.027227711372819468,0.17890625,0.027227711372819464,29787.447265625,413.74097518528635
1864,0.82138671875,0.027948973072819606,0.17861328125,0.027948973072819603,29803.869140625,413.69168025081956
1865,0.828515625,0.02869897710060576,0.171484375,0.028698977100605757,29820.296875,413.7114701600527
1866,0.8275390625,0.026687864779049743,0.1724609375,0.02668786477904974,29836.8671875,413.71170135908733
1867,0.82041015625,0.03035978738501765,0.17958984375,0.03035978738501765,29853.41796875,413.63639807076936
1868,0.8228515625,0.029871321319994263,0.1771484375,0.029871321319994263,29869.826171875,413.5623635448492
1869,0.8267578125,0.0297978008508493,0.1732421875,0.029797800850849297,29886.283203125,413.4457635193531
1870,0.821875,0.025142264891745907,0.178125,0.025142264891745907,29902.818359375,413.3703464676387
1871,0.8255859375,0.02898992850266871,0.1744140625,0.02898992850266871,29919.255859375,413.2898189655799
1872,0.82734375,0.03042991314903499,0.17265625,0.03042991314903499,29935.767578125,413.20322932636736
1873,0.83134765625,0.028771493589728515,0.16865234375,0.028771493589728515,29952.314453125,413.1714784963415
1874,0.83564453125,0.027542005882155628,0.16435546875,0.02754200588215563,29968.94140625,413.0835674060258
1875,0.82822265625,0.029082713327293574,0.17177734375,0.02908271332729357,29985.654296875,413.04879147868024
1876,0.8283203125,0.03230577386323293,0.1716796875,0.032305773863232926,30002.21875,412.95620702255707
1877,0.82451171875,0.025492022594183903,0.17548828125,0.025492022594183907,30018.78515625,412.789809804272
1878,0.82333984375,0.023427121725654493,0.17666015625,0.023427121725654493,30035.275390625,412.60352181943864
1879,0.8255859375,0.02264782979307151,0.1744140625,0.02264782979307151,30051.7421875,412.4059790347117
1880,0.82578125,0.023015404891174245,0.17421875,0.023015404891174245,30068.25390625,412.22325109494506
1881,0.82734375,0.024549623642656802,0.17265625,0.0245496236426568,30084.76953125,412.0274487027497
1882,0.82060546875,0.023688636611603496,0.17939453125,0.023688636611603496,30101.31640625,411.8494534663809
1883,0.81923828125,0.02061657357756379,0.18076171875,0.02061657357756379,30117.728515625,411.65011028453733
1884,0.81435546875,0.02561666958009914,0.18564453125,0.025616669580099137,30134.11328125,411.49103559553794
1885,0.81650390625,0.02737668914460819,0.18349609375,0.02737668914460819,30150.400390625,411.22270285965305
1886,0.815625,0.026199553927053077,0.184375,0.02619955392705308,30166.73046875,411.0005528058792
1887,0.8150390625,0.024821598565988732,0.1849609375,0.02482159856598873,30183.04296875,410.77039342719553
1888,0.8197265625,0.023192896788150057,0.1802734375,0.023192896788150057,30199.34375,410.54170654527945
1889,0.8220703125,0.02419353526125316,0.1779296875,0.02419353526125316,30215.73828125,410.3661047778697
1890,0.81630859375,0.028772819419186253,0.18369140625,0.028772819419186253,30232.1796875,410.1596731813995
1891,0.81611328125,0.02249085134371394,0.18388671875,0.02249085134371394,30248.505859375,409.93465714676455
1892,0.8181640625,0.02173065517907177,0.1818359375,0.02173065517907177,30264.828125,409.7560472024716
1893,0.81689453125,0.02330385889670505,0.18310546875,0.02330385889670505,30281.19140625,409.5627847499082
1894,0.81796875,0.028722228859614337,0.18203125,0.028722228859614334,30297.529296875,409.35875409919805
1895,0.81572265625,0.02891697040438649,0.18427734375,0.02891697040438649,30313.888671875,409.09009772592094
1896,0.81396484375,0.031927022928716985,0.18603515625,0.031927022928716985,30330.203125,408.91897927726365
1897,0.81455078125,0.029079433963099383,0.18544921875,0.02907943396309938,30346.482421875,408.73425276167615
1898,0.81767578125,0.030010990672705663,0.18232421875,0.03001099067270567,30362.7734375,408.5205064760223
1899,0.81630859375,0.030606939478861575,0.18369140625,0.03060693947886158,30379.126953125,408.2420974265596
1900,0.8201171875,0.027613761721753543,0.1798828125,0.027613761721753546,30395.453125,408.01460872002497
1901,0.823828125,0.025297304466706527,0.176171875,0.025297304466706527,30411.85546875,407.7971225923254
1902,0.82314453125,0.026495096292776073,0.17685546875,0.026495096292776073,30428.33203125,407.6020081699905
1903,0.8255859375,0.02631722697297105,0.1744140625,0.02631722697297105,30444.794921875,407.42273267470995
1904,0.82353515625,0.02854520752561915,0.17646484375,0.028545207525619145,30461.306640625,407.22659916910055
1905,0.82421875,0.028222487294044443,0.17578125,0.028222487294044443,30477.77734375,406.92005465163
1906,0.824609375,0.03136636051213694,0.175390625,0.03136636051213695,30494.26171875,406.62985272565214
1907,0.821484375,0.03260256502322708,0.178515625,0.03260256502322708,30510.75390625,406.287825687955
1908,0.818359375,0.03152951169019075,0.181640625,0.03152951169019075,30527.18359375,405.9562321264988
1909,0.81552734375,0.034364594705346016,0.18447265625,0.034364594705346016,30543.55078125,405.5998200816822
1910,0.81728515625,0.033689141681139845,0.18271484375,0.033689141681139845,30559.861328125,405.2463293315265
1911,0.812890625,0.030983975114035764,0.187109375,0.030983975114035764,30576.20703125,404.8475005517546
1912,0.81611328125,0.032042710649789495,0.18388671875,0.032042710649789495,30592.46484375,404.4448331693614
1913,0.81650390625,0.03473996705048733,0.18349609375,0.034739967050487326,30608.787109375,403.9984293850499
1914,0.8185546875,0.03971332820980886,0.1814453125,0.03971332820980886,30625.1171875,403.51623778541324
1915,0.8171875,0.04351306517381087,0.1828125,0.04351306517381087,30641.48828125,402.90373337247513
1916,0.819921875,0.03768873404385089,0.180078125,0.03768873404385089,30657.83203125,402.2370731417525
1917,0.81904296875,0.03503682515327679,0.18095703125,0.035036825153276795,30674.23046875,401.6664412649533
1918,0.82177734375,0.03909239578645948,0.17822265625,0.03909239578645948,30690.611328125,401.2180711681198
1919,0.82822265625,0.03332769028263428,0.17177734375,0.03332769028263428,30707.046875,400.7907527922815
1920,0.8306640625,0.02895371946907254,0.1693359375,0.02895371946907254,30723.611328125,400.3743516557668
1921,0.83125,0.030417374554762077,0.16875,0.03041737455476208,30740.224609375,400.0462968021495
1922,0.830078125,0.030633568635465083,0.169921875,0.030633568635465083,30756.849609375,399.7545599423885
1923,0.82763671875,0.02853585139895911,0.17236328125,0.02853585139895911,30773.451171875,399.44753012003997
1924,0.83037109375,0.03505315286819399,0.16962890625,0.035053152868193986,30790.00390625,399.1927652150635
1925,0.8330078125,0.03328345063146999,0.1669921875,0.03328345063146999,30806.611328125,398.84400881709786
1926,0.83359375,0.030255160813642604,0.16640625,0.030255160813642604,30823.271484375,398.57037768296215
1927,0.83173828125,0.03088794785795872,0.16826171875,0.03088794785795872,30839.943359375,398.320290324551
1928,0.83505859375,0.033310516813695755,0.16494140625,0.033310516813695755,30856.578125,398.09478911511195
1929,0.8302734375,0.03262888076326372,0.1697265625,0.03262888076326372,30873.279296875,397.8186981557371
1930,0.82802734375,0.030886095285063274,0.17197265625,0.030886095285063274,30889.884765625,397.49877214062184
1931,0.82666015625,0.027138072717949713,0.17333984375,0.027138072717949713,30906.4453125,397.2783675439167
1932,0.82705078125,0.02940556011951452,0.17294921875,0.029405560119514524,30922.978515625,397.12676669680286
1933,0.82783203125,0.025637509153783867,0.17216796875,0.025637509153783867,30939.51953125,396.9763760780514
1934,0.82734375,0.028349930632975653,0.17265625,0.028349930632975653,30956.076171875,396.88145962481923
1935,0.8279296875,0.027030854856215935,0.1720703125,0.027030854856215935,30972.623046875,396.70100369029564
1936,0.828125,0.025866926767411414,0.171875,0.025866926767411414,30989.181640625,396.56573099754524
1937,0.829296875,0.02598757402887484,0.170703125,0.02598757402887484,31005.744140625,396.456987340142
1938,0.8267578125,0.029134314623382146,0.1732421875,0.029134314623382146,31022.330078125,396.37094379275635
1939,0.83037109375,0.02867853321235091,0.16962890625,0.02867853321235091,31038.865234375,396.25914375513406
1940,0.8279296875,0.03622981068303982,0.1720703125,0.03622981068303982,31055.47265625,396.15991311314235
1941,0.82802734375,0.03720805649834171,0.17197265625,0.03720805649834171,31072.03125,396.0174214933236
1942,0.82958984375,0.03258925286756081,0.17041015625,0.03258925286756081,31088.591796875,395.9156143607001
1943,0.826171875,0.028511611446999756,0.173828125,0.028511611446999756,31105.18359375,395.76276892318594
1944,0.822265625,0.03206933711214655,0.177734375,0.03206933711214655,31121.70703125,395.67208347828
1945,0.82265625,0.030062267532560128,0.17734375,0.030062267532560128,31138.15234375,395.58779208687537
1946,0.82333984375,0.02704372933803304,0.17666015625,0.02704372933803304,31154.60546875,395.6187042458558
1947,0.82119140625,0.027121199521794325,0.17880859375,0.027121199521794325,31171.072265625,395.58992410080333
1948,0.81884765625,0.025503991207355817,0.18115234375,0.025503991207355817,31187.49609375,395.68917425509716
1949,0.81748046875,0.026863280113966822,0.18251953125,0.026863280113966822,31203.873046875,395.82125167291036
1950,0.820703125,0.023997222739699484,0.179296875,0.02399722273969948,31220.22265625,395.91171189820096
1951,0.8173828125,0.027493313063063057,0.1826171875,0.027493313063063057,31236.63671875,395.99875151312176
1952,0.82060546875,0.03144789027671721,0.17939453125,0.03144789027671722,31252.984375,395.97981767568626
1953,0.81640625,0.03699354868139807,0.18359375,0.03699354868139807,31269.396484375,395.93441464878697
1954,0.816796875,0.03458244843480712,0.183203125,0.03458244843480712,31285.724609375,396.0095221068222
1955,0.81455078125,0.03705137840517722,0.18544921875,0.03705137840517722,31302.060546875,396.1349792330932
1956,0.81572265625,0.036456138908103175,0.18427734375,0.036456138908103175,31318.3515625,396.218492399689
1957,0.81865234375,0.03114009604456992,0.18134765625,0.03114009604456992,31334.666015625,396.2584770041983
1958,0.81875,0.024340514216511917,0.18125,0.024340514216511917,31351.0390625,396.36704947041676
1959,0.8197265625,0.027739188622762898,0.1802734375,0.0277391886227629,31367.4140625,396.3886057751031
1960,0.81982421875,0.029219461524174182,0.18017578125,0.029219461524174182,31383.80859375,396.32008882748744
1961,0.82099609375,0.027091646141373802,0.17900390625,0.027091646141373802,31400.205078125,396.29923789552447
1962,0.82021484375,0.025802141452601162,0.17978515625,0.02580214145260116,31416.625,396.20689805566803
1963,0.81796875,0.02852899943204721,0.18203125,0.02852899943204721,31433.029296875,396.05571168533277
1964,0.8173828125,0.02670501177323451,0.1826171875,0.02670501177323451,31449.388671875,395.8640514723172
1965,0.81484375,0.02446167232807147,0.18515625,0.02446167232807147,31465.736328125,395.8057718360197
1966,0.8173828125,0.025031260972609954,0.1826171875,0.025031260972609954,31482.033203125,395.7470476735614
1967,0.81572265625,0.022802472980969664,0.18427734375,0.022802472980969664,31498.380859375,395.6996141265538
1968,0.8134765625,0.02287742260054113,0.1865234375,0.02287742260054113,31514.6953125,395.61665566369345
1969,0.8099609375,0.01988066356265319,0.1900390625,0.01988066356265319,31530.96484375,395.52108149038065
1970,0.80791015625,0.02515307293845168,0.19208984375,0.02515307293845168,31547.1640625,395.4819375023656
1971,0.80654296875,0.022279540950079942,0.19345703125,0.02227954095007994,31563.322265625,395.374207125896
1972,0.80419921875,0.028246975357041133,0.19580078125,0.028246975357041133,31579.453125,395.2951001103665
1973,0.80556640625,0.029612396005598448,0.19443359375,0.029612396005598448,31595.537109375,395.07943923909625
1974,0.8111328125,0.03151801572024175,0.1888671875,0.03151801572024175,31611.6484375,394.9206271230903
1975,0.80859375,0.031173612694360094,0.19140625,0.031173612694360094,31627.87109375,394.7184770015533
1976,0.80859375,0.02989940307429596,0.19140625,0.02989940307429596,31644.04296875,394.48331459644163
1977,0.81142578125,0.035165607478626335,0.18857421875,0.035165607478626335,31660.21484375,394.2049010902567
1978,0.8126953125,0.03735220713598712,0.1873046875,0.03735220713598713,31676.443359375,393.78817142082653
1979,0.8087890625,0.038185466905781056,0.1912109375,0.038185466905781056,31692.697265625,393.4223734086154
1980,0.809375,0.039477289938627216,0.190625,0.039477289938627216,31708.873046875,393.08747595412353
1981,0.81259765625,0.04598448134995559,0.18740234375,0.04598448134995559,31725.060546875,392.72904179512574
1982,0.81259765625,0.04614596238416046,0.18740234375,0.04614596238416046,31741.3125,392.27502629984605
1983,0.816015625,0.04640511559535186,0.183984375,0.04640511559535186,31757.564453125,391.87365294594565
1984,0.81083984375,0.04112951542608508,0.18916015625,0.041129515426085075,31773.884765625,391.47092081769716
1985,0.80625,0.04187665793709508,0.19375,0.04187665793709508,31790.1015625,391.08546744890873
1986,0.8041015625,0.04239946029607497,0.1958984375,0.04239946029607497,31806.2265625,390.74218113472205
1987,0.80732421875,0.04088066057212721,0.19267578125,0.04088066057212721,31822.30859375,390.35952754510714
1988,0.80693359375,0.04133997958082665,0.19306640625,0.04133997958082664,31838.455078125,389.95465845973615
1989,0.80458984375,0.03882852289314489,0.19541015625,0.03882852289314489,31854.59375,389.5578590286761
1990,0.80498046875,0.03601132977539684,0.19501953125,0.03601132977539684,31870.685546875,389.2161629877597
1991,0.8033203125,0.035118795152300125,0.1966796875,0.035118795152300125,31886.78515625,388.89188057272503
1992,0.80576171875,0.03478934518222509,0.19423828125,0.03478934518222509,31902.8515625,388.4826491518207
1993,0.80556640625,0.03441451142761957,0.19443359375,0.03441451142761957,31918.966796875,388.1251542537954
1994,0.8056640625,0.029439755752213706,0.1943359375,0.029439755752213706,31935.078125,387.83809634569263
1995,0.8103515625,0.03410930252941225,0.1896484375,0.03410930252941225,31951.19140625,387.5879047730871
1996,0.8076171875,0.034711268074613125,0.1923828125,0.034711268074613125,31967.3984375,387.20937457913243
1997,0.80703125,0.03587641292541008,0.19296875,0.03587641292541008,31983.55078125,386.82354816210415
1998,0.80830078125,0.031884578686760576,0.19169921875,0.031884578686760576,31999.69140625,386.41910352851
1999,0.80595703125,0.03908702843176975,0.19404296875,0.03908702843176975,32015.857421875,386.0748489872635
2000,0.8064453125,0.04004334961804285,0.1935546875,0.04004334961804285,32031.9765625,385.66125780784074
2001,0.80390625,0.04076092794662939,0.19609375,0.04076092794662938,32048.10546875,385.280735064721
2002,0.80263671875,0.04086992816781531,0.19736328125,0.04086992816781531,32064.18359375,384.8798860522878
2003,0.80625,0.044860692030475026,0.19375,0.044860692030475026,32080.236328125,384.50802155995575
2004,0.80078125,0.04327395160711941,0.19921875,0.04327395160711941,32096.361328125,384.13506846913793
2005,0.80263671875,0.04064060791672315,0.19736328125,0.04064060791672315,32112.376953125,383.754978115336
2006,0.80556640625,0.03962594131651293,0.19443359375,0.03962594131651293,32128.4296875,383.4487476343846
2007,0.800390625,0.041013764838770894,0.199609375,0.041013764838770894,32144.541015625,383.051807400595
2008,0.8015625,0.03218747629701797,0.1984375,0.03218747629701797,32160.548828125,382.7043571790302
2009,0.79658203125,0.03231536651823723,0.20341796875,0.03231536651823723,32176.580078125,382.3937354434596
2010,0.79599609375,0.032545914128954155,0.20400390625,0.032545914128954155,32192.51171875,382.03775978205607
2011,0.790234375,0.032643491452044274,0.209765625,0.032643491452044274,32208.431640625,381.7239324866692
2012,0.792578125,0.03477495046978186,0.207421875,0.03477495046978186,32224.236328125,381.41731972638837
2013,0.7919921875,0.03956464359689366,0.2080078125,0.03956464359689366,32240.087890625,381.0911071110134
2014,0.7953125,0.0388377322432809,0.2046875,0.0388377322432809,32255.927734375,380.7481388289511
2015,0.800390625,0.03498547933998386,0.199609375,0.03498547933998386,32271.833984375,380.3427629502681
2016,0.80166015625,0.03519813585547103,0.19833984375,0.035198135855471026,32287.841796875,380.0739335114222
2017,0.80087890625,0.03100628229288343,0.19912109375,0.031006282292883432,32303.875,379.7594125170088
2018,0.80263671875,0.031855851948185694,0.19736328125,0.0318558519481857,32319.892578125,379.4351410306271
2019,0.8033203125,0.035601563357197705,0.1966796875,0.035601563357197705,32335.9453125,379.08392038982623
2020,0.8056640625,0.03632234917122523,0.1943359375,0.03632234917122523,32352.01171875,378.67146428744877
2021,0.807421875,0.03752796402012896,0.192578125,0.03752796402012896,32368.125,378.2528581328487
2022,0.80986328125,0.03752605804435943,0.19013671875,0.03752605804435943,32384.2734375,377.95742315861867
2023,0.8150390625,0.034477497225602186,0.1849609375,0.034477497225602186,32400.470703125,377.63115767680176
2024,0.81923828125,0.03475094603204452,0.18076171875,0.03475094603204452,32416.771484375,377.358099135374
2025,0.8189453125,0.032167915385884704,0.1810546875,0.032167915385884704,32433.15625,377.0257157881947
2026,0.81865234375,0.0264756521978545,0.18134765625,0.0264756521978545,32449.53515625,376.7718444445037
2027,0.81337890625,0.028626610056811247,0.18662109375,0.028626610056811243,32465.908203125,376.6057840757012
2028,0.8126953125,0.0326318034243675,0.1873046875,0.0326318034243675,32482.17578125,376.3555994421304
2029,0.8068359375,0.033896145347717545,0.1931640625,0.033896145347717545,32498.4296875,375.99462164420794
2030,0.80498046875,0.04001535597729024,0.19501953125,0.040015355977290244,32514.56640625,375.78498820580876
2031,0.80126953125,0.03930163618181033,0.19873046875,0.03930163618181033,32530.666015625,375.4496867813712
2032,0.79921875,0.04019168700243325,0.20078125,0.04019168700243326,32546.69140625,375.10602496929016
2033,0.80390625,0.04365529300020324,0.19609375,0.04365529300020324,32562.67578125,374.76002687523953
2034,0.8009765625,0.039674887267483194,0.1990234375,0.039674887267483194,32578.75390625,374.42945068958073
2035,0.80302734375,0.043493883601796256,0.19697265625,0.043493883601796256,32594.7734375,374.1254227390826
2036,0.805078125,0.04147850785370095,0.194921875,0.04147850785370095,32610.833984375,373.7667737839266
2037,0.81025390625,0.037391123072124034,0.18974609375,0.03739112307212404,32626.935546875,373.4654551442016
2038,0.80546875,0.04167943123163953,0.19453125,0.04167943123163953,32643.140625,373.1438041613238
2039,0.8154296875,0.043506927990874335,0.1845703125,0.043506927990874335,32659.25,372.8516179732476
2040,0.8203125,0.036643873123620545,0.1796875,0.036643873123620545,32675.55859375,372.6264725802864
2041,0.820703125,0.03557744650346665,0.179296875,0.03557744650346665,32691.96484375,372.414127687472
2042,0.820703125,0.03958440411106532,0.179296875,0.03958440411106532,32708.37890625,372.2649333102834
2043,0.82216796875,0.04135704715923812,0.17783203125,0.04135704715923812,32724.79296875,372.1424287476099
2044,0.81650390625,0.04546304883313592,0.18349609375,0.04546304883313592,32741.236328125,372.0095505924063
2045,0.81259765625,0.05171624583840328,0.18740234375,0.05171624583840327,32757.56640625,371.88736317831996
2046,0.81240234375,0.05518131194625904,0.18759765625,0.055181311946259054,32773.818359375,371.6510732969103
2047,0.81064453125,0.056423766567961595,0.18935546875,0.05642376656796159,32790.06640625,371.3976501521977
2048,0.81201171875,0.06039587079516649,0.18798828125,0.06039587079516649,32806.279296875,371.191621371164
2049,0.81171875,0.05421602005915491,0.18828125,0.054216020059154914,32822.51953125,370.98255324148374
2050,0.81171875,0.050560668761260835,0.18828125,0.050560668761260835,32838.75390625,370.87244982432475
2051,0.8107421875,0.04930393174531698,0.1892578125,0.04930393174531698,32854.98828125,370.66969214606576
2052,0.8142578125,0.04487472049551709,0.1857421875,0.044874720495517086,32871.203125,370.44529025718555
2053,0.81904296875,0.04271955885327193,0.18095703125,0.04271955885327193,32887.48828125,370.22351480217407
2054,0.81708984375,0.03900887432368405,0.18291015625,0.039008874323684044,32903.869140625,370.0040293757664
2055,0.81875,0.03874430953051162,0.18125,0.038744309530511625,32920.2109375,369.8600148333282
2056,0.81689453125,0.04098364173387362,0.18310546875,0.04098364173387362,32936.5859375,369.627946539375
2057,0.81748046875,0.04367855232522638,0.18251953125,0.04367855232522638,32952.923828125,369.47127470341064
2058,0.81796875,0.0420788531546726,0.18203125,0.0420788531546726,32969.2734375,369.3120148998205
2059,0.82314453125,0.039556085678243876,0.17685546875,0.039556085678243876,32985.6328125,369.17572565839873
2060,0.825,0.040240537301148904,0.175,0.040240537301148904,33002.095703125,369.0413747247014
2061,0.820703125,0.04202669367148731,0.179296875,0.04202669367148731,33018.595703125,368.9684424461646
2062,0.81806640625,0.04221427915267396,0.18193359375,0.04221427915267395,33035.009765625,368.98565656805715
2063,0.82021484375,0.04059129931046694,0.17978515625,0.04059129931046694,33051.37109375,369.0461837482346
2064,0.821484375,0.03985715154519794,0.178515625,0.03985715154519795,33067.775390625,369.1017880580672
2065,0.815625,0.04428428296004301,0.184375,0.04428428296004302,33084.205078125,369.16674790277443
2066,0.81884765625,0.04252534447227149,0.18115234375,0.04252534447227149,33100.517578125,369.1927991247495
2067,0.8197265625,0.047750211545465625,0.1802734375,0.047750211545465625,33116.89453125,369.1842763129397
2068,0.82294921875,0.04590269677710813,0.17705078125,0.04590269677710813,33133.2890625,369.20667307599905
2069,0.82587890625,0.04559626680451799,0.17412109375,0.04559626680451799,33149.748046875,369.2847859882452
2070,0.82197265625,0.05050263486730211,0.17802734375,0.05050263486730212,33166.265625,369.33698664991783
2071,0.82109375,0.05031107456249383,0.17890625,0.05031107456249382,33182.705078125,369.31061729975147
2072,0.8224609375,0.046703380493404535,0.1775390625,0.04670338049340453,33199.126953125,369.1743056776361
2073,0.81796875,0.0477941300750302,0.18203125,0.0477941300750302,33215.576171875,369.0980597410671
2074,0.81572265625,0.04586528473553904,0.18427734375,0.04586528473553904,33231.935546875,369.0180590224198
2075,0.814453125,0.04958014640931136,0.185546875,0.04958014640931136,33248.25,368.9663085856728
2076,0.8150390625,0.046497503398200045,0.1849609375,0.046497503398200045,33264.5390625,368.96796197517114
2077,0.8173828125,0.045663043321603355,0.1826171875,0.045663043321603355,33280.83984375,368.8390039650732
2078,0.82080078125,0.0436366110491241,0.17919921875,0.0436366110491241,33297.1875,368.74018831292415
2079,0.8205078125,0.04155339420928813,0.1794921875,0.04155339420928813,33313.603515625,368.63872255982324
2080,0.82080078125,0.044220600426443726,0.17919921875,0.044220600426443726,33330.013671875,368.5228261774959
2081,0.8201171875,0.0420779465856782,0.1798828125,0.0420779465856782,33346.4296875,368.41993665563456
2082,0.8203125,0.044347121386770626,0.1796875,0.044347121386770626,33362.83203125,368.35000288398777
2083,0.81845703125,0.046869811724591266,0.18154296875,0.046869811724591266,33379.23828125,368.3747552793872
2084,0.8125,0.042089730459534305,0.1875,0.042089730459534305,33395.607421875,368.36679891797314
2085,0.80986328125,0.044099231317096546,0.19013671875,0.044099231317096546,33411.857421875,368.3663055719388
2086,0.81162109375,0.04536014551236934,0.18837890625,0.04536014551236934,33428.0546875,368.3451586682071
2087,0.8177734375,0.04579068135574571,0.1822265625,0.04579068135574571,33444.287109375,368.36712738002313
2088,0.8125,0.04927529613883931,0.1875,0.04927529613883931,33460.642578125,368.43385148251974
2089,0.815625,0.04330435346253993,0.184375,0.04330435346253993,33476.892578125,368.61113857571667
2090,0.81162109375,0.040492501965846736,0.18837890625,0.04049250196584673,33493.205078125,368.66302182900444
2091,0.81142578125,0.03864634277885378,0.18857421875,0.03864634277885378,33509.4375,368.7578788096657
2092,0.8140625,0.04079928061655162,0.1859375,0.04079928061655162,33525.666015625,368.89676711397175
2093,0.811328125,0.03902781663367048,0.188671875,0.03902781663367048,33541.947265625,368.97946331592425
2094,0.80927734375,0.03756923641790466,0.19072265625,0.03756923641790466,33558.173828125,368.98709834941593
2095,0.809375,0.03443764267353612,0.190625,0.03443764267353612,33574.359375,368.979082212463
2096,0.80830078125,0.037140329400708924,0.19169921875,0.03714032940070893,33590.546875,368.9708321061007
2097,0.806640625,0.037980623625687,0.193359375,0.037980623625687,33606.712890625,369.0632874146927
2098,0.80634765625,0.0384275792662848,0.19365234375,0.0384275792662848,33622.845703125,369.08956626980086
2099,0.80732421875,0.03833315697228594,0.19267578125,0.03833315697228594,33638.97265625,369.1777497866035
2100,0.8052734375,0.04006573044819795,0.1947265625,0.04006573044819795,33655.119140625,369.202808858988
2101,0.80888671875,0.039320558725696876,0.19111328125,0.03932055872569687,33671.224609375,369.1425318289458
2102,0.81181640625,0.039160156249999994,0.18818359375,0.03916015625,33687.40234375,369.0709697840033
2103,0.81533203125,0.03464925771471395,0.18466796875,0.03464925771471395,33703.638671875,368.9787529563311
2104,0.8162109375,0.037018803947495724,0.1837890625,0.037018803947495724,33719.9453125,368.9807500185848
2105,0.81064453125,0.04139622980909284,0.18935546875,0.04139622980909284,33736.26953125,368.9407095481132
2106,0.8123046875,0.0400028418485116,0.1876953125,0.0400028418485116,33752.482421875,368.795924797009
2107,0.8130859375,0.03839567560642002,0.1869140625,0.03839567560642002,33768.728515625,368.6889532163737
2108,0.815234375,0.0402831735321861,0.184765625,0.0402831735321861,33784.990234375,368.63196293517825
2109,0.8142578125,0.034663979744097746,0.1857421875,0.034663979744097746,33801.294921875,368.4568848613627
2110,0.812890625,0.0344359810662073,0.187109375,0.0344359810662073,33817.580078125,368.36224320881786
2111,0.81201171875,0.037554510552227714,0.18798828125,0.037554510552227714,33833.837890625,368.3858190370974
2112,0.8095703125,0.04015085384463356,0.1904296875,0.04015085384463356,33850.078125,368.47560840144683
2113,0.80654296875,0.03860683945064869,0.19345703125,0.03860683945064869,33866.26953125,368.5733310401119
2114,0.805078125,0.03241599155955379,0.194921875,0.03241599155955379,33882.400390625,368.7237064052048
2115,0.81015625,0.030680852290404598,0.18984375,0.030680852290404598,33898.501953125,368.76947084390724
2116,0.81044921875,0.03207364881587778,0.18955078125,0.03207364881587777,33914.705078125,368.82339134612766
2117,0.8123046875,0.03339158372658493,0.1876953125,0.03339158372658493,33930.9140625,368.9356628403246
2118,0.81015625,0.03153314112577135,0.18984375,0.03153314112577135,33947.16015625,368.9385764009211
2119,0.81513671875,0.028144829435443296,0.18486328125,0.028144829435443296,33963.36328125,368.9385898011125
2120,0.8181640625,0.029126457472585708,0.1818359375,0.029126457472585708,33979.666015625,368.95639029015825
2121,0.8166015625,0.028750769563409623,0.1833984375,0.028750769563409623,33996.029296875,369.01311962199327
2122,0.81796875,0.03231876016032765,0.18203125,0.03231876016032764,34012.361328125,369.0438987908779
2123,0.81259765625,0.030494561632930062,0.18740234375,0.030494561632930066,34028.720703125,369.0898627103211
2124,0.81025390625,0.03235370869669603,0.18974609375,0.03235370869669603,34044.97265625,369.10123665519006
2125,0.8111328125,0.03334985959139296,0.1888671875,0.03334985959139296,34061.177734375,369.06991169695914
2126,0.81474609375,0.030156812909658805,0.18525390625,0.030156812909658808,34077.400390625,369.1403767205266
2127,0.8099609375,0.027618596366114898,0.1900390625,0.027618596366114894,34093.6953125,369.19461945966094
2128,0.81650390625,0.028786074355184776,0.18349609375,0.028786074355184776,34109.89453125,369.22118759609805
2129,0.81708984375,0.029848485441138932,0.18291015625,0.029848485441138932,34126.224609375,369.26075581747887
2130,0.8203125,0.032267965827618324,0.1796875,0.032267965827618324,34142.56640625,369.2508906700431
2131,0.82060546875,0.03011884039117026,0.17939453125,0.03011884039117026,34158.97265625,369.2669725488334
2132,0.8201171875,0.030127546653898198,0.1798828125,0.030127546653898198,34175.384765625,369.3186645974585
2133,0.823828125,0.027728872693627036,0.176171875,0.027728872693627036,34191.787109375,369.2843859912967
2134,0.82568359375,0.027996021805579387,0.17431640625,0.027996021805579387,34208.263671875,369.24600651982826
2135,0.8296875,0.02587872199226857,0.1703125,0.02587872199226857,34224.77734375,369.1554633054438
2136,0.828125,0.028959647681690747,0.171875,0.028959647681690747,34241.37109375,369.138518285159
2137,0.826171875,0.03009650919496572,0.173828125,0.03009650919496572,34257.93359375,369.15603698398814
2138,0.82236328125,0.033132536408673426,0.17763671875,0.033132536408673426,34274.45703125,369.1842561433665
2139,0.82314453125,0.03324173421584316,0.17685546875,0.03324173421584316,34290.904296875,369.2958318151271
2140,0.819921875,0.036370103434388595,0.180078125,0.036370103434388595,34307.3671875,369.30764531295137
2141,0.82080078125,0.03593232490761768,0.17919921875,0.03593232490761768,34323.765625,369.3547375073733
2142,0.82431640625,0.0361234415635541,0.17568359375,0.0361234415635541,34340.181640625,369.41032238713
2143,0.82509765625,0.03576526001376949,0.17490234375,0.0357652600137695,34356.66796875,369.5498148745689
2144,0.8205078125,0.03656258346678507,0.1794921875,0.03656258346678507,34373.169921875,369.69635097713876
2145,0.81953125,0.0395641615098382,0.18046875,0.0395641615098382,34389.580078125,369.8193200974829
2146,0.81328125,0.04254003098071091,0.18671875,0.04254003098071091,34405.970703125,369.9980284200154
2147,0.816015625,0.03580190537139966,0.183984375,0.03580190537139966,34422.236328125,370.17079172035875
2148,0.81162109375,0.03527662226936348,0.18837890625,0.03527662226936348,34438.556640625,370.37070848577395
2149,0.81328125,0.034002890968832064,0.18671875,0.034002890968832064,34454.7890625,370.52196201813535
2150,0.81337890625,0.032866660333082144,0.18662109375,0.032866660333082144,34471.0546875,370.6122046283452
2151,0.81337890625,0.03444221168035773,0.18662109375,0.03444221168035773,34487.322265625,370.7280206885351
2152,0.818359375,0.038308145845054126,0.181640625,0.038308145845054126,34503.58984375,370.7732452081496
2153,0.81767578125,0.03571349279340909,0.18232421875,0.03571349279340909,34519.95703125,370.90297386476766
2154,0.81865234375,0.03726849622881539,0.18134765625,0.03726849622881539,34536.310546875,370.9979967387115
2155,0.8169921875,0.03838325456441951,0.1830078125,0.03838325456441951,34552.68359375,371.0994997704233
2156,0.814453125,0.04170505027285926,0.185546875,0.04170505027285926,34569.0234375,371.16363856692413
2157,0.8154296875,0.039160034483912934,0.1845703125,0.039160034483912934,34585.3125,371.2767105512134
2158,0.81650390625,0.03689661976288286,0.18349609375,0.03689661976288286,34601.62109375,371.3018408136124
2159,0.81650390625,0.035171030963953596,0.18349609375,0.0351710309639536,34617.951171875,371.36084779668903
2160,0.81552734375,0.034483720338498704,0.18447265625,0.034483720338498704,34634.28125,371.3229592093798
2161,0.81357421875,0.03365515486300039,0.18642578125,0.03365515486300039,34650.591796875,371.3328606764036
2162,0.8189453125,0.034347245542651415,0.1810546875,0.034347245542651415,34666.86328125,371.3382914661298
2163,0.8216796875,0.037998698162064956,0.1783203125,0.037998698162064956,34683.2421875,371.3762578028099
2164,0.82333984375,0.03755247894516097,0.17666015625,0.03755247894516097,34699.67578125,371.4343770984028
2165,0.82587890625,0.0345654845233929,0.17412109375,0.0345654845233929,34716.142578125,371.52581469974837
2166,0.82529296875,0.03379371919681704,0.17470703125,0.033793719196817035,34732.66015625,371.65670167938345
2167,0.824609375,0.03131158482476224,0.175390625,0.03131158482476224,34749.166015625,371.70897799166835
2168,0.8234375,0.028353294372220887,0.1765625,0.02835329437222088,34765.658203125,371.68692210530816
2169,0.81884765625,0.02672018482304228,0.18115234375,0.02672018482304228,34782.126953125,371.65984858316165
2170,0.8197265625,0.025753121492385393,0.1802734375,0.025753121492385393,34798.50390625,371.6589235693797
2171,0.819140625,0.028191382164064117,0.180859375,0.02819138216406412,34814.8984375,371.666039062335
2172,0.82314453125,0.02838573397304492,0.17685546875,0.02838573397304492,34831.28125,371.68288558217523
2173,0.82685546875,0.028774808048831018,0.17314453125,0.028774808048831018,34847.744140625,371.75111351539067
2174,0.8232421875,0.0272319141530209,0.1767578125,0.0272319141530209,34864.28125,371.80300558269715
2175,0.821875,0.028033297766966447,0.178125,0.02803329776696645,34880.74609375,371.9423192538444
2176,0.82353515625,0.021480157611630968,0.17646484375,0.021480157611630968,34897.18359375,371.98668903203594
2177,0.8185546875,0.021003132904328224,0.1814453125,0.021003132904328228,34913.654296875,372.0824867236056
2178,0.81279296875,0.023996626616865503,0.18720703125,0.0239966266168655,34930.025390625,372.20549669034983
2179,0.81142578125,0.02328011119540686,0.18857421875,0.02328011119540686,34946.28125,372.38816744140274
2180,0.81337890625,0.024683860800304096,0.18662109375,0.024683860800304092,34962.509765625,372.55389242303187
2181,0.8119140625,0.028118217498152995,0.1880859375,0.028118217498153002,34978.77734375,372.70230632505434
2182,0.8140625,0.027752937230180585,0.1859375,0.027752937230180588,34995.015625,372.8384626021793
2183,0.81318359375,0.023245674961569634,0.18681640625,0.02324567496156963,35011.296875,372.9156178811668
2184,0.81513671875,0.02434384433399967,0.18486328125,0.024343844333999668,35027.560546875,372.96347209134944
2185,0.81376953125,0.024241774904340138,0.18623046875,0.024241774904340138,35043.86328125,373.15865889000867
2186,0.8140625,0.025142264891745904,0.1859375,0.025142264891745907,35060.138671875,373.3677888371189
2187,0.81787109375,0.024068848404129695,0.18212890625,0.024068848404129695,35076.419921875,373.6016908727852
2188,0.8173828125,0.023068382443393976,0.1826171875,0.023068382443393976,35092.77734375,373.78552218138043
2189,0.8216796875,0.021950726904161826,0.1783203125,0.021950726904161826,35109.125,373.95601452518525
2190,0.8251953125,0.02474001164651163,0.1748046875,0.02474001164651163,35125.55859375,374.0760388721474
2191,0.826171875,0.025130124001369727,0.173828125,0.025130124001369727,35142.0625,374.1372361965447
2192,0.82509765625,0.027925077471373766,0.17490234375,0.027925077471373762,35158.5859375,374.21613979631826
2193,0.8224609375,0.024023437499999998,0.1775390625,0.0240234375,35175.087890625,374.38286389989975
2194,0.82236328125,0.023954463037990995,0.17763671875,0.02395446303799099,35191.537109375,374.5491856105935
2195,0.82041015625,0.023552978858529798,0.17958984375,0.023552978858529798,35207.984375,374.6690595783461
2196,0.81650390625,0.02691293567352664,0.18349609375,0.02691293567352664,35224.392578125,374.84906696143923
2197,0.81875,0.024084494310882623,0.18125,0.024084494310882623,35240.72265625,375.1269179145471
2198,0.814453125,0.0270491947301001,0.185546875,0.0270491947301001,35257.09765625,375.42822435026636
2199,0.81201171875,0.02736902431255614,0.18798828125,0.02736902431255614,35273.38671875,375.72672535175707
2200,0.81455078125,0.02941204575797041,0.18544921875,0.02941204575797041,35289.626953125,376.03888175179685
2201,0.8173828125,0.02996312736455999,0.1826171875,0.02996312736455999,35305.91796875,376.382301870392
2202,0.8197265625,0.0315603485884954,0.1802734375,0.0315603485884954,35322.265625,376.7828868948423
2203,0.81796875,0.03963015280352157,0.18203125,0.03963015280352158,35338.66015625,377.1496406473559
2204,0.81806640625,0.038959948392359965,0.18193359375,0.038959948392359965,35355.01953125,377.5795168970375
2205,0.82255859375,0.03502593578147719,0.17744140625,0.03502593578147719,35371.380859375,377.92730771315496
2206,0.8263671875,0.035819481826518826,0.1736328125,0.035819481826518826,35387.83203125,378.22649369503046
2207,0.826953125,0.037771134883282154,0.173046875,0.037771134883282154,35404.359375,378.55174619236413
2208,0.822265625,0.03249180617112134,0.177734375,0.03249180617112134,35420.8984375,378.8800301011821
2209,0.8265625,0.03309149433117689,0.1734375,0.03309149433117689,35437.34375,379.1677107129377
2210,0.8251953125,0.02936840226770623,0.1748046875,0.02936840226770623,35453.875,379.3970513711346
2211,0.8240234375,0.032514692066745954,0.1759765625,0.032514692066745954,35470.37890625,379.5280403965768
2212,0.82255859375,0.03512110330816798,0.17744140625,0.03512110330816798,35486.859375,379.68719083545795
2213,0.82109375,0.03553077416952714,0.17890625,0.03553077416952714,35503.310546875,379.7324910701249
2214,0.82373046875,0.031882185780488785,0.17626953125,0.031882185780488785,35519.732421875,379.7104728423852
2215,0.82421875,0.032658679634497624,0.17578125,0.032658679634497624,35536.20703125,379.6820137085947
2216,0.82138671875,0.03382192788393549,0.17861328125,0.03382192788393549,35552.69140625,379.61558561738207
2217,0.819921875,0.0322715122126045,0.180078125,0.0322715122126045,35569.119140625,379.48202402213826
2218,0.82041015625,0.03444221168035773,0.17958984375,0.03444221168035773,35585.517578125,379.4214944016363
2219,0.82412109375,0.03416140694179858,0.17587890625,0.03416140694179858,35601.92578125,379.2909273960827
2220,0.8240234375,0.029645709690060446,0.1759765625,0.029645709690060446,35618.408203125,379.17813912666276
2221,0.823828125,0.03315195965850615,0.176171875,0.03315195965850614,35634.888671875,379.0366276628367
2222,0.82431640625,0.038860439308969895,0.17568359375,0.0388604393089699,35651.365234375,378.92189123342337
2223,0.81787109375,0.038385863316636196,0.18212890625,0.038385863316636196,35667.8515625,378.8016732095343
2224,0.81708984375,0.03586537961198674,0.18291015625,0.03586537961198674,35684.208984375,378.7234530320183
2225,0.81826171875,0.037159325962420865,0.18173828125,0.037159325962420865,35700.55078125,378.73807577870446
2226,0.82177734375,0.03333856223738006,0.17822265625,0.03333856223738006,35716.916015625,378.68732232912674
2227,0.8208984375,0.028114825633643117,0.1791015625,0.028114825633643117,35733.3515625,378.5704032900517
2228,0.8205078125,0.031157700607215972,0.1794921875,0.031157700607215972,35749.76953125,378.4659121645333
2229,0.8208984375,0.025804913382677725,0.1791015625,0.025804913382677725,35766.1796875,378.3447984904772
2230,0.81806640625,0.02598849144567784,0.18193359375,0.025988491445677837,35782.59765625,378.2552558448048
2231,0.8150390625,0.026501394559045734,0.1849609375,0.02650139455904573,35798.958984375,378.11355145233904
2232,0.81171875,0.02538987378696414,0.18828125,0.025389873786964143,35815.259765625,377.9062384773618
2233,0.81044921875,0.02062582303341285,0.18955078125,0.02062582303341285,35831.494140625,377.77876258578374
2234,0.8060546875,0.02069851806053621,0.1939453125,0.02069851806053621,35847.703125,377.6767543467903
2235,0.8091796875,0.023397589717529532,0.1908203125,0.023397589717529532,35863.82421875,377.50531798400027
2236,0.80634765625,0.025061912168234897,0.19365234375,0.025061912168234893,35880.0078125,377.287053881539
2237,0.8064453125,0.024082910377809928,0.1935546875,0.024082910377809928,35896.134765625,377.06774543086766
2238,0.8037109375,0.02634547717314053,0.1962890625,0.02634547717314053,35912.263671875,376.8421836673063
2239,0.8017578125,0.028076808756363432,0.1982421875,0.028076808756363432,35928.337890625,376.5825767844335
2240,0.80361328125,0.028553224622668082,0.19638671875,0.028553224622668086,35944.373046875,376.3866078168214
2241,0.8064453125,0.028740816722884505,0.1935546875,0.0287408167228845,35960.4453125,376.1561802889918
2242,0.8091796875,0.02129801990457021,0.1908203125,0.02129801990457021,35976.57421875,375.88093540388246
2243,0.80888671875,0.020521991006434148,0.19111328125,0.020521991006434148,35992.7578125,375.77176116447
2244,0.8091796875,0.02424236499894735,0.1908203125,0.02424236499894735,36008.935546875,375.58324427519335
2245,0.804296875,0.026007383031900165,0.195703125,0.02600738303190017,36025.119140625,375.3162379603567
2246,0.80625,0.02664136958270328,0.19375,0.02664136958270328,36041.205078125,375.04045070426633
2247,0.80869140625,0.02659210350596715,0.19130859375,0.02659210350596715,36057.330078125,374.75041957574706
2248,0.81240234375,0.02916130743290309,0.18759765625,0.02916130743290309,36073.50390625,374.54346744501805
2249,0.8138671875,0.031122175096140754,0.1861328125,0.031122175096140757,36089.751953125,374.35884714576974
2250,0.8115234375,0.029556144434417102,0.1884765625,0.029556144434417102,36106.029296875,374.1847726503639
2251,0.8060546875,0.032176808183275125,0.1939453125,0.03217680818327513,36122.259765625,374.05340988854687
2252,0.80693359375,0.029137096856207342,0.19306640625,0.02913709685620734,36138.380859375,373.91012730132417
2253,0.80537109375,0.031794721450797286,0.19462890625,0.031794721450797286,36154.51953125,373.7135237127312
2254,0.80166015625,0.037818194504382265,0.19833984375,0.037818194504382265,36170.626953125,373.43629619579934
2255,0.7978515625,0.03863782828915652,0.2021484375,0.03863782828915652,36186.66015625,373.0982188161571
2256,0.79970703125,0.03661380135726283,0.20029296875,0.03661380135726283,36202.6171875,372.78312604478316
2257,0.79921875,0.035601563357197705,0.20078125,0.03560156335719771,36218.611328125,372.48591642958127
2258,0.8001953125,0.03885000798091537,0.1998046875,0.03885000798091537,36234.595703125,372.239742124908
2259,0.79931640625,0.04495211702820438,0.20068359375,0.04495211702820438,36250.599609375,371.81010309787916
2260,0.796484375,0.038198950915885356,0.203515625,0.038198950915885356,36266.5859375,371.4515616463823
2261,0.79912109375,0.043513613094480354,0.20087890625,0.04351361309448036,36282.515625,371.16664742474165
2262,0.80078125,0.04168675256427956,0.19921875,0.04168675256427956,36298.498046875,370.8486637681328
2263,0.7966796875,0.04247047745290986,0.2033203125,0.04247047745290986,36314.513671875,370.53609440543397
2264,0.796484375,0.03473928074893211,0.203515625,0.03473928074893211,36330.447265625,370.173198005689
2265,0.8013671875,0.03441381863562859,0.1986328125,0.03441381863562859,36346.376953125,369.8640403709552
2266,0.8052734375,0.034930918501848936,0.1947265625,0.03493091850184894,36362.404296875,369.5197663808044
2267,0.80869140625,0.039918477908608176,0.19130859375,0.039918477908608176,36378.509765625,369.1960343097289
2268,0.8099609375,0.03850976121692233,0.1900390625,0.038509761216922324,36394.68359375,368.9128286884294
2269,0.80576171875,0.03672303519709277,0.19423828125,0.03672303519709276,36410.8828125,368.60957862467086
2270,0.80966796875,0.033005645500242764,0.19033203125,0.03300564550024276,36426.998046875,368.2512306715944
2271,0.80830078125,0.033764357162179105,0.19169921875,0.0337643571621791,36443.19140625,367.93434905045444
2272,0.8029296875,0.03507695049537071,0.1970703125,0.035076950495370705,36459.357421875,367.7881183642536
2273,0.80341796875,0.03414074232138023,0.19658203125,0.03414074232138022,36475.416015625,367.71867332091364
2274,0.79951171875,0.03893791166672682,0.20048828125,0.03893791166672682,36491.484375,367.60947235737837
2275,0.79970703125,0.03279403893801683,0.20029296875,0.03279403893801683,36507.474609375,367.5182441853908
2276,0.80263671875,0.03377395909736304,0.19736328125,0.03377395909736304,36523.46875,367.3949515995224
2277,0.8,0.03458961766759825,0.2,0.03458961766759825,36539.521484375,367.21755406530116
2278,0.7974609375,0.03481332314303992,0.2025390625,0.03481332314303991,36555.521484375,366.94362247370805
2279,0.799609375,0.032511758877858815,0.200390625,0.03251175887785881,36571.470703125,366.72415382619977
2280,0.802734375,0.02857175554360897,0.197265625,0.02857175554360897,36587.462890625,366.5308148230845
2281,0.79951171875,0.03107878511781653,0.20048828125,0.03107878511781653,36603.517578125,366.3976600482717
2282,0.80224609375,0.03828635668266473,0.19775390625,0.03828635668266473,36619.5078125,366.20594911185833
2283,0.80185546875,0.03870798602049318,0.19814453125,0.03870798602049318,36635.552734375,366.0492046039612
2284,0.79736328125,0.038041465421703516,0.20263671875,0.038041465421703516,36651.58984375,366.00129605673527
2285,0.79384765625,0.03902696137273895,0.20615234375,0.03902696137273894,36667.537109375,366.02465673159196
2286,0.79365234375,0.046157534158517685,0.20634765625,0.04615753415851768,36683.4140625,366.0340123449724
2287,0.794140625,0.04790892607598198,0.205859375,0.04790892607598198,36699.287109375,366.1335259067069
2288,0.789453125,0.0492078981092276,0.210546875,0.0492078981092276,36715.169921875,366.2651155809273
2289,0.78955078125,0.05112610145632141,0.21044921875,0.05112610145632141,36730.958984375,366.36673971682205
2290,0.78896484375,0.05214962618612466,0.21103515625,0.05214962618612466,36746.75,366.4553639707829
2291,0.790625,0.05264061398504633,0.209375,0.05264061398504634,36762.529296875,366.59251914396134
2292,0.79287109375,0.044835706248586855,0.20712890625,0.044835706248586855,36778.341796875,366.76294016616157
2293,0.79384765625,0.044444753062978105,0.20615234375,0.044444753062978105,36794.19921875,366.918938002414
2294,0.79521484375,0.0414045225538834,0.20478515625,0.0414045225538834,36810.076171875,367.0470095106407
2295,0.79140625,0.04287587619253213,0.20859375,0.042875876192532136,36825.98046875,367.1701104176794
2296,0.79267578125,0.03868235436454935,0.20732421875,0.03868235436454935,36841.80859375,367.29849533740816
2297,0.79365234375,0.03997959093137446,0.20634765625,0.03997959093137446,36857.662109375,367.41899846399
2298,0.791796875,0.038160483935344526,0.208203125,0.03816048393534453,36873.53515625,367.5763455971144
2299,0.7947265625,0.0379499776767268,0.2052734375,0.0379499776767268,36889.37109375,367.7309594842844
2300,0.79755859375,0.037528599323874506,0.20244140625,0.037528599323874506,36905.265625,367.9373544777268
2301,0.7974609375,0.03761020995775491,0.2025390625,0.03761020995775491,36921.216796875,368.15920069423316
2302,0.79541015625,0.03482989253765464,0.20458984375,0.03482989253765464,36937.166015625,368.4410444171661
2303,0.79287109375,0.036083819191519755,0.20712890625,0.03608381919151975,36953.07421875,368.669439607738
2304,0.79130859375,0.03344366569358709,0.20869140625,0.03344366569358709,36968.931640625,368.87365046596534
2305,0.79228515625,0.035345761998227615,0.20771484375,0.035345761998227615,36984.7578125,369.01447209870526
2306,0.79189453125,0.03665545263179274,0.20810546875,0.03665545263179274,37000.603515625,369.19134845474673
2307,0.79091796875,0.03761591480356139,0.20908203125,0.03761591480356139,37016.44140625,369.453190544705
2308,0.7931640625,0.042177552357285535,0.2068359375,0.042177552357285535,37032.259765625,369.59856536739557
2309,0.796875,0.03657092918327514,0.203125,0.03657092918327514,37048.123046875,369.74742118859524
2310,0.80068359375,0.03499161211048757,0.19931640625,0.03499161211048757,37064.060546875,369.84190325773517
2311,0.7951171875,0.0329603949350936,0.2048828125,0.0329603949350936,37080.07421875,369.98402564129213
2312,0.78994140625,0.030388045409881298,0.21005859375,0.0303880454098813,37095.9765625,370.21931576615157
2313,0.79365234375,0.028847629802797627,0.20634765625,0.028847629802797627,37111.775390625,370.4660541927054
2314,0.7892578125,0.029348262224627008,0.2107421875,0.02934826222462701,37127.6484375,370.67567755589056
2315,0.78544921875,0.025874483702295423,0.21455078125,0.025874483702295423,37143.43359375,370.94983288670824
2316,0.78359375,0.032480650790605324,0.21640625,0.03248065079060532,37159.142578125,371.1757011124839
2317,0.78486328125,0.03240672297486629,0.21513671875,0.03240672297486629,37174.814453125,371.48825763715115
2318,0.78896484375,0.03220717338128129,0.21103515625,0.03220717338128129,37190.51171875,371.71348434509304
2319,0.7923828125,0.034480263192218925,0.2076171875,0.034480263192218925,37206.291015625,371.82617302404793
2320,0.79443359375,0.036641921160776206,0.20556640625,0.036641921160776206,37222.138671875,371.9591955191538
2321,0.79521484375,0.037401323827477705,0.20478515625,0.037401323827477705,37238.02734375,372.0008596594937
2322,0.7939453125,0.03843241836327763,0.2060546875,0.03843241836327763,37253.931640625,372.0243843710798
2323,0.79443359375,0.041321981799153466,0.20556640625,0.041321981799153466,37269.810546875,372.11321224242
2324,0.79111328125,0.043442105934141405,0.20888671875,0.043442105934141405,37285.69921875,372.33320629512724
2325,0.79755859375,0.04091330708827403,0.20244140625,0.04091330708827403,37301.521484375,372.57169726813004
2326,0.7978515625,0.03968738465780483,0.2021484375,0.03968738465780483,37317.47265625,372.7337272873486
2327,0.80205078125,0.03661536413511506,0.19794921875,0.03661536413511506,37333.4296875,372.9397042351419
2328,0.801953125,0.03442656377649432,0.198046875,0.03442656377649433,37349.470703125,373.04069197367005
2329,0.79970703125,0.0349670745748238,0.20029296875,0.0349670745748238,37365.509765625,373.14683966690603
2330,0.80361328125,0.033020089479044445,0.19638671875,0.033020089479044445,37381.50390625,373.26207450453325
2331,0.80107421875,0.038615731222857566,0.19892578125,0.038615731222857566,37397.576171875,373.3933635546912
2332,0.80419921875,0.0383311666346237,0.19580078125,0.0383311666346237,37413.59765625,373.5178287239229
2333,0.79912109375,0.04022690787049496,0.20087890625,0.04022690787049495,37429.681640625,373.6718309035964
2334,0.79697265625,0.0417037925623907,0.20302734375,0.0417037925623907,37445.6640625,373.8515594184599
2335,0.7974609375,0.038749232130748816,0.2025390625,0.038749232130748816,37461.603515625,374.10843410962326
2336,0.7966796875,0.03890299465547688,0.2033203125,0.03890299465547688,37477.552734375,374.3895146786625
2337,0.79736328125,0.03554003303831129,0.20263671875,0.03554003303831129,37493.486328125,374.5688248152374
2338,0.8005859375,0.03474092784988757,0.1994140625,0.03474092784988757,37509.43359375,374.762640843569
2339,0.7990234375,0.03341727812882225,0.2009765625,0.03341727812882225,37525.4453125,374.93367341497776
2340,0.80107421875,0.031493345738515366,0.19892578125,0.031493345738515366,37541.42578125,375.1206975357752
2341,0.79765625,0.03422374392782736,0.20234375,0.03422374392782736,37557.447265625,375.3533718192958
2342,0.79296875,0.0346315004051586,0.20703125,0.0346315004051586,37573.400390625,375.7168708912286
2343,0.795703125,0.03672394411401181,0.204296875,0.03672394411401181,37589.259765625,376.1657647367275
2344,0.79970703125,0.03937484983385304,0.20029296875,0.03937484983385304,37605.173828125,376.68486978268646
2345,0.7966796875,0.037626941719518775,0.2033203125,0.037626941719518775,37621.16796875,377.1529042532292
2346,0.79990234375,0.037863558510926466,0.20009765625,0.03786355851092646,37637.1015625,377.5399928047255
2347,0.7966796875,0.038270287014393584,0.2033203125,0.03827028701439359,37653.099609375,377.9969505762288
2348,0.79990234375,0.03880149618980411,0.20009765625,0.03880149618980411,37669.033203125,378.4655718294746
2349,0.79658203125,0.03663879780392094,0.20341796875,0.03663879780392094,37685.03125,378.931921770481
2350,0.79638671875,0.031027190312632066,0.20361328125,0.031027190312632066,37700.962890625,379.3396152591851
2351,0.79658203125,0.03656062716390631,0.20341796875,0.03656062716390631,37716.890625,379.7066960811043
2352,0.7994140625,0.032915227029600695,0.2005859375,0.0329152270296007,37732.822265625,380.16700992181296
2353,0.8013671875,0.032362992464387466,0.1986328125,0.032362992464387466,37748.810546875,380.62359603347295
2354,0.8041015625,0.03419977088539163,0.1958984375,0.03419977088539163,37764.837890625,381.03947475019123
2355,0.8048828125,0.03232053061474626,0.1951171875,0.03232053061474626,37780.919921875,381.3929652030863
2356,0.7998046875,0.03017246265125547,0.2001953125,0.03017246265125547,37797.017578125,381.76517107682906
2357,0.7990234375,0.028484170365762475,0.2009765625,0.028484170365762475,37813.013671875,382.17515303722917
2358,0.8037109375,0.022049561594369767,0.1962890625,0.022049561594369767,37828.994140625,382.5269079031277
2359,0.8048828125,0.0254686301760985,0.1951171875,0.0254686301760985,37845.068359375,382.79258032218064
2360,0.801171875,0.02724661877854354,0.198828125,0.027246618778543535,37861.166015625,382.92430197845215
2361,0.8046875,0.030121848293703794,0.1953125,0.030121848293703794,37877.189453125,383.0155497698612
2362,0.8052734375,0.03281366255381,0.1947265625,0.03281366255381,37893.283203125,383.0877813286109
2363,0.8083984375,0.03110255744452285,0.1916015625,0.03110255744452285,37909.388671875,383.04744225930136
2364,0.8060546875,0.03380147893254589,0.1939453125,0.0338014789325459,37925.556640625,383.09695538531025
2365,0.80673828125,0.03428958337387758,0.19326171875,0.03428958337387757,37941.677734375,383.06957651237633
2366,0.80869140625,0.03348470332936614,0.19130859375,0.03348470332936614,37957.8125,383.04264377013055
2367,0.80361328125,0.03274456439155028,0.19638671875,0.03274456439155029,37973.986328125,383.0249180917358
2368,0.7998046875,0.03149319432929121,0.2001953125,0.03149319432929121,37990.05859375,383.06784910804464
2369,0.7986328125,0.0322525936532751,0.2013671875,0.0322525936532751,38006.0546875,383.17690603793017
2370,0.80146484375,0.035297162261239766,0.19853515625,0.035297162261239766,38022.02734375,383.31956699586124
2371,0.799609375,0.03596561824577441,0.200390625,0.03596561824577441,38038.056640625,383.5378814101588
2372,0.7947265625,0.037967564442653305,0.2052734375,0.0379675644426533,38054.048828125,383.7045994894276
2373,0.7974609375,0.03459623410231958,0.2025390625,0.03459623410231958,38069.943359375,383.9426771383399
2374,0.80078125,0.03437999342283105,0.19921875,0.03437999342283105,38085.892578125,384.12340121024954
2375,0.80361328125,0.032522463737899805,0.19638671875,0.032522463737899805,38101.908203125,384.28923316363466
2376,0.80087890625,0.03552715047707187,0.19912109375,0.03552715047707187,38117.98046875,384.4372382363892
2377,0.80458984375,0.033376300457824505,0.19541015625,0.033376300457824505,38133.998046875,384.64433467098996
2378,0.8041015625,0.03226560135441022,0.1958984375,0.03226560135441022,38150.08984375,384.8378179417455
2379,0.80810546875,0.03356662808680914,0.19189453125,0.03356662808680914,38166.171875,385.07879030615584
2380,0.809765625,0.03420423225851636,0.190234375,0.03420423225851636,38182.333984375,385.3473296747459
2381,0.80556640625,0.03974609375,0.19443359375,0.03974609375,38198.529296875,385.72666078818554
2382,0.8005859375,0.03580350358750698,0.1994140625,0.03580350358750698,38214.640625,386.2542859873577
2383,0.79892578125,0.03289856296172052,0.20107421875,0.03289856296172052,38230.65234375,386.7777602744184
2384,0.79892578125,0.03251953125,0.20107421875,0.03251953125,38246.630859375,387.2541829985939
2385,0.79853515625,0.03581215935190573,0.20146484375,0.03581215935190573,38262.609375,387.70282130244294
2386,0.79677734375,0.03564239077477269,0.20322265625,0.035642390774772686,38278.580078125,388.2715646241177
2387,0.79697265625,0.03622362426925549,0.20302734375,0.03622362426925549,38294.515625,388.8085961831893
2388,0.794140625,0.034943475038323055,0.205859375,0.03494347503832305,38310.455078125,389.3466670031681
2389,0.79384765625,0.02940556011951452,0.20615234375,0.029405560119514524,38326.337890625,389.86440211082834
2390,0.79296875,0.03221176270013797,0.20703125,0.03221176270013797,38342.21484375,390.3110154306172
2391,0.79833984375,0.029006536602107707,0.20166015625,0.029006536602107707,38358.07421875,390.76563144299297
2392,0.8,0.03197642029805908,0.2,0.03197642029805909,38374.041015625,391.17792092739006
2393,0.7994140625,0.03375630637695486,0.2005859375,0.03375630637695487,38390.041015625,391.54778751824267
2394,0.80029296875,0.034297369951226425,0.19970703125,0.034297369951226425,38406.029296875,391.90258526972616
2395,0.796875,0.03674263684474329,0.203125,0.03674263684474329,38422.03515625,392.2838914864787
2396,0.7984375,0.0388328208616657,0.2015625,0.0388328208616657,38437.97265625,392.6750541874953
2397,0.79794921875,0.03276785583614883,0.20205078125,0.03276785583614883,38453.94140625,393.01336169642354
2398,0.80205078125,0.03626993091796489,0.19794921875,0.03626993091796489,38469.900390625,393.2464364939828
2399,0.80439453125,0.037429361570082184,0.19560546875,0.03742936157008219,38485.94140625,393.4779088994325
2400,0.8044921875,0.04129785709317472,0.1955078125,0.04129785709317472,38502.029296875,393.71986864362356
2401,0.80615234375,0.04171933977374554,0.19384765625,0.04171933977374554,38518.119140625,393.94738395452697
2402,0.80810546875,0.03795362131886522,0.19189453125,0.03795362131886522,38534.2421875,394.14090749649193
2403,0.80224609375,0.03594559288122826,0.19775390625,0.03594559288122826,38550.404296875,394.36922996398806
2404,0.7990234375,0.03232643142917746,0.2009765625,0.03232643142917746,38566.44921875,394.5404382632112
2405,0.79775390625,0.03146123068563725,0.20224609375,0.03146123068563725,38582.4296875,394.6718304420862
2406,0.7984375,0.03452725072287784,0.2015625,0.03452725072287784,38598.384765625,394.72742435291394
2407,0.7986328125,0.03626664404400887,0.2013671875,0.03626664404400887,38614.353515625,394.7890721867779
2408,0.8025390625,0.0360186117592892,0.1974609375,0.0360186117592892,38630.326171875,394.9401558124043
2409,0.8025390625,0.03925927002891324,0.1974609375,0.03925927002891324,38646.376953125,395.1693896684235
2410,0.801171875,0.03611221963860104,0.198828125,0.03611221963860104,38662.427734375,395.3352158170871
2411,0.79833984375,0.03527608158175586,0.20166015625,0.03527608158175586,38678.451171875,395.5368942867073
2412,0.7978515625,0.04146195030089523,0.2021484375,0.04146195030089523,38694.41796875,395.8299738070154
2413,0.80009765625,0.03917719976679526,0.19990234375,0.03917719976679527,38710.375,396.24837879126034
2414,0.79912109375,0.03761490067198738,0.20087890625,0.037614900671987375,38726.376953125,396.54363033290406
2415,0.79560546875,0.04208984375,0.20439453125,0.04208984375,38742.359375,396.8433214703938
2416,0.7955078125,0.043373449292345025,0.2044921875,0.043373449292345025,38758.271484375,397.2618698017654
2417,0.794140625,0.04490021556641077,0.205859375,0.04490021556641077,38774.181640625,397.75438716538105
2418,0.795703125,0.046161149743106145,0.204296875,0.046161149743106145,38790.064453125,398.2277579696822
2419,0.7947265625,0.041070926260393964,0.2052734375,0.041070926260393964,38805.978515625,398.7251460972578
2420,0.78984375,0.04337256978287444,0.21015625,0.04337256978287443,38821.873046875,399.2064419169296
2421,0.792578125,0.04135877658827575,0.207421875,0.04135877658827575,38837.669921875,399.7274240699772
2422,0.7908203125,0.03667977070011863,0.2091796875,0.03667977070011863,38853.521484375,400.2285853559704
2423,0.79287109375,0.036647646623647716,0.20712890625,0.036647646623647716,38869.337890625,400.70831236684376
2424,0.79794921875,0.033728749684769695,0.20205078125,0.03372874968476969,38885.1953125,401.11522666696027
2425,0.79658203125,0.027242593301125127,0.20341796875,0.027242593301125127,38901.154296875,401.49924335432195
2426,0.7892578125,0.0333229684609697,0.2107421875,0.0333229684609697,38917.0859375,401.74749952581425
2427,0.79345703125,0.03456051790096624,0.20654296875,0.03456051790096624,38932.87109375,402.0482657575546
2428,0.79697265625,0.03487148669194425,0.20302734375,0.03487148669194426,38948.740234375,402.3323926311537
2429,0.79716796875,0.034216079956118244,0.20283203125,0.034216079956118244,38964.6796875,402.6896510880107
2430,0.79560546875,0.029675451142530174,0.20439453125,0.029675451142530177,38980.623046875,403.06827215343327
2431,0.78720703125,0.03371460931082318,0.21279296875,0.03371460931082318,38996.53515625,403.37746806729893
2432,0.790234375,0.03161951938830912,0.209765625,0.03161951938830912,39012.279296875,403.76981185160065
2433,0.79150390625,0.03236608646185765,0.20849609375,0.03236608646185765,39028.083984375,404.0663141316941
2434,0.79453125,0.03524890135006648,0.20546875,0.03524890135006648,39043.9140625,404.38802105134647
2435,0.79267578125,0.03852424571532285,0.20732421875,0.03852424571532284,39059.8046875,404.64347688278514
2436,0.79501953125,0.039447444091308556,0.20498046875,0.039447444091308556,39075.658203125,404.87060307526355
2437,0.79248046875,0.04144181937005415,0.20751953125,0.04144181937005415,39091.55859375,405.1115156387799
2438,0.78818359375,0.041102609585895004,0.21181640625,0.041102609585895,39107.408203125,405.36067632682364
2439,0.7888671875,0.04466169559278573,0.2111328125,0.04466169559278573,39123.171875,405.6356612816101
2440,0.78525390625,0.043186703090795656,0.21474609375,0.043186703090795656,39138.94921875,405.8758354119672
2441,0.78681640625,0.04368422877735247,0.21318359375,0.04368422877735247,39154.654296875,406.1382788509403
2442,0.78935546875,0.04207624671616667,0.21064453125,0.04207624671616667,39170.390625,406.3449656130879
2443,0.79228515625,0.04263464300089161,0.20771484375,0.04263464300089161,39186.177734375,406.4749709537739
2444,0.78935546875,0.0427508011235357,0.21064453125,0.0427508011235357,39202.0234375,406.7116642513892
2445,0.78955078125,0.047195862288067776,0.21044921875,0.047195862288067776,39217.810546875,407.0456061012323
2446,0.78916015625,0.04260421093827289,0.21083984375,0.04260421093827289,39233.6015625,407.42124441915485
2447,0.79052734375,0.0469811826331186,0.20947265625,0.0469811826331186,39249.384765625,407.7927423945457
2448,0.79091796875,0.052195324339777506,0.20908203125,0.052195324339777506,39265.1953125,408.21032776241043
2449,0.79306640625,0.04355173143696157,0.20693359375,0.04355173143696157,39281.013671875,408.6160634190586
2450,0.79072265625,0.03916989631052831,0.20927734375,0.039169896310528314,39296.875,408.9723829724688
2451,0.78984375,0.03506335382900901,0.21015625,0.03506335382900902,39312.689453125,409.3499228261556
2452,0.79541015625,0.035354394957315446,0.20458984375,0.035354394957315446,39328.486328125,409.6514830422884
2453,0.79912109375,0.036377575760191565,0.20087890625,0.03637757576019156,39344.39453125,409.9579193105906
2454,0.798046875,0.039237401410307404,0.201953125,0.03923740141030741,39360.376953125,410.2437681971964
2455,0.7955078125,0.04579692897578702,0.2044921875,0.04579692897578703,39376.337890625,410.6896320032823
2456,0.8001953125,0.03887454782695228,0.1998046875,0.03887454782695228,39392.248046875,411.16875747058356
2457,0.8,0.04187802431942603,0.2,0.04187802431942602,39408.251953125,411.5541706096804
2458,0.7974609375,0.03869258441700667,0.2025390625,0.03869258441700667,39424.251953125,411.8068489385189
2459,0.8005859375,0.03940475066537029,0.1994140625,0.03940475066537028,39440.201171875,412.15916400307077
2460,0.80068359375,0.04321319407555885,0.19931640625,0.04321319407555884,39456.212890625,412.44922241718467
2461,0.80087890625,0.03702820584303406,0.19912109375,0.03702820584303406,39472.2265625,412.72049327166474
2462,0.80634765625,0.040077273116250936,0.19365234375,0.040077273116250936,39488.244140625,413.06735371632465
2463,0.8041015625,0.04125025893621381,0.1958984375,0.04125025893621381,39504.37109375,413.3379334245063
2464,0.80615234375,0.04207216674912073,0.19384765625,0.04207216674912073,39520.453125,413.69156538802355
2465,0.80380859375,0.04547982726561692,0.19619140625,0.04547982726561692,39536.576171875,414.06486816189675
2466,0.80400390625,0.04383025301902687,0.19599609375,0.04383025301902687,39552.65234375,414.4359259876822
2467,0.80009765625,0.041027365321212074,0.19990234375,0.041027365321212074,39568.732421875,414.78015917851064
2468,0.79482421875,0.04223099338599749,0.20517578125,0.04223099338599749,39584.734375,415.1330064818729
2469,0.7912109375,0.04691933125077052,0.2087890625,0.04691933125077052,39600.630859375,415.51290525094913
2470,0.79013671875,0.046680198251651386,0.20986328125,0.04668019825165138,39616.455078125,415.883454764589
2471,0.79296875,0.05061383159503406,0.20703125,0.05061383159503406,39632.2578125,416.2425886714397
2472,0.79638671875,0.04822132725234281,0.20361328125,0.04822132725234281,39648.1171875,416.66290270109806
2473,0.8001953125,0.04523329553979707,0.1998046875,0.04523329553979707,39664.044921875,417.086293396305
2474,0.7978515625,0.04400820152832666,0.2021484375,0.04400820152832666,39680.048828125,417.5004685679108
2475,0.80009765625,0.042322578345575575,0.19990234375,0.04232257834557558,39696.005859375,417.8574135491842
2476,0.79853515625,0.03457376064194865,0.20146484375,0.03457376064194865,39712.0078125,418.2951998733198
2477,0.8013671875,0.03984853678353902,0.1986328125,0.03984853678353902,39727.978515625,418.6665140083869
2478,0.80810546875,0.04480336354435563,0.19189453125,0.04480336354435563,39744.005859375,419.0160615933469
2479,0.804296875,0.0431640625,0.195703125,0.0431640625,39760.16796875,419.27184301080223
2480,0.8029296875,0.04362907045278662,0.1970703125,0.04362907045278663,39776.25390625,419.55129522133456
2481,0.8033203125,0.042280081429019636,0.1966796875,0.042280081429019636,39792.3125,419.8917294048639
2482,0.80458984375,0.0361999218428806,0.19541015625,0.0361999218428806,39808.37890625,420.19725209372115
2483,0.8033203125,0.034054458088812044,0.1966796875,0.034054458088812044,39824.470703125,420.43936023439556
2484,0.80380859375,0.03465476200909806,0.19619140625,0.03465476200909807,39840.537109375,420.65933955734016
2485,0.8078125,0.03780898905446048,0.1921875,0.03780898905446048,39856.61328125,420.8683921265779
2486,0.8095703125,0.037490334854726644,0.1904296875,0.037490334854726644,39872.76953125,421.1235307332126
2487,0.80947265625,0.03632353066546371,0.19052734375,0.03632353066546372,39888.9609375,421.331613195103
2488,0.8123046875,0.040259492311645044,0.1876953125,0.040259492311645044,39905.150390625,421.5398067126533
2489,0.81474609375,0.03363984959227405,0.18525390625,0.03363984959227404,39921.396484375,421.7337582982138
2490,0.81455078125,0.03204687714262853,0.18544921875,0.03204687714262852,39937.69140625,421.9588508792382
2491,0.8173828125,0.035283515310080976,0.1826171875,0.035283515310080976,39953.982421875,422.2394590400289
2492,0.81796875,0.03271469799407829,0.18203125,0.032714697994078286,39970.330078125,422.5848408629957
2493,0.81640625,0.03503941088176864,0.18359375,0.03503941088176864,39986.689453125,422.89600203566624
2494,0.8169921875,0.03438332196850449,0.1830078125,0.03438332196850449,40003.017578125,423.17806148975495
2495,0.8158203125,0.033911334944164505,0.1841796875,0.033911334944164505,40019.357421875,423.3633336232866
2496,0.81201171875,0.02731321537294335,0.18798828125,0.02731321537294335,40035.673828125,423.59818874778784
2497,0.8091796875,0.03200742254003359,0.1908203125,0.03200742254003359,40051.9140625,423.82478379299357
2498,0.80830078125,0.032731747032414035,0.19169921875,0.03273174703241404,40068.09765625,424.19286123956795
2499,0.80732421875,0.03337515750233493,0.19267578125,0.03337515750233493,40084.263671875,424.55052391669557
2500,0.812890625,0.027434976170583214,0.187109375,0.027434976170583214,40100.41015625,424.93312578829614
