t,fC_mean,fC_std,fD_mean,fD_std,avgR_mean,avgR_std
0,0.496875,0.015896085897949847,0.503125,0.015896085897949847,0.0,0.0
1,0.31328125,0.025603077512771782,0.68671875,0.02560307751277178,7.453125,0.2384412884692477
2,0.19609375,0.035750191214523594,0.80390625,0.035750191214523594,12.152343559265137,0.5913034667243701
3,0.13671875,0.0533885923852184,0.86328125,0.0533885923852184,15.093749809265137,0.9731504563584069
4,0.0890625,0.04805798906009281,0.9109375,0.04805798906009281,17.14453125,1.7257227171490717
5,0.0578125,0.03909373750999001,0.9421875,0.03909373750999001,18.48046875,2.4115012201459955
6,0.0390625,0.029022149407822984,0.9609375,0.029022149407822984,19.34765625,2.9695876696495045
7,0.0265625,0.01935861202088104,0.9734375,0.01935861202088104,19.93359375,3.361749705731284
8,0.01796875,0.01494619255446015,0.98203125,0.014946192554460148,20.332031631469725,3.6020631297405994
9,0.01484375,0.012451076133210334,0.98515625,0.012451076133210334,20.601562881469725,3.7676471947113557
10,0.00625,0.005298695299316617,0.99375,0.005298695299316616,20.82421875,3.8933066812238795
11,0.0,0.0,1.0,0.0,20.91796875,3.953406764908985
12,0.0,0.0,1.0,0.0,20.91796875,3.953406764908985
13,0.0,0.0,1.0,0.0,20.91796875,3.953406764908985
14,0.0,0.0,1.0,0.0,20.91796875,3.953406764908985
15,0.0,0.0,1.0,0.0,20.91796875,3.953406764908985
16,0.0,0.0,1.0,0.0,20.91796875,3.953406764908985
17,0.0,0.0,1.0,0.0,20.91796875,3.953406764908985
18,0.0,0.0,1.0,0.0,20.91796875,3.953406764908985
19,0.0,0.0,1.0,0.0,20.91796875,3.953406764908985
20,0.0,0.0,1.0,0.0,20.91796875,3.953406764908985
21,0.0,0.0,1.0,0.0,20.91796875,3.953406764908985
22,0.0,0.0,1.0,0.0,20.91796875,3.953406764908985
23,0.0,0.0,1.0,0.0,20.91796875,3.953406764908985
24,0.0,0.0,1.0,0.0,20.91796875,3.953406764908985
25,0.0,0.0,1.0,0.0,20.91796875,3.953406764908985
26,0.0,0.0,1.0,0.0,20.91796875,3.953406764908985
27,0.0,0.0,1.0,0.0,20.91796875,3.953406764908985
28,0.0,0.0,1.0,0.0,20.91796875,3.953406764908985
29,0.0,0.0,1.0,0.0,20.91796875,3.953406764908985
30,0.0,0.0,1.0,0.0,20.91796875,3.953406764908985
31,0.0,0.0,1.0,0.0,20.91796875,3.953406764908985
32,0.0,0.0,1.0,0.0,20.91796875,3.953406764908985
33,0.0,0.0,1.0,0.0,20.91796875,3.953406764908985
34,0.0,0.0,1.0,0.0,20.91796875,3.953406764908985
35,0.0,0.0,1.0,0.0,20.91796875,3.953406764908985
36,0.0,0.0,1.0,0.0,20.91796875,3.953406764908985
37,0.0,0.0,1.0,0.0,20.91796875,3.953406764908985
38,0.0,0.0,1.0,0.0,20.91796875,3.953406764908985
39,0.0,0.0,1.0,0.0,20.91796875,3.953406764908985
40,0.0,0.0,1.0,0.0,20.91796875,3.953406764908985
41,0.0,0.0,1.0,0.0,20.91796875,3.953406764908985
42,0.0,0.0,1.0,0.0,20.91796875,3.953406764908985
43,0.0,0.0,1.0,0.0,20.91796875,3.953406764908985
44,0.0,0.0,1.0,0.0,20.91796875,3.953406764908985
45,0.0,0.0,1.0,0.0,20.91796875,3.953406764908985
46,0.0,0.0,1.0,0.0,20.91796875,3.953406764908985
47,0.0,0.0,1.0,0.0,20.91796875,3.953406764908985
48,0.0,0.0,1.0,0.0,20.91796875,3.953406764908985
49,0.0,0.0,1.0,0.0,20.91796875,3.953406764908985
50,0.0,0.0,1.0,0.0,20.91796875,3.953406764908985
51,0.0,0.0,1.0,0.0,20.91796875,3.953406764908985
52,0.0,0.0,1.0,0.0,20.91796875,3.953406764908985
53,0.0,0.0,1.0,0.0,20.91796875,3.953406764908985
54,0.0,0.0,1.0,0.0,20.91796875,3.953406764908985
55,0.0,0.0,1.0,0.0,20.91796875,3.953406764908985
56,0.0,0.0,1.0,0.0,20.91796875,3.953406764908985
57,0.0,0.0,1.0,0.0,20.91796875,3.953406764908985
58,0.0,0.0,1.0,0.0,20.91796875,3.953406764908985
59,0.0,0.0,1.0,0.0,20.91796875,3.953406764908985
60,0.0,0.0,1.0,0.0,20.91796875,3.953406764908985
61,0.0,0.0,1.0,0.0,20.91796875,3.953406764908985
62,0.0,0.0,1.0,0.0,20.91796875,3.953406764908985
63,0.0,0.0,1.0,0.0,20.91796875,3.953406764908985
64,0.0,0.0,1.0,0.0,20.91796875,3.953406764908985
65,0.0,0.0,1.0,0.0,20.91796875,3.953406764908985
66,0.0,0.0,1.0,0.0,20.91796875,3.953406764908985
67,0.0,0.0,1.0,0.0,20.91796875,3.953406764908985
68,0.0,0.0,1.0,0.0,20.91796875,3.953406764908985
69,0.0,0.0,1.0,0.0,20.91796875,3.953406764908985
70,0.0,0.0,1.0,0.0,20.91796875,3.953406764908985
71,0.0,0.0,1.0,0.0,20.91796875,3.953406764908985
72,0.0,0.0,1.0,0.0,20.91796875,3.953406764908985
73,0.0,0.0,1.0,0.0,20.91796875,3.953406764908985
74,0.0,0.0,1.0,0.0,20.91796875,3.953406764908985
75,0.0,0.0,1.0,0.0,20.91796875,3.953406764908985
76,0.0,0.0,1.0,0.0,20.91796875,3.953406764908985
77,0.0,0.0,1.0,0.0,20.91796875,3.953406764908985
78,0.0,0.0,1.0,0.0,20.91796875,3.953406764908985
79,0.0,0.0,1.0,0.0,20.91796875,3.953406764908985
80,0.0,0.0,1.0,0.0,20.91796875,3.953406764908985
81,0.0,0.0,1.0,0.0,20.91796875,3.953406764908985
82,0.0,0.0,1.0,0.0,20.91796875,3.953406764908985
83,0.0,0.0,1.0,0.0,20.91796875,3.953406764908985
84,0.0,0.0,1.0,0.0,20.91796875,3.953406764908985
85,0.0,0.0,1.0,0.0,20.91796875,3.953406764908985
86,0.0,0.0,1.0,0.0,20.91796875,3.953406764908985
87,0.0,0.0,1.0,0.0,20.91796875,3.953406764908985
88,0.0,0.0,1.0,0.0,20.91796875,3.953406764908985
89,0.0,0.0,1.0,0.0,20.91796875,3.953406764908985
90,0.0,0.0,1.0,0.0,20.91796875,3.953406764908985
91,0.0,0.0,1.0,0.0,20.91796875,3.953406764908985
92,0.0,0.0,1.0,0.0,20.91796875,3.953406764908985
93,0.0,0.0,1.0,0.0,20.91796875,3.953406764908985
94,0.0,0.0,1.0,0.0,20.91796875,3.953406764908985
95,0.0,0.0,1.0,0.0,20.91796875,3.953406764908985
96,0.0,0.0,1.0,0.0,20.91796875,3.953406764908985
97,0.0,0.0,1.0,0.0,20.91796875,3.953406764908985
98,0.0,0.0,1.0,0.0,20.91796875,3.953406764908985
99,0.0,0.0,1.0,0.0,20.91796875,3.953406764908985
100,0.0,0.0,1.0,0.0,20.91796875,3.953406764908985
101,0.0,0.0,1.0,0.0,20.91796875,3.953406764908985
102,0.0,0.0,1.0,0.0,20.91796875,3.953406764908985
103,0.0,0.0,1.0,0.0,20.91796875,3.953406764908985
104,0.0,0.0,1.0,0.0,20.91796875,3.953406764908985
105,0.0,0.0,1.0,0.0,20.91796875,3.953406764908985
106,0.0,0.0,1.0,0.0,20.91796875,3.953406764908985
107,0.0,0.0,1.0,0.0,20.91796875,3.953406764908985
108,0.0,0.0,1.0,0.0,20.91796875,3.953406764908985
109,0.0,0.0,1.0,0.0,20.91796875,3.953406764908985
110,0.0,0.0,1.0,0.0,20.91796875,3.953406764908985
111,0.0,0.0,1.0,0.0,20.91796875,3.953406764908985
112,0.0,0.0,1.0,0.0,20.91796875,3.953406764908985
113,0.0,0.0,1.0,0.0,20.91796875,3.953406764908985
114,0.0,0.0,1.0,0.0,20.91796875,3.953406764908985
115,0.0,0.0,1.0,0.0,20.91796875,3.953406764908985
116,0.0,0.0,1.0,0.0,20.91796875,3.953406764908985
117,0.0,0.0,1.0,0.0,20.91796875,3.953406764908985
118,0.0,0.0,1.0,0.0,20.91796875,3.953406764908985
119,0.0,0.0,1.0,0.0,20.91796875,3.953406764908985
120,0.0,0.0,1.0,0.0,20.91796875,3.953406764908985
121,0.0,0.0,1.0,0.0,20.91796875,3.953406764908985
122,0.0,0.0,1.0,0.0,20.91796875,3.953406764908985
123,0.0,0.0,1.0,0.0,20.91796875,3.953406764908985
124,0.0,0.0,1.0,0.0,20.91796875,3.953406764908985
125,0.0,0.0,1.0,0.0,20.91796875,3.953406764908985
126,0.0,0.0,1.0,0.0,20.91796875,3.953406764908985
127,0.0,0.0,1.0,0.0,20.91796875,3.953406764908985
128,0.0,0.0,1.0,0.0,20.91796875,3.953406764908985
129,0.0,0.0,1.0,0.0,20.91796875,3.953406764908985
130,0.0,0.0,1.0,0.0,20.91796875,3.953406764908985
131,0.0,0.0,1.0,0.0,20.91796875,3.953406764908985
132,0.0,0.0,1.0,0.0,20.91796875,3.953406764908985
133,0.0,0.0,1.0,0.0,20.91796875,3.953406764908985
134,0.0,0.0,1.0,0.0,20.91796875,3.953406764908985
135,0.0,0.0,1.0,0.0,20.91796875,3.953406764908985
136,0.0,0.0,1.0,0.0,20.91796875,3.953406764908985
137,0.0,0.0,1.0,0.0,20.91796875,3.953406764908985
138,0.0,0.0,1.0,0.0,20.91796875,3.953406764908985
139,0.0,0.0,1.0,0.0,20.91796875,3.953406764908985
140,0.0,0.0,1.0,0.0,20.91796875,3.953406764908985
141,0.0,0.0,1.0,0.0,20.91796875,3.953406764908985
142,0.0,0.0,1.0,0.0,20.91796875,3.953406764908985
143,0.0,0.0,1.0,0.0,20.91796875,3.953406764908985
144,0.0,0.0,1.0,0.0,20.91796875,3.953406764908985
145,0.0,0.0,1.0,0.0,20.91796875,3.953406764908985
146,0.0,0.0,1.0,0.0,20.91796875,3.953406764908985
147,0.0,0.0,1.0,0.0,20.91796875,3.953406764908985
148,0.0,0.0,1.0,0.0,20.91796875,3.953406764908985
149,0.0,0.0,1.0,0.0,20.91796875,3.953406764908985
150,0.0,0.0,1.0,0.0,20.91796875,3.953406764908985
151,0.0,0.0,1.0,0.0,20.91796875,3.953406764908985
152,0.0,0.0,1.0,0.0,20.91796875,3.953406764908985
153,0.0,0.0,1.0,0.0,20.91796875,3.953406764908985
154,0.0,0.0,1.0,0.0,20.91796875,3.953406764908985
155,0.0,0.0,1.0,0.0,20.91796875,3.953406764908985
156,0.0,0.0,1.0,0.0,20.91796875,3.953406764908985
157,0.0,0.0,1.0,0.0,20.91796875,3.953406764908985
158,0.0,0.0,1.0,0.0,20.91796875,3.953406764908985
159,0.0,0.0,1.0,0.0,20.91796875,3.953406764908985
160,0.0,0.0,1.0,0.0,20.91796875,3.953406764908985
161,0.0,0.0,1.0,0.0,20.91796875,3.953406764908985
162,0.0,0.0,1.0,0.0,20.91796875,3.953406764908985
163,0.0,0.0,1.0,0.0,20.91796875,3.953406764908985
164,0.0,0.0,1.0,0.0,20.91796875,3.953406764908985
165,0.0,0.0,1.0,0.0,20.91796875,3.953406764908985
166,0.0,0.0,1.0,0.0,20.91796875,3.953406764908985
167,0.0,0.0,1.0,0.0,20.91796875,3.953406764908985
168,0.0,0.0,1.0,0.0,20.91796875,3.953406764908985
169,0.0,0.0,1.0,0.0,20.91796875,3.953406764908985
170,0.0,0.0,1.0,0.0,20.91796875,3.953406764908985
171,0.0,0.0,1.0,0.0,20.91796875,3.953406764908985
172,0.0,0.0,1.0,0.0,20.91796875,3.953406764908985
173,0.0,0.0,1.0,0.0,20.91796875,3.953406764908985
174,0.0,0.0,1.0,0.0,20.91796875,3.953406764908985
175,0.0,0.0,1.0,0.0,20.91796875,3.953406764908985
176,0.0,0.0,1.0,0.0,20.91796875,3.953406764908985
177,0.0,0.0,1.0,0.0,20.91796875,3.953406764908985
178,0.0,0.0,1.0,0.0,20.91796875,3.953406764908985
179,0.0,0.0,1.0,0.0,20.91796875,3.953406764908985
180,0.0,0.0,1.0,0.0,20.91796875,3.953406764908985
181,0.0,0.0,1.0,0.0,20.91796875,3.953406764908985
182,0.0,0.0,1.0,0.0,20.91796875,3.953406764908985
183,0.0,0.0,1.0,0.0,20.91796875,3.953406764908985
184,0.0,0.0,1.0,0.0,20.91796875,3.953406764908985
185,0.0,0.0,1.0,0.0,20.91796875,3.953406764908985
186,0.0,0.0,1.0,0.0,20.91796875,3.953406764908985
187,0.0,0.0,1.0,0.0,20.91796875,3.953406764908985
188,0.0,0.0,1.0,0.0,20.91796875,3.953406764908985
189,0.0,0.0,1.0,0.0,20.91796875,3.953406764908985
190,0.0,0.0,1.0,0.0,20.91796875,3.953406764908985
191,0.0,0.0,1.0,0.0,20.91796875,3.953406764908985
192,0.0,0.0,1.0,0.0,20.91796875,3.953406764908985
193,0.0,0.0,1.0,0.0,20.91796875,3.953406764908985
194,0.0,0.0,1.0,0.0,20.91796875,3.953406764908985
195,0.0,0.0,1.0,0.0,20.91796875,3.953406764908985
196,0.0,0.0,1.0,0.0,20.91796875,3.953406764908985
197,0.0,0.0,1.0,0.0,20.91796875,3.953406764908985
198,0.0,0.0,1.0,0.0,20.91796875,3.953406764908985
199,0.0,0.0,1.0,0.0,20.91796875,3.953406764908985
200,0.0,0.0,1.0,0.0,20.91796875,3.953406764908985
201,0.0,0.0,1.0,0.0,20.91796875,3.953406764908985
202,0.0,0.0,1.0,0.0,20.91796875,3.953406764908985
203,0.0,0.0,1.0,0.0,20.91796875,3.953406764908985
204,0.0,0.0,1.0,0.0,20.91796875,3.953406764908985
205,0.0,0.0,1.0,0.0,20.91796875,3.953406764908985
206,0.0,0.0,1.0,0.0,20.91796875,3.953406764908985
207,0.0,0.0,1.0,0.0,20.91796875,3.953406764908985
208,0.0,0.0,1.0,0.0,20.91796875,3.953406764908985
209,0.0,0.0,1.0,0.0,20.91796875,3.953406764908985
210,0.0,0.0,1.0,0.0,20.91796875,3.953406764908985
211,0.0,0.0,1.0,0.0,20.91796875,3.953406764908985
212,0.0,0.0,1.0,0.0,20.91796875,3.953406764908985
213,0.0,0.0,1.0,0.0,20.91796875,3.953406764908985
214,0.0,0.0,1.0,0.0,20.91796875,3.953406764908985
215,0.0,0.0,1.0,0.0,20.91796875,3.953406764908985
216,0.0,0.0,1.0,0.0,20.91796875,3.953406764908985
217,0.0,0.0,1.0,0.0,20.91796875,3.953406764908985
218,0.0,0.0,1.0,0.0,20.91796875,3.953406764908985
219,0.0,0.0,1.0,0.0,20.91796875,3.953406764908985
220,0.0,0.0,1.0,0.0,20.91796875,3.953406764908985
221,0.0,0.0,1.0,0.0,20.91796875,3.953406764908985
222,0.0,0.0,1.0,0.0,20.91796875,3.953406764908985
223,0.0,0.0,1.0,0.0,20.91796875,3.953406764908985
224,0.0,0.0,1.0,0.0,20.91796875,3.953406764908985
225,0.0,0.0,1.0,0.0,20.91796875,3.953406764908985
226,0.0,0.0,1.0,0.0,20.91796875,3.953406764908985
227,0.0,0.0,1.0,0.0,20.91796875,3.953406764908985
228,0.0,0.0,1.0,0.0,20.91796875,3.953406764908985
229,0.0,0.0,1.0,0.0,20.91796875,3.953406764908985
230,0.0,0.0,1.0,0.0,20.91796875,3.953406764908985
231,0.0,0.0,1.0,0.0,20.91796875,3.953406764908985
232,0.0,0.0,1.0,0.0,20.91796875,3.953406764908985
233,0.0,0.0,1.0,0.0,20.91796875,3.953406764908985
234,0.0,0.0,1.0,0.0,20.91796875,3.953406764908985
235,0.0,0.0,1.0,0.0,20.91796875,3.953406764908985
236,0.0,0.0,1.0,0.0,20.91796875,3.953406764908985
237,0.0,0.0,1.0,0.0,20.91796875,3.953406764908985
238,0.0,0.0,1.0,0.0,20.91796875,3.953406764908985
239,0.0,0.0,1.0,0.0,20.91796875,3.953406764908985
240,0.0,0.0,1.0,0.0,20.91796875,3.953406764908985
241,0.0,0.0,1.0,0.0,20.91796875,3.953406764908985
242,0.0,0.0,1.0,0.0,20.91796875,3.953406764908985
243,0.0,0.0,1.0,0.0,20.91796875,3.953406764908985
244,0.0,0.0,1.0,0.0,20.91796875,3.953406764908985
245,0.0,0.0,1.0,0.0,20.91796875,3.953406764908985
246,0.0,0.0,1.0,0.0,20.91796875,3.953406764908985
247,0.0,0.0,1.0,0.0,20.91796875,3.953406764908985
248,0.0,0.0,1.0,0.0,20.91796875,3.953406764908985
249,0.0,0.0,1.0,0.0,20.91796875,3.953406764908985
250,0.0,0.0,1.0,0.0,20.91796875,3.953406764908985
251,0.0,0.0,1.0,0.0,20.91796875,3.953406764908985
252,0.0,0.0,1.0,0.0,20.91796875,3.953406764908985
253,0.0,0.0,1.0,0.0,20.91796875,3.953406764908985
254,0.0,0.0,1.0,0.0,20.91796875,3.953406764908985
255,0.0,0.0,1.0,0.0,20.91796875,3.953406764908985
256,0.0,0.0,1.0,0.0,20.91796875,3.953406764908985
257,0.0,0.0,1.0,0.0,20.91796875,3.953406764908985
258,0.0,0.0,1.0,0.0,20.91796875,3.953406764908985
259,0.0,0.0,1.0,0.0,20.91796875,3.953406764908985
260,0.0,0.0,1.0,0.0,20.91796875,3.953406764908985
261,0.0,0.0,1.0,0.0,20.91796875,3.953406764908985
262,0.0,0.0,1.0,0.0,20.91796875,3.953406764908985
263,0.0,0.0,1.0,0.0,20.91796875,3.953406764908985
264,0.0,0.0,1.0,0.0,20.91796875,3.953406764908985
265,0.0,0.0,1.0,0.0,20.91796875,3.953406764908985
266,0.0,0.0,1.0,0.0,20.91796875,3.953406764908985
267,0.0,0.0,1.0,0.0,20.91796875,3.953406764908985
268,0.0,0.0,1.0,0.0,20.91796875,3.953406764908985
269,0.0,0.0,1.0,0.0,20.91796875,3.953406764908985
270,0.0,0.0,1.0,0.0,20.91796875,3.953406764908985
271,0.0,0.0,1.0,0.0,20.91796875,3.953406764908985
272,0.0,0.0,1.0,0.0,20.91796875,3.953406764908985
273,0.0,0.0,1.0,0.0,20.91796875,3.953406764908985
274,0.0,0.0,1.0,0.0,20.91796875,3.953406764908985
275,0.0,0.0,1.0,0.0,20.91796875,3.953406764908985
276,0.0,0.0,1.0,0.0,20.91796875,3.953406764908985
277,0.0,0.0,1.0,0.0,20.91796875,3.953406764908985
278,0.0,0.0,1.0,0.0,20.91796875,3.953406764908985
279,0.0,0.0,1.0,0.0,20.91796875,3.953406764908985
280,0.0,0.0,1.0,0.0,20.91796875,3.953406764908985
281,0.0,0.0,1.0,0.0,20.91796875,3.953406764908985
282,0.0,0.0,1.0,0.0,20.91796875,3.953406764908985
283,0.0,0.0,1.0,0.0,20.91796875,3.953406764908985
284,0.0,0.0,1.0,0.0,20.91796875,3.953406764908985
285,0.0,0.0,1.0,0.0,20.91796875,3.953406764908985
286,0.0,0.0,1.0,0.0,20.91796875,3.953406764908985
287,0.0,0.0,1.0,0.0,20.91796875,3.953406764908985
288,0.0,0.0,1.0,0.0,20.91796875,3.953406764908985
289,0.0,0.0,1.0,0.0,20.91796875,3.953406764908985
290,0.0,0.0,1.0,0.0,20.91796875,3.953406764908985
291,0.0,0.0,1.0,0.0,20.91796875,3.953406764908985
292,0.0,0.0,1.0,0.0,20.91796875,3.953406764908985
293,0.0,0.0,1.0,0.0,20.91796875,3.953406764908985
294,0.0,0.0,1.0,0.0,20.91796875,3.953406764908985
295,0.0,0.0,1.0,0.0,20.91796875,3.953406764908985
296,0.0,0.0,1.0,0.0,20.91796875,3.953406764908985
297,0.0,0.0,1.0,0.0,20.91796875,3.953406764908985
298,0.0,0.0,1.0,0.0,20.91796875,3.953406764908985
299,0.0,0.0,1.0,0.0,20.91796875,3.953406764908985
300,0.0,0.0,1.0,0.0,20.91796875,3.953406764908985
301,0.0,0.0,1.0,0.0,20.91796875,3.953406764908985
302,0.0,0.0,1.0,0.0,20.91796875,3.953406764908985
303,0.0,0.0,1.0,0.0,20.91796875,3.953406764908985
304,0.0,0.0,1.0,0.0,20.91796875,3.953406764908985
305,0.0,0.0,1.0,0.0,20.91796875,3.953406764908985
306,0.0,0.0,1.0,0.0,20.91796875,3.953406764908985
307,0.0,0.0,1.0,0.0,20.91796875,3.953406764908985
308,0.0,0.0,1.0,0.0,20.91796875,3.953406764908985
309,0.0,0.0,1.0,0.0,20.91796875,3.953406764908985
310,0.0,0.0,1.0,0.0,20.91796875,3.953406764908985
311,0.0,0.0,1.0,0.0,20.91796875,3.953406764908985
312,0.0,0.0,1.0,0.0,20.91796875,3.953406764908985
313,0.0,0.0,1.0,0.0,20.91796875,3.953406764908985
314,0.0,0.0,1.0,0.0,20.91796875,3.953406764908985
315,0.0,0.0,1.0,0.0,20.91796875,3.953406764908985
316,0.0,0.0,1.0,0.0,20.91796875,3.953406764908985
317,0.0,0.0,1.0,0.0,20.91796875,3.953406764908985
318,0.0,0.0,1.0,0.0,20.91796875,3.953406764908985
319,0.0,0.0,1.0,0.0,20.91796875,3.953406764908985
320,0.0,0.0,1.0,0.0,20.91796875,3.953406764908985
321,0.0,0.0,1.0,0.0,20.91796875,3.953406764908985
322,0.0,0.0,1.0,0.0,20.91796875,3.953406764908985
323,0.0,0.0,1.0,0.0,20.91796875,3.953406764908985
324,0.0,0.0,1.0,0.0,20.91796875,3.953406764908985
325,0.0,0.0,1.0,0.0,20.91796875,3.953406764908985
326,0.0,0.0,1.0,0.0,20.91796875,3.953406764908985
327,0.0,0.0,1.0,0.0,20.91796875,3.953406764908985
328,0.0,0.0,1.0,0.0,20.91796875,3.953406764908985
329,0.0,0.0,1.0,0.0,20.91796875,3.953406764908985
330,0.0,0.0,1.0,0.0,20.91796875,3.953406764908985
331,0.0,0.0,1.0,0.0,20.91796875,3.953406764908985
332,0.0,0.0,1.0,0.0,20.91796875,3.953406764908985
333,0.0,0.0,1.0,0.0,20.91796875,3.953406764908985
334,0.0,0.0,1.0,0.0,20.91796875,3.953406764908985
335,0.0,0.0,1.0,0.0,20.91796875,3.953406764908985
336,0.0,0.0,1.0,0.0,20.91796875,3.953406764908985
337,0.0,0.0,1.0,0.0,20.91796875,3.953406764908985
338,0.0,0.0,1.0,0.0,20.91796875,3.953406764908985
339,0.0,0.0,1.0,0.0,20.91796875,3.953406764908985
340,0.0,0.0,1.0,0.0,20.91796875,3.953406764908985
341,0.0,0.0,1.0,0.0,20.91796875,3.953406764908985
342,0.0,0.0,1.0,0.0,20.91796875,3.953406764908985
343,0.0,0.0,1.0,0.0,20.91796875,3.953406764908985
344,0.0,0.0,1.0,0.0,20.91796875,3.953406764908985
345,0.0,0.0,1.0,0.0,20.91796875,3.953406764908985
346,0.0,0.0,1.0,0.0,20.91796875,3.953406764908985
347,0.0,0.0,1.0,0.0,20.91796875,3.953406764908985
348,0.0,0.0,1.0,0.0,20.91796875,3.953406764908985
349,0.0,0.0,1.0,0.0,20.91796875,3.953406764908985
350,0.0,0.0,1.0,0.0,20.91796875,3.953406764908985
351,0.0,0.0,1.0,0.0,20.91796875,3.953406764908985
352,0.0,0.0,1.0,0.0,20.91796875,3.953406764908985
353,0.0,0.0,1.0,0.0,20.91796875,3.953406764908985
354,0.0,0.0,1.0,0.0,20.91796875,3.953406764908985
355,0.0,0.0,1.0,0.0,20.91796875,3.953406764908985
356,0.0,0.0,1.0,0.0,20.91796875,3.953406764908985
357,0.0,0.0,1.0,0.0,20.91796875,3.953406764908985
358,0.0,0.0,1.0,0.0,20.91796875,3.953406764908985
359,0.0,0.0,1.0,0.0,20.91796875,3.953406764908985
360,0.0,0.0,1.0,0.0,20.91796875,3.953406764908985
361,0.0,0.0,1.0,0.0,20.91796875,3.953406764908985
362,0.0,0.0,1.0,0.0,20.91796875,3.953406764908985
363,0.0,0.0,1.0,0.0,20.91796875,3.953406764908985
364,0.0,0.0,1.0,0.0,20.91796875,3.953406764908985
365,0.0,0.0,1.0,0.0,20.91796875,3.953406764908985
366,0.0,0.0,1.0,0.0,20.91796875,3.953406764908985
367,0.0,0.0,1.0,0.0,20.91796875,3.953406764908985
368,0.0,0.0,1.0,0.0,20.91796875,3.953406764908985
369,0.0,0.0,1.0,0.0,20.91796875,3.953406764908985
370,0.0,0.0,1.0,0.0,20.91796875,3.953406764908985
371,0.0,0.0,1.0,0.0,20.91796875,3.953406764908985
372,0.0,0.0,1.0,0.0,20.91796875,3.953406764908985
373,0.0,0.0,1.0,0.0,20.91796875,3.953406764908985
374,0.0,0.0,1.0,0.0,20.91796875,3.953406764908985
375,0.0,0.0,1.0,0.0,20.91796875,3.953406764908985
376,0.0,0.0,1.0,0.0,20.91796875,3.953406764908985
377,0.0,0.0,1.0,0.0,20.91796875,3.953406764908985
378,0.0,0.0,1.0,0.0,20.91796875,3.953406764908985
379,0.0,0.0,1.0,0.0,20.91796875,3.953406764908985
380,0.0,0.0,1.0,0.0,20.91796875,3.953406764908985
381,0.0,0.0,1.0,0.0,20.91796875,3.953406764908985
382,0.0,0.0,1.0,0.0,20.91796875,3.953406764908985
383,0.0,0.0,1.0,0.0,20.91796875,3.953406764908985
384,0.0,0.0,1.0,0.0,20.91796875,3.953406764908985
385,0.0,0.0,1.0,0.0,20.91796875,3.953406764908985
386,0.0,0.0,1.0,0.0,20.91796875,3.953406764908985
387,0.0,0.0,1.0,0.0,20.91796875,3.953406764908985
388,0.0,0.0,1.0,0.0,20.91796875,3.953406764908985
389,0.0,0.0,1.0,0.0,20.91796875,3.953406764908985
390,0.0,0.0,1.0,0.0,20.91796875,3.953406764908985
391,0.0,0.0,1.0,0.0,20.91796875,3.953406764908985
392,0.0,0.0,1.0,0.0,20.91796875,3.953406764908985
393,0.0,0.0,1.0,0.0,20.91796875,3.953406764908985
394,0.0,0.0,1.0,0.0,20.91796875,3.953406764908985
395,0.0,0.0,1.0,0.0,20.91796875,3.953406764908985
396,0.0,0.0,1.0,0.0,20.91796875,3.953406764908985
397,0.0,0.0,1.0,0.0,20.91796875,3.953406764908985
398,0.0,0.0,1.0,0.0,20.91796875,3.953406764908985
399,0.0,0.0,1.0,0.0,20.91796875,3.953406764908985
400,0.0,0.0,1.0,0.0,20.91796875,3.953406764908985
401,0.0,0.0,1.0,0.0,20.91796875,3.953406764908985
402,0.0,0.0,1.0,0.0,20.91796875,3.953406764908985
403,0.0,0.0,1.0,0.0,20.91796875,3.953406764908985
404,0.0,0.0,1.0,0.0,20.91796875,3.953406764908985
405,0.0,0.0,1.0,0.0,20.91796875,3.953406764908985
406,0.0,0.0,1.0,0.0,20.91796875,3.953406764908985
407,0.0,0.0,1.0,0.0,20.91796875,3.953406764908985
408,0.0,0.0,1.0,0.0,20.91796875,3.953406764908985
409,0.0,0.0,1.0,0.0,20.91796875,3.953406764908985
410,0.0,0.0,1.0,0.0,20.91796875,3.953406764908985
411,0.0,0.0,1.0,0.0,20.91796875,3.953406764908985
412,0.0,0.0,1.0,0.0,20.91796875,3.953406764908985
413,0.0,0.0,1.0,0.0,20.91796875,3.953406764908985
414,0.0,0.0,1.0,0.0,20.91796875,3.953406764908985
415,0.0,0.0,1.0,0.0,20.91796875,3.953406764908985
416,0.0,0.0,1.0,0.0,20.91796875,3.953406764908985
417,0.0,0.0,1.0,0.0,20.91796875,3.953406764908985
418,0.0,0.0,1.0,0.0,20.91796875,3.953406764908985
419,0.0,0.0,1.0,0.0,20.91796875,3.953406764908985
420,0.0,0.0,1.0,0.0,20.91796875,3.953406764908985
421,0.0,0.0,1.0,0.0,20.91796875,3.953406764908985
422,0.0,0.0,1.0,0.0,20.91796875,3.953406764908985
423,0.0,0.0,1.0,0.0,20.91796875,3.953406764908985
424,0.0,0.0,1.0,0.0,20.91796875,3.953406764908985
425,0.0,0.0,1.0,0.0,20.91796875,3.953406764908985
426,0.0,0.0,1.0,0.0,20.91796875,3.953406764908985
427,0.0,0.0,1.0,0.0,20.91796875,3.953406764908985
428,0.0,0.0,1.0,0.0,20.91796875,3.953406764908985
429,0.0,0.0,1.0,0.0,20.91796875,3.953406764908985
430,0.0,0.0,1.0,0.0,20.91796875,3.953406764908985
431,0.0,0.0,1.0,0.0,20.91796875,3.953406764908985
432,0.0,0.0,1.0,0.0,20.91796875,3.953406764908985
433,0.0,0.0,1.0,0.0,20.91796875,3.953406764908985
434,0.0,0.0,1.0,0.0,20.91796875,3.953406764908985
435,0.0,0.0,1.0,0.0,20.91796875,3.953406764908985
436,0.0,0.0,1.0,0.0,20.91796875,3.953406764908985
437,0.0,0.0,1.0,0.0,20.91796875,3.953406764908985
438,0.0,0.0,1.0,0.0,20.91796875,3.953406764908985
439,0.0,0.0,1.0,0.0,20.91796875,3.953406764908985
440,0.0,0.0,1.0,0.0,20.91796875,3.953406764908985
441,0.0,0.0,1.0,0.0,20.91796875,3.953406764908985
442,0.0,0.0,1.0,0.0,20.91796875,3.953406764908985
443,0.0,0.0,1.0,0.0,20.91796875,3.953406764908985
444,0.0,0.0,1.0,0.0,20.91796875,3.953406764908985
445,0.0,0.0,1.0,0.0,20.91796875,3.953406764908985
446,0.0,0.0,1.0,0.0,20.91796875,3.953406764908985
447,0.0,0.0,1.0,0.0,20.91796875,3.953406764908985
448,0.0,0.0,1.0,0.0,20.91796875,3.953406764908985
449,0.0,0.0,1.0,0.0,20.91796875,3.953406764908985
450,0.0,0.0,1.0,0.0,20.91796875,3.953406764908985
451,0.0,0.0,1.0,0.0,20.91796875,3.953406764908985
452,0.0,0.0,1.0,0.0,20.91796875,3.953406764908985
453,0.0,0.0,1.0,0.0,20.91796875,3.953406764908985
454,0.0,0.0,1.0,0.0,20.91796875,3.953406764908985
455,0.0,0.0,1.0,0.0,20.91796875,3.953406764908985
456,0.0,0.0,1.0,0.0,20.91796875,3.953406764908985
457,0.0,0.0,1.0,0.0,20.91796875,3.953406764908985
458,0.0,0.0,1.0,0.0,20.91796875,3.953406764908985
459,0.0,0.0,1.0,0.0,20.91796875,3.953406764908985
460,0.0,0.0,1.0,0.0,20.91796875,3.953406764908985
461,0.0,0.0,1.0,0.0,20.91796875,3.953406764908985
462,0.0,0.0,1.0,0.0,20.91796875,3.953406764908985
463,0.0,0.0,1.0,0.0,20.91796875,3.953406764908985
464,0.0,0.0,1.0,0.0,20.91796875,3.953406764908985
465,0.0,0.0,1.0,0.0,20.91796875,3.953406764908985
466,0.0,0.0,1.0,0.0,20.91796875,3.953406764908985
467,0.0,0.0,1.0,0.0,20.91796875,3.953406764908985
468,0.0,0.0,1.0,0.0,20.91796875,3.953406764908985
469,0.0,0.0,1.0,0.0,20.91796875,3.953406764908985
470,0.0,0.0,1.0,0.0,20.91796875,3.953406764908985
471,0.0,0.0,1.0,0.0,20.91796875,3.953406764908985
472,0.0,0.0,1.0,0.0,20.91796875,3.953406764908985
473,0.0,0.0,1.0,0.0,20.91796875,3.953406764908985
474,0.0,0.0,1.0,0.0,20.91796875,3.953406764908985
475,0.0,0.0,1.0,0.0,20.91796875,3.953406764908985
476,0.0,0.0,1.0,0.0,20.91796875,3.953406764908985
477,0.0,0.0,1.0,0.0,20.91796875,3.953406764908985
478,0.0,0.0,1.0,0.0,20.91796875,3.953406764908985
479,0.0,0.0,1.0,0.0,20.91796875,3.953406764908985
480,0.0,0.0,1.0,0.0,20.91796875,3.953406764908985
481,0.0,0.0,1.0,0.0,20.91796875,3.953406764908985
482,0.0,0.0,1.0,0.0,20.91796875,3.953406764908985
483,0.0,0.0,1.0,0.0,20.91796875,3.953406764908985
484,0.0,0.0,1.0,0.0,20.91796875,3.953406764908985
485,0.0,0.0,1.0,0.0,20.91796875,3.953406764908985
486,0.0,0.0,1.0,0.0,20.91796875,3.953406764908985
487,0.0,0.0,1.0,0.0,20.91796875,3.953406764908985
488,0.0,0.0,1.0,0.0,20.91796875,3.953406764908985
489,0.0,0.0,1.0,0.0,20.91796875,3.953406764908985
490,0.0,0.0,1.0,0.0,20.91796875,3.953406764908985
491,0.0,0.0,1.0,0.0,20.91796875,3.953406764908985
492,0.0,0.0,1.0,0.0,20.91796875,3.953406764908985
493,0.0,0.0,1.0,0.0,20.91796875,3.953406764908985
494,0.0,0.0,1.0,0.0,20.91796875,3.953406764908985
495,0.0,0.0,1.0,0.0,20.91796875,3.953406764908985
496,0.0,0.0,1.0,0.0,20.91796875,3.953406764908985
497,0.0,0.0,1.0,0.0,20.91796875,3.953406764908985
498,0.0,0.0,1.0,0.0,20.91796875,3.953406764908985
499,0.0,0.0,1.0,0.0,20.91796875,3.953406764908985
500,0.0,0.0,1.0,0.0,20.91796875,3.953406764908985
501,0.0,0.0,1.0,0.0,20.91796875,3.953406764908985
502,0.0,0.0,1.0,0.0,20.91796875,3.953406764908985
503,0.0,0.0,1.0,0.0,20.91796875,3.953406764908985
504,0.0,0.0,1.0,0.0,20.91796875,3.953406764908985
505,0.0,0.0,1.0,0.0,20.91796875,3.953406764908985
506,0.0,0.0,1.0,0.0,20.91796875,3.953406764908985
507,0.0,0.0,1.0,0.0,20.91796875,3.953406764908985
508,0.0,0.0,1.0,0.0,20.91796875,3.953406764908985
509,0.0,0.0,1.0,0.0,20.91796875,3.953406764908985
510,0.0,0.0,1.0,0.0,20.91796875,3.953406764908985
511,0.0,0.0,1.0,0.0,20.91796875,3.953406764908985
512,0.0,0.0,1.0,0.0,20.91796875,3.953406764908985
513,0.0,0.0,1.0,0.0,20.91796875,3.953406764908985
514,0.0,0.0,1.0,0.0,20.91796875,3.953406764908985
515,0.0,0.0,1.0,0.0,20.91796875,3.953406764908985
516,0.0,0.0,1.0,0.0,20.91796875,3.953406764908985
517,0.0,0.0,1.0,0.0,20.91796875,3.953406764908985
518,0.0,0.0,1.0,0.0,20.91796875,3.953406764908985
519,0.0,0.0,1.0,0.0,20.91796875,3.953406764908985
520,0.0,0.0,1.0,0.0,20.91796875,3.953406764908985
521,0.0,0.0,1.0,0.0,20.91796875,3.953406764908985
522,0.0,0.0,1.0,0.0,20.91796875,3.953406764908985
523,0.0,0.0,1.0,0.0,20.91796875,3.953406764908985
524,0.0,0.0,1.0,0.0,20.91796875,3.953406764908985
525,0.0,0.0,1.0,0.0,20.91796875,3.953406764908985
526,0.0,0.0,1.0,0.0,20.91796875,3.953406764908985
527,0.0,0.0,1.0,0.0,20.91796875,3.953406764908985
528,0.0,0.0,1.0,0.0,20.91796875,3.953406764908985
529,0.0,0.0,1.0,0.0,20.91796875,3.953406764908985
530,0.0,0.0,1.0,0.0,20.91796875,3.953406764908985
531,0.0,0.0,1.0,0.0,20.91796875,3.953406764908985
532,0.0,0.0,1.0,0.0,20.91796875,3.953406764908985
533,0.0,0.0,1.0,0.0,20.91796875,3.953406764908985
534,0.0,0.0,1.0,0.0,20.91796875,3.953406764908985
535,0.0,0.0,1.0,0.0,20.91796875,3.953406764908985
536,0.0,0.0,1.0,0.0,20.91796875,3.953406764908985
537,0.0,0.0,1.0,0.0,20.91796875,3.953406764908985
538,0.0,0.0,1.0,0.0,20.91796875,3.953406764908985
539,0.0,0.0,1.0,0.0,20.91796875,3.953406764908985
540,0.0,0.0,1.0,0.0,20.91796875,3.953406764908985
541,0.0,0.0,1.0,0.0,20.91796875,3.953406764908985
542,0.0,0.0,1.0,0.0,20.91796875,3.953406764908985
543,0.0,0.0,1.0,0.0,20.91796875,3.953406764908985
544,0.0,0.0,1.0,0.0,20.91796875,3.953406764908985
545,0.0,0.0,1.0,0.0,20.91796875,3.953406764908985
546,0.0,0.0,1.0,0.0,20.91796875,3.953406764908985
547,0.0,0.0,1.0,0.0,20.91796875,3.953406764908985
548,0.0,0.0,1.0,0.0,20.91796875,3.953406764908985
549,0.0,0.0,1.0,0.0,20.91796875,3.953406764908985
550,0.0,0.0,1.0,0.0,20.91796875,3.953406764908985
551,0.0,0.0,1.0,0.0,20.91796875,3.953406764908985
552,0.0,0.0,1.0,0.0,20.91796875,3.953406764908985
553,0.0,0.0,1.0,0.0,20.91796875,3.953406764908985
554,0.0,0.0,1.0,0.0,20.91796875,3.953406764908985
555,0.0,0.0,1.0,0.0,20.91796875,3.953406764908985
556,0.0,0.0,1.0,0.0,20.91796875,3.953406764908985
557,0.0,0.0,1.0,0.0,20.91796875,3.953406764908985
558,0.0,0.0,1.0,0.0,20.91796875,3.953406764908985
559,0.0,0.0,1.0,0.0,20.91796875,3.953406764908985
560,0.0,0.0,1.0,0.0,20.91796875,3.953406764908985
561,0.0,0.0,1.0,0.0,20.91796875,3.953406764908985
562,0.0,0.0,1.0,0.0,20.91796875,3.953406764908985
563,0.0,0.0,1.0,0.0,20.91796875,3.953406764908985
564,0.0,0.0,1.0,0.0,20.91796875,3.953406764908985
565,0.0,0.0,1.0,0.0,20.91796875,3.953406764908985
566,0.0,0.0,1.0,0.0,20.91796875,3.953406764908985
567,0.0,0.0,1.0,0.0,20.91796875,3.953406764908985
568,0.0,0.0,1.0,0.0,20.91796875,3.953406764908985
569,0.0,0.0,1.0,0.0,20.91796875,3.953406764908985
570,0.0,0.0,1.0,0.0,20.91796875,3.953406764908985
571,0.0,0.0,1.0,0.0,20.91796875,3.953406764908985
572,0.0,0.0,1.0,0.0,20.91796875,3.953406764908985
573,0.0,0.0,1.0,0.0,20.91796875,3.953406764908985
574,0.0,0.0,1.0,0.0,20.91796875,3.953406764908985
575,0.0,0.0,1.0,0.0,20.91796875,3.953406764908985
576,0.0,0.0,1.0,0.0,20.91796875,3.953406764908985
577,0.0,0.0,1.0,0.0,20.91796875,3.953406764908985
578,0.0,0.0,1.0,0.0,20.91796875,3.953406764908985
579,0.0,0.0,1.0,0.0,20.91796875,3.953406764908985
580,0.0,0.0,1.0,0.0,20.91796875,3.953406764908985
581,0.0,0.0,1.0,0.0,20.91796875,3.953406764908985
582,0.0,0.0,1.0,0.0,20.91796875,3.953406764908985
583,0.0,0.0,1.0,0.0,20.91796875,3.953406764908985
584,0.0,0.0,1.0,0.0,20.91796875,3.953406764908985
585,0.0,0.0,1.0,0.0,20.91796875,3.953406764908985
586,0.0,0.0,1.0,0.0,20.91796875,3.953406764908985
587,0.0,0.0,1.0,0.0,20.91796875,3.953406764908985
588,0.0,0.0,1.0,0.0,20.91796875,3.953406764908985
589,0.0,0.0,1.0,0.0,20.91796875,3.953406764908985
590,0.0,0.0,1.0,0.0,20.91796875,3.953406764908985
591,0.0,0.0,1.0,0.0,20.91796875,3.953406764908985
592,0.0,0.0,1.0,0.0,20.91796875,3.953406764908985
593,0.0,0.0,1.0,0.0,20.91796875,3.953406764908985
594,0.0,0.0,1.0,0.0,20.91796875,3.953406764908985
595,0.0,0.0,1.0,0.0,20.91796875,3.953406764908985
596,0.0,0.0,1.0,0.0,20.91796875,3.953406764908985
597,0.0,0.0,1.0,0.0,20.91796875,3.953406764908985
598,0.0,0.0,1.0,0.0,20.91796875,3.953406764908985
599,0.0,0.0,1.0,0.0,20.91796875,3.953406764908985
600,0.0,0.0,1.0,0.0,20.91796875,3.953406764908985
601,0.0,0.0,1.0,0.0,20.91796875,3.953406764908985
602,0.0,0.0,1.0,0.0,20.91796875,3.953406764908985
603,0.0,0.0,1.0,0.0,20.91796875,3.953406764908985
604,0.0,0.0,1.0,0.0,20.91796875,3.953406764908985
605,0.0,0.0,1.0,0.0,20.91796875,3.953406764908985
606,0.0,0.0,1.0,0.0,20.91796875,3.953406764908985
607,0.0,0.0,1.0,0.0,20.91796875,3.953406764908985
608,0.0,0.0,1.0,0.0,20.91796875,3.953406764908985
609,0.0,0.0,1.0,0.0,20.91796875,3.953406764908985
610,0.0,0.0,1.0,0.0,20.91796875,3.953406764908985
611,0.0,0.0,1.0,0.0,20.91796875,3.953406764908985
612,0.0,0.0,1.0,0.0,20.91796875,3.953406764908985
613,0.0,0.0,1.0,0.0,20.91796875,3.953406764908985
614,0.0,0.0,1.0,0.0,20.91796875,3.953406764908985
615,0.0,0.0,1.0,0.0,20.91796875,3.953406764908985
616,0.0,0.0,1.0,0.0,20.91796875,3.953406764908985
617,0.0,0.0,1.0,0.0,20.91796875,3.953406764908985
618,0.0,0.0,1.0,0.0,20.91796875,3.953406764908985
619,0.0,0.0,1.0,0.0,20.91796875,3.953406764908985
620,0.0,0.0,1.0,0.0,20.91796875,3.953406764908985
621,0.0,0.0,1.0,0.0,20.91796875,3.953406764908985
622,0.0,0.0,1.0,0.0,20.91796875,3.953406764908985
623,0.0,0.0,1.0,0.0,20.91796875,3.953406764908985
624,0.0,0.0,1.0,0.0,20.91796875,3.953406764908985
625,0.0,0.0,1.0,0.0,20.91796875,3.953406764908985
626,0.0,0.0,1.0,0.0,20.91796875,3.953406764908985
627,0.0,0.0,1.0,0.0,20.91796875,3.953406764908985
628,0.0,0.0,1.0,0.0,20.91796875,3.953406764908985
629,0.0,0.0,1.0,0.0,20.91796875,3.953406764908985
630,0.0,0.0,1.0,0.0,20.91796875,3.953406764908985
631,0.0,0.0,1.0,0.0,20.91796875,3.953406764908985
632,0.0,0.0,1.0,0.0,20.91796875,3.953406764908985
633,0.0,0.0,1.0,0.0,20.91796875,3.953406764908985
634,0.0,0.0,1.0,0.0,20.91796875,3.953406764908985
635,0.0,0.0,1.0,0.0,20.91796875,3.953406764908985
636,0.0,0.0,1.0,0.0,20.91796875,3.953406764908985
637,0.0,0.0,1.0,0.0,20.91796875,3.953406764908985
638,0.0,0.0,1.0,0.0,20.91796875,3.953406764908985
639,0.0,0.0,1.0,0.0,20.91796875,3.953406764908985
640,0.0,0.0,1.0,0.0,20.91796875,3.953406764908985
641,0.0,0.0,1.0,0.0,20.91796875,3.953406764908985
642,0.0,0.0,1.0,0.0,20.91796875,3.953406764908985
643,0.0,0.0,1.0,0.0,20.91796875,3.953406764908985
644,0.0,0.0,1.0,0.0,20.91796875,3.953406764908985
645,0.0,0.0,1.0,0.0,20.91796875,3.953406764908985
646,0.0,0.0,1.0,0.0,20.91796875,3.953406764908985
647,0.0,0.0,1.0,0.0,20.91796875,3.953406764908985
648,0.0,0.0,1.0,0.0,20.91796875,3.953406764908985
649,0.0,0.0,1.0,0.0,20.91796875,3.953406764908985
650,0.0,0.0,1.0,0.0,20.91796875,3.953406764908985
651,0.0,0.0,1.0,0.0,20.91796875,3.953406764908985
652,0.0,0.0,1.0,0.0,20.91796875,3.953406764908985
653,0.0,0.0,1.0,0.0,20.91796875,3.953406764908985
654,0.0,0.0,1.0,0.0,20.91796875,3.953406764908985
655,0.0,0.0,1.0,0.0,20.91796875,3.953406764908985
656,0.0,0.0,1.0,0.0,20.91796875,3.953406764908985
657,0.0,0.0,1.0,0.0,20.91796875,3.953406764908985
658,0.0,0.0,1.0,0.0,20.91796875,3.953406764908985
659,0.0,0.0,1.0,0.0,20.91796875,3.953406764908985
660,0.0,0.0,1.0,0.0,20.91796875,3.953406764908985
661,0.0,0.0,1.0,0.0,20.91796875,3.953406764908985
662,0.0,0.0,1.0,0.0,20.91796875,3.953406764908985
663,0.0,0.0,1.0,0.0,20.91796875,3.953406764908985
664,0.0,0.0,1.0,0.0,20.91796875,3.953406764908985
665,0.0,0.0,1.0,0.0,20.91796875,3.953406764908985
666,0.0,0.0,1.0,0.0,20.91796875,3.953406764908985
667,0.0,0.0,1.0,0.0,20.91796875,3.953406764908985
668,0.0,0.0,1.0,0.0,20.91796875,3.953406764908985
669,0.0,0.0,1.0,0.0,20.91796875,3.953406764908985
670,0.0,0.0,1.0,0.0,20.91796875,3.953406764908985
671,0.0,0.0,1.0,0.0,20.91796875,3.953406764908985
672,0.0,0.0,1.0,0.0,20.91796875,3.953406764908985
673,0.0,0.0,1.0,0.0,20.91796875,3.953406764908985
674,0.0,0.0,1.0,0.0,20.91796875,3.953406764908985
675,0.0,0.0,1.0,0.0,20.91796875,3.953406764908985
676,0.0,0.0,1.0,0.0,20.91796875,3.953406764908985
677,0.0,0.0,1.0,0.0,20.91796875,3.953406764908985
678,0.0,0.0,1.0,0.0,20.91796875,3.953406764908985
679,0.0,0.0,1.0,0.0,20.91796875,3.953406764908985
680,0.0,0.0,1.0,0.0,20.91796875,3.953406764908985
681,0.0,0.0,1.0,0.0,20.91796875,3.953406764908985
682,0.0,0.0,1.0,0.0,20.91796875,3.953406764908985
683,0.0,0.0,1.0,0.0,20.91796875,3.953406764908985
684,0.0,0.0,1.0,0.0,20.91796875,3.953406764908985
685,0.0,0.0,1.0,0.0,20.91796875,3.953406764908985
686,0.0,0.0,1.0,0.0,20.91796875,3.953406764908985
687,0.0,0.0,1.0,0.0,20.91796875,3.953406764908985
688,0.0,0.0,1.0,0.0,20.91796875,3.953406764908985
689,0.0,0.0,1.0,0.0,20.91796875,3.953406764908985
690,0.0,0.0,1.0,0.0,20.91796875,3.953406764908985
691,0.0,0.0,1.0,0.0,20.91796875,3.953406764908985
692,0.0,0.0,1.0,0.0,20.91796875,3.953406764908985
693,0.0,0.0,1.0,0.0,20.91796875,3.953406764908985
694,0.0,0.0,1.0,0.0,20.91796875,3.953406764908985
695,0.0,0.0,1.0,0.0,20.91796875,3.953406764908985
696,0.0,0.0,1.0,0.0,20.91796875,3.953406764908985
697,0.0,0.0,1.0,0.0,20.91796875,3.953406764908985
698,0.0,0.0,1.0,0.0,20.91796875,3.953406764908985
699,0.0,0.0,1.0,0.0,20.91796875,3.953406764908985
700,0.0,0.0,1.0,0.0,20.91796875,3.953406764908985
701,0.0,0.0,1.0,0.0,20.91796875,3.953406764908985
702,0.0,0.0,1.0,0.0,20.91796875,3.953406764908985
703,0.0,0.0,1.0,0.0,20.91796875,3.953406764908985
704,0.0,0.0,1.0,0.0,20.91796875,3.953406764908985
705,0.0,0.0,1.0,0.0,20.91796875,3.953406764908985
706,0.0,0.0,1.0,0.0,20.91796875,3.953406764908985
707,0.0,0.0,1.0,0.0,20.91796875,3.953406764908985
708,0.0,0.0,1.0,0.0,20.91796875,3.953406764908985
709,0.0,0.0,1.0,0.0,20.91796875,3.953406764908985
710,0.0,0.0,1.0,0.0,20.91796875,3.953406764908985
711,0.0,0.0,1.0,0.0,20.91796875,3.953406764908985
712,0.0,0.0,1.0,0.0,20.91796875,3.953406764908985
713,0.0,0.0,1.0,0.0,20.91796875,3.953406764908985
714,0.0,0.0,1.0,0.0,20.91796875,3.953406764908985
715,0.0,0.0,1.0,0.0,20.91796875,3.953406764908985
716,0.0,0.0,1.0,0.0,20.91796875,3.953406764908985
717,0.0,0.0,1.0,0.0,20.91796875,3.953406764908985
718,0.0,0.0,1.0,0.0,20.91796875,3.953406764908985
719,0.0,0.0,1.0,0.0,20.91796875,3.953406764908985
720,0.0,0.0,1.0,0.0,20.91796875,3.953406764908985
721,0.0,0.0,1.0,0.0,20.91796875,3.953406764908985
722,0.0,0.0,1.0,0.0,20.91796875,3.953406764908985
723,0.0,0.0,1.0,0.0,20.91796875,3.953406764908985
724,0.0,0.0,1.0,0.0,20.91796875,3.953406764908985
725,0.0,0.0,1.0,0.0,20.91796875,3.953406764908985
726,0.0,0.0,1.0,0.0,20.91796875,3.953406764908985
727,0.0,0.0,1.0,0.0,20.91796875,3.953406764908985
728,0.0,0.0,1.0,0.0,20.91796875,3.953406764908985
729,0.0,0.0,1.0,0.0,20.91796875,3.953406764908985
730,0.0,0.0,1.0,0.0,20.91796875,3.953406764908985
731,0.0,0.0,1.0,0.0,20.91796875,3.953406764908985
732,0.0,0.0,1.0,0.0,20.91796875,3.953406764908985
733,0.0,0.0,1.0,0.0,20.91796875,3.953406764908985
734,0.0,0.0,1.0,0.0,20.91796875,3.953406764908985
735,0.0,0.0,1.0,0.0,20.91796875,3.953406764908985
736,0.0,0.0,1.0,0.0,20.91796875,3.953406764908985
737,0.0,0.0,1.0,0.0,20.91796875,3.953406764908985
738,0.0,0.0,1.0,0.0,20.91796875,3.953406764908985
739,0.0,0.0,1.0,0.0,20.91796875,3.953406764908985
740,0.0,0.0,1.0,0.0,20.91796875,3.953406764908985
741,0.0,0.0,1.0,0.0,20.91796875,3.953406764908985
742,0.0,0.0,1.0,0.0,20.91796875,3.953406764908985
743,0.0,0.0,1.0,0.0,20.91796875,3.953406764908985
744,0.0,0.0,1.0,0.0,20.91796875,3.953406764908985
745,0.0,0.0,1.0,0.0,20.91796875,3.953406764908985
746,0.0,0.0,1.0,0.0,20.91796875,3.953406764908985
747,0.0,0.0,1.0,0.0,20.91796875,3.953406764908985
748,0.0,0.0,1.0,0.0,20.91796875,3.953406764908985
749,0.0,0.0,1.0,0.0,20.91796875,3.953406764908985
750,0.0,0.0,1.0,0.0,20.91796875,3.953406764908985
751,0.0,0.0,1.0,0.0,20.91796875,3.953406764908985
752,0.0,0.0,1.0,0.0,20.91796875,3.953406764908985
753,0.0,0.0,1.0,0.0,20.91796875,3.953406764908985
754,0.0,0.0,1.0,0.0,20.91796875,3.953406764908985
755,0.0,0.0,1.0,0.0,20.91796875,3.953406764908985
756,0.0,0.0,1.0,0.0,20.91796875,3.953406764908985
757,0.0,0.0,1.0,0.0,20.91796875,3.953406764908985
758,0.0,0.0,1.0,0.0,20.91796875,3.953406764908985
759,0.0,0.0,1.0,0.0,20.91796875,3.953406764908985
760,0.0,0.0,1.0,0.0,20.91796875,3.953406764908985
761,0.0,0.0,1.0,0.0,20.91796875,3.953406764908985
762,0.0,0.0,1.0,0.0,20.91796875,3.953406764908985
763,0.0,0.0,1.0,0.0,20.91796875,3.953406764908985
764,0.0,0.0,1.0,0.0,20.91796875,3.953406764908985
765,0.0,0.0,1.0,0.0,20.91796875,3.953406764908985
766,0.0,0.0,1.0,0.0,20.91796875,3.953406764908985
767,0.0,0.0,1.0,0.0,20.91796875,3.953406764908985
768,0.0,0.0,1.0,0.0,20.91796875,3.953406764908985
769,0.0,0.0,1.0,0.0,20.91796875,3.953406764908985
770,0.0,0.0,1.0,0.0,20.91796875,3.953406764908985
771,0.0,0.0,1.0,0.0,20.91796875,3.953406764908985
772,0.0,0.0,1.0,0.0,20.91796875,3.953406764908985
773,0.0,0.0,1.0,0.0,20.91796875,3.953406764908985
774,0.0,0.0,1.0,0.0,20.91796875,3.953406764908985
775,0.0,0.0,1.0,0.0,20.91796875,3.953406764908985
776,0.0,0.0,1.0,0.0,20.91796875,3.953406764908985
777,0.0,0.0,1.0,0.0,20.91796875,3.953406764908985
778,0.0,0.0,1.0,0.0,20.91796875,3.953406764908985
779,0.0,0.0,1.0,0.0,20.91796875,3.953406764908985
780,0.0,0.0,1.0,0.0,20.91796875,3.953406764908985
781,0.0,0.0,1.0,0.0,20.91796875,3.953406764908985
782,0.0,0.0,1.0,0.0,20.91796875,3.953406764908985
783,0.0,0.0,1.0,0.0,20.91796875,3.953406764908985
784,0.0,0.0,1.0,0.0,20.91796875,3.953406764908985
785,0.0,0.0,1.0,0.0,20.91796875,3.953406764908985
786,0.0,0.0,1.0,0.0,20.91796875,3.953406764908985
787,0.0,0.0,1.0,0.0,20.91796875,3.953406764908985
788,0.0,0.0,1.0,0.0,20.91796875,3.953406764908985
789,0.0,0.0,1.0,0.0,20.91796875,3.953406764908985
790,0.0,0.0,1.0,0.0,20.91796875,3.953406764908985
791,0.0,0.0,1.0,0.0,20.91796875,3.953406764908985
792,0.0,0.0,1.0,0.0,20.91796875,3.953406764908985
793,0.0,0.0,1.0,0.0,20.91796875,3.953406764908985
794,0.0,0.0,1.0,0.0,20.91796875,3.953406764908985
795,0.0,0.0,1.0,0.0,20.91796875,3.953406764908985
796,0.0,0.0,1.0,0.0,20.91796875,3.953406764908985
797,0.0,0.0,1.0,0.0,20.91796875,3.953406764908985
798,0.0,0.0,1.0,0.0,20.91796875,3.953406764908985
799,0.0,0.0,1.0,0.0,20.91796875,3.953406764908985
800,0.0,0.0,1.0,0.0,20.91796875,3.953406764908985
801,0.0,0.0,1.0,0.0,20.91796875,3.953406764908985
802,0.0,0.0,1.0,0.0,20.91796875,3.953406764908985
803,0.0,0.0,1.0,0.0,20.91796875,3.953406764908985
804,0.0,0.0,1.0,0.0,20.91796875,3.953406764908985
805,0.0,0.0,1.0,0.0,20.91796875,3.953406764908985
806,0.0,0.0,1.0,0.0,20.91796875,3.953406764908985
807,0.0,0.0,1.0,0.0,20.91796875,3.953406764908985
808,0.0,0.0,1.0,0.0,20.91796875,3.953406764908985
809,0.0,0.0,1.0,0.0,20.91796875,3.953406764908985
810,0.0,0.0,1.0,0.0,20.91796875,3.953406764908985
811,0.0,0.0,1.0,0.0,20.91796875,3.953406764908985
812,0.0,0.0,1.0,0.0,20.91796875,3.953406764908985
813,0.0,0.0,1.0,0.0,20.91796875,3.953406764908985
814,0.0,0.0,1.0,0.0,20.91796875,3.953406764908985
815,0.0,0.0,1.0,0.0,20.91796875,3.953406764908985
816,0.0,0.0,1.0,0.0,20.91796875,3.953406764908985
817,0.0,0.0,1.0,0.0,20.91796875,3.953406764908985
818,0.0,0.0,1.0,0.0,20.91796875,3.953406764908985
819,0.0,0.0,1.0,0.0,20.91796875,3.953406764908985
820,0.0,0.0,1.0,0.0,20.91796875,3.953406764908985
821,0.0,0.0,1.0,0.0,20.91796875,3.953406764908985
822,0.0,0.0,1.0,0.0,20.91796875,3.953406764908985
823,0.0,0.0,1.0,0.0,20.91796875,3.953406764908985
824,0.0,0.0,1.0,0.0,20.91796875,3.953406764908985
825,0.0,0.0,1.0,0.0,20.91796875,3.953406764908985
826,0.0,0.0,1.0,0.0,20.91796875,3.953406764908985
827,0.0,0.0,1.0,0.0,20.91796875,3.953406764908985
828,0.0,0.0,1.0,0.0,20.91796875,3.953406764908985
829,0.0,0.0,1.0,0.0,20.91796875,3.953406764908985
830,0.0,0.0,1.0,0.0,20.91796875,3.953406764908985
831,0.0,0.0,1.0,0.0,20.91796875,3.953406764908985
832,0.0,0.0,1.0,0.0,20.91796875,3.953406764908985
833,0.0,0.0,1.0,0.0,20.91796875,3.953406764908985
834,0.0,0.0,1.0,0.0,20.91796875,3.953406764908985
835,0.0,0.0,1.0,0.0,20.91796875,3.953406764908985
836,0.0,0.0,1.0,0.0,20.91796875,3.953406764908985
837,0.0,0.0,1.0,0.0,20.91796875,3.953406764908985
838,0.0,0.0,1.0,0.0,20.91796875,3.953406764908985
839,0.0,0.0,1.0,0.0,20.91796875,3.953406764908985
840,0.0,0.0,1.0,0.0,20.91796875,3.953406764908985
841,0.0,0.0,1.0,0.0,20.91796875,3.953406764908985
842,0.0,0.0,1.0,0.0,20.91796875,3.953406764908985
843,0.0,0.0,1.0,0.0,20.91796875,3.953406764908985
844,0.0,0.0,1.0,0.0,20.91796875,3.953406764908985
845,0.0,0.0,1.0,0.0,20.91796875,3.953406764908985
846,0.0,0.0,1.0,0.0,20.91796875,3.953406764908985
847,0.0,0.0,1.0,0.0,20.91796875,3.953406764908985
848,0.0,0.0,1.0,0.0,20.91796875,3.953406764908985
849,0.0,0.0,1.0,0.0,20.91796875,3.953406764908985
850,0.0,0.0,1.0,0.0,20.91796875,3.953406764908985
851,0.0,0.0,1.0,0.0,20.91796875,3.953406764908985
852,0.0,0.0,1.0,0.0,20.91796875,3.953406764908985
853,0.0,0.0,1.0,0.0,20.91796875,3.953406764908985
854,0.0,0.0,1.0,0.0,20.91796875,3.953406764908985
855,0.0,0.0,1.0,0.0,20.91796875,3.953406764908985
856,0.0,0.0,1.0,0.0,20.91796875,3.953406764908985
857,0.0,0.0,1.0,0.0,20.91796875,3.953406764908985
858,0.0,0.0,1.0,0.0,20.91796875,3.953406764908985
859,0.0,0.0,1.0,0.0,20.91796875,3.953406764908985
860,0.0,0.0,1.0,0.0,20.91796875,3.953406764908985
861,0.0,0.0,1.0,0.0,20.91796875,3.953406764908985
862,0.0,0.0,1.0,0.0,20.91796875,3.953406764908985
863,0.0,0.0,1.0,0.0,20.91796875,3.953406764908985
864,0.0,0.0,1.0,0.0,20.91796875,3.953406764908985
865,0.0,0.0,1.0,0.0,20.91796875,3.953406764908985
866,0.0,0.0,1.0,0.0,20.91796875,3.953406764908985
867,0.0,0.0,1.0,0.0,20.91796875,3.953406764908985
868,0.0,0.0,1.0,0.0,20.91796875,3.953406764908985
869,0.0,0.0,1.0,0.0,20.91796875,3.953406764908985
870,0.0,0.0,1.0,0.0,20.91796875,3.953406764908985
871,0.0,0.0,1.0,0.0,20.91796875,3.953406764908985
872,0.0,0.0,1.0,0.0,20.91796875,3.953406764908985
873,0.0,0.0,1.0,0.0,20.91796875,3.953406764908985
874,0.0,0.0,1.0,0.0,20.91796875,3.953406764908985
875,0.0,0.0,1.0,0.0,20.91796875,3.953406764908985
876,0.0,0.0,1.0,0.0,20.91796875,3.953406764908985
877,0.0,0.0,1.0,0.0,20.91796875,3.953406764908985
878,0.0,0.0,1.0,0.0,20.91796875,3.953406764908985
879,0.0,0.0,1.0,0.0,20.91796875,3.953406764908985
880,0.0,0.0,1.0,0.0,20.91796875,3.953406764908985
881,0.0,0.0,1.0,0.0,20.91796875,3.953406764908985
882,0.0,0.0,1.0,0.0,20.91796875,3.953406764908985
883,0.0,0.0,1.0,0.0,20.91796875,3.953406764908985
884,0.0,0.0,1.0,0.0,20.91796875,3.953406764908985
885,0.0,0.0,1.0,0.0,20.91796875,3.953406764908985
886,0.0,0.0,1.0,0.0,20.91796875,3.953406764908985
887,0.0,0.0,1.0,0.0,20.91796875,3.953406764908985
888,0.0,0.0,1.0,0.0,20.91796875,3.953406764908985
889,0.0,0.0,1.0,0.0,20.91796875,3.953406764908985
890,0.0,0.0,1.0,0.0,20.91796875,3.953406764908985
891,0.0,0.0,1.0,0.0,20.91796875,3.953406764908985
892,0.0,0.0,1.0,0.0,20.91796875,3.953406764908985
893,0.0,0.0,1.0,0.0,20.91796875,3.953406764908985
894,0.0,0.0,1.0,0.0,20.91796875,3.953406764908985
895,0.0,0.0,1.0,0.0,20.91796875,3.953406764908985
896,0.0,0.0,1.0,0.0,20.91796875,3.953406764908985
897,0.0,0.0,1.0,0.0,20.91796875,3.953406764908985
898,0.0,0.0,1.0,0.0,20.91796875,3.953406764908985
899,0.0,0.0,1.0,0.0,20.91796875,3.953406764908985
900,0.0,0.0,1.0,0.0,20.91796875,3.953406764908985
901,0.0,0.0,1.0,0.0,20.91796875,3.953406764908985
902,0.0,0.0,1.0,0.0,20.91796875,3.953406764908985
903,0.0,0.0,1.0,0.0,20.91796875,3.953406764908985
904,0.0,0.0,1.0,0.0,20.91796875,3.953406764908985
905,0.0,0.0,1.0,0.0,20.91796875,3.953406764908985
906,0.0,0.0,1.0,0.0,20.91796875,3.953406764908985
907,0.0,0.0,1.0,0.0,20.91796875,3.953406764908985
908,0.0,0.0,1.0,0.0,20.91796875,3.953406764908985
909,0.0,0.0,1.0,0.0,20.91796875,3.953406764908985
910,0.0,0.0,1.0,0.0,20.91796875,3.953406764908985
911,0.0,0.0,1.0,0.0,20.91796875,3.953406764908985
912,0.0,0.0,1.0,0.0,20.91796875,3.953406764908985
913,0.0,0.0,1.0,0.0,20.91796875,3.953406764908985
914,0.0,0.0,1.0,0.0,20.91796875,3.953406764908985
915,0.0,0.0,1.0,0.0,20.91796875,3.953406764908985
916,0.0,0.0,1.0,0.0,20.91796875,3.953406764908985
917,0.0,0.0,1.0,0.0,20.91796875,3.953406764908985
918,0.0,0.0,1.0,0.0,20.91796875,3.953406764908985
919,0.0,0.0,1.0,0.0,20.91796875,3.953406764908985
920,0.0,0.0,1.0,0.0,20.91796875,3.953406764908985
921,0.0,0.0,1.0,0.0,20.91796875,3.953406764908985
922,0.0,0.0,1.0,0.0,20.91796875,3.953406764908985
923,0.0,0.0,1.0,0.0,20.91796875,3.953406764908985
924,0.0,0.0,1.0,0.0,20.91796875,3.953406764908985
925,0.0,0.0,1.0,0.0,20.91796875,3.953406764908985
926,0.0,0.0,1.0,0.0,20.91796875,3.953406764908985
927,0.0,0.0,1.0,0.0,20.91796875,3.953406764908985
928,0.0,0.0,1.0,0.0,20.91796875,3.953406764908985
929,0.0,0.0,1.0,0.0,20.91796875,3.953406764908985
930,0.0,0.0,1.0,0.0,20.91796875,3.953406764908985
931,0.0,0.0,1.0,0.0,20.91796875,3.953406764908985
932,0.0,0.0,1.0,0.0,20.91796875,3.953406764908985
933,0.0,0.0,1.0,0.0,20.91796875,3.953406764908985
934,0.0,0.0,1.0,0.0,20.91796875,3.953406764908985
935,0.0,0.0,1.0,0.0,20.91796875,3.953406764908985
936,0.0,0.0,1.0,0.0,20.91796875,3.953406764908985
937,0.0,0.0,1.0,0.0,20.91796875,3.953406764908985
938,0.0,0.0,1.0,0.0,20.91796875,3.953406764908985
939,0.0,0.0,1.0,0.0,20.91796875,3.953406764908985
940,0.0,0.0,1.0,0.0,20.91796875,3.953406764908985
941,0.0,0.0,1.0,0.0,20.91796875,3.953406764908985
942,0.0,0.0,1.0,0.0,20.91796875,3.953406764908985
943,0.0,0.0,1.0,0.0,20.91796875,3.953406764908985
944,0.0,0.0,1.0,0.0,20.91796875,3.953406764908985
945,0.0,0.0,1.0,0.0,20.91796875,3.953406764908985
946,0.0,0.0,1.0,0.0,20.91796875,3.953406764908985
947,0.0,0.0,1.0,0.0,20.91796875,3.953406764908985
948,0.0,0.0,1.0,0.0,20.91796875,3.953406764908985
949,0.0,0.0,1.0,0.0,20.91796875,3.953406764908985
950,0.0,0.0,1.0,0.0,20.91796875,3.953406764908985
951,0.0,0.0,1.0,0.0,20.91796875,3.953406764908985
952,0.0,0.0,1.0,0.0,20.91796875,3.953406764908985
953,0.0,0.0,1.0,0.0,20.91796875,3.953406764908985
954,0.0,0.0,1.0,0.0,20.91796875,3.953406764908985
955,0.0,0.0,1.0,0.0,20.91796875,3.953406764908985
956,0.0,0.0,1.0,0.0,20.91796875,3.953406764908985
957,0.0,0.0,1.0,0.0,20.91796875,3.953406764908985
958,0.0,0.0,1.0,0.0,20.91796875,3.953406764908985
959,0.0,0.0,1.0,0.0,20.91796875,3.953406764908985
960,0.0,0.0,1.0,0.0,20.91796875,3.953406764908985
961,0.0,0.0,1.0,0.0,20.91796875,3.953406764908985
962,0.0,0.0,1.0,0.0,20.91796875,3.953406764908985
963,0.0,0.0,1.0,0.0,20.91796875,3.953406764908985
964,0.0,0.0,1.0,0.0,20.91796875,3.953406764908985
965,0.0,0.0,1.0,0.0,20.91796875,3.953406764908985
966,0.0,0.0,1.0,0.0,20.91796875,3.953406764908985
967,0.0,0.0,1.0,0.0,20.91796875,3.953406764908985
968,0.0,0.0,1.0,0.0,20.91796875,3.953406764908985
969,0.0,0.0,1.0,0.0,20.91796875,3.953406764908985
970,0.0,0.0,1.0,0.0,20.91796875,3.953406764908985
971,0.0,0.0,1.0,0.0,20.91796875,3.953406764908985
972,0.0,0.0,1.0,0.0,20.91796875,3.953406764908985
973,0.0,0.0,1.0,0.0,20.91796875,3.953406764908985
974,0.0,0.0,1.0,0.0,20.91796875,3.953406764908985
975,0.0,0.0,1.0,0.0,20.91796875,3.953406764908985
976,0.0,0.0,1.0,0.0,20.91796875,3.953406764908985
977,0.0,0.0,1.0,0.0,20.91796875,3.953406764908985
978,0.0,0.0,1.0,0.0,20.91796875,3.953406764908985
979,0.0,0.0,1.0,0.0,20.91796875,3.953406764908985
980,0.0,0.0,1.0,0.0,20.91796875,3.953406764908985
981,0.0,0.0,1.0,0.0,20.91796875,3.953406764908985
982,0.0,0.0,1.0,0.0,20.91796875,3.953406764908985
983,0.0,0.0,1.0,0.0,20.91796875,3.953406764908985
984,0.0,0.0,1.0,0.0,20.91796875,3.953406764908985
985,0.0,0.0,1.0,0.0,20.91796875,3.953406764908985
986,0.0,0.0,1.0,0.0,20.91796875,3.953406764908985
987,0.0,0.0,1.0,0.0,20.91796875,3.953406764908985
988,0.0,0.0,1.0,0.0,20.91796875,3.953406764908985
989,0.0,0.0,1.0,0.0,20.91796875,3.953406764908985
990,0.0,0.0,1.0,0.0,20.91796875,3.953406764908985
991,0.0,0.0,1.0,0.0,20.91796875,3.953406764908985
992,0.0,0.0,1.0,0.0,20.91796875,3.953406764908985
993,0.0,0.0,1.0,0.0,20.91796875,3.953406764908985
994,0.0,0.0,1.0,0.0,20.91796875,3.953406764908985
995,0.0,0.0,1.0,0.0,20.91796875,3.953406764908985
996,0.0,0.0,1.0,0.0,20.91796875,3.953406764908985
997,0.0,0.0,1.0,0.0,20.91796875,3.953406764908985
998,0.0,0.0,1.0,0.0,20.91796875,3.953406764908985
999,0.0,0.0,1.0,0.0,20.91796875,3.953406764908985
1000,0.0,0.0,1.0,0.0,20.91796875,3.953406764908985
1001,0.0,0.0,1.0,0.0,20.91796875,3.953406764908985
1002,0.0,0.0,1.0,0.0,20.91796875,3.953406764908985
1003,0.0,0.0,1.0,0.0,20.91796875,3.953406764908985
1004,0.0,0.0,1.0,0.0,20.91796875,3.953406764908985
1005,0.0,0.0,1.0,0.0,20.91796875,3.953406764908985
1006,0.0,0.0,1.0,0.0,20.91796875,3.953406764908985
1007,0.0,0.0,1.0,0.0,20.91796875,3.953406764908985
1008,0.0,0.0,1.0,0.0,20.91796875,3.953406764908985
1009,0.0,0.0,1.0,0.0,20.91796875,3.953406764908985
1010,0.0,0.0,1.0,0.0,20.91796875,3.953406764908985
1011,0.0,0.0,1.0,0.0,20.91796875,3.953406764908985
1012,0.0,0.0,1.0,0.0,20.91796875,3.953406764908985
1013,0.0,0.0,1.0,0.0,20.91796875,3.953406764908985
1014,0.0,0.0,1.0,0.0,20.91796875,3.953406764908985
1015,0.0,0.0,1.0,0.0,20.91796875,3.953406764908985
1016,0.0,0.0,1.0,0.0,20.91796875,3.953406764908985
1017,0.0,0.0,1.0,0.0,20.91796875,3.953406764908985
1018,0.0,0.0,1.0,0.0,20.91796875,3.953406764908985
1019,0.0,0.0,1.0,0.0,20.91796875,3.953406764908985
1020,0.0,0.0,1.0,0.0,20.91796875,3.953406764908985
1021,0.0,0.0,1.0,0.0,20.91796875,3.953406764908985
1022,0.0,0.0,1.0,0.0,20.91796875,3.953406764908985
1023,0.0,0.0,1.0,0.0,20.91796875,3.953406764908985
1024,0.0,0.0,1.0,0.0,20.91796875,3.953406764908985
1025,0.0,0.0,1.0,0.0,20.91796875,3.953406764908985
1026,0.0,0.0,1.0,0.0,20.91796875,3.953406764908985
1027,0.0,0.0,1.0,0.0,20.91796875,3.953406764908985
1028,0.0,0.0,1.0,0.0,20.91796875,3.953406764908985
1029,0.0,0.0,1.0,0.0,20.91796875,3.953406764908985
1030,0.0,0.0,1.0,0.0,20.91796875,3.953406764908985
1031,0.0,0.0,1.0,0.0,20.91796875,3.953406764908985
1032,0.0,0.0,1.0,0.0,20.91796875,3.953406764908985
1033,0.0,0.0,1.0,0.0,20.91796875,3.953406764908985
1034,0.0,0.0,1.0,0.0,20.91796875,3.953406764908985
1035,0.0,0.0,1.0,0.0,20.91796875,3.953406764908985
1036,0.0,0.0,1.0,0.0,20.91796875,3.953406764908985
1037,0.0,0.0,1.0,0.0,20.91796875,3.953406764908985
1038,0.0,0.0,1.0,0.0,20.91796875,3.953406764908985
1039,0.0,0.0,1.0,0.0,20.91796875,3.953406764908985
1040,0.0,0.0,1.0,0.0,20.91796875,3.953406764908985
1041,0.0,0.0,1.0,0.0,20.91796875,3.953406764908985
1042,0.0,0.0,1.0,0.0,20.91796875,3.953406764908985
1043,0.0,0.0,1.0,0.0,20.91796875,3.953406764908985
1044,0.0,0.0,1.0,0.0,20.91796875,3.953406764908985
1045,0.0,0.0,1.0,0.0,20.91796875,3.953406764908985
1046,0.0,0.0,1.0,0.0,20.91796875,3.953406764908985
1047,0.0,0.0,1.0,0.0,20.91796875,3.953406764908985
1048,0.0,0.0,1.0,0.0,20.91796875,3.953406764908985
1049,0.0,0.0,1.0,0.0,20.91796875,3.953406764908985
1050,0.0,0.0,1.0,0.0,20.91796875,3.953406764908985
1051,0.0,0.0,1.0,0.0,20.91796875,3.953406764908985
1052,0.0,0.0,1.0,0.0,20.91796875,3.953406764908985
1053,0.0,0.0,1.0,0.0,20.91796875,3.953406764908985
1054,0.0,0.0,1.0,0.0,20.91796875,3.953406764908985
1055,0.0,0.0,1.0,0.0,20.91796875,3.953406764908985
1056,0.0,0.0,1.0,0.0,20.91796875,3.953406764908985
1057,0.0,0.0,1.0,0.0,20.91796875,3.953406764908985
1058,0.0,0.0,1.0,0.0,20.91796875,3.953406764908985
1059,0.0,0.0,1.0,0.0,20.91796875,3.953406764908985
1060,0.0,0.0,1.0,0.0,20.91796875,3.953406764908985
1061,0.0,0.0,1.0,0.0,20.91796875,3.953406764908985
1062,0.0,0.0,1.0,0.0,20.91796875,3.953406764908985
1063,0.0,0.0,1.0,0.0,20.91796875,3.953406764908985
1064,0.0,0.0,1.0,0.0,20.91796875,3.953406764908985
1065,0.0,0.0,1.0,0.0,20.91796875,3.953406764908985
1066,0.0,0.0,1.0,0.0,20.91796875,3.953406764908985
1067,0.0,0.0,1.0,0.0,20.91796875,3.953406764908985
1068,0.0,0.0,1.0,0.0,20.91796875,3.953406764908985
1069,0.0,0.0,1.0,0.0,20.91796875,3.953406764908985
1070,0.0,0.0,1.0,0.0,20.91796875,3.953406764908985
1071,0.0,0.0,1.0,0.0,20.91796875,3.953406764908985
1072,0.0,0.0,1.0,0.0,20.91796875,3.953406764908985
1073,0.0,0.0,1.0,0.0,20.91796875,3.953406764908985
1074,0.0,0.0,1.0,0.0,20.91796875,3.953406764908985
1075,0.0,0.0,1.0,0.0,20.91796875,3.953406764908985
1076,0.0,0.0,1.0,0.0,20.91796875,3.953406764908985
1077,0.0,0.0,1.0,0.0,20.91796875,3.953406764908985
1078,0.0,0.0,1.0,0.0,20.91796875,3.953406764908985
1079,0.0,0.0,1.0,0.0,20.91796875,3.953406764908985
1080,0.0,0.0,1.0,0.0,20.91796875,3.953406764908985
1081,0.0,0.0,1.0,0.0,20.91796875,3.953406764908985
1082,0.0,0.0,1.0,0.0,20.91796875,3.953406764908985
1083,0.0,0.0,1.0,0.0,20.91796875,3.953406764908985
1084,0.0,0.0,1.0,0.0,20.91796875,3.953406764908985
1085,0.0,0.0,1.0,0.0,20.91796875,3.953406764908985
1086,0.0,0.0,1.0,0.0,20.91796875,3.953406764908985
1087,0.0,0.0,1.0,0.0,20.91796875,3.953406764908985
1088,0.0,0.0,1.0,0.0,20.91796875,3.953406764908985
1089,0.0,0.0,1.0,0.0,20.91796875,3.953406764908985
1090,0.0,0.0,1.0,0.0,20.91796875,3.953406764908985
1091,0.0,0.0,1.0,0.0,20.91796875,3.953406764908985
1092,0.0,0.0,1.0,0.0,20.91796875,3.953406764908985
1093,0.0,0.0,1.0,0.0,20.91796875,3.953406764908985
1094,0.0,0.0,1.0,0.0,20.91796875,3.953406764908985
1095,0.0,0.0,1.0,0.0,20.91796875,3.953406764908985
1096,0.0,0.0,1.0,0.0,20.91796875,3.953406764908985
1097,0.0,0.0,1.0,0.0,20.91796875,3.953406764908985
1098,0.0,0.0,1.0,0.0,20.91796875,3.953406764908985
1099,0.0,0.0,1.0,0.0,20.91796875,3.953406764908985
1100,0.0,0.0,1.0,0.0,20.91796875,3.953406764908985
1101,0.0,0.0,1.0,0.0,20.91796875,3.953406764908985
1102,0.0,0.0,1.0,0.0,20.91796875,3.953406764908985
1103,0.0,0.0,1.0,0.0,20.91796875,3.953406764908985
1104,0.0,0.0,1.0,0.0,20.91796875,3.953406764908985
1105,0.0,0.0,1.0,0.0,20.91796875,3.953406764908985
1106,0.0,0.0,1.0,0.0,20.91796875,3.953406764908985
1107,0.0,0.0,1.0,0.0,20.91796875,3.953406764908985
1108,0.0,0.0,1.0,0.0,20.91796875,3.953406764908985
1109,0.0,0.0,1.0,0.0,20.91796875,3.953406764908985
1110,0.0,0.0,1.0,0.0,20.91796875,3.953406764908985
1111,0.0,0.0,1.0,0.0,20.91796875,3.953406764908985
1112,0.0,0.0,1.0,0.0,20.91796875,3.953406764908985
1113,0.0,0.0,1.0,0.0,20.91796875,3.953406764908985
1114,0.0,0.0,1.0,0.0,20.91796875,3.953406764908985
1115,0.0,0.0,1.0,0.0,20.91796875,3.953406764908985
1116,0.0,0.0,1.0,0.0,20.91796875,3.953406764908985
1117,0.0,0.0,1.0,0.0,20.91796875,3.953406764908985
1118,0.0,0.0,1.0,0.0,20.91796875,3.953406764908985
1119,0.0,0.0,1.0,0.0,20.91796875,3.953406764908985
1120,0.0,0.0,1.0,0.0,20.91796875,3.953406764908985
1121,0.0,0.0,1.0,0.0,20.91796875,3.953406764908985
1122,0.0,0.0,1.0,0.0,20.91796875,3.953406764908985
1123,0.0,0.0,1.0,0.0,20.91796875,3.953406764908985
1124,0.0,0.0,1.0,0.0,20.91796875,3.953406764908985
1125,0.0,0.0,1.0,0.0,20.91796875,3.953406764908985
1126,0.0,0.0,1.0,0.0,20.91796875,3.953406764908985
1127,0.0,0.0,1.0,0.0,20.91796875,3.953406764908985
1128,0.0,0.0,1.0,0.0,20.91796875,3.953406764908985
1129,0.0,0.0,1.0,0.0,20.91796875,3.953406764908985
1130,0.0,0.0,1.0,0.0,20.91796875,3.953406764908985
1131,0.0,0.0,1.0,0.0,20.91796875,3.953406764908985
1132,0.0,0.0,1.0,0.0,20.91796875,3.953406764908985
1133,0.0,0.0,1.0,0.0,20.91796875,3.953406764908985
1134,0.0,0.0,1.0,0.0,20.91796875,3.953406764908985
1135,0.0,0.0,1.0,0.0,20.91796875,3.953406764908985
1136,0.0,0.0,1.0,0.0,20.91796875,3.953406764908985
1137,0.0,0.0,1.0,0.0,20.91796875,3.953406764908985
1138,0.0,0.0,1.0,0.0,20.91796875,3.953406764908985
1139,0.0,0.0,1.0,0.0,20.91796875,3.953406764908985
1140,0.0,0.0,1.0,0.0,20.91796875,3.953406764908985
1141,0.0,0.0,1.0,0.0,20.91796875,3.953406764908985
1142,0.0,0.0,1.0,0.0,20.91796875,3.953406764908985
1143,0.0,0.0,1.0,0.0,20.91796875,3.953406764908985
1144,0.0,0.0,1.0,0.0,20.91796875,3.953406764908985
1145,0.0,0.0,1.0,0.0,20.91796875,3.953406764908985
1146,0.0,0.0,1.0,0.0,20.91796875,3.953406764908985
1147,0.0,0.0,1.0,0.0,20.91796875,3.953406764908985
1148,0.0,0.0,1.0,0.0,20.91796875,3.953406764908985
1149,0.0,0.0,1.0,0.0,20.91796875,3.953406764908985
1150,0.0,0.0,1.0,0.0,20.91796875,3.953406764908985
1151,0.0,0.0,1.0,0.0,20.91796875,3.953406764908985
1152,0.0,0.0,1.0,0.0,20.91796875,3.953406764908985
1153,0.0,0.0,1.0,0.0,20.91796875,3.953406764908985
1154,0.0,0.0,1.0,0.0,20.91796875,3.953406764908985
1155,0.0,0.0,1.0,0.0,20.91796875,3.953406764908985
1156,0.0,0.0,1.0,0.0,20.91796875,3.953406764908985
1157,0.0,0.0,1.0,0.0,20.91796875,3.953406764908985
1158,0.0,0.0,1.0,0.0,20.91796875,3.953406764908985
1159,0.0,0.0,1.0,0.0,20.91796875,3.953406764908985
1160,0.0,0.0,1.0,0.0,20.91796875,3.953406764908985
1161,0.0,0.0,1.0,0.0,20.91796875,3.953406764908985
1162,0.0,0.0,1.0,0.0,20.91796875,3.953406764908985
1163,0.0,0.0,1.0,0.0,20.91796875,3.953406764908985
1164,0.0,0.0,1.0,0.0,20.91796875,3.953406764908985
1165,0.0,0.0,1.0,0.0,20.91796875,3.953406764908985
1166,0.0,0.0,1.0,0.0,20.91796875,3.953406764908985
1167,0.0,0.0,1.0,0.0,20.91796875,3.953406764908985
1168,0.0,0.0,1.0,0.0,20.91796875,3.953406764908985
1169,0.0,0.0,1.0,0.0,20.91796875,3.953406764908985
1170,0.0,0.0,1.0,0.0,20.91796875,3.953406764908985
1171,0.0,0.0,1.0,0.0,20.91796875,3.953406764908985
1172,0.0,0.0,1.0,0.0,20.91796875,3.953406764908985
1173,0.0,0.0,1.0,0.0,20.91796875,3.953406764908985
1174,0.0,0.0,1.0,0.0,20.91796875,3.953406764908985
1175,0.0,0.0,1.0,0.0,20.91796875,3.953406764908985
1176,0.0,0.0,1.0,0.0,20.91796875,3.953406764908985
1177,0.0,0.0,1.0,0.0,20.91796875,3.953406764908985
1178,0.0,0.0,1.0,0.0,20.91796875,3.953406764908985
1179,0.0,0.0,1.0,0.0,20.91796875,3.953406764908985
1180,0.0,0.0,1.0,0.0,20.91796875,3.953406764908985
1181,0.0,0.0,1.0,0.0,20.91796875,3.953406764908985
1182,0.0,0.0,1.0,0.0,20.91796875,3.953406764908985
1183,0.0,0.0,1.0,0.0,20.91796875,3.953406764908985
1184,0.0,0.0,1.0,0.0,20.91796875,3.953406764908985
1185,0.0,0.0,1.0,0.0,20.91796875,3.953406764908985
1186,0.0,0.0,1.0,0.0,20.91796875,3.953406764908985
1187,0.0,0.0,1.0,0.0,20.91796875,3.953406764908985
1188,0.0,0.0,1.0,0.0,20.91796875,3.953406764908985
1189,0.0,0.0,1.0,0.0,20.91796875,3.953406764908985
1190,0.0,0.0,1.0,0.0,20.91796875,3.953406764908985
1191,0.0,0.0,1.0,0.0,20.91796875,3.953406764908985
1192,0.0,0.0,1.0,0.0,20.91796875,3.953406764908985
1193,0.0,0.0,1.0,0.0,20.91796875,3.953406764908985
1194,0.0,0.0,1.0,0.0,20.91796875,3.953406764908985
1195,0.0,0.0,1.0,0.0,20.91796875,3.953406764908985
1196,0.0,0.0,1.0,0.0,20.91796875,3.953406764908985
1197,0.0,0.0,1.0,0.0,20.91796875,3.953406764908985
1198,0.0,0.0,1.0,0.0,20.91796875,3.953406764908985
1199,0.0,0.0,1.0,0.0,20.91796875,3.953406764908985
1200,0.0,0.0,1.0,0.0,20.91796875,3.953406764908985
1201,0.0,0.0,1.0,0.0,20.91796875,3.953406764908985
1202,0.0,0.0,1.0,0.0,20.91796875,3.953406764908985
1203,0.0,0.0,1.0,0.0,20.91796875,3.953406764908985
1204,0.0,0.0,1.0,0.0,20.91796875,3.953406764908985
1205,0.0,0.0,1.0,0.0,20.91796875,3.953406764908985
1206,0.0,0.0,1.0,0.0,20.91796875,3.953406764908985
1207,0.0,0.0,1.0,0.0,20.91796875,3.953406764908985
1208,0.0,0.0,1.0,0.0,20.91796875,3.953406764908985
1209,0.0,0.0,1.0,0.0,20.91796875,3.953406764908985
1210,0.0,0.0,1.0,0.0,20.91796875,3.953406764908985
1211,0.0,0.0,1.0,0.0,20.91796875,3.953406764908985
1212,0.0,0.0,1.0,0.0,20.91796875,3.953406764908985
1213,0.0,0.0,1.0,0.0,20.91796875,3.953406764908985
1214,0.0,0.0,1.0,0.0,20.91796875,3.953406764908985
1215,0.0,0.0,1.0,0.0,20.91796875,3.953406764908985
1216,0.0,0.0,1.0,0.0,20.91796875,3.953406764908985
1217,0.0,0.0,1.0,0.0,20.91796875,3.953406764908985
1218,0.0,0.0,1.0,0.0,20.91796875,3.953406764908985
1219,0.0,0.0,1.0,0.0,20.91796875,3.953406764908985
1220,0.0,0.0,1.0,0.0,20.91796875,3.953406764908985
1221,0.0,0.0,1.0,0.0,20.91796875,3.953406764908985
1222,0.0,0.0,1.0,0.0,20.91796875,3.953406764908985
1223,0.0,0.0,1.0,0.0,20.91796875,3.953406764908985
1224,0.0,0.0,1.0,0.0,20.91796875,3.953406764908985
1225,0.0,0.0,1.0,0.0,20.91796875,3.953406764908985
1226,0.0,0.0,1.0,0.0,20.91796875,3.953406764908985
1227,0.0,0.0,1.0,0.0,20.91796875,3.953406764908985
1228,0.0,0.0,1.0,0.0,20.91796875,3.953406764908985
1229,0.0,0.0,1.0,0.0,20.91796875,3.953406764908985
1230,0.0,0.0,1.0,0.0,20.91796875,3.953406764908985
1231,0.0,0.0,1.0,0.0,20.91796875,3.953406764908985
1232,0.0,0.0,1.0,0.0,20.91796875,3.953406764908985
1233,0.0,0.0,1.0,0.0,20.91796875,3.953406764908985
1234,0.0,0.0,1.0,0.0,20.91796875,3.953406764908985
1235,0.0,0.0,1.0,0.0,20.91796875,3.953406764908985
1236,0.0,0.0,1.0,0.0,20.91796875,3.953406764908985
1237,0.0,0.0,1.0,0.0,20.91796875,3.953406764908985
1238,0.0,0.0,1.0,0.0,20.91796875,3.953406764908985
1239,0.0,0.0,1.0,0.0,20.91796875,3.953406764908985
1240,0.0,0.0,1.0,0.0,20.91796875,3.953406764908985
1241,0.0,0.0,1.0,0.0,20.91796875,3.953406764908985
1242,0.0,0.0,1.0,0.0,20.91796875,3.953406764908985
1243,0.0,0.0,1.0,0.0,20.91796875,3.953406764908985
1244,0.0,0.0,1.0,0.0,20.91796875,3.953406764908985
1245,0.0,0.0,1.0,0.0,20.91796875,3.953406764908985
1246,0.0,0.0,1.0,0.0,20.91796875,3.953406764908985
1247,0.0,0.0,1.0,0.0,20.91796875,3.953406764908985
1248,0.0,0.0,1.0,0.0,20.91796875,3.953406764908985
1249,0.0,0.0,1.0,0.0,20.91796875,3.953406764908985
1250,0.0,0.0,1.0,0.0,20.91796875,3.953406764908985
1251,0.0,0.0,1.0,0.0,20.91796875,3.953406764908985
1252,0.0,0.0,1.0,0.0,20.91796875,3.953406764908985
1253,0.0,0.0,1.0,0.0,20.91796875,3.953406764908985
1254,0.0,0.0,1.0,0.0,20.91796875,3.953406764908985
1255,0.0,0.0,1.0,0.0,20.91796875,3.953406764908985
1256,0.0,0.0,1.0,0.0,20.91796875,3.953406764908985
1257,0.0,0.0,1.0,0.0,20.91796875,3.953406764908985
1258,0.0,0.0,1.0,0.0,20.91796875,3.953406764908985
1259,0.0,0.0,1.0,0.0,20.91796875,3.953406764908985
1260,0.0,0.0,1.0,0.0,20.91796875,3.953406764908985
1261,0.0,0.0,1.0,0.0,20.91796875,3.953406764908985
1262,0.0,0.0,1.0,0.0,20.91796875,3.953406764908985
1263,0.0,0.0,1.0,0.0,20.91796875,3.953406764908985
1264,0.0,0.0,1.0,0.0,20.91796875,3.953406764908985
1265,0.0,0.0,1.0,0.0,20.91796875,3.953406764908985
1266,0.0,0.0,1.0,0.0,20.91796875,3.953406764908985
1267,0.0,0.0,1.0,0.0,20.91796875,3.953406764908985
1268,0.0,0.0,1.0,0.0,20.91796875,3.953406764908985
1269,0.0,0.0,1.0,0.0,20.91796875,3.953406764908985
1270,0.0,0.0,1.0,0.0,20.91796875,3.953406764908985
1271,0.0,0.0,1.0,0.0,20.91796875,3.953406764908985
1272,0.0,0.0,1.0,0.0,20.91796875,3.953406764908985
1273,0.0,0.0,1.0,0.0,20.91796875,3.953406764908985
1274,0.0,0.0,1.0,0.0,20.91796875,3.953406764908985
1275,0.0,0.0,1.0,0.0,20.91796875,3.953406764908985
1276,0.0,0.0,1.0,0.0,20.91796875,3.953406764908985
1277,0.0,0.0,1.0,0.0,20.91796875,3.953406764908985
1278,0.0,0.0,1.0,0.0,20.91796875,3.953406764908985
1279,0.0,0.0,1.0,0.0,20.91796875,3.953406764908985
1280,0.0,0.0,1.0,0.0,20.91796875,3.953406764908985
1281,0.0,0.0,1.0,0.0,20.91796875,3.953406764908985
1282,0.0,0.0,1.0,0.0,20.91796875,3.953406764908985
1283,0.0,0.0,1.0,0.0,20.91796875,3.953406764908985
1284,0.0,0.0,1.0,0.0,20.91796875,3.953406764908985
1285,0.0,0.0,1.0,0.0,20.91796875,3.953406764908985
1286,0.0,0.0,1.0,0.0,20.91796875,3.953406764908985
1287,0.0,0.0,1.0,0.0,20.91796875,3.953406764908985
1288,0.0,0.0,1.0,0.0,20.91796875,3.953406764908985
1289,0.0,0.0,1.0,0.0,20.91796875,3.953406764908985
1290,0.0,0.0,1.0,0.0,20.91796875,3.953406764908985
1291,0.0,0.0,1.0,0.0,20.91796875,3.953406764908985
1292,0.0,0.0,1.0,0.0,20.91796875,3.953406764908985
1293,0.0,0.0,1.0,0.0,20.91796875,3.953406764908985
1294,0.0,0.0,1.0,0.0,20.91796875,3.953406764908985
1295,0.0,0.0,1.0,0.0,20.91796875,3.953406764908985
1296,0.0,0.0,1.0,0.0,20.91796875,3.953406764908985
1297,0.0,0.0,1.0,0.0,20.91796875,3.953406764908985
1298,0.0,0.0,1.0,0.0,20.91796875,3.953406764908985
1299,0.0,0.0,1.0,0.0,20.91796875,3.953406764908985
1300,0.0,0.0,1.0,0.0,20.91796875,3.953406764908985
1301,0.0,0.0,1.0,0.0,20.91796875,3.953406764908985
1302,0.0,0.0,1.0,0.0,20.91796875,3.953406764908985
1303,0.0,0.0,1.0,0.0,20.91796875,3.953406764908985
1304,0.0,0.0,1.0,0.0,20.91796875,3.953406764908985
1305,0.0,0.0,1.0,0.0,20.91796875,3.953406764908985
1306,0.0,0.0,1.0,0.0,20.91796875,3.953406764908985
1307,0.0,0.0,1.0,0.0,20.91796875,3.953406764908985
1308,0.0,0.0,1.0,0.0,20.91796875,3.953406764908985
1309,0.0,0.0,1.0,0.0,20.91796875,3.953406764908985
1310,0.0,0.0,1.0,0.0,20.91796875,3.953406764908985
1311,0.0,0.0,1.0,0.0,20.91796875,3.953406764908985
1312,0.0,0.0,1.0,0.0,20.91796875,3.953406764908985
1313,0.0,0.0,1.0,0.0,20.91796875,3.953406764908985
1314,0.0,0.0,1.0,0.0,20.91796875,3.953406764908985
1315,0.0,0.0,1.0,0.0,20.91796875,3.953406764908985
1316,0.0,0.0,1.0,0.0,20.91796875,3.953406764908985
1317,0.0,0.0,1.0,0.0,20.91796875,3.953406764908985
1318,0.0,0.0,1.0,0.0,20.91796875,3.953406764908985
1319,0.0,0.0,1.0,0.0,20.91796875,3.953406764908985
1320,0.0,0.0,1.0,0.0,20.91796875,3.953406764908985
1321,0.0,0.0,1.0,0.0,20.91796875,3.953406764908985
1322,0.0,0.0,1.0,0.0,20.91796875,3.953406764908985
1323,0.0,0.0,1.0,0.0,20.91796875,3.953406764908985
1324,0.0,0.0,1.0,0.0,20.91796875,3.953406764908985
1325,0.0,0.0,1.0,0.0,20.91796875,3.953406764908985
1326,0.0,0.0,1.0,0.0,20.91796875,3.953406764908985
1327,0.0,0.0,1.0,0.0,20.91796875,3.953406764908985
1328,0.0,0.0,1.0,0.0,20.91796875,3.953406764908985
1329,0.0,0.0,1.0,0.0,20.91796875,3.953406764908985
1330,0.0,0.0,1.0,0.0,20.91796875,3.953406764908985
1331,0.0,0.0,1.0,0.0,20.91796875,3.953406764908985
1332,0.0,0.0,1.0,0.0,20.91796875,3.953406764908985
1333,0.0,0.0,1.0,0.0,20.91796875,3.953406764908985
1334,0.0,0.0,1.0,0.0,20.91796875,3.953406764908985
1335,0.0,0.0,1.0,0.0,20.91796875,3.953406764908985
1336,0.0,0.0,1.0,0.0,20.91796875,3.953406764908985
1337,0.0,0.0,1.0,0.0,20.91796875,3.953406764908985
1338,0.0,0.0,1.0,0.0,20.91796875,3.953406764908985
1339,0.0,0.0,1.0,0.0,20.91796875,3.953406764908985
1340,0.0,0.0,1.0,0.0,20.91796875,3.953406764908985
1341,0.0,0.0,1.0,0.0,20.91796875,3.953406764908985
1342,0.0,0.0,1.0,0.0,20.91796875,3.953406764908985
1343,0.0,0.0,1.0,0.0,20.91796875,3.953406764908985
1344,0.0,0.0,1.0,0.0,20.91796875,3.953406764908985
1345,0.0,0.0,1.0,0.0,20.91796875,3.953406764908985
1346,0.0,0.0,1.0,0.0,20.91796875,3.953406764908985
1347,0.0,0.0,1.0,0.0,20.91796875,3.953406764908985
1348,0.0,0.0,1.0,0.0,20.91796875,3.953406764908985
1349,0.0,0.0,1.0,0.0,20.91796875,3.953406764908985
1350,0.0,0.0,1.0,0.0,20.91796875,3.953406764908985
1351,0.0,0.0,1.0,0.0,20.91796875,3.953406764908985
1352,0.0,0.0,1.0,0.0,20.91796875,3.953406764908985
1353,0.0,0.0,1.0,0.0,20.91796875,3.953406764908985
1354,0.0,0.0,1.0,0.0,20.91796875,3.953406764908985
1355,0.0,0.0,1.0,0.0,20.91796875,3.953406764908985
1356,0.0,0.0,1.0,0.0,20.91796875,3.953406764908985
1357,0.0,0.0,1.0,0.0,20.91796875,3.953406764908985
1358,0.0,0.0,1.0,0.0,20.91796875,3.953406764908985
1359,0.0,0.0,1.0,0.0,20.91796875,3.953406764908985
1360,0.0,0.0,1.0,0.0,20.91796875,3.953406764908985
1361,0.0,0.0,1.0,0.0,20.91796875,3.953406764908985
1362,0.0,0.0,1.0,0.0,20.91796875,3.953406764908985
1363,0.0,0.0,1.0,0.0,20.91796875,3.953406764908985
1364,0.0,0.0,1.0,0.0,20.91796875,3.953406764908985
1365,0.0,0.0,1.0,0.0,20.91796875,3.953406764908985
1366,0.0,0.0,1.0,0.0,20.91796875,3.953406764908985
1367,0.0,0.0,1.0,0.0,20.91796875,3.953406764908985
1368,0.0,0.0,1.0,0.0,20.91796875,3.953406764908985
1369,0.0,0.0,1.0,0.0,20.91796875,3.953406764908985
1370,0.0,0.0,1.0,0.0,20.91796875,3.953406764908985
1371,0.0,0.0,1.0,0.0,20.91796875,3.953406764908985
1372,0.0,0.0,1.0,0.0,20.91796875,3.953406764908985
1373,0.0,0.0,1.0,0.0,20.91796875,3.953406764908985
1374,0.0,0.0,1.0,0.0,20.91796875,3.953406764908985
1375,0.0,0.0,1.0,0.0,20.91796875,3.953406764908985
1376,0.0,0.0,1.0,0.0,20.91796875,3.953406764908985
1377,0.0,0.0,1.0,0.0,20.91796875,3.953406764908985
1378,0.0,0.0,1.0,0.0,20.91796875,3.953406764908985
1379,0.0,0.0,1.0,0.0,20.91796875,3.953406764908985
1380,0.0,0.0,1.0,0.0,20.91796875,3.953406764908985
1381,0.0,0.0,1.0,0.0,20.91796875,3.953406764908985
1382,0.0,0.0,1.0,0.0,20.91796875,3.953406764908985
1383,0.0,0.0,1.0,0.0,20.91796875,3.953406764908985
1384,0.0,0.0,1.0,0.0,20.91796875,3.953406764908985
1385,0.0,0.0,1.0,0.0,20.91796875,3.953406764908985
1386,0.0,0.0,1.0,0.0,20.91796875,3.953406764908985
1387,0.0,0.0,1.0,0.0,20.91796875,3.953406764908985
1388,0.0,0.0,1.0,0.0,20.91796875,3.953406764908985
1389,0.0,0.0,1.0,0.0,20.91796875,3.953406764908985
1390,0.0,0.0,1.0,0.0,20.91796875,3.953406764908985
1391,0.0,0.0,1.0,0.0,20.91796875,3.953406764908985
1392,0.0,0.0,1.0,0.0,20.91796875,3.953406764908985
1393,0.0,0.0,1.0,0.0,20.91796875,3.953406764908985
1394,0.0,0.0,1.0,0.0,20.91796875,3.953406764908985
1395,0.0,0.0,1.0,0.0,20.91796875,3.953406764908985
1396,0.0,0.0,1.0,0.0,20.91796875,3.953406764908985
1397,0.0,0.0,1.0,0.0,20.91796875,3.953406764908985
1398,0.0,0.0,1.0,0.0,20.91796875,3.953406764908985
1399,0.0,0.0,1.0,0.0,20.91796875,3.953406764908985
1400,0.0,0.0,1.0,0.0,20.91796875,3.953406764908985
1401,0.0,0.0,1.0,0.0,20.91796875,3.953406764908985
1402,0.0,0.0,1.0,0.0,20.91796875,3.953406764908985
1403,0.0,0.0,1.0,0.0,20.91796875,3.953406764908985
1404,0.0,0.0,1.0,0.0,20.91796875,3.953406764908985
1405,0.0,0.0,1.0,0.0,20.91796875,3.953406764908985
1406,0.0,0.0,1.0,0.0,20.91796875,3.953406764908985
1407,0.0,0.0,1.0,0.0,20.91796875,3.953406764908985
1408,0.0,0.0,1.0,0.0,20.91796875,3.953406764908985
1409,0.0,0.0,1.0,0.0,20.91796875,3.953406764908985
1410,0.0,0.0,1.0,0.0,20.91796875,3.953406764908985
1411,0.0,0.0,1.0,0.0,20.91796875,3.953406764908985
1412,0.0,0.0,1.0,0.0,20.91796875,3.953406764908985
1413,0.0,0.0,1.0,0.0,20.91796875,3.953406764908985
1414,0.0,0.0,1.0,0.0,20.91796875,3.953406764908985
1415,0.0,0.0,1.0,0.0,20.91796875,3.953406764908985
1416,0.0,0.0,1.0,0.0,20.91796875,3.953406764908985
1417,0.0,0.0,1.0,0.0,20.91796875,3.953406764908985
1418,0.0,0.0,1.0,0.0,20.91796875,3.953406764908985
1419,0.0,0.0,1.0,0.0,20.91796875,3.953406764908985
1420,0.0,0.0,1.0,0.0,20.91796875,3.953406764908985
1421,0.0,0.0,1.0,0.0,20.91796875,3.953406764908985
1422,0.0,0.0,1.0,0.0,20.91796875,3.953406764908985
1423,0.0,0.0,1.0,0.0,20.91796875,3.953406764908985
1424,0.0,0.0,1.0,0.0,20.91796875,3.953406764908985
1425,0.0,0.0,1.0,0.0,20.91796875,3.953406764908985
1426,0.0,0.0,1.0,0.0,20.91796875,3.953406764908985
1427,0.0,0.0,1.0,0.0,20.91796875,3.953406764908985
1428,0.0,0.0,1.0,0.0,20.91796875,3.953406764908985
1429,0.0,0.0,1.0,0.0,20.91796875,3.953406764908985
1430,0.0,0.0,1.0,0.0,20.91796875,3.953406764908985
1431,0.0,0.0,1.0,0.0,20.91796875,3.953406764908985
1432,0.0,0.0,1.0,0.0,20.91796875,3.953406764908985
1433,0.0,0.0,1.0,0.0,20.91796875,3.953406764908985
1434,0.0,0.0,1.0,0.0,20.91796875,3.953406764908985
1435,0.0,0.0,1.0,0.0,20.91796875,3.953406764908985
1436,0.0,0.0,1.0,0.0,20.91796875,3.953406764908985
1437,0.0,0.0,1.0,0.0,20.91796875,3.953406764908985
1438,0.0,0.0,1.0,0.0,20.91796875,3.953406764908985
1439,0.0,0.0,1.0,0.0,20.91796875,3.953406764908985
1440,0.0,0.0,1.0,0.0,20.91796875,3.953406764908985
1441,0.0,0.0,1.0,0.0,20.91796875,3.953406764908985
1442,0.0,0.0,1.0,0.0,20.91796875,3.953406764908985
1443,0.0,0.0,1.0,0.0,20.91796875,3.953406764908985
1444,0.0,0.0,1.0,0.0,20.91796875,3.953406764908985
1445,0.0,0.0,1.0,0.0,20.91796875,3.953406764908985
1446,0.0,0.0,1.0,0.0,20.91796875,3.953406764908985
1447,0.0,0.0,1.0,0.0,20.91796875,3.953406764908985
1448,0.0,0.0,1.0,0.0,20.91796875,3.953406764908985
1449,0.0,0.0,1.0,0.0,20.91796875,3.953406764908985
1450,0.0,0.0,1.0,0.0,20.91796875,3.953406764908985
1451,0.0,0.0,1.0,0.0,20.91796875,3.953406764908985
1452,0.0,0.0,1.0,0.0,20.91796875,3.953406764908985
1453,0.0,0.0,1.0,0.0,20.91796875,3.953406764908985
1454,0.0,0.0,1.0,0.0,20.91796875,3.953406764908985
1455,0.0,0.0,1.0,0.0,20.91796875,3.953406764908985
1456,0.0,0.0,1.0,0.0,20.91796875,3.953406764908985
1457,0.0,0.0,1.0,0.0,20.91796875,3.953406764908985
1458,0.0,0.0,1.0,0.0,20.91796875,3.953406764908985
1459,0.0,0.0,1.0,0.0,20.91796875,3.953406764908985
1460,0.0,0.0,1.0,0.0,20.91796875,3.953406764908985
1461,0.0,0.0,1.0,0.0,20.91796875,3.953406764908985
1462,0.0,0.0,1.0,0.0,20.91796875,3.953406764908985
1463,0.0,0.0,1.0,0.0,20.91796875,3.953406764908985
1464,0.0,0.0,1.0,0.0,20.91796875,3.953406764908985
1465,0.0,0.0,1.0,0.0,20.91796875,3.953406764908985
1466,0.0,0.0,1.0,0.0,20.91796875,3.953406764908985
1467,0.0,0.0,1.0,0.0,20.91796875,3.953406764908985
1468,0.0,0.0,1.0,0.0,20.91796875,3.953406764908985
1469,0.0,0.0,1.0,0.0,20.91796875,3.953406764908985
1470,0.0,0.0,1.0,0.0,20.91796875,3.953406764908985
1471,0.0,0.0,1.0,0.0,20.91796875,3.953406764908985
1472,0.0,0.0,1.0,0.0,20.91796875,3.953406764908985
1473,0.0,0.0,1.0,0.0,20.91796875,3.953406764908985
1474,0.0,0.0,1.0,0.0,20.91796875,3.953406764908985
1475,0.0,0.0,1.0,0.0,20.91796875,3.953406764908985
1476,0.0,0.0,1.0,0.0,20.91796875,3.953406764908985
1477,0.0,0.0,1.0,0.0,20.91796875,3.953406764908985
1478,0.0,0.0,1.0,0.0,20.91796875,3.953406764908985
1479,0.0,0.0,1.0,0.0,20.91796875,3.953406764908985
1480,0.0,0.0,1.0,0.0,20.91796875,3.953406764908985
1481,0.0,0.0,1.0,0.0,20.91796875,3.953406764908985
1482,0.0,0.0,1.0,0.0,20.91796875,3.953406764908985
1483,0.0,0.0,1.0,0.0,20.91796875,3.953406764908985
1484,0.0,0.0,1.0,0.0,20.91796875,3.953406764908985
1485,0.0,0.0,1.0,0.0,20.91796875,3.953406764908985
1486,0.0,0.0,1.0,0.0,20.91796875,3.953406764908985
1487,0.0,0.0,1.0,0.0,20.91796875,3.953406764908985
1488,0.0,0.0,1.0,0.0,20.91796875,3.953406764908985
1489,0.0,0.0,1.0,0.0,20.91796875,3.953406764908985
1490,0.0,0.0,1.0,0.0,20.91796875,3.953406764908985
1491,0.0,0.0,1.0,0.0,20.91796875,3.953406764908985
1492,0.0,0.0,1.0,0.0,20.91796875,3.953406764908985
1493,0.0,0.0,1.0,0.0,20.91796875,3.953406764908985
1494,0.0,0.0,1.0,0.0,20.91796875,3.953406764908985
1495,0.0,0.0,1.0,0.0,20.91796875,3.953406764908985
1496,0.0,0.0,1.0,0.0,20.91796875,3.953406764908985
1497,0.0,0.0,1.0,0.0,20.91796875,3.953406764908985
1498,0.0,0.0,1.0,0.0,20.91796875,3.953406764908985
1499,0.0,0.0,1.0,0.0,20.91796875,3.953406764908985
1500,0.0,0.0,1.0,0.0,20.91796875,3.953406764908985
1501,0.0,0.0,1.0,0.0,20.91796875,3.953406764908985
1502,0.0,0.0,1.0,0.0,20.91796875,3.953406764908985
1503,0.0,0.0,1.0,0.0,20.91796875,3.953406764908985
1504,0.0,0.0,1.0,0.0,20.91796875,3.953406764908985
1505,0.0,0.0,1.0,0.0,20.91796875,3.953406764908985
1506,0.0,0.0,1.0,0.0,20.91796875,3.953406764908985
1507,0.0,0.0,1.0,0.0,20.91796875,3.953406764908985
1508,0.0,0.0,1.0,0.0,20.91796875,3.953406764908985
1509,0.0,0.0,1.0,0.0,20.91796875,3.953406764908985
1510,0.0,0.0,1.0,0.0,20.91796875,3.953406764908985
1511,0.0,0.0,1.0,0.0,20.91796875,3.953406764908985
1512,0.0,0.0,1.0,0.0,20.91796875,3.953406764908985
1513,0.0,0.0,1.0,0.0,20.91796875,3.953406764908985
1514,0.0,0.0,1.0,0.0,20.91796875,3.953406764908985
1515,0.0,0.0,1.0,0.0,20.91796875,3.953406764908985
1516,0.0,0.0,1.0,0.0,20.91796875,3.953406764908985
1517,0.0,0.0,1.0,0.0,20.91796875,3.953406764908985
1518,0.0,0.0,1.0,0.0,20.91796875,3.953406764908985
1519,0.0,0.0,1.0,0.0,20.91796875,3.953406764908985
1520,0.0,0.0,1.0,0.0,20.91796875,3.953406764908985
1521,0.0,0.0,1.0,0.0,20.91796875,3.953406764908985
1522,0.0,0.0,1.0,0.0,20.91796875,3.953406764908985
1523,0.0,0.0,1.0,0.0,20.91796875,3.953406764908985
1524,0.0,0.0,1.0,0.0,20.91796875,3.953406764908985
1525,0.0,0.0,1.0,0.0,20.91796875,3.953406764908985
1526,0.0,0.0,1.0,0.0,20.91796875,3.953406764908985
1527,0.0,0.0,1.0,0.0,20.91796875,3.953406764908985
1528,0.0,0.0,1.0,0.0,20.91796875,3.953406764908985
1529,0.0,0.0,1.0,0.0,20.91796875,3.953406764908985
1530,0.0,0.0,1.0,0.0,20.91796875,3.953406764908985
1531,0.0,0.0,1.0,0.0,20.91796875,3.953406764908985
1532,0.0,0.0,1.0,0.0,20.91796875,3.953406764908985
1533,0.0,0.0,1.0,0.0,20.91796875,3.953406764908985
1534,0.0,0.0,1.0,0.0,20.91796875,3.953406764908985
1535,0.0,0.0,1.0,0.0,20.91796875,3.953406764908985
1536,0.0,0.0,1.0,0.0,20.91796875,3.953406764908985
1537,0.0,0.0,1.0,0.0,20.91796875,3.953406764908985
1538,0.0,0.0,1.0,0.0,20.91796875,3.953406764908985
1539,0.0,0.0,1.0,0.0,20.91796875,3.953406764908985
1540,0.0,0.0,1.0,0.0,20.91796875,3.953406764908985
1541,0.0,0.0,1.0,0.0,20.91796875,3.953406764908985
1542,0.0,0.0,1.0,0.0,20.91796875,3.953406764908985
1543,0.0,0.0,1.0,0.0,20.91796875,3.953406764908985
1544,0.0,0.0,1.0,0.0,20.91796875,3.953406764908985
1545,0.0,0.0,1.0,0.0,20.91796875,3.953406764908985
1546,0.0,0.0,1.0,0.0,20.91796875,3.953406764908985
1547,0.0,0.0,1.0,0.0,20.91796875,3.953406764908985
1548,0.0,0.0,1.0,0.0,20.91796875,3.953406764908985
1549,0.0,0.0,1.0,0.0,20.91796875,3.953406764908985
1550,0.0,0.0,1.0,0.0,20.91796875,3.953406764908985
1551,0.0,0.0,1.0,0.0,20.91796875,3.953406764908985
1552,0.0,0.0,1.0,0.0,20.91796875,3.953406764908985
1553,0.0,0.0,1.0,0.0,20.91796875,3.953406764908985
1554,0.0,0.0,1.0,0.0,20.91796875,3.953406764908985
1555,0.0,0.0,1.0,0.0,20.91796875,3.953406764908985
1556,0.0,0.0,1.0,0.0,20.91796875,3.953406764908985
1557,0.0,0.0,1.0,0.0,20.91796875,3.953406764908985
1558,0.0,0.0,1.0,0.0,20.91796875,3.953406764908985
1559,0.0,0.0,1.0,0.0,20.91796875,3.953406764908985
1560,0.0,0.0,1.0,0.0,20.91796875,3.953406764908985
1561,0.0,0.0,1.0,0.0,20.91796875,3.953406764908985
1562,0.0,0.0,1.0,0.0,20.91796875,3.953406764908985
1563,0.0,0.0,1.0,0.0,20.91796875,3.953406764908985
1564,0.0,0.0,1.0,0.0,20.91796875,3.953406764908985
1565,0.0,0.0,1.0,0.0,20.91796875,3.953406764908985
1566,0.0,0.0,1.0,0.0,20.91796875,3.953406764908985
1567,0.0,0.0,1.0,0.0,20.91796875,3.953406764908985
1568,0.0,0.0,1.0,0.0,20.91796875,3.953406764908985
1569,0.0,0.0,1.0,0.0,20.91796875,3.953406764908985
1570,0.0,0.0,1.0,0.0,20.91796875,3.953406764908985
1571,0.0,0.0,1.0,0.0,20.91796875,3.953406764908985
1572,0.0,0.0,1.0,0.0,20.91796875,3.953406764908985
1573,0.0,0.0,1.0,0.0,20.91796875,3.953406764908985
1574,0.0,0.0,1.0,0.0,20.91796875,3.953406764908985
1575,0.0,0.0,1.0,0.0,20.91796875,3.953406764908985
1576,0.0,0.0,1.0,0.0,20.91796875,3.953406764908985
1577,0.0,0.0,1.0,0.0,20.91796875,3.953406764908985
1578,0.0,0.0,1.0,0.0,20.91796875,3.953406764908985
1579,0.0,0.0,1.0,0.0,20.91796875,3.953406764908985
1580,0.0,0.0,1.0,0.0,20.91796875,3.953406764908985
1581,0.0,0.0,1.0,0.0,20.91796875,3.953406764908985
1582,0.0,0.0,1.0,0.0,20.91796875,3.953406764908985
1583,0.0,0.0,1.0,0.0,20.91796875,3.953406764908985
1584,0.0,0.0,1.0,0.0,20.91796875,3.953406764908985
1585,0.0,0.0,1.0,0.0,20.91796875,3.953406764908985
1586,0.0,0.0,1.0,0.0,20.91796875,3.953406764908985
1587,0.0,0.0,1.0,0.0,20.91796875,3.953406764908985
1588,0.0,0.0,1.0,0.0,20.91796875,3.953406764908985
1589,0.0,0.0,1.0,0.0,20.91796875,3.953406764908985
1590,0.0,0.0,1.0,0.0,20.91796875,3.953406764908985
1591,0.0,0.0,1.0,0.0,20.91796875,3.953406764908985
1592,0.0,0.0,1.0,0.0,20.91796875,3.953406764908985
1593,0.0,0.0,1.0,0.0,20.91796875,3.953406764908985
1594,0.0,0.0,1.0,0.0,20.91796875,3.953406764908985
1595,0.0,0.0,1.0,0.0,20.91796875,3.953406764908985
1596,0.0,0.0,1.0,0.0,20.91796875,3.953406764908985
1597,0.0,0.0,1.0,0.0,20.91796875,3.953406764908985
1598,0.0,0.0,1.0,0.0,20.91796875,3.953406764908985
1599,0.0,0.0,1.0,0.0,20.91796875,3.953406764908985
1600,0.0,0.0,1.0,0.0,20.91796875,3.953406764908985
1601,0.0,0.0,1.0,0.0,20.91796875,3.953406764908985
1602,0.0,0.0,1.0,0.0,20.91796875,3.953406764908985
1603,0.0,0.0,1.0,0.0,20.91796875,3.953406764908985
1604,0.0,0.0,1.0,0.0,20.91796875,3.953406764908985
1605,0.0,0.0,1.0,0.0,20.91796875,3.953406764908985
1606,0.0,0.0,1.0,0.0,20.91796875,3.953406764908985
1607,0.0,0.0,1.0,0.0,20.91796875,3.953406764908985
1608,0.0,0.0,1.0,0.0,20.91796875,3.953406764908985
1609,0.0,0.0,1.0,0.0,20.91796875,3.953406764908985
1610,0.0,0.0,1.0,0.0,20.91796875,3.953406764908985
1611,0.0,0.0,1.0,0.0,20.91796875,3.953406764908985
1612,0.0,0.0,1.0,0.0,20.91796875,3.953406764908985
1613,0.0,0.0,1.0,0.0,20.91796875,3.953406764908985
1614,0.0,0.0,1.0,0.0,20.91796875,3.953406764908985
1615,0.0,0.0,1.0,0.0,20.91796875,3.953406764908985
1616,0.0,0.0,1.0,0.0,20.91796875,3.953406764908985
1617,0.0,0.0,1.0,0.0,20.91796875,3.953406764908985
1618,0.0,0.0,1.0,0.0,20.91796875,3.953406764908985
1619,0.0,0.0,1.0,0.0,20.91796875,3.953406764908985
1620,0.0,0.0,1.0,0.0,20.91796875,3.953406764908985
1621,0.0,0.0,1.0,0.0,20.91796875,3.953406764908985
1622,0.0,0.0,1.0,0.0,20.91796875,3.953406764908985
1623,0.0,0.0,1.0,0.0,20.91796875,3.953406764908985
1624,0.0,0.0,1.0,0.0,20.91796875,3.953406764908985
1625,0.0,0.0,1.0,0.0,20.91796875,3.953406764908985
1626,0.0,0.0,1.0,0.0,20.91796875,3.953406764908985
1627,0.0,0.0,1.0,0.0,20.91796875,3.953406764908985
1628,0.0,0.0,1.0,0.0,20.91796875,3.953406764908985
1629,0.0,0.0,1.0,0.0,20.91796875,3.953406764908985
1630,0.0,0.0,1.0,0.0,20.91796875,3.953406764908985
1631,0.0,0.0,1.0,0.0,20.91796875,3.953406764908985
1632,0.0,0.0,1.0,0.0,20.91796875,3.953406764908985
1633,0.0,0.0,1.0,0.0,20.91796875,3.953406764908985
1634,0.0,0.0,1.0,0.0,20.91796875,3.953406764908985
1635,0.0,0.0,1.0,0.0,20.91796875,3.953406764908985
1636,0.0,0.0,1.0,0.0,20.91796875,3.953406764908985
1637,0.0,0.0,1.0,0.0,20.91796875,3.953406764908985
1638,0.0,0.0,1.0,0.0,20.91796875,3.953406764908985
1639,0.0,0.0,1.0,0.0,20.91796875,3.953406764908985
1640,0.0,0.0,1.0,0.0,20.91796875,3.953406764908985
1641,0.0,0.0,1.0,0.0,20.91796875,3.953406764908985
1642,0.0,0.0,1.0,0.0,20.91796875,3.953406764908985
1643,0.0,0.0,1.0,0.0,20.91796875,3.953406764908985
1644,0.0,0.0,1.0,0.0,20.91796875,3.953406764908985
1645,0.0,0.0,1.0,0.0,20.91796875,3.953406764908985
1646,0.0,0.0,1.0,0.0,20.91796875,3.953406764908985
1647,0.0,0.0,1.0,0.0,20.91796875,3.953406764908985
1648,0.0,0.0,1.0,0.0,20.91796875,3.953406764908985
1649,0.0,0.0,1.0,0.0,20.91796875,3.953406764908985
1650,0.0,0.0,1.0,0.0,20.91796875,3.953406764908985
1651,0.0,0.0,1.0,0.0,20.91796875,3.953406764908985
1652,0.0,0.0,1.0,0.0,20.91796875,3.953406764908985
1653,0.0,0.0,1.0,0.0,20.91796875,3.953406764908985
1654,0.0,0.0,1.0,0.0,20.91796875,3.953406764908985
1655,0.0,0.0,1.0,0.0,20.91796875,3.953406764908985
1656,0.0,0.0,1.0,0.0,20.91796875,3.953406764908985
1657,0.0,0.0,1.0,0.0,20.91796875,3.953406764908985
1658,0.0,0.0,1.0,0.0,20.91796875,3.953406764908985
1659,0.0,0.0,1.0,0.0,20.91796875,3.953406764908985
1660,0.0,0.0,1.0,0.0,20.91796875,3.953406764908985
1661,0.0,0.0,1.0,0.0,20.91796875,3.953406764908985
1662,0.0,0.0,1.0,0.0,20.91796875,3.953406764908985
1663,0.0,0.0,1.0,0.0,20.91796875,3.953406764908985
1664,0.0,0.0,1.0,0.0,20.91796875,3.953406764908985
1665,0.0,0.0,1.0,0.0,20.91796875,3.953406764908985
1666,0.0,0.0,1.0,0.0,20.91796875,3.953406764908985
1667,0.0,0.0,1.0,0.0,20.91796875,3.953406764908985
1668,0.0,0.0,1.0,0.0,20.91796875,3.953406764908985
1669,0.0,0.0,1.0,0.0,20.91796875,3.953406764908985
1670,0.0,0.0,1.0,0.0,20.91796875,3.953406764908985
1671,0.0,0.0,1.0,0.0,20.91796875,3.953406764908985
1672,0.0,0.0,1.0,0.0,20.91796875,3.953406764908985
1673,0.0,0.0,1.0,0.0,20.91796875,3.953406764908985
1674,0.0,0.0,1.0,0.0,20.91796875,3.953406764908985
1675,0.0,0.0,1.0,0.0,20.91796875,3.953406764908985
1676,0.0,0.0,1.0,0.0,20.91796875,3.953406764908985
1677,0.0,0.0,1.0,0.0,20.91796875,3.953406764908985
1678,0.0,0.0,1.0,0.0,20.91796875,3.953406764908985
1679,0.0,0.0,1.0,0.0,20.91796875,3.953406764908985
1680,0.0,0.0,1.0,0.0,20.91796875,3.953406764908985
1681,0.0,0.0,1.0,0.0,20.91796875,3.953406764908985
1682,0.0,0.0,1.0,0.0,20.91796875,3.953406764908985
1683,0.0,0.0,1.0,0.0,20.91796875,3.953406764908985
1684,0.0,0.0,1.0,0.0,20.91796875,3.953406764908985
1685,0.0,0.0,1.0,0.0,20.91796875,3.953406764908985
1686,0.0,0.0,1.0,0.0,20.91796875,3.953406764908985
1687,0.0,0.0,1.0,0.0,20.91796875,3.953406764908985
1688,0.0,0.0,1.0,0.0,20.91796875,3.953406764908985
1689,0.0,0.0,1.0,0.0,20.91796875,3.953406764908985
1690,0.0,0.0,1.0,0.0,20.91796875,3.953406764908985
1691,0.0,0.0,1.0,0.0,20.91796875,3.953406764908985
1692,0.0,0.0,1.0,0.0,20.91796875,3.953406764908985
1693,0.0,0.0,1.0,0.0,20.91796875,3.953406764908985
1694,0.0,0.0,1.0,0.0,20.91796875,3.953406764908985
1695,0.0,0.0,1.0,0.0,20.91796875,3.953406764908985
1696,0.0,0.0,1.0,0.0,20.91796875,3.953406764908985
1697,0.0,0.0,1.0,0.0,20.91796875,3.953406764908985
1698,0.0,0.0,1.0,0.0,20.91796875,3.953406764908985
1699,0.0,0.0,1.0,0.0,20.91796875,3.953406764908985
1700,0.0,0.0,1.0,0.0,20.91796875,3.953406764908985
1701,0.0,0.0,1.0,0.0,20.91796875,3.953406764908985
1702,0.0,0.0,1.0,0.0,20.91796875,3.953406764908985
1703,0.0,0.0,1.0,0.0,20.91796875,3.953406764908985
1704,0.0,0.0,1.0,0.0,20.91796875,3.953406764908985
1705,0.0,0.0,1.0,0.0,20.91796875,3.953406764908985
1706,0.0,0.0,1.0,0.0,20.91796875,3.953406764908985
1707,0.0,0.0,1.0,0.0,20.91796875,3.953406764908985
1708,0.0,0.0,1.0,0.0,20.91796875,3.953406764908985
1709,0.0,0.0,1.0,0.0,20.91796875,3.953406764908985
1710,0.0,0.0,1.0,0.0,20.91796875,3.953406764908985
1711,0.0,0.0,1.0,0.0,20.91796875,3.953406764908985
1712,0.0,0.0,1.0,0.0,20.91796875,3.953406764908985
1713,0.0,0.0,1.0,0.0,20.91796875,3.953406764908985
1714,0.0,0.0,1.0,0.0,20.91796875,3.953406764908985
1715,0.0,0.0,1.0,0.0,20.91796875,3.953406764908985
1716,0.0,0.0,1.0,0.0,20.91796875,3.953406764908985
1717,0.0,0.0,1.0,0.0,20.91796875,3.953406764908985
1718,0.0,0.0,1.0,0.0,20.91796875,3.953406764908985
1719,0.0,0.0,1.0,0.0,20.91796875,3.953406764908985
1720,0.0,0.0,1.0,0.0,20.91796875,3.953406764908985
1721,0.0,0.0,1.0,0.0,20.91796875,3.953406764908985
1722,0.0,0.0,1.0,0.0,20.91796875,3.953406764908985
1723,0.0,0.0,1.0,0.0,20.91796875,3.953406764908985
1724,0.0,0.0,1.0,0.0,20.91796875,3.953406764908985
1725,0.0,0.0,1.0,0.0,20.91796875,3.953406764908985
1726,0.0,0.0,1.0,0.0,20.91796875,3.953406764908985
1727,0.0,0.0,1.0,0.0,20.91796875,3.953406764908985
1728,0.0,0.0,1.0,0.0,20.91796875,3.953406764908985
1729,0.0,0.0,1.0,0.0,20.91796875,3.953406764908985
1730,0.0,0.0,1.0,0.0,20.91796875,3.953406764908985
1731,0.0,0.0,1.0,0.0,20.91796875,3.953406764908985
1732,0.0,0.0,1.0,0.0,20.91796875,3.953406764908985
1733,0.0,0.0,1.0,0.0,20.91796875,3.953406764908985
1734,0.0,0.0,1.0,0.0,20.91796875,3.953406764908985
1735,0.0,0.0,1.0,0.0,20.91796875,3.953406764908985
1736,0.0,0.0,1.0,0.0,20.91796875,3.953406764908985
1737,0.0,0.0,1.0,0.0,20.91796875,3.953406764908985
1738,0.0,0.0,1.0,0.0,20.91796875,3.953406764908985
1739,0.0,0.0,1.0,0.0,20.91796875,3.953406764908985
1740,0.0,0.0,1.0,0.0,20.91796875,3.953406764908985
1741,0.0,0.0,1.0,0.0,20.91796875,3.953406764908985
1742,0.0,0.0,1.0,0.0,20.91796875,3.953406764908985
1743,0.0,0.0,1.0,0.0,20.91796875,3.953406764908985
1744,0.0,0.0,1.0,0.0,20.91796875,3.953406764908985
1745,0.0,0.0,1.0,0.0,20.91796875,3.953406764908985
1746,0.0,0.0,1.0,0.0,20.91796875,3.953406764908985
1747,0.0,0.0,1.0,0.0,20.91796875,3.953406764908985
1748,0.0,0.0,1.0,0.0,20.91796875,3.953406764908985
1749,0.0,0.0,1.0,0.0,20.91796875,3.953406764908985
1750,0.0,0.0,1.0,0.0,20.91796875,3.953406764908985
1751,0.0,0.0,1.0,0.0,20.91796875,3.953406764908985
1752,0.0,0.0,1.0,0.0,20.91796875,3.953406764908985
1753,0.0,0.0,1.0,0.0,20.91796875,3.953406764908985
1754,0.0,0.0,1.0,0.0,20.91796875,3.953406764908985
1755,0.0,0.0,1.0,0.0,20.91796875,3.953406764908985
1756,0.0,0.0,1.0,0.0,20.91796875,3.953406764908985
1757,0.0,0.0,1.0,0.0,20.91796875,3.953406764908985
1758,0.0,0.0,1.0,0.0,20.91796875,3.953406764908985
1759,0.0,0.0,1.0,0.0,20.91796875,3.953406764908985
1760,0.0,0.0,1.0,0.0,20.91796875,3.953406764908985
1761,0.0,0.0,1.0,0.0,20.91796875,3.953406764908985
1762,0.0,0.0,1.0,0.0,20.91796875,3.953406764908985
1763,0.0,0.0,1.0,0.0,20.91796875,3.953406764908985
1764,0.0,0.0,1.0,0.0,20.91796875,3.953406764908985
1765,0.0,0.0,1.0,0.0,20.91796875,3.953406764908985
1766,0.0,0.0,1.0,0.0,20.91796875,3.953406764908985
1767,0.0,0.0,1.0,0.0,20.91796875,3.953406764908985
1768,0.0,0.0,1.0,0.0,20.91796875,3.953406764908985
1769,0.0,0.0,1.0,0.0,20.91796875,3.953406764908985
1770,0.0,0.0,1.0,0.0,20.91796875,3.953406764908985
1771,0.0,0.0,1.0,0.0,20.91796875,3.953406764908985
1772,0.0,0.0,1.0,0.0,20.91796875,3.953406764908985
1773,0.0,0.0,1.0,0.0,20.91796875,3.953406764908985
1774,0.0,0.0,1.0,0.0,20.91796875,3.953406764908985
1775,0.0,0.0,1.0,0.0,20.91796875,3.953406764908985
1776,0.0,0.0,1.0,0.0,20.91796875,3.953406764908985
1777,0.0,0.0,1.0,0.0,20.91796875,3.953406764908985
1778,0.0,0.0,1.0,0.0,20.91796875,3.953406764908985
1779,0.0,0.0,1.0,0.0,20.91796875,3.953406764908985
1780,0.0,0.0,1.0,0.0,20.91796875,3.953406764908985
1781,0.0,0.0,1.0,0.0,20.91796875,3.953406764908985
1782,0.0,0.0,1.0,0.0,20.91796875,3.953406764908985
1783,0.0,0.0,1.0,0.0,20.91796875,3.953406764908985
1784,0.0,0.0,1.0,0.0,20.91796875,3.953406764908985
1785,0.0,0.0,1.0,0.0,20.91796875,3.953406764908985
1786,0.0,0.0,1.0,0.0,20.91796875,3.953406764908985
1787,0.0,0.0,1.0,0.0,20.91796875,3.953406764908985
1788,0.0,0.0,1.0,0.0,20.91796875,3.953406764908985
1789,0.0,0.0,1.0,0.0,20.91796875,3.953406764908985
1790,0.0,0.0,1.0,0.0,20.91796875,3.953406764908985
1791,0.0,0.0,1.0,0.0,20.91796875,3.953406764908985
1792,0.0,0.0,1.0,0.0,20.91796875,3.953406764908985
1793,0.0,0.0,1.0,0.0,20.91796875,3.953406764908985
1794,0.0,0.0,1.0,0.0,20.91796875,3.953406764908985
1795,0.0,0.0,1.0,0.0,20.91796875,3.953406764908985
1796,0.0,0.0,1.0,0.0,20.91796875,3.953406764908985
1797,0.0,0.0,1.0,0.0,20.91796875,3.953406764908985
1798,0.0,0.0,1.0,0.0,20.91796875,3.953406764908985
1799,0.0,0.0,1.0,0.0,20.91796875,3.953406764908985
1800,0.0,0.0,1.0,0.0,20.91796875,3.953406764908985
1801,0.0,0.0,1.0,0.0,20.91796875,3.953406764908985
1802,0.0,0.0,1.0,0.0,20.91796875,3.953406764908985
1803,0.0,0.0,1.0,0.0,20.91796875,3.953406764908985
1804,0.0,0.0,1.0,0.0,20.91796875,3.953406764908985
1805,0.0,0.0,1.0,0.0,20.91796875,3.953406764908985
1806,0.0,0.0,1.0,0.0,20.91796875,3.953406764908985
1807,0.0,0.0,1.0,0.0,20.91796875,3.953406764908985
1808,0.0,0.0,1.0,0.0,20.91796875,3.953406764908985
1809,0.0,0.0,1.0,0.0,20.91796875,3.953406764908985
1810,0.0,0.0,1.0,0.0,20.91796875,3.953406764908985
1811,0.0,0.0,1.0,0.0,20.91796875,3.953406764908985
1812,0.0,0.0,1.0,0.0,20.91796875,3.953406764908985
1813,0.0,0.0,1.0,0.0,20.91796875,3.953406764908985
1814,0.0,0.0,1.0,0.0,20.91796875,3.953406764908985
1815,0.0,0.0,1.0,0.0,20.91796875,3.953406764908985
1816,0.0,0.0,1.0,0.0,20.91796875,3.953406764908985
1817,0.0,0.0,1.0,0.0,20.91796875,3.953406764908985
1818,0.0,0.0,1.0,0.0,20.91796875,3.953406764908985
1819,0.0,0.0,1.0,0.0,20.91796875,3.953406764908985
1820,0.0,0.0,1.0,0.0,20.91796875,3.953406764908985
1821,0.0,0.0,1.0,0.0,20.91796875,3.953406764908985
1822,0.0,0.0,1.0,0.0,20.91796875,3.953406764908985
1823,0.0,0.0,1.0,0.0,20.91796875,3.953406764908985
1824,0.0,0.0,1.0,0.0,20.91796875,3.953406764908985
1825,0.0,0.0,1.0,0.0,20.91796875,3.953406764908985
1826,0.0,0.0,1.0,0.0,20.91796875,3.953406764908985
1827,0.0,0.0,1.0,0.0,20.91796875,3.953406764908985
1828,0.0,0.0,1.0,0.0,20.91796875,3.953406764908985
1829,0.0,0.0,1.0,0.0,20.91796875,3.953406764908985
1830,0.0,0.0,1.0,0.0,20.91796875,3.953406764908985
1831,0.0,0.0,1.0,0.0,20.91796875,3.953406764908985
1832,0.0,0.0,1.0,0.0,20.91796875,3.953406764908985
1833,0.0,0.0,1.0,0.0,20.91796875,3.953406764908985
1834,0.0,0.0,1.0,0.0,20.91796875,3.953406764908985
1835,0.0,0.0,1.0,0.0,20.91796875,3.953406764908985
1836,0.0,0.0,1.0,0.0,20.91796875,3.953406764908985
1837,0.0,0.0,1.0,0.0,20.91796875,3.953406764908985
1838,0.0,0.0,1.0,0.0,20.91796875,3.953406764908985
1839,0.0,0.0,1.0,0.0,20.91796875,3.953406764908985
1840,0.0,0.0,1.0,0.0,20.91796875,3.953406764908985
1841,0.0,0.0,1.0,0.0,20.91796875,3.953406764908985
1842,0.0,0.0,1.0,0.0,20.91796875,3.953406764908985
1843,0.0,0.0,1.0,0.0,20.91796875,3.953406764908985
1844,0.0,0.0,1.0,0.0,20.91796875,3.953406764908985
1845,0.0,0.0,1.0,0.0,20.91796875,3.953406764908985
1846,0.0,0.0,1.0,0.0,20.91796875,3.953406764908985
1847,0.0,0.0,1.0,0.0,20.91796875,3.953406764908985
1848,0.0,0.0,1.0,0.0,20.91796875,3.953406764908985
1849,0.0,0.0,1.0,0.0,20.91796875,3.953406764908985
1850,0.0,0.0,1.0,0.0,20.91796875,3.953406764908985
1851,0.0,0.0,1.0,0.0,20.91796875,3.953406764908985
1852,0.0,0.0,1.0,0.0,20.91796875,3.953406764908985
1853,0.0,0.0,1.0,0.0,20.91796875,3.953406764908985
1854,0.0,0.0,1.0,0.0,20.91796875,3.953406764908985
1855,0.0,0.0,1.0,0.0,20.91796875,3.953406764908985
1856,0.0,0.0,1.0,0.0,20.91796875,3.953406764908985
1857,0.0,0.0,1.0,0.0,20.91796875,3.953406764908985
1858,0.0,0.0,1.0,0.0,20.91796875,3.953406764908985
1859,0.0,0.0,1.0,0.0,20.91796875,3.953406764908985
1860,0.0,0.0,1.0,0.0,20.91796875,3.953406764908985
1861,0.0,0.0,1.0,0.0,20.91796875,3.953406764908985
1862,0.0,0.0,1.0,0.0,20.91796875,3.953406764908985
1863,0.0,0.0,1.0,0.0,20.91796875,3.953406764908985
1864,0.0,0.0,1.0,0.0,20.91796875,3.953406764908985
1865,0.0,0.0,1.0,0.0,20.91796875,3.953406764908985
1866,0.0,0.0,1.0,0.0,20.91796875,3.953406764908985
1867,0.0,0.0,1.0,0.0,20.91796875,3.953406764908985
1868,0.0,0.0,1.0,0.0,20.91796875,3.953406764908985
1869,0.0,0.0,1.0,0.0,20.91796875,3.953406764908985
1870,0.0,0.0,1.0,0.0,20.91796875,3.953406764908985
1871,0.0,0.0,1.0,0.0,20.91796875,3.953406764908985
1872,0.0,0.0,1.0,0.0,20.91796875,3.953406764908985
1873,0.0,0.0,1.0,0.0,20.91796875,3.953406764908985
1874,0.0,0.0,1.0,0.0,20.91796875,3.953406764908985
1875,0.0,0.0,1.0,0.0,20.91796875,3.953406764908985
1876,0.0,0.0,1.0,0.0,20.91796875,3.953406764908985
1877,0.0,0.0,1.0,0.0,20.91796875,3.953406764908985
1878,0.0,0.0,1.0,0.0,20.91796875,3.953406764908985
1879,0.0,0.0,1.0,0.0,20.91796875,3.953406764908985
1880,0.0,0.0,1.0,0.0,20.91796875,3.953406764908985
1881,0.0,0.0,1.0,0.0,20.91796875,3.953406764908985
1882,0.0,0.0,1.0,0.0,20.91796875,3.953406764908985
1883,0.0,0.0,1.0,0.0,20.91796875,3.953406764908985
1884,0.0,0.0,1.0,0.0,20.91796875,3.953406764908985
1885,0.0,0.0,1.0,0.0,20.91796875,3.953406764908985
1886,0.0,0.0,1.0,0.0,20.91796875,3.953406764908985
1887,0.0,0.0,1.0,0.0,20.91796875,3.953406764908985
1888,0.0,0.0,1.0,0.0,20.91796875,3.953406764908985
1889,0.0,0.0,1.0,0.0,20.91796875,3.953406764908985
1890,0.0,0.0,1.0,0.0,20.91796875,3.953406764908985
1891,0.0,0.0,1.0,0.0,20.91796875,3.953406764908985
1892,0.0,0.0,1.0,0.0,20.91796875,3.953406764908985
1893,0.0,0.0,1.0,0.0,20.91796875,3.953406764908985
1894,0.0,0.0,1.0,0.0,20.91796875,3.953406764908985
1895,0.0,0.0,1.0,0.0,20.91796875,3.953406764908985
1896,0.0,0.0,1.0,0.0,20.91796875,3.953406764908985
1897,0.0,0.0,1.0,0.0,20.91796875,3.953406764908985
1898,0.0,0.0,1.0,0.0,20.91796875,3.953406764908985
1899,0.0,0.0,1.0,0.0,20.91796875,3.953406764908985
1900,0.0,0.0,1.0,0.0,20.91796875,3.953406764908985
1901,0.0,0.0,1.0,0.0,20.91796875,3.953406764908985
1902,0.0,0.0,1.0,0.0,20.91796875,3.953406764908985
1903,0.0,0.0,1.0,0.0,20.91796875,3.953406764908985
1904,0.0,0.0,1.0,0.0,20.91796875,3.953406764908985
1905,0.0,0.0,1.0,0.0,20.91796875,3.953406764908985
1906,0.0,0.0,1.0,0.0,20.91796875,3.953406764908985
1907,0.0,0.0,1.0,0.0,20.91796875,3.953406764908985
1908,0.0,0.0,1.0,0.0,20.91796875,3.953406764908985
1909,0.0,0.0,1.0,0.0,20.91796875,3.953406764908985
1910,0.0,0.0,1.0,0.0,20.91796875,3.953406764908985
1911,0.0,0.0,1.0,0.0,20.91796875,3.953406764908985
1912,0.0,0.0,1.0,0.0,20.91796875,3.953406764908985
1913,0.0,0.0,1.0,0.0,20.91796875,3.953406764908985
1914,0.0,0.0,1.0,0.0,20.91796875,3.953406764908985
1915,0.0,0.0,1.0,0.0,20.91796875,3.953406764908985
1916,0.0,0.0,1.0,0.0,20.91796875,3.953406764908985
1917,0.0,0.0,1.0,0.0,20.91796875,3.953406764908985
1918,0.0,0.0,1.0,0.0,20.91796875,3.953406764908985
1919,0.0,0.0,1.0,0.0,20.91796875,3.953406764908985
1920,0.0,0.0,1.0,0.0,20.91796875,3.953406764908985
1921,0.0,0.0,1.0,0.0,20.91796875,3.953406764908985
1922,0.0,0.0,1.0,0.0,20.91796875,3.953406764908985
1923,0.0,0.0,1.0,0.0,20.91796875,3.953406764908985
1924,0.0,0.0,1.0,0.0,20.91796875,3.953406764908985
1925,0.0,0.0,1.0,0.0,20.91796875,3.953406764908985
1926,0.0,0.0,1.0,0.0,20.91796875,3.953406764908985
1927,0.0,0.0,1.0,0.0,20.91796875,3.953406764908985
1928,0.0,0.0,1.0,0.0,20.91796875,3.953406764908985
1929,0.0,0.0,1.0,0.0,20.91796875,3.953406764908985
1930,0.0,0.0,1.0,0.0,20.91796875,3.953406764908985
1931,0.0,0.0,1.0,0.0,20.91796875,3.953406764908985
1932,0.0,0.0,1.0,0.0,20.91796875,3.953406764908985
1933,0.0,0.0,1.0,0.0,20.91796875,3.953406764908985
1934,0.0,0.0,1.0,0.0,20.91796875,3.953406764908985
1935,0.0,0.0,1.0,0.0,20.91796875,3.953406764908985
1936,0.0,0.0,1.0,0.0,20.91796875,3.953406764908985
1937,0.0,0.0,1.0,0.0,20.91796875,3.953406764908985
1938,0.0,0.0,1.0,0.0,20.91796875,3.953406764908985
1939,0.0,0.0,1.0,0.0,20.91796875,3.953406764908985
1940,0.0,0.0,1.0,0.0,20.91796875,3.953406764908985
1941,0.0,0.0,1.0,0.0,20.91796875,3.953406764908985
1942,0.0,0.0,1.0,0.0,20.91796875,3.953406764908985
1943,0.0,0.0,1.0,0.0,20.91796875,3.953406764908985
1944,0.0,0.0,1.0,0.0,20.91796875,3.953406764908985
1945,0.0,0.0,1.0,0.0,20.91796875,3.953406764908985
1946,0.0,0.0,1.0,0.0,20.91796875,3.953406764908985
1947,0.0,0.0,1.0,0.0,20.91796875,3.953406764908985
1948,0.0,0.0,1.0,0.0,20.91796875,3.953406764908985
1949,0.0,0.0,1.0,0.0,20.91796875,3.953406764908985
1950,0.0,0.0,1.0,0.0,20.91796875,3.953406764908985
1951,0.0,0.0,1.0,0.0,20.91796875,3.953406764908985
1952,0.0,0.0,1.0,0.0,20.91796875,3.953406764908985
1953,0.0,0.0,1.0,0.0,20.91796875,3.953406764908985
1954,0.0,0.0,1.0,0.0,20.91796875,3.953406764908985
1955,0.0,0.0,1.0,0.0,20.91796875,3.953406764908985
1956,0.0,0.0,1.0,0.0,20.91796875,3.953406764908985
1957,0.0,0.0,1.0,0.0,20.91796875,3.953406764908985
1958,0.0,0.0,1.0,0.0,20.91796875,3.953406764908985
1959,0.0,0.0,1.0,0.0,20.91796875,3.953406764908985
1960,0.0,0.0,1.0,0.0,20.91796875,3.953406764908985
1961,0.0,0.0,1.0,0.0,20.91796875,3.953406764908985
1962,0.0,0.0,1.0,0.0,20.91796875,3.953406764908985
1963,0.0,0.0,1.0,0.0,20.91796875,3.953406764908985
1964,0.0,0.0,1.0,0.0,20.91796875,3.953406764908985
1965,0.0,0.0,1.0,0.0,20.91796875,3.953406764908985
1966,0.0,0.0,1.0,0.0,20.91796875,3.953406764908985
1967,0.0,0.0,1.0,0.0,20.91796875,3.953406764908985
1968,0.0,0.0,1.0,0.0,20.91796875,3.953406764908985
1969,0.0,0.0,1.0,0.0,20.91796875,3.953406764908985
1970,0.0,0.0,1.0,0.0,20.91796875,3.953406764908985
1971,0.0,0.0,1.0,0.0,20.91796875,3.953406764908985
1972,0.0,0.0,1.0,0.0,20.91796875,3.953406764908985
1973,0.0,0.0,1.0,0.0,20.91796875,3.953406764908985
1974,0.0,0.0,1.0,0.0,20.91796875,3.953406764908985
1975,0.0,0.0,1.0,0.0,20.91796875,3.953406764908985
1976,0.0,0.0,1.0,0.0,20.91796875,3.953406764908985
1977,0.0,0.0,1.0,0.0,20.91796875,3.953406764908985
1978,0.0,0.0,1.0,0.0,20.91796875,3.953406764908985
1979,0.0,0.0,1.0,0.0,20.91796875,3.953406764908985
1980,0.0,0.0,1.0,0.0,20.91796875,3.953406764908985
1981,0.0,0.0,1.0,0.0,20.91796875,3.953406764908985
1982,0.0,0.0,1.0,0.0,20.91796875,3.953406764908985
1983,0.0,0.0,1.0,0.0,20.91796875,3.953406764908985
1984,0.0,0.0,1.0,0.0,20.91796875,3.953406764908985
1985,0.0,0.0,1.0,0.0,20.91796875,3.953406764908985
1986,0.0,0.0,1.0,0.0,20.91796875,3.953406764908985
1987,0.0,0.0,1.0,0.0,20.91796875,3.953406764908985
1988,0.0,0.0,1.0,0.0,20.91796875,3.953406764908985
1989,0.0,0.0,1.0,0.0,20.91796875,3.953406764908985
1990,0.0,0.0,1.0,0.0,20.91796875,3.953406764908985
1991,0.0,0.0,1.0,0.0,20.91796875,3.953406764908985
1992,0.0,0.0,1.0,0.0,20.91796875,3.953406764908985
1993,0.0,0.0,1.0,0.0,20.91796875,3.953406764908985
1994,0.0,0.0,1.0,0.0,20.91796875,3.953406764908985
1995,0.0,0.0,1.0,0.0,20.91796875,3.953406764908985
1996,0.0,0.0,1.0,0.0,20.91796875,3.953406764908985
1997,0.0,0.0,1.0,0.0,20.91796875,3.953406764908985
1998,0.0,0.0,1.0,0.0,20.91796875,3.953406764908985
1999,0.0,0.0,1.0,0.0,20.91796875,3.953406764908985
2000,0.0,0.0,1.0,0.0,20.91796875,3.953406764908985
2001,0.0,0.0,1.0,0.0,20.91796875,3.953406764908985
2002,0.0,0.0,1.0,0.0,20.91796875,3.953406764908985
2003,0.0,0.0,1.0,0.0,20.91796875,3.953406764908985
2004,0.0,0.0,1.0,0.0,20.91796875,3.953406764908985
2005,0.0,0.0,1.0,0.0,20.91796875,3.953406764908985
2006,0.0,0.0,1.0,0.0,20.91796875,3.953406764908985
2007,0.0,0.0,1.0,0.0,20.91796875,3.953406764908985
2008,0.0,0.0,1.0,0.0,20.91796875,3.953406764908985
2009,0.0,0.0,1.0,0.0,20.91796875,3.953406764908985
2010,0.0,0.0,1.0,0.0,20.91796875,3.953406764908985
2011,0.0,0.0,1.0,0.0,20.91796875,3.953406764908985
2012,0.0,0.0,1.0,0.0,20.91796875,3.953406764908985
2013,0.0,0.0,1.0,0.0,20.91796875,3.953406764908985
2014,0.0,0.0,1.0,0.0,20.91796875,3.953406764908985
2015,0.0,0.0,1.0,0.0,20.91796875,3.953406764908985
2016,0.0,0.0,1.0,0.0,20.91796875,3.953406764908985
2017,0.0,0.0,1.0,0.0,20.91796875,3.953406764908985
2018,0.0,0.0,1.0,0.0,20.91796875,3.953406764908985
2019,0.0,0.0,1.0,0.0,20.91796875,3.953406764908985
2020,0.0,0.0,1.0,0.0,20.91796875,3.953406764908985
2021,0.0,0.0,1.0,0.0,20.91796875,3.953406764908985
2022,0.0,0.0,1.0,0.0,20.91796875,3.953406764908985
2023,0.0,0.0,1.0,0.0,20.91796875,3.953406764908985
2024,0.0,0.0,1.0,0.0,20.91796875,3.953406764908985
2025,0.0,0.0,1.0,0.0,20.91796875,3.953406764908985
2026,0.0,0.0,1.0,0.0,20.91796875,3.953406764908985
2027,0.0,0.0,1.0,0.0,20.91796875,3.953406764908985
2028,0.0,0.0,1.0,0.0,20.91796875,3.953406764908985
2029,0.0,0.0,1.0,0.0,20.91796875,3.953406764908985
2030,0.0,0.0,1.0,0.0,20.91796875,3.953406764908985
2031,0.0,0.0,1.0,0.0,20.91796875,3.953406764908985
2032,0.0,0.0,1.0,0.0,20.91796875,3.953406764908985
2033,0.0,0.0,1.0,0.0,20.91796875,3.953406764908985
2034,0.0,0.0,1.0,0.0,20.91796875,3.953406764908985
2035,0.0,0.0,1.0,0.0,20.91796875,3.953406764908985
2036,0.0,0.0,1.0,0.0,20.91796875,3.953406764908985
2037,0.0,0.0,1.0,0.0,20.91796875,3.953406764908985
2038,0.0,0.0,1.0,0.0,20.91796875,3.953406764908985
2039,0.0,0.0,1.0,0.0,20.91796875,3.953406764908985
2040,0.0,0.0,1.0,0.0,20.91796875,3.953406764908985
2041,0.0,0.0,1.0,0.0,20.91796875,3.953406764908985
2042,0.0,0.0,1.0,0.0,20.91796875,3.953406764908985
2043,0.0,0.0,1.0,0.0,20.91796875,3.953406764908985
2044,0.0,0.0,1.0,0.0,20.91796875,3.953406764908985
2045,0.0,0.0,1.0,0.0,20.91796875,3.953406764908985
2046,0.0,0.0,1.0,0.0,20.91796875,3.953406764908985
2047,0.0,0.0,1.0,0.0,20.91796875,3.953406764908985
2048,0.0,0.0,1.0,0.0,20.91796875,3.953406764908985
2049,0.0,0.0,1.0,0.0,20.91796875,3.953406764908985
2050,0.0,0.0,1.0,0.0,20.91796875,3.953406764908985
2051,0.0,0.0,1.0,0.0,20.91796875,3.953406764908985
2052,0.0,0.0,1.0,0.0,20.91796875,3.953406764908985
2053,0.0,0.0,1.0,0.0,20.91796875,3.953406764908985
2054,0.0,0.0,1.0,0.0,20.91796875,3.953406764908985
2055,0.0,0.0,1.0,0.0,20.91796875,3.953406764908985
2056,0.0,0.0,1.0,0.0,20.91796875,3.953406764908985
2057,0.0,0.0,1.0,0.0,20.91796875,3.953406764908985
2058,0.0,0.0,1.0,0.0,20.91796875,3.953406764908985
2059,0.0,0.0,1.0,0.0,20.91796875,3.953406764908985
2060,0.0,0.0,1.0,0.0,20.91796875,3.953406764908985
2061,0.0,0.0,1.0,0.0,20.91796875,3.953406764908985
2062,0.0,0.0,1.0,0.0,20.91796875,3.953406764908985
2063,0.0,0.0,1.0,0.0,20.91796875,3.953406764908985
2064,0.0,0.0,1.0,0.0,20.91796875,3.953406764908985
2065,0.0,0.0,1.0,0.0,20.91796875,3.953406764908985
2066,0.0,0.0,1.0,0.0,20.91796875,3.953406764908985
2067,0.0,0.0,1.0,0.0,20.91796875,3.953406764908985
2068,0.0,0.0,1.0,0.0,20.91796875,3.953406764908985
2069,0.0,0.0,1.0,0.0,20.91796875,3.953406764908985
2070,0.0,0.0,1.0,0.0,20.91796875,3.953406764908985
2071,0.0,0.0,1.0,0.0,20.91796875,3.953406764908985
2072,0.0,0.0,1.0,0.0,20.91796875,3.953406764908985
2073,0.0,0.0,1.0,0.0,20.91796875,3.953406764908985
2074,0.0,0.0,1.0,0.0,20.91796875,3.953406764908985
2075,0.0,0.0,1.0,0.0,20.91796875,3.953406764908985
2076,0.0,0.0,1.0,0.0,20.91796875,3.953406764908985
2077,0.0,0.0,1.0,0.0,20.91796875,3.953406764908985
2078,0.0,0.0,1.0,0.0,20.91796875,3.953406764908985
2079,0.0,0.0,1.0,0.0,20.91796875,3.953406764908985
2080,0.0,0.0,1.0,0.0,20.91796875,3.953406764908985
2081,0.0,0.0,1.0,0.0,20.91796875,3.953406764908985
2082,0.0,0.0,1.0,0.0,20.91796875,3.953406764908985
2083,0.0,0.0,1.0,0.0,20.91796875,3.953406764908985
2084,0.0,0.0,1.0,0.0,20.91796875,3.953406764908985
2085,0.0,0.0,1.0,0.0,20.91796875,3.953406764908985
2086,0.0,0.0,1.0,0.0,20.91796875,3.953406764908985
2087,0.0,0.0,1.0,0.0,20.91796875,3.953406764908985
2088,0.0,0.0,1.0,0.0,20.91796875,3.953406764908985
2089,0.0,0.0,1.0,0.0,20.91796875,3.953406764908985
2090,0.0,0.0,1.0,0.0,20.91796875,3.953406764908985
2091,0.0,0.0,1.0,0.0,20.91796875,3.953406764908985
2092,0.0,0.0,1.0,0.0,20.91796875,3.953406764908985
2093,0.0,0.0,1.0,0.0,20.91796875,3.953406764908985
2094,0.0,0.0,1.0,0.0,20.91796875,3.953406764908985
2095,0.0,0.0,1.0,0.0,20.91796875,3.953406764908985
2096,0.0,0.0,1.0,0.0,20.91796875,3.953406764908985
2097,0.0,0.0,1.0,0.0,20.91796875,3.953406764908985
2098,0.0,0.0,1.0,0.0,20.91796875,3.953406764908985
2099,0.0,0.0,1.0,0.0,20.91796875,3.953406764908985
2100,0.0,0.0,1.0,0.0,20.91796875,3.953406764908985
2101,0.0,0.0,1.0,0.0,20.91796875,3.953406764908985
2102,0.0,0.0,1.0,0.0,20.91796875,3.953406764908985
2103,0.0,0.0,1.0,0.0,20.91796875,3.953406764908985
2104,0.0,0.0,1.0,0.0,20.91796875,3.953406764908985
2105,0.0,0.0,1.0,0.0,20.91796875,3.953406764908985
2106,0.0,0.0,1.0,0.0,20.91796875,3.953406764908985
2107,0.0,0.0,1.0,0.0,20.91796875,3.953406764908985
2108,0.0,0.0,1.0,0.0,20.91796875,3.953406764908985
2109,0.0,0.0,1.0,0.0,20.91796875,3.953406764908985
2110,0.0,0.0,1.0,0.0,20.91796875,3.953406764908985
2111,0.0,0.0,1.0,0.0,20.91796875,3.953406764908985
2112,0.0,0.0,1.0,0.0,20.91796875,3.953406764908985
2113,0.0,0.0,1.0,0.0,20.91796875,3.953406764908985
2114,0.0,0.0,1.0,0.0,20.91796875,3.953406764908985
2115,0.0,0.0,1.0,0.0,20.91796875,3.953406764908985
2116,0.0,0.0,1.0,0.0,20.91796875,3.953406764908985
2117,0.0,0.0,1.0,0.0,20.91796875,3.953406764908985
2118,0.0,0.0,1.0,0.0,20.91796875,3.953406764908985
2119,0.0,0.0,1.0,0.0,20.91796875,3.953406764908985
2120,0.0,0.0,1.0,0.0,20.91796875,3.953406764908985
2121,0.0,0.0,1.0,0.0,20.91796875,3.953406764908985
2122,0.0,0.0,1.0,0.0,20.91796875,3.953406764908985
2123,0.0,0.0,1.0,0.0,20.91796875,3.953406764908985
2124,0.0,0.0,1.0,0.0,20.91796875,3.953406764908985
2125,0.0,0.0,1.0,0.0,20.91796875,3.953406764908985
2126,0.0,0.0,1.0,0.0,20.91796875,3.953406764908985
2127,0.0,0.0,1.0,0.0,20.91796875,3.953406764908985
2128,0.0,0.0,1.0,0.0,20.91796875,3.953406764908985
2129,0.0,0.0,1.0,0.0,20.91796875,3.953406764908985
2130,0.0,0.0,1.0,0.0,20.91796875,3.953406764908985
2131,0.0,0.0,1.0,0.0,20.91796875,3.953406764908985
2132,0.0,0.0,1.0,0.0,20.91796875,3.953406764908985
2133,0.0,0.0,1.0,0.0,20.91796875,3.953406764908985
2134,0.0,0.0,1.0,0.0,20.91796875,3.953406764908985
2135,0.0,0.0,1.0,0.0,20.91796875,3.953406764908985
2136,0.0,0.0,1.0,0.0,20.91796875,3.953406764908985
2137,0.0,0.0,1.0,0.0,20.91796875,3.953406764908985
2138,0.0,0.0,1.0,0.0,20.91796875,3.953406764908985
2139,0.0,0.0,1.0,0.0,20.91796875,3.953406764908985
2140,0.0,0.0,1.0,0.0,20.91796875,3.953406764908985
2141,0.0,0.0,1.0,0.0,20.91796875,3.953406764908985
2142,0.0,0.0,1.0,0.0,20.91796875,3.953406764908985
2143,0.0,0.0,1.0,0.0,20.91796875,3.953406764908985
2144,0.0,0.0,1.0,0.0,20.91796875,3.953406764908985
2145,0.0,0.0,1.0,0.0,20.91796875,3.953406764908985
2146,0.0,0.0,1.0,0.0,20.91796875,3.953406764908985
2147,0.0,0.0,1.0,0.0,20.91796875,3.953406764908985
2148,0.0,0.0,1.0,0.0,20.91796875,3.953406764908985
2149,0.0,0.0,1.0,0.0,20.91796875,3.953406764908985
2150,0.0,0.0,1.0,0.0,20.91796875,3.953406764908985
2151,0.0,0.0,1.0,0.0,20.91796875,3.953406764908985
2152,0.0,0.0,1.0,0.0,20.91796875,3.953406764908985
2153,0.0,0.0,1.0,0.0,20.91796875,3.953406764908985
2154,0.0,0.0,1.0,0.0,20.91796875,3.953406764908985
2155,0.0,0.0,1.0,0.0,20.91796875,3.953406764908985
2156,0.0,0.0,1.0,0.0,20.91796875,3.953406764908985
2157,0.0,0.0,1.0,0.0,20.91796875,3.953406764908985
2158,0.0,0.0,1.0,0.0,20.91796875,3.953406764908985
2159,0.0,0.0,1.0,0.0,20.91796875,3.953406764908985
2160,0.0,0.0,1.0,0.0,20.91796875,3.953406764908985
2161,0.0,0.0,1.0,0.0,20.91796875,3.953406764908985
2162,0.0,0.0,1.0,0.0,20.91796875,3.953406764908985
2163,0.0,0.0,1.0,0.0,20.91796875,3.953406764908985
2164,0.0,0.0,1.0,0.0,20.91796875,3.953406764908985
2165,0.0,0.0,1.0,0.0,20.91796875,3.953406764908985
2166,0.0,0.0,1.0,0.0,20.91796875,3.953406764908985
2167,0.0,0.0,1.0,0.0,20.91796875,3.953406764908985
2168,0.0,0.0,1.0,0.0,20.91796875,3.953406764908985
2169,0.0,0.0,1.0,0.0,20.91796875,3.953406764908985
2170,0.0,0.0,1.0,0.0,20.91796875,3.953406764908985
2171,0.0,0.0,1.0,0.0,20.91796875,3.953406764908985
2172,0.0,0.0,1.0,0.0,20.91796875,3.953406764908985
2173,0.0,0.0,1.0,0.0,20.91796875,3.953406764908985
2174,0.0,0.0,1.0,0.0,20.91796875,3.953406764908985
2175,0.0,0.0,1.0,0.0,20.91796875,3.953406764908985
2176,0.0,0.0,1.0,0.0,20.91796875,3.953406764908985
2177,0.0,0.0,1.0,0.0,20.91796875,3.953406764908985
2178,0.0,0.0,1.0,0.0,20.91796875,3.953406764908985
2179,0.0,0.0,1.0,0.0,20.91796875,3.953406764908985
2180,0.0,0.0,1.0,0.0,20.91796875,3.953406764908985
2181,0.0,0.0,1.0,0.0,20.91796875,3.953406764908985
2182,0.0,0.0,1.0,0.0,20.91796875,3.953406764908985
2183,0.0,0.0,1.0,0.0,20.91796875,3.953406764908985
2184,0.0,0.0,1.0,0.0,20.91796875,3.953406764908985
2185,0.0,0.0,1.0,0.0,20.91796875,3.953406764908985
2186,0.0,0.0,1.0,0.0,20.91796875,3.953406764908985
2187,0.0,0.0,1.0,0.0,20.91796875,3.953406764908985
2188,0.0,0.0,1.0,0.0,20.91796875,3.953406764908985
2189,0.0,0.0,1.0,0.0,20.91796875,3.953406764908985
2190,0.0,0.0,1.0,0.0,20.91796875,3.953406764908985
2191,0.0,0.0,1.0,0.0,20.91796875,3.953406764908985
2192,0.0,0.0,1.0,0.0,20.91796875,3.953406764908985
2193,0.0,0.0,1.0,0.0,20.91796875,3.953406764908985
2194,0.0,0.0,1.0,0.0,20.91796875,3.953406764908985
2195,0.0,0.0,1.0,0.0,20.91796875,3.953406764908985
2196,0.0,0.0,1.0,0.0,20.91796875,3.953406764908985
2197,0.0,0.0,1.0,0.0,20.91796875,3.953406764908985
2198,0.0,0.0,1.0,0.0,20.91796875,3.953406764908985
2199,0.0,0.0,1.0,0.0,20.91796875,3.953406764908985
2200,0.0,0.0,1.0,0.0,20.91796875,3.953406764908985
2201,0.0,0.0,1.0,0.0,20.91796875,3.953406764908985
2202,0.0,0.0,1.0,0.0,20.91796875,3.953406764908985
2203,0.0,0.0,1.0,0.0,20.91796875,3.953406764908985
2204,0.0,0.0,1.0,0.0,20.91796875,3.953406764908985
2205,0.0,0.0,1.0,0.0,20.91796875,3.953406764908985
2206,0.0,0.0,1.0,0.0,20.91796875,3.953406764908985
2207,0.0,0.0,1.0,0.0,20.91796875,3.953406764908985
2208,0.0,0.0,1.0,0.0,20.91796875,3.953406764908985
2209,0.0,0.0,1.0,0.0,20.91796875,3.953406764908985
2210,0.0,0.0,1.0,0.0,20.91796875,3.953406764908985
2211,0.0,0.0,1.0,0.0,20.91796875,3.953406764908985
2212,0.0,0.0,1.0,0.0,20.91796875,3.953406764908985
2213,0.0,0.0,1.0,0.0,20.91796875,3.953406764908985
2214,0.0,0.0,1.0,0.0,20.91796875,3.953406764908985
2215,0.0,0.0,1.0,0.0,20.91796875,3.953406764908985
2216,0.0,0.0,1.0,0.0,20.91796875,3.953406764908985
2217,0.0,0.0,1.0,0.0,20.91796875,3.953406764908985
2218,0.0,0.0,1.0,0.0,20.91796875,3.953406764908985
2219,0.0,0.0,1.0,0.0,20.91796875,3.953406764908985
2220,0.0,0.0,1.0,0.0,20.91796875,3.953406764908985
2221,0.0,0.0,1.0,0.0,20.91796875,3.953406764908985
2222,0.0,0.0,1.0,0.0,20.91796875,3.953406764908985
2223,0.0,0.0,1.0,0.0,20.91796875,3.953406764908985
2224,0.0,0.0,1.0,0.0,20.91796875,3.953406764908985
2225,0.0,0.0,1.0,0.0,20.91796875,3.953406764908985
2226,0.0,0.0,1.0,0.0,20.91796875,3.953406764908985
2227,0.0,0.0,1.0,0.0,20.91796875,3.953406764908985
2228,0.0,0.0,1.0,0.0,20.91796875,3.953406764908985
2229,0.0,0.0,1.0,0.0,20.91796875,3.953406764908985
2230,0.0,0.0,1.0,0.0,20.91796875,3.953406764908985
2231,0.0,0.0,1.0,0.0,20.91796875,3.953406764908985
2232,0.0,0.0,1.0,0.0,20.91796875,3.953406764908985
2233,0.0,0.0,1.0,0.0,20.91796875,3.953406764908985
2234,0.0,0.0,1.0,0.0,20.91796875,3.953406764908985
2235,0.0,0.0,1.0,0.0,20.91796875,3.953406764908985
2236,0.0,0.0,1.0,0.0,20.91796875,3.953406764908985
2237,0.0,0.0,1.0,0.0,20.91796875,3.953406764908985
2238,0.0,0.0,1.0,0.0,20.91796875,3.953406764908985
2239,0.0,0.0,1.0,0.0,20.91796875,3.953406764908985
2240,0.0,0.0,1.0,0.0,20.91796875,3.953406764908985
2241,0.0,0.0,1.0,0.0,20.91796875,3.953406764908985
2242,0.0,0.0,1.0,0.0,20.91796875,3.953406764908985
2243,0.0,0.0,1.0,0.0,20.91796875,3.953406764908985
2244,0.0,0.0,1.0,0.0,20.91796875,3.953406764908985
2245,0.0,0.0,1.0,0.0,20.91796875,3.953406764908985
2246,0.0,0.0,1.0,0.0,20.91796875,3.953406764908985
2247,0.0,0.0,1.0,0.0,20.91796875,3.953406764908985
2248,0.0,0.0,1.0,0.0,20.91796875,3.953406764908985
2249,0.0,0.0,1.0,0.0,20.91796875,3.953406764908985
2250,0.0,0.0,1.0,0.0,20.91796875,3.953406764908985
2251,0.0,0.0,1.0,0.0,20.91796875,3.953406764908985
2252,0.0,0.0,1.0,0.0,20.91796875,3.953406764908985
2253,0.0,0.0,1.0,0.0,20.91796875,3.953406764908985
2254,0.0,0.0,1.0,0.0,20.91796875,3.953406764908985
2255,0.0,0.0,1.0,0.0,20.91796875,3.953406764908985
2256,0.0,0.0,1.0,0.0,20.91796875,3.953406764908985
2257,0.0,0.0,1.0,0.0,20.91796875,3.953406764908985
2258,0.0,0.0,1.0,0.0,20.91796875,3.953406764908985
2259,0.0,0.0,1.0,0.0,20.91796875,3.953406764908985
2260,0.0,0.0,1.0,0.0,20.91796875,3.953406764908985
2261,0.0,0.0,1.0,0.0,20.91796875,3.953406764908985
2262,0.0,0.0,1.0,0.0,20.91796875,3.953406764908985
2263,0.0,0.0,1.0,0.0,20.91796875,3.953406764908985
2264,0.0,0.0,1.0,0.0,20.91796875,3.953406764908985
2265,0.0,0.0,1.0,0.0,20.91796875,3.953406764908985
2266,0.0,0.0,1.0,0.0,20.91796875,3.953406764908985
2267,0.0,0.0,1.0,0.0,20.91796875,3.953406764908985
2268,0.0,0.0,1.0,0.0,20.91796875,3.953406764908985
2269,0.0,0.0,1.0,0.0,20.91796875,3.953406764908985
2270,0.0,0.0,1.0,0.0,20.91796875,3.953406764908985
2271,0.0,0.0,1.0,0.0,20.91796875,3.953406764908985
2272,0.0,0.0,1.0,0.0,20.91796875,3.953406764908985
2273,0.0,0.0,1.0,0.0,20.91796875,3.953406764908985
2274,0.0,0.0,1.0,0.0,20.91796875,3.953406764908985
2275,0.0,0.0,1.0,0.0,20.91796875,3.953406764908985
2276,0.0,0.0,1.0,0.0,20.91796875,3.953406764908985
2277,0.0,0.0,1.0,0.0,20.91796875,3.953406764908985
2278,0.0,0.0,1.0,0.0,20.91796875,3.953406764908985
2279,0.0,0.0,1.0,0.0,20.91796875,3.953406764908985
2280,0.0,0.0,1.0,0.0,20.91796875,3.953406764908985
2281,0.0,0.0,1.0,0.0,20.91796875,3.953406764908985
2282,0.0,0.0,1.0,0.0,20.91796875,3.953406764908985
2283,0.0,0.0,1.0,0.0,20.91796875,3.953406764908985
2284,0.0,0.0,1.0,0.0,20.91796875,3.953406764908985
2285,0.0,0.0,1.0,0.0,20.91796875,3.953406764908985
2286,0.0,0.0,1.0,0.0,20.91796875,3.953406764908985
2287,0.0,0.0,1.0,0.0,20.91796875,3.953406764908985
2288,0.0,0.0,1.0,0.0,20.91796875,3.953406764908985
2289,0.0,0.0,1.0,0.0,20.91796875,3.953406764908985
2290,0.0,0.0,1.0,0.0,20.91796875,3.953406764908985
2291,0.0,0.0,1.0,0.0,20.91796875,3.953406764908985
2292,0.0,0.0,1.0,0.0,20.91796875,3.953406764908985
2293,0.0,0.0,1.0,0.0,20.91796875,3.953406764908985
2294,0.0,0.0,1.0,0.0,20.91796875,3.953406764908985
2295,0.0,0.0,1.0,0.0,20.91796875,3.953406764908985
2296,0.0,0.0,1.0,0.0,20.91796875,3.953406764908985
2297,0.0,0.0,1.0,0.0,20.91796875,3.953406764908985
2298,0.0,0.0,1.0,0.0,20.91796875,3.953406764908985
2299,0.0,0.0,1.0,0.0,20.91796875,3.953406764908985
2300,0.0,0.0,1.0,0.0,20.91796875,3.953406764908985
2301,0.0,0.0,1.0,0.0,20.91796875,3.953406764908985
2302,0.0,0.0,1.0,0.0,20.91796875,3.953406764908985
2303,0.0,0.0,1.0,0.0,20.91796875,3.953406764908985
2304,0.0,0.0,1.0,0.0,20.91796875,3.953406764908985
2305,0.0,0.0,1.0,0.0,20.91796875,3.953406764908985
2306,0.0,0.0,1.0,0.0,20.91796875,3.953406764908985
2307,0.0,0.0,1.0,0.0,20.91796875,3.953406764908985
2308,0.0,0.0,1.0,0.0,20.91796875,3.953406764908985
2309,0.0,0.0,1.0,0.0,20.91796875,3.953406764908985
2310,0.0,0.0,1.0,0.0,20.91796875,3.953406764908985
2311,0.0,0.0,1.0,0.0,20.91796875,3.953406764908985
2312,0.0,0.0,1.0,0.0,20.91796875,3.953406764908985
2313,0.0,0.0,1.0,0.0,20.91796875,3.953406764908985
2314,0.0,0.0,1.0,0.0,20.91796875,3.953406764908985
2315,0.0,0.0,1.0,0.0,20.91796875,3.953406764908985
2316,0.0,0.0,1.0,0.0,20.91796875,3.953406764908985
2317,0.0,0.0,1.0,0.0,20.91796875,3.953406764908985
2318,0.0,0.0,1.0,0.0,20.91796875,3.953406764908985
2319,0.0,0.0,1.0,0.0,20.91796875,3.953406764908985
2320,0.0,0.0,1.0,0.0,20.91796875,3.953406764908985
2321,0.0,0.0,1.0,0.0,20.91796875,3.953406764908985
2322,0.0,0.0,1.0,0.0,20.91796875,3.953406764908985
2323,0.0,0.0,1.0,0.0,20.91796875,3.953406764908985
2324,0.0,0.0,1.0,0.0,20.91796875,3.953406764908985
2325,0.0,0.0,1.0,0.0,20.91796875,3.953406764908985
2326,0.0,0.0,1.0,0.0,20.91796875,3.953406764908985
2327,0.0,0.0,1.0,0.0,20.91796875,3.953406764908985
2328,0.0,0.0,1.0,0.0,20.91796875,3.953406764908985
2329,0.0,0.0,1.0,0.0,20.91796875,3.953406764908985
2330,0.0,0.0,1.0,0.0,20.91796875,3.953406764908985
2331,0.0,0.0,1.0,0.0,20.91796875,3.953406764908985
2332,0.0,0.0,1.0,0.0,20.91796875,3.953406764908985
2333,0.0,0.0,1.0,0.0,20.91796875,3.953406764908985
2334,0.0,0.0,1.0,0.0,20.91796875,3.953406764908985
2335,0.0,0.0,1.0,0.0,20.91796875,3.953406764908985
2336,0.0,0.0,1.0,0.0,20.91796875,3.953406764908985
2337,0.0,0.0,1.0,0.0,20.91796875,3.953406764908985
2338,0.0,0.0,1.0,0.0,20.91796875,3.953406764908985
2339,0.0,0.0,1.0,0.0,20.91796875,3.953406764908985
2340,0.0,0.0,1.0,0.0,20.91796875,3.953406764908985
2341,0.0,0.0,1.0,0.0,20.91796875,3.953406764908985
2342,0.0,0.0,1.0,0.0,20.91796875,3.953406764908985
2343,0.0,0.0,1.0,0.0,20.91796875,3.953406764908985
2344,0.0,0.0,1.0,0.0,20.91796875,3.953406764908985
2345,0.0,0.0,1.0,0.0,20.91796875,3.953406764908985
2346,0.0,0.0,1.0,0.0,20.91796875,3.953406764908985
2347,0.0,0.0,1.0,0.0,20.91796875,3.953406764908985
2348,0.0,0.0,1.0,0.0,20.91796875,3.953406764908985
2349,0.0,0.0,1.0,0.0,20.91796875,3.953406764908985
2350,0.0,0.0,1.0,0.0,20.91796875,3.953406764908985
2351,0.0,0.0,1.0,0.0,20.91796875,3.953406764908985
2352,0.0,0.0,1.0,0.0,20.91796875,3.953406764908985
2353,0.0,0.0,1.0,0.0,20.91796875,3.953406764908985
2354,0.0,0.0,1.0,0.0,20.91796875,3.953406764908985
2355,0.0,0.0,1.0,0.0,20.91796875,3.953406764908985
2356,0.0,0.0,1.0,0.0,20.91796875,3.953406764908985
2357,0.0,0.0,1.0,0.0,20.91796875,3.953406764908985
2358,0.0,0.0,1.0,0.0,20.91796875,3.953406764908985
2359,0.0,0.0,1.0,0.0,20.91796875,3.953406764908985
2360,0.0,0.0,1.0,0.0,20.91796875,3.953406764908985
2361,0.0,0.0,1.0,0.0,20.91796875,3.953406764908985
2362,0.0,0.0,1.0,0.0,20.91796875,3.953406764908985
2363,0.0,0.0,1.0,0.0,20.91796875,3.953406764908985
2364,0.0,0.0,1.0,0.0,20.91796875,3.953406764908985
2365,0.0,0.0,1.0,0.0,20.91796875,3.953406764908985
2366,0.0,0.0,1.0,0.0,20.91796875,3.953406764908985
2367,0.0,0.0,1.0,0.0,20.91796875,3.953406764908985
2368,0.0,0.0,1.0,0.0,20.91796875,3.953406764908985
2369,0.0,0.0,1.0,0.0,20.91796875,3.953406764908985
2370,0.0,0.0,1.0,0.0,20.91796875,3.953406764908985
2371,0.0,0.0,1.0,0.0,20.91796875,3.953406764908985
2372,0.0,0.0,1.0,0.0,20.91796875,3.953406764908985
2373,0.0,0.0,1.0,0.0,20.91796875,3.953406764908985
2374,0.0,0.0,1.0,0.0,20.91796875,3.953406764908985
2375,0.0,0.0,1.0,0.0,20.91796875,3.953406764908985
2376,0.0,0.0,1.0,0.0,20.91796875,3.953406764908985
2377,0.0,0.0,1.0,0.0,20.91796875,3.953406764908985
2378,0.0,0.0,1.0,0.0,20.91796875,3.953406764908985
2379,0.0,0.0,1.0,0.0,20.91796875,3.953406764908985
2380,0.0,0.0,1.0,0.0,20.91796875,3.953406764908985
2381,0.0,0.0,1.0,0.0,20.91796875,3.953406764908985
2382,0.0,0.0,1.0,0.0,20.91796875,3.953406764908985
2383,0.0,0.0,1.0,0.0,20.91796875,3.953406764908985
2384,0.0,0.0,1.0,0.0,20.91796875,3.953406764908985
2385,0.0,0.0,1.0,0.0,20.91796875,3.953406764908985
2386,0.0,0.0,1.0,0.0,20.91796875,3.953406764908985
2387,0.0,0.0,1.0,0.0,20.91796875,3.953406764908985
2388,0.0,0.0,1.0,0.0,20.91796875,3.953406764908985
2389,0.0,0.0,1.0,0.0,20.91796875,3.953406764908985
2390,0.0,0.0,1.0,0.0,20.91796875,3.953406764908985
2391,0.0,0.0,1.0,0.0,20.91796875,3.953406764908985
2392,0.0,0.0,1.0,0.0,20.91796875,3.953406764908985
2393,0.0,0.0,1.0,0.0,20.91796875,3.953406764908985
2394,0.0,0.0,1.0,0.0,20.91796875,3.953406764908985
2395,0.0,0.0,1.0,0.0,20.91796875,3.953406764908985
2396,0.0,0.0,1.0,0.0,20.91796875,3.953406764908985
2397,0.0,0.0,1.0,0.0,20.91796875,3.953406764908985
2398,0.0,0.0,1.0,0.0,20.91796875,3.953406764908985
2399,0.0,0.0,1.0,0.0,20.91796875,3.953406764908985
2400,0.0,0.0,1.0,0.0,20.91796875,3.953406764908985
2401,0.0,0.0,1.0,0.0,20.91796875,3.953406764908985
2402,0.0,0.0,1.0,0.0,20.91796875,3.953406764908985
2403,0.0,0.0,1.0,0.0,20.91796875,3.953406764908985
2404,0.0,0.0,1.0,0.0,20.91796875,3.953406764908985
2405,0.0,0.0,1.0,0.0,20.91796875,3.953406764908985
2406,0.0,0.0,1.0,0.0,20.91796875,3.953406764908985
2407,0.0,0.0,1.0,0.0,20.91796875,3.953406764908985
2408,0.0,0.0,1.0,0.0,20.91796875,3.953406764908985
2409,0.0,0.0,1.0,0.0,20.91796875,3.953406764908985
2410,0.0,0.0,1.0,0.0,20.91796875,3.953406764908985
2411,0.0,0.0,1.0,0.0,20.91796875,3.953406764908985
2412,0.0,0.0,1.0,0.0,20.91796875,3.953406764908985
2413,0.0,0.0,1.0,0.0,20.91796875,3.953406764908985
2414,0.0,0.0,1.0,0.0,20.91796875,3.953406764908985
2415,0.0,0.0,1.0,0.0,20.91796875,3.953406764908985
2416,0.0,0.0,1.0,0.0,20.91796875,3.953406764908985
2417,0.0,0.0,1.0,0.0,20.91796875,3.953406764908985
2418,0.0,0.0,1.0,0.0,20.91796875,3.953406764908985
2419,0.0,0.0,1.0,0.0,20.91796875,3.953406764908985
2420,0.0,0.0,1.0,0.0,20.91796875,3.953406764908985
2421,0.0,0.0,1.0,0.0,20.91796875,3.953406764908985
2422,0.0,0.0,1.0,0.0,20.91796875,3.953406764908985
2423,0.0,0.0,1.0,0.0,20.91796875,3.953406764908985
2424,0.0,0.0,1.0,0.0,20.91796875,3.953406764908985
2425,0.0,0.0,1.0,0.0,20.91796875,3.953406764908985
2426,0.0,0.0,1.0,0.0,20.91796875,3.953406764908985
2427,0.0,0.0,1.0,0.0,20.91796875,3.953406764908985
2428,0.0,0.0,1.0,0.0,20.91796875,3.953406764908985
2429,0.0,0.0,1.0,0.0,20.91796875,3.953406764908985
2430,0.0,0.0,1.0,0.0,20.91796875,3.953406764908985
2431,0.0,0.0,1.0,0.0,20.91796875,3.953406764908985
2432,0.0,0.0,1.0,0.0,20.91796875,3.953406764908985
2433,0.0,0.0,1.0,0.0,20.91796875,3.953406764908985
2434,0.0,0.0,1.0,0.0,20.91796875,3.953406764908985
2435,0.0,0.0,1.0,0.0,20.91796875,3.953406764908985
2436,0.0,0.0,1.0,0.0,20.91796875,3.953406764908985
2437,0.0,0.0,1.0,0.0,20.91796875,3.953406764908985
2438,0.0,0.0,1.0,0.0,20.91796875,3.953406764908985
2439,0.0,0.0,1.0,0.0,20.91796875,3.953406764908985
2440,0.0,0.0,1.0,0.0,20.91796875,3.953406764908985
2441,0.0,0.0,1.0,0.0,20.91796875,3.953406764908985
2442,0.0,0.0,1.0,0.0,20.91796875,3.953406764908985
2443,0.0,0.0,1.0,0.0,20.91796875,3.953406764908985
2444,0.0,0.0,1.0,0.0,20.91796875,3.953406764908985
2445,0.0,0.0,1.0,0.0,20.91796875,3.953406764908985
2446,0.0,0.0,1.0,0.0,20.91796875,3.953406764908985
2447,0.0,0.0,1.0,0.0,20.91796875,3.953406764908985
2448,0.0,0.0,1.0,0.0,20.91796875,3.953406764908985
2449,0.0,0.0,1.0,0.0,20.91796875,3.953406764908985
2450,0.0,0.0,1.0,0.0,20.91796875,3.953406764908985
2451,0.0,0.0,1.0,0.0,20.91796875,3.953406764908985
2452,0.0,0.0,1.0,0.0,20.91796875,3.953406764908985
2453,0.0,0.0,1.0,0.0,20.91796875,3.953406764908985
2454,0.0,0.0,1.0,0.0,20.91796875,3.953406764908985
2455,0.0,0.0,1.0,0.0,20.91796875,3.953406764908985
2456,0.0,0.0,1.0,0.0,20.91796875,3.953406764908985
2457,0.0,0.0,1.0,0.0,20.91796875,3.953406764908985
2458,0.0,0.0,1.0,0.0,20.91796875,3.953406764908985
2459,0.0,0.0,1.0,0.0,20.91796875,3.953406764908985
2460,0.0,0.0,1.0,0.0,20.91796875,3.953406764908985
2461,0.0,0.0,1.0,0.0,20.91796875,3.953406764908985
2462,0.0,0.0,1.0,0.0,20.91796875,3.953406764908985
2463,0.0,0.0,1.0,0.0,20.91796875,3.953406764908985
2464,0.0,0.0,1.0,0.0,20.91796875,3.953406764908985
2465,0.0,0.0,1.0,0.0,20.91796875,3.953406764908985
2466,0.0,0.0,1.0,0.0,20.91796875,3.953406764908985
2467,0.0,0.0,1.0,0.0,20.91796875,3.953406764908985
2468,0.0,0.0,1.0,0.0,20.91796875,3.953406764908985
2469,0.0,0.0,1.0,0.0,20.91796875,3.953406764908985
2470,0.0,0.0,1.0,0.0,20.91796875,3.953406764908985
2471,0.0,0.0,1.0,0.0,20.91796875,3.953406764908985
2472,0.0,0.0,1.0,0.0,20.91796875,3.953406764908985
2473,0.0,0.0,1.0,0.0,20.91796875,3.953406764908985
2474,0.0,0.0,1.0,0.0,20.91796875,3.953406764908985
2475,0.0,0.0,1.0,0.0,20.91796875,3.953406764908985
2476,0.0,0.0,1.0,0.0,20.91796875,3.953406764908985
2477,0.0,0.0,1.0,0.0,20.91796875,3.953406764908985
2478,0.0,0.0,1.0,0.0,20.91796875,3.953406764908985
2479,0.0,0.0,1.0,0.0,20.91796875,3.953406764908985
2480,0.0,0.0,1.0,0.0,20.91796875,3.953406764908985
2481,0.0,0.0,1.0,0.0,20.91796875,3.953406764908985
2482,0.0,0.0,1.0,0.0,20.91796875,3.953406764908985
2483,0.0,0.0,1.0,0.0,20.91796875,3.953406764908985
2484,0.0,0.0,1.0,0.0,20.91796875,3.953406764908985
2485,0.0,0.0,1.0,0.0,20.91796875,3.953406764908985
2486,0.0,0.0,1.0,0.0,20.91796875,3.953406764908985
2487,0.0,0.0,1.0,0.0,20.91796875,3.953406764908985
2488,0.0,0.0,1.0,0.0,20.91796875,3.953406764908985
2489,0.0,0.0,1.0,0.0,20.91796875,3.953406764908985
2490,0.0,0.0,1.0,0.0,20.91796875,3.953406764908985
2491,0.0,0.0,1.0,0.0,20.91796875,3.953406764908985
2492,0.0,0.0,1.0,0.0,20.91796875,3.953406764908985
2493,0.0,0.0,1.0,0.0,20.91796875,3.953406764908985
2494,0.0,0.0,1.0,0.0,20.91796875,3.953406764908985
2495,0.0,0.0,1.0,0.0,20.91796875,3.953406764908985
2496,0.0,0.0,1.0,0.0,20.91796875,3.953406764908985
2497,0.0,0.0,1.0,0.0,20.91796875,3.953406764908985
2498,0.0,0.0,1.0,0.0,20.91796875,3.953406764908985
2499,0.0,0.0,1.0,0.0,20.91796875,3.953406764908985
2500,0.0,0.0,1.0,0.0,20.91796875,3.953406764908985
