t,fC_mean,fC_std,fD_mean,fD_std,avgR_mean,avgR_std
0,0.496875,0.015896085897949847,0.503125,0.015896085897949847,0.0,0.0
1,0.3171875,0.02766551751504027,0.6828125,0.02766551751504027,7.701562404632568,0.2463894767170985
2,0.20703125,0.03467553284558148,0.79296875,0.03467553284558148,12.61796875,0.6494058093930462
3,0.14921875,0.055868934933691015,0.85078125,0.055868934933691015,15.826952934265137,1.048423137722832
4,0.10546875,0.04990224819584785,0.89453125,0.04990224819584785,18.13984375,1.854198002354008
5,0.06953125,0.04748303562194608,0.93046875,0.04748303562194608,19.774608993530272,2.555221665675976
6,0.04921875,0.039651804813904755,0.95078125,0.039651804813904755,20.85234375,3.200084208334163
7,0.03359375,0.028125,0.96640625,0.028125000000000004,21.615234375,3.644901759703631
8,0.02890625,0.024407030237208294,0.97109375,0.024407030237208294,22.1359375,3.952111174961784
9,0.02578125,0.022857404434887176,0.97421875,0.022857404434887176,22.583984375,4.189913745802606
10,0.0171875,0.018912060057672195,0.9828125,0.018912060057672195,22.98359375,4.382456257803664
11,0.01484375,0.02425652296290628,0.98515625,0.024256522962906285,23.25,4.51924730363434
12,0.01328125,0.02285740443488718,0.98671875,0.022857404434887176,23.480078125,4.648075977275688
13,0.0109375,0.021875,0.9890625,0.021875,23.6859375,4.793905649058011
14,0.0125,0.025000000000000005,0.9875,0.024999999999999998,23.85546875,4.952719571340957
15,0.0109375,0.021875,0.9890625,0.021875,24.04921875,5.155579738633305
16,0.0125,0.025000000000000005,0.9875,0.024999999999999998,24.21875,5.349822652854222
17,0.0109375,0.021875,0.9890625,0.021875,24.4125,5.58876190614296
18,0.01015625,0.0203125,0.98984375,0.0203125,24.58203125,5.8109861309809645
19,0.0109375,0.021875,0.9890625,0.021875,24.739453125,6.027087876333227
20,0.0125,0.025000000000000005,0.9875,0.024999999999999998,24.908984375,6.2691720837541745
21,0.01015625,0.0203125,0.98984375,0.0203125,25.102734375,6.556373931033461
22,0.009375,0.018750000000000003,0.990625,0.018750000000000003,25.26015625,6.797060252504157
23,0.0078125,0.015625,0.9921875,0.015625,25.40546875,7.024439583685217
24,0.0078125,0.015625,0.9921875,0.015625,25.5265625,7.217390674573052
25,0.00546875,0.0109375,0.99453125,0.0109375,25.64765625,7.41323238569363
26,0.00390625,0.0078125,0.99609375,0.0078125,25.732421875,7.551921210993318
27,0.003125,0.006250000000000001,0.996875,0.00625,25.79296875,7.651745326588487
28,0.0015625,0.0031250000000000006,0.9984375,0.003125,25.84140625,7.7320421829138635
29,0.00078125,0.0015625000000000003,0.99921875,0.0015625,25.865625,7.772332325645465
30,0.00078125,0.0015625000000000003,0.99921875,0.0015625,25.877734375,7.79251218509058
31,0.0,0.0,1.0,0.0,25.88984375,7.812714997041682
32,0.0,0.0,1.0,0.0,25.88984375,7.812714997041682
33,0.0,0.0,1.0,0.0,25.88984375,7.812714997041682
34,0.0,0.0,1.0,0.0,25.88984375,7.812714997041682
35,0.0,0.0,1.0,0.0,25.88984375,7.812714997041682
36,0.0,0.0,1.0,0.0,25.88984375,7.812714997041682
37,0.0,0.0,1.0,0.0,25.88984375,7.812714997041682
38,0.0,0.0,1.0,0.0,25.88984375,7.812714997041682
39,0.0,0.0,1.0,0.0,25.88984375,7.812714997041682
40,0.0,0.0,1.0,0.0,25.88984375,7.812714997041682
41,0.0,0.0,1.0,0.0,25.88984375,7.812714997041682
42,0.0,0.0,1.0,0.0,25.88984375,7.812714997041682
43,0.0,0.0,1.0,0.0,25.88984375,7.812714997041682
44,0.0,0.0,1.0,0.0,25.88984375,7.812714997041682
45,0.0,0.0,1.0,0.0,25.88984375,7.812714997041682
46,0.0,0.0,1.0,0.0,25.88984375,7.812714997041682
47,0.0,0.0,1.0,0.0,25.88984375,7.812714997041682
48,0.0,0.0,1.0,0.0,25.88984375,7.812714997041682
49,0.0,0.0,1.0,0.0,25.88984375,7.812714997041682
50,0.0,0.0,1.0,0.0,25.88984375,7.812714997041682
51,0.0,0.0,1.0,0.0,25.88984375,7.812714997041682
52,0.0,0.0,1.0,0.0,25.88984375,7.812714997041682
53,0.0,0.0,1.0,0.0,25.88984375,7.812714997041682
54,0.0,0.0,1.0,0.0,25.88984375,7.812714997041682
55,0.0,0.0,1.0,0.0,25.88984375,7.812714997041682
56,0.0,0.0,1.0,0.0,25.88984375,7.812714997041682
57,0.0,0.0,1.0,0.0,25.88984375,7.812714997041682
58,0.0,0.0,1.0,0.0,25.88984375,7.812714997041682
59,0.0,0.0,1.0,0.0,25.88984375,7.812714997041682
60,0.0,0.0,1.0,0.0,25.88984375,7.812714997041682
61,0.0,0.0,1.0,0.0,25.88984375,7.812714997041682
62,0.0,0.0,1.0,0.0,25.88984375,7.812714997041682
63,0.0,0.0,1.0,0.0,25.88984375,7.812714997041682
64,0.0,0.0,1.0,0.0,25.88984375,7.812714997041682
65,0.0,0.0,1.0,0.0,25.88984375,7.812714997041682
66,0.0,0.0,1.0,0.0,25.88984375,7.812714997041682
67,0.0,0.0,1.0,0.0,25.88984375,7.812714997041682
68,0.0,0.0,1.0,0.0,25.88984375,7.812714997041682
69,0.0,0.0,1.0,0.0,25.88984375,7.812714997041682
70,0.0,0.0,1.0,0.0,25.88984375,7.812714997041682
71,0.0,0.0,1.0,0.0,25.88984375,7.812714997041682
72,0.0,0.0,1.0,0.0,25.88984375,7.812714997041682
73,0.0,0.0,1.0,0.0,25.88984375,7.812714997041682
74,0.0,0.0,1.0,0.0,25.88984375,7.812714997041682
75,0.0,0.0,1.0,0.0,25.88984375,7.812714997041682
76,0.0,0.0,1.0,0.0,25.88984375,7.812714997041682
77,0.0,0.0,1.0,0.0,25.88984375,7.812714997041682
78,0.0,0.0,1.0,0.0,25.88984375,7.812714997041682
79,0.0,0.0,1.0,0.0,25.88984375,7.812714997041682
80,0.0,0.0,1.0,0.0,25.88984375,7.812714997041682
81,0.0,0.0,1.0,0.0,25.88984375,7.812714997041682
82,0.0,0.0,1.0,0.0,25.88984375,7.812714997041682
83,0.0,0.0,1.0,0.0,25.88984375,7.812714997041682
84,0.0,0.0,1.0,0.0,25.88984375,7.812714997041682
85,0.0,0.0,1.0,0.0,25.88984375,7.812714997041682
86,0.0,0.0,1.0,0.0,25.88984375,7.812714997041682
87,0.0,0.0,1.0,0.0,25.88984375,7.812714997041682
88,0.0,0.0,1.0,0.0,25.88984375,7.812714997041682
89,0.0,0.0,1.0,0.0,25.88984375,7.812714997041682
90,0.0,0.0,1.0,0.0,25.88984375,7.812714997041682
91,0.0,0.0,1.0,0.0,25.88984375,7.812714997041682
92,0.0,0.0,1.0,0.0,25.88984375,7.812714997041682
93,0.0,0.0,1.0,0.0,25.88984375,7.812714997041682
94,0.0,0.0,1.0,0.0,25.88984375,7.812714997041682
95,0.0,0.0,1.0,0.0,25.88984375,7.812714997041682
96,0.0,0.0,1.0,0.0,25.88984375,7.812714997041682
97,0.0,0.0,1.0,0.0,25.88984375,7.812714997041682
98,0.0,0.0,1.0,0.0,25.88984375,7.812714997041682
99,0.0,0.0,1.0,0.0,25.88984375,7.812714997041682
100,0.0,0.0,1.0,0.0,25.88984375,7.812714997041682
101,0.0,0.0,1.0,0.0,25.88984375,7.812714997041682
102,0.0,0.0,1.0,0.0,25.88984375,7.812714997041682
103,0.0,0.0,1.0,0.0,25.88984375,7.812714997041682
104,0.0,0.0,1.0,0.0,25.88984375,7.812714997041682
105,0.0,0.0,1.0,0.0,25.88984375,7.812714997041682
106,0.0,0.0,1.0,0.0,25.88984375,7.812714997041682
107,0.0,0.0,1.0,0.0,25.88984375,7.812714997041682
108,0.0,0.0,1.0,0.0,25.88984375,7.812714997041682
109,0.0,0.0,1.0,0.0,25.88984375,7.812714997041682
110,0.0,0.0,1.0,0.0,25.88984375,7.812714997041682
111,0.0,0.0,1.0,0.0,25.88984375,7.812714997041682
112,0.0,0.0,1.0,0.0,25.88984375,7.812714997041682
113,0.0,0.0,1.0,0.0,25.88984375,7.812714997041682
114,0.0,0.0,1.0,0.0,25.88984375,7.812714997041682
115,0.0,0.0,1.0,0.0,25.88984375,7.812714997041682
116,0.0,0.0,1.0,0.0,25.88984375,7.812714997041682
117,0.0,0.0,1.0,0.0,25.88984375,7.812714997041682
118,0.0,0.0,1.0,0.0,25.88984375,7.812714997041682
119,0.0,0.0,1.0,0.0,25.88984375,7.812714997041682
120,0.0,0.0,1.0,0.0,25.88984375,7.812714997041682
121,0.0,0.0,1.0,0.0,25.88984375,7.812714997041682
122,0.0,0.0,1.0,0.0,25.88984375,7.812714997041682
123,0.0,0.0,1.0,0.0,25.88984375,7.812714997041682
124,0.0,0.0,1.0,0.0,25.88984375,7.812714997041682
125,0.0,0.0,1.0,0.0,25.88984375,7.812714997041682
126,0.0,0.0,1.0,0.0,25.88984375,7.812714997041682
127,0.0,0.0,1.0,0.0,25.88984375,7.812714997041682
128,0.0,0.0,1.0,0.0,25.88984375,7.812714997041682
129,0.0,0.0,1.0,0.0,25.88984375,7.812714997041682
130,0.0,0.0,1.0,0.0,25.88984375,7.812714997041682
131,0.0,0.0,1.0,0.0,25.88984375,7.812714997041682
132,0.0,0.0,1.0,0.0,25.88984375,7.812714997041682
133,0.0,0.0,1.0,0.0,25.88984375,7.812714997041682
134,0.0,0.0,1.0,0.0,25.88984375,7.812714997041682
135,0.0,0.0,1.0,0.0,25.88984375,7.812714997041682
136,0.0,0.0,1.0,0.0,25.88984375,7.812714997041682
137,0.0,0.0,1.0,0.0,25.88984375,7.812714997041682
138,0.0,0.0,1.0,0.0,25.88984375,7.812714997041682
139,0.0,0.0,1.0,0.0,25.88984375,7.812714997041682
140,0.0,0.0,1.0,0.0,25.88984375,7.812714997041682
141,0.0,0.0,1.0,0.0,25.88984375,7.812714997041682
142,0.0,0.0,1.0,0.0,25.88984375,7.812714997041682
143,0.0,0.0,1.0,0.0,25.88984375,7.812714997041682
144,0.0,0.0,1.0,0.0,25.88984375,7.812714997041682
145,0.0,0.0,1.0,0.0,25.88984375,7.812714997041682
146,0.0,0.0,1.0,0.0,25.88984375,7.812714997041682
147,0.0,0.0,1.0,0.0,25.88984375,7.812714997041682
148,0.0,0.0,1.0,0.0,25.88984375,7.812714997041682
149,0.0,0.0,1.0,0.0,25.88984375,7.812714997041682
150,0.0,0.0,1.0,0.0,25.88984375,7.812714997041682
151,0.0,0.0,1.0,0.0,25.88984375,7.812714997041682
152,0.0,0.0,1.0,0.0,25.88984375,7.812714997041682
153,0.0,0.0,1.0,0.0,25.88984375,7.812714997041682
154,0.0,0.0,1.0,0.0,25.88984375,7.812714997041682
155,0.0,0.0,1.0,0.0,25.88984375,7.812714997041682
156,0.0,0.0,1.0,0.0,25.88984375,7.812714997041682
157,0.0,0.0,1.0,0.0,25.88984375,7.812714997041682
158,0.0,0.0,1.0,0.0,25.88984375,7.812714997041682
159,0.0,0.0,1.0,0.0,25.88984375,7.812714997041682
160,0.0,0.0,1.0,0.0,25.88984375,7.812714997041682
161,0.0,0.0,1.0,0.0,25.88984375,7.812714997041682
162,0.0,0.0,1.0,0.0,25.88984375,7.812714997041682
163,0.0,0.0,1.0,0.0,25.88984375,7.812714997041682
164,0.0,0.0,1.0,0.0,25.88984375,7.812714997041682
165,0.0,0.0,1.0,0.0,25.88984375,7.812714997041682
166,0.0,0.0,1.0,0.0,25.88984375,7.812714997041682
167,0.0,0.0,1.0,0.0,25.88984375,7.812714997041682
168,0.0,0.0,1.0,0.0,25.88984375,7.812714997041682
169,0.0,0.0,1.0,0.0,25.88984375,7.812714997041682
170,0.0,0.0,1.0,0.0,25.88984375,7.812714997041682
171,0.0,0.0,1.0,0.0,25.88984375,7.812714997041682
172,0.0,0.0,1.0,0.0,25.88984375,7.812714997041682
173,0.0,0.0,1.0,0.0,25.88984375,7.812714997041682
174,0.0,0.0,1.0,0.0,25.88984375,7.812714997041682
175,0.0,0.0,1.0,0.0,25.88984375,7.812714997041682
176,0.0,0.0,1.0,0.0,25.88984375,7.812714997041682
177,0.0,0.0,1.0,0.0,25.88984375,7.812714997041682
178,0.0,0.0,1.0,0.0,25.88984375,7.812714997041682
179,0.0,0.0,1.0,0.0,25.88984375,7.812714997041682
180,0.0,0.0,1.0,0.0,25.88984375,7.812714997041682
181,0.0,0.0,1.0,0.0,25.88984375,7.812714997041682
182,0.0,0.0,1.0,0.0,25.88984375,7.812714997041682
183,0.0,0.0,1.0,0.0,25.88984375,7.812714997041682
184,0.0,0.0,1.0,0.0,25.88984375,7.812714997041682
185,0.0,0.0,1.0,0.0,25.88984375,7.812714997041682
186,0.0,0.0,1.0,0.0,25.88984375,7.812714997041682
187,0.0,0.0,1.0,0.0,25.88984375,7.812714997041682
188,0.0,0.0,1.0,0.0,25.88984375,7.812714997041682
189,0.0,0.0,1.0,0.0,25.88984375,7.812714997041682
190,0.0,0.0,1.0,0.0,25.88984375,7.812714997041682
191,0.0,0.0,1.0,0.0,25.88984375,7.812714997041682
192,0.0,0.0,1.0,0.0,25.88984375,7.812714997041682
193,0.0,0.0,1.0,0.0,25.88984375,7.812714997041682
194,0.0,0.0,1.0,0.0,25.88984375,7.812714997041682
195,0.0,0.0,1.0,0.0,25.88984375,7.812714997041682
196,0.0,0.0,1.0,0.0,25.88984375,7.812714997041682
197,0.0,0.0,1.0,0.0,25.88984375,7.812714997041682
198,0.0,0.0,1.0,0.0,25.88984375,7.812714997041682
199,0.0,0.0,1.0,0.0,25.88984375,7.812714997041682
200,0.0,0.0,1.0,0.0,25.88984375,7.812714997041682
201,0.0,0.0,1.0,0.0,25.88984375,7.812714997041682
202,0.0,0.0,1.0,0.0,25.88984375,7.812714997041682
203,0.0,0.0,1.0,0.0,25.88984375,7.812714997041682
204,0.0,0.0,1.0,0.0,25.88984375,7.812714997041682
205,0.0,0.0,1.0,0.0,25.88984375,7.812714997041682
206,0.0,0.0,1.0,0.0,25.88984375,7.812714997041682
207,0.0,0.0,1.0,0.0,25.88984375,7.812714997041682
208,0.0,0.0,1.0,0.0,25.88984375,7.812714997041682
209,0.0,0.0,1.0,0.0,25.88984375,7.812714997041682
210,0.0,0.0,1.0,0.0,25.88984375,7.812714997041682
211,0.0,0.0,1.0,0.0,25.88984375,7.812714997041682
212,0.0,0.0,1.0,0.0,25.88984375,7.812714997041682
213,0.0,0.0,1.0,0.0,25.88984375,7.812714997041682
214,0.0,0.0,1.0,0.0,25.88984375,7.812714997041682
215,0.0,0.0,1.0,0.0,25.88984375,7.812714997041682
216,0.0,0.0,1.0,0.0,25.88984375,7.812714997041682
217,0.0,0.0,1.0,0.0,25.88984375,7.812714997041682
218,0.0,0.0,1.0,0.0,25.88984375,7.812714997041682
219,0.0,0.0,1.0,0.0,25.88984375,7.812714997041682
220,0.0,0.0,1.0,0.0,25.88984375,7.812714997041682
221,0.0,0.0,1.0,0.0,25.88984375,7.812714997041682
222,0.0,0.0,1.0,0.0,25.88984375,7.812714997041682
223,0.0,0.0,1.0,0.0,25.88984375,7.812714997041682
224,0.0,0.0,1.0,0.0,25.88984375,7.812714997041682
225,0.0,0.0,1.0,0.0,25.88984375,7.812714997041682
226,0.0,0.0,1.0,0.0,25.88984375,7.812714997041682
227,0.0,0.0,1.0,0.0,25.88984375,7.812714997041682
228,0.0,0.0,1.0,0.0,25.88984375,7.812714997041682
229,0.0,0.0,1.0,0.0,25.88984375,7.812714997041682
230,0.0,0.0,1.0,0.0,25.88984375,7.812714997041682
231,0.0,0.0,1.0,0.0,25.88984375,7.812714997041682
232,0.0,0.0,1.0,0.0,25.88984375,7.812714997041682
233,0.0,0.0,1.0,0.0,25.88984375,7.812714997041682
234,0.0,0.0,1.0,0.0,25.88984375,7.812714997041682
235,0.0,0.0,1.0,0.0,25.88984375,7.812714997041682
236,0.0,0.0,1.0,0.0,25.88984375,7.812714997041682
237,0.0,0.0,1.0,0.0,25.88984375,7.812714997041682
238,0.0,0.0,1.0,0.0,25.88984375,7.812714997041682
239,0.0,0.0,1.0,0.0,25.88984375,7.812714997041682
240,0.0,0.0,1.0,0.0,25.88984375,7.812714997041682
241,0.0,0.0,1.0,0.0,25.88984375,7.812714997041682
242,0.0,0.0,1.0,0.0,25.88984375,7.812714997041682
243,0.0,0.0,1.0,0.0,25.88984375,7.812714997041682
244,0.0,0.0,1.0,0.0,25.88984375,7.812714997041682
245,0.0,0.0,1.0,0.0,25.88984375,7.812714997041682
246,0.0,0.0,1.0,0.0,25.88984375,7.812714997041682
247,0.0,0.0,1.0,0.0,25.88984375,7.812714997041682
248,0.0,0.0,1.0,0.0,25.88984375,7.812714997041682
249,0.0,0.0,1.0,0.0,25.88984375,7.812714997041682
250,0.0,0.0,1.0,0.0,25.88984375,7.812714997041682
251,0.0,0.0,1.0,0.0,25.88984375,7.812714997041682
252,0.0,0.0,1.0,0.0,25.88984375,7.812714997041682
253,0.0,0.0,1.0,0.0,25.88984375,7.812714997041682
254,0.0,0.0,1.0,0.0,25.88984375,7.812714997041682
255,0.0,0.0,1.0,0.0,25.88984375,7.812714997041682
256,0.0,0.0,1.0,0.0,25.88984375,7.812714997041682
257,0.0,0.0,1.0,0.0,25.88984375,7.812714997041682
258,0.0,0.0,1.0,0.0,25.88984375,7.812714997041682
259,0.0,0.0,1.0,0.0,25.88984375,7.812714997041682
260,0.0,0.0,1.0,0.0,25.88984375,7.812714997041682
261,0.0,0.0,1.0,0.0,25.88984375,7.812714997041682
262,0.0,0.0,1.0,0.0,25.88984375,7.812714997041682
263,0.0,0.0,1.0,0.0,25.88984375,7.812714997041682
264,0.0,0.0,1.0,0.0,25.88984375,7.812714997041682
265,0.0,0.0,1.0,0.0,25.88984375,7.812714997041682
266,0.0,0.0,1.0,0.0,25.88984375,7.812714997041682
267,0.0,0.0,1.0,0.0,25.88984375,7.812714997041682
268,0.0,0.0,1.0,0.0,25.88984375,7.812714997041682
269,0.0,0.0,1.0,0.0,25.88984375,7.812714997041682
270,0.0,0.0,1.0,0.0,25.88984375,7.812714997041682
271,0.0,0.0,1.0,0.0,25.88984375,7.812714997041682
272,0.0,0.0,1.0,0.0,25.88984375,7.812714997041682
273,0.0,0.0,1.0,0.0,25.88984375,7.812714997041682
274,0.0,0.0,1.0,0.0,25.88984375,7.812714997041682
275,0.0,0.0,1.0,0.0,25.88984375,7.812714997041682
276,0.0,0.0,1.0,0.0,25.88984375,7.812714997041682
277,0.0,0.0,1.0,0.0,25.88984375,7.812714997041682
278,0.0,0.0,1.0,0.0,25.88984375,7.812714997041682
279,0.0,0.0,1.0,0.0,25.88984375,7.812714997041682
280,0.0,0.0,1.0,0.0,25.88984375,7.812714997041682
281,0.0,0.0,1.0,0.0,25.88984375,7.812714997041682
282,0.0,0.0,1.0,0.0,25.88984375,7.812714997041682
283,0.0,0.0,1.0,0.0,25.88984375,7.812714997041682
284,0.0,0.0,1.0,0.0,25.88984375,7.812714997041682
285,0.0,0.0,1.0,0.0,25.88984375,7.812714997041682
286,0.0,0.0,1.0,0.0,25.88984375,7.812714997041682
287,0.0,0.0,1.0,0.0,25.88984375,7.812714997041682
288,0.0,0.0,1.0,0.0,25.88984375,7.812714997041682
289,0.0,0.0,1.0,0.0,25.88984375,7.812714997041682
290,0.0,0.0,1.0,0.0,25.88984375,7.812714997041682
291,0.0,0.0,1.0,0.0,25.88984375,7.812714997041682
292,0.0,0.0,1.0,0.0,25.88984375,7.812714997041682
293,0.0,0.0,1.0,0.0,25.88984375,7.812714997041682
294,0.0,0.0,1.0,0.0,25.88984375,7.812714997041682
295,0.0,0.0,1.0,0.0,25.88984375,7.812714997041682
296,0.0,0.0,1.0,0.0,25.88984375,7.812714997041682
297,0.0,0.0,1.0,0.0,25.88984375,7.812714997041682
298,0.0,0.0,1.0,0.0,25.88984375,7.812714997041682
299,0.0,0.0,1.0,0.0,25.88984375,7.812714997041682
300,0.0,0.0,1.0,0.0,25.88984375,7.812714997041682
301,0.0,0.0,1.0,0.0,25.88984375,7.812714997041682
302,0.0,0.0,1.0,0.0,25.88984375,7.812714997041682
303,0.0,0.0,1.0,0.0,25.88984375,7.812714997041682
304,0.0,0.0,1.0,0.0,25.88984375,7.812714997041682
305,0.0,0.0,1.0,0.0,25.88984375,7.812714997041682
306,0.0,0.0,1.0,0.0,25.88984375,7.812714997041682
307,0.0,0.0,1.0,0.0,25.88984375,7.812714997041682
308,0.0,0.0,1.0,0.0,25.88984375,7.812714997041682
309,0.0,0.0,1.0,0.0,25.88984375,7.812714997041682
310,0.0,0.0,1.0,0.0,25.88984375,7.812714997041682
311,0.0,0.0,1.0,0.0,25.88984375,7.812714997041682
312,0.0,0.0,1.0,0.0,25.88984375,7.812714997041682
313,0.0,0.0,1.0,0.0,25.88984375,7.812714997041682
314,0.0,0.0,1.0,0.0,25.88984375,7.812714997041682
315,0.0,0.0,1.0,0.0,25.88984375,7.812714997041682
316,0.0,0.0,1.0,0.0,25.88984375,7.812714997041682
317,0.0,0.0,1.0,0.0,25.88984375,7.812714997041682
318,0.0,0.0,1.0,0.0,25.88984375,7.812714997041682
319,0.0,0.0,1.0,0.0,25.88984375,7.812714997041682
320,0.0,0.0,1.0,0.0,25.88984375,7.812714997041682
321,0.0,0.0,1.0,0.0,25.88984375,7.812714997041682
322,0.0,0.0,1.0,0.0,25.88984375,7.812714997041682
323,0.0,0.0,1.0,0.0,25.88984375,7.812714997041682
324,0.0,0.0,1.0,0.0,25.88984375,7.812714997041682
325,0.0,0.0,1.0,0.0,25.88984375,7.812714997041682
326,0.0,0.0,1.0,0.0,25.88984375,7.812714997041682
327,0.0,0.0,1.0,0.0,25.88984375,7.812714997041682
328,0.0,0.0,1.0,0.0,25.88984375,7.812714997041682
329,0.0,0.0,1.0,0.0,25.88984375,7.812714997041682
330,0.0,0.0,1.0,0.0,25.88984375,7.812714997041682
331,0.0,0.0,1.0,0.0,25.88984375,7.812714997041682
332,0.0,0.0,1.0,0.0,25.88984375,7.812714997041682
333,0.0,0.0,1.0,0.0,25.88984375,7.812714997041682
334,0.0,0.0,1.0,0.0,25.88984375,7.812714997041682
335,0.0,0.0,1.0,0.0,25.88984375,7.812714997041682
336,0.0,0.0,1.0,0.0,25.88984375,7.812714997041682
337,0.0,0.0,1.0,0.0,25.88984375,7.812714997041682
338,0.0,0.0,1.0,0.0,25.88984375,7.812714997041682
339,0.0,0.0,1.0,0.0,25.88984375,7.812714997041682
340,0.0,0.0,1.0,0.0,25.88984375,7.812714997041682
341,0.0,0.0,1.0,0.0,25.88984375,7.812714997041682
342,0.0,0.0,1.0,0.0,25.88984375,7.812714997041682
343,0.0,0.0,1.0,0.0,25.88984375,7.812714997041682
344,0.0,0.0,1.0,0.0,25.88984375,7.812714997041682
345,0.0,0.0,1.0,0.0,25.88984375,7.812714997041682
346,0.0,0.0,1.0,0.0,25.88984375,7.812714997041682
347,0.0,0.0,1.0,0.0,25.88984375,7.812714997041682
348,0.0,0.0,1.0,0.0,25.88984375,7.812714997041682
349,0.0,0.0,1.0,0.0,25.88984375,7.812714997041682
350,0.0,0.0,1.0,0.0,25.88984375,7.812714997041682
351,0.0,0.0,1.0,0.0,25.88984375,7.812714997041682
352,0.0,0.0,1.0,0.0,25.88984375,7.812714997041682
353,0.0,0.0,1.0,0.0,25.88984375,7.812714997041682
354,0.0,0.0,1.0,0.0,25.88984375,7.812714997041682
355,0.0,0.0,1.0,0.0,25.88984375,7.812714997041682
356,0.0,0.0,1.0,0.0,25.88984375,7.812714997041682
357,0.0,0.0,1.0,0.0,25.88984375,7.812714997041682
358,0.0,0.0,1.0,0.0,25.88984375,7.812714997041682
359,0.0,0.0,1.0,0.0,25.88984375,7.812714997041682
360,0.0,0.0,1.0,0.0,25.88984375,7.812714997041682
361,0.0,0.0,1.0,0.0,25.88984375,7.812714997041682
362,0.0,0.0,1.0,0.0,25.88984375,7.812714997041682
363,0.0,0.0,1.0,0.0,25.88984375,7.812714997041682
364,0.0,0.0,1.0,0.0,25.88984375,7.812714997041682
365,0.0,0.0,1.0,0.0,25.88984375,7.812714997041682
366,0.0,0.0,1.0,0.0,25.88984375,7.812714997041682
367,0.0,0.0,1.0,0.0,25.88984375,7.812714997041682
368,0.0,0.0,1.0,0.0,25.88984375,7.812714997041682
369,0.0,0.0,1.0,0.0,25.88984375,7.812714997041682
370,0.0,0.0,1.0,0.0,25.88984375,7.812714997041682
371,0.0,0.0,1.0,0.0,25.88984375,7.812714997041682
372,0.0,0.0,1.0,0.0,25.88984375,7.812714997041682
373,0.0,0.0,1.0,0.0,25.88984375,7.812714997041682
374,0.0,0.0,1.0,0.0,25.88984375,7.812714997041682
375,0.0,0.0,1.0,0.0,25.88984375,7.812714997041682
376,0.0,0.0,1.0,0.0,25.88984375,7.812714997041682
377,0.0,0.0,1.0,0.0,25.88984375,7.812714997041682
378,0.0,0.0,1.0,0.0,25.88984375,7.812714997041682
379,0.0,0.0,1.0,0.0,25.88984375,7.812714997041682
380,0.0,0.0,1.0,0.0,25.88984375,7.812714997041682
381,0.0,0.0,1.0,0.0,25.88984375,7.812714997041682
382,0.0,0.0,1.0,0.0,25.88984375,7.812714997041682
383,0.0,0.0,1.0,0.0,25.88984375,7.812714997041682
384,0.0,0.0,1.0,0.0,25.88984375,7.812714997041682
385,0.0,0.0,1.0,0.0,25.88984375,7.812714997041682
386,0.0,0.0,1.0,0.0,25.88984375,7.812714997041682
387,0.0,0.0,1.0,0.0,25.88984375,7.812714997041682
388,0.0,0.0,1.0,0.0,25.88984375,7.812714997041682
389,0.0,0.0,1.0,0.0,25.88984375,7.812714997041682
390,0.0,0.0,1.0,0.0,25.88984375,7.812714997041682
391,0.0,0.0,1.0,0.0,25.88984375,7.812714997041682
392,0.0,0.0,1.0,0.0,25.88984375,7.812714997041682
393,0.0,0.0,1.0,0.0,25.88984375,7.812714997041682
394,0.0,0.0,1.0,0.0,25.88984375,7.812714997041682
395,0.0,0.0,1.0,0.0,25.88984375,7.812714997041682
396,0.0,0.0,1.0,0.0,25.88984375,7.812714997041682
397,0.0,0.0,1.0,0.0,25.88984375,7.812714997041682
398,0.0,0.0,1.0,0.0,25.88984375,7.812714997041682
399,0.0,0.0,1.0,0.0,25.88984375,7.812714997041682
400,0.0,0.0,1.0,0.0,25.88984375,7.812714997041682
401,0.0,0.0,1.0,0.0,25.88984375,7.812714997041682
402,0.0,0.0,1.0,0.0,25.88984375,7.812714997041682
403,0.0,0.0,1.0,0.0,25.88984375,7.812714997041682
404,0.0,0.0,1.0,0.0,25.88984375,7.812714997041682
405,0.0,0.0,1.0,0.0,25.88984375,7.812714997041682
406,0.0,0.0,1.0,0.0,25.88984375,7.812714997041682
407,0.0,0.0,1.0,0.0,25.88984375,7.812714997041682
408,0.0,0.0,1.0,0.0,25.88984375,7.812714997041682
409,0.0,0.0,1.0,0.0,25.88984375,7.812714997041682
410,0.0,0.0,1.0,0.0,25.88984375,7.812714997041682
411,0.0,0.0,1.0,0.0,25.88984375,7.812714997041682
412,0.0,0.0,1.0,0.0,25.88984375,7.812714997041682
413,0.0,0.0,1.0,0.0,25.88984375,7.812714997041682
414,0.0,0.0,1.0,0.0,25.88984375,7.812714997041682
415,0.0,0.0,1.0,0.0,25.88984375,7.812714997041682
416,0.0,0.0,1.0,0.0,25.88984375,7.812714997041682
417,0.0,0.0,1.0,0.0,25.88984375,7.812714997041682
418,0.0,0.0,1.0,0.0,25.88984375,7.812714997041682
419,0.0,0.0,1.0,0.0,25.88984375,7.812714997041682
420,0.0,0.0,1.0,0.0,25.88984375,7.812714997041682
421,0.0,0.0,1.0,0.0,25.88984375,7.812714997041682
422,0.0,0.0,1.0,0.0,25.88984375,7.812714997041682
423,0.0,0.0,1.0,0.0,25.88984375,7.812714997041682
424,0.0,0.0,1.0,0.0,25.88984375,7.812714997041682
425,0.0,0.0,1.0,0.0,25.88984375,7.812714997041682
426,0.0,0.0,1.0,0.0,25.88984375,7.812714997041682
427,0.0,0.0,1.0,0.0,25.88984375,7.812714997041682
428,0.0,0.0,1.0,0.0,25.88984375,7.812714997041682
429,0.0,0.0,1.0,0.0,25.88984375,7.812714997041682
430,0.0,0.0,1.0,0.0,25.88984375,7.812714997041682
431,0.0,0.0,1.0,0.0,25.88984375,7.812714997041682
432,0.0,0.0,1.0,0.0,25.88984375,7.812714997041682
433,0.0,0.0,1.0,0.0,25.88984375,7.812714997041682
434,0.0,0.0,1.0,0.0,25.88984375,7.812714997041682
435,0.0,0.0,1.0,0.0,25.88984375,7.812714997041682
436,0.0,0.0,1.0,0.0,25.88984375,7.812714997041682
437,0.0,0.0,1.0,0.0,25.88984375,7.812714997041682
438,0.0,0.0,1.0,0.0,25.88984375,7.812714997041682
439,0.0,0.0,1.0,0.0,25.88984375,7.812714997041682
440,0.0,0.0,1.0,0.0,25.88984375,7.812714997041682
441,0.0,0.0,1.0,0.0,25.88984375,7.812714997041682
442,0.0,0.0,1.0,0.0,25.88984375,7.812714997041682
443,0.0,0.0,1.0,0.0,25.88984375,7.812714997041682
444,0.0,0.0,1.0,0.0,25.88984375,7.812714997041682
445,0.0,0.0,1.0,0.0,25.88984375,7.812714997041682
446,0.0,0.0,1.0,0.0,25.88984375,7.812714997041682
447,0.0,0.0,1.0,0.0,25.88984375,7.812714997041682
448,0.0,0.0,1.0,0.0,25.88984375,7.812714997041682
449,0.0,0.0,1.0,0.0,25.88984375,7.812714997041682
450,0.0,0.0,1.0,0.0,25.88984375,7.812714997041682
451,0.0,0.0,1.0,0.0,25.88984375,7.812714997041682
452,0.0,0.0,1.0,0.0,25.88984375,7.812714997041682
453,0.0,0.0,1.0,0.0,25.88984375,7.812714997041682
454,0.0,0.0,1.0,0.0,25.88984375,7.812714997041682
455,0.0,0.0,1.0,0.0,25.88984375,7.812714997041682
456,0.0,0.0,1.0,0.0,25.88984375,7.812714997041682
457,0.0,0.0,1.0,0.0,25.88984375,7.812714997041682
458,0.0,0.0,1.0,0.0,25.88984375,7.812714997041682
459,0.0,0.0,1.0,0.0,25.88984375,7.812714997041682
460,0.0,0.0,1.0,0.0,25.88984375,7.812714997041682
461,0.0,0.0,1.0,0.0,25.88984375,7.812714997041682
462,0.0,0.0,1.0,0.0,25.88984375,7.812714997041682
463,0.0,0.0,1.0,0.0,25.88984375,7.812714997041682
464,0.0,0.0,1.0,0.0,25.88984375,7.812714997041682
465,0.0,0.0,1.0,0.0,25.88984375,7.812714997041682
466,0.0,0.0,1.0,0.0,25.88984375,7.812714997041682
467,0.0,0.0,1.0,0.0,25.88984375,7.812714997041682
468,0.0,0.0,1.0,0.0,25.88984375,7.812714997041682
469,0.0,0.0,1.0,0.0,25.88984375,7.812714997041682
470,0.0,0.0,1.0,0.0,25.88984375,7.812714997041682
471,0.0,0.0,1.0,0.0,25.88984375,7.812714997041682
472,0.0,0.0,1.0,0.0,25.88984375,7.812714997041682
473,0.0,0.0,1.0,0.0,25.88984375,7.812714997041682
474,0.0,0.0,1.0,0.0,25.88984375,7.812714997041682
475,0.0,0.0,1.0,0.0,25.88984375,7.812714997041682
476,0.0,0.0,1.0,0.0,25.88984375,7.812714997041682
477,0.0,0.0,1.0,0.0,25.88984375,7.812714997041682
478,0.0,0.0,1.0,0.0,25.88984375,7.812714997041682
479,0.0,0.0,1.0,0.0,25.88984375,7.812714997041682
480,0.0,0.0,1.0,0.0,25.88984375,7.812714997041682
481,0.0,0.0,1.0,0.0,25.88984375,7.812714997041682
482,0.0,0.0,1.0,0.0,25.88984375,7.812714997041682
483,0.0,0.0,1.0,0.0,25.88984375,7.812714997041682
484,0.0,0.0,1.0,0.0,25.88984375,7.812714997041682
485,0.0,0.0,1.0,0.0,25.88984375,7.812714997041682
486,0.0,0.0,1.0,0.0,25.88984375,7.812714997041682
487,0.0,0.0,1.0,0.0,25.88984375,7.812714997041682
488,0.0,0.0,1.0,0.0,25.88984375,7.812714997041682
489,0.0,0.0,1.0,0.0,25.88984375,7.812714997041682
490,0.0,0.0,1.0,0.0,25.88984375,7.812714997041682
491,0.0,0.0,1.0,0.0,25.88984375,7.812714997041682
492,0.0,0.0,1.0,0.0,25.88984375,7.812714997041682
493,0.0,0.0,1.0,0.0,25.88984375,7.812714997041682
494,0.0,0.0,1.0,0.0,25.88984375,7.812714997041682
495,0.0,0.0,1.0,0.0,25.88984375,7.812714997041682
496,0.0,0.0,1.0,0.0,25.88984375,7.812714997041682
497,0.0,0.0,1.0,0.0,25.88984375,7.812714997041682
498,0.0,0.0,1.0,0.0,25.88984375,7.812714997041682
499,0.0,0.0,1.0,0.0,25.88984375,7.812714997041682
500,0.0,0.0,1.0,0.0,25.88984375,7.812714997041682
501,0.0,0.0,1.0,0.0,25.88984375,7.812714997041682
502,0.0,0.0,1.0,0.0,25.88984375,7.812714997041682
503,0.0,0.0,1.0,0.0,25.88984375,7.812714997041682
504,0.0,0.0,1.0,0.0,25.88984375,7.812714997041682
505,0.0,0.0,1.0,0.0,25.88984375,7.812714997041682
506,0.0,0.0,1.0,0.0,25.88984375,7.812714997041682
507,0.0,0.0,1.0,0.0,25.88984375,7.812714997041682
508,0.0,0.0,1.0,0.0,25.88984375,7.812714997041682
509,0.0,0.0,1.0,0.0,25.88984375,7.812714997041682
510,0.0,0.0,1.0,0.0,25.88984375,7.812714997041682
511,0.0,0.0,1.0,0.0,25.88984375,7.812714997041682
512,0.0,0.0,1.0,0.0,25.88984375,7.812714997041682
513,0.0,0.0,1.0,0.0,25.88984375,7.812714997041682
514,0.0,0.0,1.0,0.0,25.88984375,7.812714997041682
515,0.0,0.0,1.0,0.0,25.88984375,7.812714997041682
516,0.0,0.0,1.0,0.0,25.88984375,7.812714997041682
517,0.0,0.0,1.0,0.0,25.88984375,7.812714997041682
518,0.0,0.0,1.0,0.0,25.88984375,7.812714997041682
519,0.0,0.0,1.0,0.0,25.88984375,7.812714997041682
520,0.0,0.0,1.0,0.0,25.88984375,7.812714997041682
521,0.0,0.0,1.0,0.0,25.88984375,7.812714997041682
522,0.0,0.0,1.0,0.0,25.88984375,7.812714997041682
523,0.0,0.0,1.0,0.0,25.88984375,7.812714997041682
524,0.0,0.0,1.0,0.0,25.88984375,7.812714997041682
525,0.0,0.0,1.0,0.0,25.88984375,7.812714997041682
526,0.0,0.0,1.0,0.0,25.88984375,7.812714997041682
527,0.0,0.0,1.0,0.0,25.88984375,7.812714997041682
528,0.0,0.0,1.0,0.0,25.88984375,7.812714997041682
529,0.0,0.0,1.0,0.0,25.88984375,7.812714997041682
530,0.0,0.0,1.0,0.0,25.88984375,7.812714997041682
531,0.0,0.0,1.0,0.0,25.88984375,7.812714997041682
532,0.0,0.0,1.0,0.0,25.88984375,7.812714997041682
533,0.0,0.0,1.0,0.0,25.88984375,7.812714997041682
534,0.0,0.0,1.0,0.0,25.88984375,7.812714997041682
535,0.0,0.0,1.0,0.0,25.88984375,7.812714997041682
536,0.0,0.0,1.0,0.0,25.88984375,7.812714997041682
537,0.0,0.0,1.0,0.0,25.88984375,7.812714997041682
538,0.0,0.0,1.0,0.0,25.88984375,7.812714997041682
539,0.0,0.0,1.0,0.0,25.88984375,7.812714997041682
540,0.0,0.0,1.0,0.0,25.88984375,7.812714997041682
541,0.0,0.0,1.0,0.0,25.88984375,7.812714997041682
542,0.0,0.0,1.0,0.0,25.88984375,7.812714997041682
543,0.0,0.0,1.0,0.0,25.88984375,7.812714997041682
544,0.0,0.0,1.0,0.0,25.88984375,7.812714997041682
545,0.0,0.0,1.0,0.0,25.88984375,7.812714997041682
546,0.0,0.0,1.0,0.0,25.88984375,7.812714997041682
547,0.0,0.0,1.0,0.0,25.88984375,7.812714997041682
548,0.0,0.0,1.0,0.0,25.88984375,7.812714997041682
549,0.0,0.0,1.0,0.0,25.88984375,7.812714997041682
550,0.0,0.0,1.0,0.0,25.88984375,7.812714997041682
551,0.0,0.0,1.0,0.0,25.88984375,7.812714997041682
552,0.0,0.0,1.0,0.0,25.88984375,7.812714997041682
553,0.0,0.0,1.0,0.0,25.88984375,7.812714997041682
554,0.0,0.0,1.0,0.0,25.88984375,7.812714997041682
555,0.0,0.0,1.0,0.0,25.88984375,7.812714997041682
556,0.0,0.0,1.0,0.0,25.88984375,7.812714997041682
557,0.0,0.0,1.0,0.0,25.88984375,7.812714997041682
558,0.0,0.0,1.0,0.0,25.88984375,7.812714997041682
559,0.0,0.0,1.0,0.0,25.88984375,7.812714997041682
560,0.0,0.0,1.0,0.0,25.88984375,7.812714997041682
561,0.0,0.0,1.0,0.0,25.88984375,7.812714997041682
562,0.0,0.0,1.0,0.0,25.88984375,7.812714997041682
563,0.0,0.0,1.0,0.0,25.88984375,7.812714997041682
564,0.0,0.0,1.0,0.0,25.88984375,7.812714997041682
565,0.0,0.0,1.0,0.0,25.88984375,7.812714997041682
566,0.0,0.0,1.0,0.0,25.88984375,7.812714997041682
567,0.0,0.0,1.0,0.0,25.88984375,7.812714997041682
568,0.0,0.0,1.0,0.0,25.88984375,7.812714997041682
569,0.0,0.0,1.0,0.0,25.88984375,7.812714997041682
570,0.0,0.0,1.0,0.0,25.88984375,7.812714997041682
571,0.0,0.0,1.0,0.0,25.88984375,7.812714997041682
572,0.0,0.0,1.0,0.0,25.88984375,7.812714997041682
573,0.0,0.0,1.0,0.0,25.88984375,7.812714997041682
574,0.0,0.0,1.0,0.0,25.88984375,7.812714997041682
575,0.0,0.0,1.0,0.0,25.88984375,7.812714997041682
576,0.0,0.0,1.0,0.0,25.88984375,7.812714997041682
577,0.0,0.0,1.0,0.0,25.88984375,7.812714997041682
578,0.0,0.0,1.0,0.0,25.88984375,7.812714997041682
579,0.0,0.0,1.0,0.0,25.88984375,7.812714997041682
580,0.0,0.0,1.0,0.0,25.88984375,7.812714997041682
581,0.0,0.0,1.0,0.0,25.88984375,7.812714997041682
582,0.0,0.0,1.0,0.0,25.88984375,7.812714997041682
583,0.0,0.0,1.0,0.0,25.88984375,7.812714997041682
584,0.0,0.0,1.0,0.0,25.88984375,7.812714997041682
585,0.0,0.0,1.0,0.0,25.88984375,7.812714997041682
586,0.0,0.0,1.0,0.0,25.88984375,7.812714997041682
587,0.0,0.0,1.0,0.0,25.88984375,7.812714997041682
588,0.0,0.0,1.0,0.0,25.88984375,7.812714997041682
589,0.0,0.0,1.0,0.0,25.88984375,7.812714997041682
590,0.0,0.0,1.0,0.0,25.88984375,7.812714997041682
591,0.0,0.0,1.0,0.0,25.88984375,7.812714997041682
592,0.0,0.0,1.0,0.0,25.88984375,7.812714997041682
593,0.0,0.0,1.0,0.0,25.88984375,7.812714997041682
594,0.0,0.0,1.0,0.0,25.88984375,7.812714997041682
595,0.0,0.0,1.0,0.0,25.88984375,7.812714997041682
596,0.0,0.0,1.0,0.0,25.88984375,7.812714997041682
597,0.0,0.0,1.0,0.0,25.88984375,7.812714997041682
598,0.0,0.0,1.0,0.0,25.88984375,7.812714997041682
599,0.0,0.0,1.0,0.0,25.88984375,7.812714997041682
600,0.0,0.0,1.0,0.0,25.88984375,7.812714997041682
601,0.0,0.0,1.0,0.0,25.88984375,7.812714997041682
602,0.0,0.0,1.0,0.0,25.88984375,7.812714997041682
603,0.0,0.0,1.0,0.0,25.88984375,7.812714997041682
604,0.0,0.0,1.0,0.0,25.88984375,7.812714997041682
605,0.0,0.0,1.0,0.0,25.88984375,7.812714997041682
606,0.0,0.0,1.0,0.0,25.88984375,7.812714997041682
607,0.0,0.0,1.0,0.0,25.88984375,7.812714997041682
608,0.0,0.0,1.0,0.0,25.88984375,7.812714997041682
609,0.0,0.0,1.0,0.0,25.88984375,7.812714997041682
610,0.0,0.0,1.0,0.0,25.88984375,7.812714997041682
611,0.0,0.0,1.0,0.0,25.88984375,7.812714997041682
612,0.0,0.0,1.0,0.0,25.88984375,7.812714997041682
613,0.0,0.0,1.0,0.0,25.88984375,7.812714997041682
614,0.0,0.0,1.0,0.0,25.88984375,7.812714997041682
615,0.0,0.0,1.0,0.0,25.88984375,7.812714997041682
616,0.0,0.0,1.0,0.0,25.88984375,7.812714997041682
617,0.0,0.0,1.0,0.0,25.88984375,7.812714997041682
618,0.0,0.0,1.0,0.0,25.88984375,7.812714997041682
619,0.0,0.0,1.0,0.0,25.88984375,7.812714997041682
620,0.0,0.0,1.0,0.0,25.88984375,7.812714997041682
621,0.0,0.0,1.0,0.0,25.88984375,7.812714997041682
622,0.0,0.0,1.0,0.0,25.88984375,7.812714997041682
623,0.0,0.0,1.0,0.0,25.88984375,7.812714997041682
624,0.0,0.0,1.0,0.0,25.88984375,7.812714997041682
625,0.0,0.0,1.0,0.0,25.88984375,7.812714997041682
626,0.0,0.0,1.0,0.0,25.88984375,7.812714997041682
627,0.0,0.0,1.0,0.0,25.88984375,7.812714997041682
628,0.0,0.0,1.0,0.0,25.88984375,7.812714997041682
629,0.0,0.0,1.0,0.0,25.88984375,7.812714997041682
630,0.0,0.0,1.0,0.0,25.88984375,7.812714997041682
631,0.0,0.0,1.0,0.0,25.88984375,7.812714997041682
632,0.0,0.0,1.0,0.0,25.88984375,7.812714997041682
633,0.0,0.0,1.0,0.0,25.88984375,7.812714997041682
634,0.0,0.0,1.0,0.0,25.88984375,7.812714997041682
635,0.0,0.0,1.0,0.0,25.88984375,7.812714997041682
636,0.0,0.0,1.0,0.0,25.88984375,7.812714997041682
637,0.0,0.0,1.0,0.0,25.88984375,7.812714997041682
638,0.0,0.0,1.0,0.0,25.88984375,7.812714997041682
639,0.0,0.0,1.0,0.0,25.88984375,7.812714997041682
640,0.0,0.0,1.0,0.0,25.88984375,7.812714997041682
641,0.0,0.0,1.0,0.0,25.88984375,7.812714997041682
642,0.0,0.0,1.0,0.0,25.88984375,7.812714997041682
643,0.0,0.0,1.0,0.0,25.88984375,7.812714997041682
644,0.0,0.0,1.0,0.0,25.88984375,7.812714997041682
645,0.0,0.0,1.0,0.0,25.88984375,7.812714997041682
646,0.0,0.0,1.0,0.0,25.88984375,7.812714997041682
647,0.0,0.0,1.0,0.0,25.88984375,7.812714997041682
648,0.0,0.0,1.0,0.0,25.88984375,7.812714997041682
649,0.0,0.0,1.0,0.0,25.88984375,7.812714997041682
650,0.0,0.0,1.0,0.0,25.88984375,7.812714997041682
651,0.0,0.0,1.0,0.0,25.88984375,7.812714997041682
652,0.0,0.0,1.0,0.0,25.88984375,7.812714997041682
653,0.0,0.0,1.0,0.0,25.88984375,7.812714997041682
654,0.0,0.0,1.0,0.0,25.88984375,7.812714997041682
655,0.0,0.0,1.0,0.0,25.88984375,7.812714997041682
656,0.0,0.0,1.0,0.0,25.88984375,7.812714997041682
657,0.0,0.0,1.0,0.0,25.88984375,7.812714997041682
658,0.0,0.0,1.0,0.0,25.88984375,7.812714997041682
659,0.0,0.0,1.0,0.0,25.88984375,7.812714997041682
660,0.0,0.0,1.0,0.0,25.88984375,7.812714997041682
661,0.0,0.0,1.0,0.0,25.88984375,7.812714997041682
662,0.0,0.0,1.0,0.0,25.88984375,7.812714997041682
663,0.0,0.0,1.0,0.0,25.88984375,7.812714997041682
664,0.0,0.0,1.0,0.0,25.88984375,7.812714997041682
665,0.0,0.0,1.0,0.0,25.88984375,7.812714997041682
666,0.0,0.0,1.0,0.0,25.88984375,7.812714997041682
667,0.0,0.0,1.0,0.0,25.88984375,7.812714997041682
668,0.0,0.0,1.0,0.0,25.88984375,7.812714997041682
669,0.0,0.0,1.0,0.0,25.88984375,7.812714997041682
670,0.0,0.0,1.0,0.0,25.88984375,7.812714997041682
671,0.0,0.0,1.0,0.0,25.88984375,7.812714997041682
672,0.0,0.0,1.0,0.0,25.88984375,7.812714997041682
673,0.0,0.0,1.0,0.0,25.88984375,7.812714997041682
674,0.0,0.0,1.0,0.0,25.88984375,7.812714997041682
675,0.0,0.0,1.0,0.0,25.88984375,7.812714997041682
676,0.0,0.0,1.0,0.0,25.88984375,7.812714997041682
677,0.0,0.0,1.0,0.0,25.88984375,7.812714997041682
678,0.0,0.0,1.0,0.0,25.88984375,7.812714997041682
679,0.0,0.0,1.0,0.0,25.88984375,7.812714997041682
680,0.0,0.0,1.0,0.0,25.88984375,7.812714997041682
681,0.0,0.0,1.0,0.0,25.88984375,7.812714997041682
682,0.0,0.0,1.0,0.0,25.88984375,7.812714997041682
683,0.0,0.0,1.0,0.0,25.88984375,7.812714997041682
684,0.0,0.0,1.0,0.0,25.88984375,7.812714997041682
685,0.0,0.0,1.0,0.0,25.88984375,7.812714997041682
686,0.0,0.0,1.0,0.0,25.88984375,7.812714997041682
687,0.0,0.0,1.0,0.0,25.88984375,7.812714997041682
688,0.0,0.0,1.0,0.0,25.88984375,7.812714997041682
689,0.0,0.0,1.0,0.0,25.88984375,7.812714997041682
690,0.0,0.0,1.0,0.0,25.88984375,7.812714997041682
691,0.0,0.0,1.0,0.0,25.88984375,7.812714997041682
692,0.0,0.0,1.0,0.0,25.88984375,7.812714997041682
693,0.0,0.0,1.0,0.0,25.88984375,7.812714997041682
694,0.0,0.0,1.0,0.0,25.88984375,7.812714997041682
695,0.0,0.0,1.0,0.0,25.88984375,7.812714997041682
696,0.0,0.0,1.0,0.0,25.88984375,7.812714997041682
697,0.0,0.0,1.0,0.0,25.88984375,7.812714997041682
698,0.0,0.0,1.0,0.0,25.88984375,7.812714997041682
699,0.0,0.0,1.0,0.0,25.88984375,7.812714997041682
700,0.0,0.0,1.0,0.0,25.88984375,7.812714997041682
701,0.0,0.0,1.0,0.0,25.88984375,7.812714997041682
702,0.0,0.0,1.0,0.0,25.88984375,7.812714997041682
703,0.0,0.0,1.0,0.0,25.88984375,7.812714997041682
704,0.0,0.0,1.0,0.0,25.88984375,7.812714997041682
705,0.0,0.0,1.0,0.0,25.88984375,7.812714997041682
706,0.0,0.0,1.0,0.0,25.88984375,7.812714997041682
707,0.0,0.0,1.0,0.0,25.88984375,7.812714997041682
708,0.0,0.0,1.0,0.0,25.88984375,7.812714997041682
709,0.0,0.0,1.0,0.0,25.88984375,7.812714997041682
710,0.0,0.0,1.0,0.0,25.88984375,7.812714997041682
711,0.0,0.0,1.0,0.0,25.88984375,7.812714997041682
712,0.0,0.0,1.0,0.0,25.88984375,7.812714997041682
713,0.0,0.0,1.0,0.0,25.88984375,7.812714997041682
714,0.0,0.0,1.0,0.0,25.88984375,7.812714997041682
715,0.0,0.0,1.0,0.0,25.88984375,7.812714997041682
716,0.0,0.0,1.0,0.0,25.88984375,7.812714997041682
717,0.0,0.0,1.0,0.0,25.88984375,7.812714997041682
718,0.0,0.0,1.0,0.0,25.88984375,7.812714997041682
719,0.0,0.0,1.0,0.0,25.88984375,7.812714997041682
720,0.0,0.0,1.0,0.0,25.88984375,7.812714997041682
721,0.0,0.0,1.0,0.0,25.88984375,7.812714997041682
722,0.0,0.0,1.0,0.0,25.88984375,7.812714997041682
723,0.0,0.0,1.0,0.0,25.88984375,7.812714997041682
724,0.0,0.0,1.0,0.0,25.88984375,7.812714997041682
725,0.0,0.0,1.0,0.0,25.88984375,7.812714997041682
726,0.0,0.0,1.0,0.0,25.88984375,7.812714997041682
727,0.0,0.0,1.0,0.0,25.88984375,7.812714997041682
728,0.0,0.0,1.0,0.0,25.88984375,7.812714997041682
729,0.0,0.0,1.0,0.0,25.88984375,7.812714997041682
730,0.0,0.0,1.0,0.0,25.88984375,7.812714997041682
731,0.0,0.0,1.0,0.0,25.88984375,7.812714997041682
732,0.0,0.0,1.0,0.0,25.88984375,7.812714997041682
733,0.0,0.0,1.0,0.0,25.88984375,7.812714997041682
734,0.0,0.0,1.0,0.0,25.88984375,7.812714997041682
735,0.0,0.0,1.0,0.0,25.88984375,7.812714997041682
736,0.0,0.0,1.0,0.0,25.88984375,7.812714997041682
737,0.0,0.0,1.0,0.0,25.88984375,7.812714997041682
738,0.0,0.0,1.0,0.0,25.88984375,7.812714997041682
739,0.0,0.0,1.0,0.0,25.88984375,7.812714997041682
740,0.0,0.0,1.0,0.0,25.88984375,7.812714997041682
741,0.0,0.0,1.0,0.0,25.88984375,7.812714997041682
742,0.0,0.0,1.0,0.0,25.88984375,7.812714997041682
743,0.0,0.0,1.0,0.0,25.88984375,7.812714997041682
744,0.0,0.0,1.0,0.0,25.88984375,7.812714997041682
745,0.0,0.0,1.0,0.0,25.88984375,7.812714997041682
746,0.0,0.0,1.0,0.0,25.88984375,7.812714997041682
747,0.0,0.0,1.0,0.0,25.88984375,7.812714997041682
748,0.0,0.0,1.0,0.0,25.88984375,7.812714997041682
749,0.0,0.0,1.0,0.0,25.88984375,7.812714997041682
750,0.0,0.0,1.0,0.0,25.88984375,7.812714997041682
751,0.0,0.0,1.0,0.0,25.88984375,7.812714997041682
752,0.0,0.0,1.0,0.0,25.88984375,7.812714997041682
753,0.0,0.0,1.0,0.0,25.88984375,7.812714997041682
754,0.0,0.0,1.0,0.0,25.88984375,7.812714997041682
755,0.0,0.0,1.0,0.0,25.88984375,7.812714997041682
756,0.0,0.0,1.0,0.0,25.88984375,7.812714997041682
757,0.0,0.0,1.0,0.0,25.88984375,7.812714997041682
758,0.0,0.0,1.0,0.0,25.88984375,7.812714997041682
759,0.0,0.0,1.0,0.0,25.88984375,7.812714997041682
760,0.0,0.0,1.0,0.0,25.88984375,7.812714997041682
761,0.0,0.0,1.0,0.0,25.88984375,7.812714997041682
762,0.0,0.0,1.0,0.0,25.88984375,7.812714997041682
763,0.0,0.0,1.0,0.0,25.88984375,7.812714997041682
764,0.0,0.0,1.0,0.0,25.88984375,7.812714997041682
765,0.0,0.0,1.0,0.0,25.88984375,7.812714997041682
766,0.0,0.0,1.0,0.0,25.88984375,7.812714997041682
767,0.0,0.0,1.0,0.0,25.88984375,7.812714997041682
768,0.0,0.0,1.0,0.0,25.88984375,7.812714997041682
769,0.0,0.0,1.0,0.0,25.88984375,7.812714997041682
770,0.0,0.0,1.0,0.0,25.88984375,7.812714997041682
771,0.0,0.0,1.0,0.0,25.88984375,7.812714997041682
772,0.0,0.0,1.0,0.0,25.88984375,7.812714997041682
773,0.0,0.0,1.0,0.0,25.88984375,7.812714997041682
774,0.0,0.0,1.0,0.0,25.88984375,7.812714997041682
775,0.0,0.0,1.0,0.0,25.88984375,7.812714997041682
776,0.0,0.0,1.0,0.0,25.88984375,7.812714997041682
777,0.0,0.0,1.0,0.0,25.88984375,7.812714997041682
778,0.0,0.0,1.0,0.0,25.88984375,7.812714997041682
779,0.0,0.0,1.0,0.0,25.88984375,7.812714997041682
780,0.0,0.0,1.0,0.0,25.88984375,7.812714997041682
781,0.0,0.0,1.0,0.0,25.88984375,7.812714997041682
782,0.0,0.0,1.0,0.0,25.88984375,7.812714997041682
783,0.0,0.0,1.0,0.0,25.88984375,7.812714997041682
784,0.0,0.0,1.0,0.0,25.88984375,7.812714997041682
785,0.0,0.0,1.0,0.0,25.88984375,7.812714997041682
786,0.0,0.0,1.0,0.0,25.88984375,7.812714997041682
787,0.0,0.0,1.0,0.0,25.88984375,7.812714997041682
788,0.0,0.0,1.0,0.0,25.88984375,7.812714997041682
789,0.0,0.0,1.0,0.0,25.88984375,7.812714997041682
790,0.0,0.0,1.0,0.0,25.88984375,7.812714997041682
791,0.0,0.0,1.0,0.0,25.88984375,7.812714997041682
792,0.0,0.0,1.0,0.0,25.88984375,7.812714997041682
793,0.0,0.0,1.0,0.0,25.88984375,7.812714997041682
794,0.0,0.0,1.0,0.0,25.88984375,7.812714997041682
795,0.0,0.0,1.0,0.0,25.88984375,7.812714997041682
796,0.0,0.0,1.0,0.0,25.88984375,7.812714997041682
797,0.0,0.0,1.0,0.0,25.88984375,7.812714997041682
798,0.0,0.0,1.0,0.0,25.88984375,7.812714997041682
799,0.0,0.0,1.0,0.0,25.88984375,7.812714997041682
800,0.0,0.0,1.0,0.0,25.88984375,7.812714997041682
801,0.0,0.0,1.0,0.0,25.88984375,7.812714997041682
802,0.0,0.0,1.0,0.0,25.88984375,7.812714997041682
803,0.0,0.0,1.0,0.0,25.88984375,7.812714997041682
804,0.0,0.0,1.0,0.0,25.88984375,7.812714997041682
805,0.0,0.0,1.0,0.0,25.88984375,7.812714997041682
806,0.0,0.0,1.0,0.0,25.88984375,7.812714997041682
807,0.0,0.0,1.0,0.0,25.88984375,7.812714997041682
808,0.0,0.0,1.0,0.0,25.88984375,7.812714997041682
809,0.0,0.0,1.0,0.0,25.88984375,7.812714997041682
810,0.0,0.0,1.0,0.0,25.88984375,7.812714997041682
811,0.0,0.0,1.0,0.0,25.88984375,7.812714997041682
812,0.0,0.0,1.0,0.0,25.88984375,7.812714997041682
813,0.0,0.0,1.0,0.0,25.88984375,7.812714997041682
814,0.0,0.0,1.0,0.0,25.88984375,7.812714997041682
815,0.0,0.0,1.0,0.0,25.88984375,7.812714997041682
816,0.0,0.0,1.0,0.0,25.88984375,7.812714997041682
817,0.0,0.0,1.0,0.0,25.88984375,7.812714997041682
818,0.0,0.0,1.0,0.0,25.88984375,7.812714997041682
819,0.0,0.0,1.0,0.0,25.88984375,7.812714997041682
820,0.0,0.0,1.0,0.0,25.88984375,7.812714997041682
821,0.0,0.0,1.0,0.0,25.88984375,7.812714997041682
822,0.0,0.0,1.0,0.0,25.88984375,7.812714997041682
823,0.0,0.0,1.0,0.0,25.88984375,7.812714997041682
824,0.0,0.0,1.0,0.0,25.88984375,7.812714997041682
825,0.0,0.0,1.0,0.0,25.88984375,7.812714997041682
826,0.0,0.0,1.0,0.0,25.88984375,7.812714997041682
827,0.0,0.0,1.0,0.0,25.88984375,7.812714997041682
828,0.0,0.0,1.0,0.0,25.88984375,7.812714997041682
829,0.0,0.0,1.0,0.0,25.88984375,7.812714997041682
830,0.0,0.0,1.0,0.0,25.88984375,7.812714997041682
831,0.0,0.0,1.0,0.0,25.88984375,7.812714997041682
832,0.0,0.0,1.0,0.0,25.88984375,7.812714997041682
833,0.0,0.0,1.0,0.0,25.88984375,7.812714997041682
834,0.0,0.0,1.0,0.0,25.88984375,7.812714997041682
835,0.0,0.0,1.0,0.0,25.88984375,7.812714997041682
836,0.0,0.0,1.0,0.0,25.88984375,7.812714997041682
837,0.0,0.0,1.0,0.0,25.88984375,7.812714997041682
838,0.0,0.0,1.0,0.0,25.88984375,7.812714997041682
839,0.0,0.0,1.0,0.0,25.88984375,7.812714997041682
840,0.0,0.0,1.0,0.0,25.88984375,7.812714997041682
841,0.0,0.0,1.0,0.0,25.88984375,7.812714997041682
842,0.0,0.0,1.0,0.0,25.88984375,7.812714997041682
843,0.0,0.0,1.0,0.0,25.88984375,7.812714997041682
844,0.0,0.0,1.0,0.0,25.88984375,7.812714997041682
845,0.0,0.0,1.0,0.0,25.88984375,7.812714997041682
846,0.0,0.0,1.0,0.0,25.88984375,7.812714997041682
847,0.0,0.0,1.0,0.0,25.88984375,7.812714997041682
848,0.0,0.0,1.0,0.0,25.88984375,7.812714997041682
849,0.0,0.0,1.0,0.0,25.88984375,7.812714997041682
850,0.0,0.0,1.0,0.0,25.88984375,7.812714997041682
851,0.0,0.0,1.0,0.0,25.88984375,7.812714997041682
852,0.0,0.0,1.0,0.0,25.88984375,7.812714997041682
853,0.0,0.0,1.0,0.0,25.88984375,7.812714997041682
854,0.0,0.0,1.0,0.0,25.88984375,7.812714997041682
855,0.0,0.0,1.0,0.0,25.88984375,7.812714997041682
856,0.0,0.0,1.0,0.0,25.88984375,7.812714997041682
857,0.0,0.0,1.0,0.0,25.88984375,7.812714997041682
858,0.0,0.0,1.0,0.0,25.88984375,7.812714997041682
859,0.0,0.0,1.0,0.0,25.88984375,7.812714997041682
860,0.0,0.0,1.0,0.0,25.88984375,7.812714997041682
861,0.0,0.0,1.0,0.0,25.88984375,7.812714997041682
862,0.0,0.0,1.0,0.0,25.88984375,7.812714997041682
863,0.0,0.0,1.0,0.0,25.88984375,7.812714997041682
864,0.0,0.0,1.0,0.0,25.88984375,7.812714997041682
865,0.0,0.0,1.0,0.0,25.88984375,7.812714997041682
866,0.0,0.0,1.0,0.0,25.88984375,7.812714997041682
867,0.0,0.0,1.0,0.0,25.88984375,7.812714997041682
868,0.0,0.0,1.0,0.0,25.88984375,7.812714997041682
869,0.0,0.0,1.0,0.0,25.88984375,7.812714997041682
870,0.0,0.0,1.0,0.0,25.88984375,7.812714997041682
871,0.0,0.0,1.0,0.0,25.88984375,7.812714997041682
872,0.0,0.0,1.0,0.0,25.88984375,7.812714997041682
873,0.0,0.0,1.0,0.0,25.88984375,7.812714997041682
874,0.0,0.0,1.0,0.0,25.88984375,7.812714997041682
875,0.0,0.0,1.0,0.0,25.88984375,7.812714997041682
876,0.0,0.0,1.0,0.0,25.88984375,7.812714997041682
877,0.0,0.0,1.0,0.0,25.88984375,7.812714997041682
878,0.0,0.0,1.0,0.0,25.88984375,7.812714997041682
879,0.0,0.0,1.0,0.0,25.88984375,7.812714997041682
880,0.0,0.0,1.0,0.0,25.88984375,7.812714997041682
881,0.0,0.0,1.0,0.0,25.88984375,7.812714997041682
882,0.0,0.0,1.0,0.0,25.88984375,7.812714997041682
883,0.0,0.0,1.0,0.0,25.88984375,7.812714997041682
884,0.0,0.0,1.0,0.0,25.88984375,7.812714997041682
885,0.0,0.0,1.0,0.0,25.88984375,7.812714997041682
886,0.0,0.0,1.0,0.0,25.88984375,7.812714997041682
887,0.0,0.0,1.0,0.0,25.88984375,7.812714997041682
888,0.0,0.0,1.0,0.0,25.88984375,7.812714997041682
889,0.0,0.0,1.0,0.0,25.88984375,7.812714997041682
890,0.0,0.0,1.0,0.0,25.88984375,7.812714997041682
891,0.0,0.0,1.0,0.0,25.88984375,7.812714997041682
892,0.0,0.0,1.0,0.0,25.88984375,7.812714997041682
893,0.0,0.0,1.0,0.0,25.88984375,7.812714997041682
894,0.0,0.0,1.0,0.0,25.88984375,7.812714997041682
895,0.0,0.0,1.0,0.0,25.88984375,7.812714997041682
896,0.0,0.0,1.0,0.0,25.88984375,7.812714997041682
897,0.0,0.0,1.0,0.0,25.88984375,7.812714997041682
898,0.0,0.0,1.0,0.0,25.88984375,7.812714997041682
899,0.0,0.0,1.0,0.0,25.88984375,7.812714997041682
900,0.0,0.0,1.0,0.0,25.88984375,7.812714997041682
901,0.0,0.0,1.0,0.0,25.88984375,7.812714997041682
902,0.0,0.0,1.0,0.0,25.88984375,7.812714997041682
903,0.0,0.0,1.0,0.0,25.88984375,7.812714997041682
904,0.0,0.0,1.0,0.0,25.88984375,7.812714997041682
905,0.0,0.0,1.0,0.0,25.88984375,7.812714997041682
906,0.0,0.0,1.0,0.0,25.88984375,7.812714997041682
907,0.0,0.0,1.0,0.0,25.88984375,7.812714997041682
908,0.0,0.0,1.0,0.0,25.88984375,7.812714997041682
909,0.0,0.0,1.0,0.0,25.88984375,7.812714997041682
910,0.0,0.0,1.0,0.0,25.88984375,7.812714997041682
911,0.0,0.0,1.0,0.0,25.88984375,7.812714997041682
912,0.0,0.0,1.0,0.0,25.88984375,7.812714997041682
913,0.0,0.0,1.0,0.0,25.88984375,7.812714997041682
914,0.0,0.0,1.0,0.0,25.88984375,7.812714997041682
915,0.0,0.0,1.0,0.0,25.88984375,7.812714997041682
916,0.0,0.0,1.0,0.0,25.88984375,7.812714997041682
917,0.0,0.0,1.0,0.0,25.88984375,7.812714997041682
918,0.0,0.0,1.0,0.0,25.88984375,7.812714997041682
919,0.0,0.0,1.0,0.0,25.88984375,7.812714997041682
920,0.0,0.0,1.0,0.0,25.88984375,7.812714997041682
921,0.0,0.0,1.0,0.0,25.88984375,7.812714997041682
922,0.0,0.0,1.0,0.0,25.88984375,7.812714997041682
923,0.0,0.0,1.0,0.0,25.88984375,7.812714997041682
924,0.0,0.0,1.0,0.0,25.88984375,7.812714997041682
925,0.0,0.0,1.0,0.0,25.88984375,7.812714997041682
926,0.0,0.0,1.0,0.0,25.88984375,7.812714997041682
927,0.0,0.0,1.0,0.0,25.88984375,7.812714997041682
928,0.0,0.0,1.0,0.0,25.88984375,7.812714997041682
929,0.0,0.0,1.0,0.0,25.88984375,7.812714997041682
930,0.0,0.0,1.0,0.0,25.88984375,7.812714997041682
931,0.0,0.0,1.0,0.0,25.88984375,7.812714997041682
932,0.0,0.0,1.0,0.0,25.88984375,7.812714997041682
933,0.0,0.0,1.0,0.0,25.88984375,7.812714997041682
934,0.0,0.0,1.0,0.0,25.88984375,7.812714997041682
935,0.0,0.0,1.0,0.0,25.88984375,7.812714997041682
936,0.0,0.0,1.0,0.0,25.88984375,7.812714997041682
937,0.0,0.0,1.0,0.0,25.88984375,7.812714997041682
938,0.0,0.0,1.0,0.0,25.88984375,7.812714997041682
939,0.0,0.0,1.0,0.0,25.88984375,7.812714997041682
940,0.0,0.0,1.0,0.0,25.88984375,7.812714997041682
941,0.0,0.0,1.0,0.0,25.88984375,7.812714997041682
942,0.0,0.0,1.0,0.0,25.88984375,7.812714997041682
943,0.0,0.0,1.0,0.0,25.88984375,7.812714997041682
944,0.0,0.0,1.0,0.0,25.88984375,7.812714997041682
945,0.0,0.0,1.0,0.0,25.88984375,7.812714997041682
946,0.0,0.0,1.0,0.0,25.88984375,7.812714997041682
947,0.0,0.0,1.0,0.0,25.88984375,7.812714997041682
948,0.0,0.0,1.0,0.0,25.88984375,7.812714997041682
949,0.0,0.0,1.0,0.0,25.88984375,7.812714997041682
950,0.0,0.0,1.0,0.0,25.88984375,7.812714997041682
951,0.0,0.0,1.0,0.0,25.88984375,7.812714997041682
952,0.0,0.0,1.0,0.0,25.88984375,7.812714997041682
953,0.0,0.0,1.0,0.0,25.88984375,7.812714997041682
954,0.0,0.0,1.0,0.0,25.88984375,7.812714997041682
955,0.0,0.0,1.0,0.0,25.88984375,7.812714997041682
956,0.0,0.0,1.0,0.0,25.88984375,7.812714997041682
957,0.0,0.0,1.0,0.0,25.88984375,7.812714997041682
958,0.0,0.0,1.0,0.0,25.88984375,7.812714997041682
959,0.0,0.0,1.0,0.0,25.88984375,7.812714997041682
960,0.0,0.0,1.0,0.0,25.88984375,7.812714997041682
961,0.0,0.0,1.0,0.0,25.88984375,7.812714997041682
962,0.0,0.0,1.0,0.0,25.88984375,7.812714997041682
963,0.0,0.0,1.0,0.0,25.88984375,7.812714997041682
964,0.0,0.0,1.0,0.0,25.88984375,7.812714997041682
965,0.0,0.0,1.0,0.0,25.88984375,7.812714997041682
966,0.0,0.0,1.0,0.0,25.88984375,7.812714997041682
967,0.0,0.0,1.0,0.0,25.88984375,7.812714997041682
968,0.0,0.0,1.0,0.0,25.88984375,7.812714997041682
969,0.0,0.0,1.0,0.0,25.88984375,7.812714997041682
970,0.0,0.0,1.0,0.0,25.88984375,7.812714997041682
971,0.0,0.0,1.0,0.0,25.88984375,7.812714997041682
972,0.0,0.0,1.0,0.0,25.88984375,7.812714997041682
973,0.0,0.0,1.0,0.0,25.88984375,7.812714997041682
974,0.0,0.0,1.0,0.0,25.88984375,7.812714997041682
975,0.0,0.0,1.0,0.0,25.88984375,7.812714997041682
976,0.0,0.0,1.0,0.0,25.88984375,7.812714997041682
977,0.0,0.0,1.0,0.0,25.88984375,7.812714997041682
978,0.0,0.0,1.0,0.0,25.88984375,7.812714997041682
979,0.0,0.0,1.0,0.0,25.88984375,7.812714997041682
980,0.0,0.0,1.0,0.0,25.88984375,7.812714997041682
981,0.0,0.0,1.0,0.0,25.88984375,7.812714997041682
982,0.0,0.0,1.0,0.0,25.88984375,7.812714997041682
983,0.0,0.0,1.0,0.0,25.88984375,7.812714997041682
984,0.0,0.0,1.0,0.0,25.88984375,7.812714997041682
985,0.0,0.0,1.0,0.0,25.88984375,7.812714997041682
986,0.0,0.0,1.0,0.0,25.88984375,7.812714997041682
987,0.0,0.0,1.0,0.0,25.88984375,7.812714997041682
988,0.0,0.0,1.0,0.0,25.88984375,7.812714997041682
989,0.0,0.0,1.0,0.0,25.88984375,7.812714997041682
990,0.0,0.0,1.0,0.0,25.88984375,7.812714997041682
991,0.0,0.0,1.0,0.0,25.88984375,7.812714997041682
992,0.0,0.0,1.0,0.0,25.88984375,7.812714997041682
993,0.0,0.0,1.0,0.0,25.88984375,7.812714997041682
994,0.0,0.0,1.0,0.0,25.88984375,7.812714997041682
995,0.0,0.0,1.0,0.0,25.88984375,7.812714997041682
996,0.0,0.0,1.0,0.0,25.88984375,7.812714997041682
997,0.0,0.0,1.0,0.0,25.88984375,7.812714997041682
998,0.0,0.0,1.0,0.0,25.88984375,7.812714997041682
999,0.0,0.0,1.0,0.0,25.88984375,7.812714997041682
1000,0.0,0.0,1.0,0.0,25.88984375,7.812714997041682
1001,0.0,0.0,1.0,0.0,25.88984375,7.812714997041682
1002,0.0,0.0,1.0,0.0,25.88984375,7.812714997041682
1003,0.0,0.0,1.0,0.0,25.88984375,7.812714997041682
1004,0.0,0.0,1.0,0.0,25.88984375,7.812714997041682
1005,0.0,0.0,1.0,0.0,25.88984375,7.812714997041682
1006,0.0,0.0,1.0,0.0,25.88984375,7.812714997041682
1007,0.0,0.0,1.0,0.0,25.88984375,7.812714997041682
1008,0.0,0.0,1.0,0.0,25.88984375,7.812714997041682
1009,0.0,0.0,1.0,0.0,25.88984375,7.812714997041682
1010,0.0,0.0,1.0,0.0,25.88984375,7.812714997041682
1011,0.0,0.0,1.0,0.0,25.88984375,7.812714997041682
1012,0.0,0.0,1.0,0.0,25.88984375,7.812714997041682
1013,0.0,0.0,1.0,0.0,25.88984375,7.812714997041682
1014,0.0,0.0,1.0,0.0,25.88984375,7.812714997041682
1015,0.0,0.0,1.0,0.0,25.88984375,7.812714997041682
1016,0.0,0.0,1.0,0.0,25.88984375,7.812714997041682
1017,0.0,0.0,1.0,0.0,25.88984375,7.812714997041682
1018,0.0,0.0,1.0,0.0,25.88984375,7.812714997041682
1019,0.0,0.0,1.0,0.0,25.88984375,7.812714997041682
1020,0.0,0.0,1.0,0.0,25.88984375,7.812714997041682
1021,0.0,0.0,1.0,0.0,25.88984375,7.812714997041682
1022,0.0,0.0,1.0,0.0,25.88984375,7.812714997041682
1023,0.0,0.0,1.0,0.0,25.88984375,7.812714997041682
1024,0.0,0.0,1.0,0.0,25.88984375,7.812714997041682
1025,0.0,0.0,1.0,0.0,25.88984375,7.812714997041682
1026,0.0,0.0,1.0,0.0,25.88984375,7.812714997041682
1027,0.0,0.0,1.0,0.0,25.88984375,7.812714997041682
1028,0.0,0.0,1.0,0.0,25.88984375,7.812714997041682
1029,0.0,0.0,1.0,0.0,25.88984375,7.812714997041682
1030,0.0,0.0,1.0,0.0,25.88984375,7.812714997041682
1031,0.0,0.0,1.0,0.0,25.88984375,7.812714997041682
1032,0.0,0.0,1.0,0.0,25.88984375,7.812714997041682
1033,0.0,0.0,1.0,0.0,25.88984375,7.812714997041682
1034,0.0,0.0,1.0,0.0,25.88984375,7.812714997041682
1035,0.0,0.0,1.0,0.0,25.88984375,7.812714997041682
1036,0.0,0.0,1.0,0.0,25.88984375,7.812714997041682
1037,0.0,0.0,1.0,0.0,25.88984375,7.812714997041682
1038,0.0,0.0,1.0,0.0,25.88984375,7.812714997041682
1039,0.0,0.0,1.0,0.0,25.88984375,7.812714997041682
1040,0.0,0.0,1.0,0.0,25.88984375,7.812714997041682
1041,0.0,0.0,1.0,0.0,25.88984375,7.812714997041682
1042,0.0,0.0,1.0,0.0,25.88984375,7.812714997041682
1043,0.0,0.0,1.0,0.0,25.88984375,7.812714997041682
1044,0.0,0.0,1.0,0.0,25.88984375,7.812714997041682
1045,0.0,0.0,1.0,0.0,25.88984375,7.812714997041682
1046,0.0,0.0,1.0,0.0,25.88984375,7.812714997041682
1047,0.0,0.0,1.0,0.0,25.88984375,7.812714997041682
1048,0.0,0.0,1.0,0.0,25.88984375,7.812714997041682
1049,0.0,0.0,1.0,0.0,25.88984375,7.812714997041682
1050,0.0,0.0,1.0,0.0,25.88984375,7.812714997041682
1051,0.0,0.0,1.0,0.0,25.88984375,7.812714997041682
1052,0.0,0.0,1.0,0.0,25.88984375,7.812714997041682
1053,0.0,0.0,1.0,0.0,25.88984375,7.812714997041682
1054,0.0,0.0,1.0,0.0,25.88984375,7.812714997041682
1055,0.0,0.0,1.0,0.0,25.88984375,7.812714997041682
1056,0.0,0.0,1.0,0.0,25.88984375,7.812714997041682
1057,0.0,0.0,1.0,0.0,25.88984375,7.812714997041682
1058,0.0,0.0,1.0,0.0,25.88984375,7.812714997041682
1059,0.0,0.0,1.0,0.0,25.88984375,7.812714997041682
1060,0.0,0.0,1.0,0.0,25.88984375,7.812714997041682
1061,0.0,0.0,1.0,0.0,25.88984375,7.812714997041682
1062,0.0,0.0,1.0,0.0,25.88984375,7.812714997041682
1063,0.0,0.0,1.0,0.0,25.88984375,7.812714997041682
1064,0.0,0.0,1.0,0.0,25.88984375,7.812714997041682
1065,0.0,0.0,1.0,0.0,25.88984375,7.812714997041682
1066,0.0,0.0,1.0,0.0,25.88984375,7.812714997041682
1067,0.0,0.0,1.0,0.0,25.88984375,7.812714997041682
1068,0.0,0.0,1.0,0.0,25.88984375,7.812714997041682
1069,0.0,0.0,1.0,0.0,25.88984375,7.812714997041682
1070,0.0,0.0,1.0,0.0,25.88984375,7.812714997041682
1071,0.0,0.0,1.0,0.0,25.88984375,7.812714997041682
1072,0.0,0.0,1.0,0.0,25.88984375,7.812714997041682
1073,0.0,0.0,1.0,0.0,25.88984375,7.812714997041682
1074,0.0,0.0,1.0,0.0,25.88984375,7.812714997041682
1075,0.0,0.0,1.0,0.0,25.88984375,7.812714997041682
1076,0.0,0.0,1.0,0.0,25.88984375,7.812714997041682
1077,0.0,0.0,1.0,0.0,25.88984375,7.812714997041682
1078,0.0,0.0,1.0,0.0,25.88984375,7.812714997041682
1079,0.0,0.0,1.0,0.0,25.88984375,7.812714997041682
1080,0.0,0.0,1.0,0.0,25.88984375,7.812714997041682
1081,0.0,0.0,1.0,0.0,25.88984375,7.812714997041682
1082,0.0,0.0,1.0,0.0,25.88984375,7.812714997041682
1083,0.0,0.0,1.0,0.0,25.88984375,7.812714997041682
1084,0.0,0.0,1.0,0.0,25.88984375,7.812714997041682
1085,0.0,0.0,1.0,0.0,25.88984375,7.812714997041682
1086,0.0,0.0,1.0,0.0,25.88984375,7.812714997041682
1087,0.0,0.0,1.0,0.0,25.88984375,7.812714997041682
1088,0.0,0.0,1.0,0.0,25.88984375,7.812714997041682
1089,0.0,0.0,1.0,0.0,25.88984375,7.812714997041682
1090,0.0,0.0,1.0,0.0,25.88984375,7.812714997041682
1091,0.0,0.0,1.0,0.0,25.88984375,7.812714997041682
1092,0.0,0.0,1.0,0.0,25.88984375,7.812714997041682
1093,0.0,0.0,1.0,0.0,25.88984375,7.812714997041682
1094,0.0,0.0,1.0,0.0,25.88984375,7.812714997041682
1095,0.0,0.0,1.0,0.0,25.88984375,7.812714997041682
1096,0.0,0.0,1.0,0.0,25.88984375,7.812714997041682
1097,0.0,0.0,1.0,0.0,25.88984375,7.812714997041682
1098,0.0,0.0,1.0,0.0,25.88984375,7.812714997041682
1099,0.0,0.0,1.0,0.0,25.88984375,7.812714997041682
1100,0.0,0.0,1.0,0.0,25.88984375,7.812714997041682
1101,0.0,0.0,1.0,0.0,25.88984375,7.812714997041682
1102,0.0,0.0,1.0,0.0,25.88984375,7.812714997041682
1103,0.0,0.0,1.0,0.0,25.88984375,7.812714997041682
1104,0.0,0.0,1.0,0.0,25.88984375,7.812714997041682
1105,0.0,0.0,1.0,0.0,25.88984375,7.812714997041682
1106,0.0,0.0,1.0,0.0,25.88984375,7.812714997041682
1107,0.0,0.0,1.0,0.0,25.88984375,7.812714997041682
1108,0.0,0.0,1.0,0.0,25.88984375,7.812714997041682
1109,0.0,0.0,1.0,0.0,25.88984375,7.812714997041682
1110,0.0,0.0,1.0,0.0,25.88984375,7.812714997041682
1111,0.0,0.0,1.0,0.0,25.88984375,7.812714997041682
1112,0.0,0.0,1.0,0.0,25.88984375,7.812714997041682
1113,0.0,0.0,1.0,0.0,25.88984375,7.812714997041682
1114,0.0,0.0,1.0,0.0,25.88984375,7.812714997041682
1115,0.0,0.0,1.0,0.0,25.88984375,7.812714997041682
1116,0.0,0.0,1.0,0.0,25.88984375,7.812714997041682
1117,0.0,0.0,1.0,0.0,25.88984375,7.812714997041682
1118,0.0,0.0,1.0,0.0,25.88984375,7.812714997041682
1119,0.0,0.0,1.0,0.0,25.88984375,7.812714997041682
1120,0.0,0.0,1.0,0.0,25.88984375,7.812714997041682
1121,0.0,0.0,1.0,0.0,25.88984375,7.812714997041682
1122,0.0,0.0,1.0,0.0,25.88984375,7.812714997041682
1123,0.0,0.0,1.0,0.0,25.88984375,7.812714997041682
1124,0.0,0.0,1.0,0.0,25.88984375,7.812714997041682
1125,0.0,0.0,1.0,0.0,25.88984375,7.812714997041682
1126,0.0,0.0,1.0,0.0,25.88984375,7.812714997041682
1127,0.0,0.0,1.0,0.0,25.88984375,7.812714997041682
1128,0.0,0.0,1.0,0.0,25.88984375,7.812714997041682
1129,0.0,0.0,1.0,0.0,25.88984375,7.812714997041682
1130,0.0,0.0,1.0,0.0,25.88984375,7.812714997041682
1131,0.0,0.0,1.0,0.0,25.88984375,7.812714997041682
1132,0.0,0.0,1.0,0.0,25.88984375,7.812714997041682
1133,0.0,0.0,1.0,0.0,25.88984375,7.812714997041682
1134,0.0,0.0,1.0,0.0,25.88984375,7.812714997041682
1135,0.0,0.0,1.0,0.0,25.88984375,7.812714997041682
1136,0.0,0.0,1.0,0.0,25.88984375,7.812714997041682
1137,0.0,0.0,1.0,0.0,25.88984375,7.812714997041682
1138,0.0,0.0,1.0,0.0,25.88984375,7.812714997041682
1139,0.0,0.0,1.0,0.0,25.88984375,7.812714997041682
1140,0.0,0.0,1.0,0.0,25.88984375,7.812714997041682
1141,0.0,0.0,1.0,0.0,25.88984375,7.812714997041682
1142,0.0,0.0,1.0,0.0,25.88984375,7.812714997041682
1143,0.0,0.0,1.0,0.0,25.88984375,7.812714997041682
1144,0.0,0.0,1.0,0.0,25.88984375,7.812714997041682
1145,0.0,0.0,1.0,0.0,25.88984375,7.812714997041682
1146,0.0,0.0,1.0,0.0,25.88984375,7.812714997041682
1147,0.0,0.0,1.0,0.0,25.88984375,7.812714997041682
1148,0.0,0.0,1.0,0.0,25.88984375,7.812714997041682
1149,0.0,0.0,1.0,0.0,25.88984375,7.812714997041682
1150,0.0,0.0,1.0,0.0,25.88984375,7.812714997041682
1151,0.0,0.0,1.0,0.0,25.88984375,7.812714997041682
1152,0.0,0.0,1.0,0.0,25.88984375,7.812714997041682
1153,0.0,0.0,1.0,0.0,25.88984375,7.812714997041682
1154,0.0,0.0,1.0,0.0,25.88984375,7.812714997041682
1155,0.0,0.0,1.0,0.0,25.88984375,7.812714997041682
1156,0.0,0.0,1.0,0.0,25.88984375,7.812714997041682
1157,0.0,0.0,1.0,0.0,25.88984375,7.812714997041682
1158,0.0,0.0,1.0,0.0,25.88984375,7.812714997041682
1159,0.0,0.0,1.0,0.0,25.88984375,7.812714997041682
1160,0.0,0.0,1.0,0.0,25.88984375,7.812714997041682
1161,0.0,0.0,1.0,0.0,25.88984375,7.812714997041682
1162,0.0,0.0,1.0,0.0,25.88984375,7.812714997041682
1163,0.0,0.0,1.0,0.0,25.88984375,7.812714997041682
1164,0.0,0.0,1.0,0.0,25.88984375,7.812714997041682
1165,0.0,0.0,1.0,0.0,25.88984375,7.812714997041682
1166,0.0,0.0,1.0,0.0,25.88984375,7.812714997041682
1167,0.0,0.0,1.0,0.0,25.88984375,7.812714997041682
1168,0.0,0.0,1.0,0.0,25.88984375,7.812714997041682
1169,0.0,0.0,1.0,0.0,25.88984375,7.812714997041682
1170,0.0,0.0,1.0,0.0,25.88984375,7.812714997041682
1171,0.0,0.0,1.0,0.0,25.88984375,7.812714997041682
1172,0.0,0.0,1.0,0.0,25.88984375,7.812714997041682
1173,0.0,0.0,1.0,0.0,25.88984375,7.812714997041682
1174,0.0,0.0,1.0,0.0,25.88984375,7.812714997041682
1175,0.0,0.0,1.0,0.0,25.88984375,7.812714997041682
1176,0.0,0.0,1.0,0.0,25.88984375,7.812714997041682
1177,0.0,0.0,1.0,0.0,25.88984375,7.812714997041682
1178,0.0,0.0,1.0,0.0,25.88984375,7.812714997041682
1179,0.0,0.0,1.0,0.0,25.88984375,7.812714997041682
1180,0.0,0.0,1.0,0.0,25.88984375,7.812714997041682
1181,0.0,0.0,1.0,0.0,25.88984375,7.812714997041682
1182,0.0,0.0,1.0,0.0,25.88984375,7.812714997041682
1183,0.0,0.0,1.0,0.0,25.88984375,7.812714997041682
1184,0.0,0.0,1.0,0.0,25.88984375,7.812714997041682
1185,0.0,0.0,1.0,0.0,25.88984375,7.812714997041682
1186,0.0,0.0,1.0,0.0,25.88984375,7.812714997041682
1187,0.0,0.0,1.0,0.0,25.88984375,7.812714997041682
1188,0.0,0.0,1.0,0.0,25.88984375,7.812714997041682
1189,0.0,0.0,1.0,0.0,25.88984375,7.812714997041682
1190,0.0,0.0,1.0,0.0,25.88984375,7.812714997041682
1191,0.0,0.0,1.0,0.0,25.88984375,7.812714997041682
1192,0.0,0.0,1.0,0.0,25.88984375,7.812714997041682
1193,0.0,0.0,1.0,0.0,25.88984375,7.812714997041682
1194,0.0,0.0,1.0,0.0,25.88984375,7.812714997041682
1195,0.0,0.0,1.0,0.0,25.88984375,7.812714997041682
1196,0.0,0.0,1.0,0.0,25.88984375,7.812714997041682
1197,0.0,0.0,1.0,0.0,25.88984375,7.812714997041682
1198,0.0,0.0,1.0,0.0,25.88984375,7.812714997041682
1199,0.0,0.0,1.0,0.0,25.88984375,7.812714997041682
1200,0.0,0.0,1.0,0.0,25.88984375,7.812714997041682
1201,0.0,0.0,1.0,0.0,25.88984375,7.812714997041682
1202,0.0,0.0,1.0,0.0,25.88984375,7.812714997041682
1203,0.0,0.0,1.0,0.0,25.88984375,7.812714997041682
1204,0.0,0.0,1.0,0.0,25.88984375,7.812714997041682
1205,0.0,0.0,1.0,0.0,25.88984375,7.812714997041682
1206,0.0,0.0,1.0,0.0,25.88984375,7.812714997041682
1207,0.0,0.0,1.0,0.0,25.88984375,7.812714997041682
1208,0.0,0.0,1.0,0.0,25.88984375,7.812714997041682
1209,0.0,0.0,1.0,0.0,25.88984375,7.812714997041682
1210,0.0,0.0,1.0,0.0,25.88984375,7.812714997041682
1211,0.0,0.0,1.0,0.0,25.88984375,7.812714997041682
1212,0.0,0.0,1.0,0.0,25.88984375,7.812714997041682
1213,0.0,0.0,1.0,0.0,25.88984375,7.812714997041682
1214,0.0,0.0,1.0,0.0,25.88984375,7.812714997041682
1215,0.0,0.0,1.0,0.0,25.88984375,7.812714997041682
1216,0.0,0.0,1.0,0.0,25.88984375,7.812714997041682
1217,0.0,0.0,1.0,0.0,25.88984375,7.812714997041682
1218,0.0,0.0,1.0,0.0,25.88984375,7.812714997041682
1219,0.0,0.0,1.0,0.0,25.88984375,7.812714997041682
1220,0.0,0.0,1.0,0.0,25.88984375,7.812714997041682
1221,0.0,0.0,1.0,0.0,25.88984375,7.812714997041682
1222,0.0,0.0,1.0,0.0,25.88984375,7.812714997041682
1223,0.0,0.0,1.0,0.0,25.88984375,7.812714997041682
1224,0.0,0.0,1.0,0.0,25.88984375,7.812714997041682
1225,0.0,0.0,1.0,0.0,25.88984375,7.812714997041682
1226,0.0,0.0,1.0,0.0,25.88984375,7.812714997041682
1227,0.0,0.0,1.0,0.0,25.88984375,7.812714997041682
1228,0.0,0.0,1.0,0.0,25.88984375,7.812714997041682
1229,0.0,0.0,1.0,0.0,25.88984375,7.812714997041682
1230,0.0,0.0,1.0,0.0,25.88984375,7.812714997041682
1231,0.0,0.0,1.0,0.0,25.88984375,7.812714997041682
1232,0.0,0.0,1.0,0.0,25.88984375,7.812714997041682
1233,0.0,0.0,1.0,0.0,25.88984375,7.812714997041682
1234,0.0,0.0,1.0,0.0,25.88984375,7.812714997041682
1235,0.0,0.0,1.0,0.0,25.88984375,7.812714997041682
1236,0.0,0.0,1.0,0.0,25.88984375,7.812714997041682
1237,0.0,0.0,1.0,0.0,25.88984375,7.812714997041682
1238,0.0,0.0,1.0,0.0,25.88984375,7.812714997041682
1239,0.0,0.0,1.0,0.0,25.88984375,7.812714997041682
1240,0.0,0.0,1.0,0.0,25.88984375,7.812714997041682
1241,0.0,0.0,1.0,0.0,25.88984375,7.812714997041682
1242,0.0,0.0,1.0,0.0,25.88984375,7.812714997041682
1243,0.0,0.0,1.0,0.0,25.88984375,7.812714997041682
1244,0.0,0.0,1.0,0.0,25.88984375,7.812714997041682
1245,0.0,0.0,1.0,0.0,25.88984375,7.812714997041682
1246,0.0,0.0,1.0,0.0,25.88984375,7.812714997041682
1247,0.0,0.0,1.0,0.0,25.88984375,7.812714997041682
1248,0.0,0.0,1.0,0.0,25.88984375,7.812714997041682
1249,0.0,0.0,1.0,0.0,25.88984375,7.812714997041682
1250,0.0,0.0,1.0,0.0,25.88984375,7.812714997041682
1251,0.0,0.0,1.0,0.0,25.88984375,7.812714997041682
1252,0.0,0.0,1.0,0.0,25.88984375,7.812714997041682
1253,0.0,0.0,1.0,0.0,25.88984375,7.812714997041682
1254,0.0,0.0,1.0,0.0,25.88984375,7.812714997041682
1255,0.0,0.0,1.0,0.0,25.88984375,7.812714997041682
1256,0.0,0.0,1.0,0.0,25.88984375,7.812714997041682
1257,0.0,0.0,1.0,0.0,25.88984375,7.812714997041682
1258,0.0,0.0,1.0,0.0,25.88984375,7.812714997041682
1259,0.0,0.0,1.0,0.0,25.88984375,7.812714997041682
1260,0.0,0.0,1.0,0.0,25.88984375,7.812714997041682
1261,0.0,0.0,1.0,0.0,25.88984375,7.812714997041682
1262,0.0,0.0,1.0,0.0,25.88984375,7.812714997041682
1263,0.0,0.0,1.0,0.0,25.88984375,7.812714997041682
1264,0.0,0.0,1.0,0.0,25.88984375,7.812714997041682
1265,0.0,0.0,1.0,0.0,25.88984375,7.812714997041682
1266,0.0,0.0,1.0,0.0,25.88984375,7.812714997041682
1267,0.0,0.0,1.0,0.0,25.88984375,7.812714997041682
1268,0.0,0.0,1.0,0.0,25.88984375,7.812714997041682
1269,0.0,0.0,1.0,0.0,25.88984375,7.812714997041682
1270,0.0,0.0,1.0,0.0,25.88984375,7.812714997041682
1271,0.0,0.0,1.0,0.0,25.88984375,7.812714997041682
1272,0.0,0.0,1.0,0.0,25.88984375,7.812714997041682
1273,0.0,0.0,1.0,0.0,25.88984375,7.812714997041682
1274,0.0,0.0,1.0,0.0,25.88984375,7.812714997041682
1275,0.0,0.0,1.0,0.0,25.88984375,7.812714997041682
1276,0.0,0.0,1.0,0.0,25.88984375,7.812714997041682
1277,0.0,0.0,1.0,0.0,25.88984375,7.812714997041682
1278,0.0,0.0,1.0,0.0,25.88984375,7.812714997041682
1279,0.0,0.0,1.0,0.0,25.88984375,7.812714997041682
1280,0.0,0.0,1.0,0.0,25.88984375,7.812714997041682
1281,0.0,0.0,1.0,0.0,25.88984375,7.812714997041682
1282,0.0,0.0,1.0,0.0,25.88984375,7.812714997041682
1283,0.0,0.0,1.0,0.0,25.88984375,7.812714997041682
1284,0.0,0.0,1.0,0.0,25.88984375,7.812714997041682
1285,0.0,0.0,1.0,0.0,25.88984375,7.812714997041682
1286,0.0,0.0,1.0,0.0,25.88984375,7.812714997041682
1287,0.0,0.0,1.0,0.0,25.88984375,7.812714997041682
1288,0.0,0.0,1.0,0.0,25.88984375,7.812714997041682
1289,0.0,0.0,1.0,0.0,25.88984375,7.812714997041682
1290,0.0,0.0,1.0,0.0,25.88984375,7.812714997041682
1291,0.0,0.0,1.0,0.0,25.88984375,7.812714997041682
1292,0.0,0.0,1.0,0.0,25.88984375,7.812714997041682
1293,0.0,0.0,1.0,0.0,25.88984375,7.812714997041682
1294,0.0,0.0,1.0,0.0,25.88984375,7.812714997041682
1295,0.0,0.0,1.0,0.0,25.88984375,7.812714997041682
1296,0.0,0.0,1.0,0.0,25.88984375,7.812714997041682
1297,0.0,0.0,1.0,0.0,25.88984375,7.812714997041682
1298,0.0,0.0,1.0,0.0,25.88984375,7.812714997041682
1299,0.0,0.0,1.0,0.0,25.88984375,7.812714997041682
1300,0.0,0.0,1.0,0.0,25.88984375,7.812714997041682
1301,0.0,0.0,1.0,0.0,25.88984375,7.812714997041682
1302,0.0,0.0,1.0,0.0,25.88984375,7.812714997041682
1303,0.0,0.0,1.0,0.0,25.88984375,7.812714997041682
1304,0.0,0.0,1.0,0.0,25.88984375,7.812714997041682
1305,0.0,0.0,1.0,0.0,25.88984375,7.812714997041682
1306,0.0,0.0,1.0,0.0,25.88984375,7.812714997041682
1307,0.0,0.0,1.0,0.0,25.88984375,7.812714997041682
1308,0.0,0.0,1.0,0.0,25.88984375,7.812714997041682
1309,0.0,0.0,1.0,0.0,25.88984375,7.812714997041682
1310,0.0,0.0,1.0,0.0,25.88984375,7.812714997041682
1311,0.0,0.0,1.0,0.0,25.88984375,7.812714997041682
1312,0.0,0.0,1.0,0.0,25.88984375,7.812714997041682
1313,0.0,0.0,1.0,0.0,25.88984375,7.812714997041682
1314,0.0,0.0,1.0,0.0,25.88984375,7.812714997041682
1315,0.0,0.0,1.0,0.0,25.88984375,7.812714997041682
1316,0.0,0.0,1.0,0.0,25.88984375,7.812714997041682
1317,0.0,0.0,1.0,0.0,25.88984375,7.812714997041682
1318,0.0,0.0,1.0,0.0,25.88984375,7.812714997041682
1319,0.0,0.0,1.0,0.0,25.88984375,7.812714997041682
1320,0.0,0.0,1.0,0.0,25.88984375,7.812714997041682
1321,0.0,0.0,1.0,0.0,25.88984375,7.812714997041682
1322,0.0,0.0,1.0,0.0,25.88984375,7.812714997041682
1323,0.0,0.0,1.0,0.0,25.88984375,7.812714997041682
1324,0.0,0.0,1.0,0.0,25.88984375,7.812714997041682
1325,0.0,0.0,1.0,0.0,25.88984375,7.812714997041682
1326,0.0,0.0,1.0,0.0,25.88984375,7.812714997041682
1327,0.0,0.0,1.0,0.0,25.88984375,7.812714997041682
1328,0.0,0.0,1.0,0.0,25.88984375,7.812714997041682
1329,0.0,0.0,1.0,0.0,25.88984375,7.812714997041682
1330,0.0,0.0,1.0,0.0,25.88984375,7.812714997041682
1331,0.0,0.0,1.0,0.0,25.88984375,7.812714997041682
1332,0.0,0.0,1.0,0.0,25.88984375,7.812714997041682
1333,0.0,0.0,1.0,0.0,25.88984375,7.812714997041682
1334,0.0,0.0,1.0,0.0,25.88984375,7.812714997041682
1335,0.0,0.0,1.0,0.0,25.88984375,7.812714997041682
1336,0.0,0.0,1.0,0.0,25.88984375,7.812714997041682
1337,0.0,0.0,1.0,0.0,25.88984375,7.812714997041682
1338,0.0,0.0,1.0,0.0,25.88984375,7.812714997041682
1339,0.0,0.0,1.0,0.0,25.88984375,7.812714997041682
1340,0.0,0.0,1.0,0.0,25.88984375,7.812714997041682
1341,0.0,0.0,1.0,0.0,25.88984375,7.812714997041682
1342,0.0,0.0,1.0,0.0,25.88984375,7.812714997041682
1343,0.0,0.0,1.0,0.0,25.88984375,7.812714997041682
1344,0.0,0.0,1.0,0.0,25.88984375,7.812714997041682
1345,0.0,0.0,1.0,0.0,25.88984375,7.812714997041682
1346,0.0,0.0,1.0,0.0,25.88984375,7.812714997041682
1347,0.0,0.0,1.0,0.0,25.88984375,7.812714997041682
1348,0.0,0.0,1.0,0.0,25.88984375,7.812714997041682
1349,0.0,0.0,1.0,0.0,25.88984375,7.812714997041682
1350,0.0,0.0,1.0,0.0,25.88984375,7.812714997041682
1351,0.0,0.0,1.0,0.0,25.88984375,7.812714997041682
1352,0.0,0.0,1.0,0.0,25.88984375,7.812714997041682
1353,0.0,0.0,1.0,0.0,25.88984375,7.812714997041682
1354,0.0,0.0,1.0,0.0,25.88984375,7.812714997041682
1355,0.0,0.0,1.0,0.0,25.88984375,7.812714997041682
1356,0.0,0.0,1.0,0.0,25.88984375,7.812714997041682
1357,0.0,0.0,1.0,0.0,25.88984375,7.812714997041682
1358,0.0,0.0,1.0,0.0,25.88984375,7.812714997041682
1359,0.0,0.0,1.0,0.0,25.88984375,7.812714997041682
1360,0.0,0.0,1.0,0.0,25.88984375,7.812714997041682
1361,0.0,0.0,1.0,0.0,25.88984375,7.812714997041682
1362,0.0,0.0,1.0,0.0,25.88984375,7.812714997041682
1363,0.0,0.0,1.0,0.0,25.88984375,7.812714997041682
1364,0.0,0.0,1.0,0.0,25.88984375,7.812714997041682
1365,0.0,0.0,1.0,0.0,25.88984375,7.812714997041682
1366,0.0,0.0,1.0,0.0,25.88984375,7.812714997041682
1367,0.0,0.0,1.0,0.0,25.88984375,7.812714997041682
1368,0.0,0.0,1.0,0.0,25.88984375,7.812714997041682
1369,0.0,0.0,1.0,0.0,25.88984375,7.812714997041682
1370,0.0,0.0,1.0,0.0,25.88984375,7.812714997041682
1371,0.0,0.0,1.0,0.0,25.88984375,7.812714997041682
1372,0.0,0.0,1.0,0.0,25.88984375,7.812714997041682
1373,0.0,0.0,1.0,0.0,25.88984375,7.812714997041682
1374,0.0,0.0,1.0,0.0,25.88984375,7.812714997041682
1375,0.0,0.0,1.0,0.0,25.88984375,7.812714997041682
1376,0.0,0.0,1.0,0.0,25.88984375,7.812714997041682
1377,0.0,0.0,1.0,0.0,25.88984375,7.812714997041682
1378,0.0,0.0,1.0,0.0,25.88984375,7.812714997041682
1379,0.0,0.0,1.0,0.0,25.88984375,7.812714997041682
1380,0.0,0.0,1.0,0.0,25.88984375,7.812714997041682
1381,0.0,0.0,1.0,0.0,25.88984375,7.812714997041682
1382,0.0,0.0,1.0,0.0,25.88984375,7.812714997041682
1383,0.0,0.0,1.0,0.0,25.88984375,7.812714997041682
1384,0.0,0.0,1.0,0.0,25.88984375,7.812714997041682
1385,0.0,0.0,1.0,0.0,25.88984375,7.812714997041682
1386,0.0,0.0,1.0,0.0,25.88984375,7.812714997041682
1387,0.0,0.0,1.0,0.0,25.88984375,7.812714997041682
1388,0.0,0.0,1.0,0.0,25.88984375,7.812714997041682
1389,0.0,0.0,1.0,0.0,25.88984375,7.812714997041682
1390,0.0,0.0,1.0,0.0,25.88984375,7.812714997041682
1391,0.0,0.0,1.0,0.0,25.88984375,7.812714997041682
1392,0.0,0.0,1.0,0.0,25.88984375,7.812714997041682
1393,0.0,0.0,1.0,0.0,25.88984375,7.812714997041682
1394,0.0,0.0,1.0,0.0,25.88984375,7.812714997041682
1395,0.0,0.0,1.0,0.0,25.88984375,7.812714997041682
1396,0.0,0.0,1.0,0.0,25.88984375,7.812714997041682
1397,0.0,0.0,1.0,0.0,25.88984375,7.812714997041682
1398,0.0,0.0,1.0,0.0,25.88984375,7.812714997041682
1399,0.0,0.0,1.0,0.0,25.88984375,7.812714997041682
1400,0.0,0.0,1.0,0.0,25.88984375,7.812714997041682
1401,0.0,0.0,1.0,0.0,25.88984375,7.812714997041682
1402,0.0,0.0,1.0,0.0,25.88984375,7.812714997041682
1403,0.0,0.0,1.0,0.0,25.88984375,7.812714997041682
1404,0.0,0.0,1.0,0.0,25.88984375,7.812714997041682
1405,0.0,0.0,1.0,0.0,25.88984375,7.812714997041682
1406,0.0,0.0,1.0,0.0,25.88984375,7.812714997041682
1407,0.0,0.0,1.0,0.0,25.88984375,7.812714997041682
1408,0.0,0.0,1.0,0.0,25.88984375,7.812714997041682
1409,0.0,0.0,1.0,0.0,25.88984375,7.812714997041682
1410,0.0,0.0,1.0,0.0,25.88984375,7.812714997041682
1411,0.0,0.0,1.0,0.0,25.88984375,7.812714997041682
1412,0.0,0.0,1.0,0.0,25.88984375,7.812714997041682
1413,0.0,0.0,1.0,0.0,25.88984375,7.812714997041682
1414,0.0,0.0,1.0,0.0,25.88984375,7.812714997041682
1415,0.0,0.0,1.0,0.0,25.88984375,7.812714997041682
1416,0.0,0.0,1.0,0.0,25.88984375,7.812714997041682
1417,0.0,0.0,1.0,0.0,25.88984375,7.812714997041682
1418,0.0,0.0,1.0,0.0,25.88984375,7.812714997041682
1419,0.0,0.0,1.0,0.0,25.88984375,7.812714997041682
1420,0.0,0.0,1.0,0.0,25.88984375,7.812714997041682
1421,0.0,0.0,1.0,0.0,25.88984375,7.812714997041682
1422,0.0,0.0,1.0,0.0,25.88984375,7.812714997041682
1423,0.0,0.0,1.0,0.0,25.88984375,7.812714997041682
1424,0.0,0.0,1.0,0.0,25.88984375,7.812714997041682
1425,0.0,0.0,1.0,0.0,25.88984375,7.812714997041682
1426,0.0,0.0,1.0,0.0,25.88984375,7.812714997041682
1427,0.0,0.0,1.0,0.0,25.88984375,7.812714997041682
1428,0.0,0.0,1.0,0.0,25.88984375,7.812714997041682
1429,0.0,0.0,1.0,0.0,25.88984375,7.812714997041682
1430,0.0,0.0,1.0,0.0,25.88984375,7.812714997041682
1431,0.0,0.0,1.0,0.0,25.88984375,7.812714997041682
1432,0.0,0.0,1.0,0.0,25.88984375,7.812714997041682
1433,0.0,0.0,1.0,0.0,25.88984375,7.812714997041682
1434,0.0,0.0,1.0,0.0,25.88984375,7.812714997041682
1435,0.0,0.0,1.0,0.0,25.88984375,7.812714997041682
1436,0.0,0.0,1.0,0.0,25.88984375,7.812714997041682
1437,0.0,0.0,1.0,0.0,25.88984375,7.812714997041682
1438,0.0,0.0,1.0,0.0,25.88984375,7.812714997041682
1439,0.0,0.0,1.0,0.0,25.88984375,7.812714997041682
1440,0.0,0.0,1.0,0.0,25.88984375,7.812714997041682
1441,0.0,0.0,1.0,0.0,25.88984375,7.812714997041682
1442,0.0,0.0,1.0,0.0,25.88984375,7.812714997041682
1443,0.0,0.0,1.0,0.0,25.88984375,7.812714997041682
1444,0.0,0.0,1.0,0.0,25.88984375,7.812714997041682
1445,0.0,0.0,1.0,0.0,25.88984375,7.812714997041682
1446,0.0,0.0,1.0,0.0,25.88984375,7.812714997041682
1447,0.0,0.0,1.0,0.0,25.88984375,7.812714997041682
1448,0.0,0.0,1.0,0.0,25.88984375,7.812714997041682
1449,0.0,0.0,1.0,0.0,25.88984375,7.812714997041682
1450,0.0,0.0,1.0,0.0,25.88984375,7.812714997041682
1451,0.0,0.0,1.0,0.0,25.88984375,7.812714997041682
1452,0.0,0.0,1.0,0.0,25.88984375,7.812714997041682
1453,0.0,0.0,1.0,0.0,25.88984375,7.812714997041682
1454,0.0,0.0,1.0,0.0,25.88984375,7.812714997041682
1455,0.0,0.0,1.0,0.0,25.88984375,7.812714997041682
1456,0.0,0.0,1.0,0.0,25.88984375,7.812714997041682
1457,0.0,0.0,1.0,0.0,25.88984375,7.812714997041682
1458,0.0,0.0,1.0,0.0,25.88984375,7.812714997041682
1459,0.0,0.0,1.0,0.0,25.88984375,7.812714997041682
1460,0.0,0.0,1.0,0.0,25.88984375,7.812714997041682
1461,0.0,0.0,1.0,0.0,25.88984375,7.812714997041682
1462,0.0,0.0,1.0,0.0,25.88984375,7.812714997041682
1463,0.0,0.0,1.0,0.0,25.88984375,7.812714997041682
1464,0.0,0.0,1.0,0.0,25.88984375,7.812714997041682
1465,0.0,0.0,1.0,0.0,25.88984375,7.812714997041682
1466,0.0,0.0,1.0,0.0,25.88984375,7.812714997041682
1467,0.0,0.0,1.0,0.0,25.88984375,7.812714997041682
1468,0.0,0.0,1.0,0.0,25.88984375,7.812714997041682
1469,0.0,0.0,1.0,0.0,25.88984375,7.812714997041682
1470,0.0,0.0,1.0,0.0,25.88984375,7.812714997041682
1471,0.0,0.0,1.0,0.0,25.88984375,7.812714997041682
1472,0.0,0.0,1.0,0.0,25.88984375,7.812714997041682
1473,0.0,0.0,1.0,0.0,25.88984375,7.812714997041682
1474,0.0,0.0,1.0,0.0,25.88984375,7.812714997041682
1475,0.0,0.0,1.0,0.0,25.88984375,7.812714997041682
1476,0.0,0.0,1.0,0.0,25.88984375,7.812714997041682
1477,0.0,0.0,1.0,0.0,25.88984375,7.812714997041682
1478,0.0,0.0,1.0,0.0,25.88984375,7.812714997041682
1479,0.0,0.0,1.0,0.0,25.88984375,7.812714997041682
1480,0.0,0.0,1.0,0.0,25.88984375,7.812714997041682
1481,0.0,0.0,1.0,0.0,25.88984375,7.812714997041682
1482,0.0,0.0,1.0,0.0,25.88984375,7.812714997041682
1483,0.0,0.0,1.0,0.0,25.88984375,7.812714997041682
1484,0.0,0.0,1.0,0.0,25.88984375,7.812714997041682
1485,0.0,0.0,1.0,0.0,25.88984375,7.812714997041682
1486,0.0,0.0,1.0,0.0,25.88984375,7.812714997041682
1487,0.0,0.0,1.0,0.0,25.88984375,7.812714997041682
1488,0.0,0.0,1.0,0.0,25.88984375,7.812714997041682
1489,0.0,0.0,1.0,0.0,25.88984375,7.812714997041682
1490,0.0,0.0,1.0,0.0,25.88984375,7.812714997041682
1491,0.0,0.0,1.0,0.0,25.88984375,7.812714997041682
1492,0.0,0.0,1.0,0.0,25.88984375,7.812714997041682
1493,0.0,0.0,1.0,0.0,25.88984375,7.812714997041682
1494,0.0,0.0,1.0,0.0,25.88984375,7.812714997041682
1495,0.0,0.0,1.0,0.0,25.88984375,7.812714997041682
1496,0.0,0.0,1.0,0.0,25.88984375,7.812714997041682
1497,0.0,0.0,1.0,0.0,25.88984375,7.812714997041682
1498,0.0,0.0,1.0,0.0,25.88984375,7.812714997041682
1499,0.0,0.0,1.0,0.0,25.88984375,7.812714997041682
1500,0.0,0.0,1.0,0.0,25.88984375,7.812714997041682
1501,0.0,0.0,1.0,0.0,25.88984375,7.812714997041682
1502,0.0,0.0,1.0,0.0,25.88984375,7.812714997041682
1503,0.0,0.0,1.0,0.0,25.88984375,7.812714997041682
1504,0.0,0.0,1.0,0.0,25.88984375,7.812714997041682
1505,0.0,0.0,1.0,0.0,25.88984375,7.812714997041682
1506,0.0,0.0,1.0,0.0,25.88984375,7.812714997041682
1507,0.0,0.0,1.0,0.0,25.88984375,7.812714997041682
1508,0.0,0.0,1.0,0.0,25.88984375,7.812714997041682
1509,0.0,0.0,1.0,0.0,25.88984375,7.812714997041682
1510,0.0,0.0,1.0,0.0,25.88984375,7.812714997041682
1511,0.0,0.0,1.0,0.0,25.88984375,7.812714997041682
1512,0.0,0.0,1.0,0.0,25.88984375,7.812714997041682
1513,0.0,0.0,1.0,0.0,25.88984375,7.812714997041682
1514,0.0,0.0,1.0,0.0,25.88984375,7.812714997041682
1515,0.0,0.0,1.0,0.0,25.88984375,7.812714997041682
1516,0.0,0.0,1.0,0.0,25.88984375,7.812714997041682
1517,0.0,0.0,1.0,0.0,25.88984375,7.812714997041682
1518,0.0,0.0,1.0,0.0,25.88984375,7.812714997041682
1519,0.0,0.0,1.0,0.0,25.88984375,7.812714997041682
1520,0.0,0.0,1.0,0.0,25.88984375,7.812714997041682
1521,0.0,0.0,1.0,0.0,25.88984375,7.812714997041682
1522,0.0,0.0,1.0,0.0,25.88984375,7.812714997041682
1523,0.0,0.0,1.0,0.0,25.88984375,7.812714997041682
1524,0.0,0.0,1.0,0.0,25.88984375,7.812714997041682
1525,0.0,0.0,1.0,0.0,25.88984375,7.812714997041682
1526,0.0,0.0,1.0,0.0,25.88984375,7.812714997041682
1527,0.0,0.0,1.0,0.0,25.88984375,7.812714997041682
1528,0.0,0.0,1.0,0.0,25.88984375,7.812714997041682
1529,0.0,0.0,1.0,0.0,25.88984375,7.812714997041682
1530,0.0,0.0,1.0,0.0,25.88984375,7.812714997041682
1531,0.0,0.0,1.0,0.0,25.88984375,7.812714997041682
1532,0.0,0.0,1.0,0.0,25.88984375,7.812714997041682
1533,0.0,0.0,1.0,0.0,25.88984375,7.812714997041682
1534,0.0,0.0,1.0,0.0,25.88984375,7.812714997041682
1535,0.0,0.0,1.0,0.0,25.88984375,7.812714997041682
1536,0.0,0.0,1.0,0.0,25.88984375,7.812714997041682
1537,0.0,0.0,1.0,0.0,25.88984375,7.812714997041682
1538,0.0,0.0,1.0,0.0,25.88984375,7.812714997041682
1539,0.0,0.0,1.0,0.0,25.88984375,7.812714997041682
1540,0.0,0.0,1.0,0.0,25.88984375,7.812714997041682
1541,0.0,0.0,1.0,0.0,25.88984375,7.812714997041682
1542,0.0,0.0,1.0,0.0,25.88984375,7.812714997041682
1543,0.0,0.0,1.0,0.0,25.88984375,7.812714997041682
1544,0.0,0.0,1.0,0.0,25.88984375,7.812714997041682
1545,0.0,0.0,1.0,0.0,25.88984375,7.812714997041682
1546,0.0,0.0,1.0,0.0,25.88984375,7.812714997041682
1547,0.0,0.0,1.0,0.0,25.88984375,7.812714997041682
1548,0.0,0.0,1.0,0.0,25.88984375,7.812714997041682
1549,0.0,0.0,1.0,0.0,25.88984375,7.812714997041682
1550,0.0,0.0,1.0,0.0,25.88984375,7.812714997041682
1551,0.0,0.0,1.0,0.0,25.88984375,7.812714997041682
1552,0.0,0.0,1.0,0.0,25.88984375,7.812714997041682
1553,0.0,0.0,1.0,0.0,25.88984375,7.812714997041682
1554,0.0,0.0,1.0,0.0,25.88984375,7.812714997041682
1555,0.0,0.0,1.0,0.0,25.88984375,7.812714997041682
1556,0.0,0.0,1.0,0.0,25.88984375,7.812714997041682
1557,0.0,0.0,1.0,0.0,25.88984375,7.812714997041682
1558,0.0,0.0,1.0,0.0,25.88984375,7.812714997041682
1559,0.0,0.0,1.0,0.0,25.88984375,7.812714997041682
1560,0.0,0.0,1.0,0.0,25.88984375,7.812714997041682
1561,0.0,0.0,1.0,0.0,25.88984375,7.812714997041682
1562,0.0,0.0,1.0,0.0,25.88984375,7.812714997041682
1563,0.0,0.0,1.0,0.0,25.88984375,7.812714997041682
1564,0.0,0.0,1.0,0.0,25.88984375,7.812714997041682
1565,0.0,0.0,1.0,0.0,25.88984375,7.812714997041682
1566,0.0,0.0,1.0,0.0,25.88984375,7.812714997041682
1567,0.0,0.0,1.0,0.0,25.88984375,7.812714997041682
1568,0.0,0.0,1.0,0.0,25.88984375,7.812714997041682
1569,0.0,0.0,1.0,0.0,25.88984375,7.812714997041682
1570,0.0,0.0,1.0,0.0,25.88984375,7.812714997041682
1571,0.0,0.0,1.0,0.0,25.88984375,7.812714997041682
1572,0.0,0.0,1.0,0.0,25.88984375,7.812714997041682
1573,0.0,0.0,1.0,0.0,25.88984375,7.812714997041682
1574,0.0,0.0,1.0,0.0,25.88984375,7.812714997041682
1575,0.0,0.0,1.0,0.0,25.88984375,7.812714997041682
1576,0.0,0.0,1.0,0.0,25.88984375,7.812714997041682
1577,0.0,0.0,1.0,0.0,25.88984375,7.812714997041682
1578,0.0,0.0,1.0,0.0,25.88984375,7.812714997041682
1579,0.0,0.0,1.0,0.0,25.88984375,7.812714997041682
1580,0.0,0.0,1.0,0.0,25.88984375,7.812714997041682
1581,0.0,0.0,1.0,0.0,25.88984375,7.812714997041682
1582,0.0,0.0,1.0,0.0,25.88984375,7.812714997041682
1583,0.0,0.0,1.0,0.0,25.88984375,7.812714997041682
1584,0.0,0.0,1.0,0.0,25.88984375,7.812714997041682
1585,0.0,0.0,1.0,0.0,25.88984375,7.812714997041682
1586,0.0,0.0,1.0,0.0,25.88984375,7.812714997041682
1587,0.0,0.0,1.0,0.0,25.88984375,7.812714997041682
1588,0.0,0.0,1.0,0.0,25.88984375,7.812714997041682
1589,0.0,0.0,1.0,0.0,25.88984375,7.812714997041682
1590,0.0,0.0,1.0,0.0,25.88984375,7.812714997041682
1591,0.0,0.0,1.0,0.0,25.88984375,7.812714997041682
1592,0.0,0.0,1.0,0.0,25.88984375,7.812714997041682
1593,0.0,0.0,1.0,0.0,25.88984375,7.812714997041682
1594,0.0,0.0,1.0,0.0,25.88984375,7.812714997041682
1595,0.0,0.0,1.0,0.0,25.88984375,7.812714997041682
1596,0.0,0.0,1.0,0.0,25.88984375,7.812714997041682
1597,0.0,0.0,1.0,0.0,25.88984375,7.812714997041682
1598,0.0,0.0,1.0,0.0,25.88984375,7.812714997041682
1599,0.0,0.0,1.0,0.0,25.88984375,7.812714997041682
1600,0.0,0.0,1.0,0.0,25.88984375,7.812714997041682
1601,0.0,0.0,1.0,0.0,25.88984375,7.812714997041682
1602,0.0,0.0,1.0,0.0,25.88984375,7.812714997041682
1603,0.0,0.0,1.0,0.0,25.88984375,7.812714997041682
1604,0.0,0.0,1.0,0.0,25.88984375,7.812714997041682
1605,0.0,0.0,1.0,0.0,25.88984375,7.812714997041682
1606,0.0,0.0,1.0,0.0,25.88984375,7.812714997041682
1607,0.0,0.0,1.0,0.0,25.88984375,7.812714997041682
1608,0.0,0.0,1.0,0.0,25.88984375,7.812714997041682
1609,0.0,0.0,1.0,0.0,25.88984375,7.812714997041682
1610,0.0,0.0,1.0,0.0,25.88984375,7.812714997041682
1611,0.0,0.0,1.0,0.0,25.88984375,7.812714997041682
1612,0.0,0.0,1.0,0.0,25.88984375,7.812714997041682
1613,0.0,0.0,1.0,0.0,25.88984375,7.812714997041682
1614,0.0,0.0,1.0,0.0,25.88984375,7.812714997041682
1615,0.0,0.0,1.0,0.0,25.88984375,7.812714997041682
1616,0.0,0.0,1.0,0.0,25.88984375,7.812714997041682
1617,0.0,0.0,1.0,0.0,25.88984375,7.812714997041682
1618,0.0,0.0,1.0,0.0,25.88984375,7.812714997041682
1619,0.0,0.0,1.0,0.0,25.88984375,7.812714997041682
1620,0.0,0.0,1.0,0.0,25.88984375,7.812714997041682
1621,0.0,0.0,1.0,0.0,25.88984375,7.812714997041682
1622,0.0,0.0,1.0,0.0,25.88984375,7.812714997041682
1623,0.0,0.0,1.0,0.0,25.88984375,7.812714997041682
1624,0.0,0.0,1.0,0.0,25.88984375,7.812714997041682
1625,0.0,0.0,1.0,0.0,25.88984375,7.812714997041682
1626,0.0,0.0,1.0,0.0,25.88984375,7.812714997041682
1627,0.0,0.0,1.0,0.0,25.88984375,7.812714997041682
1628,0.0,0.0,1.0,0.0,25.88984375,7.812714997041682
1629,0.0,0.0,1.0,0.0,25.88984375,7.812714997041682
1630,0.0,0.0,1.0,0.0,25.88984375,7.812714997041682
1631,0.0,0.0,1.0,0.0,25.88984375,7.812714997041682
1632,0.0,0.0,1.0,0.0,25.88984375,7.812714997041682
1633,0.0,0.0,1.0,0.0,25.88984375,7.812714997041682
1634,0.0,0.0,1.0,0.0,25.88984375,7.812714997041682
1635,0.0,0.0,1.0,0.0,25.88984375,7.812714997041682
1636,0.0,0.0,1.0,0.0,25.88984375,7.812714997041682
1637,0.0,0.0,1.0,0.0,25.88984375,7.812714997041682
1638,0.0,0.0,1.0,0.0,25.88984375,7.812714997041682
1639,0.0,0.0,1.0,0.0,25.88984375,7.812714997041682
1640,0.0,0.0,1.0,0.0,25.88984375,7.812714997041682
1641,0.0,0.0,1.0,0.0,25.88984375,7.812714997041682
1642,0.0,0.0,1.0,0.0,25.88984375,7.812714997041682
1643,0.0,0.0,1.0,0.0,25.88984375,7.812714997041682
1644,0.0,0.0,1.0,0.0,25.88984375,7.812714997041682
1645,0.0,0.0,1.0,0.0,25.88984375,7.812714997041682
1646,0.0,0.0,1.0,0.0,25.88984375,7.812714997041682
1647,0.0,0.0,1.0,0.0,25.88984375,7.812714997041682
1648,0.0,0.0,1.0,0.0,25.88984375,7.812714997041682
1649,0.0,0.0,1.0,0.0,25.88984375,7.812714997041682
1650,0.0,0.0,1.0,0.0,25.88984375,7.812714997041682
1651,0.0,0.0,1.0,0.0,25.88984375,7.812714997041682
1652,0.0,0.0,1.0,0.0,25.88984375,7.812714997041682
1653,0.0,0.0,1.0,0.0,25.88984375,7.812714997041682
1654,0.0,0.0,1.0,0.0,25.88984375,7.812714997041682
1655,0.0,0.0,1.0,0.0,25.88984375,7.812714997041682
1656,0.0,0.0,1.0,0.0,25.88984375,7.812714997041682
1657,0.0,0.0,1.0,0.0,25.88984375,7.812714997041682
1658,0.0,0.0,1.0,0.0,25.88984375,7.812714997041682
1659,0.0,0.0,1.0,0.0,25.88984375,7.812714997041682
1660,0.0,0.0,1.0,0.0,25.88984375,7.812714997041682
1661,0.0,0.0,1.0,0.0,25.88984375,7.812714997041682
1662,0.0,0.0,1.0,0.0,25.88984375,7.812714997041682
1663,0.0,0.0,1.0,0.0,25.88984375,7.812714997041682
1664,0.0,0.0,1.0,0.0,25.88984375,7.812714997041682
1665,0.0,0.0,1.0,0.0,25.88984375,7.812714997041682
1666,0.0,0.0,1.0,0.0,25.88984375,7.812714997041682
1667,0.0,0.0,1.0,0.0,25.88984375,7.812714997041682
1668,0.0,0.0,1.0,0.0,25.88984375,7.812714997041682
1669,0.0,0.0,1.0,0.0,25.88984375,7.812714997041682
1670,0.0,0.0,1.0,0.0,25.88984375,7.812714997041682
1671,0.0,0.0,1.0,0.0,25.88984375,7.812714997041682
1672,0.0,0.0,1.0,0.0,25.88984375,7.812714997041682
1673,0.0,0.0,1.0,0.0,25.88984375,7.812714997041682
1674,0.0,0.0,1.0,0.0,25.88984375,7.812714997041682
1675,0.0,0.0,1.0,0.0,25.88984375,7.812714997041682
1676,0.0,0.0,1.0,0.0,25.88984375,7.812714997041682
1677,0.0,0.0,1.0,0.0,25.88984375,7.812714997041682
1678,0.0,0.0,1.0,0.0,25.88984375,7.812714997041682
1679,0.0,0.0,1.0,0.0,25.88984375,7.812714997041682
1680,0.0,0.0,1.0,0.0,25.88984375,7.812714997041682
1681,0.0,0.0,1.0,0.0,25.88984375,7.812714997041682
1682,0.0,0.0,1.0,0.0,25.88984375,7.812714997041682
1683,0.0,0.0,1.0,0.0,25.88984375,7.812714997041682
1684,0.0,0.0,1.0,0.0,25.88984375,7.812714997041682
1685,0.0,0.0,1.0,0.0,25.88984375,7.812714997041682
1686,0.0,0.0,1.0,0.0,25.88984375,7.812714997041682
1687,0.0,0.0,1.0,0.0,25.88984375,7.812714997041682
1688,0.0,0.0,1.0,0.0,25.88984375,7.812714997041682
1689,0.0,0.0,1.0,0.0,25.88984375,7.812714997041682
1690,0.0,0.0,1.0,0.0,25.88984375,7.812714997041682
1691,0.0,0.0,1.0,0.0,25.88984375,7.812714997041682
1692,0.0,0.0,1.0,0.0,25.88984375,7.812714997041682
1693,0.0,0.0,1.0,0.0,25.88984375,7.812714997041682
1694,0.0,0.0,1.0,0.0,25.88984375,7.812714997041682
1695,0.0,0.0,1.0,0.0,25.88984375,7.812714997041682
1696,0.0,0.0,1.0,0.0,25.88984375,7.812714997041682
1697,0.0,0.0,1.0,0.0,25.88984375,7.812714997041682
1698,0.0,0.0,1.0,0.0,25.88984375,7.812714997041682
1699,0.0,0.0,1.0,0.0,25.88984375,7.812714997041682
1700,0.0,0.0,1.0,0.0,25.88984375,7.812714997041682
1701,0.0,0.0,1.0,0.0,25.88984375,7.812714997041682
1702,0.0,0.0,1.0,0.0,25.88984375,7.812714997041682
1703,0.0,0.0,1.0,0.0,25.88984375,7.812714997041682
1704,0.0,0.0,1.0,0.0,25.88984375,7.812714997041682
1705,0.0,0.0,1.0,0.0,25.88984375,7.812714997041682
1706,0.0,0.0,1.0,0.0,25.88984375,7.812714997041682
1707,0.0,0.0,1.0,0.0,25.88984375,7.812714997041682
1708,0.0,0.0,1.0,0.0,25.88984375,7.812714997041682
1709,0.0,0.0,1.0,0.0,25.88984375,7.812714997041682
1710,0.0,0.0,1.0,0.0,25.88984375,7.812714997041682
1711,0.0,0.0,1.0,0.0,25.88984375,7.812714997041682
1712,0.0,0.0,1.0,0.0,25.88984375,7.812714997041682
1713,0.0,0.0,1.0,0.0,25.88984375,7.812714997041682
1714,0.0,0.0,1.0,0.0,25.88984375,7.812714997041682
1715,0.0,0.0,1.0,0.0,25.88984375,7.812714997041682
1716,0.0,0.0,1.0,0.0,25.88984375,7.812714997041682
1717,0.0,0.0,1.0,0.0,25.88984375,7.812714997041682
1718,0.0,0.0,1.0,0.0,25.88984375,7.812714997041682
1719,0.0,0.0,1.0,0.0,25.88984375,7.812714997041682
1720,0.0,0.0,1.0,0.0,25.88984375,7.812714997041682
1721,0.0,0.0,1.0,0.0,25.88984375,7.812714997041682
1722,0.0,0.0,1.0,0.0,25.88984375,7.812714997041682
1723,0.0,0.0,1.0,0.0,25.88984375,7.812714997041682
1724,0.0,0.0,1.0,0.0,25.88984375,7.812714997041682
1725,0.0,0.0,1.0,0.0,25.88984375,7.812714997041682
1726,0.0,0.0,1.0,0.0,25.88984375,7.812714997041682
1727,0.0,0.0,1.0,0.0,25.88984375,7.812714997041682
1728,0.0,0.0,1.0,0.0,25.88984375,7.812714997041682
1729,0.0,0.0,1.0,0.0,25.88984375,7.812714997041682
1730,0.0,0.0,1.0,0.0,25.88984375,7.812714997041682
1731,0.0,0.0,1.0,0.0,25.88984375,7.812714997041682
1732,0.0,0.0,1.0,0.0,25.88984375,7.812714997041682
1733,0.0,0.0,1.0,0.0,25.88984375,7.812714997041682
1734,0.0,0.0,1.0,0.0,25.88984375,7.812714997041682
1735,0.0,0.0,1.0,0.0,25.88984375,7.812714997041682
1736,0.0,0.0,1.0,0.0,25.88984375,7.812714997041682
1737,0.0,0.0,1.0,0.0,25.88984375,7.812714997041682
1738,0.0,0.0,1.0,0.0,25.88984375,7.812714997041682
1739,0.0,0.0,1.0,0.0,25.88984375,7.812714997041682
1740,0.0,0.0,1.0,0.0,25.88984375,7.812714997041682
1741,0.0,0.0,1.0,0.0,25.88984375,7.812714997041682
1742,0.0,0.0,1.0,0.0,25.88984375,7.812714997041682
1743,0.0,0.0,1.0,0.0,25.88984375,7.812714997041682
1744,0.0,0.0,1.0,0.0,25.88984375,7.812714997041682
1745,0.0,0.0,1.0,0.0,25.88984375,7.812714997041682
1746,0.0,0.0,1.0,0.0,25.88984375,7.812714997041682
1747,0.0,0.0,1.0,0.0,25.88984375,7.812714997041682
1748,0.0,0.0,1.0,0.0,25.88984375,7.812714997041682
1749,0.0,0.0,1.0,0.0,25.88984375,7.812714997041682
1750,0.0,0.0,1.0,0.0,25.88984375,7.812714997041682
1751,0.0,0.0,1.0,0.0,25.88984375,7.812714997041682
1752,0.0,0.0,1.0,0.0,25.88984375,7.812714997041682
1753,0.0,0.0,1.0,0.0,25.88984375,7.812714997041682
1754,0.0,0.0,1.0,0.0,25.88984375,7.812714997041682
1755,0.0,0.0,1.0,0.0,25.88984375,7.812714997041682
1756,0.0,0.0,1.0,0.0,25.88984375,7.812714997041682
1757,0.0,0.0,1.0,0.0,25.88984375,7.812714997041682
1758,0.0,0.0,1.0,0.0,25.88984375,7.812714997041682
1759,0.0,0.0,1.0,0.0,25.88984375,7.812714997041682
1760,0.0,0.0,1.0,0.0,25.88984375,7.812714997041682
1761,0.0,0.0,1.0,0.0,25.88984375,7.812714997041682
1762,0.0,0.0,1.0,0.0,25.88984375,7.812714997041682
1763,0.0,0.0,1.0,0.0,25.88984375,7.812714997041682
1764,0.0,0.0,1.0,0.0,25.88984375,7.812714997041682
1765,0.0,0.0,1.0,0.0,25.88984375,7.812714997041682
1766,0.0,0.0,1.0,0.0,25.88984375,7.812714997041682
1767,0.0,0.0,1.0,0.0,25.88984375,7.812714997041682
1768,0.0,0.0,1.0,0.0,25.88984375,7.812714997041682
1769,0.0,0.0,1.0,0.0,25.88984375,7.812714997041682
1770,0.0,0.0,1.0,0.0,25.88984375,7.812714997041682
1771,0.0,0.0,1.0,0.0,25.88984375,7.812714997041682
1772,0.0,0.0,1.0,0.0,25.88984375,7.812714997041682
1773,0.0,0.0,1.0,0.0,25.88984375,7.812714997041682
1774,0.0,0.0,1.0,0.0,25.88984375,7.812714997041682
1775,0.0,0.0,1.0,0.0,25.88984375,7.812714997041682
1776,0.0,0.0,1.0,0.0,25.88984375,7.812714997041682
1777,0.0,0.0,1.0,0.0,25.88984375,7.812714997041682
1778,0.0,0.0,1.0,0.0,25.88984375,7.812714997041682
1779,0.0,0.0,1.0,0.0,25.88984375,7.812714997041682
1780,0.0,0.0,1.0,0.0,25.88984375,7.812714997041682
1781,0.0,0.0,1.0,0.0,25.88984375,7.812714997041682
1782,0.0,0.0,1.0,0.0,25.88984375,7.812714997041682
1783,0.0,0.0,1.0,0.0,25.88984375,7.812714997041682
1784,0.0,0.0,1.0,0.0,25.88984375,7.812714997041682
1785,0.0,0.0,1.0,0.0,25.88984375,7.812714997041682
1786,0.0,0.0,1.0,0.0,25.88984375,7.812714997041682
1787,0.0,0.0,1.0,0.0,25.88984375,7.812714997041682
1788,0.0,0.0,1.0,0.0,25.88984375,7.812714997041682
1789,0.0,0.0,1.0,0.0,25.88984375,7.812714997041682
1790,0.0,0.0,1.0,0.0,25.88984375,7.812714997041682
1791,0.0,0.0,1.0,0.0,25.88984375,7.812714997041682
1792,0.0,0.0,1.0,0.0,25.88984375,7.812714997041682
1793,0.0,0.0,1.0,0.0,25.88984375,7.812714997041682
1794,0.0,0.0,1.0,0.0,25.88984375,7.812714997041682
1795,0.0,0.0,1.0,0.0,25.88984375,7.812714997041682
1796,0.0,0.0,1.0,0.0,25.88984375,7.812714997041682
1797,0.0,0.0,1.0,0.0,25.88984375,7.812714997041682
1798,0.0,0.0,1.0,0.0,25.88984375,7.812714997041682
1799,0.0,0.0,1.0,0.0,25.88984375,7.812714997041682
1800,0.0,0.0,1.0,0.0,25.88984375,7.812714997041682
1801,0.0,0.0,1.0,0.0,25.88984375,7.812714997041682
1802,0.0,0.0,1.0,0.0,25.88984375,7.812714997041682
1803,0.0,0.0,1.0,0.0,25.88984375,7.812714997041682
1804,0.0,0.0,1.0,0.0,25.88984375,7.812714997041682
1805,0.0,0.0,1.0,0.0,25.88984375,7.812714997041682
1806,0.0,0.0,1.0,0.0,25.88984375,7.812714997041682
1807,0.0,0.0,1.0,0.0,25.88984375,7.812714997041682
1808,0.0,0.0,1.0,0.0,25.88984375,7.812714997041682
1809,0.0,0.0,1.0,0.0,25.88984375,7.812714997041682
1810,0.0,0.0,1.0,0.0,25.88984375,7.812714997041682
1811,0.0,0.0,1.0,0.0,25.88984375,7.812714997041682
1812,0.0,0.0,1.0,0.0,25.88984375,7.812714997041682
1813,0.0,0.0,1.0,0.0,25.88984375,7.812714997041682
1814,0.0,0.0,1.0,0.0,25.88984375,7.812714997041682
1815,0.0,0.0,1.0,0.0,25.88984375,7.812714997041682
1816,0.0,0.0,1.0,0.0,25.88984375,7.812714997041682
1817,0.0,0.0,1.0,0.0,25.88984375,7.812714997041682
1818,0.0,0.0,1.0,0.0,25.88984375,7.812714997041682
1819,0.0,0.0,1.0,0.0,25.88984375,7.812714997041682
1820,0.0,0.0,1.0,0.0,25.88984375,7.812714997041682
1821,0.0,0.0,1.0,0.0,25.88984375,7.812714997041682
1822,0.0,0.0,1.0,0.0,25.88984375,7.812714997041682
1823,0.0,0.0,1.0,0.0,25.88984375,7.812714997041682
1824,0.0,0.0,1.0,0.0,25.88984375,7.812714997041682
1825,0.0,0.0,1.0,0.0,25.88984375,7.812714997041682
1826,0.0,0.0,1.0,0.0,25.88984375,7.812714997041682
1827,0.0,0.0,1.0,0.0,25.88984375,7.812714997041682
1828,0.0,0.0,1.0,0.0,25.88984375,7.812714997041682
1829,0.0,0.0,1.0,0.0,25.88984375,7.812714997041682
1830,0.0,0.0,1.0,0.0,25.88984375,7.812714997041682
1831,0.0,0.0,1.0,0.0,25.88984375,7.812714997041682
1832,0.0,0.0,1.0,0.0,25.88984375,7.812714997041682
1833,0.0,0.0,1.0,0.0,25.88984375,7.812714997041682
1834,0.0,0.0,1.0,0.0,25.88984375,7.812714997041682
1835,0.0,0.0,1.0,0.0,25.88984375,7.812714997041682
1836,0.0,0.0,1.0,0.0,25.88984375,7.812714997041682
1837,0.0,0.0,1.0,0.0,25.88984375,7.812714997041682
1838,0.0,0.0,1.0,0.0,25.88984375,7.812714997041682
1839,0.0,0.0,1.0,0.0,25.88984375,7.812714997041682
1840,0.0,0.0,1.0,0.0,25.88984375,7.812714997041682
1841,0.0,0.0,1.0,0.0,25.88984375,7.812714997041682
1842,0.0,0.0,1.0,0.0,25.88984375,7.812714997041682
1843,0.0,0.0,1.0,0.0,25.88984375,7.812714997041682
1844,0.0,0.0,1.0,0.0,25.88984375,7.812714997041682
1845,0.0,0.0,1.0,0.0,25.88984375,7.812714997041682
1846,0.0,0.0,1.0,0.0,25.88984375,7.812714997041682
1847,0.0,0.0,1.0,0.0,25.88984375,7.812714997041682
1848,0.0,0.0,1.0,0.0,25.88984375,7.812714997041682
1849,0.0,0.0,1.0,0.0,25.88984375,7.812714997041682
1850,0.0,0.0,1.0,0.0,25.88984375,7.812714997041682
1851,0.0,0.0,1.0,0.0,25.88984375,7.812714997041682
1852,0.0,0.0,1.0,0.0,25.88984375,7.812714997041682
1853,0.0,0.0,1.0,0.0,25.88984375,7.812714997041682
1854,0.0,0.0,1.0,0.0,25.88984375,7.812714997041682
1855,0.0,0.0,1.0,0.0,25.88984375,7.812714997041682
1856,0.0,0.0,1.0,0.0,25.88984375,7.812714997041682
1857,0.0,0.0,1.0,0.0,25.88984375,7.812714997041682
1858,0.0,0.0,1.0,0.0,25.88984375,7.812714997041682
1859,0.0,0.0,1.0,0.0,25.88984375,7.812714997041682
1860,0.0,0.0,1.0,0.0,25.88984375,7.812714997041682
1861,0.0,0.0,1.0,0.0,25.88984375,7.812714997041682
1862,0.0,0.0,1.0,0.0,25.88984375,7.812714997041682
1863,0.0,0.0,1.0,0.0,25.88984375,7.812714997041682
1864,0.0,0.0,1.0,0.0,25.88984375,7.812714997041682
1865,0.0,0.0,1.0,0.0,25.88984375,7.812714997041682
1866,0.0,0.0,1.0,0.0,25.88984375,7.812714997041682
1867,0.0,0.0,1.0,0.0,25.88984375,7.812714997041682
1868,0.0,0.0,1.0,0.0,25.88984375,7.812714997041682
1869,0.0,0.0,1.0,0.0,25.88984375,7.812714997041682
1870,0.0,0.0,1.0,0.0,25.88984375,7.812714997041682
1871,0.0,0.0,1.0,0.0,25.88984375,7.812714997041682
1872,0.0,0.0,1.0,0.0,25.88984375,7.812714997041682
1873,0.0,0.0,1.0,0.0,25.88984375,7.812714997041682
1874,0.0,0.0,1.0,0.0,25.88984375,7.812714997041682
1875,0.0,0.0,1.0,0.0,25.88984375,7.812714997041682
1876,0.0,0.0,1.0,0.0,25.88984375,7.812714997041682
1877,0.0,0.0,1.0,0.0,25.88984375,7.812714997041682
1878,0.0,0.0,1.0,0.0,25.88984375,7.812714997041682
1879,0.0,0.0,1.0,0.0,25.88984375,7.812714997041682
1880,0.0,0.0,1.0,0.0,25.88984375,7.812714997041682
1881,0.0,0.0,1.0,0.0,25.88984375,7.812714997041682
1882,0.0,0.0,1.0,0.0,25.88984375,7.812714997041682
1883,0.0,0.0,1.0,0.0,25.88984375,7.812714997041682
1884,0.0,0.0,1.0,0.0,25.88984375,7.812714997041682
1885,0.0,0.0,1.0,0.0,25.88984375,7.812714997041682
1886,0.0,0.0,1.0,0.0,25.88984375,7.812714997041682
1887,0.0,0.0,1.0,0.0,25.88984375,7.812714997041682
1888,0.0,0.0,1.0,0.0,25.88984375,7.812714997041682
1889,0.0,0.0,1.0,0.0,25.88984375,7.812714997041682
1890,0.0,0.0,1.0,0.0,25.88984375,7.812714997041682
1891,0.0,0.0,1.0,0.0,25.88984375,7.812714997041682
1892,0.0,0.0,1.0,0.0,25.88984375,7.812714997041682
1893,0.0,0.0,1.0,0.0,25.88984375,7.812714997041682
1894,0.0,0.0,1.0,0.0,25.88984375,7.812714997041682
1895,0.0,0.0,1.0,0.0,25.88984375,7.812714997041682
1896,0.0,0.0,1.0,0.0,25.88984375,7.812714997041682
1897,0.0,0.0,1.0,0.0,25.88984375,7.812714997041682
1898,0.0,0.0,1.0,0.0,25.88984375,7.812714997041682
1899,0.0,0.0,1.0,0.0,25.88984375,7.812714997041682
1900,0.0,0.0,1.0,0.0,25.88984375,7.812714997041682
1901,0.0,0.0,1.0,0.0,25.88984375,7.812714997041682
1902,0.0,0.0,1.0,0.0,25.88984375,7.812714997041682
1903,0.0,0.0,1.0,0.0,25.88984375,7.812714997041682
1904,0.0,0.0,1.0,0.0,25.88984375,7.812714997041682
1905,0.0,0.0,1.0,0.0,25.88984375,7.812714997041682
1906,0.0,0.0,1.0,0.0,25.88984375,7.812714997041682
1907,0.0,0.0,1.0,0.0,25.88984375,7.812714997041682
1908,0.0,0.0,1.0,0.0,25.88984375,7.812714997041682
1909,0.0,0.0,1.0,0.0,25.88984375,7.812714997041682
1910,0.0,0.0,1.0,0.0,25.88984375,7.812714997041682
1911,0.0,0.0,1.0,0.0,25.88984375,7.812714997041682
1912,0.0,0.0,1.0,0.0,25.88984375,7.812714997041682
1913,0.0,0.0,1.0,0.0,25.88984375,7.812714997041682
1914,0.0,0.0,1.0,0.0,25.88984375,7.812714997041682
1915,0.0,0.0,1.0,0.0,25.88984375,7.812714997041682
1916,0.0,0.0,1.0,0.0,25.88984375,7.812714997041682
1917,0.0,0.0,1.0,0.0,25.88984375,7.812714997041682
1918,0.0,0.0,1.0,0.0,25.88984375,7.812714997041682
1919,0.0,0.0,1.0,0.0,25.88984375,7.812714997041682
1920,0.0,0.0,1.0,0.0,25.88984375,7.812714997041682
1921,0.0,0.0,1.0,0.0,25.88984375,7.812714997041682
1922,0.0,0.0,1.0,0.0,25.88984375,7.812714997041682
1923,0.0,0.0,1.0,0.0,25.88984375,7.812714997041682
1924,0.0,0.0,1.0,0.0,25.88984375,7.812714997041682
1925,0.0,0.0,1.0,0.0,25.88984375,7.812714997041682
1926,0.0,0.0,1.0,0.0,25.88984375,7.812714997041682
1927,0.0,0.0,1.0,0.0,25.88984375,7.812714997041682
1928,0.0,0.0,1.0,0.0,25.88984375,7.812714997041682
1929,0.0,0.0,1.0,0.0,25.88984375,7.812714997041682
1930,0.0,0.0,1.0,0.0,25.88984375,7.812714997041682
1931,0.0,0.0,1.0,0.0,25.88984375,7.812714997041682
1932,0.0,0.0,1.0,0.0,25.88984375,7.812714997041682
1933,0.0,0.0,1.0,0.0,25.88984375,7.812714997041682
1934,0.0,0.0,1.0,0.0,25.88984375,7.812714997041682
1935,0.0,0.0,1.0,0.0,25.88984375,7.812714997041682
1936,0.0,0.0,1.0,0.0,25.88984375,7.812714997041682
1937,0.0,0.0,1.0,0.0,25.88984375,7.812714997041682
1938,0.0,0.0,1.0,0.0,25.88984375,7.812714997041682
1939,0.0,0.0,1.0,0.0,25.88984375,7.812714997041682
1940,0.0,0.0,1.0,0.0,25.88984375,7.812714997041682
1941,0.0,0.0,1.0,0.0,25.88984375,7.812714997041682
1942,0.0,0.0,1.0,0.0,25.88984375,7.812714997041682
1943,0.0,0.0,1.0,0.0,25.88984375,7.812714997041682
1944,0.0,0.0,1.0,0.0,25.88984375,7.812714997041682
1945,0.0,0.0,1.0,0.0,25.88984375,7.812714997041682
1946,0.0,0.0,1.0,0.0,25.88984375,7.812714997041682
1947,0.0,0.0,1.0,0.0,25.88984375,7.812714997041682
1948,0.0,0.0,1.0,0.0,25.88984375,7.812714997041682
1949,0.0,0.0,1.0,0.0,25.88984375,7.812714997041682
1950,0.0,0.0,1.0,0.0,25.88984375,7.812714997041682
1951,0.0,0.0,1.0,0.0,25.88984375,7.812714997041682
1952,0.0,0.0,1.0,0.0,25.88984375,7.812714997041682
1953,0.0,0.0,1.0,0.0,25.88984375,7.812714997041682
1954,0.0,0.0,1.0,0.0,25.88984375,7.812714997041682
1955,0.0,0.0,1.0,0.0,25.88984375,7.812714997041682
1956,0.0,0.0,1.0,0.0,25.88984375,7.812714997041682
1957,0.0,0.0,1.0,0.0,25.88984375,7.812714997041682
1958,0.0,0.0,1.0,0.0,25.88984375,7.812714997041682
1959,0.0,0.0,1.0,0.0,25.88984375,7.812714997041682
1960,0.0,0.0,1.0,0.0,25.88984375,7.812714997041682
1961,0.0,0.0,1.0,0.0,25.88984375,7.812714997041682
1962,0.0,0.0,1.0,0.0,25.88984375,7.812714997041682
1963,0.0,0.0,1.0,0.0,25.88984375,7.812714997041682
1964,0.0,0.0,1.0,0.0,25.88984375,7.812714997041682
1965,0.0,0.0,1.0,0.0,25.88984375,7.812714997041682
1966,0.0,0.0,1.0,0.0,25.88984375,7.812714997041682
1967,0.0,0.0,1.0,0.0,25.88984375,7.812714997041682
1968,0.0,0.0,1.0,0.0,25.88984375,7.812714997041682
1969,0.0,0.0,1.0,0.0,25.88984375,7.812714997041682
1970,0.0,0.0,1.0,0.0,25.88984375,7.812714997041682
1971,0.0,0.0,1.0,0.0,25.88984375,7.812714997041682
1972,0.0,0.0,1.0,0.0,25.88984375,7.812714997041682
1973,0.0,0.0,1.0,0.0,25.88984375,7.812714997041682
1974,0.0,0.0,1.0,0.0,25.88984375,7.812714997041682
1975,0.0,0.0,1.0,0.0,25.88984375,7.812714997041682
1976,0.0,0.0,1.0,0.0,25.88984375,7.812714997041682
1977,0.0,0.0,1.0,0.0,25.88984375,7.812714997041682
1978,0.0,0.0,1.0,0.0,25.88984375,7.812714997041682
1979,0.0,0.0,1.0,0.0,25.88984375,7.812714997041682
1980,0.0,0.0,1.0,0.0,25.88984375,7.812714997041682
1981,0.0,0.0,1.0,0.0,25.88984375,7.812714997041682
1982,0.0,0.0,1.0,0.0,25.88984375,7.812714997041682
1983,0.0,0.0,1.0,0.0,25.88984375,7.812714997041682
1984,0.0,0.0,1.0,0.0,25.88984375,7.812714997041682
1985,0.0,0.0,1.0,0.0,25.88984375,7.812714997041682
1986,0.0,0.0,1.0,0.0,25.88984375,7.812714997041682
1987,0.0,0.0,1.0,0.0,25.88984375,7.812714997041682
1988,0.0,0.0,1.0,0.0,25.88984375,7.812714997041682
1989,0.0,0.0,1.0,0.0,25.88984375,7.812714997041682
1990,0.0,0.0,1.0,0.0,25.88984375,7.812714997041682
1991,0.0,0.0,1.0,0.0,25.88984375,7.812714997041682
1992,0.0,0.0,1.0,0.0,25.88984375,7.812714997041682
1993,0.0,0.0,1.0,0.0,25.88984375,7.812714997041682
1994,0.0,0.0,1.0,0.0,25.88984375,7.812714997041682
1995,0.0,0.0,1.0,0.0,25.88984375,7.812714997041682
1996,0.0,0.0,1.0,0.0,25.88984375,7.812714997041682
1997,0.0,0.0,1.0,0.0,25.88984375,7.812714997041682
1998,0.0,0.0,1.0,0.0,25.88984375,7.812714997041682
1999,0.0,0.0,1.0,0.0,25.88984375,7.812714997041682
2000,0.0,0.0,1.0,0.0,25.88984375,7.812714997041682
2001,0.0,0.0,1.0,0.0,25.88984375,7.812714997041682
2002,0.0,0.0,1.0,0.0,25.88984375,7.812714997041682
2003,0.0,0.0,1.0,0.0,25.88984375,7.812714997041682
2004,0.0,0.0,1.0,0.0,25.88984375,7.812714997041682
2005,0.0,0.0,1.0,0.0,25.88984375,7.812714997041682
2006,0.0,0.0,1.0,0.0,25.88984375,7.812714997041682
2007,0.0,0.0,1.0,0.0,25.88984375,7.812714997041682
2008,0.0,0.0,1.0,0.0,25.88984375,7.812714997041682
2009,0.0,0.0,1.0,0.0,25.88984375,7.812714997041682
2010,0.0,0.0,1.0,0.0,25.88984375,7.812714997041682
2011,0.0,0.0,1.0,0.0,25.88984375,7.812714997041682
2012,0.0,0.0,1.0,0.0,25.88984375,7.812714997041682
2013,0.0,0.0,1.0,0.0,25.88984375,7.812714997041682
2014,0.0,0.0,1.0,0.0,25.88984375,7.812714997041682
2015,0.0,0.0,1.0,0.0,25.88984375,7.812714997041682
2016,0.0,0.0,1.0,0.0,25.88984375,7.812714997041682
2017,0.0,0.0,1.0,0.0,25.88984375,7.812714997041682
2018,0.0,0.0,1.0,0.0,25.88984375,7.812714997041682
2019,0.0,0.0,1.0,0.0,25.88984375,7.812714997041682
2020,0.0,0.0,1.0,0.0,25.88984375,7.812714997041682
2021,0.0,0.0,1.0,0.0,25.88984375,7.812714997041682
2022,0.0,0.0,1.0,0.0,25.88984375,7.812714997041682
2023,0.0,0.0,1.0,0.0,25.88984375,7.812714997041682
2024,0.0,0.0,1.0,0.0,25.88984375,7.812714997041682
2025,0.0,0.0,1.0,0.0,25.88984375,7.812714997041682
2026,0.0,0.0,1.0,0.0,25.88984375,7.812714997041682
2027,0.0,0.0,1.0,0.0,25.88984375,7.812714997041682
2028,0.0,0.0,1.0,0.0,25.88984375,7.812714997041682
2029,0.0,0.0,1.0,0.0,25.88984375,7.812714997041682
2030,0.0,0.0,1.0,0.0,25.88984375,7.812714997041682
2031,0.0,0.0,1.0,0.0,25.88984375,7.812714997041682
2032,0.0,0.0,1.0,0.0,25.88984375,7.812714997041682
2033,0.0,0.0,1.0,0.0,25.88984375,7.812714997041682
2034,0.0,0.0,1.0,0.0,25.88984375,7.812714997041682
2035,0.0,0.0,1.0,0.0,25.88984375,7.812714997041682
2036,0.0,0.0,1.0,0.0,25.88984375,7.812714997041682
2037,0.0,0.0,1.0,0.0,25.88984375,7.812714997041682
2038,0.0,0.0,1.0,0.0,25.88984375,7.812714997041682
2039,0.0,0.0,1.0,0.0,25.88984375,7.812714997041682
2040,0.0,0.0,1.0,0.0,25.88984375,7.812714997041682
2041,0.0,0.0,1.0,0.0,25.88984375,7.812714997041682
2042,0.0,0.0,1.0,0.0,25.88984375,7.812714997041682
2043,0.0,0.0,1.0,0.0,25.88984375,7.812714997041682
2044,0.0,0.0,1.0,0.0,25.88984375,7.812714997041682
2045,0.0,0.0,1.0,0.0,25.88984375,7.812714997041682
2046,0.0,0.0,1.0,0.0,25.88984375,7.812714997041682
2047,0.0,0.0,1.0,0.0,25.88984375,7.812714997041682
2048,0.0,0.0,1.0,0.0,25.88984375,7.812714997041682
2049,0.0,0.0,1.0,0.0,25.88984375,7.812714997041682
2050,0.0,0.0,1.0,0.0,25.88984375,7.812714997041682
2051,0.0,0.0,1.0,0.0,25.88984375,7.812714997041682
2052,0.0,0.0,1.0,0.0,25.88984375,7.812714997041682
2053,0.0,0.0,1.0,0.0,25.88984375,7.812714997041682
2054,0.0,0.0,1.0,0.0,25.88984375,7.812714997041682
2055,0.0,0.0,1.0,0.0,25.88984375,7.812714997041682
2056,0.0,0.0,1.0,0.0,25.88984375,7.812714997041682
2057,0.0,0.0,1.0,0.0,25.88984375,7.812714997041682
2058,0.0,0.0,1.0,0.0,25.88984375,7.812714997041682
2059,0.0,0.0,1.0,0.0,25.88984375,7.812714997041682
2060,0.0,0.0,1.0,0.0,25.88984375,7.812714997041682
2061,0.0,0.0,1.0,0.0,25.88984375,7.812714997041682
2062,0.0,0.0,1.0,0.0,25.88984375,7.812714997041682
2063,0.0,0.0,1.0,0.0,25.88984375,7.812714997041682
2064,0.0,0.0,1.0,0.0,25.88984375,7.812714997041682
2065,0.0,0.0,1.0,0.0,25.88984375,7.812714997041682
2066,0.0,0.0,1.0,0.0,25.88984375,7.812714997041682
2067,0.0,0.0,1.0,0.0,25.88984375,7.812714997041682
2068,0.0,0.0,1.0,0.0,25.88984375,7.812714997041682
2069,0.0,0.0,1.0,0.0,25.88984375,7.812714997041682
2070,0.0,0.0,1.0,0.0,25.88984375,7.812714997041682
2071,0.0,0.0,1.0,0.0,25.88984375,7.812714997041682
2072,0.0,0.0,1.0,0.0,25.88984375,7.812714997041682
2073,0.0,0.0,1.0,0.0,25.88984375,7.812714997041682
2074,0.0,0.0,1.0,0.0,25.88984375,7.812714997041682
2075,0.0,0.0,1.0,0.0,25.88984375,7.812714997041682
2076,0.0,0.0,1.0,0.0,25.88984375,7.812714997041682
2077,0.0,0.0,1.0,0.0,25.88984375,7.812714997041682
2078,0.0,0.0,1.0,0.0,25.88984375,7.812714997041682
2079,0.0,0.0,1.0,0.0,25.88984375,7.812714997041682
2080,0.0,0.0,1.0,0.0,25.88984375,7.812714997041682
2081,0.0,0.0,1.0,0.0,25.88984375,7.812714997041682
2082,0.0,0.0,1.0,0.0,25.88984375,7.812714997041682
2083,0.0,0.0,1.0,0.0,25.88984375,7.812714997041682
2084,0.0,0.0,1.0,0.0,25.88984375,7.812714997041682
2085,0.0,0.0,1.0,0.0,25.88984375,7.812714997041682
2086,0.0,0.0,1.0,0.0,25.88984375,7.812714997041682
2087,0.0,0.0,1.0,0.0,25.88984375,7.812714997041682
2088,0.0,0.0,1.0,0.0,25.88984375,7.812714997041682
2089,0.0,0.0,1.0,0.0,25.88984375,7.812714997041682
2090,0.0,0.0,1.0,0.0,25.88984375,7.812714997041682
2091,0.0,0.0,1.0,0.0,25.88984375,7.812714997041682
2092,0.0,0.0,1.0,0.0,25.88984375,7.812714997041682
2093,0.0,0.0,1.0,0.0,25.88984375,7.812714997041682
2094,0.0,0.0,1.0,0.0,25.88984375,7.812714997041682
2095,0.0,0.0,1.0,0.0,25.88984375,7.812714997041682
2096,0.0,0.0,1.0,0.0,25.88984375,7.812714997041682
2097,0.0,0.0,1.0,0.0,25.88984375,7.812714997041682
2098,0.0,0.0,1.0,0.0,25.88984375,7.812714997041682
2099,0.0,0.0,1.0,0.0,25.88984375,7.812714997041682
2100,0.0,0.0,1.0,0.0,25.88984375,7.812714997041682
2101,0.0,0.0,1.0,0.0,25.88984375,7.812714997041682
2102,0.0,0.0,1.0,0.0,25.88984375,7.812714997041682
2103,0.0,0.0,1.0,0.0,25.88984375,7.812714997041682
2104,0.0,0.0,1.0,0.0,25.88984375,7.812714997041682
2105,0.0,0.0,1.0,0.0,25.88984375,7.812714997041682
2106,0.0,0.0,1.0,0.0,25.88984375,7.812714997041682
2107,0.0,0.0,1.0,0.0,25.88984375,7.812714997041682
2108,0.0,0.0,1.0,0.0,25.88984375,7.812714997041682
2109,0.0,0.0,1.0,0.0,25.88984375,7.812714997041682
2110,0.0,0.0,1.0,0.0,25.88984375,7.812714997041682
2111,0.0,0.0,1.0,0.0,25.88984375,7.812714997041682
2112,0.0,0.0,1.0,0.0,25.88984375,7.812714997041682
2113,0.0,0.0,1.0,0.0,25.88984375,7.812714997041682
2114,0.0,0.0,1.0,0.0,25.88984375,7.812714997041682
2115,0.0,0.0,1.0,0.0,25.88984375,7.812714997041682
2116,0.0,0.0,1.0,0.0,25.88984375,7.812714997041682
2117,0.0,0.0,1.0,0.0,25.88984375,7.812714997041682
2118,0.0,0.0,1.0,0.0,25.88984375,7.812714997041682
2119,0.0,0.0,1.0,0.0,25.88984375,7.812714997041682
2120,0.0,0.0,1.0,0.0,25.88984375,7.812714997041682
2121,0.0,0.0,1.0,0.0,25.88984375,7.812714997041682
2122,0.0,0.0,1.0,0.0,25.88984375,7.812714997041682
2123,0.0,0.0,1.0,0.0,25.88984375,7.812714997041682
2124,0.0,0.0,1.0,0.0,25.88984375,7.812714997041682
2125,0.0,0.0,1.0,0.0,25.88984375,7.812714997041682
2126,0.0,0.0,1.0,0.0,25.88984375,7.812714997041682
2127,0.0,0.0,1.0,0.0,25.88984375,7.812714997041682
2128,0.0,0.0,1.0,0.0,25.88984375,7.812714997041682
2129,0.0,0.0,1.0,0.0,25.88984375,7.812714997041682
2130,0.0,0.0,1.0,0.0,25.88984375,7.812714997041682
2131,0.0,0.0,1.0,0.0,25.88984375,7.812714997041682
2132,0.0,0.0,1.0,0.0,25.88984375,7.812714997041682
2133,0.0,0.0,1.0,0.0,25.88984375,7.812714997041682
2134,0.0,0.0,1.0,0.0,25.88984375,7.812714997041682
2135,0.0,0.0,1.0,0.0,25.88984375,7.812714997041682
2136,0.0,0.0,1.0,0.0,25.88984375,7.812714997041682
2137,0.0,0.0,1.0,0.0,25.88984375,7.812714997041682
2138,0.0,0.0,1.0,0.0,25.88984375,7.812714997041682
2139,0.0,0.0,1.0,0.0,25.88984375,7.812714997041682
2140,0.0,0.0,1.0,0.0,25.88984375,7.812714997041682
2141,0.0,0.0,1.0,0.0,25.88984375,7.812714997041682
2142,0.0,0.0,1.0,0.0,25.88984375,7.812714997041682
2143,0.0,0.0,1.0,0.0,25.88984375,7.812714997041682
2144,0.0,0.0,1.0,0.0,25.88984375,7.812714997041682
2145,0.0,0.0,1.0,0.0,25.88984375,7.812714997041682
2146,0.0,0.0,1.0,0.0,25.88984375,7.812714997041682
2147,0.0,0.0,1.0,0.0,25.88984375,7.812714997041682
2148,0.0,0.0,1.0,0.0,25.88984375,7.812714997041682
2149,0.0,0.0,1.0,0.0,25.88984375,7.812714997041682
2150,0.0,0.0,1.0,0.0,25.88984375,7.812714997041682
2151,0.0,0.0,1.0,0.0,25.88984375,7.812714997041682
2152,0.0,0.0,1.0,0.0,25.88984375,7.812714997041682
2153,0.0,0.0,1.0,0.0,25.88984375,7.812714997041682
2154,0.0,0.0,1.0,0.0,25.88984375,7.812714997041682
2155,0.0,0.0,1.0,0.0,25.88984375,7.812714997041682
2156,0.0,0.0,1.0,0.0,25.88984375,7.812714997041682
2157,0.0,0.0,1.0,0.0,25.88984375,7.812714997041682
2158,0.0,0.0,1.0,0.0,25.88984375,7.812714997041682
2159,0.0,0.0,1.0,0.0,25.88984375,7.812714997041682
2160,0.0,0.0,1.0,0.0,25.88984375,7.812714997041682
2161,0.0,0.0,1.0,0.0,25.88984375,7.812714997041682
2162,0.0,0.0,1.0,0.0,25.88984375,7.812714997041682
2163,0.0,0.0,1.0,0.0,25.88984375,7.812714997041682
2164,0.0,0.0,1.0,0.0,25.88984375,7.812714997041682
2165,0.0,0.0,1.0,0.0,25.88984375,7.812714997041682
2166,0.0,0.0,1.0,0.0,25.88984375,7.812714997041682
2167,0.0,0.0,1.0,0.0,25.88984375,7.812714997041682
2168,0.0,0.0,1.0,0.0,25.88984375,7.812714997041682
2169,0.0,0.0,1.0,0.0,25.88984375,7.812714997041682
2170,0.0,0.0,1.0,0.0,25.88984375,7.812714997041682
2171,0.0,0.0,1.0,0.0,25.88984375,7.812714997041682
2172,0.0,0.0,1.0,0.0,25.88984375,7.812714997041682
2173,0.0,0.0,1.0,0.0,25.88984375,7.812714997041682
2174,0.0,0.0,1.0,0.0,25.88984375,7.812714997041682
2175,0.0,0.0,1.0,0.0,25.88984375,7.812714997041682
2176,0.0,0.0,1.0,0.0,25.88984375,7.812714997041682
2177,0.0,0.0,1.0,0.0,25.88984375,7.812714997041682
2178,0.0,0.0,1.0,0.0,25.88984375,7.812714997041682
2179,0.0,0.0,1.0,0.0,25.88984375,7.812714997041682
2180,0.0,0.0,1.0,0.0,25.88984375,7.812714997041682
2181,0.0,0.0,1.0,0.0,25.88984375,7.812714997041682
2182,0.0,0.0,1.0,0.0,25.88984375,7.812714997041682
2183,0.0,0.0,1.0,0.0,25.88984375,7.812714997041682
2184,0.0,0.0,1.0,0.0,25.88984375,7.812714997041682
2185,0.0,0.0,1.0,0.0,25.88984375,7.812714997041682
2186,0.0,0.0,1.0,0.0,25.88984375,7.812714997041682
2187,0.0,0.0,1.0,0.0,25.88984375,7.812714997041682
2188,0.0,0.0,1.0,0.0,25.88984375,7.812714997041682
2189,0.0,0.0,1.0,0.0,25.88984375,7.812714997041682
2190,0.0,0.0,1.0,0.0,25.88984375,7.812714997041682
2191,0.0,0.0,1.0,0.0,25.88984375,7.812714997041682
2192,0.0,0.0,1.0,0.0,25.88984375,7.812714997041682
2193,0.0,0.0,1.0,0.0,25.88984375,7.812714997041682
2194,0.0,0.0,1.0,0.0,25.88984375,7.812714997041682
2195,0.0,0.0,1.0,0.0,25.88984375,7.812714997041682
2196,0.0,0.0,1.0,0.0,25.88984375,7.812714997041682
2197,0.0,0.0,1.0,0.0,25.88984375,7.812714997041682
2198,0.0,0.0,1.0,0.0,25.88984375,7.812714997041682
2199,0.0,0.0,1.0,0.0,25.88984375,7.812714997041682
2200,0.0,0.0,1.0,0.0,25.88984375,7.812714997041682
2201,0.0,0.0,1.0,0.0,25.88984375,7.812714997041682
2202,0.0,0.0,1.0,0.0,25.88984375,7.812714997041682
2203,0.0,0.0,1.0,0.0,25.88984375,7.812714997041682
2204,0.0,0.0,1.0,0.0,25.88984375,7.812714997041682
2205,0.0,0.0,1.0,0.0,25.88984375,7.812714997041682
2206,0.0,0.0,1.0,0.0,25.88984375,7.812714997041682
2207,0.0,0.0,1.0,0.0,25.88984375,7.812714997041682
2208,0.0,0.0,1.0,0.0,25.88984375,7.812714997041682
2209,0.0,0.0,1.0,0.0,25.88984375,7.812714997041682
2210,0.0,0.0,1.0,0.0,25.88984375,7.812714997041682
2211,0.0,0.0,1.0,0.0,25.88984375,7.812714997041682
2212,0.0,0.0,1.0,0.0,25.88984375,7.812714997041682
2213,0.0,0.0,1.0,0.0,25.88984375,7.812714997041682
2214,0.0,0.0,1.0,0.0,25.88984375,7.812714997041682
2215,0.0,0.0,1.0,0.0,25.88984375,7.812714997041682
2216,0.0,0.0,1.0,0.0,25.88984375,7.812714997041682
2217,0.0,0.0,1.0,0.0,25.88984375,7.812714997041682
2218,0.0,0.0,1.0,0.0,25.88984375,7.812714997041682
2219,0.0,0.0,1.0,0.0,25.88984375,7.812714997041682
2220,0.0,0.0,1.0,0.0,25.88984375,7.812714997041682
2221,0.0,0.0,1.0,0.0,25.88984375,7.812714997041682
2222,0.0,0.0,1.0,0.0,25.88984375,7.812714997041682
2223,0.0,0.0,1.0,0.0,25.88984375,7.812714997041682
2224,0.0,0.0,1.0,0.0,25.88984375,7.812714997041682
2225,0.0,0.0,1.0,0.0,25.88984375,7.812714997041682
2226,0.0,0.0,1.0,0.0,25.88984375,7.812714997041682
2227,0.0,0.0,1.0,0.0,25.88984375,7.812714997041682
2228,0.0,0.0,1.0,0.0,25.88984375,7.812714997041682
2229,0.0,0.0,1.0,0.0,25.88984375,7.812714997041682
2230,0.0,0.0,1.0,0.0,25.88984375,7.812714997041682
2231,0.0,0.0,1.0,0.0,25.88984375,7.812714997041682
2232,0.0,0.0,1.0,0.0,25.88984375,7.812714997041682
2233,0.0,0.0,1.0,0.0,25.88984375,7.812714997041682
2234,0.0,0.0,1.0,0.0,25.88984375,7.812714997041682
2235,0.0,0.0,1.0,0.0,25.88984375,7.812714997041682
2236,0.0,0.0,1.0,0.0,25.88984375,7.812714997041682
2237,0.0,0.0,1.0,0.0,25.88984375,7.812714997041682
2238,0.0,0.0,1.0,0.0,25.88984375,7.812714997041682
2239,0.0,0.0,1.0,0.0,25.88984375,7.812714997041682
2240,0.0,0.0,1.0,0.0,25.88984375,7.812714997041682
2241,0.0,0.0,1.0,0.0,25.88984375,7.812714997041682
2242,0.0,0.0,1.0,0.0,25.88984375,7.812714997041682
2243,0.0,0.0,1.0,0.0,25.88984375,7.812714997041682
2244,0.0,0.0,1.0,0.0,25.88984375,7.812714997041682
2245,0.0,0.0,1.0,0.0,25.88984375,7.812714997041682
2246,0.0,0.0,1.0,0.0,25.88984375,7.812714997041682
2247,0.0,0.0,1.0,0.0,25.88984375,7.812714997041682
2248,0.0,0.0,1.0,0.0,25.88984375,7.812714997041682
2249,0.0,0.0,1.0,0.0,25.88984375,7.812714997041682
2250,0.0,0.0,1.0,0.0,25.88984375,7.812714997041682
2251,0.0,0.0,1.0,0.0,25.88984375,7.812714997041682
2252,0.0,0.0,1.0,0.0,25.88984375,7.812714997041682
2253,0.0,0.0,1.0,0.0,25.88984375,7.812714997041682
2254,0.0,0.0,1.0,0.0,25.88984375,7.812714997041682
2255,0.0,0.0,1.0,0.0,25.88984375,7.812714997041682
2256,0.0,0.0,1.0,0.0,25.88984375,7.812714997041682
2257,0.0,0.0,1.0,0.0,25.88984375,7.812714997041682
2258,0.0,0.0,1.0,0.0,25.88984375,7.812714997041682
2259,0.0,0.0,1.0,0.0,25.88984375,7.812714997041682
2260,0.0,0.0,1.0,0.0,25.88984375,7.812714997041682
2261,0.0,0.0,1.0,0.0,25.88984375,7.812714997041682
2262,0.0,0.0,1.0,0.0,25.88984375,7.812714997041682
2263,0.0,0.0,1.0,0.0,25.88984375,7.812714997041682
2264,0.0,0.0,1.0,0.0,25.88984375,7.812714997041682
2265,0.0,0.0,1.0,0.0,25.88984375,7.812714997041682
2266,0.0,0.0,1.0,0.0,25.88984375,7.812714997041682
2267,0.0,0.0,1.0,0.0,25.88984375,7.812714997041682
2268,0.0,0.0,1.0,0.0,25.88984375,7.812714997041682
2269,0.0,0.0,1.0,0.0,25.88984375,7.812714997041682
2270,0.0,0.0,1.0,0.0,25.88984375,7.812714997041682
2271,0.0,0.0,1.0,0.0,25.88984375,7.812714997041682
2272,0.0,0.0,1.0,0.0,25.88984375,7.812714997041682
2273,0.0,0.0,1.0,0.0,25.88984375,7.812714997041682
2274,0.0,0.0,1.0,0.0,25.88984375,7.812714997041682
2275,0.0,0.0,1.0,0.0,25.88984375,7.812714997041682
2276,0.0,0.0,1.0,0.0,25.88984375,7.812714997041682
2277,0.0,0.0,1.0,0.0,25.88984375,7.812714997041682
2278,0.0,0.0,1.0,0.0,25.88984375,7.812714997041682
2279,0.0,0.0,1.0,0.0,25.88984375,7.812714997041682
2280,0.0,0.0,1.0,0.0,25.88984375,7.812714997041682
2281,0.0,0.0,1.0,0.0,25.88984375,7.812714997041682
2282,0.0,0.0,1.0,0.0,25.88984375,7.812714997041682
2283,0.0,0.0,1.0,0.0,25.88984375,7.812714997041682
2284,0.0,0.0,1.0,0.0,25.88984375,7.812714997041682
2285,0.0,0.0,1.0,0.0,25.88984375,7.812714997041682
2286,0.0,0.0,1.0,0.0,25.88984375,7.812714997041682
2287,0.0,0.0,1.0,0.0,25.88984375,7.812714997041682
2288,0.0,0.0,1.0,0.0,25.88984375,7.812714997041682
2289,0.0,0.0,1.0,0.0,25.88984375,7.812714997041682
2290,0.0,0.0,1.0,0.0,25.88984375,7.812714997041682
2291,0.0,0.0,1.0,0.0,25.88984375,7.812714997041682
2292,0.0,0.0,1.0,0.0,25.88984375,7.812714997041682
2293,0.0,0.0,1.0,0.0,25.88984375,7.812714997041682
2294,0.0,0.0,1.0,0.0,25.88984375,7.812714997041682
2295,0.0,0.0,1.0,0.0,25.88984375,7.812714997041682
2296,0.0,0.0,1.0,0.0,25.88984375,7.812714997041682
2297,0.0,0.0,1.0,0.0,25.88984375,7.812714997041682
2298,0.0,0.0,1.0,0.0,25.88984375,7.812714997041682
2299,0.0,0.0,1.0,0.0,25.88984375,7.812714997041682
2300,0.0,0.0,1.0,0.0,25.88984375,7.812714997041682
2301,0.0,0.0,1.0,0.0,25.88984375,7.812714997041682
2302,0.0,0.0,1.0,0.0,25.88984375,7.812714997041682
2303,0.0,0.0,1.0,0.0,25.88984375,7.812714997041682
2304,0.0,0.0,1.0,0.0,25.88984375,7.812714997041682
2305,0.0,0.0,1.0,0.0,25.88984375,7.812714997041682
2306,0.0,0.0,1.0,0.0,25.88984375,7.812714997041682
2307,0.0,0.0,1.0,0.0,25.88984375,7.812714997041682
2308,0.0,0.0,1.0,0.0,25.88984375,7.812714997041682
2309,0.0,0.0,1.0,0.0,25.88984375,7.812714997041682
2310,0.0,0.0,1.0,0.0,25.88984375,7.812714997041682
2311,0.0,0.0,1.0,0.0,25.88984375,7.812714997041682
2312,0.0,0.0,1.0,0.0,25.88984375,7.812714997041682
2313,0.0,0.0,1.0,0.0,25.88984375,7.812714997041682
2314,0.0,0.0,1.0,0.0,25.88984375,7.812714997041682
2315,0.0,0.0,1.0,0.0,25.88984375,7.812714997041682
2316,0.0,0.0,1.0,0.0,25.88984375,7.812714997041682
2317,0.0,0.0,1.0,0.0,25.88984375,7.812714997041682
2318,0.0,0.0,1.0,0.0,25.88984375,7.812714997041682
2319,0.0,0.0,1.0,0.0,25.88984375,7.812714997041682
2320,0.0,0.0,1.0,0.0,25.88984375,7.812714997041682
2321,0.0,0.0,1.0,0.0,25.88984375,7.812714997041682
2322,0.0,0.0,1.0,0.0,25.88984375,7.812714997041682
2323,0.0,0.0,1.0,0.0,25.88984375,7.812714997041682
2324,0.0,0.0,1.0,0.0,25.88984375,7.812714997041682
2325,0.0,0.0,1.0,0.0,25.88984375,7.812714997041682
2326,0.0,0.0,1.0,0.0,25.88984375,7.812714997041682
2327,0.0,0.0,1.0,0.0,25.88984375,7.812714997041682
2328,0.0,0.0,1.0,0.0,25.88984375,7.812714997041682
2329,0.0,0.0,1.0,0.0,25.88984375,7.812714997041682
2330,0.0,0.0,1.0,0.0,25.88984375,7.812714997041682
2331,0.0,0.0,1.0,0.0,25.88984375,7.812714997041682
2332,0.0,0.0,1.0,0.0,25.88984375,7.812714997041682
2333,0.0,0.0,1.0,0.0,25.88984375,7.812714997041682
2334,0.0,0.0,1.0,0.0,25.88984375,7.812714997041682
2335,0.0,0.0,1.0,0.0,25.88984375,7.812714997041682
2336,0.0,0.0,1.0,0.0,25.88984375,7.812714997041682
2337,0.0,0.0,1.0,0.0,25.88984375,7.812714997041682
2338,0.0,0.0,1.0,0.0,25.88984375,7.812714997041682
2339,0.0,0.0,1.0,0.0,25.88984375,7.812714997041682
2340,0.0,0.0,1.0,0.0,25.88984375,7.812714997041682
2341,0.0,0.0,1.0,0.0,25.88984375,7.812714997041682
2342,0.0,0.0,1.0,0.0,25.88984375,7.812714997041682
2343,0.0,0.0,1.0,0.0,25.88984375,7.812714997041682
2344,0.0,0.0,1.0,0.0,25.88984375,7.812714997041682
2345,0.0,0.0,1.0,0.0,25.88984375,7.812714997041682
2346,0.0,0.0,1.0,0.0,25.88984375,7.812714997041682
2347,0.0,0.0,1.0,0.0,25.88984375,7.812714997041682
2348,0.0,0.0,1.0,0.0,25.88984375,7.812714997041682
2349,0.0,0.0,1.0,0.0,25.88984375,7.812714997041682
2350,0.0,0.0,1.0,0.0,25.88984375,7.812714997041682
2351,0.0,0.0,1.0,0.0,25.88984375,7.812714997041682
2352,0.0,0.0,1.0,0.0,25.88984375,7.812714997041682
2353,0.0,0.0,1.0,0.0,25.88984375,7.812714997041682
2354,0.0,0.0,1.0,0.0,25.88984375,7.812714997041682
2355,0.0,0.0,1.0,0.0,25.88984375,7.812714997041682
2356,0.0,0.0,1.0,0.0,25.88984375,7.812714997041682
2357,0.0,0.0,1.0,0.0,25.88984375,7.812714997041682
2358,0.0,0.0,1.0,0.0,25.88984375,7.812714997041682
2359,0.0,0.0,1.0,0.0,25.88984375,7.812714997041682
2360,0.0,0.0,1.0,0.0,25.88984375,7.812714997041682
2361,0.0,0.0,1.0,0.0,25.88984375,7.812714997041682
2362,0.0,0.0,1.0,0.0,25.88984375,7.812714997041682
2363,0.0,0.0,1.0,0.0,25.88984375,7.812714997041682
2364,0.0,0.0,1.0,0.0,25.88984375,7.812714997041682
2365,0.0,0.0,1.0,0.0,25.88984375,7.812714997041682
2366,0.0,0.0,1.0,0.0,25.88984375,7.812714997041682
2367,0.0,0.0,1.0,0.0,25.88984375,7.812714997041682
2368,0.0,0.0,1.0,0.0,25.88984375,7.812714997041682
2369,0.0,0.0,1.0,0.0,25.88984375,7.812714997041682
2370,0.0,0.0,1.0,0.0,25.88984375,7.812714997041682
2371,0.0,0.0,1.0,0.0,25.88984375,7.812714997041682
2372,0.0,0.0,1.0,0.0,25.88984375,7.812714997041682
2373,0.0,0.0,1.0,0.0,25.88984375,7.812714997041682
2374,0.0,0.0,1.0,0.0,25.88984375,7.812714997041682
2375,0.0,0.0,1.0,0.0,25.88984375,7.812714997041682
2376,0.0,0.0,1.0,0.0,25.88984375,7.812714997041682
2377,0.0,0.0,1.0,0.0,25.88984375,7.812714997041682
2378,0.0,0.0,1.0,0.0,25.88984375,7.812714997041682
2379,0.0,0.0,1.0,0.0,25.88984375,7.812714997041682
2380,0.0,0.0,1.0,0.0,25.88984375,7.812714997041682
2381,0.0,0.0,1.0,0.0,25.88984375,7.812714997041682
2382,0.0,0.0,1.0,0.0,25.88984375,7.812714997041682
2383,0.0,0.0,1.0,0.0,25.88984375,7.812714997041682
2384,0.0,0.0,1.0,0.0,25.88984375,7.812714997041682
2385,0.0,0.0,1.0,0.0,25.88984375,7.812714997041682
2386,0.0,0.0,1.0,0.0,25.88984375,7.812714997041682
2387,0.0,0.0,1.0,0.0,25.88984375,7.812714997041682
2388,0.0,0.0,1.0,0.0,25.88984375,7.812714997041682
2389,0.0,0.0,1.0,0.0,25.88984375,7.812714997041682
2390,0.0,0.0,1.0,0.0,25.88984375,7.812714997041682
2391,0.0,0.0,1.0,0.0,25.88984375,7.812714997041682
2392,0.0,0.0,1.0,0.0,25.88984375,7.812714997041682
2393,0.0,0.0,1.0,0.0,25.88984375,7.812714997041682
2394,0.0,0.0,1.0,0.0,25.88984375,7.812714997041682
2395,0.0,0.0,1.0,0.0,25.88984375,7.812714997041682
2396,0.0,0.0,1.0,0.0,25.88984375,7.812714997041682
2397,0.0,0.0,1.0,0.0,25.88984375,7.812714997041682
2398,0.0,0.0,1.0,0.0,25.88984375,7.812714997041682
2399,0.0,0.0,1.0,0.0,25.88984375,7.812714997041682
2400,0.0,0.0,1.0,0.0,25.88984375,7.812714997041682
2401,0.0,0.0,1.0,0.0,25.88984375,7.812714997041682
2402,0.0,0.0,1.0,0.0,25.88984375,7.812714997041682
2403,0.0,0.0,1.0,0.0,25.88984375,7.812714997041682
2404,0.0,0.0,1.0,0.0,25.88984375,7.812714997041682
2405,0.0,0.0,1.0,0.0,25.88984375,7.812714997041682
2406,0.0,0.0,1.0,0.0,25.88984375,7.812714997041682
2407,0.0,0.0,1.0,0.0,25.88984375,7.812714997041682
2408,0.0,0.0,1.0,0.0,25.88984375,7.812714997041682
2409,0.0,0.0,1.0,0.0,25.88984375,7.812714997041682
2410,0.0,0.0,1.0,0.0,25.88984375,7.812714997041682
2411,0.0,0.0,1.0,0.0,25.88984375,7.812714997041682
2412,0.0,0.0,1.0,0.0,25.88984375,7.812714997041682
2413,0.0,0.0,1.0,0.0,25.88984375,7.812714997041682
2414,0.0,0.0,1.0,0.0,25.88984375,7.812714997041682
2415,0.0,0.0,1.0,0.0,25.88984375,7.812714997041682
2416,0.0,0.0,1.0,0.0,25.88984375,7.812714997041682
2417,0.0,0.0,1.0,0.0,25.88984375,7.812714997041682
2418,0.0,0.0,1.0,0.0,25.88984375,7.812714997041682
2419,0.0,0.0,1.0,0.0,25.88984375,7.812714997041682
2420,0.0,0.0,1.0,0.0,25.88984375,7.812714997041682
2421,0.0,0.0,1.0,0.0,25.88984375,7.812714997041682
2422,0.0,0.0,1.0,0.0,25.88984375,7.812714997041682
2423,0.0,0.0,1.0,0.0,25.88984375,7.812714997041682
2424,0.0,0.0,1.0,0.0,25.88984375,7.812714997041682
2425,0.0,0.0,1.0,0.0,25.88984375,7.812714997041682
2426,0.0,0.0,1.0,0.0,25.88984375,7.812714997041682
2427,0.0,0.0,1.0,0.0,25.88984375,7.812714997041682
2428,0.0,0.0,1.0,0.0,25.88984375,7.812714997041682
2429,0.0,0.0,1.0,0.0,25.88984375,7.812714997041682
2430,0.0,0.0,1.0,0.0,25.88984375,7.812714997041682
2431,0.0,0.0,1.0,0.0,25.88984375,7.812714997041682
2432,0.0,0.0,1.0,0.0,25.88984375,7.812714997041682
2433,0.0,0.0,1.0,0.0,25.88984375,7.812714997041682
2434,0.0,0.0,1.0,0.0,25.88984375,7.812714997041682
2435,0.0,0.0,1.0,0.0,25.88984375,7.812714997041682
2436,0.0,0.0,1.0,0.0,25.88984375,7.812714997041682
2437,0.0,0.0,1.0,0.0,25.88984375,7.812714997041682
2438,0.0,0.0,1.0,0.0,25.88984375,7.812714997041682
2439,0.0,0.0,1.0,0.0,25.88984375,7.812714997041682
2440,0.0,0.0,1.0,0.0,25.88984375,7.812714997041682
2441,0.0,0.0,1.0,0.0,25.88984375,7.812714997041682
2442,0.0,0.0,1.0,0.0,25.88984375,7.812714997041682
2443,0.0,0.0,1.0,0.0,25.88984375,7.812714997041682
2444,0.0,0.0,1.0,0.0,25.88984375,7.812714997041682
2445,0.0,0.0,1.0,0.0,25.88984375,7.812714997041682
2446,0.0,0.0,1.0,0.0,25.88984375,7.812714997041682
2447,0.0,0.0,1.0,0.0,25.88984375,7.812714997041682
2448,0.0,0.0,1.0,0.0,25.88984375,7.812714997041682
2449,0.0,0.0,1.0,0.0,25.88984375,7.812714997041682
2450,0.0,0.0,1.0,0.0,25.88984375,7.812714997041682
2451,0.0,0.0,1.0,0.0,25.88984375,7.812714997041682
2452,0.0,0.0,1.0,0.0,25.88984375,7.812714997041682
2453,0.0,0.0,1.0,0.0,25.88984375,7.812714997041682
2454,0.0,0.0,1.0,0.0,25.88984375,7.812714997041682
2455,0.0,0.0,1.0,0.0,25.88984375,7.812714997041682
2456,0.0,0.0,1.0,0.0,25.88984375,7.812714997041682
2457,0.0,0.0,1.0,0.0,25.88984375,7.812714997041682
2458,0.0,0.0,1.0,0.0,25.88984375,7.812714997041682
2459,0.0,0.0,1.0,0.0,25.88984375,7.812714997041682
2460,0.0,0.0,1.0,0.0,25.88984375,7.812714997041682
2461,0.0,0.0,1.0,0.0,25.88984375,7.812714997041682
2462,0.0,0.0,1.0,0.0,25.88984375,7.812714997041682
2463,0.0,0.0,1.0,0.0,25.88984375,7.812714997041682
2464,0.0,0.0,1.0,0.0,25.88984375,7.812714997041682
2465,0.0,0.0,1.0,0.0,25.88984375,7.812714997041682
2466,0.0,0.0,1.0,0.0,25.88984375,7.812714997041682
2467,0.0,0.0,1.0,0.0,25.88984375,7.812714997041682
2468,0.0,0.0,1.0,0.0,25.88984375,7.812714997041682
2469,0.0,0.0,1.0,0.0,25.88984375,7.812714997041682
2470,0.0,0.0,1.0,0.0,25.88984375,7.812714997041682
2471,0.0,0.0,1.0,0.0,25.88984375,7.812714997041682
2472,0.0,0.0,1.0,0.0,25.88984375,7.812714997041682
2473,0.0,0.0,1.0,0.0,25.88984375,7.812714997041682
2474,0.0,0.0,1.0,0.0,25.88984375,7.812714997041682
2475,0.0,0.0,1.0,0.0,25.88984375,7.812714997041682
2476,0.0,0.0,1.0,0.0,25.88984375,7.812714997041682
2477,0.0,0.0,1.0,0.0,25.88984375,7.812714997041682
2478,0.0,0.0,1.0,0.0,25.88984375,7.812714997041682
2479,0.0,0.0,1.0,0.0,25.88984375,7.812714997041682
2480,0.0,0.0,1.0,0.0,25.88984375,7.812714997041682
2481,0.0,0.0,1.0,0.0,25.88984375,7.812714997041682
2482,0.0,0.0,1.0,0.0,25.88984375,7.812714997041682
2483,0.0,0.0,1.0,0.0,25.88984375,7.812714997041682
2484,0.0,0.0,1.0,0.0,25.88984375,7.812714997041682
2485,0.0,0.0,1.0,0.0,25.88984375,7.812714997041682
2486,0.0,0.0,1.0,0.0,25.88984375,7.812714997041682
2487,0.0,0.0,1.0,0.0,25.88984375,7.812714997041682
2488,0.0,0.0,1.0,0.0,25.88984375,7.812714997041682
2489,0.0,0.0,1.0,0.0,25.88984375,7.812714997041682
2490,0.0,0.0,1.0,0.0,25.88984375,7.812714997041682
2491,0.0,0.0,1.0,0.0,25.88984375,7.812714997041682
2492,0.0,0.0,1.0,0.0,25.88984375,7.812714997041682
2493,0.0,0.0,1.0,0.0,25.88984375,7.812714997041682
2494,0.0,0.0,1.0,0.0,25.88984375,7.812714997041682
2495,0.0,0.0,1.0,0.0,25.88984375,7.812714997041682
2496,0.0,0.0,1.0,0.0,25.88984375,7.812714997041682
2497,0.0,0.0,1.0,0.0,25.88984375,7.812714997041682
2498,0.0,0.0,1.0,0.0,25.88984375,7.812714997041682
2499,0.0,0.0,1.0,0.0,25.88984375,7.812714997041682
2500,0.0,0.0,1.0,0.0,25.88984375,7.812714997041682
