t,fC_mean,fC_std,fD_mean,fD_std,avgR_mean,avgR_std
0,0.49326171875,0.02016288234208642,0.50673828125,0.02016288234208642,0.0,0.0
1,0.3265625,0.020194783600424364,0.6734375,0.020194783600424364,7.645556640625,0.3125246763023395
2,0.21875,0.02575978628318699,0.78125,0.02575978628318699,12.707275390625,0.6055160503984941
3,0.15439453125,0.02828476351836867,0.84560546875,0.02828476351836867,16.097900295257567,0.9452697912481909
4,0.1146484375,0.028415116104675474,0.8853515625,0.028415116104675474,18.491015625,1.286945156799188
5,0.08759765625,0.02854520752561915,0.91240234375,0.028545207525619145,20.26806640625,1.6658920045449779
6,0.07451171875,0.02990275197712853,0.92548828125,0.02990275197712853,21.625830078125,2.0629193087813684
7,0.06435546875,0.0329680615393905,0.93564453125,0.0329680615393905,22.78076171875,2.473860403163857
8,0.06025390625,0.03365402137794571,0.93974609375,0.03365402137794571,23.778271293640138,2.9074834154373645
9,0.05546875,0.032681448673557045,0.94453125,0.03268144867355705,24.71220703125,3.330698672650379
10,0.05205078125,0.03175570435230705,0.94794921875,0.03175570435230705,25.57197265625,3.740700649430274
11,0.048046875,0.030099044064775236,0.951953125,0.03009904406477524,26.378759765625,4.135256541376629
12,0.04501953125,0.02734880673108532,0.95498046875,0.027348806731085324,27.123486328125,4.523404971254495
13,0.0435546875,0.0232544938533394,0.9564453125,0.023254493853339404,27.8212890625,4.890608005676968
14,0.041796875,0.022233906958794795,0.958203125,0.0222339069587948,28.496386909484862,5.211430401606595
15,0.04208984375,0.023247315938926323,0.95791015625,0.023247315938926323,29.144238090515138,5.5057313006757065
16,0.041796875,0.024584560902436818,0.958203125,0.024584560902436818,29.796630668640137,5.805843396805872
17,0.0423828125,0.022499966091554312,0.9576171875,0.022499966091554312,30.44448184967041,6.135597051423145
18,0.04130859375,0.022727066385893033,0.95869140625,0.022727066385893033,31.101416015625,6.42198033323012
19,0.04267578125,0.02375697786319596,0.95732421875,0.023756977863195958,31.741699028015137,6.703163950132835
20,0.04375,0.02507617788391255,0.95625,0.025076177883912552,32.40317344665527,7.002053942602343
21,0.04248046875,0.02740036688788711,0.95751953125,0.02740036688788711,33.08129825592041,7.318365678404116
22,0.04033203125,0.026080070153358514,0.95966796875,0.026080070153358514,33.73974609375,7.673223618571748
23,0.03896484375,0.026292755185026287,0.96103515625,0.026292755185026283,34.36489200592041,8.016661417889136
24,0.03828125,0.025513524676262393,0.96171875,0.025513524676262393,34.96884727478027,8.327035967549495
25,0.03974609375,0.025863424024488865,0.96025390625,0.025863424024488865,35.56220684051514,8.620770582711037
26,0.0423828125,0.024756196450491187,0.9576171875,0.024756196450491187,36.17827110290527,8.908296109531653
27,0.043359375,0.0251005059787771,0.956640625,0.025100505978777103,36.835205078125,9.172897147389568
28,0.04580078125,0.02578735279331545,0.95419921875,0.02578735279331545,37.50727519989014,9.434036949293457
29,0.0458984375,0.0257560838345465,0.9541015625,0.0257560838345465,38.21718692779541,9.724718835434608
30,0.044921875,0.02540189052965288,0.955078125,0.02540189052965288,38.92861328125,10.018284617542333
31,0.0453125,0.02593761765786567,0.9546875,0.025937617657865668,39.624902153015135,10.314058124573904
32,0.04736328125,0.027845734017154254,0.95263671875,0.027845734017154254,40.32724590301514,10.612750416054565
33,0.0462890625,0.02860244702094451,0.9537109375,0.028602447020944513,41.06137657165527,10.91449367448871
34,0.046484375,0.03048752426390486,0.953515625,0.03048752426390486,41.77885684967041,11.22369143061969
35,0.0470703125,0.031258543753943296,0.9529296875,0.031258543753943296,42.49936485290527,11.546050703221923
36,0.045703125,0.030930372245514502,0.954296875,0.030930372245514502,43.22895469665527,11.882228745241012
37,0.04365234375,0.030508944091129475,0.95634765625,0.030508944091129475,43.93735313415527,12.208091312417716
38,0.04228515625,0.03292637999589067,0.95771484375,0.03292637999589067,44.61396484375,12.516741552945836
39,0.041796875,0.03495984635168744,0.958203125,0.03495984635168744,45.26938419342041,12.835807219982334
40,0.03916015625,0.03643101713374764,0.96083984375,0.03643101713374764,45.91723480224609,13.175062631447911
41,0.038671875,0.036083158450036894,0.961328125,0.036083158450036894,46.52421875,13.491015639844813
42,0.03857421875,0.03454671798111365,0.96142578125,0.03454671798111365,47.12363185882568,13.795183091293259
43,0.0390625,0.03389108063605655,0.9609375,0.03389108063605655,47.72153244018555,14.098608132042465
44,0.038671875,0.03372804280686965,0.961328125,0.03372804280686965,48.32700119018555,14.385776205876738
45,0.03759765625,0.03182530137703739,0.96240234375,0.03182530137703739,48.926415252685544,14.667071956225005
46,0.03720703125,0.031202509079815626,0.96279296875,0.031202509079815626,49.5091796875,14.935097177608867
47,0.0373046875,0.028309534587046045,0.9626953125,0.028309534587046048,50.08588752746582,15.225927379212118
48,0.0369140625,0.025950850762035477,0.9630859375,0.02595085076203548,50.66411094665527,15.503282282431005
49,0.037109375,0.025277693565517158,0.962890625,0.025277693565517158,51.23627815246582,15.744347256655885
50,0.03603515625,0.02484176147947887,0.96396484375,0.024841761479478874,51.81147384643555,15.977832668144394
51,0.036328125,0.026075498856685368,0.963671875,0.02607549885668537,52.37001953125,16.238864610226585
52,0.0353515625,0.02409082900176305,0.9646484375,0.02409082900176305,52.93310432434082,16.517560987710784
53,0.0365234375,0.02518774111043096,0.9634765625,0.025187741110430956,53.48105392456055,16.781209869407974
54,0.03623046875,0.027043729338033045,0.96376953125,0.027043729338033045,54.04716758728027,17.02788476843866
55,0.03642578125,0.028290157706723537,0.96357421875,0.028290157706723537,54.60873870849609,17.267643798336234
56,0.03564453125,0.027808035159967843,0.96435546875,0.027808035159967843,55.17333908081055,17.53134887239483
57,0.03525390625,0.027243993534645766,0.96474609375,0.027243993534645766,55.725829696655275,17.77999790713262
58,0.03359375,0.0267342791129198,0.96640625,0.0267342791129198,56.27226371765137,18.01242893970921
59,0.03359375,0.026295475397246342,0.96640625,0.026295475397246342,56.79296646118164,18.238536903536776
60,0.033203125,0.026612000063191064,0.966796875,0.026612000063191064,57.31367073059082,18.457704456220846
61,0.033203125,0.027189857117648212,0.966796875,0.027189857117648212,57.82831993103027,18.678735945698804
62,0.0333984375,0.028028534654576796,0.9666015625,0.028028534654576796,58.34296798706055,18.91238763831025
63,0.0326171875,0.027007559389181323,0.9673828125,0.027007559389181323,58.860643768310545,19.157339216932634
64,0.032421875,0.02739880061065345,0.967578125,0.02739880061065345,59.36620979309082,19.368749332658922
65,0.0333984375,0.027994488854951434,0.9666015625,0.027994488854951434,59.86874961853027,19.58560500998823
66,0.03251953125,0.027403151159701423,0.96748046875,0.02740315115970142,60.3864242553711,19.805896769696712
67,0.03173828125,0.027715284197522026,0.96826171875,0.027715284197522026,60.89047737121582,20.044885490368436
68,0.03408203125,0.03095086935914586,0.96591796875,0.03095086935914586,61.38242149353027,20.278257254533973
69,0.033984375,0.030754122325942948,0.966015625,0.030754122325942948,61.91069297790527,20.54449524043193
70,0.03349609375,0.031305035765547794,0.96650390625,0.031305035765547794,62.43745040893555,20.79912686287371
71,0.03251953125,0.031210454715055146,0.96748046875,0.031210454715055146,62.95663986206055,21.058503194977668
72,0.03193359375,0.03091263822099671,0.96806640625,0.03091263822099671,63.46069221496582,21.326745605668897
73,0.030078125,0.030688932987481925,0.969921875,0.030688932987481925,63.95566291809082,21.61509769059904
74,0.0298828125,0.03152406675332307,0.9701171875,0.03152406675332306,64.42187423706055,21.901518277600484
75,0.02783203125,0.029482646687305342,0.97216796875,0.029482646687305342,64.88505783081055,22.19866653117358
76,0.0287109375,0.03050628697370224,0.9712890625,0.03050628697370224,65.31645317077637,22.462479816932177
77,0.02802734375,0.029905941059745058,0.97197265625,0.029905941059745055,65.76147270202637,22.75569706055494
78,0.02685546875,0.028233467328122562,0.97314453125,0.028233467328122562,66.19589576721191,23.036334717569822
79,0.0265625,0.027610307886050456,0.9734375,0.027610307886050456,66.61215667724609,23.312498559670694
80,0.02646484375,0.027474054755211922,0.97353515625,0.027474054755211925,67.02387657165528,23.581847275297843
81,0.02529296875,0.026745870110975338,0.97470703125,0.026745870110975338,67.43408203125,23.861139543257583
82,0.02451171875,0.026404957034266225,0.97548828125,0.026404957034266225,67.82612228393555,24.11142085839268
83,0.02431640625,0.02642300948601146,0.97568359375,0.026423009486011458,68.20605392456055,24.357575450324774
84,0.0251953125,0.027617215125516594,0.9748046875,0.027617215125516594,68.5829574584961,24.604155868963275
85,0.0265625,0.028750769563409623,0.9734375,0.028750769563409623,68.97348556518554,24.88046081504193
86,0.02666015625,0.029101070937543074,0.97333984375,0.029101070937543074,69.3852035522461,25.190241400653875
87,0.0275390625,0.029494127626582295,0.9724609375,0.029494127626582295,69.7984375,25.510975824980207
88,0.02880859375,0.031732271065549954,0.97119140625,0.031732271065549954,70.22529220581055,25.85141964181834
89,0.0291015625,0.03155611785721986,0.9708984375,0.03155611785721986,70.6718246459961,26.224442167007048
90,0.03046875,0.0326318034243675,0.96953125,0.0326318034243675,71.12289962768554,26.59985265960048
91,0.029296875,0.030736131471478828,0.970703125,0.030736131471478828,71.5951644897461,26.97995141754661
92,0.030078125,0.03222892983729108,0.969921875,0.03222892983729108,72.04926452636718,27.32756207435206
93,0.029296875,0.03173753003918675,0.970703125,0.03173753003918675,72.51547775268554,27.675976519813204
94,0.0287109375,0.032301050278916534,0.9712890625,0.032301050278916534,72.96957855224609,28.0090473110023
95,0.0287109375,0.032392447111677325,0.9712890625,0.032392447111677325,73.41459884643555,28.335939997444786
96,0.02880859375,0.03299928814669305,0.97119140625,0.03299928814669305,73.859619140625,28.663520875036404
97,0.02919921875,0.03345621031173213,0.97080078125,0.03345621031173213,74.30615234375,28.977877645301774
98,0.02998046875,0.03472239345932168,0.97001953125,0.03472239345932168,74.7587387084961,29.30334680406604
99,0.0296875,0.0341104208855341,0.9703125,0.0341104208855341,75.2234375,29.638150029030587
100,0.03125,0.03519691658386738,0.96875,0.03519691658386738,75.68359375,29.975492509347607
101,0.03193359375,0.036828319939092156,0.96806640625,0.03682831993909215,76.16796798706055,30.337600239328175
102,0.03251953125,0.03663098824665747,0.96748046875,0.036630988246657475,76.662939453125,30.702801112090068
103,0.0328125,0.03697859356216698,0.9671875,0.03697859356216698,77.1669921875,31.08139898750907
104,0.03212890625,0.03623152163227538,0.96787109375,0.03623152163227538,77.6755859375,31.465744191844813
105,0.03349609375,0.03820606555816197,0.96650390625,0.038206065558161965,78.17358322143555,31.844584561841287
106,0.0337890625,0.0387689162813317,0.9662109375,0.0387689162813317,78.6927734375,32.244048272306266
107,0.0345703125,0.03920433235361838,0.9654296875,0.03920433235361838,79.21650314331055,32.646993074430064
108,0.03525390625,0.03979644959682579,0.96474609375,0.03979644959682579,79.75234375,33.07471610730994
109,0.03515625,0.03970900546155864,0.96484375,0.03970900546155864,80.29877853393555,33.520924202015344
110,0.03447265625,0.03841020312656044,0.96552734375,0.03841020312656043,80.843701171875,33.95734350833446
111,0.0341796875,0.03884460713429818,0.9658203125,0.03884460713429818,81.37802734375,34.398139106934316
112,0.03369140625,0.03849502352964408,0.96630859375,0.03849502352964408,81.90781173706054,34.83879488723414
113,0.0337890625,0.04030068867665291,0.9662109375,0.04030068867665291,82.43003005981446,35.27425813572089
114,0.033984375,0.04040609214852191,0.966015625,0.04040609214852191,82.95376052856446,35.71553365559774
115,0.03486328125,0.04150804207334641,0.96513671875,0.0415080420733464,83.48051681518555,36.15954939061021
116,0.0349609375,0.041690870248885126,0.9650390625,0.041690870248885126,84.0208969116211,36.61661332622967
117,0.03466796875,0.04050615974961256,0.96533203125,0.04050615974961256,84.56279220581055,37.08212379171978
118,0.03515625,0.04119890227105382,0.96484375,0.04119890227105382,85.100146484375,37.545245737102725
119,0.03525390625,0.04046422984680082,0.96474609375,0.04046422984680082,85.645068359375,38.019847523271366
120,0.03505859375,0.03992086689193159,0.96494140625,0.03992086689193159,86.19150466918946,38.494624536397176
121,0.035546875,0.041476208588855486,0.964453125,0.0414762085888555,86.73491287231445,38.97363514949027
122,0.03564453125,0.04265074530215271,0.96435546875,0.04265074530215271,87.28588943481445,39.45910588239485
123,0.0353515625,0.042564683944978816,0.9646484375,0.042564683944978816,87.83837890625,39.95037648489296
124,0.03544921875,0.04234735790239429,0.96455078125,0.042347357902394286,88.386328125,40.44877634897154
125,0.03583984375,0.04274410827370548,0.96416015625,0.042744108273705485,88.935791015625,40.95541813167279
126,0.03642578125,0.0435530452675263,0.96357421875,0.043553045267526305,89.4913101196289,41.47422086792713
127,0.0345703125,0.04076654278623817,0.9654296875,0.04076654278623817,90.0559066772461,42.005055773505156
128,0.0341796875,0.040514987762535946,0.9658203125,0.040514987762535946,90.5917465209961,42.51841216730651
129,0.03427734375,0.039724493132251015,0.96572265625,0.039724493132251015,91.121533203125,43.034299665909636
130,0.0349609375,0.041135891385244025,0.9650390625,0.041135891385244025,91.65283203125,43.55128080310949
131,0.034375,0.0401266192053063,0.965625,0.040126619205306295,92.19472808837891,44.07918130468328
132,0.03369140625,0.037852978438751295,0.96630859375,0.037852978438751295,92.7275390625,44.60543592495057
133,0.03388671875,0.03855146678701945,0.96611328125,0.038551466787019456,93.2497573852539,45.12360648647141
134,0.03330078125,0.03732321713399644,0.96669921875,0.03732321713399644,93.7750015258789,45.65879865156591
135,0.0328125,0.037845293437250065,0.9671875,0.03784529343725006,94.29116439819336,46.1865769254557
136,0.033984375,0.04032812954039106,0.966015625,0.04032812954039107,94.79975814819336,46.71910440259597
137,0.0337890625,0.04026280852101602,0.9662109375,0.04026280852101602,95.32651443481446,47.2793113742001
138,0.03154296875,0.03918693559109346,0.96845703125,0.039186935591093465,95.85024490356446,47.83915617375354
139,0.030859375,0.0394492572361556,0.969140625,0.0394492572361556,96.3391616821289,48.36767841316752
140,0.03125,0.038238376821121245,0.96875,0.038238376821121245,96.81748046875,48.894188232779044
141,0.03046875,0.03724737908276442,0.96953125,0.03724737908276442,97.30185775756836,49.425816305742714
142,0.0296875,0.036393695025342725,0.9703125,0.03639369502534273,97.77412338256836,49.946046914169976
143,0.029296875,0.0361987363141614,0.970703125,0.0361987363141614,98.23427810668946,50.4558855964428
144,0.02900390625,0.03630935019720353,0.97099609375,0.03630935019720353,98.68837890625,50.962732930767906
145,0.028515625,0.03647117751801799,0.971484375,0.036471177518018,99.13794174194337,51.468123276618364
146,0.026953125,0.035631017344059324,0.973046875,0.035631017344059324,99.57993240356446,51.97240431766145
147,0.0259765625,0.03532997441670679,0.9740234375,0.03532997441670679,99.99770889282226,52.45240105773274
148,0.02685546875,0.03803895840539516,0.97314453125,0.03803895840539516,100.40034561157226,52.919609017626286
149,0.0255859375,0.03592051228928953,0.9744140625,0.03592051228928953,100.81660385131836,53.40702858930308
150,0.0267578125,0.03700952850544455,0.9732421875,0.03700952850544455,101.21318435668945,53.871762795334426
151,0.02578125,0.036675610462977036,0.97421875,0.03667561046297704,101.62793045043945,54.35923431234506
152,0.0263671875,0.037927857029724045,0.9736328125,0.037927857029724045,102.02753982543945,54.83045356836829
153,0.025390625,0.0370399226724629,0.974609375,0.0370399226724629,102.43623123168945,55.31489995082073
154,0.0255859375,0.03747201511133217,0.9744140625,0.03747201511133216,102.82978744506836,55.78469443740525
155,0.02509765625,0.036456138908103175,0.97490234375,0.03645613890810317,103.22636795043945,56.25947700222646
156,0.02373046875,0.03536194706764659,0.97626953125,0.03536194706764659,103.61538162231446,56.72531596170744
157,0.02275390625,0.03429403306313434,0.97724609375,0.03429403306313434,103.98320541381835,57.168359172225735
158,0.0234375,0.03675561231459889,0.9765625,0.03675561231459889,104.33588790893555,57.59826047500686
159,0.02275390625,0.03775156202305627,0.97724609375,0.03775156202305626,104.69917068481445,58.04567974111378
160,0.021875,0.03727911427112833,0.978125,0.03727911427112832,105.05185928344727,58.486197425652385
161,0.020703125,0.03538284182489401,0.979296875,0.03538284182489401,105.39092178344727,58.91535250935595
162,0.021484375,0.03547221297109057,0.978515625,0.03547221297109057,105.71181869506836,59.32326733849155
163,0.02158203125,0.036257833752485154,0.97841796875,0.036257833752485154,106.04482650756836,59.74380483642282
164,0.0224609375,0.03764011908128247,0.9775390625,0.03764011908128247,106.37934951782226,60.169258293201125
165,0.022265625,0.03746183360502768,0.977734375,0.03746183360502768,106.72749252319336,60.613183610856375
166,0.02138671875,0.03595938638063879,0.97861328125,0.03595938638063879,107.07260665893554,61.05576151496223
167,0.02119140625,0.03706578957688622,0.97880859375,0.03706578957688623,107.40410385131835,61.48029777289934
168,0.01923828125,0.03456272537682225,0.98076171875,0.03456272537682225,107.73256912231446,61.90719042669747
169,0.0181640625,0.032635894710198406,0.9818359375,0.032635894710198406,108.03076400756837,62.296161144336914
170,0.01630859375,0.030264142978444413,0.98369140625,0.030264142978444417,108.31230697631835,62.66557264991525
171,0.01474609375,0.028298247061313956,0.98525390625,0.028298247061313956,108.56508865356446,63.003346391902156
172,0.01396484375,0.027448355992738465,0.98603515625,0.027448355992738465,108.79365310668945,63.31327138012887
173,0.01318359375,0.026157477674761842,0.98681640625,0.026157477674761842,109.01010818481446,63.61057431592413
174,0.012109375,0.02422268743194655,0.987890625,0.024222687431946548,109.21445236206054,63.895076638227806
175,0.01083984375,0.021864752412759883,0.98916015625,0.021864752412759886,109.40214767456055,64.15660537394751
176,0.00947265625,0.01897674784092796,0.99052734375,0.018976747840927965,109.57016677856446,64.38900043011634
177,0.00908203125,0.018165375036583376,0.99091796875,0.01816537503658338,109.71699295043945,64.59671749027247
178,0.00888671875,0.0178390465732225,0.99111328125,0.0178390465732225,109.85776596069336,64.79512569283398
179,0.0083984375,0.016796875,0.9916015625,0.016796875000000003,109.99551010131836,64.98844215038059
180,0.00947265625,0.018946570915035696,0.99052734375,0.0189465709150357,110.12568283081055,65.17322874551382
181,0.010546875,0.021098270638272264,0.989453125,0.02109827063827226,110.27250900268555,65.3825065410201
182,0.01044921875,0.02089957831290446,0.98955078125,0.02089957831290446,110.43598709106445,65.61648694852747
183,0.01064453125,0.021290182381668948,0.98935546875,0.02129018238166894,110.59794998168945,65.8488520003281
184,0.0099609375,0.019926661496068684,0.9900390625,0.019926661496068684,110.76294021606445,66.08588498642867
185,0.01025390625,0.020508975041453843,0.98974609375,0.020508975041453843,110.91733322143554,66.30816898855386
186,0.01015625,0.020331271374489226,0.98984375,0.020331271374489226,111.07627029418946,66.53795986083814
187,0.009765625,0.01953125,0.990234375,0.01953125,111.23369216918945,66.7674140794878
188,0.0095703125,0.019264783854812808,0.9904296875,0.019264783854812808,111.38506088256835,66.98782198868261
189,0.0099609375,0.020305925919332175,0.9900390625,0.020305925919332175,111.53339767456055,67.20216817705867
190,0.00986328125,0.02015815193606644,0.99013671875,0.02015815193606644,111.68779373168945,67.42425894268345
191,0.00986328125,0.019872267049349558,0.99013671875,0.019872267049349558,111.84067611694336,67.64463952226039
192,0.009375,0.01893222002508224,0.990625,0.018932220025082238,111.99355392456054,67.86745733764847
193,0.00927734375,0.018617543616112505,0.99072265625,0.018617543616112505,112.13886795043945,68.07953702107886
194,0.0087890625,0.017599813009482514,0.9912109375,0.017599813009482514,112.28266525268555,68.29102408725997
195,0.009375,0.018755085573339332,0.990625,0.018755085573339336,112.41889724731445,68.49245520135034
196,0.009765625,0.01957514598494814,0.990234375,0.01957514598494814,112.56420974731445,68.70916593165148
197,0.00986328125,0.019785696099495757,0.99013671875,0.019785696099495757,112.71557693481445,68.93630622714394
198,0.01005859375,0.02012785101178313,0.98994140625,0.02012785101178313,112.86845779418945,69.16650946885848
199,0.01044921875,0.020908702575334247,0.98955078125,0.020908702575334247,113.02436599731445,69.40100940865057
200,0.0111328125,0.02226990775696896,0.9888671875,0.022269907756968955,113.18632888793945,69.64523553690717
201,0.011328125,0.022660458930166914,0.988671875,0.02266045893016691,113.35888900756837,69.9050688211623
202,0.0109375,0.021914201759807066,0.9890625,0.021914201759807073,113.53447341918945,70.17021820012165
203,0.01123046875,0.022487458866541903,0.98876953125,0.022487458866541903,113.70400466918946,70.42610254873208
204,0.0107421875,0.02150212335081701,0.9892578125,0.02150212335081701,113.87807693481446,70.68981254261084
205,0.0103515625,0.02070773091453784,0.9896484375,0.020707730914537842,114.04458084106446,70.94290088465661
206,0.00966796875,0.019435556590572643,0.99033203125,0.019435556590572643,114.20503158569336,71.18859693449949
207,0.00888671875,0.0178390465732225,0.99111328125,0.0178390465732225,114.35488357543946,71.42004881220868
208,0.00927734375,0.018658478212440092,0.99072265625,0.018658478212440092,114.49262771606445,71.63299802550033
209,0.00908203125,0.018228265649235572,0.99091796875,0.018228265649235575,114.63642807006836,71.85611787279181
210,0.00810546875,0.016457613514800348,0.99189453125,0.01645761351480035,114.77719802856446,72.07461948042774
211,0.0078125,0.015921263558549028,0.9921875,0.015921263558549028,114.90283432006837,72.27139745796296
212,0.00810546875,0.01632963182715249,0.99189453125,0.016329631827152493,115.02392654418945,72.46170905339437
213,0.00791015625,0.01585794376623792,0.99208984375,0.015857943766237923,115.14956283569336,72.6583627893182
214,0.00849609375,0.017105461613666016,0.99150390625,0.017105461613666016,115.27216873168945,72.84981529632198
215,0.00888671875,0.017881763379148364,0.99111328125,0.017881763379148364,115.40385818481445,73.05657674456825
216,0.00869140625,0.017384184022437653,0.99130859375,0.017384184022437653,115.54160385131836,73.27316196931929
217,0.008203125,0.01649899381401787,0.991796875,0.01649899381401787,115.67632064819335,73.48373027829616
218,0.0080078125,0.016228576623313267,0.9919921875,0.01622857662331327,115.80346755981445,73.68430525494549
219,0.00751953125,0.015391628794200973,0.99248046875,0.015391628794200977,115.92759017944336,73.88132786188982
220,0.00712890625,0.014392623050250485,0.99287109375,0.014392623050250486,116.04414291381836,74.06743397131534
221,0.0072265625,0.014617154095365362,0.9927734375,0.01461715409536536,116.15463943481446,74.2430208394414
222,0.00703125,0.014231032212458491,0.99296875,0.014231032212458491,116.26665115356445,74.4214648994306
223,0.0068359375,0.013920726313441767,0.9931640625,0.013920726313441767,116.37563400268554,74.59539302566176
224,0.00576171875,0.011979918525431487,0.99423828125,0.011979918525431487,116.48159255981446,74.76522864150927
225,0.00576171875,0.01210661825979809,0.99423828125,0.01210661825979809,116.57089920043946,74.90963285747895
226,0.00478515625,0.011475752104003426,0.99521484375,0.011475752104003424,116.66020736694335,75.05466637155712
227,0.00400390625,0.010209165785706442,0.99599609375,0.010209165785706444,116.73437576293945,75.17861398666098
228,0.00390625,0.01077764036040734,0.99609375,0.01077764036040734,116.79643478393555,75.28358222137051
229,0.00390625,0.01171875,0.99609375,0.01171875,116.85698318481445,75.387517450844
230,0.00419921875,0.01259765625,0.99580078125,0.012597656249999999,116.91753158569335,75.49312515309369
231,0.0046875,0.014062500000000002,0.9953125,0.0140625,116.98261795043945,75.60697008854837
232,0.0052734375,0.0158203125,0.9947265625,0.015820312500000003,117.05527420043946,75.7344482900178
233,0.00546875,0.01640625,0.99453125,0.016406249999999997,117.13701248168945,75.87835370239999
234,0.00546875,0.01640625,0.99453125,0.016406249999999997,117.22177963256836,76.0281393226669
235,0.00595703125,0.01787109375,0.99404296875,0.017871093750000004,117.30654220581054,76.17847121324718
236,0.00615234375,0.018457031250000002,0.99384765625,0.018457031250000006,117.39887771606445,76.34286120462282
237,0.0060546875,0.0181640625,0.9939453125,0.018164062499999998,117.49423904418946,76.51332018424631
238,0.00615234375,0.018457031250000002,0.99384765625,0.018457031250000006,117.58808670043945,76.68174556584697
239,0.00615234375,0.018457031250000002,0.99384765625,0.018457031250000006,117.68344802856446,76.85356588795837
240,0.00634765625,0.01904296875,0.99365234375,0.01904296875,117.77880935668945,77.02606548731706
241,0.0068359375,0.0205078125,0.9931640625,0.0205078125,117.87719802856445,77.20474840759078
242,0.00654296875,0.019628906249999998,0.99345703125,0.01962890625,117.98315811157227,77.39797928146679
243,0.00615234375,0.018457031250000002,0.99384765625,0.018457031250000006,118.08457107543946,77.58368701464893
244,0.00625,0.018750000000000003,0.99375,0.01875,118.17993240356445,77.75899430178833
245,0.00654296875,0.019628906249999998,0.99345703125,0.01962890625,118.27680740356445,77.93775574172089
246,0.00615234375,0.018457031250000002,0.99384765625,0.018457031250000006,118.37822341918945,78.12561670933121
247,0.0060546875,0.0181640625,0.9939453125,0.018164062499999998,118.47358474731445,78.30292935546538
248,0.00634765625,0.01904296875,0.99365234375,0.01904296875,118.56743240356445,78.47805457856002
249,0.0060546875,0.0181640625,0.9939453125,0.018164062499999998,118.66582107543945,78.66231696939671
250,0.0056640625,0.0169921875,0.9943359375,0.0169921875,118.75966873168946,78.83870339180757
251,0.0056640625,0.0169921875,0.9943359375,0.0169921875,118.84746170043945,79.00426184502871
252,0.005859375,0.017578125,0.994140625,0.017578125,118.93525466918945,79.17035028184996
253,0.005859375,0.017578125,0.994140625,0.017578125,119.02607498168945,79.34272007504941
254,0.00703125,0.02109375,0.99296875,0.021093750000000005,119.11689529418945,79.51564980549053
255,0.00654296875,0.019628906249999998,0.99345703125,0.01962890625,119.22587966918945,79.72389946802915
256,0.00673828125,0.02021484375,0.99326171875,0.020214843750000003,119.32729568481446,79.91840140320974
257,0.00654296875,0.019628906249999998,0.99345703125,0.01962890625,119.43173904418946,80.11942344249776
258,0.0072265625,0.0216796875,0.9927734375,0.021679687499999996,119.53315505981445,80.31530702855495
259,0.00693359375,0.020800781249999997,0.99306640625,0.020800781250000004,119.64516677856446,80.53243818444084
260,0.00673828125,0.02021484375,0.99326171875,0.020214843750000003,119.75263748168945,80.74153248149088
261,0.0068359375,0.0205078125,0.9931640625,0.0205078125,119.85708084106446,80.94544972785079
262,0.00732421875,0.02197265625,0.99267578125,0.02197265625,119.96303787231446,81.15303490071929
263,0.008203125,0.024609375000000003,0.991796875,0.024609375,120.07656326293946,81.37623783563723
264,0.00810546875,0.024316406250000006,0.99189453125,0.02431640625,120.20371475219727,81.62719358921407
265,0.00810546875,0.024316406250000006,0.99189453125,0.02431640625,120.32934646606445,81.87613977635588
266,0.00869140625,0.02607421875,0.99130859375,0.026074218750000003,120.45498123168946,82.12606708647866
267,0.00927734375,0.02783203125,0.99072265625,0.02783203125,120.58969802856446,82.39513470217325
268,0.00947265625,0.028417968749999998,0.99052734375,0.028417968749999998,120.73349685668946,82.68355529537546
269,0.0087890625,0.0263671875,0.9912109375,0.0263671875,120.88032302856445,82.97932761869428
270,0.009765625,0.029296875,0.990234375,0.029296875,121.01655349731445,83.2549000500629
271,0.01005859375,0.030175781250000002,0.98994140625,0.030175781249999995,121.16792068481445,83.56237012275078
272,0.00908203125,0.02724609375,0.99091796875,0.02724609375,121.32383193969727,83.88046236084955
273,0.0087890625,0.0263671875,0.9912109375,0.0263671875,121.46460037231445,84.1688601671495
274,0.0083984375,0.0251953125,0.9916015625,0.025195312499999997,121.60083084106445,84.44903390156735
275,0.007421875,0.022265625000000004,0.992578125,0.022265624999999997,121.73100662231445,84.71773185556458
276,0.0076171875,0.022851562500000002,0.9923828125,0.0228515625,121.84604568481446,84.95597271828532
277,0.00771484375,0.023144531249999996,0.99228515625,0.023144531250000003,121.96411209106445,85.20124398312123
278,0.0078125,0.0234375,0.9921875,0.0234375,122.08369522094726,85.45044505797688
279,0.00830078125,0.02490234375,0.99169921875,0.02490234375,122.20478591918945,85.70357963411175
280,0.0080078125,0.024023437499999998,0.9919921875,0.024023437499999998,122.33344802856445,85.97340716655346
281,0.00849609375,0.025488281249999998,0.99150390625,0.025488281249999998,122.45756912231445,86.23454854880315
282,0.00859375,0.025781249999999995,0.99140625,0.025781250000000006,122.58926162719726,86.51251009242871
283,0.0087890625,0.0263671875,0.9912109375,0.0263671875,122.72246475219727,86.79458393462107
284,0.0091796875,0.027539062499999996,0.9908203125,0.0275390625,122.85869216918945,87.08401371374133
285,0.0091796875,0.027539062499999996,0.9908203125,0.0275390625,123.00097732543945,87.38733097676786
286,0.01005859375,0.030175781250000002,0.98994140625,0.030175781249999995,123.14326248168945,87.69167689794546
287,0.0103515625,0.031054687500000008,0.9896484375,0.0310546875,123.29917068481446,88.02633078524268
288,0.00986328125,0.029589843750000008,0.99013671875,0.029589843749999997,123.45962295532226,88.37199999081425
289,0.01025390625,0.03076171875,0.98974609375,0.03076171875,123.61250076293945,88.70252813733194
290,0.0103515625,0.031054687500000008,0.9896484375,0.0310546875,123.77143936157226,89.04736368148652
291,0.0103515625,0.031054687500000008,0.9896484375,0.0310546875,123.93188552856445,89.39670043005641
292,0.0103515625,0.031054687500000008,0.9896484375,0.0310546875,124.09233474731445,89.7472656371434
293,0.01015625,0.030468749999999996,0.98984375,0.030468750000000003,124.25278396606446,90.09903840796008
294,0.0107421875,0.0322265625,0.9892578125,0.0322265625,124.41020889282227,90.44534067604016
295,0.01103515625,0.033105468750000006,0.98896484375,0.03310546875,124.57671279907227,90.812850449433
296,0.0115234375,0.0345703125,0.9884765625,0.034570312500000006,124.74775466918945,91.19168329645113
297,0.01240234375,0.03720703125,0.98759765625,0.03720703125,124.92637100219727,91.58868848694745
298,0.0123046875,0.036914062500000004,0.9876953125,0.0369140625,125.11860427856445,92.01753228421414
299,0.01181640625,0.035449218750000004,0.98818359375,0.03544921875,125.30932693481445,92.44459548716424
300,0.01220703125,0.03662109375,0.98779296875,0.03662109375,125.49248123168945,92.85618151481162
301,0.0123046875,0.036914062500000004,0.9876953125,0.0369140625,125.68169021606445,93.282865396861
302,0.01083984375,0.03251953125,0.98916015625,0.032519531250000004,125.87241287231446,93.71447616126586
303,0.01083984375,0.03251953125,0.98916015625,0.032519531250000004,126.04043350219726,94.09595392192568
304,0.0107421875,0.0322265625,0.9892578125,0.0322265625,126.20844802856445,94.47856674012722
305,0.010546875,0.031640625,0.989453125,0.031640625000000006,126.37495193481445,94.8588592549125
306,0.010546875,0.031640625,0.989453125,0.031640625000000006,126.53842849731446,95.23330890608597
307,0.01083984375,0.03251953125,0.98916015625,0.032519531250000004,126.70190505981445,95.60880772092833
308,0.01171875,0.03515625,0.98828125,0.03515625,126.86992263793945,95.99581739343661
309,0.0119140625,0.0357421875,0.9880859375,0.03574218750000001,127.05156631469727,96.41543011162487
310,0.0119140625,0.0357421875,0.9880859375,0.03574218750000001,127.23623123168946,96.84330162967618
311,0.0115234375,0.0345703125,0.9884765625,0.034570312500000006,127.42089920043945,97.27245334407037
312,0.01240234375,0.03720703125,0.98759765625,0.03720703125,127.59951248168946,97.68872992964204
313,0.01201171875,0.036035156250000006,0.98798828125,0.03603515625,127.79174880981445,98.13805249598343
314,0.011328125,0.033984375,0.988671875,0.033984375000000004,127.97793045043946,98.57448712014572
315,0.01240234375,0.03720703125,0.98759765625,0.03720703125,128.15351638793945,98.9872086206966
316,0.01171875,0.03515625,0.98828125,0.03515625,128.34575271606445,99.44030298191902
317,0.0109375,0.0328125,0.9890625,0.032812499999999994,128.52739334106445,99.86959484656359
318,0.0111328125,0.03339843749999999,0.9888671875,0.033398437499999996,128.69692153930663,100.27127360786992
319,0.0115234375,0.0345703125,0.9884765625,0.034570312500000006,128.86948318481444,100.681132437929
320,0.01201171875,0.036035156250000006,0.98798828125,0.03603515625,129.04809646606446,101.1064066158573
321,0.01220703125,0.03662109375,0.98779296875,0.03662109375,129.23427810668946,101.55081477608877
322,0.01220703125,0.03662109375,0.98779296875,0.03662109375,129.42348709106446,102.00359886484863
323,0.011328125,0.033984375,0.988671875,0.033984375000000004,129.61269302368163,102.45751939046919
324,0.01123046875,0.03369140625,0.98876953125,0.03369140625,129.78828201293945,102.87978175859054
325,0.01142578125,0.034277343749999994,0.98857421875,0.03427734375,129.96235427856445,103.29934436064504
326,0.0125,0.037500000000000006,0.9875,0.0375,130.13945693969725,103.72716758082755
327,0.01357421875,0.040722656249999996,0.98642578125,0.040722656249999996,130.33320388793945,104.19628914065312
328,0.01376953125,0.04130859375000001,0.98623046875,0.041308593750000004,130.54360122680663,104.70700033441163
329,0.0134765625,0.0404296875,0.9865234375,0.040429687500000006,130.75703201293945,105.22641067465398
330,0.01298828125,0.03896484375,0.98701171875,0.038964843750000006,130.96591873168944,105.73604625147344
331,0.01171875,0.03515625,0.98828125,0.03515625,131.16723709106446,106.2284013473651
332,0.0107421875,0.0322265625,0.9892578125,0.0322265625,131.34888076782227,106.67362325967262
333,0.01201171875,0.036035156250000006,0.98798828125,0.03603515625,131.51538162231446,107.08253889835522
334,0.01240234375,0.03720703125,0.98759765625,0.03720703125,131.70156326293946,107.54069554081947
335,0.01279296875,0.038378906250000004,0.98720703125,0.03837890625,131.89379959106446,108.01474310056264
336,0.0130859375,0.039257812499999996,0.9869140625,0.0392578125,132.09209060668945,108.50476292872091
337,0.01259765625,0.037792968749999996,0.98740234375,0.03779296875,132.29492263793946,109.0070842627178
338,0.012109375,0.036328125,0.987890625,0.036328125,132.49018630981445,109.49167989531486
339,0.01279296875,0.038378906250000004,0.98720703125,0.03837890625,132.67788162231446,109.95842130619094
340,0.01279296875,0.038378906250000004,0.98720703125,0.03837890625,132.87617263793945,110.45248681169993
341,0.01328125,0.03984375,0.98671875,0.03984375,133.07446365356446,110.94754173712687
342,0.0134765625,0.0404296875,0.9865234375,0.040429687500000006,133.28032302856445,111.46252455003521
343,0.0130859375,0.039257812499999996,0.9869140625,0.0392578125,133.48920974731445,111.98614123248774
344,0.01298828125,0.03896484375,0.98701171875,0.038964843750000006,133.69203872680663,112.49558121275008
345,0.0140625,0.0421875,0.9859375,0.04218750000000001,133.89336013793945,113.00220364971267
346,0.01484375,0.04453125000000001,0.98515625,0.044531249999999994,134.11132888793946,113.5517922688429
347,0.01474609375,0.04423828124999999,0.98525390625,0.04423828125000001,134.34140396118164,114.1330992343598
348,0.01572265625,0.04716796875,0.98427734375,0.04716796875,134.56997146606446,114.71179266133579
349,0.01533203125,0.04599609375000001,0.98466796875,0.04599609375,134.81367263793945,115.33009418236006
350,0.01611328125,0.04833984375,0.98388671875,0.04833984375,135.05131607055665,115.93429083736281
351,0.01650390625,0.04951171875,0.98349609375,0.04951171875000001,135.30107498168945,116.5706146302957
352,0.0162109375,0.04863281250000001,0.9837890625,0.0486328125,135.55688552856446,117.22374053486057
353,0.016796875,0.050390625,0.983203125,0.050390624999999994,135.80815200805665,117.86660585546034
354,0.01728515625,0.05185546875000001,0.98271484375,0.051855468749999994,136.06850662231446,118.5341020648544
355,0.01748046875,0.052441406249999996,0.98251953125,0.05244140625,136.33642654418946,119.22243477047833
356,0.01796875,0.05390625,0.98203125,0.053906249999999996,136.60737075805665,119.91999801388792
357,0.01875,0.05625000000000001,0.98125,0.05625000000000001,136.88588943481446,120.63856646225136
358,0.0185546875,0.0556640625,0.9814453125,0.0556640625,137.17651443481446,121.38996564305599
359,0.01923828125,0.05771484374999999,0.98076171875,0.05771484375,137.46410903930663,122.13510613270279
360,0.0201171875,0.060351562500000004,0.9798828125,0.0603515625,137.76230239868164,122.90933253137251
361,0.020703125,0.062109375000000015,0.979296875,0.062109375,138.07411880493163,123.72066602399897
362,0.02138671875,0.06416015625,0.97861328125,0.06416015625,138.39502029418946,124.55745594042008
363,0.02158203125,0.06474609375000001,0.97841796875,0.06474609375000001,138.72651443481445,125.42376447441593
364,0.02216796875,0.06650390625000001,0.97783203125,0.06650390625,139.06103591918946,126.29989886428248
365,0.02216796875,0.06650390625000001,0.97783203125,0.06650390625,139.40463943481444,127.20178017572375
366,0.02177734375,0.06533203125,0.97822265625,0.06533203125,139.74824295043945,128.10560661963785
367,0.02236328125,0.06708984375000002,0.97763671875,0.06708984374999999,140.08579177856444,128.99536104960336
368,0.023046875,0.069140625,0.976953125,0.06914062499999998,140.43242263793945,129.9109279731582
369,0.0234375,0.0703125,0.9765625,0.0703125,140.78964920043944,130.85642559361077
370,0.02353515625,0.07060546875,0.97646484375,0.07060546875,141.15292739868164,131.81992078205286
371,0.02294921875,0.06884765625,0.97705078125,0.06884765625,141.51772232055663,132.78940452081545
372,0.023046875,0.069140625,0.976953125,0.06914062499999998,141.87343826293946,133.73661601221917
373,0.02314453125,0.06943359375000001,0.97685546875,0.06943359375,142.23066482543945,134.68965519941366
374,0.02412109375,0.07236328125,0.97587890625,0.07236328125000001,142.58940505981445,135.6485148248744
375,0.025390625,0.076171875,0.974609375,0.076171875,142.96328201293946,136.64969267362036
376,0.025,0.07500000000000001,0.975,0.075,143.35683670043946,137.70557012407846
377,0.02529296875,0.07587890624999999,0.97470703125,0.07587890624999999,143.74433670043945,138.74716864238377
378,0.02509765625,0.07529296875,0.97490234375,0.07529296875000001,144.1363838195801,139.80292959794502
379,0.02470703125,0.07412109374999999,0.97529296875,0.07412109374999999,144.52539138793946,140.85239060949183
380,0.0259765625,0.0779296875,0.9740234375,0.07792968749999998,144.90835037231446,141.88732769044645
381,0.026171875,0.07851562499999999,0.973828125,0.078515625,145.31098709106445,142.9773201005824
382,0.02666015625,0.07998046874999999,0.97333984375,0.07998046874999999,145.71665115356444,144.07740989868057
383,0.0271484375,0.08144531249999999,0.9728515625,0.08144531249999999,146.12988357543946,145.1999418173264
384,0.02734375,0.08203125,0.97265625,0.08203125,146.55067825317383,146.34495981913807
385,0.02734375,0.08203125,0.97265625,0.08203125,146.97451248168946,147.5001850863494
386,0.02802734375,0.08408203125000001,0.97197265625,0.08408203125,147.39834060668946,148.65729183741615
387,0.0287109375,0.08613281250000002,0.9712890625,0.0861328125,147.83276443481446,149.84525012041934
388,0.02822265625,0.08466796875000002,0.97177734375,0.08466796874999998,148.27778396606445,151.06415480038805
389,0.02685546875,0.08056640625,0.97314453125,0.08056640625,148.71522903442383,152.2642119212667
390,0.02724609375,0.08173828125000002,0.97275390625,0.08173828125000002,149.13149490356446,153.40787488968658
391,0.02646484375,0.07939453125000001,0.97353515625,0.07939453125,149.55380935668944,154.56981888553662
392,0.026953125,0.080859375,0.973046875,0.08085937499999998,149.96401443481446,155.70001368976105
393,0.026953125,0.080859375,0.973046875,0.08085937499999998,150.38178787231445,156.85261433271435
394,0.0259765625,0.0779296875,0.9740234375,0.07792968749999998,150.79955520629883,158.0067317385308
395,0.02626953125,0.07880859375,0.97373046875,0.07880859375,151.20219802856445,159.12048652447774
396,0.026953125,0.080859375,0.973046875,0.08085937499999998,151.60937576293946,160.24817291704736
397,0.02568359375,0.07705078125,0.97431640625,0.07705078124999999,152.02714920043945,161.40662400258236
398,0.02578125,0.07734374999999999,0.97421875,0.07734375,152.42524490356445,162.51182037319643
399,0.02509765625,0.07529296875,0.97490234375,0.07529296875000001,152.82485427856446,163.6224782110705
400,0.0244140625,0.0732421875,0.9755859375,0.0732421875,153.21386795043946,164.70487437579703
401,0.02451171875,0.07353515625000001,0.97548828125,0.07353515625,153.59228591918946,165.75889110841734
402,0.02294921875,0.06884765625,0.97705078125,0.06884765625,153.97221755981445,166.8181964483849
403,0.02177734375,0.06533203125,0.97822265625,0.06533203125,154.32793045043945,167.8109324242773
404,0.0220703125,0.06621093750000001,0.9779296875,0.0662109375,154.66547927856445,168.75381531028697
405,0.0224609375,0.0673828125,0.9775390625,0.0673828125,155.00756301879883,169.71018581368344
406,0.02294921875,0.06884765625,0.97705078125,0.06884765625,155.35571365356446,170.6843510964641
407,0.0240234375,0.07207031250000001,0.9759765625,0.07207031250000001,155.71142654418946,171.68052998851854
408,0.02353515625,0.07060546875,0.97646484375,0.07060546875,156.08378982543945,172.7242466453854
409,0.02451171875,0.07353515625000001,0.97548828125,0.07353515625,156.44858474731444,173.7476344227078
410,0.02548828125,0.07646484375,0.97451171875,0.07646484375,156.82851028442383,174.81438363985305
411,0.026171875,0.07851562499999999,0.973828125,0.078515625,157.22358474731445,175.92463923908443
412,0.0271484375,0.08144531249999999,0.9728515625,0.08144531249999999,157.62924880981444,177.06566550591603
413,0.0275390625,0.08261718750000002,0.9724609375,0.08261718750000001,158.05004959106446,178.2503292581832
414,0.02783203125,0.08349609375,0.97216796875,0.08349609375,158.47690505981444,179.4531215863099
415,0.02880859375,0.08642578125,0.97119140625,0.08642578125,158.90830154418944,180.66979572746231
416,0.02880859375,0.08642578125,0.97119140625,0.08642578125,159.35483474731444,181.93028696448823
417,0.02841796875,0.08525390624999998,0.97158203125,0.08525390624999998,159.80136795043944,183.19190101089617
418,0.02685546875,0.08056640625,0.97314453125,0.08056640625,160.24184646606446,184.4374860294078
419,0.0265625,0.0796875,0.9734375,0.0796875,160.65810623168946,185.61554934218265
420,0.02744140625,0.08232421875,0.97255859375,0.08232421875,161.06982498168946,186.78166488539875
421,0.02685546875,0.08056640625,0.97314453125,0.08056640625,161.49516677856445,187.98729128716866
422,0.0265625,0.0796875,0.9734375,0.0796875,161.91142654418945,189.16806895718594
423,0.0259765625,0.0779296875,0.9740234375,0.07792968749999998,162.32314529418946,190.33681927376864
424,0.02431640625,0.07294921875,0.97568359375,0.07294921875000002,162.72578201293945,191.4805946334886
425,0.02373046875,0.07119140624999999,0.97626953125,0.07119140625,163.10268630981446,192.55198137300772
426,0.0220703125,0.06621093750000001,0.9779296875,0.0662109375,163.47050247192382,193.59818481542692
427,0.01962890625,0.05888671875000001,0.98037109375,0.058886718750000004,163.81259841918944,194.57179823643807
428,0.01826171875,0.054785156249999994,0.98173828125,0.05478515625,164.11684036254883,195.43813108573144
429,0.01923828125,0.05771484374999999,0.98076171875,0.05771484375,164.39990310668946,196.24453357217283
430,0.0189453125,0.056835937499999996,0.9810546875,0.0568359375,164.69809036254884,197.09441219858766
431,0.01826171875,0.054785156249999994,0.98173828125,0.05478515625,164.99174880981445,197.93176791985462
432,0.01748046875,0.052441406249999996,0.98251953125,0.05244140625,165.27480545043946,198.7392499635186
433,0.0166015625,0.0498046875,0.9833984375,0.0498046875,165.54575271606444,199.51251157993988
434,0.01533203125,0.04599609375000001,0.98466796875,0.04599609375,165.80307693481444,200.24718437684288
435,0.01396484375,0.041894531250000006,0.98603515625,0.04189453125,166.04071731567382,200.92590730646
436,0.01396484375,0.041894531250000006,0.98603515625,0.04189453125,166.25717849731444,201.54434598787182
437,0.01416015625,0.04248046875,0.98583984375,0.04248046875,166.47363357543946,202.16296128733094
438,0.01484375,0.04453125000000001,0.98515625,0.044531249999999994,166.69310989379883,202.79040741890572
439,0.0150390625,0.045117187499999996,0.9849609375,0.0451171875,166.92319412231444,203.4483900433433
440,0.01435546875,0.04306640625000001,0.98564453125,0.04306640624999999,167.15629959106445,204.11523001889597
441,0.01357421875,0.040722656249999996,0.98642578125,0.040722656249999996,167.37880935668946,204.75196122692662
442,0.0142578125,0.0427734375,0.9857421875,0.0427734375,167.58920974731444,205.3542203252884
443,0.0142578125,0.0427734375,0.9857421875,0.0427734375,167.81019973754883,205.9869781576982
444,0.014453125,0.043359375,0.985546875,0.04335937499999999,168.03120193481445,206.61996042050188
445,0.014453125,0.043359375,0.985546875,0.04335937499999999,168.25521926879884,207.2617700699688
446,0.01416015625,0.04248046875,0.98583984375,0.04248046875,168.47924880981446,207.90380582680683
447,0.01298828125,0.03896484375,0.98701171875,0.038964843750000006,168.69872512817383,208.53297636774823
448,0.01318359375,0.03955078125,0.98681640625,0.03955078125,168.90004959106446,209.11026959345276
449,0.01357421875,0.040722656249999996,0.98642578125,0.040722656249999996,169.10439529418946,209.69637985091163
450,0.01298828125,0.03896484375,0.98701171875,0.038964843750000006,169.31479568481444,210.30001676868113
451,0.01318359375,0.03955078125,0.98681640625,0.03955078125,169.51611404418946,210.8777485243242
452,0.01357421875,0.040722656249999996,0.98642578125,0.040722656249999996,169.72045974731446,211.46431783648188
453,0.01279296875,0.038378906250000004,0.98720703125,0.03837890625,169.93086013793945,212.06842342038325
454,0.012890625,0.038671874999999994,0.987109375,0.038671875,170.12915115356446,212.63790441911922
455,0.01318359375,0.03955078125,0.98681640625,0.03955078125,170.32894973754884,213.2118553239861
456,0.01357421875,0.040722656249999996,0.98642578125,0.040722656249999996,170.53329544067384,213.7990129460845
457,0.01337890625,0.040136718749999994,0.98662109375,0.04013671875,170.74370193481445,214.40373674635967
458,0.01328125,0.03984375,0.98671875,0.03984375,170.95107498168946,214.99989122968867
459,0.01318359375,0.03955078125,0.98681640625,0.03955078125,171.15693435668945,215.5918393399108
460,0.0123046875,0.036914062500000004,0.9876953125,0.0369140625,171.36127395629882,216.17955915593572
461,0.01201171875,0.036035156250000006,0.98798828125,0.03603515625,171.5519905090332,216.72822293915834
462,0.01162109375,0.03486328125,0.98837890625,0.034863281249999996,171.73818435668946,217.26399244007925
463,0.01201171875,0.036035156250000006,0.98798828125,0.03603515625,171.91830520629884,217.7823960793048
464,0.012109375,0.036328125,0.987890625,0.036328125,172.10449295043946,218.31837270802674
465,0.01279296875,0.038378906250000004,0.98720703125,0.03837890625,172.29218826293945,218.85880349140965
466,0.012109375,0.036328125,0.987890625,0.036328125,172.49047927856446,219.4298662264946
467,0.0123046875,0.036914062500000004,0.9876953125,0.0369140625,172.67817459106445,219.97053042812007
468,0.01337890625,0.040136718749999994,0.98662109375,0.04013671875,172.86889724731446,220.5200299754639
469,0.01337890625,0.040136718749999994,0.98662109375,0.04013671875,173.07627029418944,221.11763219255937
470,0.01376953125,0.04130859375000001,0.98623046875,0.041308593750000004,173.28364334106445,221.7153692844921
471,0.01455078125,0.04365234374999999,0.98544921875,0.043652343749999996,173.49707107543946,222.33069824654612
472,0.01435546875,0.04306640625000001,0.98564453125,0.04306640624999999,173.72260208129882,222.9810745901397
473,0.014453125,0.043359375,0.985546875,0.04335937499999999,173.94511795043945,223.62290847870358
474,0.0140625,0.0421875,0.9859375,0.04218750000000001,174.16914138793945,224.26924251628537
475,0.0142578125,0.0427734375,0.9857421875,0.0427734375,174.38711013793946,224.89825287694387
476,0.013671875,0.041015625,0.986328125,0.041015625,174.60810623168945,225.53614407185069
477,0.0130859375,0.039257812499999996,0.9869140625,0.0392578125,174.82001419067382,226.14793852644212
478,0.01337890625,0.040136718749999994,0.98662109375,0.04013671875,175.02285232543946,226.7336710366648
479,0.012890625,0.038671874999999994,0.987109375,0.038671875,175.23023147583007,227.33264029587914
480,0.0130859375,0.039257812499999996,0.9869140625,0.0392578125,175.43002395629884,227.90981452356215
481,0.0130859375,0.039257812499999996,0.9869140625,0.0392578125,175.63286209106445,228.49590420080273
482,0.0138671875,0.041601562499999994,0.9861328125,0.04160156250000001,175.83569412231446,229.0820931761939
483,0.01396484375,0.041894531250000006,0.98603515625,0.04189453125,176.05063552856444,229.70340512398624
484,0.01357421875,0.040722656249999996,0.98642578125,0.040722656249999996,176.26709060668946,230.32922312520543
485,0.01376953125,0.04130859375000001,0.98623046875,0.041308593750000004,176.47749710083008,230.93767799743074
486,0.015234375,0.045703125000000004,0.984765625,0.045703125,176.69091873168946,231.55497656868548
487,0.014453125,0.043359375,0.985546875,0.04335937499999999,176.92705154418945,232.23810964966103
488,0.0140625,0.0421875,0.9859375,0.04218750000000001,177.15107498168945,232.88634981521562
489,0.01357421875,0.040722656249999996,0.98642578125,0.040722656249999996,177.36904373168946,233.51719929935052
490,0.01298828125,0.03896484375,0.98701171875,0.038964843750000006,177.57945022583007,234.12628196698512
491,0.0130859375,0.039257812499999996,0.9869140625,0.0392578125,177.78076248168946,234.70914822765786
492,0.0138671875,0.041601562499999994,0.9861328125,0.04160156250000001,177.98359451293945,235.29652222925301
493,0.01416015625,0.04248046875,0.98583984375,0.04248046875,178.19853591918945,235.91908018194962
494,0.01376953125,0.04130859375000001,0.98623046875,0.041308593750000004,178.41801834106445,236.55491386979895
495,0.01328125,0.03984375,0.98671875,0.03984375,178.63144607543944,237.1733256633475
496,0.01279296875,0.038378906250000004,0.98720703125,0.03837890625,178.83730545043946,237.7699176567056
497,0.0130859375,0.039257812499999996,0.9869140625,0.0392578125,179.03559646606445,238.34467720463846
498,0.01259765625,0.037792968749999996,0.98740234375,0.03779296875,179.23842849731446,238.93270105341128
499,0.01171875,0.03515625,0.98828125,0.03515625,179.43369216918944,239.49888033843453
500,0.01171875,0.03515625,0.98828125,0.03515625,179.61533279418944,240.02564324585154
501,0.011328125,0.033984375,0.988671875,0.033984375000000004,179.79697341918944,240.55248705325315
502,0.0123046875,0.036914062500000004,0.9876953125,0.0369140625,179.97255935668946,241.06184580174323
503,0.01162109375,0.03486328125,0.98837890625,0.034863281249999996,180.16327590942382,241.61518161499163
504,0.01064453125,0.031933593749999996,0.98935546875,0.03193359375,180.34340896606446,242.13789128719742
505,0.0103515625,0.031054687500000008,0.9896484375,0.0310546875,180.50839920043944,242.61672756645123
506,0.01103515625,0.033105468750000006,0.98896484375,0.03310546875,180.66884841918946,243.08244685732635
507,0.01123046875,0.03369140625,0.98876953125,0.03369140625,180.83989334106445,243.57898811253375
508,0.01142578125,0.034277343749999994,0.98857421875,0.03427734375,181.01396560668945,244.08438818209626
509,0.011328125,0.033984375,0.988671875,0.033984375000000004,181.19106521606446,244.59865032290685
510,0.01005859375,0.030175781250000002,0.98994140625,0.030175781249999995,181.36665115356445,245.1085888052429
511,0.00966796875,0.02900390625,0.99033203125,0.029003906250000006,181.52255935668944,245.5614385256268
512,0.008984375,0.026953125,0.991015625,0.026953125000000005,181.67241287231445,245.99675431358372
513,0.0087890625,0.0263671875,0.9912109375,0.0263671875,181.81167068481446,246.4013360553803
514,0.0080078125,0.024023437499999998,0.9919921875,0.024023437499999998,181.94790115356446,246.7971650751318
515,0.0091796875,0.027539062499999996,0.9908203125,0.0275390625,182.07202224731446,247.15784574430378
516,0.00947265625,0.028417968749999998,0.99052734375,0.028417968749999998,182.21430740356445,247.57135150560862
517,0.00888671875,0.026660156250000004,0.99111328125,0.02666015625,182.36112747192382,247.9980839435972
518,0.00830078125,0.02490234375,0.99169921875,0.02490234375,182.49888381958007,248.3985162618562
519,0.00771484375,0.023144531249999996,0.99228515625,0.023144531250000003,182.62753982543944,248.77253348166323
520,0.00830078125,0.02490234375,0.99169921875,0.02490234375,182.74711990356445,249.12019866795077
521,0.008203125,0.024609375000000003,0.991796875,0.024609375,182.87578201293945,249.49430382521598
522,0.00849609375,0.025488281249999998,0.99150390625,0.025488281249999998,183.00293045043946,249.86404325278986
523,0.00869140625,0.02607421875,0.99130859375,0.026074218750000003,183.13461990356444,250.24702470315535
524,0.0083984375,0.0251953125,0.9916015625,0.025195312499999997,183.26933670043945,250.63884914952624
525,0.00810546875,0.024316406250000006,0.99189453125,0.02431640625,183.39951248168944,251.01750316175162
526,0.00810546875,0.024316406250000006,0.99189453125,0.02431640625,183.52514114379883,251.3829650078711
527,0.00859375,0.025781249999999995,0.99140625,0.025781250000000006,183.65078201293946,251.7484960570763
528,0.0091796875,0.027539062499999996,0.9908203125,0.0275390625,183.78398513793945,252.1360648556222
529,0.00869140625,0.02607421875,0.99130859375,0.026074218750000003,183.92627029418946,252.55010025450406
530,0.00908203125,0.02724609375,0.99091796875,0.02724609375,184.06098098754882,252.94213400996196
531,0.0095703125,0.028710937500000006,0.9904296875,0.0287109375,184.20175857543944,253.35186420943552
532,0.01015625,0.030468749999999996,0.98984375,0.030468750000000003,184.35009841918946,253.78364890317843
533,0.0109375,0.0328125,0.9890625,0.032812499999999994,184.50752029418945,254.24191931474056
534,0.0111328125,0.03339843749999999,0.9888671875,0.033398437499999996,184.67705154418945,254.73549847039976
535,0.0111328125,0.03339843749999999,0.9888671875,0.033398437499999996,184.84961013793946,255.23795208176844
536,0.0115234375,0.0345703125,0.9884765625,0.034570312500000006,185.02216873168945,255.74046641322946
537,0.010546875,0.031640625,0.989453125,0.031640625000000006,185.20078201293944,256.2606763991325
538,0.0107421875,0.0322265625,0.9892578125,0.0322265625,185.36425857543946,256.73685714242987
539,0.01083984375,0.03251953125,0.98916015625,0.032519531250000004,185.53076248168946,257.22191109011106
540,0.0109375,0.0328125,0.9890625,0.032812499999999994,185.69878005981445,257.71143060936873
541,0.01181640625,0.035449218750000004,0.98818359375,0.03544921875,185.86831130981446,258.20541689607523
542,0.0123046875,0.036914062500000004,0.9876953125,0.0369140625,186.05146560668945,258.73916211669666
543,0.0126953125,0.0380859375,0.9873046875,0.0380859375,186.24218826293946,259.2950327116521
544,0.01337890625,0.040136718749999994,0.98662109375,0.04013671875,186.43895950317383,259.8686063478002
545,0.013671875,0.041015625,0.986328125,0.041015625,186.64633255004884,260.47316442202924
546,0.013671875,0.041015625,0.986328125,0.041015625,186.85825271606444,261.0910640281713
547,0.0130859375,0.039257812499999996,0.9869140625,0.0392578125,187.0701545715332,261.70899579355705
548,0.012890625,0.038671874999999994,0.987109375,0.038671875,187.27299880981445,262.3005940168021
549,0.0134765625,0.0404296875,0.9865234375,0.040429687500000006,187.47280349731446,262.88340292654016
550,0.01484375,0.04453125000000001,0.98515625,0.044531249999999994,187.68169021606445,263.4927828100457
551,0.0150390625,0.045117187499999996,0.9849609375,0.0451171875,187.91176223754883,264.1640596073991
552,0.01640625,0.049218750000000006,0.98359375,0.04921875,188.14487380981444,264.8443041443042
553,0.016796875,0.050390625,0.983203125,0.050390624999999994,188.39916458129883,265.58646493973544
554,0.0162109375,0.04863281250000001,0.9837890625,0.0486328125,188.65951614379884,266.3464357189604
555,0.01630859375,0.04892578125,0.98369140625,0.04892578125000001,188.91079177856446,267.08002907065685
556,0.0162109375,0.04863281250000001,0.9837890625,0.0486328125,189.16357498168946,267.81813712035415
557,0.016796875,0.050390625,0.983203125,0.050390624999999994,189.41483840942382,268.55191931691195
558,0.01669921875,0.05009765625,0.98330078125,0.05009765625,189.67519607543946,269.31237664388846
559,0.0166015625,0.0498046875,0.9833984375,0.0498046875,189.93403396606445,270.0685116280936
560,0.01689453125,0.05068359375,0.98310546875,0.05068359374999999,190.19135818481445,270.82033908936563
561,0.017578125,0.052734375,0.982421875,0.052734375,190.45321731567384,271.5855322966434
562,0.01728515625,0.05185546875000001,0.98271484375,0.051855468749999994,190.72568435668944,272.381846673318
563,0.0169921875,0.050976562499999996,0.9830078125,0.050976562499999996,190.99360427856445,273.16499307129305
564,0.01640625,0.049218750000000006,0.98359375,0.04921875,191.25697708129883,273.9349643510731
565,0.016796875,0.050390625,0.983203125,0.050390624999999994,191.51128005981445,274.6785285554935
566,0.0177734375,0.05332031250000001,0.9822265625,0.0533203125,191.7716194152832,275.4398523056886
567,0.01796875,0.05390625,0.98203125,0.053906249999999996,192.04711990356446,276.2456322849227
568,0.01884765625,0.05654296874999999,0.98115234375,0.05654296875,192.32562942504882,277.0603371289466
569,0.01806640625,0.05419921875,0.98193359375,0.05419921875,192.61776809692384,277.9150432676668
570,0.0193359375,0.0580078125,0.9806640625,0.05800781250000001,192.8977912902832,278.734429876532
571,0.01953125,0.05859375,0.98046875,0.05859375,193.19751052856446,279.61158584321356
572,0.01943359375,0.05830078125000001,0.98056640625,0.05830078125000001,193.50024490356446,280.4977073258065
573,0.01953125,0.05859375,0.98046875,0.05859375,193.80146560668945,281.37953795875785
574,0.02001953125,0.06005859375,0.97998046875,0.06005859375,194.10419387817382,282.2659211682578
575,0.01982421875,0.059472656249999985,0.98017578125,0.05947265624999999,194.41450271606445,283.174643543427
576,0.02001953125,0.06005859375,0.97998046875,0.06005859375,194.72177810668944,284.0746243260047
577,0.02060546875,0.061816406250000004,0.97939453125,0.06181640625,195.03208084106444,284.9836136353572
578,0.020703125,0.062109375000000015,0.979296875,0.062109375,195.35146560668946,285.9193548112664
579,0.0201171875,0.060351562500000004,0.9798828125,0.0603515625,195.67236404418946,286.8596798082997
580,0.01943359375,0.05830078125000001,0.98056640625,0.05830078125000001,195.98418045043945,287.77353354570135
581,0.01875,0.05625000000000001,0.98125,0.05625000000000001,196.28540115356446,288.656465382025
582,0.01884765625,0.05654296874999999,0.98115234375,0.05654296875,196.57602615356444,289.50846057287885
583,0.018359375,0.05507812499999999,0.981640625,0.055078125,196.86816482543946,290.3650121869635
584,0.01767578125,0.053027343750000004,0.98232421875,0.05302734375,197.15273513793946,291.1994870062884
585,0.01787109375,0.05361328124999999,0.98212890625,0.053613281250000006,197.42670974731445,292.00299603216996
586,0.0189453125,0.056835937499999996,0.9810546875,0.0568359375,197.70371170043944,292.8154875328136
587,0.01806640625,0.05419921875,0.98193359375,0.05419921875,197.99736404418945,293.6769304610761
588,0.01767578125,0.053027343750000004,0.98232421875,0.05302734375,198.27739334106445,294.4985170873173
589,0.0181640625,0.0544921875,0.9818359375,0.05449218749999999,198.55136795043944,295.30244043339815
590,0.01748046875,0.052441406249999996,0.98251953125,0.05244140625,198.83291091918946,296.1286745683305
591,0.01611328125,0.04833984375,0.98388671875,0.04833984375,199.10385818481444,296.9239116119878
592,0.01552734375,0.04658203125,0.98447265625,0.046582031249999996,199.35361404418944,297.6570355867447
593,0.01552734375,0.04658203125,0.98447265625,0.046582031249999996,199.59428787231445,298.36357639391775
594,0.01572265625,0.04716796875,0.98427734375,0.04716796875,199.83496170043946,299.0701911473252
595,0.01513671875,0.04541015625,0.98486328125,0.04541015625,200.07866287231445,299.785768948891
596,0.015234375,0.045703125000000004,0.984765625,0.045703125,200.31328201293945,300.47474987894907
597,0.01533203125,0.04599609375000001,0.98466796875,0.04599609375,200.54941482543944,301.168245315092
598,0.015625,0.046875,0.984375,0.046875,200.78706130981445,301.86625611258955
599,0.01611328125,0.04833984375,0.98388671875,0.04833984375,201.02924880981445,302.57767631787306
600,0.016796875,0.050390625,0.983203125,0.050390624999999994,201.27900466918945,303.311403593521
601,0.01630859375,0.04892578125,0.98369140625,0.04892578125000001,201.53935623168945,304.0763393750493
602,0.01630859375,0.04892578125,0.98369140625,0.04892578125000001,201.79213943481446,304.81911687340744
603,0.01708984375,0.05126953125,0.98291015625,0.05126953125,202.04492263793946,305.56197087251866
604,0.01650390625,0.04951171875,0.98349609375,0.04951171875000001,202.30981521606446,306.3404921708459
605,0.01630859375,0.04892578125,0.98369140625,0.04892578125000001,202.56562576293945,307.0923998699759
606,0.01552734375,0.04658203125,0.98447265625,0.046582031249999996,202.81840896606445,307.83548451769474
607,0.01650390625,0.04951171875,0.98349609375,0.04951171875000001,203.05908279418946,308.5430413261005
608,0.0162109375,0.04863281250000001,0.9837890625,0.0486328125,203.31489334106445,309.29517185863943
609,0.01630859375,0.04892578125,0.98369140625,0.04892578125000001,203.56616287231446,310.0340239714711
610,0.01640625,0.049218750000000006,0.98359375,0.04921875,203.81894607543944,310.77739948690237
611,0.0171875,0.05156249999999999,0.9828125,0.05156250000000001,204.07324295043946,311.5252991858398
612,0.0154296875,0.04628906249999999,0.9845703125,0.046289062500000006,204.33964920043945,312.308890936688
613,0.01494140625,0.04482421875,0.98505859375,0.044824218750000006,204.57880935668945,313.01240993391167
614,0.01474609375,0.04423828124999999,0.98525390625,0.04423828125000001,204.81040115356444,313.69372594530694
615,0.01357421875,0.040722656249999996,0.98642578125,0.040722656249999996,205.03896560668946,314.3661936313017
616,0.01337890625,0.040136718749999994,0.98662109375,0.04013671875,205.24936599731444,314.9852705856502
617,0.01240234375,0.03720703125,0.98759765625,0.03720703125,205.45673904418945,315.59548695811617
618,0.0138671875,0.041601562499999994,0.9861328125,0.04160156250000001,205.64897537231445,316.1612034281104
619,0.0138671875,0.041601562499999994,0.9861328125,0.04160156250000001,205.86391677856446,316.79378374491694
620,0.0140625,0.0421875,0.9859375,0.04218750000000001,206.07885818481446,317.4264133342996
621,0.01396484375,0.041894531250000006,0.98603515625,0.04189453125,206.29682693481445,318.068003216366
622,0.01533203125,0.04599609375000001,0.98466796875,0.04599609375,206.51328201293944,318.7051871573187
623,0.0142578125,0.0427734375,0.9857421875,0.0427734375,206.75092849731445,319.4048092491855
624,0.0142578125,0.0427734375,0.9857421875,0.0427734375,206.97192459106446,320.0554659759118
625,0.01396484375,0.041894531250000006,0.98603515625,0.04189453125,207.19292068481445,320.70617321393985
626,0.01416015625,0.04248046875,0.98583984375,0.04248046875,207.40937576293945,321.3435584249867
627,0.01435546875,0.04306640625000001,0.98564453125,0.04306640624999999,207.62885818481445,321.9899069986729
628,0.013671875,0.041015625,0.986328125,0.041015625,207.85136795043945,322.64522066986365
629,0.01337890625,0.040136718749999994,0.98662109375,0.04013671875,208.06328201293945,323.2693754015723
630,0.01328125,0.03984375,0.98671875,0.03984375,208.27065505981446,323.88019902584114
631,0.014453125,0.043359375,0.985546875,0.04335937499999999,208.47651443481445,324.4866065339971
632,0.01416015625,0.04248046875,0.98583984375,0.04248046875,208.70053787231444,325.1465683670377
633,0.01396484375,0.041894531250000006,0.98603515625,0.04189453125,208.92002029418944,325.7932006067718
634,0.01298828125,0.03896484375,0.98701171875,0.038964843750000006,209.13647537231446,326.43096004509647
635,0.0125,0.037500000000000006,0.9875,0.0375,209.33779373168946,327.0241619204065
636,0.012109375,0.036328125,0.987890625,0.036328125,209.53154373168945,327.5951000814398
637,0.0109375,0.0328125,0.9890625,0.032812499999999994,209.71923904418946,328.1482309521739
638,0.01064453125,0.031933593749999996,0.98935546875,0.03193359375,209.88877029418944,328.64786209050453
639,0.01123046875,0.03369140625,0.98876953125,0.03369140625,210.05376052856445,329.1341366135185
640,0.01259765625,0.037792968749999996,0.98740234375,0.03779296875,210.22783279418945,329.64720660353026
641,0.0130859375,0.039257812499999996,0.9869140625,0.0392578125,210.42309646606446,330.22277141332285
642,0.01279296875,0.038378906250000004,0.98720703125,0.03837890625,210.62592849731445,330.82068295021486
643,0.01357421875,0.040722656249999996,0.98642578125,0.040722656249999996,210.82421951293946,331.4052456543808
644,0.01328125,0.03984375,0.98671875,0.03984375,211.03461990356445,332.025546892395
645,0.011328125,0.033984375,0.988671875,0.033984375000000004,211.24047927856446,332.63250002589825
646,0.01123046875,0.03369140625,0.98876953125,0.03369140625,211.41606521606445,333.1502262065869
647,0.0109375,0.0328125,0.9890625,0.032812499999999994,211.59013748168945,333.6635171381882
648,0.01103515625,0.033105468750000006,0.98896484375,0.03310546875,211.75966873168946,334.16344445818305
649,0.0103515625,0.031054687500000008,0.9896484375,0.0310546875,211.93071365356445,334.66786188205026
650,0.009765625,0.029296875,0.990234375,0.029296875,212.09116287231444,335.1410562677901
651,0.0099609375,0.029882812500000005,0.9900390625,0.0298828125,212.24253005981444,335.58748732484537
652,0.01015625,0.030468749999999996,0.98984375,0.030468750000000003,212.39692459106445,336.04286817935287
653,0.00986328125,0.029589843750000008,0.99013671875,0.029589843749999997,212.55434646606446,336.5071999999186
654,0.008984375,0.026953125,0.991015625,0.026953125000000005,212.70722732543945,336.9581587408653
655,0.00791015625,0.023730468749999997,0.99208984375,0.023730468750000004,212.84648513793945,337.3689510695828
656,0.0068359375,0.0205078125,0.9931640625,0.0205078125,212.96909255981444,337.73064110193474
657,0.00673828125,0.02021484375,0.99326171875,0.020214843750000003,213.07504959106444,338.04322339475317
658,0.00556640625,0.016699218749999994,0.99443359375,0.016699218750000005,213.17949295043945,338.35134987075446
659,0.00498046875,0.014941406250000002,0.99501953125,0.01494140625,213.26577224731446,338.6058963369386
660,0.00517578125,0.015527343750000004,0.99482421875,0.015527343750000002,213.34296951293945,338.8336539497864
661,0.00498046875,0.014941406250000002,0.99501953125,0.01494140625,213.42319412231444,339.0703487375582
662,0.00498046875,0.014941406250000002,0.99501953125,0.01494140625,213.50039138793946,339.2981169318815
663,0.00498046875,0.014941406250000002,0.99501953125,0.01494140625,213.57758865356445,339.52589029933034
664,0.00537109375,0.01611328125,0.99462890625,0.01611328125,213.65478591918946,339.7536688295003
665,0.00556640625,0.016699218749999994,0.99443359375,0.016699218750000005,213.73803787231446,339.9993181164754
666,0.00546875,0.01640625,0.99453125,0.016406249999999997,213.82431716918944,340.2539064139963
667,0.005859375,0.017578125,0.994140625,0.017578125,213.90908279418946,340.5040344902331
668,0.00634765625,0.01904296875,0.99365234375,0.01904296875,213.99990310668946,340.7720357053614
669,0.00595703125,0.01787109375,0.99404296875,0.017871093750000004,214.09829177856446,341.0623783300741
670,0.00615234375,0.018457031250000002,0.99384765625,0.018457031250000006,214.19062576293945,341.33486124207593
671,0.00615234375,0.018457031250000002,0.99384765625,0.018457031250000006,214.28598709106444,341.61628565024694
672,0.00654296875,0.019628906249999998,0.99345703125,0.01962890625,214.38134841918946,341.8977177927447
673,0.00595703125,0.01787109375,0.99404296875,0.017871093750000004,214.48276443481444,342.1970271078394
674,0.0056640625,0.0169921875,0.9943359375,0.0169921875,214.57509841918946,342.4695401732601
675,0.005078125,0.015234374999999998,0.994921875,0.015234374999999998,214.66289138793945,342.7286576318043
676,0.0046875,0.014062500000000002,0.9953125,0.0140625,214.74160232543946,342.960975355593
677,0.00458984375,0.013769531249999998,0.99541015625,0.01376953125,214.81425857543945,343.17542710752963
678,0.00478515625,0.014355468750000003,0.99521484375,0.01435546875,214.88540115356446,343.38541540609884
679,0.00439453125,0.01318359375,0.99560546875,0.01318359375,214.95957107543944,343.6043438896582
680,0.00458984375,0.013769531249999998,0.99541015625,0.01376953125,215.02768630981444,343.80540471082395
681,0.00478515625,0.014355468750000003,0.99521484375,0.01435546875,215.09882888793945,344.0154057014657
682,0.0052734375,0.0158203125,0.9947265625,0.015820312500000003,215.17299880981446,344.234347392439
683,0.005078125,0.015234374999999998,0.994921875,0.015234374999999998,215.25473709106444,344.4756353685216
684,0.00537109375,0.01611328125,0.99462890625,0.01611328125,215.33344802856445,344.7079919909756
685,0.00546875,0.01640625,0.99453125,0.016406249999999997,215.41669998168945,344.9537593840648
686,0.00517578125,0.015527343750000004,0.99482421875,0.015527343750000002,215.50146560668946,345.2040011575456
687,0.00546875,0.01640625,0.99453125,0.016406249999999997,215.58169021606446,345.44084257703486
688,0.00556640625,0.016699218749999994,0.99443359375,0.016699218750000005,215.66645584106445,345.6910958664067
689,0.00537109375,0.01611328125,0.99462890625,0.01611328125,215.75273513793945,345.94582402085626
690,0.0048828125,0.0146484375,0.9951171875,0.0146484375,215.83598709106445,346.191620124884
691,0.00517578125,0.015527343750000004,0.99482421875,0.015527343750000002,215.91167068481445,346.4150760440117
692,0.0048828125,0.0146484375,0.9951171875,0.0146484375,215.99189529418945,346.6519444190242
693,0.00478515625,0.014355468750000003,0.99521484375,0.01435546875,216.06757888793945,346.8754099526984
694,0.00498046875,0.014941406250000002,0.99501953125,0.01494140625,216.14174880981446,347.0944106905491
695,0.0048828125,0.0146484375,0.9951171875,0.0146484375,216.21894607543945,347.32235497146
696,0.005078125,0.015234374999999998,0.994921875,0.015234374999999998,216.29462966918945,347.5458344386058
697,0.00556640625,0.016699218749999994,0.99443359375,0.016699218750000005,216.37334060668945,347.77825799219494
698,0.00556640625,0.016699218749999994,0.99443359375,0.016699218750000005,216.45961990356446,348.03303570150854
699,0.0060546875,0.0181640625,0.9939453125,0.018164062499999998,216.54589920043946,348.2878193983198
700,0.00625,0.018750000000000003,0.99375,0.01875,216.63974685668944,348.5649593252382
701,0.0064453125,0.019335937499999997,0.9935546875,0.0193359375,216.73662185668945,348.85104664611265
702,0.0064453125,0.019335937499999997,0.9935546875,0.0193359375,216.83652420043944,349.1460820460088
703,0.00712890625,0.02138671875,0.99287109375,0.021386718749999995,216.93642654418946,349.4411253969367
704,0.00810546875,0.024316406250000006,0.99189453125,0.02431640625,217.04692459106445,349.7674704609027
705,0.0078125,0.0234375,0.9921875,0.0234375,217.17255935668945,350.1385320808119
706,0.0076171875,0.022851562500000002,0.9923828125,0.0228515625,217.29365310668945,350.496193635479
707,0.00810546875,0.024316406250000006,0.99189453125,0.02431640625,217.41171951293944,350.84492476962356
708,0.00859375,0.025781249999999995,0.99140625,0.025781250000000006,217.53735427856446,351.2160224823625
709,0.008203125,0.024609375000000003,0.991796875,0.024609375,217.67055740356446,351.6094889703546
710,0.00810546875,0.024316406250000006,0.99189453125,0.02431640625,217.79770584106444,351.9850835294448
711,0.00791015625,0.023730468749999997,0.99208984375,0.023730468750000004,217.92334060668946,352.3562190715419
712,0.00732421875,0.02197265625,0.99267578125,0.02197265625,218.04594802856445,352.7184233841641
713,0.00703125,0.02109375,0.99296875,0.021093750000000005,218.15947341918945,353.05380810536445
714,0.00732421875,0.02197265625,0.99267578125,0.02197265625,218.26845779418946,353.3757867803829
715,0.00830078125,0.02490234375,0.99169921875,0.02490234375,218.38198318481446,353.7111909381562
716,0.0087890625,0.0263671875,0.9912109375,0.0263671875,218.51064529418946,354.09132758646564
717,0.00927734375,0.02783203125,0.99072265625,0.02783203125,218.64687576293946,354.4938389936239
718,0.00908203125,0.02724609375,0.99091796875,0.02724609375,218.79067459106446,354.91872746952305
719,0.0091796875,0.027539062499999996,0.9908203125,0.0275390625,218.93144607543945,355.33468611608896
720,0.00908203125,0.02724609375,0.99091796875,0.02724609375,219.07373123168946,355.75513265501036
721,0.009375,0.028125000000000004,0.990625,0.028125000000000004,219.21450271606446,356.1711213623027
722,0.0095703125,0.028710937500000006,0.9904296875,0.0287109375,219.35981521606445,356.6005446581198
723,0.00927734375,0.02783203125,0.99072265625,0.02783203125,219.50815505981444,357.03893055799716
724,0.0083984375,0.0251953125,0.9916015625,0.025195312499999997,219.65195388793944,357.4639121300372
725,0.008203125,0.024609375000000003,0.991796875,0.024609375,219.78212966918946,357.8486455290357
726,0.0087890625,0.0263671875,0.9912109375,0.0263671875,219.90927810668944,358.22444374478147
727,0.0087890625,0.0263671875,0.9912109375,0.0263671875,220.04550857543944,358.62709792208335
728,0.00908203125,0.02724609375,0.99091796875,0.02724609375,220.18173904418944,359.0297657424856
729,0.0083984375,0.0251953125,0.9916015625,0.025195312499999997,220.32251052856446,359.44587010769874
730,0.00869140625,0.02607421875,0.99130859375,0.026074218750000003,220.45268630981445,359.83066766655304
731,0.00859375,0.025781249999999995,0.99140625,0.025781250000000006,220.58740310668946,360.2289013811459
732,0.00908203125,0.02724609375,0.99091796875,0.02724609375,220.72060623168946,360.6226735031582
733,0.0099609375,0.029882812500000005,0.9900390625,0.0298828125,220.86137771606445,361.0388329824807
734,0.009765625,0.029296875,0.990234375,0.029296875,221.01577224731446,361.4952823752235
735,0.00966796875,0.02900390625,0.99033203125,0.029003906250000006,221.16713943481446,361.9427983903356
736,0.00986328125,0.029589843750000008,0.99013671875,0.029589843749999997,221.31699295043944,362.3858553852136
737,0.00859375,0.025781249999999995,0.99140625,0.025781250000000006,221.46987380981446,362.8378795139375
738,0.00859375,0.025781249999999995,0.99140625,0.025781250000000006,221.60307693481445,363.23173584623026
739,0.00947265625,0.028417968749999998,0.99052734375,0.028417968749999998,221.73628005981445,363.6256047322102
740,0.00849609375,0.025488281249999998,0.99150390625,0.025488281249999998,221.88310623168945,364.0597701597207
741,0.00830078125,0.02490234375,0.99169921875,0.02490234375,222.01479568481446,364.44918915323007
742,0.0087890625,0.0263671875,0.9912109375,0.0263671875,222.14345779418946,364.829667718032
743,0.00888671875,0.026660156250000004,0.99111328125,0.02666015625,222.27968826293946,365.23253997314765
744,0.0091796875,0.027539062499999996,0.9908203125,0.0275390625,222.41743240356445,365.6399017187361
745,0.00966796875,0.02900390625,0.99033203125,0.029003906250000006,222.55971755981446,366.06070679058206
746,0.0099609375,0.029882812500000005,0.9900390625,0.0298828125,222.70957107543944,366.5039102407598
747,0.0107421875,0.0322265625,0.9892578125,0.0322265625,222.86396560668945,366.9605602745489
748,0.01025390625,0.03076171875,0.98974609375,0.03076171875,223.03046951293945,367.4530443269701
749,0.01083984375,0.03251953125,0.98916015625,0.032519531250000004,223.18940505981445,367.9231604163288
750,0.01123046875,0.03369140625,0.98876953125,0.03369140625,223.35742263793946,368.4201589804828
751,0.01103515625,0.033105468750000006,0.98896484375,0.03310546875,223.53149490356446,368.9350875903095
752,0.0119140625,0.0357421875,0.9880859375,0.03574218750000001,223.70253982543946,369.4410808497036
753,0.01298828125,0.03896484375,0.98701171875,0.038964843750000006,223.88720779418946,369.98739654092265
754,0.012109375,0.036328125,0.987890625,0.036328125,224.08852615356446,370.5829962119476
755,0.012109375,0.036328125,0.987890625,0.036328125,224.27622146606444,371.13831647198896
756,0.01201171875,0.036035156250000006,0.98798828125,0.03603515625,224.46391677856445,371.6936600985362
757,0.0119140625,0.0357421875,0.9880859375,0.03574218750000001,224.65009841918945,372.24454812901564
758,0.0107421875,0.0322265625,0.9892578125,0.0322265625,224.83476638793945,372.79097990493517
759,0.01083984375,0.03251953125,0.98916015625,0.032519531250000004,225.00127029418945,373.28368343009913
760,0.0111328125,0.03339843749999999,0.9888671875,0.033398437499999996,225.1692756652832,373.78084827405667
761,0.01044921875,0.031347656249999994,0.98955078125,0.03134765625,225.34184646606445,374.29154230859626
762,0.01015625,0.030468749999999996,0.98984375,0.030468750000000003,225.50380935668946,374.77086155071333
763,0.008984375,0.026953125,0.991015625,0.026953125000000005,225.66123123168944,375.23675812984675
764,0.0080078125,0.024023437499999998,0.9919921875,0.024023437499999998,225.80048904418945,375.6489106705905
765,0.00859375,0.025781249999999995,0.99140625,0.025781250000000006,225.92461013793945,376.0162744788503
766,0.0078125,0.0234375,0.9921875,0.0234375,226.05781326293945,376.41052949545417
767,0.00791015625,0.023730468749999997,0.99208984375,0.023730468750000004,226.17890701293945,376.76895293690984
768,0.00732421875,0.02197265625,0.99267578125,0.02197265625,226.3015022277832,377.13183000982906
769,0.00654296875,0.019628906249999998,0.99345703125,0.01962890625,226.41503982543946,377.467905362217
770,0.00576171875,0.01728515625,0.99423828125,0.017285156250000003,226.51645584106444,377.76810727050264
771,0.00556640625,0.016699218749999994,0.99443359375,0.016699218750000005,226.60576248168945,378.0324695317315
772,0.00537109375,0.01611328125,0.99462890625,0.01611328125,226.69204177856446,378.2878751146353
773,0.00556640625,0.016699218749999994,0.99443359375,0.016699218750000005,226.77529373168946,378.53432351842906
774,0.00498046875,0.014941406250000002,0.99501953125,0.01494140625,226.8615608215332,378.789702117125
775,0.0041015625,0.012304687500000001,0.9958984375,0.012304687499999998,226.93877029418945,379.01827116529284
776,0.00400390625,0.012011718749999999,0.99599609375,0.012011718749999999,227.00234451293946,379.20647752603213
777,0.00458984375,0.013769531249999998,0.99541015625,0.01376953125,227.06440505981445,379.39020520713495
778,0.00478515625,0.014355468750000003,0.99521484375,0.01435546875,227.13554763793945,379.60082280779545
779,0.00498046875,0.014941406250000002,0.99501953125,0.01494140625,227.20971755981446,379.8204061999794
780,0.00439453125,0.01318359375,0.99560546875,0.01318359375,227.28691482543945,380.04895579496343
781,0.0044921875,0.0134765625,0.9955078125,0.013476562500000002,227.35503005981445,380.2506202594949
782,0.0044921875,0.0134765625,0.9955078125,0.013476562500000002,227.42465896606444,380.4567691139795
783,0.00498046875,0.014941406250000002,0.99501953125,0.01494140625,227.49428787231446,380.6629209535489
784,0.005078125,0.015234374999999998,0.994921875,0.015234374999999998,227.57148513793945,380.8914840853135
785,0.0052734375,0.0158203125,0.9947265625,0.015820312500000003,227.65019607543945,381.1245326120577
786,0.00556640625,0.016699218749999994,0.99443359375,0.016699218750000005,227.73193435668946,381.36654855987996
787,0.005078125,0.015234374999999998,0.994921875,0.015234374999999998,227.8182014465332,381.6219781246229
788,0.00419921875,0.01259765625,0.99580078125,0.012597656249999999,227.89692459106445,381.855074666966
789,0.0037109375,0.011132812500000002,0.9962890625,0.011132812499999999,227.96201248168944,382.04780053857627
790,0.003515625,0.010546875,0.996484375,0.010546875000000002,228.01953201293946,382.21811856932857
791,0.0037109375,0.011132812500000002,0.9962890625,0.011132812499999999,228.07402420043945,382.3794743464641
792,0.00341796875,0.01025390625,0.99658203125,0.01025390625,228.13154373168945,382.54979628709737
793,0.00341796875,0.01025390625,0.99658203125,0.01025390625,228.18452224731445,382.70667353157177
794,0.0033203125,0.0099609375,0.9966796875,0.009960937500000001,228.23750076293945,382.8635524738787
795,0.003125,0.009375000000000001,0.996875,0.009374999999999998,228.28896560668946,383.0159507844739
796,0.0029296875,0.0087890625,0.9970703125,0.0087890625,228.33740310668946,383.15938594865605
797,0.0029296875,0.0087890625,0.9970703125,0.0087890625,228.38281326293946,383.2938576995101
798,0.00263671875,0.00791015625,0.99736328125,0.007910156249999998,228.42822341918946,383.42833069202743
799,0.00302734375,0.00908203125,0.99697265625,0.009082031249999999,228.46909255981444,383.5493574458356
800,0.0025390625,0.007617187499999999,0.9974609375,0.007617187499999999,228.51601638793946,383.68831532684555
801,0.00283203125,0.00849609375,0.99716796875,0.00849609375,228.55537185668945,383.8048616656148
802,0.00244140625,0.00732421875,0.99755859375,0.00732421875,228.5992561340332,383.9348206046075
803,0.0025390625,0.007617187499999999,0.9974609375,0.007617187499999999,228.63711013793946,384.04692241326984
804,0.0025390625,0.007617187499999999,0.9974609375,0.007617187499999999,228.67646560668945,384.1634716075127
805,0.00244140625,0.00732421875,0.99755859375,0.00732421875,228.71582107543946,384.2800217280634
806,0.001953125,0.005859375,0.998046875,0.005859375,228.75366287231446,384.3920900244376
807,0.00234375,0.007031250000000001,0.99765625,0.00703125,228.78393630981446,384.4817452770983
808,0.0021484375,0.006445312499999999,0.9978515625,0.0064453125000000005,228.82026443481445,384.589332301969
809,0.0017578125,0.0052734375,0.9982421875,0.0052734375,228.85356521606445,384.6879544325098
810,0.00205078125,0.006152343750000001,0.99794921875,0.006152343749999999,228.88081130981445,384.7686457578965
811,0.00185546875,0.005566406250000001,0.99814453125,0.005566406249999999,228.91259841918946,384.8627861959801
812,0.001953125,0.005859375,0.998046875,0.005859375,228.94135818481445,384.9479613959402
813,0.0021484375,0.006445312499999999,0.9978515625,0.0064453125000000005,228.97163162231445,385.0376200323029
814,0.00205078125,0.006152343750000001,0.99794921875,0.006152343749999999,229.00493240356445,385.1362451610537
815,0.001953125,0.005859375,0.998046875,0.005859375,229.03671951293944,385.230387943418
816,0.00166015625,0.00498046875,0.99833984375,0.0049804687500000005,229.06699295043944,385.32004829331146
817,0.001171875,0.0035156250000000005,0.998828125,0.003515625,229.09272537231445,385.3962600178192
818,0.00107421875,0.0032226562499999994,0.99892578125,0.0032226562500000003,229.11088943481445,385.4500567653978
819,0.0009765625,0.0029296875,0.9990234375,0.0029296875,229.12753982543944,385.4993706222902
820,0.00126953125,0.0038085937499999995,0.99873046875,0.0038085937500000003,229.14267654418944,385.54420154367364
821,0.00087890625,0.00263671875,0.99912109375,0.00263671875,229.1623420715332,385.602445789963
822,0.00068359375,0.00205078125,0.99931640625,0.0020507812500000005,229.17596511840821,385.6427938935609
823,0.00048828125,0.00146484375,0.99951171875,0.00146484375,229.1865608215332,385.6741758277725
824,0.0001953125,0.0005859375000000001,0.9998046875,0.0005859375,229.1941291809082,385.6965915356946
825,0.0,0.0,1.0,0.0,229.1971565246582,385.70555782834185
826,0.0,0.0,1.0,0.0,229.1971565246582,385.70555782834185
827,0.0,0.0,1.0,0.0,229.1971565246582,385.70555782834185
828,0.0,0.0,1.0,0.0,229.1971565246582,385.70555782834185
829,0.0,0.0,1.0,0.0,229.1971565246582,385.70555782834185
830,0.0,0.0,1.0,0.0,229.1971565246582,385.70555782834185
831,0.0,0.0,1.0,0.0,229.1971565246582,385.70555782834185
832,0.0,0.0,1.0,0.0,229.1971565246582,385.70555782834185
833,0.0,0.0,1.0,0.0,229.1971565246582,385.70555782834185
834,0.0,0.0,1.0,0.0,229.1971565246582,385.70555782834185
835,0.0,0.0,1.0,0.0,229.1971565246582,385.70555782834185
836,0.0,0.0,1.0,0.0,229.1971565246582,385.70555782834185
837,0.0,0.0,1.0,0.0,229.1971565246582,385.70555782834185
838,0.0,0.0,1.0,0.0,229.1971565246582,385.70555782834185
839,0.0,0.0,1.0,0.0,229.1971565246582,385.70555782834185
840,0.0,0.0,1.0,0.0,229.1971565246582,385.70555782834185
841,0.0,0.0,1.0,0.0,229.1971565246582,385.70555782834185
842,0.0,0.0,1.0,0.0,229.1971565246582,385.70555782834185
843,0.0,0.0,1.0,0.0,229.1971565246582,385.70555782834185
844,0.0,0.0,1.0,0.0,229.1971565246582,385.70555782834185
845,0.0,0.0,1.0,0.0,229.1971565246582,385.70555782834185
846,0.0,0.0,1.0,0.0,229.1971565246582,385.70555782834185
847,0.0,0.0,1.0,0.0,229.1971565246582,385.70555782834185
848,0.0,0.0,1.0,0.0,229.1971565246582,385.70555782834185
849,0.0,0.0,1.0,0.0,229.1971565246582,385.70555782834185
850,0.0,0.0,1.0,0.0,229.1971565246582,385.70555782834185
851,0.0,0.0,1.0,0.0,229.1971565246582,385.70555782834185
852,0.0,0.0,1.0,0.0,229.1971565246582,385.70555782834185
853,0.0,0.0,1.0,0.0,229.1971565246582,385.70555782834185
854,0.0,0.0,1.0,0.0,229.1971565246582,385.70555782834185
855,0.0,0.0,1.0,0.0,229.1971565246582,385.70555782834185
856,0.0,0.0,1.0,0.0,229.1971565246582,385.70555782834185
857,0.0,0.0,1.0,0.0,229.1971565246582,385.70555782834185
858,0.0,0.0,1.0,0.0,229.1971565246582,385.70555782834185
859,0.0,0.0,1.0,0.0,229.1971565246582,385.70555782834185
860,0.0,0.0,1.0,0.0,229.1971565246582,385.70555782834185
861,0.0,0.0,1.0,0.0,229.1971565246582,385.70555782834185
862,0.0,0.0,1.0,0.0,229.1971565246582,385.70555782834185
863,0.0,0.0,1.0,0.0,229.1971565246582,385.70555782834185
864,0.0,0.0,1.0,0.0,229.1971565246582,385.70555782834185
865,0.0,0.0,1.0,0.0,229.1971565246582,385.70555782834185
866,0.0,0.0,1.0,0.0,229.1971565246582,385.70555782834185
867,0.0,0.0,1.0,0.0,229.1971565246582,385.70555782834185
868,0.0,0.0,1.0,0.0,229.1971565246582,385.70555782834185
869,0.0,0.0,1.0,0.0,229.1971565246582,385.70555782834185
870,0.0,0.0,1.0,0.0,229.1971565246582,385.70555782834185
871,0.0,0.0,1.0,0.0,229.1971565246582,385.70555782834185
872,0.0,0.0,1.0,0.0,229.1971565246582,385.70555782834185
873,0.0,0.0,1.0,0.0,229.1971565246582,385.70555782834185
874,0.0,0.0,1.0,0.0,229.1971565246582,385.70555782834185
875,0.0,0.0,1.0,0.0,229.1971565246582,385.70555782834185
876,0.0,0.0,1.0,0.0,229.1971565246582,385.70555782834185
877,0.0,0.0,1.0,0.0,229.1971565246582,385.70555782834185
878,0.0,0.0,1.0,0.0,229.1971565246582,385.70555782834185
879,0.0,0.0,1.0,0.0,229.1971565246582,385.70555782834185
880,0.0,0.0,1.0,0.0,229.1971565246582,385.70555782834185
881,0.0,0.0,1.0,0.0,229.1971565246582,385.70555782834185
882,0.0,0.0,1.0,0.0,229.1971565246582,385.70555782834185
883,0.0,0.0,1.0,0.0,229.1971565246582,385.70555782834185
884,0.0,0.0,1.0,0.0,229.1971565246582,385.70555782834185
885,0.0,0.0,1.0,0.0,229.1971565246582,385.70555782834185
886,0.0,0.0,1.0,0.0,229.1971565246582,385.70555782834185
887,0.0,0.0,1.0,0.0,229.1971565246582,385.70555782834185
888,0.0,0.0,1.0,0.0,229.1971565246582,385.70555782834185
889,0.0,0.0,1.0,0.0,229.1971565246582,385.70555782834185
890,0.0,0.0,1.0,0.0,229.1971565246582,385.70555782834185
891,0.0,0.0,1.0,0.0,229.1971565246582,385.70555782834185
892,0.0,0.0,1.0,0.0,229.1971565246582,385.70555782834185
893,0.0,0.0,1.0,0.0,229.1971565246582,385.70555782834185
894,0.0,0.0,1.0,0.0,229.1971565246582,385.70555782834185
895,0.0,0.0,1.0,0.0,229.1971565246582,385.70555782834185
896,0.0,0.0,1.0,0.0,229.1971565246582,385.70555782834185
897,0.0,0.0,1.0,0.0,229.1971565246582,385.70555782834185
898,0.0,0.0,1.0,0.0,229.1971565246582,385.70555782834185
899,0.0,0.0,1.0,0.0,229.1971565246582,385.70555782834185
900,0.0,0.0,1.0,0.0,229.1971565246582,385.70555782834185
901,0.0,0.0,1.0,0.0,229.1971565246582,385.70555782834185
902,0.0,0.0,1.0,0.0,229.1971565246582,385.70555782834185
903,0.0,0.0,1.0,0.0,229.1971565246582,385.70555782834185
904,0.0,0.0,1.0,0.0,229.1971565246582,385.70555782834185
905,0.0,0.0,1.0,0.0,229.1971565246582,385.70555782834185
906,0.0,0.0,1.0,0.0,229.1971565246582,385.70555782834185
907,0.0,0.0,1.0,0.0,229.1971565246582,385.70555782834185
908,0.0,0.0,1.0,0.0,229.1971565246582,385.70555782834185
909,0.0,0.0,1.0,0.0,229.1971565246582,385.70555782834185
910,0.0,0.0,1.0,0.0,229.1971565246582,385.70555782834185
911,0.0,0.0,1.0,0.0,229.1971565246582,385.70555782834185
912,0.0,0.0,1.0,0.0,229.1971565246582,385.70555782834185
913,0.0,0.0,1.0,0.0,229.1971565246582,385.70555782834185
914,0.0,0.0,1.0,0.0,229.1971565246582,385.70555782834185
915,0.0,0.0,1.0,0.0,229.1971565246582,385.70555782834185
916,0.0,0.0,1.0,0.0,229.1971565246582,385.70555782834185
917,0.0,0.0,1.0,0.0,229.1971565246582,385.70555782834185
918,0.0,0.0,1.0,0.0,229.1971565246582,385.70555782834185
919,0.0,0.0,1.0,0.0,229.1971565246582,385.70555782834185
920,0.0,0.0,1.0,0.0,229.1971565246582,385.70555782834185
921,0.0,0.0,1.0,0.0,229.1971565246582,385.70555782834185
922,0.0,0.0,1.0,0.0,229.1971565246582,385.70555782834185
923,0.0,0.0,1.0,0.0,229.1971565246582,385.70555782834185
924,0.0,0.0,1.0,0.0,229.1971565246582,385.70555782834185
925,0.0,0.0,1.0,0.0,229.1971565246582,385.70555782834185
926,0.0,0.0,1.0,0.0,229.1971565246582,385.70555782834185
927,0.0,0.0,1.0,0.0,229.1971565246582,385.70555782834185
928,0.0,0.0,1.0,0.0,229.1971565246582,385.70555782834185
929,0.0,0.0,1.0,0.0,229.1971565246582,385.70555782834185
930,0.0,0.0,1.0,0.0,229.1971565246582,385.70555782834185
931,0.0,0.0,1.0,0.0,229.1971565246582,385.70555782834185
932,0.0,0.0,1.0,0.0,229.1971565246582,385.70555782834185
933,0.0,0.0,1.0,0.0,229.1971565246582,385.70555782834185
934,0.0,0.0,1.0,0.0,229.1971565246582,385.70555782834185
935,0.0,0.0,1.0,0.0,229.1971565246582,385.70555782834185
936,0.0,0.0,1.0,0.0,229.1971565246582,385.70555782834185
937,0.0,0.0,1.0,0.0,229.1971565246582,385.70555782834185
938,0.0,0.0,1.0,0.0,229.1971565246582,385.70555782834185
939,0.0,0.0,1.0,0.0,229.1971565246582,385.70555782834185
940,0.0,0.0,1.0,0.0,229.1971565246582,385.70555782834185
941,0.0,0.0,1.0,0.0,229.1971565246582,385.70555782834185
942,0.0,0.0,1.0,0.0,229.1971565246582,385.70555782834185
943,0.0,0.0,1.0,0.0,229.1971565246582,385.70555782834185
944,0.0,0.0,1.0,0.0,229.1971565246582,385.70555782834185
945,0.0,0.0,1.0,0.0,229.1971565246582,385.70555782834185
946,0.0,0.0,1.0,0.0,229.1971565246582,385.70555782834185
947,0.0,0.0,1.0,0.0,229.1971565246582,385.70555782834185
948,0.0,0.0,1.0,0.0,229.1971565246582,385.70555782834185
949,0.0,0.0,1.0,0.0,229.1971565246582,385.70555782834185
950,0.0,0.0,1.0,0.0,229.1971565246582,385.70555782834185
951,0.0,0.0,1.0,0.0,229.1971565246582,385.70555782834185
952,0.0,0.0,1.0,0.0,229.1971565246582,385.70555782834185
953,0.0,0.0,1.0,0.0,229.1971565246582,385.70555782834185
954,0.0,0.0,1.0,0.0,229.1971565246582,385.70555782834185
955,0.0,0.0,1.0,0.0,229.1971565246582,385.70555782834185
956,0.0,0.0,1.0,0.0,229.1971565246582,385.70555782834185
957,0.0,0.0,1.0,0.0,229.1971565246582,385.70555782834185
958,0.0,0.0,1.0,0.0,229.1971565246582,385.70555782834185
959,0.0,0.0,1.0,0.0,229.1971565246582,385.70555782834185
960,0.0,0.0,1.0,0.0,229.1971565246582,385.70555782834185
961,0.0,0.0,1.0,0.0,229.1971565246582,385.70555782834185
962,0.0,0.0,1.0,0.0,229.1971565246582,385.70555782834185
963,0.0,0.0,1.0,0.0,229.1971565246582,385.70555782834185
964,0.0,0.0,1.0,0.0,229.1971565246582,385.70555782834185
965,0.0,0.0,1.0,0.0,229.1971565246582,385.70555782834185
966,0.0,0.0,1.0,0.0,229.1971565246582,385.70555782834185
967,0.0,0.0,1.0,0.0,229.1971565246582,385.70555782834185
968,0.0,0.0,1.0,0.0,229.1971565246582,385.70555782834185
969,0.0,0.0,1.0,0.0,229.1971565246582,385.70555782834185
970,0.0,0.0,1.0,0.0,229.1971565246582,385.70555782834185
971,0.0,0.0,1.0,0.0,229.1971565246582,385.70555782834185
972,0.0,0.0,1.0,0.0,229.1971565246582,385.70555782834185
973,0.0,0.0,1.0,0.0,229.1971565246582,385.70555782834185
974,0.0,0.0,1.0,0.0,229.1971565246582,385.70555782834185
975,0.0,0.0,1.0,0.0,229.1971565246582,385.70555782834185
976,0.0,0.0,1.0,0.0,229.1971565246582,385.70555782834185
977,0.0,0.0,1.0,0.0,229.1971565246582,385.70555782834185
978,0.0,0.0,1.0,0.0,229.1971565246582,385.70555782834185
979,0.0,0.0,1.0,0.0,229.1971565246582,385.70555782834185
980,0.0,0.0,1.0,0.0,229.1971565246582,385.70555782834185
981,0.0,0.0,1.0,0.0,229.1971565246582,385.70555782834185
982,0.0,0.0,1.0,0.0,229.1971565246582,385.70555782834185
983,0.0,0.0,1.0,0.0,229.1971565246582,385.70555782834185
984,0.0,0.0,1.0,0.0,229.1971565246582,385.70555782834185
985,0.0,0.0,1.0,0.0,229.1971565246582,385.70555782834185
986,0.0,0.0,1.0,0.0,229.1971565246582,385.70555782834185
987,0.0,0.0,1.0,0.0,229.1971565246582,385.70555782834185
988,0.0,0.0,1.0,0.0,229.1971565246582,385.70555782834185
989,0.0,0.0,1.0,0.0,229.1971565246582,385.70555782834185
990,0.0,0.0,1.0,0.0,229.1971565246582,385.70555782834185
991,0.0,0.0,1.0,0.0,229.1971565246582,385.70555782834185
992,0.0,0.0,1.0,0.0,229.1971565246582,385.70555782834185
993,0.0,0.0,1.0,0.0,229.1971565246582,385.70555782834185
994,0.0,0.0,1.0,0.0,229.1971565246582,385.70555782834185
995,0.0,0.0,1.0,0.0,229.1971565246582,385.70555782834185
996,0.0,0.0,1.0,0.0,229.1971565246582,385.70555782834185
997,0.0,0.0,1.0,0.0,229.1971565246582,385.70555782834185
998,0.0,0.0,1.0,0.0,229.1971565246582,385.70555782834185
999,0.0,0.0,1.0,0.0,229.1971565246582,385.70555782834185
1000,0.0,0.0,1.0,0.0,229.1971565246582,385.70555782834185
1001,0.0,0.0,1.0,0.0,229.1971565246582,385.70555782834185
1002,0.0,0.0,1.0,0.0,229.1971565246582,385.70555782834185
1003,0.0,0.0,1.0,0.0,229.1971565246582,385.70555782834185
1004,0.0,0.0,1.0,0.0,229.1971565246582,385.70555782834185
1005,0.0,0.0,1.0,0.0,229.1971565246582,385.70555782834185
1006,0.0,0.0,1.0,0.0,229.1971565246582,385.70555782834185
1007,0.0,0.0,1.0,0.0,229.1971565246582,385.70555782834185
1008,0.0,0.0,1.0,0.0,229.1971565246582,385.70555782834185
1009,0.0,0.0,1.0,0.0,229.1971565246582,385.70555782834185
1010,0.0,0.0,1.0,0.0,229.1971565246582,385.70555782834185
1011,0.0,0.0,1.0,0.0,229.1971565246582,385.70555782834185
1012,0.0,0.0,1.0,0.0,229.1971565246582,385.70555782834185
1013,0.0,0.0,1.0,0.0,229.1971565246582,385.70555782834185
1014,0.0,0.0,1.0,0.0,229.1971565246582,385.70555782834185
1015,0.0,0.0,1.0,0.0,229.1971565246582,385.70555782834185
1016,0.0,0.0,1.0,0.0,229.1971565246582,385.70555782834185
1017,0.0,0.0,1.0,0.0,229.1971565246582,385.70555782834185
1018,0.0,0.0,1.0,0.0,229.1971565246582,385.70555782834185
1019,0.0,0.0,1.0,0.0,229.1971565246582,385.70555782834185
1020,0.0,0.0,1.0,0.0,229.1971565246582,385.70555782834185
1021,0.0,0.0,1.0,0.0,229.1971565246582,385.70555782834185
1022,0.0,0.0,1.0,0.0,229.1971565246582,385.70555782834185
1023,0.0,0.0,1.0,0.0,229.1971565246582,385.70555782834185
1024,0.0,0.0,1.0,0.0,229.1971565246582,385.70555782834185
1025,0.0,0.0,1.0,0.0,229.1971565246582,385.70555782834185
1026,0.0,0.0,1.0,0.0,229.1971565246582,385.70555782834185
1027,0.0,0.0,1.0,0.0,229.1971565246582,385.70555782834185
1028,0.0,0.0,1.0,0.0,229.1971565246582,385.70555782834185
1029,0.0,0.0,1.0,0.0,229.1971565246582,385.70555782834185
1030,0.0,0.0,1.0,0.0,229.1971565246582,385.70555782834185
1031,0.0,0.0,1.0,0.0,229.1971565246582,385.70555782834185
1032,0.0,0.0,1.0,0.0,229.1971565246582,385.70555782834185
1033,0.0,0.0,1.0,0.0,229.1971565246582,385.70555782834185
1034,0.0,0.0,1.0,0.0,229.1971565246582,385.70555782834185
1035,0.0,0.0,1.0,0.0,229.1971565246582,385.70555782834185
1036,0.0,0.0,1.0,0.0,229.1971565246582,385.70555782834185
1037,0.0,0.0,1.0,0.0,229.1971565246582,385.70555782834185
1038,0.0,0.0,1.0,0.0,229.1971565246582,385.70555782834185
1039,0.0,0.0,1.0,0.0,229.1971565246582,385.70555782834185
1040,0.0,0.0,1.0,0.0,229.1971565246582,385.70555782834185
1041,0.0,0.0,1.0,0.0,229.1971565246582,385.70555782834185
1042,0.0,0.0,1.0,0.0,229.1971565246582,385.70555782834185
1043,0.0,0.0,1.0,0.0,229.1971565246582,385.70555782834185
1044,0.0,0.0,1.0,0.0,229.1971565246582,385.70555782834185
1045,0.0,0.0,1.0,0.0,229.1971565246582,385.70555782834185
1046,0.0,0.0,1.0,0.0,229.1971565246582,385.70555782834185
1047,0.0,0.0,1.0,0.0,229.1971565246582,385.70555782834185
1048,0.0,0.0,1.0,0.0,229.1971565246582,385.70555782834185
1049,0.0,0.0,1.0,0.0,229.1971565246582,385.70555782834185
1050,0.0,0.0,1.0,0.0,229.1971565246582,385.70555782834185
1051,0.0,0.0,1.0,0.0,229.1971565246582,385.70555782834185
1052,0.0,0.0,1.0,0.0,229.1971565246582,385.70555782834185
1053,0.0,0.0,1.0,0.0,229.1971565246582,385.70555782834185
1054,0.0,0.0,1.0,0.0,229.1971565246582,385.70555782834185
1055,0.0,0.0,1.0,0.0,229.1971565246582,385.70555782834185
1056,0.0,0.0,1.0,0.0,229.1971565246582,385.70555782834185
1057,0.0,0.0,1.0,0.0,229.1971565246582,385.70555782834185
1058,0.0,0.0,1.0,0.0,229.1971565246582,385.70555782834185
1059,0.0,0.0,1.0,0.0,229.1971565246582,385.70555782834185
1060,0.0,0.0,1.0,0.0,229.1971565246582,385.70555782834185
1061,0.0,0.0,1.0,0.0,229.1971565246582,385.70555782834185
1062,0.0,0.0,1.0,0.0,229.1971565246582,385.70555782834185
1063,0.0,0.0,1.0,0.0,229.1971565246582,385.70555782834185
1064,0.0,0.0,1.0,0.0,229.1971565246582,385.70555782834185
1065,0.0,0.0,1.0,0.0,229.1971565246582,385.70555782834185
1066,0.0,0.0,1.0,0.0,229.1971565246582,385.70555782834185
1067,0.0,0.0,1.0,0.0,229.1971565246582,385.70555782834185
1068,0.0,0.0,1.0,0.0,229.1971565246582,385.70555782834185
1069,0.0,0.0,1.0,0.0,229.1971565246582,385.70555782834185
1070,0.0,0.0,1.0,0.0,229.1971565246582,385.70555782834185
1071,0.0,0.0,1.0,0.0,229.1971565246582,385.70555782834185
1072,0.0,0.0,1.0,0.0,229.1971565246582,385.70555782834185
1073,0.0,0.0,1.0,0.0,229.1971565246582,385.70555782834185
1074,0.0,0.0,1.0,0.0,229.1971565246582,385.70555782834185
1075,0.0,0.0,1.0,0.0,229.1971565246582,385.70555782834185
1076,0.0,0.0,1.0,0.0,229.1971565246582,385.70555782834185
1077,0.0,0.0,1.0,0.0,229.1971565246582,385.70555782834185
1078,0.0,0.0,1.0,0.0,229.1971565246582,385.70555782834185
1079,0.0,0.0,1.0,0.0,229.1971565246582,385.70555782834185
1080,0.0,0.0,1.0,0.0,229.1971565246582,385.70555782834185
1081,0.0,0.0,1.0,0.0,229.1971565246582,385.70555782834185
1082,0.0,0.0,1.0,0.0,229.1971565246582,385.70555782834185
1083,0.0,0.0,1.0,0.0,229.1971565246582,385.70555782834185
1084,0.0,0.0,1.0,0.0,229.1971565246582,385.70555782834185
1085,0.0,0.0,1.0,0.0,229.1971565246582,385.70555782834185
1086,0.0,0.0,1.0,0.0,229.1971565246582,385.70555782834185
1087,0.0,0.0,1.0,0.0,229.1971565246582,385.70555782834185
1088,0.0,0.0,1.0,0.0,229.1971565246582,385.70555782834185
1089,0.0,0.0,1.0,0.0,229.1971565246582,385.70555782834185
1090,0.0,0.0,1.0,0.0,229.1971565246582,385.70555782834185
1091,0.0,0.0,1.0,0.0,229.1971565246582,385.70555782834185
1092,0.0,0.0,1.0,0.0,229.1971565246582,385.70555782834185
1093,0.0,0.0,1.0,0.0,229.1971565246582,385.70555782834185
1094,0.0,0.0,1.0,0.0,229.1971565246582,385.70555782834185
1095,0.0,0.0,1.0,0.0,229.1971565246582,385.70555782834185
1096,0.0,0.0,1.0,0.0,229.1971565246582,385.70555782834185
1097,0.0,0.0,1.0,0.0,229.1971565246582,385.70555782834185
1098,0.0,0.0,1.0,0.0,229.1971565246582,385.70555782834185
1099,0.0,0.0,1.0,0.0,229.1971565246582,385.70555782834185
1100,0.0,0.0,1.0,0.0,229.1971565246582,385.70555782834185
1101,0.0,0.0,1.0,0.0,229.1971565246582,385.70555782834185
1102,0.0,0.0,1.0,0.0,229.1971565246582,385.70555782834185
1103,0.0,0.0,1.0,0.0,229.1971565246582,385.70555782834185
1104,0.0,0.0,1.0,0.0,229.1971565246582,385.70555782834185
1105,0.0,0.0,1.0,0.0,229.1971565246582,385.70555782834185
1106,0.0,0.0,1.0,0.0,229.1971565246582,385.70555782834185
1107,0.0,0.0,1.0,0.0,229.1971565246582,385.70555782834185
1108,0.0,0.0,1.0,0.0,229.1971565246582,385.70555782834185
1109,0.0,0.0,1.0,0.0,229.1971565246582,385.70555782834185
1110,0.0,0.0,1.0,0.0,229.1971565246582,385.70555782834185
1111,0.0,0.0,1.0,0.0,229.1971565246582,385.70555782834185
1112,0.0,0.0,1.0,0.0,229.1971565246582,385.70555782834185
1113,0.0,0.0,1.0,0.0,229.1971565246582,385.70555782834185
1114,0.0,0.0,1.0,0.0,229.1971565246582,385.70555782834185
1115,0.0,0.0,1.0,0.0,229.1971565246582,385.70555782834185
1116,0.0,0.0,1.0,0.0,229.1971565246582,385.70555782834185
1117,0.0,0.0,1.0,0.0,229.1971565246582,385.70555782834185
1118,0.0,0.0,1.0,0.0,229.1971565246582,385.70555782834185
1119,0.0,0.0,1.0,0.0,229.1971565246582,385.70555782834185
1120,0.0,0.0,1.0,0.0,229.1971565246582,385.70555782834185
1121,0.0,0.0,1.0,0.0,229.1971565246582,385.70555782834185
1122,0.0,0.0,1.0,0.0,229.1971565246582,385.70555782834185
1123,0.0,0.0,1.0,0.0,229.1971565246582,385.70555782834185
1124,0.0,0.0,1.0,0.0,229.1971565246582,385.70555782834185
1125,0.0,0.0,1.0,0.0,229.1971565246582,385.70555782834185
1126,0.0,0.0,1.0,0.0,229.1971565246582,385.70555782834185
1127,0.0,0.0,1.0,0.0,229.1971565246582,385.70555782834185
1128,0.0,0.0,1.0,0.0,229.1971565246582,385.70555782834185
1129,0.0,0.0,1.0,0.0,229.1971565246582,385.70555782834185
1130,0.0,0.0,1.0,0.0,229.1971565246582,385.70555782834185
1131,0.0,0.0,1.0,0.0,229.1971565246582,385.70555782834185
1132,0.0,0.0,1.0,0.0,229.1971565246582,385.70555782834185
1133,0.0,0.0,1.0,0.0,229.1971565246582,385.70555782834185
1134,0.0,0.0,1.0,0.0,229.1971565246582,385.70555782834185
1135,0.0,0.0,1.0,0.0,229.1971565246582,385.70555782834185
1136,0.0,0.0,1.0,0.0,229.1971565246582,385.70555782834185
1137,0.0,0.0,1.0,0.0,229.1971565246582,385.70555782834185
1138,0.0,0.0,1.0,0.0,229.1971565246582,385.70555782834185
1139,0.0,0.0,1.0,0.0,229.1971565246582,385.70555782834185
1140,0.0,0.0,1.0,0.0,229.1971565246582,385.70555782834185
1141,0.0,0.0,1.0,0.0,229.1971565246582,385.70555782834185
1142,0.0,0.0,1.0,0.0,229.1971565246582,385.70555782834185
1143,0.0,0.0,1.0,0.0,229.1971565246582,385.70555782834185
1144,0.0,0.0,1.0,0.0,229.1971565246582,385.70555782834185
1145,0.0,0.0,1.0,0.0,229.1971565246582,385.70555782834185
1146,0.0,0.0,1.0,0.0,229.1971565246582,385.70555782834185
1147,0.0,0.0,1.0,0.0,229.1971565246582,385.70555782834185
1148,0.0,0.0,1.0,0.0,229.1971565246582,385.70555782834185
1149,0.0,0.0,1.0,0.0,229.1971565246582,385.70555782834185
1150,0.0,0.0,1.0,0.0,229.1971565246582,385.70555782834185
1151,0.0,0.0,1.0,0.0,229.1971565246582,385.70555782834185
1152,0.0,0.0,1.0,0.0,229.1971565246582,385.70555782834185
1153,0.0,0.0,1.0,0.0,229.1971565246582,385.70555782834185
1154,0.0,0.0,1.0,0.0,229.1971565246582,385.70555782834185
1155,0.0,0.0,1.0,0.0,229.1971565246582,385.70555782834185
1156,0.0,0.0,1.0,0.0,229.1971565246582,385.70555782834185
1157,0.0,0.0,1.0,0.0,229.1971565246582,385.70555782834185
1158,0.0,0.0,1.0,0.0,229.1971565246582,385.70555782834185
1159,0.0,0.0,1.0,0.0,229.1971565246582,385.70555782834185
1160,0.0,0.0,1.0,0.0,229.1971565246582,385.70555782834185
1161,0.0,0.0,1.0,0.0,229.1971565246582,385.70555782834185
1162,0.0,0.0,1.0,0.0,229.1971565246582,385.70555782834185
1163,0.0,0.0,1.0,0.0,229.1971565246582,385.70555782834185
1164,0.0,0.0,1.0,0.0,229.1971565246582,385.70555782834185
1165,0.0,0.0,1.0,0.0,229.1971565246582,385.70555782834185
1166,0.0,0.0,1.0,0.0,229.1971565246582,385.70555782834185
1167,0.0,0.0,1.0,0.0,229.1971565246582,385.70555782834185
1168,0.0,0.0,1.0,0.0,229.1971565246582,385.70555782834185
1169,0.0,0.0,1.0,0.0,229.1971565246582,385.70555782834185
1170,0.0,0.0,1.0,0.0,229.1971565246582,385.70555782834185
1171,0.0,0.0,1.0,0.0,229.1971565246582,385.70555782834185
1172,0.0,0.0,1.0,0.0,229.1971565246582,385.70555782834185
1173,0.0,0.0,1.0,0.0,229.1971565246582,385.70555782834185
1174,0.0,0.0,1.0,0.0,229.1971565246582,385.70555782834185
1175,0.0,0.0,1.0,0.0,229.1971565246582,385.70555782834185
1176,0.0,0.0,1.0,0.0,229.1971565246582,385.70555782834185
1177,0.0,0.0,1.0,0.0,229.1971565246582,385.70555782834185
1178,0.0,0.0,1.0,0.0,229.1971565246582,385.70555782834185
1179,0.0,0.0,1.0,0.0,229.1971565246582,385.70555782834185
1180,0.0,0.0,1.0,0.0,229.1971565246582,385.70555782834185
1181,0.0,0.0,1.0,0.0,229.1971565246582,385.70555782834185
1182,0.0,0.0,1.0,0.0,229.1971565246582,385.70555782834185
1183,0.0,0.0,1.0,0.0,229.1971565246582,385.70555782834185
1184,0.0,0.0,1.0,0.0,229.1971565246582,385.70555782834185
1185,0.0,0.0,1.0,0.0,229.1971565246582,385.70555782834185
1186,0.0,0.0,1.0,0.0,229.1971565246582,385.70555782834185
1187,0.0,0.0,1.0,0.0,229.1971565246582,385.70555782834185
1188,0.0,0.0,1.0,0.0,229.1971565246582,385.70555782834185
1189,0.0,0.0,1.0,0.0,229.1971565246582,385.70555782834185
1190,0.0,0.0,1.0,0.0,229.1971565246582,385.70555782834185
1191,0.0,0.0,1.0,0.0,229.1971565246582,385.70555782834185
1192,0.0,0.0,1.0,0.0,229.1971565246582,385.70555782834185
1193,0.0,0.0,1.0,0.0,229.1971565246582,385.70555782834185
1194,0.0,0.0,1.0,0.0,229.1971565246582,385.70555782834185
1195,0.0,0.0,1.0,0.0,229.1971565246582,385.70555782834185
1196,0.0,0.0,1.0,0.0,229.1971565246582,385.70555782834185
1197,0.0,0.0,1.0,0.0,229.1971565246582,385.70555782834185
1198,0.0,0.0,1.0,0.0,229.1971565246582,385.70555782834185
1199,0.0,0.0,1.0,0.0,229.1971565246582,385.70555782834185
1200,0.0,0.0,1.0,0.0,229.1971565246582,385.70555782834185
1201,0.0,0.0,1.0,0.0,229.1971565246582,385.70555782834185
1202,0.0,0.0,1.0,0.0,229.1971565246582,385.70555782834185
1203,0.0,0.0,1.0,0.0,229.1971565246582,385.70555782834185
1204,0.0,0.0,1.0,0.0,229.1971565246582,385.70555782834185
1205,0.0,0.0,1.0,0.0,229.1971565246582,385.70555782834185
1206,0.0,0.0,1.0,0.0,229.1971565246582,385.70555782834185
1207,0.0,0.0,1.0,0.0,229.1971565246582,385.70555782834185
1208,0.0,0.0,1.0,0.0,229.1971565246582,385.70555782834185
1209,0.0,0.0,1.0,0.0,229.1971565246582,385.70555782834185
1210,0.0,0.0,1.0,0.0,229.1971565246582,385.70555782834185
1211,0.0,0.0,1.0,0.0,229.1971565246582,385.70555782834185
1212,0.0,0.0,1.0,0.0,229.1971565246582,385.70555782834185
1213,0.0,0.0,1.0,0.0,229.1971565246582,385.70555782834185
1214,0.0,0.0,1.0,0.0,229.1971565246582,385.70555782834185
1215,0.0,0.0,1.0,0.0,229.1971565246582,385.70555782834185
1216,0.0,0.0,1.0,0.0,229.1971565246582,385.70555782834185
1217,0.0,0.0,1.0,0.0,229.1971565246582,385.70555782834185
1218,0.0,0.0,1.0,0.0,229.1971565246582,385.70555782834185
1219,0.0,0.0,1.0,0.0,229.1971565246582,385.70555782834185
1220,0.0,0.0,1.0,0.0,229.1971565246582,385.70555782834185
1221,0.0,0.0,1.0,0.0,229.1971565246582,385.70555782834185
1222,0.0,0.0,1.0,0.0,229.1971565246582,385.70555782834185
1223,0.0,0.0,1.0,0.0,229.1971565246582,385.70555782834185
1224,0.0,0.0,1.0,0.0,229.1971565246582,385.70555782834185
1225,0.0,0.0,1.0,0.0,229.1971565246582,385.70555782834185
1226,0.0,0.0,1.0,0.0,229.1971565246582,385.70555782834185
1227,0.0,0.0,1.0,0.0,229.1971565246582,385.70555782834185
1228,0.0,0.0,1.0,0.0,229.1971565246582,385.70555782834185
1229,0.0,0.0,1.0,0.0,229.1971565246582,385.70555782834185
1230,0.0,0.0,1.0,0.0,229.1971565246582,385.70555782834185
1231,0.0,0.0,1.0,0.0,229.1971565246582,385.70555782834185
1232,0.0,0.0,1.0,0.0,229.1971565246582,385.70555782834185
1233,0.0,0.0,1.0,0.0,229.1971565246582,385.70555782834185
1234,0.0,0.0,1.0,0.0,229.1971565246582,385.70555782834185
1235,0.0,0.0,1.0,0.0,229.1971565246582,385.70555782834185
1236,0.0,0.0,1.0,0.0,229.1971565246582,385.70555782834185
1237,0.0,0.0,1.0,0.0,229.1971565246582,385.70555782834185
1238,0.0,0.0,1.0,0.0,229.1971565246582,385.70555782834185
1239,0.0,0.0,1.0,0.0,229.1971565246582,385.70555782834185
1240,0.0,0.0,1.0,0.0,229.1971565246582,385.70555782834185
1241,0.0,0.0,1.0,0.0,229.1971565246582,385.70555782834185
1242,0.0,0.0,1.0,0.0,229.1971565246582,385.70555782834185
1243,0.0,0.0,1.0,0.0,229.1971565246582,385.70555782834185
1244,0.0,0.0,1.0,0.0,229.1971565246582,385.70555782834185
1245,0.0,0.0,1.0,0.0,229.1971565246582,385.70555782834185
1246,0.0,0.0,1.0,0.0,229.1971565246582,385.70555782834185
1247,0.0,0.0,1.0,0.0,229.1971565246582,385.70555782834185
1248,0.0,0.0,1.0,0.0,229.1971565246582,385.70555782834185
1249,0.0,0.0,1.0,0.0,229.1971565246582,385.70555782834185
1250,0.0,0.0,1.0,0.0,229.1971565246582,385.70555782834185
1251,0.0,0.0,1.0,0.0,229.1971565246582,385.70555782834185
1252,0.0,0.0,1.0,0.0,229.1971565246582,385.70555782834185
1253,0.0,0.0,1.0,0.0,229.1971565246582,385.70555782834185
1254,0.0,0.0,1.0,0.0,229.1971565246582,385.70555782834185
1255,0.0,0.0,1.0,0.0,229.1971565246582,385.70555782834185
1256,0.0,0.0,1.0,0.0,229.1971565246582,385.70555782834185
1257,0.0,0.0,1.0,0.0,229.1971565246582,385.70555782834185
1258,0.0,0.0,1.0,0.0,229.1971565246582,385.70555782834185
1259,0.0,0.0,1.0,0.0,229.1971565246582,385.70555782834185
1260,0.0,0.0,1.0,0.0,229.1971565246582,385.70555782834185
1261,0.0,0.0,1.0,0.0,229.1971565246582,385.70555782834185
1262,0.0,0.0,1.0,0.0,229.1971565246582,385.70555782834185
1263,0.0,0.0,1.0,0.0,229.1971565246582,385.70555782834185
1264,0.0,0.0,1.0,0.0,229.1971565246582,385.70555782834185
1265,0.0,0.0,1.0,0.0,229.1971565246582,385.70555782834185
1266,0.0,0.0,1.0,0.0,229.1971565246582,385.70555782834185
1267,0.0,0.0,1.0,0.0,229.1971565246582,385.70555782834185
1268,0.0,0.0,1.0,0.0,229.1971565246582,385.70555782834185
1269,0.0,0.0,1.0,0.0,229.1971565246582,385.70555782834185
1270,0.0,0.0,1.0,0.0,229.1971565246582,385.70555782834185
1271,0.0,0.0,1.0,0.0,229.1971565246582,385.70555782834185
1272,0.0,0.0,1.0,0.0,229.1971565246582,385.70555782834185
1273,0.0,0.0,1.0,0.0,229.1971565246582,385.70555782834185
1274,0.0,0.0,1.0,0.0,229.1971565246582,385.70555782834185
1275,0.0,0.0,1.0,0.0,229.1971565246582,385.70555782834185
1276,0.0,0.0,1.0,0.0,229.1971565246582,385.70555782834185
1277,0.0,0.0,1.0,0.0,229.1971565246582,385.70555782834185
1278,0.0,0.0,1.0,0.0,229.1971565246582,385.70555782834185
1279,0.0,0.0,1.0,0.0,229.1971565246582,385.70555782834185
1280,0.0,0.0,1.0,0.0,229.1971565246582,385.70555782834185
1281,0.0,0.0,1.0,0.0,229.1971565246582,385.70555782834185
1282,0.0,0.0,1.0,0.0,229.1971565246582,385.70555782834185
1283,0.0,0.0,1.0,0.0,229.1971565246582,385.70555782834185
1284,0.0,0.0,1.0,0.0,229.1971565246582,385.70555782834185
1285,0.0,0.0,1.0,0.0,229.1971565246582,385.70555782834185
1286,0.0,0.0,1.0,0.0,229.1971565246582,385.70555782834185
1287,0.0,0.0,1.0,0.0,229.1971565246582,385.70555782834185
1288,0.0,0.0,1.0,0.0,229.1971565246582,385.70555782834185
1289,0.0,0.0,1.0,0.0,229.1971565246582,385.70555782834185
1290,0.0,0.0,1.0,0.0,229.1971565246582,385.70555782834185
1291,0.0,0.0,1.0,0.0,229.1971565246582,385.70555782834185
1292,0.0,0.0,1.0,0.0,229.1971565246582,385.70555782834185
1293,0.0,0.0,1.0,0.0,229.1971565246582,385.70555782834185
1294,0.0,0.0,1.0,0.0,229.1971565246582,385.70555782834185
1295,0.0,0.0,1.0,0.0,229.1971565246582,385.70555782834185
1296,0.0,0.0,1.0,0.0,229.1971565246582,385.70555782834185
1297,0.0,0.0,1.0,0.0,229.1971565246582,385.70555782834185
1298,0.0,0.0,1.0,0.0,229.1971565246582,385.70555782834185
1299,0.0,0.0,1.0,0.0,229.1971565246582,385.70555782834185
1300,0.0,0.0,1.0,0.0,229.1971565246582,385.70555782834185
1301,0.0,0.0,1.0,0.0,229.1971565246582,385.70555782834185
1302,0.0,0.0,1.0,0.0,229.1971565246582,385.70555782834185
1303,0.0,0.0,1.0,0.0,229.1971565246582,385.70555782834185
1304,0.0,0.0,1.0,0.0,229.1971565246582,385.70555782834185
1305,0.0,0.0,1.0,0.0,229.1971565246582,385.70555782834185
1306,0.0,0.0,1.0,0.0,229.1971565246582,385.70555782834185
1307,0.0,0.0,1.0,0.0,229.1971565246582,385.70555782834185
1308,0.0,0.0,1.0,0.0,229.1971565246582,385.70555782834185
1309,0.0,0.0,1.0,0.0,229.1971565246582,385.70555782834185
1310,0.0,0.0,1.0,0.0,229.1971565246582,385.70555782834185
1311,0.0,0.0,1.0,0.0,229.1971565246582,385.70555782834185
1312,0.0,0.0,1.0,0.0,229.1971565246582,385.70555782834185
1313,0.0,0.0,1.0,0.0,229.1971565246582,385.70555782834185
1314,0.0,0.0,1.0,0.0,229.1971565246582,385.70555782834185
1315,0.0,0.0,1.0,0.0,229.1971565246582,385.70555782834185
1316,0.0,0.0,1.0,0.0,229.1971565246582,385.70555782834185
1317,0.0,0.0,1.0,0.0,229.1971565246582,385.70555782834185
1318,0.0,0.0,1.0,0.0,229.1971565246582,385.70555782834185
1319,0.0,0.0,1.0,0.0,229.1971565246582,385.70555782834185
1320,0.0,0.0,1.0,0.0,229.1971565246582,385.70555782834185
1321,0.0,0.0,1.0,0.0,229.1971565246582,385.70555782834185
1322,0.0,0.0,1.0,0.0,229.1971565246582,385.70555782834185
1323,0.0,0.0,1.0,0.0,229.1971565246582,385.70555782834185
1324,0.0,0.0,1.0,0.0,229.1971565246582,385.70555782834185
1325,0.0,0.0,1.0,0.0,229.1971565246582,385.70555782834185
1326,0.0,0.0,1.0,0.0,229.1971565246582,385.70555782834185
1327,0.0,0.0,1.0,0.0,229.1971565246582,385.70555782834185
1328,0.0,0.0,1.0,0.0,229.1971565246582,385.70555782834185
1329,0.0,0.0,1.0,0.0,229.1971565246582,385.70555782834185
1330,0.0,0.0,1.0,0.0,229.1971565246582,385.70555782834185
1331,0.0,0.0,1.0,0.0,229.1971565246582,385.70555782834185
1332,0.0,0.0,1.0,0.0,229.1971565246582,385.70555782834185
1333,0.0,0.0,1.0,0.0,229.1971565246582,385.70555782834185
1334,0.0,0.0,1.0,0.0,229.1971565246582,385.70555782834185
1335,0.0,0.0,1.0,0.0,229.1971565246582,385.70555782834185
1336,0.0,0.0,1.0,0.0,229.1971565246582,385.70555782834185
1337,0.0,0.0,1.0,0.0,229.1971565246582,385.70555782834185
1338,0.0,0.0,1.0,0.0,229.1971565246582,385.70555782834185
1339,0.0,0.0,1.0,0.0,229.1971565246582,385.70555782834185
1340,0.0,0.0,1.0,0.0,229.1971565246582,385.70555782834185
1341,0.0,0.0,1.0,0.0,229.1971565246582,385.70555782834185
1342,0.0,0.0,1.0,0.0,229.1971565246582,385.70555782834185
1343,0.0,0.0,1.0,0.0,229.1971565246582,385.70555782834185
1344,0.0,0.0,1.0,0.0,229.1971565246582,385.70555782834185
1345,0.0,0.0,1.0,0.0,229.1971565246582,385.70555782834185
1346,0.0,0.0,1.0,0.0,229.1971565246582,385.70555782834185
1347,0.0,0.0,1.0,0.0,229.1971565246582,385.70555782834185
1348,0.0,0.0,1.0,0.0,229.1971565246582,385.70555782834185
1349,0.0,0.0,1.0,0.0,229.1971565246582,385.70555782834185
1350,0.0,0.0,1.0,0.0,229.1971565246582,385.70555782834185
1351,0.0,0.0,1.0,0.0,229.1971565246582,385.70555782834185
1352,0.0,0.0,1.0,0.0,229.1971565246582,385.70555782834185
1353,0.0,0.0,1.0,0.0,229.1971565246582,385.70555782834185
1354,0.0,0.0,1.0,0.0,229.1971565246582,385.70555782834185
1355,0.0,0.0,1.0,0.0,229.1971565246582,385.70555782834185
1356,0.0,0.0,1.0,0.0,229.1971565246582,385.70555782834185
1357,0.0,0.0,1.0,0.0,229.1971565246582,385.70555782834185
1358,0.0,0.0,1.0,0.0,229.1971565246582,385.70555782834185
1359,0.0,0.0,1.0,0.0,229.1971565246582,385.70555782834185
1360,0.0,0.0,1.0,0.0,229.1971565246582,385.70555782834185
1361,0.0,0.0,1.0,0.0,229.1971565246582,385.70555782834185
1362,0.0,0.0,1.0,0.0,229.1971565246582,385.70555782834185
1363,0.0,0.0,1.0,0.0,229.1971565246582,385.70555782834185
1364,0.0,0.0,1.0,0.0,229.1971565246582,385.70555782834185
1365,0.0,0.0,1.0,0.0,229.1971565246582,385.70555782834185
1366,0.0,0.0,1.0,0.0,229.1971565246582,385.70555782834185
1367,0.0,0.0,1.0,0.0,229.1971565246582,385.70555782834185
1368,0.0,0.0,1.0,0.0,229.1971565246582,385.70555782834185
1369,0.0,0.0,1.0,0.0,229.1971565246582,385.70555782834185
1370,0.0,0.0,1.0,0.0,229.1971565246582,385.70555782834185
1371,0.0,0.0,1.0,0.0,229.1971565246582,385.70555782834185
1372,0.0,0.0,1.0,0.0,229.1971565246582,385.70555782834185
1373,0.0,0.0,1.0,0.0,229.1971565246582,385.70555782834185
1374,0.0,0.0,1.0,0.0,229.1971565246582,385.70555782834185
1375,0.0,0.0,1.0,0.0,229.1971565246582,385.70555782834185
1376,0.0,0.0,1.0,0.0,229.1971565246582,385.70555782834185
1377,0.0,0.0,1.0,0.0,229.1971565246582,385.70555782834185
1378,0.0,0.0,1.0,0.0,229.1971565246582,385.70555782834185
1379,0.0,0.0,1.0,0.0,229.1971565246582,385.70555782834185
1380,0.0,0.0,1.0,0.0,229.1971565246582,385.70555782834185
1381,0.0,0.0,1.0,0.0,229.1971565246582,385.70555782834185
1382,0.0,0.0,1.0,0.0,229.1971565246582,385.70555782834185
1383,0.0,0.0,1.0,0.0,229.1971565246582,385.70555782834185
1384,0.0,0.0,1.0,0.0,229.1971565246582,385.70555782834185
1385,0.0,0.0,1.0,0.0,229.1971565246582,385.70555782834185
1386,0.0,0.0,1.0,0.0,229.1971565246582,385.70555782834185
1387,0.0,0.0,1.0,0.0,229.1971565246582,385.70555782834185
1388,0.0,0.0,1.0,0.0,229.1971565246582,385.70555782834185
1389,0.0,0.0,1.0,0.0,229.1971565246582,385.70555782834185
1390,0.0,0.0,1.0,0.0,229.1971565246582,385.70555782834185
1391,0.0,0.0,1.0,0.0,229.1971565246582,385.70555782834185
1392,0.0,0.0,1.0,0.0,229.1971565246582,385.70555782834185
1393,0.0,0.0,1.0,0.0,229.1971565246582,385.70555782834185
1394,0.0,0.0,1.0,0.0,229.1971565246582,385.70555782834185
1395,0.0,0.0,1.0,0.0,229.1971565246582,385.70555782834185
1396,0.0,0.0,1.0,0.0,229.1971565246582,385.70555782834185
1397,0.0,0.0,1.0,0.0,229.1971565246582,385.70555782834185
1398,0.0,0.0,1.0,0.0,229.1971565246582,385.70555782834185
1399,0.0,0.0,1.0,0.0,229.1971565246582,385.70555782834185
1400,0.0,0.0,1.0,0.0,229.1971565246582,385.70555782834185
1401,0.0,0.0,1.0,0.0,229.1971565246582,385.70555782834185
1402,0.0,0.0,1.0,0.0,229.1971565246582,385.70555782834185
1403,0.0,0.0,1.0,0.0,229.1971565246582,385.70555782834185
1404,0.0,0.0,1.0,0.0,229.1971565246582,385.70555782834185
1405,0.0,0.0,1.0,0.0,229.1971565246582,385.70555782834185
1406,0.0,0.0,1.0,0.0,229.1971565246582,385.70555782834185
1407,0.0,0.0,1.0,0.0,229.1971565246582,385.70555782834185
1408,0.0,0.0,1.0,0.0,229.1971565246582,385.70555782834185
1409,0.0,0.0,1.0,0.0,229.1971565246582,385.70555782834185
1410,0.0,0.0,1.0,0.0,229.1971565246582,385.70555782834185
1411,0.0,0.0,1.0,0.0,229.1971565246582,385.70555782834185
1412,0.0,0.0,1.0,0.0,229.1971565246582,385.70555782834185
1413,0.0,0.0,1.0,0.0,229.1971565246582,385.70555782834185
1414,0.0,0.0,1.0,0.0,229.1971565246582,385.70555782834185
1415,0.0,0.0,1.0,0.0,229.1971565246582,385.70555782834185
1416,0.0,0.0,1.0,0.0,229.1971565246582,385.70555782834185
1417,0.0,0.0,1.0,0.0,229.1971565246582,385.70555782834185
1418,0.0,0.0,1.0,0.0,229.1971565246582,385.70555782834185
1419,0.0,0.0,1.0,0.0,229.1971565246582,385.70555782834185
1420,0.0,0.0,1.0,0.0,229.1971565246582,385.70555782834185
1421,0.0,0.0,1.0,0.0,229.1971565246582,385.70555782834185
1422,0.0,0.0,1.0,0.0,229.1971565246582,385.70555782834185
1423,0.0,0.0,1.0,0.0,229.1971565246582,385.70555782834185
1424,0.0,0.0,1.0,0.0,229.1971565246582,385.70555782834185
1425,0.0,0.0,1.0,0.0,229.1971565246582,385.70555782834185
1426,0.0,0.0,1.0,0.0,229.1971565246582,385.70555782834185
1427,0.0,0.0,1.0,0.0,229.1971565246582,385.70555782834185
1428,0.0,0.0,1.0,0.0,229.1971565246582,385.70555782834185
1429,0.0,0.0,1.0,0.0,229.1971565246582,385.70555782834185
1430,0.0,0.0,1.0,0.0,229.1971565246582,385.70555782834185
1431,0.0,0.0,1.0,0.0,229.1971565246582,385.70555782834185
1432,0.0,0.0,1.0,0.0,229.1971565246582,385.70555782834185
1433,0.0,0.0,1.0,0.0,229.1971565246582,385.70555782834185
1434,0.0,0.0,1.0,0.0,229.1971565246582,385.70555782834185
1435,0.0,0.0,1.0,0.0,229.1971565246582,385.70555782834185
1436,0.0,0.0,1.0,0.0,229.1971565246582,385.70555782834185
1437,0.0,0.0,1.0,0.0,229.1971565246582,385.70555782834185
1438,0.0,0.0,1.0,0.0,229.1971565246582,385.70555782834185
1439,0.0,0.0,1.0,0.0,229.1971565246582,385.70555782834185
1440,0.0,0.0,1.0,0.0,229.1971565246582,385.70555782834185
1441,0.0,0.0,1.0,0.0,229.1971565246582,385.70555782834185
1442,0.0,0.0,1.0,0.0,229.1971565246582,385.70555782834185
1443,0.0,0.0,1.0,0.0,229.1971565246582,385.70555782834185
1444,0.0,0.0,1.0,0.0,229.1971565246582,385.70555782834185
1445,0.0,0.0,1.0,0.0,229.1971565246582,385.70555782834185
1446,0.0,0.0,1.0,0.0,229.1971565246582,385.70555782834185
1447,0.0,0.0,1.0,0.0,229.1971565246582,385.70555782834185
1448,0.0,0.0,1.0,0.0,229.1971565246582,385.70555782834185
1449,0.0,0.0,1.0,0.0,229.1971565246582,385.70555782834185
1450,0.0,0.0,1.0,0.0,229.1971565246582,385.70555782834185
1451,0.0,0.0,1.0,0.0,229.1971565246582,385.70555782834185
1452,0.0,0.0,1.0,0.0,229.1971565246582,385.70555782834185
1453,0.0,0.0,1.0,0.0,229.1971565246582,385.70555782834185
1454,0.0,0.0,1.0,0.0,229.1971565246582,385.70555782834185
1455,0.0,0.0,1.0,0.0,229.1971565246582,385.70555782834185
1456,0.0,0.0,1.0,0.0,229.1971565246582,385.70555782834185
1457,0.0,0.0,1.0,0.0,229.1971565246582,385.70555782834185
1458,0.0,0.0,1.0,0.0,229.1971565246582,385.70555782834185
1459,0.0,0.0,1.0,0.0,229.1971565246582,385.70555782834185
1460,0.0,0.0,1.0,0.0,229.1971565246582,385.70555782834185
1461,0.0,0.0,1.0,0.0,229.1971565246582,385.70555782834185
1462,0.0,0.0,1.0,0.0,229.1971565246582,385.70555782834185
1463,0.0,0.0,1.0,0.0,229.1971565246582,385.70555782834185
1464,0.0,0.0,1.0,0.0,229.1971565246582,385.70555782834185
1465,0.0,0.0,1.0,0.0,229.1971565246582,385.70555782834185
1466,0.0,0.0,1.0,0.0,229.1971565246582,385.70555782834185
1467,0.0,0.0,1.0,0.0,229.1971565246582,385.70555782834185
1468,0.0,0.0,1.0,0.0,229.1971565246582,385.70555782834185
1469,0.0,0.0,1.0,0.0,229.1971565246582,385.70555782834185
1470,0.0,0.0,1.0,0.0,229.1971565246582,385.70555782834185
1471,0.0,0.0,1.0,0.0,229.1971565246582,385.70555782834185
1472,0.0,0.0,1.0,0.0,229.1971565246582,385.70555782834185
1473,0.0,0.0,1.0,0.0,229.1971565246582,385.70555782834185
1474,0.0,0.0,1.0,0.0,229.1971565246582,385.70555782834185
1475,0.0,0.0,1.0,0.0,229.1971565246582,385.70555782834185
1476,0.0,0.0,1.0,0.0,229.1971565246582,385.70555782834185
1477,0.0,0.0,1.0,0.0,229.1971565246582,385.70555782834185
1478,0.0,0.0,1.0,0.0,229.1971565246582,385.70555782834185
1479,0.0,0.0,1.0,0.0,229.1971565246582,385.70555782834185
1480,0.0,0.0,1.0,0.0,229.1971565246582,385.70555782834185
1481,0.0,0.0,1.0,0.0,229.1971565246582,385.70555782834185
1482,0.0,0.0,1.0,0.0,229.1971565246582,385.70555782834185
1483,0.0,0.0,1.0,0.0,229.1971565246582,385.70555782834185
1484,0.0,0.0,1.0,0.0,229.1971565246582,385.70555782834185
1485,0.0,0.0,1.0,0.0,229.1971565246582,385.70555782834185
1486,0.0,0.0,1.0,0.0,229.1971565246582,385.70555782834185
1487,0.0,0.0,1.0,0.0,229.1971565246582,385.70555782834185
1488,0.0,0.0,1.0,0.0,229.1971565246582,385.70555782834185
1489,0.0,0.0,1.0,0.0,229.1971565246582,385.70555782834185
1490,0.0,0.0,1.0,0.0,229.1971565246582,385.70555782834185
1491,0.0,0.0,1.0,0.0,229.1971565246582,385.70555782834185
1492,0.0,0.0,1.0,0.0,229.1971565246582,385.70555782834185
1493,0.0,0.0,1.0,0.0,229.1971565246582,385.70555782834185
1494,0.0,0.0,1.0,0.0,229.1971565246582,385.70555782834185
1495,0.0,0.0,1.0,0.0,229.1971565246582,385.70555782834185
1496,0.0,0.0,1.0,0.0,229.1971565246582,385.70555782834185
1497,0.0,0.0,1.0,0.0,229.1971565246582,385.70555782834185
1498,0.0,0.0,1.0,0.0,229.1971565246582,385.70555782834185
1499,0.0,0.0,1.0,0.0,229.1971565246582,385.70555782834185
1500,0.0,0.0,1.0,0.0,229.1971565246582,385.70555782834185
1501,0.0,0.0,1.0,0.0,229.1971565246582,385.70555782834185
1502,0.0,0.0,1.0,0.0,229.1971565246582,385.70555782834185
1503,0.0,0.0,1.0,0.0,229.1971565246582,385.70555782834185
1504,0.0,0.0,1.0,0.0,229.1971565246582,385.70555782834185
1505,0.0,0.0,1.0,0.0,229.1971565246582,385.70555782834185
1506,0.0,0.0,1.0,0.0,229.1971565246582,385.70555782834185
1507,0.0,0.0,1.0,0.0,229.1971565246582,385.70555782834185
1508,0.0,0.0,1.0,0.0,229.1971565246582,385.70555782834185
1509,0.0,0.0,1.0,0.0,229.1971565246582,385.70555782834185
1510,0.0,0.0,1.0,0.0,229.1971565246582,385.70555782834185
1511,0.0,0.0,1.0,0.0,229.1971565246582,385.70555782834185
1512,0.0,0.0,1.0,0.0,229.1971565246582,385.70555782834185
1513,0.0,0.0,1.0,0.0,229.1971565246582,385.70555782834185
1514,0.0,0.0,1.0,0.0,229.1971565246582,385.70555782834185
1515,0.0,0.0,1.0,0.0,229.1971565246582,385.70555782834185
1516,0.0,0.0,1.0,0.0,229.1971565246582,385.70555782834185
1517,0.0,0.0,1.0,0.0,229.1971565246582,385.70555782834185
1518,0.0,0.0,1.0,0.0,229.1971565246582,385.70555782834185
1519,0.0,0.0,1.0,0.0,229.1971565246582,385.70555782834185
1520,0.0,0.0,1.0,0.0,229.1971565246582,385.70555782834185
1521,0.0,0.0,1.0,0.0,229.1971565246582,385.70555782834185
1522,0.0,0.0,1.0,0.0,229.1971565246582,385.70555782834185
1523,0.0,0.0,1.0,0.0,229.1971565246582,385.70555782834185
1524,0.0,0.0,1.0,0.0,229.1971565246582,385.70555782834185
1525,0.0,0.0,1.0,0.0,229.1971565246582,385.70555782834185
1526,0.0,0.0,1.0,0.0,229.1971565246582,385.70555782834185
1527,0.0,0.0,1.0,0.0,229.1971565246582,385.70555782834185
1528,0.0,0.0,1.0,0.0,229.1971565246582,385.70555782834185
1529,0.0,0.0,1.0,0.0,229.1971565246582,385.70555782834185
1530,0.0,0.0,1.0,0.0,229.1971565246582,385.70555782834185
1531,0.0,0.0,1.0,0.0,229.1971565246582,385.70555782834185
1532,0.0,0.0,1.0,0.0,229.1971565246582,385.70555782834185
1533,0.0,0.0,1.0,0.0,229.1971565246582,385.70555782834185
1534,0.0,0.0,1.0,0.0,229.1971565246582,385.70555782834185
1535,0.0,0.0,1.0,0.0,229.1971565246582,385.70555782834185
1536,0.0,0.0,1.0,0.0,229.1971565246582,385.70555782834185
1537,0.0,0.0,1.0,0.0,229.1971565246582,385.70555782834185
1538,0.0,0.0,1.0,0.0,229.1971565246582,385.70555782834185
1539,0.0,0.0,1.0,0.0,229.1971565246582,385.70555782834185
1540,0.0,0.0,1.0,0.0,229.1971565246582,385.70555782834185
1541,0.0,0.0,1.0,0.0,229.1971565246582,385.70555782834185
1542,0.0,0.0,1.0,0.0,229.1971565246582,385.70555782834185
1543,0.0,0.0,1.0,0.0,229.1971565246582,385.70555782834185
1544,0.0,0.0,1.0,0.0,229.1971565246582,385.70555782834185
1545,0.0,0.0,1.0,0.0,229.1971565246582,385.70555782834185
1546,0.0,0.0,1.0,0.0,229.1971565246582,385.70555782834185
1547,0.0,0.0,1.0,0.0,229.1971565246582,385.70555782834185
1548,0.0,0.0,1.0,0.0,229.1971565246582,385.70555782834185
1549,0.0,0.0,1.0,0.0,229.1971565246582,385.70555782834185
1550,0.0,0.0,1.0,0.0,229.1971565246582,385.70555782834185
1551,0.0,0.0,1.0,0.0,229.1971565246582,385.70555782834185
1552,0.0,0.0,1.0,0.0,229.1971565246582,385.70555782834185
1553,0.0,0.0,1.0,0.0,229.1971565246582,385.70555782834185
1554,0.0,0.0,1.0,0.0,229.1971565246582,385.70555782834185
1555,0.0,0.0,1.0,0.0,229.1971565246582,385.70555782834185
1556,0.0,0.0,1.0,0.0,229.1971565246582,385.70555782834185
1557,0.0,0.0,1.0,0.0,229.1971565246582,385.70555782834185
1558,0.0,0.0,1.0,0.0,229.1971565246582,385.70555782834185
1559,0.0,0.0,1.0,0.0,229.1971565246582,385.70555782834185
1560,0.0,0.0,1.0,0.0,229.1971565246582,385.70555782834185
1561,0.0,0.0,1.0,0.0,229.1971565246582,385.70555782834185
1562,0.0,0.0,1.0,0.0,229.1971565246582,385.70555782834185
1563,0.0,0.0,1.0,0.0,229.1971565246582,385.70555782834185
1564,0.0,0.0,1.0,0.0,229.1971565246582,385.70555782834185
1565,0.0,0.0,1.0,0.0,229.1971565246582,385.70555782834185
1566,0.0,0.0,1.0,0.0,229.1971565246582,385.70555782834185
1567,0.0,0.0,1.0,0.0,229.1971565246582,385.70555782834185
1568,0.0,0.0,1.0,0.0,229.1971565246582,385.70555782834185
1569,0.0,0.0,1.0,0.0,229.1971565246582,385.70555782834185
1570,0.0,0.0,1.0,0.0,229.1971565246582,385.70555782834185
1571,0.0,0.0,1.0,0.0,229.1971565246582,385.70555782834185
1572,0.0,0.0,1.0,0.0,229.1971565246582,385.70555782834185
1573,0.0,0.0,1.0,0.0,229.1971565246582,385.70555782834185
1574,0.0,0.0,1.0,0.0,229.1971565246582,385.70555782834185
1575,0.0,0.0,1.0,0.0,229.1971565246582,385.70555782834185
1576,0.0,0.0,1.0,0.0,229.1971565246582,385.70555782834185
1577,0.0,0.0,1.0,0.0,229.1971565246582,385.70555782834185
1578,0.0,0.0,1.0,0.0,229.1971565246582,385.70555782834185
1579,0.0,0.0,1.0,0.0,229.1971565246582,385.70555782834185
1580,0.0,0.0,1.0,0.0,229.1971565246582,385.70555782834185
1581,0.0,0.0,1.0,0.0,229.1971565246582,385.70555782834185
1582,0.0,0.0,1.0,0.0,229.1971565246582,385.70555782834185
1583,0.0,0.0,1.0,0.0,229.1971565246582,385.70555782834185
1584,0.0,0.0,1.0,0.0,229.1971565246582,385.70555782834185
1585,0.0,0.0,1.0,0.0,229.1971565246582,385.70555782834185
1586,0.0,0.0,1.0,0.0,229.1971565246582,385.70555782834185
1587,0.0,0.0,1.0,0.0,229.1971565246582,385.70555782834185
1588,0.0,0.0,1.0,0.0,229.1971565246582,385.70555782834185
1589,0.0,0.0,1.0,0.0,229.1971565246582,385.70555782834185
1590,0.0,0.0,1.0,0.0,229.1971565246582,385.70555782834185
1591,0.0,0.0,1.0,0.0,229.1971565246582,385.70555782834185
1592,0.0,0.0,1.0,0.0,229.1971565246582,385.70555782834185
1593,0.0,0.0,1.0,0.0,229.1971565246582,385.70555782834185
1594,0.0,0.0,1.0,0.0,229.1971565246582,385.70555782834185
1595,0.0,0.0,1.0,0.0,229.1971565246582,385.70555782834185
1596,0.0,0.0,1.0,0.0,229.1971565246582,385.70555782834185
1597,0.0,0.0,1.0,0.0,229.1971565246582,385.70555782834185
1598,0.0,0.0,1.0,0.0,229.1971565246582,385.70555782834185
1599,0.0,0.0,1.0,0.0,229.1971565246582,385.70555782834185
1600,0.0,0.0,1.0,0.0,229.1971565246582,385.70555782834185
1601,0.0,0.0,1.0,0.0,229.1971565246582,385.70555782834185
1602,0.0,0.0,1.0,0.0,229.1971565246582,385.70555782834185
1603,0.0,0.0,1.0,0.0,229.1971565246582,385.70555782834185
1604,0.0,0.0,1.0,0.0,229.1971565246582,385.70555782834185
1605,0.0,0.0,1.0,0.0,229.1971565246582,385.70555782834185
1606,0.0,0.0,1.0,0.0,229.1971565246582,385.70555782834185
1607,0.0,0.0,1.0,0.0,229.1971565246582,385.70555782834185
1608,0.0,0.0,1.0,0.0,229.1971565246582,385.70555782834185
1609,0.0,0.0,1.0,0.0,229.1971565246582,385.70555782834185
1610,0.0,0.0,1.0,0.0,229.1971565246582,385.70555782834185
1611,0.0,0.0,1.0,0.0,229.1971565246582,385.70555782834185
1612,0.0,0.0,1.0,0.0,229.1971565246582,385.70555782834185
1613,0.0,0.0,1.0,0.0,229.1971565246582,385.70555782834185
1614,0.0,0.0,1.0,0.0,229.1971565246582,385.70555782834185
1615,0.0,0.0,1.0,0.0,229.1971565246582,385.70555782834185
1616,0.0,0.0,1.0,0.0,229.1971565246582,385.70555782834185
1617,0.0,0.0,1.0,0.0,229.1971565246582,385.70555782834185
1618,0.0,0.0,1.0,0.0,229.1971565246582,385.70555782834185
1619,0.0,0.0,1.0,0.0,229.1971565246582,385.70555782834185
1620,0.0,0.0,1.0,0.0,229.1971565246582,385.70555782834185
1621,0.0,0.0,1.0,0.0,229.1971565246582,385.70555782834185
1622,0.0,0.0,1.0,0.0,229.1971565246582,385.70555782834185
1623,0.0,0.0,1.0,0.0,229.1971565246582,385.70555782834185
1624,0.0,0.0,1.0,0.0,229.1971565246582,385.70555782834185
1625,0.0,0.0,1.0,0.0,229.1971565246582,385.70555782834185
1626,0.0,0.0,1.0,0.0,229.1971565246582,385.70555782834185
1627,0.0,0.0,1.0,0.0,229.1971565246582,385.70555782834185
1628,0.0,0.0,1.0,0.0,229.1971565246582,385.70555782834185
1629,0.0,0.0,1.0,0.0,229.1971565246582,385.70555782834185
1630,0.0,0.0,1.0,0.0,229.1971565246582,385.70555782834185
1631,0.0,0.0,1.0,0.0,229.1971565246582,385.70555782834185
1632,0.0,0.0,1.0,0.0,229.1971565246582,385.70555782834185
1633,0.0,0.0,1.0,0.0,229.1971565246582,385.70555782834185
1634,0.0,0.0,1.0,0.0,229.1971565246582,385.70555782834185
1635,0.0,0.0,1.0,0.0,229.1971565246582,385.70555782834185
1636,0.0,0.0,1.0,0.0,229.1971565246582,385.70555782834185
1637,0.0,0.0,1.0,0.0,229.1971565246582,385.70555782834185
1638,0.0,0.0,1.0,0.0,229.1971565246582,385.70555782834185
1639,0.0,0.0,1.0,0.0,229.1971565246582,385.70555782834185
1640,0.0,0.0,1.0,0.0,229.1971565246582,385.70555782834185
1641,0.0,0.0,1.0,0.0,229.1971565246582,385.70555782834185
1642,0.0,0.0,1.0,0.0,229.1971565246582,385.70555782834185
1643,0.0,0.0,1.0,0.0,229.1971565246582,385.70555782834185
1644,0.0,0.0,1.0,0.0,229.1971565246582,385.70555782834185
1645,0.0,0.0,1.0,0.0,229.1971565246582,385.70555782834185
1646,0.0,0.0,1.0,0.0,229.1971565246582,385.70555782834185
1647,0.0,0.0,1.0,0.0,229.1971565246582,385.70555782834185
1648,0.0,0.0,1.0,0.0,229.1971565246582,385.70555782834185
1649,0.0,0.0,1.0,0.0,229.1971565246582,385.70555782834185
1650,0.0,0.0,1.0,0.0,229.1971565246582,385.70555782834185
1651,0.0,0.0,1.0,0.0,229.1971565246582,385.70555782834185
1652,0.0,0.0,1.0,0.0,229.1971565246582,385.70555782834185
1653,0.0,0.0,1.0,0.0,229.1971565246582,385.70555782834185
1654,0.0,0.0,1.0,0.0,229.1971565246582,385.70555782834185
1655,0.0,0.0,1.0,0.0,229.1971565246582,385.70555782834185
1656,0.0,0.0,1.0,0.0,229.1971565246582,385.70555782834185
1657,0.0,0.0,1.0,0.0,229.1971565246582,385.70555782834185
1658,0.0,0.0,1.0,0.0,229.1971565246582,385.70555782834185
1659,0.0,0.0,1.0,0.0,229.1971565246582,385.70555782834185
1660,0.0,0.0,1.0,0.0,229.1971565246582,385.70555782834185
1661,0.0,0.0,1.0,0.0,229.1971565246582,385.70555782834185
1662,0.0,0.0,1.0,0.0,229.1971565246582,385.70555782834185
1663,0.0,0.0,1.0,0.0,229.1971565246582,385.70555782834185
1664,0.0,0.0,1.0,0.0,229.1971565246582,385.70555782834185
1665,0.0,0.0,1.0,0.0,229.1971565246582,385.70555782834185
1666,0.0,0.0,1.0,0.0,229.1971565246582,385.70555782834185
1667,0.0,0.0,1.0,0.0,229.1971565246582,385.70555782834185
1668,0.0,0.0,1.0,0.0,229.1971565246582,385.70555782834185
1669,0.0,0.0,1.0,0.0,229.1971565246582,385.70555782834185
1670,0.0,0.0,1.0,0.0,229.1971565246582,385.70555782834185
1671,0.0,0.0,1.0,0.0,229.1971565246582,385.70555782834185
1672,0.0,0.0,1.0,0.0,229.1971565246582,385.70555782834185
1673,0.0,0.0,1.0,0.0,229.1971565246582,385.70555782834185
1674,0.0,0.0,1.0,0.0,229.1971565246582,385.70555782834185
1675,0.0,0.0,1.0,0.0,229.1971565246582,385.70555782834185
1676,0.0,0.0,1.0,0.0,229.1971565246582,385.70555782834185
1677,0.0,0.0,1.0,0.0,229.1971565246582,385.70555782834185
1678,0.0,0.0,1.0,0.0,229.1971565246582,385.70555782834185
1679,0.0,0.0,1.0,0.0,229.1971565246582,385.70555782834185
1680,0.0,0.0,1.0,0.0,229.1971565246582,385.70555782834185
1681,0.0,0.0,1.0,0.0,229.1971565246582,385.70555782834185
1682,0.0,0.0,1.0,0.0,229.1971565246582,385.70555782834185
1683,0.0,0.0,1.0,0.0,229.1971565246582,385.70555782834185
1684,0.0,0.0,1.0,0.0,229.1971565246582,385.70555782834185
1685,0.0,0.0,1.0,0.0,229.1971565246582,385.70555782834185
1686,0.0,0.0,1.0,0.0,229.1971565246582,385.70555782834185
1687,0.0,0.0,1.0,0.0,229.1971565246582,385.70555782834185
1688,0.0,0.0,1.0,0.0,229.1971565246582,385.70555782834185
1689,0.0,0.0,1.0,0.0,229.1971565246582,385.70555782834185
1690,0.0,0.0,1.0,0.0,229.1971565246582,385.70555782834185
1691,0.0,0.0,1.0,0.0,229.1971565246582,385.70555782834185
1692,0.0,0.0,1.0,0.0,229.1971565246582,385.70555782834185
1693,0.0,0.0,1.0,0.0,229.1971565246582,385.70555782834185
1694,0.0,0.0,1.0,0.0,229.1971565246582,385.70555782834185
1695,0.0,0.0,1.0,0.0,229.1971565246582,385.70555782834185
1696,0.0,0.0,1.0,0.0,229.1971565246582,385.70555782834185
1697,0.0,0.0,1.0,0.0,229.1971565246582,385.70555782834185
1698,0.0,0.0,1.0,0.0,229.1971565246582,385.70555782834185
1699,0.0,0.0,1.0,0.0,229.1971565246582,385.70555782834185
1700,0.0,0.0,1.0,0.0,229.1971565246582,385.70555782834185
1701,0.0,0.0,1.0,0.0,229.1971565246582,385.70555782834185
1702,0.0,0.0,1.0,0.0,229.1971565246582,385.70555782834185
1703,0.0,0.0,1.0,0.0,229.1971565246582,385.70555782834185
1704,0.0,0.0,1.0,0.0,229.1971565246582,385.70555782834185
1705,0.0,0.0,1.0,0.0,229.1971565246582,385.70555782834185
1706,0.0,0.0,1.0,0.0,229.1971565246582,385.70555782834185
1707,0.0,0.0,1.0,0.0,229.1971565246582,385.70555782834185
1708,0.0,0.0,1.0,0.0,229.1971565246582,385.70555782834185
1709,0.0,0.0,1.0,0.0,229.1971565246582,385.70555782834185
1710,0.0,0.0,1.0,0.0,229.1971565246582,385.70555782834185
1711,0.0,0.0,1.0,0.0,229.1971565246582,385.70555782834185
1712,0.0,0.0,1.0,0.0,229.1971565246582,385.70555782834185
1713,0.0,0.0,1.0,0.0,229.1971565246582,385.70555782834185
1714,0.0,0.0,1.0,0.0,229.1971565246582,385.70555782834185
1715,0.0,0.0,1.0,0.0,229.1971565246582,385.70555782834185
1716,0.0,0.0,1.0,0.0,229.1971565246582,385.70555782834185
1717,0.0,0.0,1.0,0.0,229.1971565246582,385.70555782834185
1718,0.0,0.0,1.0,0.0,229.1971565246582,385.70555782834185
1719,0.0,0.0,1.0,0.0,229.1971565246582,385.70555782834185
1720,0.0,0.0,1.0,0.0,229.1971565246582,385.70555782834185
1721,0.0,0.0,1.0,0.0,229.1971565246582,385.70555782834185
1722,0.0,0.0,1.0,0.0,229.1971565246582,385.70555782834185
1723,0.0,0.0,1.0,0.0,229.1971565246582,385.70555782834185
1724,0.0,0.0,1.0,0.0,229.1971565246582,385.70555782834185
1725,0.0,0.0,1.0,0.0,229.1971565246582,385.70555782834185
1726,0.0,0.0,1.0,0.0,229.1971565246582,385.70555782834185
1727,0.0,0.0,1.0,0.0,229.1971565246582,385.70555782834185
1728,0.0,0.0,1.0,0.0,229.1971565246582,385.70555782834185
1729,0.0,0.0,1.0,0.0,229.1971565246582,385.70555782834185
1730,0.0,0.0,1.0,0.0,229.1971565246582,385.70555782834185
1731,0.0,0.0,1.0,0.0,229.1971565246582,385.70555782834185
1732,0.0,0.0,1.0,0.0,229.1971565246582,385.70555782834185
1733,0.0,0.0,1.0,0.0,229.1971565246582,385.70555782834185
1734,0.0,0.0,1.0,0.0,229.1971565246582,385.70555782834185
1735,0.0,0.0,1.0,0.0,229.1971565246582,385.70555782834185
1736,0.0,0.0,1.0,0.0,229.1971565246582,385.70555782834185
1737,0.0,0.0,1.0,0.0,229.1971565246582,385.70555782834185
1738,0.0,0.0,1.0,0.0,229.1971565246582,385.70555782834185
1739,0.0,0.0,1.0,0.0,229.1971565246582,385.70555782834185
1740,0.0,0.0,1.0,0.0,229.1971565246582,385.70555782834185
1741,0.0,0.0,1.0,0.0,229.1971565246582,385.70555782834185
1742,0.0,0.0,1.0,0.0,229.1971565246582,385.70555782834185
1743,0.0,0.0,1.0,0.0,229.1971565246582,385.70555782834185
1744,0.0,0.0,1.0,0.0,229.1971565246582,385.70555782834185
1745,0.0,0.0,1.0,0.0,229.1971565246582,385.70555782834185
1746,0.0,0.0,1.0,0.0,229.1971565246582,385.70555782834185
1747,0.0,0.0,1.0,0.0,229.1971565246582,385.70555782834185
1748,0.0,0.0,1.0,0.0,229.1971565246582,385.70555782834185
1749,0.0,0.0,1.0,0.0,229.1971565246582,385.70555782834185
1750,0.0,0.0,1.0,0.0,229.1971565246582,385.70555782834185
1751,0.0,0.0,1.0,0.0,229.1971565246582,385.70555782834185
1752,0.0,0.0,1.0,0.0,229.1971565246582,385.70555782834185
1753,0.0,0.0,1.0,0.0,229.1971565246582,385.70555782834185
1754,0.0,0.0,1.0,0.0,229.1971565246582,385.70555782834185
1755,0.0,0.0,1.0,0.0,229.1971565246582,385.70555782834185
1756,0.0,0.0,1.0,0.0,229.1971565246582,385.70555782834185
1757,0.0,0.0,1.0,0.0,229.1971565246582,385.70555782834185
1758,0.0,0.0,1.0,0.0,229.1971565246582,385.70555782834185
1759,0.0,0.0,1.0,0.0,229.1971565246582,385.70555782834185
1760,0.0,0.0,1.0,0.0,229.1971565246582,385.70555782834185
1761,0.0,0.0,1.0,0.0,229.1971565246582,385.70555782834185
1762,0.0,0.0,1.0,0.0,229.1971565246582,385.70555782834185
1763,0.0,0.0,1.0,0.0,229.1971565246582,385.70555782834185
1764,0.0,0.0,1.0,0.0,229.1971565246582,385.70555782834185
1765,0.0,0.0,1.0,0.0,229.1971565246582,385.70555782834185
1766,0.0,0.0,1.0,0.0,229.1971565246582,385.70555782834185
1767,0.0,0.0,1.0,0.0,229.1971565246582,385.70555782834185
1768,0.0,0.0,1.0,0.0,229.1971565246582,385.70555782834185
1769,0.0,0.0,1.0,0.0,229.1971565246582,385.70555782834185
1770,0.0,0.0,1.0,0.0,229.1971565246582,385.70555782834185
1771,0.0,0.0,1.0,0.0,229.1971565246582,385.70555782834185
1772,0.0,0.0,1.0,0.0,229.1971565246582,385.70555782834185
1773,0.0,0.0,1.0,0.0,229.1971565246582,385.70555782834185
1774,0.0,0.0,1.0,0.0,229.1971565246582,385.70555782834185
1775,0.0,0.0,1.0,0.0,229.1971565246582,385.70555782834185
1776,0.0,0.0,1.0,0.0,229.1971565246582,385.70555782834185
1777,0.0,0.0,1.0,0.0,229.1971565246582,385.70555782834185
1778,0.0,0.0,1.0,0.0,229.1971565246582,385.70555782834185
1779,0.0,0.0,1.0,0.0,229.1971565246582,385.70555782834185
1780,0.0,0.0,1.0,0.0,229.1971565246582,385.70555782834185
1781,0.0,0.0,1.0,0.0,229.1971565246582,385.70555782834185
1782,0.0,0.0,1.0,0.0,229.1971565246582,385.70555782834185
1783,0.0,0.0,1.0,0.0,229.1971565246582,385.70555782834185
1784,0.0,0.0,1.0,0.0,229.1971565246582,385.70555782834185
1785,0.0,0.0,1.0,0.0,229.1971565246582,385.70555782834185
1786,0.0,0.0,1.0,0.0,229.1971565246582,385.70555782834185
1787,0.0,0.0,1.0,0.0,229.1971565246582,385.70555782834185
1788,0.0,0.0,1.0,0.0,229.1971565246582,385.70555782834185
1789,0.0,0.0,1.0,0.0,229.1971565246582,385.70555782834185
1790,0.0,0.0,1.0,0.0,229.1971565246582,385.70555782834185
1791,0.0,0.0,1.0,0.0,229.1971565246582,385.70555782834185
1792,0.0,0.0,1.0,0.0,229.1971565246582,385.70555782834185
1793,0.0,0.0,1.0,0.0,229.1971565246582,385.70555782834185
1794,0.0,0.0,1.0,0.0,229.1971565246582,385.70555782834185
1795,0.0,0.0,1.0,0.0,229.1971565246582,385.70555782834185
1796,0.0,0.0,1.0,0.0,229.1971565246582,385.70555782834185
1797,0.0,0.0,1.0,0.0,229.1971565246582,385.70555782834185
1798,0.0,0.0,1.0,0.0,229.1971565246582,385.70555782834185
1799,0.0,0.0,1.0,0.0,229.1971565246582,385.70555782834185
1800,0.0,0.0,1.0,0.0,229.1971565246582,385.70555782834185
1801,0.0,0.0,1.0,0.0,229.1971565246582,385.70555782834185
1802,0.0,0.0,1.0,0.0,229.1971565246582,385.70555782834185
1803,0.0,0.0,1.0,0.0,229.1971565246582,385.70555782834185
1804,0.0,0.0,1.0,0.0,229.1971565246582,385.70555782834185
1805,0.0,0.0,1.0,0.0,229.1971565246582,385.70555782834185
1806,0.0,0.0,1.0,0.0,229.1971565246582,385.70555782834185
1807,0.0,0.0,1.0,0.0,229.1971565246582,385.70555782834185
1808,0.0,0.0,1.0,0.0,229.1971565246582,385.70555782834185
1809,0.0,0.0,1.0,0.0,229.1971565246582,385.70555782834185
1810,0.0,0.0,1.0,0.0,229.1971565246582,385.70555782834185
1811,0.0,0.0,1.0,0.0,229.1971565246582,385.70555782834185
1812,0.0,0.0,1.0,0.0,229.1971565246582,385.70555782834185
1813,0.0,0.0,1.0,0.0,229.1971565246582,385.70555782834185
1814,0.0,0.0,1.0,0.0,229.1971565246582,385.70555782834185
1815,0.0,0.0,1.0,0.0,229.1971565246582,385.70555782834185
1816,0.0,0.0,1.0,0.0,229.1971565246582,385.70555782834185
1817,0.0,0.0,1.0,0.0,229.1971565246582,385.70555782834185
1818,0.0,0.0,1.0,0.0,229.1971565246582,385.70555782834185
1819,0.0,0.0,1.0,0.0,229.1971565246582,385.70555782834185
1820,0.0,0.0,1.0,0.0,229.1971565246582,385.70555782834185
1821,0.0,0.0,1.0,0.0,229.1971565246582,385.70555782834185
1822,0.0,0.0,1.0,0.0,229.1971565246582,385.70555782834185
1823,0.0,0.0,1.0,0.0,229.1971565246582,385.70555782834185
1824,0.0,0.0,1.0,0.0,229.1971565246582,385.70555782834185
1825,0.0,0.0,1.0,0.0,229.1971565246582,385.70555782834185
1826,0.0,0.0,1.0,0.0,229.1971565246582,385.70555782834185
1827,0.0,0.0,1.0,0.0,229.1971565246582,385.70555782834185
1828,0.0,0.0,1.0,0.0,229.1971565246582,385.70555782834185
1829,0.0,0.0,1.0,0.0,229.1971565246582,385.70555782834185
1830,0.0,0.0,1.0,0.0,229.1971565246582,385.70555782834185
1831,0.0,0.0,1.0,0.0,229.1971565246582,385.70555782834185
1832,0.0,0.0,1.0,0.0,229.1971565246582,385.70555782834185
1833,0.0,0.0,1.0,0.0,229.1971565246582,385.70555782834185
1834,0.0,0.0,1.0,0.0,229.1971565246582,385.70555782834185
1835,0.0,0.0,1.0,0.0,229.1971565246582,385.70555782834185
1836,0.0,0.0,1.0,0.0,229.1971565246582,385.70555782834185
1837,0.0,0.0,1.0,0.0,229.1971565246582,385.70555782834185
1838,0.0,0.0,1.0,0.0,229.1971565246582,385.70555782834185
1839,0.0,0.0,1.0,0.0,229.1971565246582,385.70555782834185
1840,0.0,0.0,1.0,0.0,229.1971565246582,385.70555782834185
1841,0.0,0.0,1.0,0.0,229.1971565246582,385.70555782834185
1842,0.0,0.0,1.0,0.0,229.1971565246582,385.70555782834185
1843,0.0,0.0,1.0,0.0,229.1971565246582,385.70555782834185
1844,0.0,0.0,1.0,0.0,229.1971565246582,385.70555782834185
1845,0.0,0.0,1.0,0.0,229.1971565246582,385.70555782834185
1846,0.0,0.0,1.0,0.0,229.1971565246582,385.70555782834185
1847,0.0,0.0,1.0,0.0,229.1971565246582,385.70555782834185
1848,0.0,0.0,1.0,0.0,229.1971565246582,385.70555782834185
1849,0.0,0.0,1.0,0.0,229.1971565246582,385.70555782834185
1850,0.0,0.0,1.0,0.0,229.1971565246582,385.70555782834185
1851,0.0,0.0,1.0,0.0,229.1971565246582,385.70555782834185
1852,0.0,0.0,1.0,0.0,229.1971565246582,385.70555782834185
1853,0.0,0.0,1.0,0.0,229.1971565246582,385.70555782834185
1854,0.0,0.0,1.0,0.0,229.1971565246582,385.70555782834185
1855,0.0,0.0,1.0,0.0,229.1971565246582,385.70555782834185
1856,0.0,0.0,1.0,0.0,229.1971565246582,385.70555782834185
1857,0.0,0.0,1.0,0.0,229.1971565246582,385.70555782834185
1858,0.0,0.0,1.0,0.0,229.1971565246582,385.70555782834185
1859,0.0,0.0,1.0,0.0,229.1971565246582,385.70555782834185
1860,0.0,0.0,1.0,0.0,229.1971565246582,385.70555782834185
1861,0.0,0.0,1.0,0.0,229.1971565246582,385.70555782834185
1862,0.0,0.0,1.0,0.0,229.1971565246582,385.70555782834185
1863,0.0,0.0,1.0,0.0,229.1971565246582,385.70555782834185
1864,0.0,0.0,1.0,0.0,229.1971565246582,385.70555782834185
1865,0.0,0.0,1.0,0.0,229.1971565246582,385.70555782834185
1866,0.0,0.0,1.0,0.0,229.1971565246582,385.70555782834185
1867,0.0,0.0,1.0,0.0,229.1971565246582,385.70555782834185
1868,0.0,0.0,1.0,0.0,229.1971565246582,385.70555782834185
1869,0.0,0.0,1.0,0.0,229.1971565246582,385.70555782834185
1870,0.0,0.0,1.0,0.0,229.1971565246582,385.70555782834185
1871,0.0,0.0,1.0,0.0,229.1971565246582,385.70555782834185
1872,0.0,0.0,1.0,0.0,229.1971565246582,385.70555782834185
1873,0.0,0.0,1.0,0.0,229.1971565246582,385.70555782834185
1874,0.0,0.0,1.0,0.0,229.1971565246582,385.70555782834185
1875,0.0,0.0,1.0,0.0,229.1971565246582,385.70555782834185
1876,0.0,0.0,1.0,0.0,229.1971565246582,385.70555782834185
1877,0.0,0.0,1.0,0.0,229.1971565246582,385.70555782834185
1878,0.0,0.0,1.0,0.0,229.1971565246582,385.70555782834185
1879,0.0,0.0,1.0,0.0,229.1971565246582,385.70555782834185
1880,0.0,0.0,1.0,0.0,229.1971565246582,385.70555782834185
1881,0.0,0.0,1.0,0.0,229.1971565246582,385.70555782834185
1882,0.0,0.0,1.0,0.0,229.1971565246582,385.70555782834185
1883,0.0,0.0,1.0,0.0,229.1971565246582,385.70555782834185
1884,0.0,0.0,1.0,0.0,229.1971565246582,385.70555782834185
1885,0.0,0.0,1.0,0.0,229.1971565246582,385.70555782834185
1886,0.0,0.0,1.0,0.0,229.1971565246582,385.70555782834185
1887,0.0,0.0,1.0,0.0,229.1971565246582,385.70555782834185
1888,0.0,0.0,1.0,0.0,229.1971565246582,385.70555782834185
1889,0.0,0.0,1.0,0.0,229.1971565246582,385.70555782834185
1890,0.0,0.0,1.0,0.0,229.1971565246582,385.70555782834185
1891,0.0,0.0,1.0,0.0,229.1971565246582,385.70555782834185
1892,0.0,0.0,1.0,0.0,229.1971565246582,385.70555782834185
1893,0.0,0.0,1.0,0.0,229.1971565246582,385.70555782834185
1894,0.0,0.0,1.0,0.0,229.1971565246582,385.70555782834185
1895,0.0,0.0,1.0,0.0,229.1971565246582,385.70555782834185
1896,0.0,0.0,1.0,0.0,229.1971565246582,385.70555782834185
1897,0.0,0.0,1.0,0.0,229.1971565246582,385.70555782834185
1898,0.0,0.0,1.0,0.0,229.1971565246582,385.70555782834185
1899,0.0,0.0,1.0,0.0,229.1971565246582,385.70555782834185
1900,0.0,0.0,1.0,0.0,229.1971565246582,385.70555782834185
1901,0.0,0.0,1.0,0.0,229.1971565246582,385.70555782834185
1902,0.0,0.0,1.0,0.0,229.1971565246582,385.70555782834185
1903,0.0,0.0,1.0,0.0,229.1971565246582,385.70555782834185
1904,0.0,0.0,1.0,0.0,229.1971565246582,385.70555782834185
1905,0.0,0.0,1.0,0.0,229.1971565246582,385.70555782834185
1906,0.0,0.0,1.0,0.0,229.1971565246582,385.70555782834185
1907,0.0,0.0,1.0,0.0,229.1971565246582,385.70555782834185
1908,0.0,0.0,1.0,0.0,229.1971565246582,385.70555782834185
1909,0.0,0.0,1.0,0.0,229.1971565246582,385.70555782834185
1910,0.0,0.0,1.0,0.0,229.1971565246582,385.70555782834185
1911,0.0,0.0,1.0,0.0,229.1971565246582,385.70555782834185
1912,0.0,0.0,1.0,0.0,229.1971565246582,385.70555782834185
1913,0.0,0.0,1.0,0.0,229.1971565246582,385.70555782834185
1914,0.0,0.0,1.0,0.0,229.1971565246582,385.70555782834185
1915,0.0,0.0,1.0,0.0,229.1971565246582,385.70555782834185
1916,0.0,0.0,1.0,0.0,229.1971565246582,385.70555782834185
1917,0.0,0.0,1.0,0.0,229.1971565246582,385.70555782834185
1918,0.0,0.0,1.0,0.0,229.1971565246582,385.70555782834185
1919,0.0,0.0,1.0,0.0,229.1971565246582,385.70555782834185
1920,0.0,0.0,1.0,0.0,229.1971565246582,385.70555782834185
1921,0.0,0.0,1.0,0.0,229.1971565246582,385.70555782834185
1922,0.0,0.0,1.0,0.0,229.1971565246582,385.70555782834185
1923,0.0,0.0,1.0,0.0,229.1971565246582,385.70555782834185
1924,0.0,0.0,1.0,0.0,229.1971565246582,385.70555782834185
1925,0.0,0.0,1.0,0.0,229.1971565246582,385.70555782834185
1926,0.0,0.0,1.0,0.0,229.1971565246582,385.70555782834185
1927,0.0,0.0,1.0,0.0,229.1971565246582,385.70555782834185
1928,0.0,0.0,1.0,0.0,229.1971565246582,385.70555782834185
1929,0.0,0.0,1.0,0.0,229.1971565246582,385.70555782834185
1930,0.0,0.0,1.0,0.0,229.1971565246582,385.70555782834185
1931,0.0,0.0,1.0,0.0,229.1971565246582,385.70555782834185
1932,0.0,0.0,1.0,0.0,229.1971565246582,385.70555782834185
1933,0.0,0.0,1.0,0.0,229.1971565246582,385.70555782834185
1934,0.0,0.0,1.0,0.0,229.1971565246582,385.70555782834185
1935,0.0,0.0,1.0,0.0,229.1971565246582,385.70555782834185
1936,0.0,0.0,1.0,0.0,229.1971565246582,385.70555782834185
1937,0.0,0.0,1.0,0.0,229.1971565246582,385.70555782834185
1938,0.0,0.0,1.0,0.0,229.1971565246582,385.70555782834185
1939,0.0,0.0,1.0,0.0,229.1971565246582,385.70555782834185
1940,0.0,0.0,1.0,0.0,229.1971565246582,385.70555782834185
1941,0.0,0.0,1.0,0.0,229.1971565246582,385.70555782834185
1942,0.0,0.0,1.0,0.0,229.1971565246582,385.70555782834185
1943,0.0,0.0,1.0,0.0,229.1971565246582,385.70555782834185
1944,0.0,0.0,1.0,0.0,229.1971565246582,385.70555782834185
1945,0.0,0.0,1.0,0.0,229.1971565246582,385.70555782834185
1946,0.0,0.0,1.0,0.0,229.1971565246582,385.70555782834185
1947,0.0,0.0,1.0,0.0,229.1971565246582,385.70555782834185
1948,0.0,0.0,1.0,0.0,229.1971565246582,385.70555782834185
1949,0.0,0.0,1.0,0.0,229.1971565246582,385.70555782834185
1950,0.0,0.0,1.0,0.0,229.1971565246582,385.70555782834185
1951,0.0,0.0,1.0,0.0,229.1971565246582,385.70555782834185
1952,0.0,0.0,1.0,0.0,229.1971565246582,385.70555782834185
1953,0.0,0.0,1.0,0.0,229.1971565246582,385.70555782834185
1954,0.0,0.0,1.0,0.0,229.1971565246582,385.70555782834185
1955,0.0,0.0,1.0,0.0,229.1971565246582,385.70555782834185
1956,0.0,0.0,1.0,0.0,229.1971565246582,385.70555782834185
1957,0.0,0.0,1.0,0.0,229.1971565246582,385.70555782834185
1958,0.0,0.0,1.0,0.0,229.1971565246582,385.70555782834185
1959,0.0,0.0,1.0,0.0,229.1971565246582,385.70555782834185
1960,0.0,0.0,1.0,0.0,229.1971565246582,385.70555782834185
1961,0.0,0.0,1.0,0.0,229.1971565246582,385.70555782834185
1962,0.0,0.0,1.0,0.0,229.1971565246582,385.70555782834185
1963,0.0,0.0,1.0,0.0,229.1971565246582,385.70555782834185
1964,0.0,0.0,1.0,0.0,229.1971565246582,385.70555782834185
1965,0.0,0.0,1.0,0.0,229.1971565246582,385.70555782834185
1966,0.0,0.0,1.0,0.0,229.1971565246582,385.70555782834185
1967,0.0,0.0,1.0,0.0,229.1971565246582,385.70555782834185
1968,0.0,0.0,1.0,0.0,229.1971565246582,385.70555782834185
1969,0.0,0.0,1.0,0.0,229.1971565246582,385.70555782834185
1970,0.0,0.0,1.0,0.0,229.1971565246582,385.70555782834185
1971,0.0,0.0,1.0,0.0,229.1971565246582,385.70555782834185
1972,0.0,0.0,1.0,0.0,229.1971565246582,385.70555782834185
1973,0.0,0.0,1.0,0.0,229.1971565246582,385.70555782834185
1974,0.0,0.0,1.0,0.0,229.1971565246582,385.70555782834185
1975,0.0,0.0,1.0,0.0,229.1971565246582,385.70555782834185
1976,0.0,0.0,1.0,0.0,229.1971565246582,385.70555782834185
1977,0.0,0.0,1.0,0.0,229.1971565246582,385.70555782834185
1978,0.0,0.0,1.0,0.0,229.1971565246582,385.70555782834185
1979,0.0,0.0,1.0,0.0,229.1971565246582,385.70555782834185
1980,0.0,0.0,1.0,0.0,229.1971565246582,385.70555782834185
1981,0.0,0.0,1.0,0.0,229.1971565246582,385.70555782834185
1982,0.0,0.0,1.0,0.0,229.1971565246582,385.70555782834185
1983,0.0,0.0,1.0,0.0,229.1971565246582,385.70555782834185
1984,0.0,0.0,1.0,0.0,229.1971565246582,385.70555782834185
1985,0.0,0.0,1.0,0.0,229.1971565246582,385.70555782834185
1986,0.0,0.0,1.0,0.0,229.1971565246582,385.70555782834185
1987,0.0,0.0,1.0,0.0,229.1971565246582,385.70555782834185
1988,0.0,0.0,1.0,0.0,229.1971565246582,385.70555782834185
1989,0.0,0.0,1.0,0.0,229.1971565246582,385.70555782834185
1990,0.0,0.0,1.0,0.0,229.1971565246582,385.70555782834185
1991,0.0,0.0,1.0,0.0,229.1971565246582,385.70555782834185
1992,0.0,0.0,1.0,0.0,229.1971565246582,385.70555782834185
1993,0.0,0.0,1.0,0.0,229.1971565246582,385.70555782834185
1994,0.0,0.0,1.0,0.0,229.1971565246582,385.70555782834185
1995,0.0,0.0,1.0,0.0,229.1971565246582,385.70555782834185
1996,0.0,0.0,1.0,0.0,229.1971565246582,385.70555782834185
1997,0.0,0.0,1.0,0.0,229.1971565246582,385.70555782834185
1998,0.0,0.0,1.0,0.0,229.1971565246582,385.70555782834185
1999,0.0,0.0,1.0,0.0,229.1971565246582,385.70555782834185
2000,0.0,0.0,1.0,0.0,229.1971565246582,385.70555782834185
2001,0.0,0.0,1.0,0.0,229.1971565246582,385.70555782834185
2002,0.0,0.0,1.0,0.0,229.1971565246582,385.70555782834185
2003,0.0,0.0,1.0,0.0,229.1971565246582,385.70555782834185
2004,0.0,0.0,1.0,0.0,229.1971565246582,385.70555782834185
2005,0.0,0.0,1.0,0.0,229.1971565246582,385.70555782834185
2006,0.0,0.0,1.0,0.0,229.1971565246582,385.70555782834185
2007,0.0,0.0,1.0,0.0,229.1971565246582,385.70555782834185
2008,0.0,0.0,1.0,0.0,229.1971565246582,385.70555782834185
2009,0.0,0.0,1.0,0.0,229.1971565246582,385.70555782834185
2010,0.0,0.0,1.0,0.0,229.1971565246582,385.70555782834185
2011,0.0,0.0,1.0,0.0,229.1971565246582,385.70555782834185
2012,0.0,0.0,1.0,0.0,229.1971565246582,385.70555782834185
2013,0.0,0.0,1.0,0.0,229.1971565246582,385.70555782834185
2014,0.0,0.0,1.0,0.0,229.1971565246582,385.70555782834185
2015,0.0,0.0,1.0,0.0,229.1971565246582,385.70555782834185
2016,0.0,0.0,1.0,0.0,229.1971565246582,385.70555782834185
2017,0.0,0.0,1.0,0.0,229.1971565246582,385.70555782834185
2018,0.0,0.0,1.0,0.0,229.1971565246582,385.70555782834185
2019,0.0,0.0,1.0,0.0,229.1971565246582,385.70555782834185
2020,0.0,0.0,1.0,0.0,229.1971565246582,385.70555782834185
2021,0.0,0.0,1.0,0.0,229.1971565246582,385.70555782834185
2022,0.0,0.0,1.0,0.0,229.1971565246582,385.70555782834185
2023,0.0,0.0,1.0,0.0,229.1971565246582,385.70555782834185
2024,0.0,0.0,1.0,0.0,229.1971565246582,385.70555782834185
2025,0.0,0.0,1.0,0.0,229.1971565246582,385.70555782834185
2026,0.0,0.0,1.0,0.0,229.1971565246582,385.70555782834185
2027,0.0,0.0,1.0,0.0,229.1971565246582,385.70555782834185
2028,0.0,0.0,1.0,0.0,229.1971565246582,385.70555782834185
2029,0.0,0.0,1.0,0.0,229.1971565246582,385.70555782834185
2030,0.0,0.0,1.0,0.0,229.1971565246582,385.70555782834185
2031,0.0,0.0,1.0,0.0,229.1971565246582,385.70555782834185
2032,0.0,0.0,1.0,0.0,229.1971565246582,385.70555782834185
2033,0.0,0.0,1.0,0.0,229.1971565246582,385.70555782834185
2034,0.0,0.0,1.0,0.0,229.1971565246582,385.70555782834185
2035,0.0,0.0,1.0,0.0,229.1971565246582,385.70555782834185
2036,0.0,0.0,1.0,0.0,229.1971565246582,385.70555782834185
2037,0.0,0.0,1.0,0.0,229.1971565246582,385.70555782834185
2038,0.0,0.0,1.0,0.0,229.1971565246582,385.70555782834185
2039,0.0,0.0,1.0,0.0,229.1971565246582,385.70555782834185
2040,0.0,0.0,1.0,0.0,229.1971565246582,385.70555782834185
2041,0.0,0.0,1.0,0.0,229.1971565246582,385.70555782834185
2042,0.0,0.0,1.0,0.0,229.1971565246582,385.70555782834185
2043,0.0,0.0,1.0,0.0,229.1971565246582,385.70555782834185
2044,0.0,0.0,1.0,0.0,229.1971565246582,385.70555782834185
2045,0.0,0.0,1.0,0.0,229.1971565246582,385.70555782834185
2046,0.0,0.0,1.0,0.0,229.1971565246582,385.70555782834185
2047,0.0,0.0,1.0,0.0,229.1971565246582,385.70555782834185
2048,0.0,0.0,1.0,0.0,229.1971565246582,385.70555782834185
2049,0.0,0.0,1.0,0.0,229.1971565246582,385.70555782834185
2050,0.0,0.0,1.0,0.0,229.1971565246582,385.70555782834185
2051,0.0,0.0,1.0,0.0,229.1971565246582,385.70555782834185
2052,0.0,0.0,1.0,0.0,229.1971565246582,385.70555782834185
2053,0.0,0.0,1.0,0.0,229.1971565246582,385.70555782834185
2054,0.0,0.0,1.0,0.0,229.1971565246582,385.70555782834185
2055,0.0,0.0,1.0,0.0,229.1971565246582,385.70555782834185
2056,0.0,0.0,1.0,0.0,229.1971565246582,385.70555782834185
2057,0.0,0.0,1.0,0.0,229.1971565246582,385.70555782834185
2058,0.0,0.0,1.0,0.0,229.1971565246582,385.70555782834185
2059,0.0,0.0,1.0,0.0,229.1971565246582,385.70555782834185
2060,0.0,0.0,1.0,0.0,229.1971565246582,385.70555782834185
2061,0.0,0.0,1.0,0.0,229.1971565246582,385.70555782834185
2062,0.0,0.0,1.0,0.0,229.1971565246582,385.70555782834185
2063,0.0,0.0,1.0,0.0,229.1971565246582,385.70555782834185
2064,0.0,0.0,1.0,0.0,229.1971565246582,385.70555782834185
2065,0.0,0.0,1.0,0.0,229.1971565246582,385.70555782834185
2066,0.0,0.0,1.0,0.0,229.1971565246582,385.70555782834185
2067,0.0,0.0,1.0,0.0,229.1971565246582,385.70555782834185
2068,0.0,0.0,1.0,0.0,229.1971565246582,385.70555782834185
2069,0.0,0.0,1.0,0.0,229.1971565246582,385.70555782834185
2070,0.0,0.0,1.0,0.0,229.1971565246582,385.70555782834185
2071,0.0,0.0,1.0,0.0,229.1971565246582,385.70555782834185
2072,0.0,0.0,1.0,0.0,229.1971565246582,385.70555782834185
2073,0.0,0.0,1.0,0.0,229.1971565246582,385.70555782834185
2074,0.0,0.0,1.0,0.0,229.1971565246582,385.70555782834185
2075,0.0,0.0,1.0,0.0,229.1971565246582,385.70555782834185
2076,0.0,0.0,1.0,0.0,229.1971565246582,385.70555782834185
2077,0.0,0.0,1.0,0.0,229.1971565246582,385.70555782834185
2078,0.0,0.0,1.0,0.0,229.1971565246582,385.70555782834185
2079,0.0,0.0,1.0,0.0,229.1971565246582,385.70555782834185
2080,0.0,0.0,1.0,0.0,229.1971565246582,385.70555782834185
2081,0.0,0.0,1.0,0.0,229.1971565246582,385.70555782834185
2082,0.0,0.0,1.0,0.0,229.1971565246582,385.70555782834185
2083,0.0,0.0,1.0,0.0,229.1971565246582,385.70555782834185
2084,0.0,0.0,1.0,0.0,229.1971565246582,385.70555782834185
2085,0.0,0.0,1.0,0.0,229.1971565246582,385.70555782834185
2086,0.0,0.0,1.0,0.0,229.1971565246582,385.70555782834185
2087,0.0,0.0,1.0,0.0,229.1971565246582,385.70555782834185
2088,0.0,0.0,1.0,0.0,229.1971565246582,385.70555782834185
2089,0.0,0.0,1.0,0.0,229.1971565246582,385.70555782834185
2090,0.0,0.0,1.0,0.0,229.1971565246582,385.70555782834185
2091,0.0,0.0,1.0,0.0,229.1971565246582,385.70555782834185
2092,0.0,0.0,1.0,0.0,229.1971565246582,385.70555782834185
2093,0.0,0.0,1.0,0.0,229.1971565246582,385.70555782834185
2094,0.0,0.0,1.0,0.0,229.1971565246582,385.70555782834185
2095,0.0,0.0,1.0,0.0,229.1971565246582,385.70555782834185
2096,0.0,0.0,1.0,0.0,229.1971565246582,385.70555782834185
2097,0.0,0.0,1.0,0.0,229.1971565246582,385.70555782834185
2098,0.0,0.0,1.0,0.0,229.1971565246582,385.70555782834185
2099,0.0,0.0,1.0,0.0,229.1971565246582,385.70555782834185
2100,0.0,0.0,1.0,0.0,229.1971565246582,385.70555782834185
2101,0.0,0.0,1.0,0.0,229.1971565246582,385.70555782834185
2102,0.0,0.0,1.0,0.0,229.1971565246582,385.70555782834185
2103,0.0,0.0,1.0,0.0,229.1971565246582,385.70555782834185
2104,0.0,0.0,1.0,0.0,229.1971565246582,385.70555782834185
2105,0.0,0.0,1.0,0.0,229.1971565246582,385.70555782834185
2106,0.0,0.0,1.0,0.0,229.1971565246582,385.70555782834185
2107,0.0,0.0,1.0,0.0,229.1971565246582,385.70555782834185
2108,0.0,0.0,1.0,0.0,229.1971565246582,385.70555782834185
2109,0.0,0.0,1.0,0.0,229.1971565246582,385.70555782834185
2110,0.0,0.0,1.0,0.0,229.1971565246582,385.70555782834185
2111,0.0,0.0,1.0,0.0,229.1971565246582,385.70555782834185
2112,0.0,0.0,1.0,0.0,229.1971565246582,385.70555782834185
2113,0.0,0.0,1.0,0.0,229.1971565246582,385.70555782834185
2114,0.0,0.0,1.0,0.0,229.1971565246582,385.70555782834185
2115,0.0,0.0,1.0,0.0,229.1971565246582,385.70555782834185
2116,0.0,0.0,1.0,0.0,229.1971565246582,385.70555782834185
2117,0.0,0.0,1.0,0.0,229.1971565246582,385.70555782834185
2118,0.0,0.0,1.0,0.0,229.1971565246582,385.70555782834185
2119,0.0,0.0,1.0,0.0,229.1971565246582,385.70555782834185
2120,0.0,0.0,1.0,0.0,229.1971565246582,385.70555782834185
2121,0.0,0.0,1.0,0.0,229.1971565246582,385.70555782834185
2122,0.0,0.0,1.0,0.0,229.1971565246582,385.70555782834185
2123,0.0,0.0,1.0,0.0,229.1971565246582,385.70555782834185
2124,0.0,0.0,1.0,0.0,229.1971565246582,385.70555782834185
2125,0.0,0.0,1.0,0.0,229.1971565246582,385.70555782834185
2126,0.0,0.0,1.0,0.0,229.1971565246582,385.70555782834185
2127,0.0,0.0,1.0,0.0,229.1971565246582,385.70555782834185
2128,0.0,0.0,1.0,0.0,229.1971565246582,385.70555782834185
2129,0.0,0.0,1.0,0.0,229.1971565246582,385.70555782834185
2130,0.0,0.0,1.0,0.0,229.1971565246582,385.70555782834185
2131,0.0,0.0,1.0,0.0,229.1971565246582,385.70555782834185
2132,0.0,0.0,1.0,0.0,229.1971565246582,385.70555782834185
2133,0.0,0.0,1.0,0.0,229.1971565246582,385.70555782834185
2134,0.0,0.0,1.0,0.0,229.1971565246582,385.70555782834185
2135,0.0,0.0,1.0,0.0,229.1971565246582,385.70555782834185
2136,0.0,0.0,1.0,0.0,229.1971565246582,385.70555782834185
2137,0.0,0.0,1.0,0.0,229.1971565246582,385.70555782834185
2138,0.0,0.0,1.0,0.0,229.1971565246582,385.70555782834185
2139,0.0,0.0,1.0,0.0,229.1971565246582,385.70555782834185
2140,0.0,0.0,1.0,0.0,229.1971565246582,385.70555782834185
2141,0.0,0.0,1.0,0.0,229.1971565246582,385.70555782834185
2142,0.0,0.0,1.0,0.0,229.1971565246582,385.70555782834185
2143,0.0,0.0,1.0,0.0,229.1971565246582,385.70555782834185
2144,0.0,0.0,1.0,0.0,229.1971565246582,385.70555782834185
2145,0.0,0.0,1.0,0.0,229.1971565246582,385.70555782834185
2146,0.0,0.0,1.0,0.0,229.1971565246582,385.70555782834185
2147,0.0,0.0,1.0,0.0,229.1971565246582,385.70555782834185
2148,0.0,0.0,1.0,0.0,229.1971565246582,385.70555782834185
2149,0.0,0.0,1.0,0.0,229.1971565246582,385.70555782834185
2150,0.0,0.0,1.0,0.0,229.1971565246582,385.70555782834185
2151,0.0,0.0,1.0,0.0,229.1971565246582,385.70555782834185
2152,0.0,0.0,1.0,0.0,229.1971565246582,385.70555782834185
2153,0.0,0.0,1.0,0.0,229.1971565246582,385.70555782834185
2154,0.0,0.0,1.0,0.0,229.1971565246582,385.70555782834185
2155,0.0,0.0,1.0,0.0,229.1971565246582,385.70555782834185
2156,0.0,0.0,1.0,0.0,229.1971565246582,385.70555782834185
2157,0.0,0.0,1.0,0.0,229.1971565246582,385.70555782834185
2158,0.0,0.0,1.0,0.0,229.1971565246582,385.70555782834185
2159,0.0,0.0,1.0,0.0,229.1971565246582,385.70555782834185
2160,0.0,0.0,1.0,0.0,229.1971565246582,385.70555782834185
2161,0.0,0.0,1.0,0.0,229.1971565246582,385.70555782834185
2162,0.0,0.0,1.0,0.0,229.1971565246582,385.70555782834185
2163,0.0,0.0,1.0,0.0,229.1971565246582,385.70555782834185
2164,0.0,0.0,1.0,0.0,229.1971565246582,385.70555782834185
2165,0.0,0.0,1.0,0.0,229.1971565246582,385.70555782834185
2166,0.0,0.0,1.0,0.0,229.1971565246582,385.70555782834185
2167,0.0,0.0,1.0,0.0,229.1971565246582,385.70555782834185
2168,0.0,0.0,1.0,0.0,229.1971565246582,385.70555782834185
2169,0.0,0.0,1.0,0.0,229.1971565246582,385.70555782834185
2170,0.0,0.0,1.0,0.0,229.1971565246582,385.70555782834185
2171,0.0,0.0,1.0,0.0,229.1971565246582,385.70555782834185
2172,0.0,0.0,1.0,0.0,229.1971565246582,385.70555782834185
2173,0.0,0.0,1.0,0.0,229.1971565246582,385.70555782834185
2174,0.0,0.0,1.0,0.0,229.1971565246582,385.70555782834185
2175,0.0,0.0,1.0,0.0,229.1971565246582,385.70555782834185
2176,0.0,0.0,1.0,0.0,229.1971565246582,385.70555782834185
2177,0.0,0.0,1.0,0.0,229.1971565246582,385.70555782834185
2178,0.0,0.0,1.0,0.0,229.1971565246582,385.70555782834185
2179,0.0,0.0,1.0,0.0,229.1971565246582,385.70555782834185
2180,0.0,0.0,1.0,0.0,229.1971565246582,385.70555782834185
2181,0.0,0.0,1.0,0.0,229.1971565246582,385.70555782834185
2182,0.0,0.0,1.0,0.0,229.1971565246582,385.70555782834185
2183,0.0,0.0,1.0,0.0,229.1971565246582,385.70555782834185
2184,0.0,0.0,1.0,0.0,229.1971565246582,385.70555782834185
2185,0.0,0.0,1.0,0.0,229.1971565246582,385.70555782834185
2186,0.0,0.0,1.0,0.0,229.1971565246582,385.70555782834185
2187,0.0,0.0,1.0,0.0,229.1971565246582,385.70555782834185
2188,0.0,0.0,1.0,0.0,229.1971565246582,385.70555782834185
2189,0.0,0.0,1.0,0.0,229.1971565246582,385.70555782834185
2190,0.0,0.0,1.0,0.0,229.1971565246582,385.70555782834185
2191,0.0,0.0,1.0,0.0,229.1971565246582,385.70555782834185
2192,0.0,0.0,1.0,0.0,229.1971565246582,385.70555782834185
2193,0.0,0.0,1.0,0.0,229.1971565246582,385.70555782834185
2194,0.0,0.0,1.0,0.0,229.1971565246582,385.70555782834185
2195,0.0,0.0,1.0,0.0,229.1971565246582,385.70555782834185
2196,0.0,0.0,1.0,0.0,229.1971565246582,385.70555782834185
2197,0.0,0.0,1.0,0.0,229.1971565246582,385.70555782834185
2198,0.0,0.0,1.0,0.0,229.1971565246582,385.70555782834185
2199,0.0,0.0,1.0,0.0,229.1971565246582,385.70555782834185
2200,0.0,0.0,1.0,0.0,229.1971565246582,385.70555782834185
2201,0.0,0.0,1.0,0.0,229.1971565246582,385.70555782834185
2202,0.0,0.0,1.0,0.0,229.1971565246582,385.70555782834185
2203,0.0,0.0,1.0,0.0,229.1971565246582,385.70555782834185
2204,0.0,0.0,1.0,0.0,229.1971565246582,385.70555782834185
2205,0.0,0.0,1.0,0.0,229.1971565246582,385.70555782834185
2206,0.0,0.0,1.0,0.0,229.1971565246582,385.70555782834185
2207,0.0,0.0,1.0,0.0,229.1971565246582,385.70555782834185
2208,0.0,0.0,1.0,0.0,229.1971565246582,385.70555782834185
2209,0.0,0.0,1.0,0.0,229.1971565246582,385.70555782834185
2210,0.0,0.0,1.0,0.0,229.1971565246582,385.70555782834185
2211,0.0,0.0,1.0,0.0,229.1971565246582,385.70555782834185
2212,0.0,0.0,1.0,0.0,229.1971565246582,385.70555782834185
2213,0.0,0.0,1.0,0.0,229.1971565246582,385.70555782834185
2214,0.0,0.0,1.0,0.0,229.1971565246582,385.70555782834185
2215,0.0,0.0,1.0,0.0,229.1971565246582,385.70555782834185
2216,0.0,0.0,1.0,0.0,229.1971565246582,385.70555782834185
2217,0.0,0.0,1.0,0.0,229.1971565246582,385.70555782834185
2218,0.0,0.0,1.0,0.0,229.1971565246582,385.70555782834185
2219,0.0,0.0,1.0,0.0,229.1971565246582,385.70555782834185
2220,0.0,0.0,1.0,0.0,229.1971565246582,385.70555782834185
2221,0.0,0.0,1.0,0.0,229.1971565246582,385.70555782834185
2222,0.0,0.0,1.0,0.0,229.1971565246582,385.70555782834185
2223,0.0,0.0,1.0,0.0,229.1971565246582,385.70555782834185
2224,0.0,0.0,1.0,0.0,229.1971565246582,385.70555782834185
2225,0.0,0.0,1.0,0.0,229.1971565246582,385.70555782834185
2226,0.0,0.0,1.0,0.0,229.1971565246582,385.70555782834185
2227,0.0,0.0,1.0,0.0,229.1971565246582,385.70555782834185
2228,0.0,0.0,1.0,0.0,229.1971565246582,385.70555782834185
2229,0.0,0.0,1.0,0.0,229.1971565246582,385.70555782834185
2230,0.0,0.0,1.0,0.0,229.1971565246582,385.70555782834185
2231,0.0,0.0,1.0,0.0,229.1971565246582,385.70555782834185
2232,0.0,0.0,1.0,0.0,229.1971565246582,385.70555782834185
2233,0.0,0.0,1.0,0.0,229.1971565246582,385.70555782834185
2234,0.0,0.0,1.0,0.0,229.1971565246582,385.70555782834185
2235,0.0,0.0,1.0,0.0,229.1971565246582,385.70555782834185
2236,0.0,0.0,1.0,0.0,229.1971565246582,385.70555782834185
2237,0.0,0.0,1.0,0.0,229.1971565246582,385.70555782834185
2238,0.0,0.0,1.0,0.0,229.1971565246582,385.70555782834185
2239,0.0,0.0,1.0,0.0,229.1971565246582,385.70555782834185
2240,0.0,0.0,1.0,0.0,229.1971565246582,385.70555782834185
2241,0.0,0.0,1.0,0.0,229.1971565246582,385.70555782834185
2242,0.0,0.0,1.0,0.0,229.1971565246582,385.70555782834185
2243,0.0,0.0,1.0,0.0,229.1971565246582,385.70555782834185
2244,0.0,0.0,1.0,0.0,229.1971565246582,385.70555782834185
2245,0.0,0.0,1.0,0.0,229.1971565246582,385.70555782834185
2246,0.0,0.0,1.0,0.0,229.1971565246582,385.70555782834185
2247,0.0,0.0,1.0,0.0,229.1971565246582,385.70555782834185
2248,0.0,0.0,1.0,0.0,229.1971565246582,385.70555782834185
2249,0.0,0.0,1.0,0.0,229.1971565246582,385.70555782834185
2250,0.0,0.0,1.0,0.0,229.1971565246582,385.70555782834185
2251,0.0,0.0,1.0,0.0,229.1971565246582,385.70555782834185
2252,0.0,0.0,1.0,0.0,229.1971565246582,385.70555782834185
2253,0.0,0.0,1.0,0.0,229.1971565246582,385.70555782834185
2254,0.0,0.0,1.0,0.0,229.1971565246582,385.70555782834185
2255,0.0,0.0,1.0,0.0,229.1971565246582,385.70555782834185
2256,0.0,0.0,1.0,0.0,229.1971565246582,385.70555782834185
2257,0.0,0.0,1.0,0.0,229.1971565246582,385.70555782834185
2258,0.0,0.0,1.0,0.0,229.1971565246582,385.70555782834185
2259,0.0,0.0,1.0,0.0,229.1971565246582,385.70555782834185
2260,0.0,0.0,1.0,0.0,229.1971565246582,385.70555782834185
2261,0.0,0.0,1.0,0.0,229.1971565246582,385.70555782834185
2262,0.0,0.0,1.0,0.0,229.1971565246582,385.70555782834185
2263,0.0,0.0,1.0,0.0,229.1971565246582,385.70555782834185
2264,0.0,0.0,1.0,0.0,229.1971565246582,385.70555782834185
2265,0.0,0.0,1.0,0.0,229.1971565246582,385.70555782834185
2266,0.0,0.0,1.0,0.0,229.1971565246582,385.70555782834185
2267,0.0,0.0,1.0,0.0,229.1971565246582,385.70555782834185
2268,0.0,0.0,1.0,0.0,229.1971565246582,385.70555782834185
2269,0.0,0.0,1.0,0.0,229.1971565246582,385.70555782834185
2270,0.0,0.0,1.0,0.0,229.1971565246582,385.70555782834185
2271,0.0,0.0,1.0,0.0,229.1971565246582,385.70555782834185
2272,0.0,0.0,1.0,0.0,229.1971565246582,385.70555782834185
2273,0.0,0.0,1.0,0.0,229.1971565246582,385.70555782834185
2274,0.0,0.0,1.0,0.0,229.1971565246582,385.70555782834185
2275,0.0,0.0,1.0,0.0,229.1971565246582,385.70555782834185
2276,0.0,0.0,1.0,0.0,229.1971565246582,385.70555782834185
2277,0.0,0.0,1.0,0.0,229.1971565246582,385.70555782834185
2278,0.0,0.0,1.0,0.0,229.1971565246582,385.70555782834185
2279,0.0,0.0,1.0,0.0,229.1971565246582,385.70555782834185
2280,0.0,0.0,1.0,0.0,229.1971565246582,385.70555782834185
2281,0.0,0.0,1.0,0.0,229.1971565246582,385.70555782834185
2282,0.0,0.0,1.0,0.0,229.1971565246582,385.70555782834185
2283,0.0,0.0,1.0,0.0,229.1971565246582,385.70555782834185
2284,0.0,0.0,1.0,0.0,229.1971565246582,385.70555782834185
2285,0.0,0.0,1.0,0.0,229.1971565246582,385.70555782834185
2286,0.0,0.0,1.0,0.0,229.1971565246582,385.70555782834185
2287,0.0,0.0,1.0,0.0,229.1971565246582,385.70555782834185
2288,0.0,0.0,1.0,0.0,229.1971565246582,385.70555782834185
2289,0.0,0.0,1.0,0.0,229.1971565246582,385.70555782834185
2290,0.0,0.0,1.0,0.0,229.1971565246582,385.70555782834185
2291,0.0,0.0,1.0,0.0,229.1971565246582,385.70555782834185
2292,0.0,0.0,1.0,0.0,229.1971565246582,385.70555782834185
2293,0.0,0.0,1.0,0.0,229.1971565246582,385.70555782834185
2294,0.0,0.0,1.0,0.0,229.1971565246582,385.70555782834185
2295,0.0,0.0,1.0,0.0,229.1971565246582,385.70555782834185
2296,0.0,0.0,1.0,0.0,229.1971565246582,385.70555782834185
2297,0.0,0.0,1.0,0.0,229.1971565246582,385.70555782834185
2298,0.0,0.0,1.0,0.0,229.1971565246582,385.70555782834185
2299,0.0,0.0,1.0,0.0,229.1971565246582,385.70555782834185
2300,0.0,0.0,1.0,0.0,229.1971565246582,385.70555782834185
2301,0.0,0.0,1.0,0.0,229.1971565246582,385.70555782834185
2302,0.0,0.0,1.0,0.0,229.1971565246582,385.70555782834185
2303,0.0,0.0,1.0,0.0,229.1971565246582,385.70555782834185
2304,0.0,0.0,1.0,0.0,229.1971565246582,385.70555782834185
2305,0.0,0.0,1.0,0.0,229.1971565246582,385.70555782834185
2306,0.0,0.0,1.0,0.0,229.1971565246582,385.70555782834185
2307,0.0,0.0,1.0,0.0,229.1971565246582,385.70555782834185
2308,0.0,0.0,1.0,0.0,229.1971565246582,385.70555782834185
2309,0.0,0.0,1.0,0.0,229.1971565246582,385.70555782834185
2310,0.0,0.0,1.0,0.0,229.1971565246582,385.70555782834185
2311,0.0,0.0,1.0,0.0,229.1971565246582,385.70555782834185
2312,0.0,0.0,1.0,0.0,229.1971565246582,385.70555782834185
2313,0.0,0.0,1.0,0.0,229.1971565246582,385.70555782834185
2314,0.0,0.0,1.0,0.0,229.1971565246582,385.70555782834185
2315,0.0,0.0,1.0,0.0,229.1971565246582,385.70555782834185
2316,0.0,0.0,1.0,0.0,229.1971565246582,385.70555782834185
2317,0.0,0.0,1.0,0.0,229.1971565246582,385.70555782834185
2318,0.0,0.0,1.0,0.0,229.1971565246582,385.70555782834185
2319,0.0,0.0,1.0,0.0,229.1971565246582,385.70555782834185
2320,0.0,0.0,1.0,0.0,229.1971565246582,385.70555782834185
2321,0.0,0.0,1.0,0.0,229.1971565246582,385.70555782834185
2322,0.0,0.0,1.0,0.0,229.1971565246582,385.70555782834185
2323,0.0,0.0,1.0,0.0,229.1971565246582,385.70555782834185
2324,0.0,0.0,1.0,0.0,229.1971565246582,385.70555782834185
2325,0.0,0.0,1.0,0.0,229.1971565246582,385.70555782834185
2326,0.0,0.0,1.0,0.0,229.1971565246582,385.70555782834185
2327,0.0,0.0,1.0,0.0,229.1971565246582,385.70555782834185
2328,0.0,0.0,1.0,0.0,229.1971565246582,385.70555782834185
2329,0.0,0.0,1.0,0.0,229.1971565246582,385.70555782834185
2330,0.0,0.0,1.0,0.0,229.1971565246582,385.70555782834185
2331,0.0,0.0,1.0,0.0,229.1971565246582,385.70555782834185
2332,0.0,0.0,1.0,0.0,229.1971565246582,385.70555782834185
2333,0.0,0.0,1.0,0.0,229.1971565246582,385.70555782834185
2334,0.0,0.0,1.0,0.0,229.1971565246582,385.70555782834185
2335,0.0,0.0,1.0,0.0,229.1971565246582,385.70555782834185
2336,0.0,0.0,1.0,0.0,229.1971565246582,385.70555782834185
2337,0.0,0.0,1.0,0.0,229.1971565246582,385.70555782834185
2338,0.0,0.0,1.0,0.0,229.1971565246582,385.70555782834185
2339,0.0,0.0,1.0,0.0,229.1971565246582,385.70555782834185
2340,0.0,0.0,1.0,0.0,229.1971565246582,385.70555782834185
2341,0.0,0.0,1.0,0.0,229.1971565246582,385.70555782834185
2342,0.0,0.0,1.0,0.0,229.1971565246582,385.70555782834185
2343,0.0,0.0,1.0,0.0,229.1971565246582,385.70555782834185
2344,0.0,0.0,1.0,0.0,229.1971565246582,385.70555782834185
2345,0.0,0.0,1.0,0.0,229.1971565246582,385.70555782834185
2346,0.0,0.0,1.0,0.0,229.1971565246582,385.70555782834185
2347,0.0,0.0,1.0,0.0,229.1971565246582,385.70555782834185
2348,0.0,0.0,1.0,0.0,229.1971565246582,385.70555782834185
2349,0.0,0.0,1.0,0.0,229.1971565246582,385.70555782834185
2350,0.0,0.0,1.0,0.0,229.1971565246582,385.70555782834185
2351,0.0,0.0,1.0,0.0,229.1971565246582,385.70555782834185
2352,0.0,0.0,1.0,0.0,229.1971565246582,385.70555782834185
2353,0.0,0.0,1.0,0.0,229.1971565246582,385.70555782834185
2354,0.0,0.0,1.0,0.0,229.1971565246582,385.70555782834185
2355,0.0,0.0,1.0,0.0,229.1971565246582,385.70555782834185
2356,0.0,0.0,1.0,0.0,229.1971565246582,385.70555782834185
2357,0.0,0.0,1.0,0.0,229.1971565246582,385.70555782834185
2358,0.0,0.0,1.0,0.0,229.1971565246582,385.70555782834185
2359,0.0,0.0,1.0,0.0,229.1971565246582,385.70555782834185
2360,0.0,0.0,1.0,0.0,229.1971565246582,385.70555782834185
2361,0.0,0.0,1.0,0.0,229.1971565246582,385.70555782834185
2362,0.0,0.0,1.0,0.0,229.1971565246582,385.70555782834185
2363,0.0,0.0,1.0,0.0,229.1971565246582,385.70555782834185
2364,0.0,0.0,1.0,0.0,229.1971565246582,385.70555782834185
2365,0.0,0.0,1.0,0.0,229.1971565246582,385.70555782834185
2366,0.0,0.0,1.0,0.0,229.1971565246582,385.70555782834185
2367,0.0,0.0,1.0,0.0,229.1971565246582,385.70555782834185
2368,0.0,0.0,1.0,0.0,229.1971565246582,385.70555782834185
2369,0.0,0.0,1.0,0.0,229.1971565246582,385.70555782834185
2370,0.0,0.0,1.0,0.0,229.1971565246582,385.70555782834185
2371,0.0,0.0,1.0,0.0,229.1971565246582,385.70555782834185
2372,0.0,0.0,1.0,0.0,229.1971565246582,385.70555782834185
2373,0.0,0.0,1.0,0.0,229.1971565246582,385.70555782834185
2374,0.0,0.0,1.0,0.0,229.1971565246582,385.70555782834185
2375,0.0,0.0,1.0,0.0,229.1971565246582,385.70555782834185
2376,0.0,0.0,1.0,0.0,229.1971565246582,385.70555782834185
2377,0.0,0.0,1.0,0.0,229.1971565246582,385.70555782834185
2378,0.0,0.0,1.0,0.0,229.1971565246582,385.70555782834185
2379,0.0,0.0,1.0,0.0,229.1971565246582,385.70555782834185
2380,0.0,0.0,1.0,0.0,229.1971565246582,385.70555782834185
2381,0.0,0.0,1.0,0.0,229.1971565246582,385.70555782834185
2382,0.0,0.0,1.0,0.0,229.1971565246582,385.70555782834185
2383,0.0,0.0,1.0,0.0,229.1971565246582,385.70555782834185
2384,0.0,0.0,1.0,0.0,229.1971565246582,385.70555782834185
2385,0.0,0.0,1.0,0.0,229.1971565246582,385.70555782834185
2386,0.0,0.0,1.0,0.0,229.1971565246582,385.70555782834185
2387,0.0,0.0,1.0,0.0,229.1971565246582,385.70555782834185
2388,0.0,0.0,1.0,0.0,229.1971565246582,385.70555782834185
2389,0.0,0.0,1.0,0.0,229.1971565246582,385.70555782834185
2390,0.0,0.0,1.0,0.0,229.1971565246582,385.70555782834185
2391,0.0,0.0,1.0,0.0,229.1971565246582,385.70555782834185
2392,0.0,0.0,1.0,0.0,229.1971565246582,385.70555782834185
2393,0.0,0.0,1.0,0.0,229.1971565246582,385.70555782834185
2394,0.0,0.0,1.0,0.0,229.1971565246582,385.70555782834185
2395,0.0,0.0,1.0,0.0,229.1971565246582,385.70555782834185
2396,0.0,0.0,1.0,0.0,229.1971565246582,385.70555782834185
2397,0.0,0.0,1.0,0.0,229.1971565246582,385.70555782834185
2398,0.0,0.0,1.0,0.0,229.1971565246582,385.70555782834185
2399,0.0,0.0,1.0,0.0,229.1971565246582,385.70555782834185
2400,0.0,0.0,1.0,0.0,229.1971565246582,385.70555782834185
2401,0.0,0.0,1.0,0.0,229.1971565246582,385.70555782834185
2402,0.0,0.0,1.0,0.0,229.1971565246582,385.70555782834185
2403,0.0,0.0,1.0,0.0,229.1971565246582,385.70555782834185
2404,0.0,0.0,1.0,0.0,229.1971565246582,385.70555782834185
2405,0.0,0.0,1.0,0.0,229.1971565246582,385.70555782834185
2406,0.0,0.0,1.0,0.0,229.1971565246582,385.70555782834185
2407,0.0,0.0,1.0,0.0,229.1971565246582,385.70555782834185
2408,0.0,0.0,1.0,0.0,229.1971565246582,385.70555782834185
2409,0.0,0.0,1.0,0.0,229.1971565246582,385.70555782834185
2410,0.0,0.0,1.0,0.0,229.1971565246582,385.70555782834185
2411,0.0,0.0,1.0,0.0,229.1971565246582,385.70555782834185
2412,0.0,0.0,1.0,0.0,229.1971565246582,385.70555782834185
2413,0.0,0.0,1.0,0.0,229.1971565246582,385.70555782834185
2414,0.0,0.0,1.0,0.0,229.1971565246582,385.70555782834185
2415,0.0,0.0,1.0,0.0,229.1971565246582,385.70555782834185
2416,0.0,0.0,1.0,0.0,229.1971565246582,385.70555782834185
2417,0.0,0.0,1.0,0.0,229.1971565246582,385.70555782834185
2418,0.0,0.0,1.0,0.0,229.1971565246582,385.70555782834185
2419,0.0,0.0,1.0,0.0,229.1971565246582,385.70555782834185
2420,0.0,0.0,1.0,0.0,229.1971565246582,385.70555782834185
2421,0.0,0.0,1.0,0.0,229.1971565246582,385.70555782834185
2422,0.0,0.0,1.0,0.0,229.1971565246582,385.70555782834185
2423,0.0,0.0,1.0,0.0,229.1971565246582,385.70555782834185
2424,0.0,0.0,1.0,0.0,229.1971565246582,385.70555782834185
2425,0.0,0.0,1.0,0.0,229.1971565246582,385.70555782834185
2426,0.0,0.0,1.0,0.0,229.1971565246582,385.70555782834185
2427,0.0,0.0,1.0,0.0,229.1971565246582,385.70555782834185
2428,0.0,0.0,1.0,0.0,229.1971565246582,385.70555782834185
2429,0.0,0.0,1.0,0.0,229.1971565246582,385.70555782834185
2430,0.0,0.0,1.0,0.0,229.1971565246582,385.70555782834185
2431,0.0,0.0,1.0,0.0,229.1971565246582,385.70555782834185
2432,0.0,0.0,1.0,0.0,229.1971565246582,385.70555782834185
2433,0.0,0.0,1.0,0.0,229.1971565246582,385.70555782834185
2434,0.0,0.0,1.0,0.0,229.1971565246582,385.70555782834185
2435,0.0,0.0,1.0,0.0,229.1971565246582,385.70555782834185
2436,0.0,0.0,1.0,0.0,229.1971565246582,385.70555782834185
2437,0.0,0.0,1.0,0.0,229.1971565246582,385.70555782834185
2438,0.0,0.0,1.0,0.0,229.1971565246582,385.70555782834185
2439,0.0,0.0,1.0,0.0,229.1971565246582,385.70555782834185
2440,0.0,0.0,1.0,0.0,229.1971565246582,385.70555782834185
2441,0.0,0.0,1.0,0.0,229.1971565246582,385.70555782834185
2442,0.0,0.0,1.0,0.0,229.1971565246582,385.70555782834185
2443,0.0,0.0,1.0,0.0,229.1971565246582,385.70555782834185
2444,0.0,0.0,1.0,0.0,229.1971565246582,385.70555782834185
2445,0.0,0.0,1.0,0.0,229.1971565246582,385.70555782834185
2446,0.0,0.0,1.0,0.0,229.1971565246582,385.70555782834185
2447,0.0,0.0,1.0,0.0,229.1971565246582,385.70555782834185
2448,0.0,0.0,1.0,0.0,229.1971565246582,385.70555782834185
2449,0.0,0.0,1.0,0.0,229.1971565246582,385.70555782834185
2450,0.0,0.0,1.0,0.0,229.1971565246582,385.70555782834185
2451,0.0,0.0,1.0,0.0,229.1971565246582,385.70555782834185
2452,0.0,0.0,1.0,0.0,229.1971565246582,385.70555782834185
2453,0.0,0.0,1.0,0.0,229.1971565246582,385.70555782834185
2454,0.0,0.0,1.0,0.0,229.1971565246582,385.70555782834185
2455,0.0,0.0,1.0,0.0,229.1971565246582,385.70555782834185
2456,0.0,0.0,1.0,0.0,229.1971565246582,385.70555782834185
2457,0.0,0.0,1.0,0.0,229.1971565246582,385.70555782834185
2458,0.0,0.0,1.0,0.0,229.1971565246582,385.70555782834185
2459,0.0,0.0,1.0,0.0,229.1971565246582,385.70555782834185
2460,0.0,0.0,1.0,0.0,229.1971565246582,385.70555782834185
2461,0.0,0.0,1.0,0.0,229.1971565246582,385.70555782834185
2462,0.0,0.0,1.0,0.0,229.1971565246582,385.70555782834185
2463,0.0,0.0,1.0,0.0,229.1971565246582,385.70555782834185
2464,0.0,0.0,1.0,0.0,229.1971565246582,385.70555782834185
2465,0.0,0.0,1.0,0.0,229.1971565246582,385.70555782834185
2466,0.0,0.0,1.0,0.0,229.1971565246582,385.70555782834185
2467,0.0,0.0,1.0,0.0,229.1971565246582,385.70555782834185
2468,0.0,0.0,1.0,0.0,229.1971565246582,385.70555782834185
2469,0.0,0.0,1.0,0.0,229.1971565246582,385.70555782834185
2470,0.0,0.0,1.0,0.0,229.1971565246582,385.70555782834185
2471,0.0,0.0,1.0,0.0,229.1971565246582,385.70555782834185
2472,0.0,0.0,1.0,0.0,229.1971565246582,385.70555782834185
2473,0.0,0.0,1.0,0.0,229.1971565246582,385.70555782834185
2474,0.0,0.0,1.0,0.0,229.1971565246582,385.70555782834185
2475,0.0,0.0,1.0,0.0,229.1971565246582,385.70555782834185
2476,0.0,0.0,1.0,0.0,229.1971565246582,385.70555782834185
2477,0.0,0.0,1.0,0.0,229.1971565246582,385.70555782834185
2478,0.0,0.0,1.0,0.0,229.1971565246582,385.70555782834185
2479,0.0,0.0,1.0,0.0,229.1971565246582,385.70555782834185
2480,0.0,0.0,1.0,0.0,229.1971565246582,385.70555782834185
2481,0.0,0.0,1.0,0.0,229.1971565246582,385.70555782834185
2482,0.0,0.0,1.0,0.0,229.1971565246582,385.70555782834185
2483,0.0,0.0,1.0,0.0,229.1971565246582,385.70555782834185
2484,0.0,0.0,1.0,0.0,229.1971565246582,385.70555782834185
2485,0.0,0.0,1.0,0.0,229.1971565246582,385.70555782834185
2486,0.0,0.0,1.0,0.0,229.1971565246582,385.70555782834185
2487,0.0,0.0,1.0,0.0,229.1971565246582,385.70555782834185
2488,0.0,0.0,1.0,0.0,229.1971565246582,385.70555782834185
2489,0.0,0.0,1.0,0.0,229.1971565246582,385.70555782834185
2490,0.0,0.0,1.0,0.0,229.1971565246582,385.70555782834185
2491,0.0,0.0,1.0,0.0,229.1971565246582,385.70555782834185
2492,0.0,0.0,1.0,0.0,229.1971565246582,385.70555782834185
2493,0.0,0.0,1.0,0.0,229.1971565246582,385.70555782834185
2494,0.0,0.0,1.0,0.0,229.1971565246582,385.70555782834185
2495,0.0,0.0,1.0,0.0,229.1971565246582,385.70555782834185
2496,0.0,0.0,1.0,0.0,229.1971565246582,385.70555782834185
2497,0.0,0.0,1.0,0.0,229.1971565246582,385.70555782834185
2498,0.0,0.0,1.0,0.0,229.1971565246582,385.70555782834185
2499,0.0,0.0,1.0,0.0,229.1971565246582,385.70555782834185
2500,0.0,0.0,1.0,0.0,229.1971565246582,385.70555782834185
