t,fC_mean,fC_std,fD_mean,fD_std,avgR_mean,avgR_std
0,0.49326171875,0.02016288234208642,0.50673828125,0.02016288234208642,0.0,0.0
1,0.3166015625,0.02020233799462871,0.6833984375,0.020202337994628713,7.152294921875,0.2923617939602531
2,0.20166015625,0.025586123866210574,0.79833984375,0.025586123866210574,11.743017482757569,0.5647061479862653
3,0.13623046875,0.028715753475760723,0.86376953125,0.028715753475760723,14.66708984375,0.8820720382733688
4,0.094921875,0.025684893325010862,0.905078125,0.025684893325010862,16.642431640625,1.2041637355720372
5,0.07041015625,0.024310130339712063,0.92958984375,0.024310130339712067,18.018798828125,1.512782583557498
6,0.0552734375,0.022389492349666647,0.9447265625,0.022389492349666647,19.03974609375,1.814890162925034
7,0.0435546875,0.02330365427855415,0.9564453125,0.02330365427855415,19.841210746765135,2.082195867790515
8,0.03818359375,0.02366608098697853,0.96181640625,0.023666080986978526,20.47275390625,2.3573389911382336
9,0.0341796875,0.021915072113552068,0.9658203125,0.021915072113552068,21.026416015625,2.6261455711035864
10,0.03095703125,0.022401628557677068,0.96904296875,0.02240162855767707,21.522021484375,2.858545572438401
11,0.0255859375,0.02154554502104568,0.9744140625,0.02154554502104568,21.9708984375,3.0780427733926303
12,0.02197265625,0.02200735108064835,0.97802734375,0.02200735108064835,22.34189453125,3.281716949661459
13,0.019921875,0.019527343359296855,0.980078125,0.019527343359296855,22.660498046875,3.509788612795671
14,0.019140625,0.019842250496986378,0.980859375,0.019842250496986378,22.949365234375,3.7171100626027465
15,0.01748046875,0.019499241349550184,0.98251953125,0.019499241349550184,23.226904296875,3.932258053701204
16,0.016015625,0.018208111910779458,0.983984375,0.018208111910779458,23.480370903015135,4.151668666803728
17,0.01630859375,0.018585757292763395,0.98369140625,0.018585757292763398,23.71259765625,4.356894846274386
18,0.017578125,0.020084925587112435,0.982421875,0.020084925587112435,23.949072265625,4.570617024245072
19,0.01708984375,0.01944929092801429,0.98291015625,0.01944929092801429,24.203955268859865,4.799177836916087
20,0.01767578125,0.01996801680053102,0.98232421875,0.019968016800531018,24.451757621765136,5.0276441310037425
21,0.0177734375,0.02033877507335127,0.9822265625,0.02033877507335127,24.708056640625,5.271034999829275
22,0.0158203125,0.01898554040918789,0.9841796875,0.01898554040918789,24.965771484375,5.528149120090583
23,0.015234375,0.01821858416787735,0.984765625,0.01821858416787735,25.195166015625,5.77597980630104
24,0.01484375,0.016845632359452814,0.98515625,0.01684563235945281,25.416064643859862,6.006412058267086
25,0.014453125,0.015866060398176784,0.985546875,0.015866060398176784,25.631298828125,6.208854559986976
26,0.01318359375,0.014538979064275639,0.98681640625,0.014538979064275639,25.840869140625,6.386338631333548
27,0.01259765625,0.014428359800348768,0.98740234375,0.014428359800348766,26.03203125,6.547103172095288
28,0.0123046875,0.013722006304883044,0.9876953125,0.013722006304883044,26.214697265625,6.718542910378436
29,0.0123046875,0.013147012326208138,0.9876953125,0.01314701232620814,26.393114852905274,6.8866567337811695
30,0.0123046875,0.012696814814957038,0.9876953125,0.012696814814957038,26.571533203125,7.0451729666538165
31,0.01259765625,0.013083386528409143,0.98740234375,0.013083386528409142,26.749951362609863,7.202046577034623
32,0.0126953125,0.013131043995290321,0.9873046875,0.013131043995290321,26.932617568969725,7.366251657763619
33,0.01298828125,0.013411655856656286,0.98701171875,0.013411655856656282,27.11669921875,7.52104805686498
34,0.0119140625,0.012738807702437755,0.9880859375,0.012738807702437755,27.305029487609865,7.682980432345725
35,0.0115234375,0.012678775286810533,0.9884765625,0.012678775286810532,27.477783393859863,7.838112082259214
36,0.0115234375,0.012626012780385927,0.9884765625,0.012626012780385925,27.644873237609865,7.993390159113553
37,0.01181640625,0.01314882568221547,0.98818359375,0.013148825682215468,27.811962890625,8.146150825749068
38,0.01181640625,0.013134311824177411,0.98818359375,0.013134311824177411,27.983300971984864,8.303597745580399
39,0.01162109375,0.012966234813516908,0.98837890625,0.012966234813516907,28.154638671875,8.46145358934136
40,0.01103515625,0.01253694795741428,0.98896484375,0.012536947957414278,28.32314453125,8.619399584993147
41,0.01083984375,0.011367204279412015,0.98916015625,0.011367204279412013,28.483154296875,8.769020750823838
42,0.01083984375,0.01135881148125109,0.98916015625,0.01135881148125109,28.640332412719726,8.906074670410643
43,0.010546875,0.011302840856429913,0.989453125,0.011302840856429911,28.797510147094727,9.030032976289906
44,0.0099609375,0.010507013793994347,0.9900390625,0.010507013793994347,28.950439262390137,9.140323786036577
45,0.0095703125,0.010004881620988827,0.9904296875,0.010004881620988825,29.094873046875,9.247562239422766
46,0.009375,0.010018217658775124,0.990625,0.010018217658775126,29.233642578125,9.349088612802518
47,0.00908203125,0.010177355624369368,0.99091796875,0.010177355624369368,29.369579696655272,9.455132681031905
48,0.00869140625,0.010329889605542517,0.99130859375,0.010329889605542516,29.501269912719728,9.558934577868218
49,0.00888671875,0.010737303577265175,0.99111328125,0.010737303577265177,29.627294921875,9.658526323393692
50,0.0095703125,0.011412000904680893,0.9904296875,0.011412000904680893,29.75615234375,9.762133724555795
51,0.0099609375,0.011790147088114508,0.9900390625,0.011790147088114508,29.894921875,9.874955913107277
52,0.0091796875,0.011415343122033171,0.9908203125,0.011415343122033171,30.03935546875,9.992159583654471
53,0.0095703125,0.012656189718220636,0.9904296875,0.012656189718220636,30.172460556030273,10.091816615570298
54,0.01005859375,0.013425869898965404,0.98994140625,0.013425869898965402,30.31123046875,10.196113304053377
55,0.010546875,0.014601487259035678,0.989453125,0.014601487259035678,30.457080078125,10.302438565922433
56,0.01015625,0.013853426270551042,0.98984375,0.013853426270551042,30.610009384155273,10.4114645156587
57,0.0099609375,0.01294672923373168,0.9900390625,0.012946729233731679,30.757275009155272,10.522091995860846
58,0.00908203125,0.011832536769078791,0.99091796875,0.01183253676907879,30.901708602905273,10.63330185394596
59,0.008203125,0.01157298669298871,0.991796875,0.01157298669298871,31.0333984375,10.732810345242848
60,0.00810546875,0.011513916220106557,0.99189453125,0.011513916220106554,31.15234375,10.812803237720123
61,0.00712890625,0.010279914931602135,0.99287109375,0.010279914931602135,31.269873046875,10.8934700489458
62,0.00634765625,0.009913432216223808,0.99365234375,0.009913432216223808,31.373241806030272,10.963931672920998
63,0.00517578125,0.008865229856864347,0.99482421875,0.008865229856864346,31.465283203125,11.021964826723458
64,0.0048828125,0.00869085760206523,0.9951171875,0.00869085760206523,31.540331649780274,11.06802563138388
65,0.00419921875,0.00747628595524344,0.99580078125,0.007476285955243438,31.6111328125,11.110795633769987
66,0.00419921875,0.00817109165849959,0.99580078125,0.008171091658499587,31.672021484375,11.148944957173521
67,0.0041015625,0.008214742517505114,0.9958984375,0.00821474251750511,31.73291015625,11.185318863151535
68,0.00419921875,0.008401275864844968,0.99580078125,0.008401275864844966,31.7923828125,11.221531714487169
69,0.00380859375,0.007645305674238217,0.99619140625,0.007645305674238215,31.853271484375,11.26008867208976
70,0.00390625,0.008005430285905937,0.99609375,0.008005430285905937,31.90849609375,11.296291073894047
71,0.00361328125,0.00812427224054417,0.99638671875,0.008124272240544166,31.96513671875,11.33494849425108
72,0.003515625,0.008769509500251425,0.996484375,0.008769509500251425,32.017529296875,11.372780334818778
73,0.0033203125,0.00873682392435353,0.9966796875,0.00873682392435353,32.068505859375,11.411680464237358
74,0.00322265625,0.008735186435083343,0.99677734375,0.008735186435083342,32.116650390625,11.450141641935948
75,0.00302734375,0.008761349538030032,0.99697265625,0.008761349538030032,32.16337890625,11.489015705454841
76,0.0029296875,0.0087890625,0.9970703125,0.0087890625,32.207275390625,11.527451327838948
77,0.00302734375,0.00908203125,0.99697265625,0.009082031249999999,32.249755859375,11.566313889381751
78,0.003125,0.009375000000000001,0.996875,0.009374999999999998,32.29365234375,11.607805165344871
79,0.003125,0.009375000000000001,0.996875,0.009374999999999998,32.33896484375,11.652041107043022
80,0.00322265625,0.009667968749999999,0.99677734375,0.009667968749999999,32.38427734375,11.697689565535843
81,0.00380859375,0.011425781250000001,0.99619140625,0.01142578125,32.431005859375,11.746226524665694
82,0.0041015625,0.012304687500000001,0.9958984375,0.012304687499999998,32.48623046875,11.805477419969876
83,0.00439453125,0.01318359375,0.99560546875,0.01318359375,32.545703125,11.87154125880191
84,0.0044921875,0.0134765625,0.9955078125,0.013476562500000002,32.609423828125,11.944876077587198
85,0.004296875,0.012890624999999998,0.995703125,0.012890625000000003,32.674560546875,12.022520119790423
86,0.00380859375,0.011425781250000001,0.99619140625,0.01142578125,32.736865234375,12.099275495674812
87,0.00341796875,0.01025390625,0.99658203125,0.01025390625,32.79208984375,12.169304188245137
88,0.00380859375,0.011425781250000001,0.99619140625,0.01142578125,32.841650390625,12.233719501595715
89,0.00322265625,0.009667968749999999,0.99677734375,0.009667968749999999,32.896875,12.307215391684938
90,0.0033203125,0.0099609375,0.9966796875,0.009960937500000001,32.943603515625,12.370796247253041
91,0.00341796875,0.01025390625,0.99658203125,0.01025390625,32.991748046875,12.437616507688995
92,0.003515625,0.010546875,0.996484375,0.010546875000000002,33.04130859375,12.507771418811972
93,0.00322265625,0.009667968749999999,0.99677734375,0.009667968749999999,33.09228515625,12.581355803301106
94,0.00322265625,0.009667968749999999,0.99677734375,0.009667968749999999,33.139013671875,12.65005632480325
95,0.002734375,0.008203125,0.997265625,0.008203124999999999,33.1857421875,12.719930823995716
96,0.00263671875,0.00791015625,0.99736328125,0.007910156249999998,33.225390625,12.780124589017246
97,0.00224609375,0.00673828125,0.99775390625,0.00673828125,33.263623046875,12.8389449558121
98,0.00126953125,0.0038085937499999995,0.99873046875,0.0038085937500000003,33.29619140625,12.889644509127105
99,0.000390625,0.0011718750000000002,0.999609375,0.0011718750000000002,33.314599609375,12.91853964043307
100,0.0,0.0,1.0,0.0,33.320263671875,12.927464918344612
101,0.0,0.0,1.0,0.0,33.320263671875,12.927464918344612
102,0.0,0.0,1.0,0.0,33.320263671875,12.927464918344612
103,0.0,0.0,1.0,0.0,33.320263671875,12.927464918344612
104,0.0,0.0,1.0,0.0,33.320263671875,12.927464918344612
105,0.0,0.0,1.0,0.0,33.320263671875,12.927464918344612
106,0.0,0.0,1.0,0.0,33.320263671875,12.927464918344612
107,0.0,0.0,1.0,0.0,33.320263671875,12.927464918344612
108,0.0,0.0,1.0,0.0,33.320263671875,12.927464918344612
109,0.0,0.0,1.0,0.0,33.320263671875,12.927464918344612
110,0.0,0.0,1.0,0.0,33.320263671875,12.927464918344612
111,0.0,0.0,1.0,0.0,33.320263671875,12.927464918344612
112,0.0,0.0,1.0,0.0,33.320263671875,12.927464918344612
113,0.0,0.0,1.0,0.0,33.320263671875,12.927464918344612
114,0.0,0.0,1.0,0.0,33.320263671875,12.927464918344612
115,0.0,0.0,1.0,0.0,33.320263671875,12.927464918344612
116,0.0,0.0,1.0,0.0,33.320263671875,12.927464918344612
117,0.0,0.0,1.0,0.0,33.320263671875,12.927464918344612
118,0.0,0.0,1.0,0.0,33.320263671875,12.927464918344612
119,0.0,0.0,1.0,0.0,33.320263671875,12.927464918344612
120,0.0,0.0,1.0,0.0,33.320263671875,12.927464918344612
121,0.0,0.0,1.0,0.0,33.320263671875,12.927464918344612
122,0.0,0.0,1.0,0.0,33.320263671875,12.927464918344612
123,0.0,0.0,1.0,0.0,33.320263671875,12.927464918344612
124,0.0,0.0,1.0,0.0,33.320263671875,12.927464918344612
125,0.0,0.0,1.0,0.0,33.320263671875,12.927464918344612
126,0.0,0.0,1.0,0.0,33.320263671875,12.927464918344612
127,0.0,0.0,1.0,0.0,33.320263671875,12.927464918344612
128,0.0,0.0,1.0,0.0,33.320263671875,12.927464918344612
129,0.0,0.0,1.0,0.0,33.320263671875,12.927464918344612
130,0.0,0.0,1.0,0.0,33.320263671875,12.927464918344612
131,0.0,0.0,1.0,0.0,33.320263671875,12.927464918344612
132,0.0,0.0,1.0,0.0,33.320263671875,12.927464918344612
133,0.0,0.0,1.0,0.0,33.320263671875,12.927464918344612
134,0.0,0.0,1.0,0.0,33.320263671875,12.927464918344612
135,0.0,0.0,1.0,0.0,33.320263671875,12.927464918344612
136,0.0,0.0,1.0,0.0,33.320263671875,12.927464918344612
137,0.0,0.0,1.0,0.0,33.320263671875,12.927464918344612
138,0.0,0.0,1.0,0.0,33.320263671875,12.927464918344612
139,0.0,0.0,1.0,0.0,33.320263671875,12.927464918344612
140,0.0,0.0,1.0,0.0,33.320263671875,12.927464918344612
141,0.0,0.0,1.0,0.0,33.320263671875,12.927464918344612
142,0.0,0.0,1.0,0.0,33.320263671875,12.927464918344612
143,0.0,0.0,1.0,0.0,33.320263671875,12.927464918344612
144,0.0,0.0,1.0,0.0,33.320263671875,12.927464918344612
145,0.0,0.0,1.0,0.0,33.320263671875,12.927464918344612
146,0.0,0.0,1.0,0.0,33.320263671875,12.927464918344612
147,0.0,0.0,1.0,0.0,33.320263671875,12.927464918344612
148,0.0,0.0,1.0,0.0,33.320263671875,12.927464918344612
149,0.0,0.0,1.0,0.0,33.320263671875,12.927464918344612
150,0.0,0.0,1.0,0.0,33.320263671875,12.927464918344612
151,0.0,0.0,1.0,0.0,33.320263671875,12.927464918344612
152,0.0,0.0,1.0,0.0,33.320263671875,12.927464918344612
153,0.0,0.0,1.0,0.0,33.320263671875,12.927464918344612
154,0.0,0.0,1.0,0.0,33.320263671875,12.927464918344612
155,0.0,0.0,1.0,0.0,33.320263671875,12.927464918344612
156,0.0,0.0,1.0,0.0,33.320263671875,12.927464918344612
157,0.0,0.0,1.0,0.0,33.320263671875,12.927464918344612
158,0.0,0.0,1.0,0.0,33.320263671875,12.927464918344612
159,0.0,0.0,1.0,0.0,33.320263671875,12.927464918344612
160,0.0,0.0,1.0,0.0,33.320263671875,12.927464918344612
161,0.0,0.0,1.0,0.0,33.320263671875,12.927464918344612
162,0.0,0.0,1.0,0.0,33.320263671875,12.927464918344612
163,0.0,0.0,1.0,0.0,33.320263671875,12.927464918344612
164,0.0,0.0,1.0,0.0,33.320263671875,12.927464918344612
165,0.0,0.0,1.0,0.0,33.320263671875,12.927464918344612
166,0.0,0.0,1.0,0.0,33.320263671875,12.927464918344612
167,0.0,0.0,1.0,0.0,33.320263671875,12.927464918344612
168,0.0,0.0,1.0,0.0,33.320263671875,12.927464918344612
169,0.0,0.0,1.0,0.0,33.320263671875,12.927464918344612
170,0.0,0.0,1.0,0.0,33.320263671875,12.927464918344612
171,0.0,0.0,1.0,0.0,33.320263671875,12.927464918344612
172,0.0,0.0,1.0,0.0,33.320263671875,12.927464918344612
173,0.0,0.0,1.0,0.0,33.320263671875,12.927464918344612
174,0.0,0.0,1.0,0.0,33.320263671875,12.927464918344612
175,0.0,0.0,1.0,0.0,33.320263671875,12.927464918344612
176,0.0,0.0,1.0,0.0,33.320263671875,12.927464918344612
177,0.0,0.0,1.0,0.0,33.320263671875,12.927464918344612
178,0.0,0.0,1.0,0.0,33.320263671875,12.927464918344612
179,0.0,0.0,1.0,0.0,33.320263671875,12.927464918344612
180,0.0,0.0,1.0,0.0,33.320263671875,12.927464918344612
181,0.0,0.0,1.0,0.0,33.320263671875,12.927464918344612
182,0.0,0.0,1.0,0.0,33.320263671875,12.927464918344612
183,0.0,0.0,1.0,0.0,33.320263671875,12.927464918344612
184,0.0,0.0,1.0,0.0,33.320263671875,12.927464918344612
185,0.0,0.0,1.0,0.0,33.320263671875,12.927464918344612
186,0.0,0.0,1.0,0.0,33.320263671875,12.927464918344612
187,0.0,0.0,1.0,0.0,33.320263671875,12.927464918344612
188,0.0,0.0,1.0,0.0,33.320263671875,12.927464918344612
189,0.0,0.0,1.0,0.0,33.320263671875,12.927464918344612
190,0.0,0.0,1.0,0.0,33.320263671875,12.927464918344612
191,0.0,0.0,1.0,0.0,33.320263671875,12.927464918344612
192,0.0,0.0,1.0,0.0,33.320263671875,12.927464918344612
193,0.0,0.0,1.0,0.0,33.320263671875,12.927464918344612
194,0.0,0.0,1.0,0.0,33.320263671875,12.927464918344612
195,0.0,0.0,1.0,0.0,33.320263671875,12.927464918344612
196,0.0,0.0,1.0,0.0,33.320263671875,12.927464918344612
197,0.0,0.0,1.0,0.0,33.320263671875,12.927464918344612
198,0.0,0.0,1.0,0.0,33.320263671875,12.927464918344612
199,0.0,0.0,1.0,0.0,33.320263671875,12.927464918344612
200,0.0,0.0,1.0,0.0,33.320263671875,12.927464918344612
201,0.0,0.0,1.0,0.0,33.320263671875,12.927464918344612
202,0.0,0.0,1.0,0.0,33.320263671875,12.927464918344612
203,0.0,0.0,1.0,0.0,33.320263671875,12.927464918344612
204,0.0,0.0,1.0,0.0,33.320263671875,12.927464918344612
205,0.0,0.0,1.0,0.0,33.320263671875,12.927464918344612
206,0.0,0.0,1.0,0.0,33.320263671875,12.927464918344612
207,0.0,0.0,1.0,0.0,33.320263671875,12.927464918344612
208,0.0,0.0,1.0,0.0,33.320263671875,12.927464918344612
209,0.0,0.0,1.0,0.0,33.320263671875,12.927464918344612
210,0.0,0.0,1.0,0.0,33.320263671875,12.927464918344612
211,0.0,0.0,1.0,0.0,33.320263671875,12.927464918344612
212,0.0,0.0,1.0,0.0,33.320263671875,12.927464918344612
213,0.0,0.0,1.0,0.0,33.320263671875,12.927464918344612
214,0.0,0.0,1.0,0.0,33.320263671875,12.927464918344612
215,0.0,0.0,1.0,0.0,33.320263671875,12.927464918344612
216,0.0,0.0,1.0,0.0,33.320263671875,12.927464918344612
217,0.0,0.0,1.0,0.0,33.320263671875,12.927464918344612
218,0.0,0.0,1.0,0.0,33.320263671875,12.927464918344612
219,0.0,0.0,1.0,0.0,33.320263671875,12.927464918344612
220,0.0,0.0,1.0,0.0,33.320263671875,12.927464918344612
221,0.0,0.0,1.0,0.0,33.320263671875,12.927464918344612
222,0.0,0.0,1.0,0.0,33.320263671875,12.927464918344612
223,0.0,0.0,1.0,0.0,33.320263671875,12.927464918344612
224,0.0,0.0,1.0,0.0,33.320263671875,12.927464918344612
225,0.0,0.0,1.0,0.0,33.320263671875,12.927464918344612
226,0.0,0.0,1.0,0.0,33.320263671875,12.927464918344612
227,0.0,0.0,1.0,0.0,33.320263671875,12.927464918344612
228,0.0,0.0,1.0,0.0,33.320263671875,12.927464918344612
229,0.0,0.0,1.0,0.0,33.320263671875,12.927464918344612
230,0.0,0.0,1.0,0.0,33.320263671875,12.927464918344612
231,0.0,0.0,1.0,0.0,33.320263671875,12.927464918344612
232,0.0,0.0,1.0,0.0,33.320263671875,12.927464918344612
233,0.0,0.0,1.0,0.0,33.320263671875,12.927464918344612
234,0.0,0.0,1.0,0.0,33.320263671875,12.927464918344612
235,0.0,0.0,1.0,0.0,33.320263671875,12.927464918344612
236,0.0,0.0,1.0,0.0,33.320263671875,12.927464918344612
237,0.0,0.0,1.0,0.0,33.320263671875,12.927464918344612
238,0.0,0.0,1.0,0.0,33.320263671875,12.927464918344612
239,0.0,0.0,1.0,0.0,33.320263671875,12.927464918344612
240,0.0,0.0,1.0,0.0,33.320263671875,12.927464918344612
241,0.0,0.0,1.0,0.0,33.320263671875,12.927464918344612
242,0.0,0.0,1.0,0.0,33.320263671875,12.927464918344612
243,0.0,0.0,1.0,0.0,33.320263671875,12.927464918344612
244,0.0,0.0,1.0,0.0,33.320263671875,12.927464918344612
245,0.0,0.0,1.0,0.0,33.320263671875,12.927464918344612
246,0.0,0.0,1.0,0.0,33.320263671875,12.927464918344612
247,0.0,0.0,1.0,0.0,33.320263671875,12.927464918344612
248,0.0,0.0,1.0,0.0,33.320263671875,12.927464918344612
249,0.0,0.0,1.0,0.0,33.320263671875,12.927464918344612
250,0.0,0.0,1.0,0.0,33.320263671875,12.927464918344612
251,0.0,0.0,1.0,0.0,33.320263671875,12.927464918344612
252,0.0,0.0,1.0,0.0,33.320263671875,12.927464918344612
253,0.0,0.0,1.0,0.0,33.320263671875,12.927464918344612
254,0.0,0.0,1.0,0.0,33.320263671875,12.927464918344612
255,0.0,0.0,1.0,0.0,33.320263671875,12.927464918344612
256,0.0,0.0,1.0,0.0,33.320263671875,12.927464918344612
257,0.0,0.0,1.0,0.0,33.320263671875,12.927464918344612
258,0.0,0.0,1.0,0.0,33.320263671875,12.927464918344612
259,0.0,0.0,1.0,0.0,33.320263671875,12.927464918344612
260,0.0,0.0,1.0,0.0,33.320263671875,12.927464918344612
261,0.0,0.0,1.0,0.0,33.320263671875,12.927464918344612
262,0.0,0.0,1.0,0.0,33.320263671875,12.927464918344612
263,0.0,0.0,1.0,0.0,33.320263671875,12.927464918344612
264,0.0,0.0,1.0,0.0,33.320263671875,12.927464918344612
265,0.0,0.0,1.0,0.0,33.320263671875,12.927464918344612
266,0.0,0.0,1.0,0.0,33.320263671875,12.927464918344612
267,0.0,0.0,1.0,0.0,33.320263671875,12.927464918344612
268,0.0,0.0,1.0,0.0,33.320263671875,12.927464918344612
269,0.0,0.0,1.0,0.0,33.320263671875,12.927464918344612
270,0.0,0.0,1.0,0.0,33.320263671875,12.927464918344612
271,0.0,0.0,1.0,0.0,33.320263671875,12.927464918344612
272,0.0,0.0,1.0,0.0,33.320263671875,12.927464918344612
273,0.0,0.0,1.0,0.0,33.320263671875,12.927464918344612
274,0.0,0.0,1.0,0.0,33.320263671875,12.927464918344612
275,0.0,0.0,1.0,0.0,33.320263671875,12.927464918344612
276,0.0,0.0,1.0,0.0,33.320263671875,12.927464918344612
277,0.0,0.0,1.0,0.0,33.320263671875,12.927464918344612
278,0.0,0.0,1.0,0.0,33.320263671875,12.927464918344612
279,0.0,0.0,1.0,0.0,33.320263671875,12.927464918344612
280,0.0,0.0,1.0,0.0,33.320263671875,12.927464918344612
281,0.0,0.0,1.0,0.0,33.320263671875,12.927464918344612
282,0.0,0.0,1.0,0.0,33.320263671875,12.927464918344612
283,0.0,0.0,1.0,0.0,33.320263671875,12.927464918344612
284,0.0,0.0,1.0,0.0,33.320263671875,12.927464918344612
285,0.0,0.0,1.0,0.0,33.320263671875,12.927464918344612
286,0.0,0.0,1.0,0.0,33.320263671875,12.927464918344612
287,0.0,0.0,1.0,0.0,33.320263671875,12.927464918344612
288,0.0,0.0,1.0,0.0,33.320263671875,12.927464918344612
289,0.0,0.0,1.0,0.0,33.320263671875,12.927464918344612
290,0.0,0.0,1.0,0.0,33.320263671875,12.927464918344612
291,0.0,0.0,1.0,0.0,33.320263671875,12.927464918344612
292,0.0,0.0,1.0,0.0,33.320263671875,12.927464918344612
293,0.0,0.0,1.0,0.0,33.320263671875,12.927464918344612
294,0.0,0.0,1.0,0.0,33.320263671875,12.927464918344612
295,0.0,0.0,1.0,0.0,33.320263671875,12.927464918344612
296,0.0,0.0,1.0,0.0,33.320263671875,12.927464918344612
297,0.0,0.0,1.0,0.0,33.320263671875,12.927464918344612
298,0.0,0.0,1.0,0.0,33.320263671875,12.927464918344612
299,0.0,0.0,1.0,0.0,33.320263671875,12.927464918344612
300,0.0,0.0,1.0,0.0,33.320263671875,12.927464918344612
301,0.0,0.0,1.0,0.0,33.320263671875,12.927464918344612
302,0.0,0.0,1.0,0.0,33.320263671875,12.927464918344612
303,0.0,0.0,1.0,0.0,33.320263671875,12.927464918344612
304,0.0,0.0,1.0,0.0,33.320263671875,12.927464918344612
305,0.0,0.0,1.0,0.0,33.320263671875,12.927464918344612
306,0.0,0.0,1.0,0.0,33.320263671875,12.927464918344612
307,0.0,0.0,1.0,0.0,33.320263671875,12.927464918344612
308,0.0,0.0,1.0,0.0,33.320263671875,12.927464918344612
309,0.0,0.0,1.0,0.0,33.320263671875,12.927464918344612
310,0.0,0.0,1.0,0.0,33.320263671875,12.927464918344612
311,0.0,0.0,1.0,0.0,33.320263671875,12.927464918344612
312,0.0,0.0,1.0,0.0,33.320263671875,12.927464918344612
313,0.0,0.0,1.0,0.0,33.320263671875,12.927464918344612
314,0.0,0.0,1.0,0.0,33.320263671875,12.927464918344612
315,0.0,0.0,1.0,0.0,33.320263671875,12.927464918344612
316,0.0,0.0,1.0,0.0,33.320263671875,12.927464918344612
317,0.0,0.0,1.0,0.0,33.320263671875,12.927464918344612
318,0.0,0.0,1.0,0.0,33.320263671875,12.927464918344612
319,0.0,0.0,1.0,0.0,33.320263671875,12.927464918344612
320,0.0,0.0,1.0,0.0,33.320263671875,12.927464918344612
321,0.0,0.0,1.0,0.0,33.320263671875,12.927464918344612
322,0.0,0.0,1.0,0.0,33.320263671875,12.927464918344612
323,0.0,0.0,1.0,0.0,33.320263671875,12.927464918344612
324,0.0,0.0,1.0,0.0,33.320263671875,12.927464918344612
325,0.0,0.0,1.0,0.0,33.320263671875,12.927464918344612
326,0.0,0.0,1.0,0.0,33.320263671875,12.927464918344612
327,0.0,0.0,1.0,0.0,33.320263671875,12.927464918344612
328,0.0,0.0,1.0,0.0,33.320263671875,12.927464918344612
329,0.0,0.0,1.0,0.0,33.320263671875,12.927464918344612
330,0.0,0.0,1.0,0.0,33.320263671875,12.927464918344612
331,0.0,0.0,1.0,0.0,33.320263671875,12.927464918344612
332,0.0,0.0,1.0,0.0,33.320263671875,12.927464918344612
333,0.0,0.0,1.0,0.0,33.320263671875,12.927464918344612
334,0.0,0.0,1.0,0.0,33.320263671875,12.927464918344612
335,0.0,0.0,1.0,0.0,33.320263671875,12.927464918344612
336,0.0,0.0,1.0,0.0,33.320263671875,12.927464918344612
337,0.0,0.0,1.0,0.0,33.320263671875,12.927464918344612
338,0.0,0.0,1.0,0.0,33.320263671875,12.927464918344612
339,0.0,0.0,1.0,0.0,33.320263671875,12.927464918344612
340,0.0,0.0,1.0,0.0,33.320263671875,12.927464918344612
341,0.0,0.0,1.0,0.0,33.320263671875,12.927464918344612
342,0.0,0.0,1.0,0.0,33.320263671875,12.927464918344612
343,0.0,0.0,1.0,0.0,33.320263671875,12.927464918344612
344,0.0,0.0,1.0,0.0,33.320263671875,12.927464918344612
345,0.0,0.0,1.0,0.0,33.320263671875,12.927464918344612
346,0.0,0.0,1.0,0.0,33.320263671875,12.927464918344612
347,0.0,0.0,1.0,0.0,33.320263671875,12.927464918344612
348,0.0,0.0,1.0,0.0,33.320263671875,12.927464918344612
349,0.0,0.0,1.0,0.0,33.320263671875,12.927464918344612
350,0.0,0.0,1.0,0.0,33.320263671875,12.927464918344612
351,0.0,0.0,1.0,0.0,33.320263671875,12.927464918344612
352,0.0,0.0,1.0,0.0,33.320263671875,12.927464918344612
353,0.0,0.0,1.0,0.0,33.320263671875,12.927464918344612
354,0.0,0.0,1.0,0.0,33.320263671875,12.927464918344612
355,0.0,0.0,1.0,0.0,33.320263671875,12.927464918344612
356,0.0,0.0,1.0,0.0,33.320263671875,12.927464918344612
357,0.0,0.0,1.0,0.0,33.320263671875,12.927464918344612
358,0.0,0.0,1.0,0.0,33.320263671875,12.927464918344612
359,0.0,0.0,1.0,0.0,33.320263671875,12.927464918344612
360,0.0,0.0,1.0,0.0,33.320263671875,12.927464918344612
361,0.0,0.0,1.0,0.0,33.320263671875,12.927464918344612
362,0.0,0.0,1.0,0.0,33.320263671875,12.927464918344612
363,0.0,0.0,1.0,0.0,33.320263671875,12.927464918344612
364,0.0,0.0,1.0,0.0,33.320263671875,12.927464918344612
365,0.0,0.0,1.0,0.0,33.320263671875,12.927464918344612
366,0.0,0.0,1.0,0.0,33.320263671875,12.927464918344612
367,0.0,0.0,1.0,0.0,33.320263671875,12.927464918344612
368,0.0,0.0,1.0,0.0,33.320263671875,12.927464918344612
369,0.0,0.0,1.0,0.0,33.320263671875,12.927464918344612
370,0.0,0.0,1.0,0.0,33.320263671875,12.927464918344612
371,0.0,0.0,1.0,0.0,33.320263671875,12.927464918344612
372,0.0,0.0,1.0,0.0,33.320263671875,12.927464918344612
373,0.0,0.0,1.0,0.0,33.320263671875,12.927464918344612
374,0.0,0.0,1.0,0.0,33.320263671875,12.927464918344612
375,0.0,0.0,1.0,0.0,33.320263671875,12.927464918344612
376,0.0,0.0,1.0,0.0,33.320263671875,12.927464918344612
377,0.0,0.0,1.0,0.0,33.320263671875,12.927464918344612
378,0.0,0.0,1.0,0.0,33.320263671875,12.927464918344612
379,0.0,0.0,1.0,0.0,33.320263671875,12.927464918344612
380,0.0,0.0,1.0,0.0,33.320263671875,12.927464918344612
381,0.0,0.0,1.0,0.0,33.320263671875,12.927464918344612
382,0.0,0.0,1.0,0.0,33.320263671875,12.927464918344612
383,0.0,0.0,1.0,0.0,33.320263671875,12.927464918344612
384,0.0,0.0,1.0,0.0,33.320263671875,12.927464918344612
385,0.0,0.0,1.0,0.0,33.320263671875,12.927464918344612
386,0.0,0.0,1.0,0.0,33.320263671875,12.927464918344612
387,0.0,0.0,1.0,0.0,33.320263671875,12.927464918344612
388,0.0,0.0,1.0,0.0,33.320263671875,12.927464918344612
389,0.0,0.0,1.0,0.0,33.320263671875,12.927464918344612
390,0.0,0.0,1.0,0.0,33.320263671875,12.927464918344612
391,0.0,0.0,1.0,0.0,33.320263671875,12.927464918344612
392,0.0,0.0,1.0,0.0,33.320263671875,12.927464918344612
393,0.0,0.0,1.0,0.0,33.320263671875,12.927464918344612
394,0.0,0.0,1.0,0.0,33.320263671875,12.927464918344612
395,0.0,0.0,1.0,0.0,33.320263671875,12.927464918344612
396,0.0,0.0,1.0,0.0,33.320263671875,12.927464918344612
397,0.0,0.0,1.0,0.0,33.320263671875,12.927464918344612
398,0.0,0.0,1.0,0.0,33.320263671875,12.927464918344612
399,0.0,0.0,1.0,0.0,33.320263671875,12.927464918344612
400,0.0,0.0,1.0,0.0,33.320263671875,12.927464918344612
401,0.0,0.0,1.0,0.0,33.320263671875,12.927464918344612
402,0.0,0.0,1.0,0.0,33.320263671875,12.927464918344612
403,0.0,0.0,1.0,0.0,33.320263671875,12.927464918344612
404,0.0,0.0,1.0,0.0,33.320263671875,12.927464918344612
405,0.0,0.0,1.0,0.0,33.320263671875,12.927464918344612
406,0.0,0.0,1.0,0.0,33.320263671875,12.927464918344612
407,0.0,0.0,1.0,0.0,33.320263671875,12.927464918344612
408,0.0,0.0,1.0,0.0,33.320263671875,12.927464918344612
409,0.0,0.0,1.0,0.0,33.320263671875,12.927464918344612
410,0.0,0.0,1.0,0.0,33.320263671875,12.927464918344612
411,0.0,0.0,1.0,0.0,33.320263671875,12.927464918344612
412,0.0,0.0,1.0,0.0,33.320263671875,12.927464918344612
413,0.0,0.0,1.0,0.0,33.320263671875,12.927464918344612
414,0.0,0.0,1.0,0.0,33.320263671875,12.927464918344612
415,0.0,0.0,1.0,0.0,33.320263671875,12.927464918344612
416,0.0,0.0,1.0,0.0,33.320263671875,12.927464918344612
417,0.0,0.0,1.0,0.0,33.320263671875,12.927464918344612
418,0.0,0.0,1.0,0.0,33.320263671875,12.927464918344612
419,0.0,0.0,1.0,0.0,33.320263671875,12.927464918344612
420,0.0,0.0,1.0,0.0,33.320263671875,12.927464918344612
421,0.0,0.0,1.0,0.0,33.320263671875,12.927464918344612
422,0.0,0.0,1.0,0.0,33.320263671875,12.927464918344612
423,0.0,0.0,1.0,0.0,33.320263671875,12.927464918344612
424,0.0,0.0,1.0,0.0,33.320263671875,12.927464918344612
425,0.0,0.0,1.0,0.0,33.320263671875,12.927464918344612
426,0.0,0.0,1.0,0.0,33.320263671875,12.927464918344612
427,0.0,0.0,1.0,0.0,33.320263671875,12.927464918344612
428,0.0,0.0,1.0,0.0,33.320263671875,12.927464918344612
429,0.0,0.0,1.0,0.0,33.320263671875,12.927464918344612
430,0.0,0.0,1.0,0.0,33.320263671875,12.927464918344612
431,0.0,0.0,1.0,0.0,33.320263671875,12.927464918344612
432,0.0,0.0,1.0,0.0,33.320263671875,12.927464918344612
433,0.0,0.0,1.0,0.0,33.320263671875,12.927464918344612
434,0.0,0.0,1.0,0.0,33.320263671875,12.927464918344612
435,0.0,0.0,1.0,0.0,33.320263671875,12.927464918344612
436,0.0,0.0,1.0,0.0,33.320263671875,12.927464918344612
437,0.0,0.0,1.0,0.0,33.320263671875,12.927464918344612
438,0.0,0.0,1.0,0.0,33.320263671875,12.927464918344612
439,0.0,0.0,1.0,0.0,33.320263671875,12.927464918344612
440,0.0,0.0,1.0,0.0,33.320263671875,12.927464918344612
441,0.0,0.0,1.0,0.0,33.320263671875,12.927464918344612
442,0.0,0.0,1.0,0.0,33.320263671875,12.927464918344612
443,0.0,0.0,1.0,0.0,33.320263671875,12.927464918344612
444,0.0,0.0,1.0,0.0,33.320263671875,12.927464918344612
445,0.0,0.0,1.0,0.0,33.320263671875,12.927464918344612
446,0.0,0.0,1.0,0.0,33.320263671875,12.927464918344612
447,0.0,0.0,1.0,0.0,33.320263671875,12.927464918344612
448,0.0,0.0,1.0,0.0,33.320263671875,12.927464918344612
449,0.0,0.0,1.0,0.0,33.320263671875,12.927464918344612
450,0.0,0.0,1.0,0.0,33.320263671875,12.927464918344612
451,0.0,0.0,1.0,0.0,33.320263671875,12.927464918344612
452,0.0,0.0,1.0,0.0,33.320263671875,12.927464918344612
453,0.0,0.0,1.0,0.0,33.320263671875,12.927464918344612
454,0.0,0.0,1.0,0.0,33.320263671875,12.927464918344612
455,0.0,0.0,1.0,0.0,33.320263671875,12.927464918344612
456,0.0,0.0,1.0,0.0,33.320263671875,12.927464918344612
457,0.0,0.0,1.0,0.0,33.320263671875,12.927464918344612
458,0.0,0.0,1.0,0.0,33.320263671875,12.927464918344612
459,0.0,0.0,1.0,0.0,33.320263671875,12.927464918344612
460,0.0,0.0,1.0,0.0,33.320263671875,12.927464918344612
461,0.0,0.0,1.0,0.0,33.320263671875,12.927464918344612
462,0.0,0.0,1.0,0.0,33.320263671875,12.927464918344612
463,0.0,0.0,1.0,0.0,33.320263671875,12.927464918344612
464,0.0,0.0,1.0,0.0,33.320263671875,12.927464918344612
465,0.0,0.0,1.0,0.0,33.320263671875,12.927464918344612
466,0.0,0.0,1.0,0.0,33.320263671875,12.927464918344612
467,0.0,0.0,1.0,0.0,33.320263671875,12.927464918344612
468,0.0,0.0,1.0,0.0,33.320263671875,12.927464918344612
469,0.0,0.0,1.0,0.0,33.320263671875,12.927464918344612
470,0.0,0.0,1.0,0.0,33.320263671875,12.927464918344612
471,0.0,0.0,1.0,0.0,33.320263671875,12.927464918344612
472,0.0,0.0,1.0,0.0,33.320263671875,12.927464918344612
473,0.0,0.0,1.0,0.0,33.320263671875,12.927464918344612
474,0.0,0.0,1.0,0.0,33.320263671875,12.927464918344612
475,0.0,0.0,1.0,0.0,33.320263671875,12.927464918344612
476,0.0,0.0,1.0,0.0,33.320263671875,12.927464918344612
477,0.0,0.0,1.0,0.0,33.320263671875,12.927464918344612
478,0.0,0.0,1.0,0.0,33.320263671875,12.927464918344612
479,0.0,0.0,1.0,0.0,33.320263671875,12.927464918344612
480,0.0,0.0,1.0,0.0,33.320263671875,12.927464918344612
481,0.0,0.0,1.0,0.0,33.320263671875,12.927464918344612
482,0.0,0.0,1.0,0.0,33.320263671875,12.927464918344612
483,0.0,0.0,1.0,0.0,33.320263671875,12.927464918344612
484,0.0,0.0,1.0,0.0,33.320263671875,12.927464918344612
485,0.0,0.0,1.0,0.0,33.320263671875,12.927464918344612
486,0.0,0.0,1.0,0.0,33.320263671875,12.927464918344612
487,0.0,0.0,1.0,0.0,33.320263671875,12.927464918344612
488,0.0,0.0,1.0,0.0,33.320263671875,12.927464918344612
489,0.0,0.0,1.0,0.0,33.320263671875,12.927464918344612
490,0.0,0.0,1.0,0.0,33.320263671875,12.927464918344612
491,0.0,0.0,1.0,0.0,33.320263671875,12.927464918344612
492,0.0,0.0,1.0,0.0,33.320263671875,12.927464918344612
493,0.0,0.0,1.0,0.0,33.320263671875,12.927464918344612
494,0.0,0.0,1.0,0.0,33.320263671875,12.927464918344612
495,0.0,0.0,1.0,0.0,33.320263671875,12.927464918344612
496,0.0,0.0,1.0,0.0,33.320263671875,12.927464918344612
497,0.0,0.0,1.0,0.0,33.320263671875,12.927464918344612
498,0.0,0.0,1.0,0.0,33.320263671875,12.927464918344612
499,0.0,0.0,1.0,0.0,33.320263671875,12.927464918344612
500,0.0,0.0,1.0,0.0,33.320263671875,12.927464918344612
501,0.0,0.0,1.0,0.0,33.320263671875,12.927464918344612
502,0.0,0.0,1.0,0.0,33.320263671875,12.927464918344612
503,0.0,0.0,1.0,0.0,33.320263671875,12.927464918344612
504,0.0,0.0,1.0,0.0,33.320263671875,12.927464918344612
505,0.0,0.0,1.0,0.0,33.320263671875,12.927464918344612
506,0.0,0.0,1.0,0.0,33.320263671875,12.927464918344612
507,0.0,0.0,1.0,0.0,33.320263671875,12.927464918344612
508,0.0,0.0,1.0,0.0,33.320263671875,12.927464918344612
509,0.0,0.0,1.0,0.0,33.320263671875,12.927464918344612
510,0.0,0.0,1.0,0.0,33.320263671875,12.927464918344612
511,0.0,0.0,1.0,0.0,33.320263671875,12.927464918344612
512,0.0,0.0,1.0,0.0,33.320263671875,12.927464918344612
513,0.0,0.0,1.0,0.0,33.320263671875,12.927464918344612
514,0.0,0.0,1.0,0.0,33.320263671875,12.927464918344612
515,0.0,0.0,1.0,0.0,33.320263671875,12.927464918344612
516,0.0,0.0,1.0,0.0,33.320263671875,12.927464918344612
517,0.0,0.0,1.0,0.0,33.320263671875,12.927464918344612
518,0.0,0.0,1.0,0.0,33.320263671875,12.927464918344612
519,0.0,0.0,1.0,0.0,33.320263671875,12.927464918344612
520,0.0,0.0,1.0,0.0,33.320263671875,12.927464918344612
521,0.0,0.0,1.0,0.0,33.320263671875,12.927464918344612
522,0.0,0.0,1.0,0.0,33.320263671875,12.927464918344612
523,0.0,0.0,1.0,0.0,33.320263671875,12.927464918344612
524,0.0,0.0,1.0,0.0,33.320263671875,12.927464918344612
525,0.0,0.0,1.0,0.0,33.320263671875,12.927464918344612
526,0.0,0.0,1.0,0.0,33.320263671875,12.927464918344612
527,0.0,0.0,1.0,0.0,33.320263671875,12.927464918344612
528,0.0,0.0,1.0,0.0,33.320263671875,12.927464918344612
529,0.0,0.0,1.0,0.0,33.320263671875,12.927464918344612
530,0.0,0.0,1.0,0.0,33.320263671875,12.927464918344612
531,0.0,0.0,1.0,0.0,33.320263671875,12.927464918344612
532,0.0,0.0,1.0,0.0,33.320263671875,12.927464918344612
533,0.0,0.0,1.0,0.0,33.320263671875,12.927464918344612
534,0.0,0.0,1.0,0.0,33.320263671875,12.927464918344612
535,0.0,0.0,1.0,0.0,33.320263671875,12.927464918344612
536,0.0,0.0,1.0,0.0,33.320263671875,12.927464918344612
537,0.0,0.0,1.0,0.0,33.320263671875,12.927464918344612
538,0.0,0.0,1.0,0.0,33.320263671875,12.927464918344612
539,0.0,0.0,1.0,0.0,33.320263671875,12.927464918344612
540,0.0,0.0,1.0,0.0,33.320263671875,12.927464918344612
541,0.0,0.0,1.0,0.0,33.320263671875,12.927464918344612
542,0.0,0.0,1.0,0.0,33.320263671875,12.927464918344612
543,0.0,0.0,1.0,0.0,33.320263671875,12.927464918344612
544,0.0,0.0,1.0,0.0,33.320263671875,12.927464918344612
545,0.0,0.0,1.0,0.0,33.320263671875,12.927464918344612
546,0.0,0.0,1.0,0.0,33.320263671875,12.927464918344612
547,0.0,0.0,1.0,0.0,33.320263671875,12.927464918344612
548,0.0,0.0,1.0,0.0,33.320263671875,12.927464918344612
549,0.0,0.0,1.0,0.0,33.320263671875,12.927464918344612
550,0.0,0.0,1.0,0.0,33.320263671875,12.927464918344612
551,0.0,0.0,1.0,0.0,33.320263671875,12.927464918344612
552,0.0,0.0,1.0,0.0,33.320263671875,12.927464918344612
553,0.0,0.0,1.0,0.0,33.320263671875,12.927464918344612
554,0.0,0.0,1.0,0.0,33.320263671875,12.927464918344612
555,0.0,0.0,1.0,0.0,33.320263671875,12.927464918344612
556,0.0,0.0,1.0,0.0,33.320263671875,12.927464918344612
557,0.0,0.0,1.0,0.0,33.320263671875,12.927464918344612
558,0.0,0.0,1.0,0.0,33.320263671875,12.927464918344612
559,0.0,0.0,1.0,0.0,33.320263671875,12.927464918344612
560,0.0,0.0,1.0,0.0,33.320263671875,12.927464918344612
561,0.0,0.0,1.0,0.0,33.320263671875,12.927464918344612
562,0.0,0.0,1.0,0.0,33.320263671875,12.927464918344612
563,0.0,0.0,1.0,0.0,33.320263671875,12.927464918344612
564,0.0,0.0,1.0,0.0,33.320263671875,12.927464918344612
565,0.0,0.0,1.0,0.0,33.320263671875,12.927464918344612
566,0.0,0.0,1.0,0.0,33.320263671875,12.927464918344612
567,0.0,0.0,1.0,0.0,33.320263671875,12.927464918344612
568,0.0,0.0,1.0,0.0,33.320263671875,12.927464918344612
569,0.0,0.0,1.0,0.0,33.320263671875,12.927464918344612
570,0.0,0.0,1.0,0.0,33.320263671875,12.927464918344612
571,0.0,0.0,1.0,0.0,33.320263671875,12.927464918344612
572,0.0,0.0,1.0,0.0,33.320263671875,12.927464918344612
573,0.0,0.0,1.0,0.0,33.320263671875,12.927464918344612
574,0.0,0.0,1.0,0.0,33.320263671875,12.927464918344612
575,0.0,0.0,1.0,0.0,33.320263671875,12.927464918344612
576,0.0,0.0,1.0,0.0,33.320263671875,12.927464918344612
577,0.0,0.0,1.0,0.0,33.320263671875,12.927464918344612
578,0.0,0.0,1.0,0.0,33.320263671875,12.927464918344612
579,0.0,0.0,1.0,0.0,33.320263671875,12.927464918344612
580,0.0,0.0,1.0,0.0,33.320263671875,12.927464918344612
581,0.0,0.0,1.0,0.0,33.320263671875,12.927464918344612
582,0.0,0.0,1.0,0.0,33.320263671875,12.927464918344612
583,0.0,0.0,1.0,0.0,33.320263671875,12.927464918344612
584,0.0,0.0,1.0,0.0,33.320263671875,12.927464918344612
585,0.0,0.0,1.0,0.0,33.320263671875,12.927464918344612
586,0.0,0.0,1.0,0.0,33.320263671875,12.927464918344612
587,0.0,0.0,1.0,0.0,33.320263671875,12.927464918344612
588,0.0,0.0,1.0,0.0,33.320263671875,12.927464918344612
589,0.0,0.0,1.0,0.0,33.320263671875,12.927464918344612
590,0.0,0.0,1.0,0.0,33.320263671875,12.927464918344612
591,0.0,0.0,1.0,0.0,33.320263671875,12.927464918344612
592,0.0,0.0,1.0,0.0,33.320263671875,12.927464918344612
593,0.0,0.0,1.0,0.0,33.320263671875,12.927464918344612
594,0.0,0.0,1.0,0.0,33.320263671875,12.927464918344612
595,0.0,0.0,1.0,0.0,33.320263671875,12.927464918344612
596,0.0,0.0,1.0,0.0,33.320263671875,12.927464918344612
597,0.0,0.0,1.0,0.0,33.320263671875,12.927464918344612
598,0.0,0.0,1.0,0.0,33.320263671875,12.927464918344612
599,0.0,0.0,1.0,0.0,33.320263671875,12.927464918344612
600,0.0,0.0,1.0,0.0,33.320263671875,12.927464918344612
601,0.0,0.0,1.0,0.0,33.320263671875,12.927464918344612
602,0.0,0.0,1.0,0.0,33.320263671875,12.927464918344612
603,0.0,0.0,1.0,0.0,33.320263671875,12.927464918344612
604,0.0,0.0,1.0,0.0,33.320263671875,12.927464918344612
605,0.0,0.0,1.0,0.0,33.320263671875,12.927464918344612
606,0.0,0.0,1.0,0.0,33.320263671875,12.927464918344612
607,0.0,0.0,1.0,0.0,33.320263671875,12.927464918344612
608,0.0,0.0,1.0,0.0,33.320263671875,12.927464918344612
609,0.0,0.0,1.0,0.0,33.320263671875,12.927464918344612
610,0.0,0.0,1.0,0.0,33.320263671875,12.927464918344612
611,0.0,0.0,1.0,0.0,33.320263671875,12.927464918344612
612,0.0,0.0,1.0,0.0,33.320263671875,12.927464918344612
613,0.0,0.0,1.0,0.0,33.320263671875,12.927464918344612
614,0.0,0.0,1.0,0.0,33.320263671875,12.927464918344612
615,0.0,0.0,1.0,0.0,33.320263671875,12.927464918344612
616,0.0,0.0,1.0,0.0,33.320263671875,12.927464918344612
617,0.0,0.0,1.0,0.0,33.320263671875,12.927464918344612
618,0.0,0.0,1.0,0.0,33.320263671875,12.927464918344612
619,0.0,0.0,1.0,0.0,33.320263671875,12.927464918344612
620,0.0,0.0,1.0,0.0,33.320263671875,12.927464918344612
621,0.0,0.0,1.0,0.0,33.320263671875,12.927464918344612
622,0.0,0.0,1.0,0.0,33.320263671875,12.927464918344612
623,0.0,0.0,1.0,0.0,33.320263671875,12.927464918344612
624,0.0,0.0,1.0,0.0,33.320263671875,12.927464918344612
625,0.0,0.0,1.0,0.0,33.320263671875,12.927464918344612
626,0.0,0.0,1.0,0.0,33.320263671875,12.927464918344612
627,0.0,0.0,1.0,0.0,33.320263671875,12.927464918344612
628,0.0,0.0,1.0,0.0,33.320263671875,12.927464918344612
629,0.0,0.0,1.0,0.0,33.320263671875,12.927464918344612
630,0.0,0.0,1.0,0.0,33.320263671875,12.927464918344612
631,0.0,0.0,1.0,0.0,33.320263671875,12.927464918344612
632,0.0,0.0,1.0,0.0,33.320263671875,12.927464918344612
633,0.0,0.0,1.0,0.0,33.320263671875,12.927464918344612
634,0.0,0.0,1.0,0.0,33.320263671875,12.927464918344612
635,0.0,0.0,1.0,0.0,33.320263671875,12.927464918344612
636,0.0,0.0,1.0,0.0,33.320263671875,12.927464918344612
637,0.0,0.0,1.0,0.0,33.320263671875,12.927464918344612
638,0.0,0.0,1.0,0.0,33.320263671875,12.927464918344612
639,0.0,0.0,1.0,0.0,33.320263671875,12.927464918344612
640,0.0,0.0,1.0,0.0,33.320263671875,12.927464918344612
641,0.0,0.0,1.0,0.0,33.320263671875,12.927464918344612
642,0.0,0.0,1.0,0.0,33.320263671875,12.927464918344612
643,0.0,0.0,1.0,0.0,33.320263671875,12.927464918344612
644,0.0,0.0,1.0,0.0,33.320263671875,12.927464918344612
645,0.0,0.0,1.0,0.0,33.320263671875,12.927464918344612
646,0.0,0.0,1.0,0.0,33.320263671875,12.927464918344612
647,0.0,0.0,1.0,0.0,33.320263671875,12.927464918344612
648,0.0,0.0,1.0,0.0,33.320263671875,12.927464918344612
649,0.0,0.0,1.0,0.0,33.320263671875,12.927464918344612
650,0.0,0.0,1.0,0.0,33.320263671875,12.927464918344612
651,0.0,0.0,1.0,0.0,33.320263671875,12.927464918344612
652,0.0,0.0,1.0,0.0,33.320263671875,12.927464918344612
653,0.0,0.0,1.0,0.0,33.320263671875,12.927464918344612
654,0.0,0.0,1.0,0.0,33.320263671875,12.927464918344612
655,0.0,0.0,1.0,0.0,33.320263671875,12.927464918344612
656,0.0,0.0,1.0,0.0,33.320263671875,12.927464918344612
657,0.0,0.0,1.0,0.0,33.320263671875,12.927464918344612
658,0.0,0.0,1.0,0.0,33.320263671875,12.927464918344612
659,0.0,0.0,1.0,0.0,33.320263671875,12.927464918344612
660,0.0,0.0,1.0,0.0,33.320263671875,12.927464918344612
661,0.0,0.0,1.0,0.0,33.320263671875,12.927464918344612
662,0.0,0.0,1.0,0.0,33.320263671875,12.927464918344612
663,0.0,0.0,1.0,0.0,33.320263671875,12.927464918344612
664,0.0,0.0,1.0,0.0,33.320263671875,12.927464918344612
665,0.0,0.0,1.0,0.0,33.320263671875,12.927464918344612
666,0.0,0.0,1.0,0.0,33.320263671875,12.927464918344612
667,0.0,0.0,1.0,0.0,33.320263671875,12.927464918344612
668,0.0,0.0,1.0,0.0,33.320263671875,12.927464918344612
669,0.0,0.0,1.0,0.0,33.320263671875,12.927464918344612
670,0.0,0.0,1.0,0.0,33.320263671875,12.927464918344612
671,0.0,0.0,1.0,0.0,33.320263671875,12.927464918344612
672,0.0,0.0,1.0,0.0,33.320263671875,12.927464918344612
673,0.0,0.0,1.0,0.0,33.320263671875,12.927464918344612
674,0.0,0.0,1.0,0.0,33.320263671875,12.927464918344612
675,0.0,0.0,1.0,0.0,33.320263671875,12.927464918344612
676,0.0,0.0,1.0,0.0,33.320263671875,12.927464918344612
677,0.0,0.0,1.0,0.0,33.320263671875,12.927464918344612
678,0.0,0.0,1.0,0.0,33.320263671875,12.927464918344612
679,0.0,0.0,1.0,0.0,33.320263671875,12.927464918344612
680,0.0,0.0,1.0,0.0,33.320263671875,12.927464918344612
681,0.0,0.0,1.0,0.0,33.320263671875,12.927464918344612
682,0.0,0.0,1.0,0.0,33.320263671875,12.927464918344612
683,0.0,0.0,1.0,0.0,33.320263671875,12.927464918344612
684,0.0,0.0,1.0,0.0,33.320263671875,12.927464918344612
685,0.0,0.0,1.0,0.0,33.320263671875,12.927464918344612
686,0.0,0.0,1.0,0.0,33.320263671875,12.927464918344612
687,0.0,0.0,1.0,0.0,33.320263671875,12.927464918344612
688,0.0,0.0,1.0,0.0,33.320263671875,12.927464918344612
689,0.0,0.0,1.0,0.0,33.320263671875,12.927464918344612
690,0.0,0.0,1.0,0.0,33.320263671875,12.927464918344612
691,0.0,0.0,1.0,0.0,33.320263671875,12.927464918344612
692,0.0,0.0,1.0,0.0,33.320263671875,12.927464918344612
693,0.0,0.0,1.0,0.0,33.320263671875,12.927464918344612
694,0.0,0.0,1.0,0.0,33.320263671875,12.927464918344612
695,0.0,0.0,1.0,0.0,33.320263671875,12.927464918344612
696,0.0,0.0,1.0,0.0,33.320263671875,12.927464918344612
697,0.0,0.0,1.0,0.0,33.320263671875,12.927464918344612
698,0.0,0.0,1.0,0.0,33.320263671875,12.927464918344612
699,0.0,0.0,1.0,0.0,33.320263671875,12.927464918344612
700,0.0,0.0,1.0,0.0,33.320263671875,12.927464918344612
701,0.0,0.0,1.0,0.0,33.320263671875,12.927464918344612
702,0.0,0.0,1.0,0.0,33.320263671875,12.927464918344612
703,0.0,0.0,1.0,0.0,33.320263671875,12.927464918344612
704,0.0,0.0,1.0,0.0,33.320263671875,12.927464918344612
705,0.0,0.0,1.0,0.0,33.320263671875,12.927464918344612
706,0.0,0.0,1.0,0.0,33.320263671875,12.927464918344612
707,0.0,0.0,1.0,0.0,33.320263671875,12.927464918344612
708,0.0,0.0,1.0,0.0,33.320263671875,12.927464918344612
709,0.0,0.0,1.0,0.0,33.320263671875,12.927464918344612
710,0.0,0.0,1.0,0.0,33.320263671875,12.927464918344612
711,0.0,0.0,1.0,0.0,33.320263671875,12.927464918344612
712,0.0,0.0,1.0,0.0,33.320263671875,12.927464918344612
713,0.0,0.0,1.0,0.0,33.320263671875,12.927464918344612
714,0.0,0.0,1.0,0.0,33.320263671875,12.927464918344612
715,0.0,0.0,1.0,0.0,33.320263671875,12.927464918344612
716,0.0,0.0,1.0,0.0,33.320263671875,12.927464918344612
717,0.0,0.0,1.0,0.0,33.320263671875,12.927464918344612
718,0.0,0.0,1.0,0.0,33.320263671875,12.927464918344612
719,0.0,0.0,1.0,0.0,33.320263671875,12.927464918344612
720,0.0,0.0,1.0,0.0,33.320263671875,12.927464918344612
721,0.0,0.0,1.0,0.0,33.320263671875,12.927464918344612
722,0.0,0.0,1.0,0.0,33.320263671875,12.927464918344612
723,0.0,0.0,1.0,0.0,33.320263671875,12.927464918344612
724,0.0,0.0,1.0,0.0,33.320263671875,12.927464918344612
725,0.0,0.0,1.0,0.0,33.320263671875,12.927464918344612
726,0.0,0.0,1.0,0.0,33.320263671875,12.927464918344612
727,0.0,0.0,1.0,0.0,33.320263671875,12.927464918344612
728,0.0,0.0,1.0,0.0,33.320263671875,12.927464918344612
729,0.0,0.0,1.0,0.0,33.320263671875,12.927464918344612
730,0.0,0.0,1.0,0.0,33.320263671875,12.927464918344612
731,0.0,0.0,1.0,0.0,33.320263671875,12.927464918344612
732,0.0,0.0,1.0,0.0,33.320263671875,12.927464918344612
733,0.0,0.0,1.0,0.0,33.320263671875,12.927464918344612
734,0.0,0.0,1.0,0.0,33.320263671875,12.927464918344612
735,0.0,0.0,1.0,0.0,33.320263671875,12.927464918344612
736,0.0,0.0,1.0,0.0,33.320263671875,12.927464918344612
737,0.0,0.0,1.0,0.0,33.320263671875,12.927464918344612
738,0.0,0.0,1.0,0.0,33.320263671875,12.927464918344612
739,0.0,0.0,1.0,0.0,33.320263671875,12.927464918344612
740,0.0,0.0,1.0,0.0,33.320263671875,12.927464918344612
741,0.0,0.0,1.0,0.0,33.320263671875,12.927464918344612
742,0.0,0.0,1.0,0.0,33.320263671875,12.927464918344612
743,0.0,0.0,1.0,0.0,33.320263671875,12.927464918344612
744,0.0,0.0,1.0,0.0,33.320263671875,12.927464918344612
745,0.0,0.0,1.0,0.0,33.320263671875,12.927464918344612
746,0.0,0.0,1.0,0.0,33.320263671875,12.927464918344612
747,0.0,0.0,1.0,0.0,33.320263671875,12.927464918344612
748,0.0,0.0,1.0,0.0,33.320263671875,12.927464918344612
749,0.0,0.0,1.0,0.0,33.320263671875,12.927464918344612
750,0.0,0.0,1.0,0.0,33.320263671875,12.927464918344612
751,0.0,0.0,1.0,0.0,33.320263671875,12.927464918344612
752,0.0,0.0,1.0,0.0,33.320263671875,12.927464918344612
753,0.0,0.0,1.0,0.0,33.320263671875,12.927464918344612
754,0.0,0.0,1.0,0.0,33.320263671875,12.927464918344612
755,0.0,0.0,1.0,0.0,33.320263671875,12.927464918344612
756,0.0,0.0,1.0,0.0,33.320263671875,12.927464918344612
757,0.0,0.0,1.0,0.0,33.320263671875,12.927464918344612
758,0.0,0.0,1.0,0.0,33.320263671875,12.927464918344612
759,0.0,0.0,1.0,0.0,33.320263671875,12.927464918344612
760,0.0,0.0,1.0,0.0,33.320263671875,12.927464918344612
761,0.0,0.0,1.0,0.0,33.320263671875,12.927464918344612
762,0.0,0.0,1.0,0.0,33.320263671875,12.927464918344612
763,0.0,0.0,1.0,0.0,33.320263671875,12.927464918344612
764,0.0,0.0,1.0,0.0,33.320263671875,12.927464918344612
765,0.0,0.0,1.0,0.0,33.320263671875,12.927464918344612
766,0.0,0.0,1.0,0.0,33.320263671875,12.927464918344612
767,0.0,0.0,1.0,0.0,33.320263671875,12.927464918344612
768,0.0,0.0,1.0,0.0,33.320263671875,12.927464918344612
769,0.0,0.0,1.0,0.0,33.320263671875,12.927464918344612
770,0.0,0.0,1.0,0.0,33.320263671875,12.927464918344612
771,0.0,0.0,1.0,0.0,33.320263671875,12.927464918344612
772,0.0,0.0,1.0,0.0,33.320263671875,12.927464918344612
773,0.0,0.0,1.0,0.0,33.320263671875,12.927464918344612
774,0.0,0.0,1.0,0.0,33.320263671875,12.927464918344612
775,0.0,0.0,1.0,0.0,33.320263671875,12.927464918344612
776,0.0,0.0,1.0,0.0,33.320263671875,12.927464918344612
777,0.0,0.0,1.0,0.0,33.320263671875,12.927464918344612
778,0.0,0.0,1.0,0.0,33.320263671875,12.927464918344612
779,0.0,0.0,1.0,0.0,33.320263671875,12.927464918344612
780,0.0,0.0,1.0,0.0,33.320263671875,12.927464918344612
781,0.0,0.0,1.0,0.0,33.320263671875,12.927464918344612
782,0.0,0.0,1.0,0.0,33.320263671875,12.927464918344612
783,0.0,0.0,1.0,0.0,33.320263671875,12.927464918344612
784,0.0,0.0,1.0,0.0,33.320263671875,12.927464918344612
785,0.0,0.0,1.0,0.0,33.320263671875,12.927464918344612
786,0.0,0.0,1.0,0.0,33.320263671875,12.927464918344612
787,0.0,0.0,1.0,0.0,33.320263671875,12.927464918344612
788,0.0,0.0,1.0,0.0,33.320263671875,12.927464918344612
789,0.0,0.0,1.0,0.0,33.320263671875,12.927464918344612
790,0.0,0.0,1.0,0.0,33.320263671875,12.927464918344612
791,0.0,0.0,1.0,0.0,33.320263671875,12.927464918344612
792,0.0,0.0,1.0,0.0,33.320263671875,12.927464918344612
793,0.0,0.0,1.0,0.0,33.320263671875,12.927464918344612
794,0.0,0.0,1.0,0.0,33.320263671875,12.927464918344612
795,0.0,0.0,1.0,0.0,33.320263671875,12.927464918344612
796,0.0,0.0,1.0,0.0,33.320263671875,12.927464918344612
797,0.0,0.0,1.0,0.0,33.320263671875,12.927464918344612
798,0.0,0.0,1.0,0.0,33.320263671875,12.927464918344612
799,0.0,0.0,1.0,0.0,33.320263671875,12.927464918344612
800,0.0,0.0,1.0,0.0,33.320263671875,12.927464918344612
801,0.0,0.0,1.0,0.0,33.320263671875,12.927464918344612
802,0.0,0.0,1.0,0.0,33.320263671875,12.927464918344612
803,0.0,0.0,1.0,0.0,33.320263671875,12.927464918344612
804,0.0,0.0,1.0,0.0,33.320263671875,12.927464918344612
805,0.0,0.0,1.0,0.0,33.320263671875,12.927464918344612
806,0.0,0.0,1.0,0.0,33.320263671875,12.927464918344612
807,0.0,0.0,1.0,0.0,33.320263671875,12.927464918344612
808,0.0,0.0,1.0,0.0,33.320263671875,12.927464918344612
809,0.0,0.0,1.0,0.0,33.320263671875,12.927464918344612
810,0.0,0.0,1.0,0.0,33.320263671875,12.927464918344612
811,0.0,0.0,1.0,0.0,33.320263671875,12.927464918344612
812,0.0,0.0,1.0,0.0,33.320263671875,12.927464918344612
813,0.0,0.0,1.0,0.0,33.320263671875,12.927464918344612
814,0.0,0.0,1.0,0.0,33.320263671875,12.927464918344612
815,0.0,0.0,1.0,0.0,33.320263671875,12.927464918344612
816,0.0,0.0,1.0,0.0,33.320263671875,12.927464918344612
817,0.0,0.0,1.0,0.0,33.320263671875,12.927464918344612
818,0.0,0.0,1.0,0.0,33.320263671875,12.927464918344612
819,0.0,0.0,1.0,0.0,33.320263671875,12.927464918344612
820,0.0,0.0,1.0,0.0,33.320263671875,12.927464918344612
821,0.0,0.0,1.0,0.0,33.320263671875,12.927464918344612
822,0.0,0.0,1.0,0.0,33.320263671875,12.927464918344612
823,0.0,0.0,1.0,0.0,33.320263671875,12.927464918344612
824,0.0,0.0,1.0,0.0,33.320263671875,12.927464918344612
825,0.0,0.0,1.0,0.0,33.320263671875,12.927464918344612
826,0.0,0.0,1.0,0.0,33.320263671875,12.927464918344612
827,0.0,0.0,1.0,0.0,33.320263671875,12.927464918344612
828,0.0,0.0,1.0,0.0,33.320263671875,12.927464918344612
829,0.0,0.0,1.0,0.0,33.320263671875,12.927464918344612
830,0.0,0.0,1.0,0.0,33.320263671875,12.927464918344612
831,0.0,0.0,1.0,0.0,33.320263671875,12.927464918344612
832,0.0,0.0,1.0,0.0,33.320263671875,12.927464918344612
833,0.0,0.0,1.0,0.0,33.320263671875,12.927464918344612
834,0.0,0.0,1.0,0.0,33.320263671875,12.927464918344612
835,0.0,0.0,1.0,0.0,33.320263671875,12.927464918344612
836,0.0,0.0,1.0,0.0,33.320263671875,12.927464918344612
837,0.0,0.0,1.0,0.0,33.320263671875,12.927464918344612
838,0.0,0.0,1.0,0.0,33.320263671875,12.927464918344612
839,0.0,0.0,1.0,0.0,33.320263671875,12.927464918344612
840,0.0,0.0,1.0,0.0,33.320263671875,12.927464918344612
841,0.0,0.0,1.0,0.0,33.320263671875,12.927464918344612
842,0.0,0.0,1.0,0.0,33.320263671875,12.927464918344612
843,0.0,0.0,1.0,0.0,33.320263671875,12.927464918344612
844,0.0,0.0,1.0,0.0,33.320263671875,12.927464918344612
845,0.0,0.0,1.0,0.0,33.320263671875,12.927464918344612
846,0.0,0.0,1.0,0.0,33.320263671875,12.927464918344612
847,0.0,0.0,1.0,0.0,33.320263671875,12.927464918344612
848,0.0,0.0,1.0,0.0,33.320263671875,12.927464918344612
849,0.0,0.0,1.0,0.0,33.320263671875,12.927464918344612
850,0.0,0.0,1.0,0.0,33.320263671875,12.927464918344612
851,0.0,0.0,1.0,0.0,33.320263671875,12.927464918344612
852,0.0,0.0,1.0,0.0,33.320263671875,12.927464918344612
853,0.0,0.0,1.0,0.0,33.320263671875,12.927464918344612
854,0.0,0.0,1.0,0.0,33.320263671875,12.927464918344612
855,0.0,0.0,1.0,0.0,33.320263671875,12.927464918344612
856,0.0,0.0,1.0,0.0,33.320263671875,12.927464918344612
857,0.0,0.0,1.0,0.0,33.320263671875,12.927464918344612
858,0.0,0.0,1.0,0.0,33.320263671875,12.927464918344612
859,0.0,0.0,1.0,0.0,33.320263671875,12.927464918344612
860,0.0,0.0,1.0,0.0,33.320263671875,12.927464918344612
861,0.0,0.0,1.0,0.0,33.320263671875,12.927464918344612
862,0.0,0.0,1.0,0.0,33.320263671875,12.927464918344612
863,0.0,0.0,1.0,0.0,33.320263671875,12.927464918344612
864,0.0,0.0,1.0,0.0,33.320263671875,12.927464918344612
865,0.0,0.0,1.0,0.0,33.320263671875,12.927464918344612
866,0.0,0.0,1.0,0.0,33.320263671875,12.927464918344612
867,0.0,0.0,1.0,0.0,33.320263671875,12.927464918344612
868,0.0,0.0,1.0,0.0,33.320263671875,12.927464918344612
869,0.0,0.0,1.0,0.0,33.320263671875,12.927464918344612
870,0.0,0.0,1.0,0.0,33.320263671875,12.927464918344612
871,0.0,0.0,1.0,0.0,33.320263671875,12.927464918344612
872,0.0,0.0,1.0,0.0,33.320263671875,12.927464918344612
873,0.0,0.0,1.0,0.0,33.320263671875,12.927464918344612
874,0.0,0.0,1.0,0.0,33.320263671875,12.927464918344612
875,0.0,0.0,1.0,0.0,33.320263671875,12.927464918344612
876,0.0,0.0,1.0,0.0,33.320263671875,12.927464918344612
877,0.0,0.0,1.0,0.0,33.320263671875,12.927464918344612
878,0.0,0.0,1.0,0.0,33.320263671875,12.927464918344612
879,0.0,0.0,1.0,0.0,33.320263671875,12.927464918344612
880,0.0,0.0,1.0,0.0,33.320263671875,12.927464918344612
881,0.0,0.0,1.0,0.0,33.320263671875,12.927464918344612
882,0.0,0.0,1.0,0.0,33.320263671875,12.927464918344612
883,0.0,0.0,1.0,0.0,33.320263671875,12.927464918344612
884,0.0,0.0,1.0,0.0,33.320263671875,12.927464918344612
885,0.0,0.0,1.0,0.0,33.320263671875,12.927464918344612
886,0.0,0.0,1.0,0.0,33.320263671875,12.927464918344612
887,0.0,0.0,1.0,0.0,33.320263671875,12.927464918344612
888,0.0,0.0,1.0,0.0,33.320263671875,12.927464918344612
889,0.0,0.0,1.0,0.0,33.320263671875,12.927464918344612
890,0.0,0.0,1.0,0.0,33.320263671875,12.927464918344612
891,0.0,0.0,1.0,0.0,33.320263671875,12.927464918344612
892,0.0,0.0,1.0,0.0,33.320263671875,12.927464918344612
893,0.0,0.0,1.0,0.0,33.320263671875,12.927464918344612
894,0.0,0.0,1.0,0.0,33.320263671875,12.927464918344612
895,0.0,0.0,1.0,0.0,33.320263671875,12.927464918344612
896,0.0,0.0,1.0,0.0,33.320263671875,12.927464918344612
897,0.0,0.0,1.0,0.0,33.320263671875,12.927464918344612
898,0.0,0.0,1.0,0.0,33.320263671875,12.927464918344612
899,0.0,0.0,1.0,0.0,33.320263671875,12.927464918344612
900,0.0,0.0,1.0,0.0,33.320263671875,12.927464918344612
901,0.0,0.0,1.0,0.0,33.320263671875,12.927464918344612
902,0.0,0.0,1.0,0.0,33.320263671875,12.927464918344612
903,0.0,0.0,1.0,0.0,33.320263671875,12.927464918344612
904,0.0,0.0,1.0,0.0,33.320263671875,12.927464918344612
905,0.0,0.0,1.0,0.0,33.320263671875,12.927464918344612
906,0.0,0.0,1.0,0.0,33.320263671875,12.927464918344612
907,0.0,0.0,1.0,0.0,33.320263671875,12.927464918344612
908,0.0,0.0,1.0,0.0,33.320263671875,12.927464918344612
909,0.0,0.0,1.0,0.0,33.320263671875,12.927464918344612
910,0.0,0.0,1.0,0.0,33.320263671875,12.927464918344612
911,0.0,0.0,1.0,0.0,33.320263671875,12.927464918344612
912,0.0,0.0,1.0,0.0,33.320263671875,12.927464918344612
913,0.0,0.0,1.0,0.0,33.320263671875,12.927464918344612
914,0.0,0.0,1.0,0.0,33.320263671875,12.927464918344612
915,0.0,0.0,1.0,0.0,33.320263671875,12.927464918344612
916,0.0,0.0,1.0,0.0,33.320263671875,12.927464918344612
917,0.0,0.0,1.0,0.0,33.320263671875,12.927464918344612
918,0.0,0.0,1.0,0.0,33.320263671875,12.927464918344612
919,0.0,0.0,1.0,0.0,33.320263671875,12.927464918344612
920,0.0,0.0,1.0,0.0,33.320263671875,12.927464918344612
921,0.0,0.0,1.0,0.0,33.320263671875,12.927464918344612
922,0.0,0.0,1.0,0.0,33.320263671875,12.927464918344612
923,0.0,0.0,1.0,0.0,33.320263671875,12.927464918344612
924,0.0,0.0,1.0,0.0,33.320263671875,12.927464918344612
925,0.0,0.0,1.0,0.0,33.320263671875,12.927464918344612
926,0.0,0.0,1.0,0.0,33.320263671875,12.927464918344612
927,0.0,0.0,1.0,0.0,33.320263671875,12.927464918344612
928,0.0,0.0,1.0,0.0,33.320263671875,12.927464918344612
929,0.0,0.0,1.0,0.0,33.320263671875,12.927464918344612
930,0.0,0.0,1.0,0.0,33.320263671875,12.927464918344612
931,0.0,0.0,1.0,0.0,33.320263671875,12.927464918344612
932,0.0,0.0,1.0,0.0,33.320263671875,12.927464918344612
933,0.0,0.0,1.0,0.0,33.320263671875,12.927464918344612
934,0.0,0.0,1.0,0.0,33.320263671875,12.927464918344612
935,0.0,0.0,1.0,0.0,33.320263671875,12.927464918344612
936,0.0,0.0,1.0,0.0,33.320263671875,12.927464918344612
937,0.0,0.0,1.0,0.0,33.320263671875,12.927464918344612
938,0.0,0.0,1.0,0.0,33.320263671875,12.927464918344612
939,0.0,0.0,1.0,0.0,33.320263671875,12.927464918344612
940,0.0,0.0,1.0,0.0,33.320263671875,12.927464918344612
941,0.0,0.0,1.0,0.0,33.320263671875,12.927464918344612
942,0.0,0.0,1.0,0.0,33.320263671875,12.927464918344612
943,0.0,0.0,1.0,0.0,33.320263671875,12.927464918344612
944,0.0,0.0,1.0,0.0,33.320263671875,12.927464918344612
945,0.0,0.0,1.0,0.0,33.320263671875,12.927464918344612
946,0.0,0.0,1.0,0.0,33.320263671875,12.927464918344612
947,0.0,0.0,1.0,0.0,33.320263671875,12.927464918344612
948,0.0,0.0,1.0,0.0,33.320263671875,12.927464918344612
949,0.0,0.0,1.0,0.0,33.320263671875,12.927464918344612
950,0.0,0.0,1.0,0.0,33.320263671875,12.927464918344612
951,0.0,0.0,1.0,0.0,33.320263671875,12.927464918344612
952,0.0,0.0,1.0,0.0,33.320263671875,12.927464918344612
953,0.0,0.0,1.0,0.0,33.320263671875,12.927464918344612
954,0.0,0.0,1.0,0.0,33.320263671875,12.927464918344612
955,0.0,0.0,1.0,0.0,33.320263671875,12.927464918344612
956,0.0,0.0,1.0,0.0,33.320263671875,12.927464918344612
957,0.0,0.0,1.0,0.0,33.320263671875,12.927464918344612
958,0.0,0.0,1.0,0.0,33.320263671875,12.927464918344612
959,0.0,0.0,1.0,0.0,33.320263671875,12.927464918344612
960,0.0,0.0,1.0,0.0,33.320263671875,12.927464918344612
961,0.0,0.0,1.0,0.0,33.320263671875,12.927464918344612
962,0.0,0.0,1.0,0.0,33.320263671875,12.927464918344612
963,0.0,0.0,1.0,0.0,33.320263671875,12.927464918344612
964,0.0,0.0,1.0,0.0,33.320263671875,12.927464918344612
965,0.0,0.0,1.0,0.0,33.320263671875,12.927464918344612
966,0.0,0.0,1.0,0.0,33.320263671875,12.927464918344612
967,0.0,0.0,1.0,0.0,33.320263671875,12.927464918344612
968,0.0,0.0,1.0,0.0,33.320263671875,12.927464918344612
969,0.0,0.0,1.0,0.0,33.320263671875,12.927464918344612
970,0.0,0.0,1.0,0.0,33.320263671875,12.927464918344612
971,0.0,0.0,1.0,0.0,33.320263671875,12.927464918344612
972,0.0,0.0,1.0,0.0,33.320263671875,12.927464918344612
973,0.0,0.0,1.0,0.0,33.320263671875,12.927464918344612
974,0.0,0.0,1.0,0.0,33.320263671875,12.927464918344612
975,0.0,0.0,1.0,0.0,33.320263671875,12.927464918344612
976,0.0,0.0,1.0,0.0,33.320263671875,12.927464918344612
977,0.0,0.0,1.0,0.0,33.320263671875,12.927464918344612
978,0.0,0.0,1.0,0.0,33.320263671875,12.927464918344612
979,0.0,0.0,1.0,0.0,33.320263671875,12.927464918344612
980,0.0,0.0,1.0,0.0,33.320263671875,12.927464918344612
981,0.0,0.0,1.0,0.0,33.320263671875,12.927464918344612
982,0.0,0.0,1.0,0.0,33.320263671875,12.927464918344612
983,0.0,0.0,1.0,0.0,33.320263671875,12.927464918344612
984,0.0,0.0,1.0,0.0,33.320263671875,12.927464918344612
985,0.0,0.0,1.0,0.0,33.320263671875,12.927464918344612
986,0.0,0.0,1.0,0.0,33.320263671875,12.927464918344612
987,0.0,0.0,1.0,0.0,33.320263671875,12.927464918344612
988,0.0,0.0,1.0,0.0,33.320263671875,12.927464918344612
989,0.0,0.0,1.0,0.0,33.320263671875,12.927464918344612
990,0.0,0.0,1.0,0.0,33.320263671875,12.927464918344612
991,0.0,0.0,1.0,0.0,33.320263671875,12.927464918344612
992,0.0,0.0,1.0,0.0,33.320263671875,12.927464918344612
993,0.0,0.0,1.0,0.0,33.320263671875,12.927464918344612
994,0.0,0.0,1.0,0.0,33.320263671875,12.927464918344612
995,0.0,0.0,1.0,0.0,33.320263671875,12.927464918344612
996,0.0,0.0,1.0,0.0,33.320263671875,12.927464918344612
997,0.0,0.0,1.0,0.0,33.320263671875,12.927464918344612
998,0.0,0.0,1.0,0.0,33.320263671875,12.927464918344612
999,0.0,0.0,1.0,0.0,33.320263671875,12.927464918344612
1000,0.0,0.0,1.0,0.0,33.320263671875,12.927464918344612
1001,0.0,0.0,1.0,0.0,33.320263671875,12.927464918344612
1002,0.0,0.0,1.0,0.0,33.320263671875,12.927464918344612
1003,0.0,0.0,1.0,0.0,33.320263671875,12.927464918344612
1004,0.0,0.0,1.0,0.0,33.320263671875,12.927464918344612
1005,0.0,0.0,1.0,0.0,33.320263671875,12.927464918344612
1006,0.0,0.0,1.0,0.0,33.320263671875,12.927464918344612
1007,0.0,0.0,1.0,0.0,33.320263671875,12.927464918344612
1008,0.0,0.0,1.0,0.0,33.320263671875,12.927464918344612
1009,0.0,0.0,1.0,0.0,33.320263671875,12.927464918344612
1010,0.0,0.0,1.0,0.0,33.320263671875,12.927464918344612
1011,0.0,0.0,1.0,0.0,33.320263671875,12.927464918344612
1012,0.0,0.0,1.0,0.0,33.320263671875,12.927464918344612
1013,0.0,0.0,1.0,0.0,33.320263671875,12.927464918344612
1014,0.0,0.0,1.0,0.0,33.320263671875,12.927464918344612
1015,0.0,0.0,1.0,0.0,33.320263671875,12.927464918344612
1016,0.0,0.0,1.0,0.0,33.320263671875,12.927464918344612
1017,0.0,0.0,1.0,0.0,33.320263671875,12.927464918344612
1018,0.0,0.0,1.0,0.0,33.320263671875,12.927464918344612
1019,0.0,0.0,1.0,0.0,33.320263671875,12.927464918344612
1020,0.0,0.0,1.0,0.0,33.320263671875,12.927464918344612
1021,0.0,0.0,1.0,0.0,33.320263671875,12.927464918344612
1022,0.0,0.0,1.0,0.0,33.320263671875,12.927464918344612
1023,0.0,0.0,1.0,0.0,33.320263671875,12.927464918344612
1024,0.0,0.0,1.0,0.0,33.320263671875,12.927464918344612
1025,0.0,0.0,1.0,0.0,33.320263671875,12.927464918344612
1026,0.0,0.0,1.0,0.0,33.320263671875,12.927464918344612
1027,0.0,0.0,1.0,0.0,33.320263671875,12.927464918344612
1028,0.0,0.0,1.0,0.0,33.320263671875,12.927464918344612
1029,0.0,0.0,1.0,0.0,33.320263671875,12.927464918344612
1030,0.0,0.0,1.0,0.0,33.320263671875,12.927464918344612
1031,0.0,0.0,1.0,0.0,33.320263671875,12.927464918344612
1032,0.0,0.0,1.0,0.0,33.320263671875,12.927464918344612
1033,0.0,0.0,1.0,0.0,33.320263671875,12.927464918344612
1034,0.0,0.0,1.0,0.0,33.320263671875,12.927464918344612
1035,0.0,0.0,1.0,0.0,33.320263671875,12.927464918344612
1036,0.0,0.0,1.0,0.0,33.320263671875,12.927464918344612
1037,0.0,0.0,1.0,0.0,33.320263671875,12.927464918344612
1038,0.0,0.0,1.0,0.0,33.320263671875,12.927464918344612
1039,0.0,0.0,1.0,0.0,33.320263671875,12.927464918344612
1040,0.0,0.0,1.0,0.0,33.320263671875,12.927464918344612
1041,0.0,0.0,1.0,0.0,33.320263671875,12.927464918344612
1042,0.0,0.0,1.0,0.0,33.320263671875,12.927464918344612
1043,0.0,0.0,1.0,0.0,33.320263671875,12.927464918344612
1044,0.0,0.0,1.0,0.0,33.320263671875,12.927464918344612
1045,0.0,0.0,1.0,0.0,33.320263671875,12.927464918344612
1046,0.0,0.0,1.0,0.0,33.320263671875,12.927464918344612
1047,0.0,0.0,1.0,0.0,33.320263671875,12.927464918344612
1048,0.0,0.0,1.0,0.0,33.320263671875,12.927464918344612
1049,0.0,0.0,1.0,0.0,33.320263671875,12.927464918344612
1050,0.0,0.0,1.0,0.0,33.320263671875,12.927464918344612
1051,0.0,0.0,1.0,0.0,33.320263671875,12.927464918344612
1052,0.0,0.0,1.0,0.0,33.320263671875,12.927464918344612
1053,0.0,0.0,1.0,0.0,33.320263671875,12.927464918344612
1054,0.0,0.0,1.0,0.0,33.320263671875,12.927464918344612
1055,0.0,0.0,1.0,0.0,33.320263671875,12.927464918344612
1056,0.0,0.0,1.0,0.0,33.320263671875,12.927464918344612
1057,0.0,0.0,1.0,0.0,33.320263671875,12.927464918344612
1058,0.0,0.0,1.0,0.0,33.320263671875,12.927464918344612
1059,0.0,0.0,1.0,0.0,33.320263671875,12.927464918344612
1060,0.0,0.0,1.0,0.0,33.320263671875,12.927464918344612
1061,0.0,0.0,1.0,0.0,33.320263671875,12.927464918344612
1062,0.0,0.0,1.0,0.0,33.320263671875,12.927464918344612
1063,0.0,0.0,1.0,0.0,33.320263671875,12.927464918344612
1064,0.0,0.0,1.0,0.0,33.320263671875,12.927464918344612
1065,0.0,0.0,1.0,0.0,33.320263671875,12.927464918344612
1066,0.0,0.0,1.0,0.0,33.320263671875,12.927464918344612
1067,0.0,0.0,1.0,0.0,33.320263671875,12.927464918344612
1068,0.0,0.0,1.0,0.0,33.320263671875,12.927464918344612
1069,0.0,0.0,1.0,0.0,33.320263671875,12.927464918344612
1070,0.0,0.0,1.0,0.0,33.320263671875,12.927464918344612
1071,0.0,0.0,1.0,0.0,33.320263671875,12.927464918344612
1072,0.0,0.0,1.0,0.0,33.320263671875,12.927464918344612
1073,0.0,0.0,1.0,0.0,33.320263671875,12.927464918344612
1074,0.0,0.0,1.0,0.0,33.320263671875,12.927464918344612
1075,0.0,0.0,1.0,0.0,33.320263671875,12.927464918344612
1076,0.0,0.0,1.0,0.0,33.320263671875,12.927464918344612
1077,0.0,0.0,1.0,0.0,33.320263671875,12.927464918344612
1078,0.0,0.0,1.0,0.0,33.320263671875,12.927464918344612
1079,0.0,0.0,1.0,0.0,33.320263671875,12.927464918344612
1080,0.0,0.0,1.0,0.0,33.320263671875,12.927464918344612
1081,0.0,0.0,1.0,0.0,33.320263671875,12.927464918344612
1082,0.0,0.0,1.0,0.0,33.320263671875,12.927464918344612
1083,0.0,0.0,1.0,0.0,33.320263671875,12.927464918344612
1084,0.0,0.0,1.0,0.0,33.320263671875,12.927464918344612
1085,0.0,0.0,1.0,0.0,33.320263671875,12.927464918344612
1086,0.0,0.0,1.0,0.0,33.320263671875,12.927464918344612
1087,0.0,0.0,1.0,0.0,33.320263671875,12.927464918344612
1088,0.0,0.0,1.0,0.0,33.320263671875,12.927464918344612
1089,0.0,0.0,1.0,0.0,33.320263671875,12.927464918344612
1090,0.0,0.0,1.0,0.0,33.320263671875,12.927464918344612
1091,0.0,0.0,1.0,0.0,33.320263671875,12.927464918344612
1092,0.0,0.0,1.0,0.0,33.320263671875,12.927464918344612
1093,0.0,0.0,1.0,0.0,33.320263671875,12.927464918344612
1094,0.0,0.0,1.0,0.0,33.320263671875,12.927464918344612
1095,0.0,0.0,1.0,0.0,33.320263671875,12.927464918344612
1096,0.0,0.0,1.0,0.0,33.320263671875,12.927464918344612
1097,0.0,0.0,1.0,0.0,33.320263671875,12.927464918344612
1098,0.0,0.0,1.0,0.0,33.320263671875,12.927464918344612
1099,0.0,0.0,1.0,0.0,33.320263671875,12.927464918344612
1100,0.0,0.0,1.0,0.0,33.320263671875,12.927464918344612
1101,0.0,0.0,1.0,0.0,33.320263671875,12.927464918344612
1102,0.0,0.0,1.0,0.0,33.320263671875,12.927464918344612
1103,0.0,0.0,1.0,0.0,33.320263671875,12.927464918344612
1104,0.0,0.0,1.0,0.0,33.320263671875,12.927464918344612
1105,0.0,0.0,1.0,0.0,33.320263671875,12.927464918344612
1106,0.0,0.0,1.0,0.0,33.320263671875,12.927464918344612
1107,0.0,0.0,1.0,0.0,33.320263671875,12.927464918344612
1108,0.0,0.0,1.0,0.0,33.320263671875,12.927464918344612
1109,0.0,0.0,1.0,0.0,33.320263671875,12.927464918344612
1110,0.0,0.0,1.0,0.0,33.320263671875,12.927464918344612
1111,0.0,0.0,1.0,0.0,33.320263671875,12.927464918344612
1112,0.0,0.0,1.0,0.0,33.320263671875,12.927464918344612
1113,0.0,0.0,1.0,0.0,33.320263671875,12.927464918344612
1114,0.0,0.0,1.0,0.0,33.320263671875,12.927464918344612
1115,0.0,0.0,1.0,0.0,33.320263671875,12.927464918344612
1116,0.0,0.0,1.0,0.0,33.320263671875,12.927464918344612
1117,0.0,0.0,1.0,0.0,33.320263671875,12.927464918344612
1118,0.0,0.0,1.0,0.0,33.320263671875,12.927464918344612
1119,0.0,0.0,1.0,0.0,33.320263671875,12.927464918344612
1120,0.0,0.0,1.0,0.0,33.320263671875,12.927464918344612
1121,0.0,0.0,1.0,0.0,33.320263671875,12.927464918344612
1122,0.0,0.0,1.0,0.0,33.320263671875,12.927464918344612
1123,0.0,0.0,1.0,0.0,33.320263671875,12.927464918344612
1124,0.0,0.0,1.0,0.0,33.320263671875,12.927464918344612
1125,0.0,0.0,1.0,0.0,33.320263671875,12.927464918344612
1126,0.0,0.0,1.0,0.0,33.320263671875,12.927464918344612
1127,0.0,0.0,1.0,0.0,33.320263671875,12.927464918344612
1128,0.0,0.0,1.0,0.0,33.320263671875,12.927464918344612
1129,0.0,0.0,1.0,0.0,33.320263671875,12.927464918344612
1130,0.0,0.0,1.0,0.0,33.320263671875,12.927464918344612
1131,0.0,0.0,1.0,0.0,33.320263671875,12.927464918344612
1132,0.0,0.0,1.0,0.0,33.320263671875,12.927464918344612
1133,0.0,0.0,1.0,0.0,33.320263671875,12.927464918344612
1134,0.0,0.0,1.0,0.0,33.320263671875,12.927464918344612
1135,0.0,0.0,1.0,0.0,33.320263671875,12.927464918344612
1136,0.0,0.0,1.0,0.0,33.320263671875,12.927464918344612
1137,0.0,0.0,1.0,0.0,33.320263671875,12.927464918344612
1138,0.0,0.0,1.0,0.0,33.320263671875,12.927464918344612
1139,0.0,0.0,1.0,0.0,33.320263671875,12.927464918344612
1140,0.0,0.0,1.0,0.0,33.320263671875,12.927464918344612
1141,0.0,0.0,1.0,0.0,33.320263671875,12.927464918344612
1142,0.0,0.0,1.0,0.0,33.320263671875,12.927464918344612
1143,0.0,0.0,1.0,0.0,33.320263671875,12.927464918344612
1144,0.0,0.0,1.0,0.0,33.320263671875,12.927464918344612
1145,0.0,0.0,1.0,0.0,33.320263671875,12.927464918344612
1146,0.0,0.0,1.0,0.0,33.320263671875,12.927464918344612
1147,0.0,0.0,1.0,0.0,33.320263671875,12.927464918344612
1148,0.0,0.0,1.0,0.0,33.320263671875,12.927464918344612
1149,0.0,0.0,1.0,0.0,33.320263671875,12.927464918344612
1150,0.0,0.0,1.0,0.0,33.320263671875,12.927464918344612
1151,0.0,0.0,1.0,0.0,33.320263671875,12.927464918344612
1152,0.0,0.0,1.0,0.0,33.320263671875,12.927464918344612
1153,0.0,0.0,1.0,0.0,33.320263671875,12.927464918344612
1154,0.0,0.0,1.0,0.0,33.320263671875,12.927464918344612
1155,0.0,0.0,1.0,0.0,33.320263671875,12.927464918344612
1156,0.0,0.0,1.0,0.0,33.320263671875,12.927464918344612
1157,0.0,0.0,1.0,0.0,33.320263671875,12.927464918344612
1158,0.0,0.0,1.0,0.0,33.320263671875,12.927464918344612
1159,0.0,0.0,1.0,0.0,33.320263671875,12.927464918344612
1160,0.0,0.0,1.0,0.0,33.320263671875,12.927464918344612
1161,0.0,0.0,1.0,0.0,33.320263671875,12.927464918344612
1162,0.0,0.0,1.0,0.0,33.320263671875,12.927464918344612
1163,0.0,0.0,1.0,0.0,33.320263671875,12.927464918344612
1164,0.0,0.0,1.0,0.0,33.320263671875,12.927464918344612
1165,0.0,0.0,1.0,0.0,33.320263671875,12.927464918344612
1166,0.0,0.0,1.0,0.0,33.320263671875,12.927464918344612
1167,0.0,0.0,1.0,0.0,33.320263671875,12.927464918344612
1168,0.0,0.0,1.0,0.0,33.320263671875,12.927464918344612
1169,0.0,0.0,1.0,0.0,33.320263671875,12.927464918344612
1170,0.0,0.0,1.0,0.0,33.320263671875,12.927464918344612
1171,0.0,0.0,1.0,0.0,33.320263671875,12.927464918344612
1172,0.0,0.0,1.0,0.0,33.320263671875,12.927464918344612
1173,0.0,0.0,1.0,0.0,33.320263671875,12.927464918344612
1174,0.0,0.0,1.0,0.0,33.320263671875,12.927464918344612
1175,0.0,0.0,1.0,0.0,33.320263671875,12.927464918344612
1176,0.0,0.0,1.0,0.0,33.320263671875,12.927464918344612
1177,0.0,0.0,1.0,0.0,33.320263671875,12.927464918344612
1178,0.0,0.0,1.0,0.0,33.320263671875,12.927464918344612
1179,0.0,0.0,1.0,0.0,33.320263671875,12.927464918344612
1180,0.0,0.0,1.0,0.0,33.320263671875,12.927464918344612
1181,0.0,0.0,1.0,0.0,33.320263671875,12.927464918344612
1182,0.0,0.0,1.0,0.0,33.320263671875,12.927464918344612
1183,0.0,0.0,1.0,0.0,33.320263671875,12.927464918344612
1184,0.0,0.0,1.0,0.0,33.320263671875,12.927464918344612
1185,0.0,0.0,1.0,0.0,33.320263671875,12.927464918344612
1186,0.0,0.0,1.0,0.0,33.320263671875,12.927464918344612
1187,0.0,0.0,1.0,0.0,33.320263671875,12.927464918344612
1188,0.0,0.0,1.0,0.0,33.320263671875,12.927464918344612
1189,0.0,0.0,1.0,0.0,33.320263671875,12.927464918344612
1190,0.0,0.0,1.0,0.0,33.320263671875,12.927464918344612
1191,0.0,0.0,1.0,0.0,33.320263671875,12.927464918344612
1192,0.0,0.0,1.0,0.0,33.320263671875,12.927464918344612
1193,0.0,0.0,1.0,0.0,33.320263671875,12.927464918344612
1194,0.0,0.0,1.0,0.0,33.320263671875,12.927464918344612
1195,0.0,0.0,1.0,0.0,33.320263671875,12.927464918344612
1196,0.0,0.0,1.0,0.0,33.320263671875,12.927464918344612
1197,0.0,0.0,1.0,0.0,33.320263671875,12.927464918344612
1198,0.0,0.0,1.0,0.0,33.320263671875,12.927464918344612
1199,0.0,0.0,1.0,0.0,33.320263671875,12.927464918344612
1200,0.0,0.0,1.0,0.0,33.320263671875,12.927464918344612
1201,0.0,0.0,1.0,0.0,33.320263671875,12.927464918344612
1202,0.0,0.0,1.0,0.0,33.320263671875,12.927464918344612
1203,0.0,0.0,1.0,0.0,33.320263671875,12.927464918344612
1204,0.0,0.0,1.0,0.0,33.320263671875,12.927464918344612
1205,0.0,0.0,1.0,0.0,33.320263671875,12.927464918344612
1206,0.0,0.0,1.0,0.0,33.320263671875,12.927464918344612
1207,0.0,0.0,1.0,0.0,33.320263671875,12.927464918344612
1208,0.0,0.0,1.0,0.0,33.320263671875,12.927464918344612
1209,0.0,0.0,1.0,0.0,33.320263671875,12.927464918344612
1210,0.0,0.0,1.0,0.0,33.320263671875,12.927464918344612
1211,0.0,0.0,1.0,0.0,33.320263671875,12.927464918344612
1212,0.0,0.0,1.0,0.0,33.320263671875,12.927464918344612
1213,0.0,0.0,1.0,0.0,33.320263671875,12.927464918344612
1214,0.0,0.0,1.0,0.0,33.320263671875,12.927464918344612
1215,0.0,0.0,1.0,0.0,33.320263671875,12.927464918344612
1216,0.0,0.0,1.0,0.0,33.320263671875,12.927464918344612
1217,0.0,0.0,1.0,0.0,33.320263671875,12.927464918344612
1218,0.0,0.0,1.0,0.0,33.320263671875,12.927464918344612
1219,0.0,0.0,1.0,0.0,33.320263671875,12.927464918344612
1220,0.0,0.0,1.0,0.0,33.320263671875,12.927464918344612
1221,0.0,0.0,1.0,0.0,33.320263671875,12.927464918344612
1222,0.0,0.0,1.0,0.0,33.320263671875,12.927464918344612
1223,0.0,0.0,1.0,0.0,33.320263671875,12.927464918344612
1224,0.0,0.0,1.0,0.0,33.320263671875,12.927464918344612
1225,0.0,0.0,1.0,0.0,33.320263671875,12.927464918344612
1226,0.0,0.0,1.0,0.0,33.320263671875,12.927464918344612
1227,0.0,0.0,1.0,0.0,33.320263671875,12.927464918344612
1228,0.0,0.0,1.0,0.0,33.320263671875,12.927464918344612
1229,0.0,0.0,1.0,0.0,33.320263671875,12.927464918344612
1230,0.0,0.0,1.0,0.0,33.320263671875,12.927464918344612
1231,0.0,0.0,1.0,0.0,33.320263671875,12.927464918344612
1232,0.0,0.0,1.0,0.0,33.320263671875,12.927464918344612
1233,0.0,0.0,1.0,0.0,33.320263671875,12.927464918344612
1234,0.0,0.0,1.0,0.0,33.320263671875,12.927464918344612
1235,0.0,0.0,1.0,0.0,33.320263671875,12.927464918344612
1236,0.0,0.0,1.0,0.0,33.320263671875,12.927464918344612
1237,0.0,0.0,1.0,0.0,33.320263671875,12.927464918344612
1238,0.0,0.0,1.0,0.0,33.320263671875,12.927464918344612
1239,0.0,0.0,1.0,0.0,33.320263671875,12.927464918344612
1240,0.0,0.0,1.0,0.0,33.320263671875,12.927464918344612
1241,0.0,0.0,1.0,0.0,33.320263671875,12.927464918344612
1242,0.0,0.0,1.0,0.0,33.320263671875,12.927464918344612
1243,0.0,0.0,1.0,0.0,33.320263671875,12.927464918344612
1244,0.0,0.0,1.0,0.0,33.320263671875,12.927464918344612
1245,0.0,0.0,1.0,0.0,33.320263671875,12.927464918344612
1246,0.0,0.0,1.0,0.0,33.320263671875,12.927464918344612
1247,0.0,0.0,1.0,0.0,33.320263671875,12.927464918344612
1248,0.0,0.0,1.0,0.0,33.320263671875,12.927464918344612
1249,0.0,0.0,1.0,0.0,33.320263671875,12.927464918344612
1250,0.0,0.0,1.0,0.0,33.320263671875,12.927464918344612
1251,0.0,0.0,1.0,0.0,33.320263671875,12.927464918344612
1252,0.0,0.0,1.0,0.0,33.320263671875,12.927464918344612
1253,0.0,0.0,1.0,0.0,33.320263671875,12.927464918344612
1254,0.0,0.0,1.0,0.0,33.320263671875,12.927464918344612
1255,0.0,0.0,1.0,0.0,33.320263671875,12.927464918344612
1256,0.0,0.0,1.0,0.0,33.320263671875,12.927464918344612
1257,0.0,0.0,1.0,0.0,33.320263671875,12.927464918344612
1258,0.0,0.0,1.0,0.0,33.320263671875,12.927464918344612
1259,0.0,0.0,1.0,0.0,33.320263671875,12.927464918344612
1260,0.0,0.0,1.0,0.0,33.320263671875,12.927464918344612
1261,0.0,0.0,1.0,0.0,33.320263671875,12.927464918344612
1262,0.0,0.0,1.0,0.0,33.320263671875,12.927464918344612
1263,0.0,0.0,1.0,0.0,33.320263671875,12.927464918344612
1264,0.0,0.0,1.0,0.0,33.320263671875,12.927464918344612
1265,0.0,0.0,1.0,0.0,33.320263671875,12.927464918344612
1266,0.0,0.0,1.0,0.0,33.320263671875,12.927464918344612
1267,0.0,0.0,1.0,0.0,33.320263671875,12.927464918344612
1268,0.0,0.0,1.0,0.0,33.320263671875,12.927464918344612
1269,0.0,0.0,1.0,0.0,33.320263671875,12.927464918344612
1270,0.0,0.0,1.0,0.0,33.320263671875,12.927464918344612
1271,0.0,0.0,1.0,0.0,33.320263671875,12.927464918344612
1272,0.0,0.0,1.0,0.0,33.320263671875,12.927464918344612
1273,0.0,0.0,1.0,0.0,33.320263671875,12.927464918344612
1274,0.0,0.0,1.0,0.0,33.320263671875,12.927464918344612
1275,0.0,0.0,1.0,0.0,33.320263671875,12.927464918344612
1276,0.0,0.0,1.0,0.0,33.320263671875,12.927464918344612
1277,0.0,0.0,1.0,0.0,33.320263671875,12.927464918344612
1278,0.0,0.0,1.0,0.0,33.320263671875,12.927464918344612
1279,0.0,0.0,1.0,0.0,33.320263671875,12.927464918344612
1280,0.0,0.0,1.0,0.0,33.320263671875,12.927464918344612
1281,0.0,0.0,1.0,0.0,33.320263671875,12.927464918344612
1282,0.0,0.0,1.0,0.0,33.320263671875,12.927464918344612
1283,0.0,0.0,1.0,0.0,33.320263671875,12.927464918344612
1284,0.0,0.0,1.0,0.0,33.320263671875,12.927464918344612
1285,0.0,0.0,1.0,0.0,33.320263671875,12.927464918344612
1286,0.0,0.0,1.0,0.0,33.320263671875,12.927464918344612
1287,0.0,0.0,1.0,0.0,33.320263671875,12.927464918344612
1288,0.0,0.0,1.0,0.0,33.320263671875,12.927464918344612
1289,0.0,0.0,1.0,0.0,33.320263671875,12.927464918344612
1290,0.0,0.0,1.0,0.0,33.320263671875,12.927464918344612
1291,0.0,0.0,1.0,0.0,33.320263671875,12.927464918344612
1292,0.0,0.0,1.0,0.0,33.320263671875,12.927464918344612
1293,0.0,0.0,1.0,0.0,33.320263671875,12.927464918344612
1294,0.0,0.0,1.0,0.0,33.320263671875,12.927464918344612
1295,0.0,0.0,1.0,0.0,33.320263671875,12.927464918344612
1296,0.0,0.0,1.0,0.0,33.320263671875,12.927464918344612
1297,0.0,0.0,1.0,0.0,33.320263671875,12.927464918344612
1298,0.0,0.0,1.0,0.0,33.320263671875,12.927464918344612
1299,0.0,0.0,1.0,0.0,33.320263671875,12.927464918344612
1300,0.0,0.0,1.0,0.0,33.320263671875,12.927464918344612
1301,0.0,0.0,1.0,0.0,33.320263671875,12.927464918344612
1302,0.0,0.0,1.0,0.0,33.320263671875,12.927464918344612
1303,0.0,0.0,1.0,0.0,33.320263671875,12.927464918344612
1304,0.0,0.0,1.0,0.0,33.320263671875,12.927464918344612
1305,0.0,0.0,1.0,0.0,33.320263671875,12.927464918344612
1306,0.0,0.0,1.0,0.0,33.320263671875,12.927464918344612
1307,0.0,0.0,1.0,0.0,33.320263671875,12.927464918344612
1308,0.0,0.0,1.0,0.0,33.320263671875,12.927464918344612
1309,0.0,0.0,1.0,0.0,33.320263671875,12.927464918344612
1310,0.0,0.0,1.0,0.0,33.320263671875,12.927464918344612
1311,0.0,0.0,1.0,0.0,33.320263671875,12.927464918344612
1312,0.0,0.0,1.0,0.0,33.320263671875,12.927464918344612
1313,0.0,0.0,1.0,0.0,33.320263671875,12.927464918344612
1314,0.0,0.0,1.0,0.0,33.320263671875,12.927464918344612
1315,0.0,0.0,1.0,0.0,33.320263671875,12.927464918344612
1316,0.0,0.0,1.0,0.0,33.320263671875,12.927464918344612
1317,0.0,0.0,1.0,0.0,33.320263671875,12.927464918344612
1318,0.0,0.0,1.0,0.0,33.320263671875,12.927464918344612
1319,0.0,0.0,1.0,0.0,33.320263671875,12.927464918344612
1320,0.0,0.0,1.0,0.0,33.320263671875,12.927464918344612
1321,0.0,0.0,1.0,0.0,33.320263671875,12.927464918344612
1322,0.0,0.0,1.0,0.0,33.320263671875,12.927464918344612
1323,0.0,0.0,1.0,0.0,33.320263671875,12.927464918344612
1324,0.0,0.0,1.0,0.0,33.320263671875,12.927464918344612
1325,0.0,0.0,1.0,0.0,33.320263671875,12.927464918344612
1326,0.0,0.0,1.0,0.0,33.320263671875,12.927464918344612
1327,0.0,0.0,1.0,0.0,33.320263671875,12.927464918344612
1328,0.0,0.0,1.0,0.0,33.320263671875,12.927464918344612
1329,0.0,0.0,1.0,0.0,33.320263671875,12.927464918344612
1330,0.0,0.0,1.0,0.0,33.320263671875,12.927464918344612
1331,0.0,0.0,1.0,0.0,33.320263671875,12.927464918344612
1332,0.0,0.0,1.0,0.0,33.320263671875,12.927464918344612
1333,0.0,0.0,1.0,0.0,33.320263671875,12.927464918344612
1334,0.0,0.0,1.0,0.0,33.320263671875,12.927464918344612
1335,0.0,0.0,1.0,0.0,33.320263671875,12.927464918344612
1336,0.0,0.0,1.0,0.0,33.320263671875,12.927464918344612
1337,0.0,0.0,1.0,0.0,33.320263671875,12.927464918344612
1338,0.0,0.0,1.0,0.0,33.320263671875,12.927464918344612
1339,0.0,0.0,1.0,0.0,33.320263671875,12.927464918344612
1340,0.0,0.0,1.0,0.0,33.320263671875,12.927464918344612
1341,0.0,0.0,1.0,0.0,33.320263671875,12.927464918344612
1342,0.0,0.0,1.0,0.0,33.320263671875,12.927464918344612
1343,0.0,0.0,1.0,0.0,33.320263671875,12.927464918344612
1344,0.0,0.0,1.0,0.0,33.320263671875,12.927464918344612
1345,0.0,0.0,1.0,0.0,33.320263671875,12.927464918344612
1346,0.0,0.0,1.0,0.0,33.320263671875,12.927464918344612
1347,0.0,0.0,1.0,0.0,33.320263671875,12.927464918344612
1348,0.0,0.0,1.0,0.0,33.320263671875,12.927464918344612
1349,0.0,0.0,1.0,0.0,33.320263671875,12.927464918344612
1350,0.0,0.0,1.0,0.0,33.320263671875,12.927464918344612
1351,0.0,0.0,1.0,0.0,33.320263671875,12.927464918344612
1352,0.0,0.0,1.0,0.0,33.320263671875,12.927464918344612
1353,0.0,0.0,1.0,0.0,33.320263671875,12.927464918344612
1354,0.0,0.0,1.0,0.0,33.320263671875,12.927464918344612
1355,0.0,0.0,1.0,0.0,33.320263671875,12.927464918344612
1356,0.0,0.0,1.0,0.0,33.320263671875,12.927464918344612
1357,0.0,0.0,1.0,0.0,33.320263671875,12.927464918344612
1358,0.0,0.0,1.0,0.0,33.320263671875,12.927464918344612
1359,0.0,0.0,1.0,0.0,33.320263671875,12.927464918344612
1360,0.0,0.0,1.0,0.0,33.320263671875,12.927464918344612
1361,0.0,0.0,1.0,0.0,33.320263671875,12.927464918344612
1362,0.0,0.0,1.0,0.0,33.320263671875,12.927464918344612
1363,0.0,0.0,1.0,0.0,33.320263671875,12.927464918344612
1364,0.0,0.0,1.0,0.0,33.320263671875,12.927464918344612
1365,0.0,0.0,1.0,0.0,33.320263671875,12.927464918344612
1366,0.0,0.0,1.0,0.0,33.320263671875,12.927464918344612
1367,0.0,0.0,1.0,0.0,33.320263671875,12.927464918344612
1368,0.0,0.0,1.0,0.0,33.320263671875,12.927464918344612
1369,0.0,0.0,1.0,0.0,33.320263671875,12.927464918344612
1370,0.0,0.0,1.0,0.0,33.320263671875,12.927464918344612
1371,0.0,0.0,1.0,0.0,33.320263671875,12.927464918344612
1372,0.0,0.0,1.0,0.0,33.320263671875,12.927464918344612
1373,0.0,0.0,1.0,0.0,33.320263671875,12.927464918344612
1374,0.0,0.0,1.0,0.0,33.320263671875,12.927464918344612
1375,0.0,0.0,1.0,0.0,33.320263671875,12.927464918344612
1376,0.0,0.0,1.0,0.0,33.320263671875,12.927464918344612
1377,0.0,0.0,1.0,0.0,33.320263671875,12.927464918344612
1378,0.0,0.0,1.0,0.0,33.320263671875,12.927464918344612
1379,0.0,0.0,1.0,0.0,33.320263671875,12.927464918344612
1380,0.0,0.0,1.0,0.0,33.320263671875,12.927464918344612
1381,0.0,0.0,1.0,0.0,33.320263671875,12.927464918344612
1382,0.0,0.0,1.0,0.0,33.320263671875,12.927464918344612
1383,0.0,0.0,1.0,0.0,33.320263671875,12.927464918344612
1384,0.0,0.0,1.0,0.0,33.320263671875,12.927464918344612
1385,0.0,0.0,1.0,0.0,33.320263671875,12.927464918344612
1386,0.0,0.0,1.0,0.0,33.320263671875,12.927464918344612
1387,0.0,0.0,1.0,0.0,33.320263671875,12.927464918344612
1388,0.0,0.0,1.0,0.0,33.320263671875,12.927464918344612
1389,0.0,0.0,1.0,0.0,33.320263671875,12.927464918344612
1390,0.0,0.0,1.0,0.0,33.320263671875,12.927464918344612
1391,0.0,0.0,1.0,0.0,33.320263671875,12.927464918344612
1392,0.0,0.0,1.0,0.0,33.320263671875,12.927464918344612
1393,0.0,0.0,1.0,0.0,33.320263671875,12.927464918344612
1394,0.0,0.0,1.0,0.0,33.320263671875,12.927464918344612
1395,0.0,0.0,1.0,0.0,33.320263671875,12.927464918344612
1396,0.0,0.0,1.0,0.0,33.320263671875,12.927464918344612
1397,0.0,0.0,1.0,0.0,33.320263671875,12.927464918344612
1398,0.0,0.0,1.0,0.0,33.320263671875,12.927464918344612
1399,0.0,0.0,1.0,0.0,33.320263671875,12.927464918344612
1400,0.0,0.0,1.0,0.0,33.320263671875,12.927464918344612
1401,0.0,0.0,1.0,0.0,33.320263671875,12.927464918344612
1402,0.0,0.0,1.0,0.0,33.320263671875,12.927464918344612
1403,0.0,0.0,1.0,0.0,33.320263671875,12.927464918344612
1404,0.0,0.0,1.0,0.0,33.320263671875,12.927464918344612
1405,0.0,0.0,1.0,0.0,33.320263671875,12.927464918344612
1406,0.0,0.0,1.0,0.0,33.320263671875,12.927464918344612
1407,0.0,0.0,1.0,0.0,33.320263671875,12.927464918344612
1408,0.0,0.0,1.0,0.0,33.320263671875,12.927464918344612
1409,0.0,0.0,1.0,0.0,33.320263671875,12.927464918344612
1410,0.0,0.0,1.0,0.0,33.320263671875,12.927464918344612
1411,0.0,0.0,1.0,0.0,33.320263671875,12.927464918344612
1412,0.0,0.0,1.0,0.0,33.320263671875,12.927464918344612
1413,0.0,0.0,1.0,0.0,33.320263671875,12.927464918344612
1414,0.0,0.0,1.0,0.0,33.320263671875,12.927464918344612
1415,0.0,0.0,1.0,0.0,33.320263671875,12.927464918344612
1416,0.0,0.0,1.0,0.0,33.320263671875,12.927464918344612
1417,0.0,0.0,1.0,0.0,33.320263671875,12.927464918344612
1418,0.0,0.0,1.0,0.0,33.320263671875,12.927464918344612
1419,0.0,0.0,1.0,0.0,33.320263671875,12.927464918344612
1420,0.0,0.0,1.0,0.0,33.320263671875,12.927464918344612
1421,0.0,0.0,1.0,0.0,33.320263671875,12.927464918344612
1422,0.0,0.0,1.0,0.0,33.320263671875,12.927464918344612
1423,0.0,0.0,1.0,0.0,33.320263671875,12.927464918344612
1424,0.0,0.0,1.0,0.0,33.320263671875,12.927464918344612
1425,0.0,0.0,1.0,0.0,33.320263671875,12.927464918344612
1426,0.0,0.0,1.0,0.0,33.320263671875,12.927464918344612
1427,0.0,0.0,1.0,0.0,33.320263671875,12.927464918344612
1428,0.0,0.0,1.0,0.0,33.320263671875,12.927464918344612
1429,0.0,0.0,1.0,0.0,33.320263671875,12.927464918344612
1430,0.0,0.0,1.0,0.0,33.320263671875,12.927464918344612
1431,0.0,0.0,1.0,0.0,33.320263671875,12.927464918344612
1432,0.0,0.0,1.0,0.0,33.320263671875,12.927464918344612
1433,0.0,0.0,1.0,0.0,33.320263671875,12.927464918344612
1434,0.0,0.0,1.0,0.0,33.320263671875,12.927464918344612
1435,0.0,0.0,1.0,0.0,33.320263671875,12.927464918344612
1436,0.0,0.0,1.0,0.0,33.320263671875,12.927464918344612
1437,0.0,0.0,1.0,0.0,33.320263671875,12.927464918344612
1438,0.0,0.0,1.0,0.0,33.320263671875,12.927464918344612
1439,0.0,0.0,1.0,0.0,33.320263671875,12.927464918344612
1440,0.0,0.0,1.0,0.0,33.320263671875,12.927464918344612
1441,0.0,0.0,1.0,0.0,33.320263671875,12.927464918344612
1442,0.0,0.0,1.0,0.0,33.320263671875,12.927464918344612
1443,0.0,0.0,1.0,0.0,33.320263671875,12.927464918344612
1444,0.0,0.0,1.0,0.0,33.320263671875,12.927464918344612
1445,0.0,0.0,1.0,0.0,33.320263671875,12.927464918344612
1446,0.0,0.0,1.0,0.0,33.320263671875,12.927464918344612
1447,0.0,0.0,1.0,0.0,33.320263671875,12.927464918344612
1448,0.0,0.0,1.0,0.0,33.320263671875,12.927464918344612
1449,0.0,0.0,1.0,0.0,33.320263671875,12.927464918344612
1450,0.0,0.0,1.0,0.0,33.320263671875,12.927464918344612
1451,0.0,0.0,1.0,0.0,33.320263671875,12.927464918344612
1452,0.0,0.0,1.0,0.0,33.320263671875,12.927464918344612
1453,0.0,0.0,1.0,0.0,33.320263671875,12.927464918344612
1454,0.0,0.0,1.0,0.0,33.320263671875,12.927464918344612
1455,0.0,0.0,1.0,0.0,33.320263671875,12.927464918344612
1456,0.0,0.0,1.0,0.0,33.320263671875,12.927464918344612
1457,0.0,0.0,1.0,0.0,33.320263671875,12.927464918344612
1458,0.0,0.0,1.0,0.0,33.320263671875,12.927464918344612
1459,0.0,0.0,1.0,0.0,33.320263671875,12.927464918344612
1460,0.0,0.0,1.0,0.0,33.320263671875,12.927464918344612
1461,0.0,0.0,1.0,0.0,33.320263671875,12.927464918344612
1462,0.0,0.0,1.0,0.0,33.320263671875,12.927464918344612
1463,0.0,0.0,1.0,0.0,33.320263671875,12.927464918344612
1464,0.0,0.0,1.0,0.0,33.320263671875,12.927464918344612
1465,0.0,0.0,1.0,0.0,33.320263671875,12.927464918344612
1466,0.0,0.0,1.0,0.0,33.320263671875,12.927464918344612
1467,0.0,0.0,1.0,0.0,33.320263671875,12.927464918344612
1468,0.0,0.0,1.0,0.0,33.320263671875,12.927464918344612
1469,0.0,0.0,1.0,0.0,33.320263671875,12.927464918344612
1470,0.0,0.0,1.0,0.0,33.320263671875,12.927464918344612
1471,0.0,0.0,1.0,0.0,33.320263671875,12.927464918344612
1472,0.0,0.0,1.0,0.0,33.320263671875,12.927464918344612
1473,0.0,0.0,1.0,0.0,33.320263671875,12.927464918344612
1474,0.0,0.0,1.0,0.0,33.320263671875,12.927464918344612
1475,0.0,0.0,1.0,0.0,33.320263671875,12.927464918344612
1476,0.0,0.0,1.0,0.0,33.320263671875,12.927464918344612
1477,0.0,0.0,1.0,0.0,33.320263671875,12.927464918344612
1478,0.0,0.0,1.0,0.0,33.320263671875,12.927464918344612
1479,0.0,0.0,1.0,0.0,33.320263671875,12.927464918344612
1480,0.0,0.0,1.0,0.0,33.320263671875,12.927464918344612
1481,0.0,0.0,1.0,0.0,33.320263671875,12.927464918344612
1482,0.0,0.0,1.0,0.0,33.320263671875,12.927464918344612
1483,0.0,0.0,1.0,0.0,33.320263671875,12.927464918344612
1484,0.0,0.0,1.0,0.0,33.320263671875,12.927464918344612
1485,0.0,0.0,1.0,0.0,33.320263671875,12.927464918344612
1486,0.0,0.0,1.0,0.0,33.320263671875,12.927464918344612
1487,0.0,0.0,1.0,0.0,33.320263671875,12.927464918344612
1488,0.0,0.0,1.0,0.0,33.320263671875,12.927464918344612
1489,0.0,0.0,1.0,0.0,33.320263671875,12.927464918344612
1490,0.0,0.0,1.0,0.0,33.320263671875,12.927464918344612
1491,0.0,0.0,1.0,0.0,33.320263671875,12.927464918344612
1492,0.0,0.0,1.0,0.0,33.320263671875,12.927464918344612
1493,0.0,0.0,1.0,0.0,33.320263671875,12.927464918344612
1494,0.0,0.0,1.0,0.0,33.320263671875,12.927464918344612
1495,0.0,0.0,1.0,0.0,33.320263671875,12.927464918344612
1496,0.0,0.0,1.0,0.0,33.320263671875,12.927464918344612
1497,0.0,0.0,1.0,0.0,33.320263671875,12.927464918344612
1498,0.0,0.0,1.0,0.0,33.320263671875,12.927464918344612
1499,0.0,0.0,1.0,0.0,33.320263671875,12.927464918344612
1500,0.0,0.0,1.0,0.0,33.320263671875,12.927464918344612
1501,0.0,0.0,1.0,0.0,33.320263671875,12.927464918344612
1502,0.0,0.0,1.0,0.0,33.320263671875,12.927464918344612
1503,0.0,0.0,1.0,0.0,33.320263671875,12.927464918344612
1504,0.0,0.0,1.0,0.0,33.320263671875,12.927464918344612
1505,0.0,0.0,1.0,0.0,33.320263671875,12.927464918344612
1506,0.0,0.0,1.0,0.0,33.320263671875,12.927464918344612
1507,0.0,0.0,1.0,0.0,33.320263671875,12.927464918344612
1508,0.0,0.0,1.0,0.0,33.320263671875,12.927464918344612
1509,0.0,0.0,1.0,0.0,33.320263671875,12.927464918344612
1510,0.0,0.0,1.0,0.0,33.320263671875,12.927464918344612
1511,0.0,0.0,1.0,0.0,33.320263671875,12.927464918344612
1512,0.0,0.0,1.0,0.0,33.320263671875,12.927464918344612
1513,0.0,0.0,1.0,0.0,33.320263671875,12.927464918344612
1514,0.0,0.0,1.0,0.0,33.320263671875,12.927464918344612
1515,0.0,0.0,1.0,0.0,33.320263671875,12.927464918344612
1516,0.0,0.0,1.0,0.0,33.320263671875,12.927464918344612
1517,0.0,0.0,1.0,0.0,33.320263671875,12.927464918344612
1518,0.0,0.0,1.0,0.0,33.320263671875,12.927464918344612
1519,0.0,0.0,1.0,0.0,33.320263671875,12.927464918344612
1520,0.0,0.0,1.0,0.0,33.320263671875,12.927464918344612
1521,0.0,0.0,1.0,0.0,33.320263671875,12.927464918344612
1522,0.0,0.0,1.0,0.0,33.320263671875,12.927464918344612
1523,0.0,0.0,1.0,0.0,33.320263671875,12.927464918344612
1524,0.0,0.0,1.0,0.0,33.320263671875,12.927464918344612
1525,0.0,0.0,1.0,0.0,33.320263671875,12.927464918344612
1526,0.0,0.0,1.0,0.0,33.320263671875,12.927464918344612
1527,0.0,0.0,1.0,0.0,33.320263671875,12.927464918344612
1528,0.0,0.0,1.0,0.0,33.320263671875,12.927464918344612
1529,0.0,0.0,1.0,0.0,33.320263671875,12.927464918344612
1530,0.0,0.0,1.0,0.0,33.320263671875,12.927464918344612
1531,0.0,0.0,1.0,0.0,33.320263671875,12.927464918344612
1532,0.0,0.0,1.0,0.0,33.320263671875,12.927464918344612
1533,0.0,0.0,1.0,0.0,33.320263671875,12.927464918344612
1534,0.0,0.0,1.0,0.0,33.320263671875,12.927464918344612
1535,0.0,0.0,1.0,0.0,33.320263671875,12.927464918344612
1536,0.0,0.0,1.0,0.0,33.320263671875,12.927464918344612
1537,0.0,0.0,1.0,0.0,33.320263671875,12.927464918344612
1538,0.0,0.0,1.0,0.0,33.320263671875,12.927464918344612
1539,0.0,0.0,1.0,0.0,33.320263671875,12.927464918344612
1540,0.0,0.0,1.0,0.0,33.320263671875,12.927464918344612
1541,0.0,0.0,1.0,0.0,33.320263671875,12.927464918344612
1542,0.0,0.0,1.0,0.0,33.320263671875,12.927464918344612
1543,0.0,0.0,1.0,0.0,33.320263671875,12.927464918344612
1544,0.0,0.0,1.0,0.0,33.320263671875,12.927464918344612
1545,0.0,0.0,1.0,0.0,33.320263671875,12.927464918344612
1546,0.0,0.0,1.0,0.0,33.320263671875,12.927464918344612
1547,0.0,0.0,1.0,0.0,33.320263671875,12.927464918344612
1548,0.0,0.0,1.0,0.0,33.320263671875,12.927464918344612
1549,0.0,0.0,1.0,0.0,33.320263671875,12.927464918344612
1550,0.0,0.0,1.0,0.0,33.320263671875,12.927464918344612
1551,0.0,0.0,1.0,0.0,33.320263671875,12.927464918344612
1552,0.0,0.0,1.0,0.0,33.320263671875,12.927464918344612
1553,0.0,0.0,1.0,0.0,33.320263671875,12.927464918344612
1554,0.0,0.0,1.0,0.0,33.320263671875,12.927464918344612
1555,0.0,0.0,1.0,0.0,33.320263671875,12.927464918344612
1556,0.0,0.0,1.0,0.0,33.320263671875,12.927464918344612
1557,0.0,0.0,1.0,0.0,33.320263671875,12.927464918344612
1558,0.0,0.0,1.0,0.0,33.320263671875,12.927464918344612
1559,0.0,0.0,1.0,0.0,33.320263671875,12.927464918344612
1560,0.0,0.0,1.0,0.0,33.320263671875,12.927464918344612
1561,0.0,0.0,1.0,0.0,33.320263671875,12.927464918344612
1562,0.0,0.0,1.0,0.0,33.320263671875,12.927464918344612
1563,0.0,0.0,1.0,0.0,33.320263671875,12.927464918344612
1564,0.0,0.0,1.0,0.0,33.320263671875,12.927464918344612
1565,0.0,0.0,1.0,0.0,33.320263671875,12.927464918344612
1566,0.0,0.0,1.0,0.0,33.320263671875,12.927464918344612
1567,0.0,0.0,1.0,0.0,33.320263671875,12.927464918344612
1568,0.0,0.0,1.0,0.0,33.320263671875,12.927464918344612
1569,0.0,0.0,1.0,0.0,33.320263671875,12.927464918344612
1570,0.0,0.0,1.0,0.0,33.320263671875,12.927464918344612
1571,0.0,0.0,1.0,0.0,33.320263671875,12.927464918344612
1572,0.0,0.0,1.0,0.0,33.320263671875,12.927464918344612
1573,0.0,0.0,1.0,0.0,33.320263671875,12.927464918344612
1574,0.0,0.0,1.0,0.0,33.320263671875,12.927464918344612
1575,0.0,0.0,1.0,0.0,33.320263671875,12.927464918344612
1576,0.0,0.0,1.0,0.0,33.320263671875,12.927464918344612
1577,0.0,0.0,1.0,0.0,33.320263671875,12.927464918344612
1578,0.0,0.0,1.0,0.0,33.320263671875,12.927464918344612
1579,0.0,0.0,1.0,0.0,33.320263671875,12.927464918344612
1580,0.0,0.0,1.0,0.0,33.320263671875,12.927464918344612
1581,0.0,0.0,1.0,0.0,33.320263671875,12.927464918344612
1582,0.0,0.0,1.0,0.0,33.320263671875,12.927464918344612
1583,0.0,0.0,1.0,0.0,33.320263671875,12.927464918344612
1584,0.0,0.0,1.0,0.0,33.320263671875,12.927464918344612
1585,0.0,0.0,1.0,0.0,33.320263671875,12.927464918344612
1586,0.0,0.0,1.0,0.0,33.320263671875,12.927464918344612
1587,0.0,0.0,1.0,0.0,33.320263671875,12.927464918344612
1588,0.0,0.0,1.0,0.0,33.320263671875,12.927464918344612
1589,0.0,0.0,1.0,0.0,33.320263671875,12.927464918344612
1590,0.0,0.0,1.0,0.0,33.320263671875,12.927464918344612
1591,0.0,0.0,1.0,0.0,33.320263671875,12.927464918344612
1592,0.0,0.0,1.0,0.0,33.320263671875,12.927464918344612
1593,0.0,0.0,1.0,0.0,33.320263671875,12.927464918344612
1594,0.0,0.0,1.0,0.0,33.320263671875,12.927464918344612
1595,0.0,0.0,1.0,0.0,33.320263671875,12.927464918344612
1596,0.0,0.0,1.0,0.0,33.320263671875,12.927464918344612
1597,0.0,0.0,1.0,0.0,33.320263671875,12.927464918344612
1598,0.0,0.0,1.0,0.0,33.320263671875,12.927464918344612
1599,0.0,0.0,1.0,0.0,33.320263671875,12.927464918344612
1600,0.0,0.0,1.0,0.0,33.320263671875,12.927464918344612
1601,0.0,0.0,1.0,0.0,33.320263671875,12.927464918344612
1602,0.0,0.0,1.0,0.0,33.320263671875,12.927464918344612
1603,0.0,0.0,1.0,0.0,33.320263671875,12.927464918344612
1604,0.0,0.0,1.0,0.0,33.320263671875,12.927464918344612
1605,0.0,0.0,1.0,0.0,33.320263671875,12.927464918344612
1606,0.0,0.0,1.0,0.0,33.320263671875,12.927464918344612
1607,0.0,0.0,1.0,0.0,33.320263671875,12.927464918344612
1608,0.0,0.0,1.0,0.0,33.320263671875,12.927464918344612
1609,0.0,0.0,1.0,0.0,33.320263671875,12.927464918344612
1610,0.0,0.0,1.0,0.0,33.320263671875,12.927464918344612
1611,0.0,0.0,1.0,0.0,33.320263671875,12.927464918344612
1612,0.0,0.0,1.0,0.0,33.320263671875,12.927464918344612
1613,0.0,0.0,1.0,0.0,33.320263671875,12.927464918344612
1614,0.0,0.0,1.0,0.0,33.320263671875,12.927464918344612
1615,0.0,0.0,1.0,0.0,33.320263671875,12.927464918344612
1616,0.0,0.0,1.0,0.0,33.320263671875,12.927464918344612
1617,0.0,0.0,1.0,0.0,33.320263671875,12.927464918344612
1618,0.0,0.0,1.0,0.0,33.320263671875,12.927464918344612
1619,0.0,0.0,1.0,0.0,33.320263671875,12.927464918344612
1620,0.0,0.0,1.0,0.0,33.320263671875,12.927464918344612
1621,0.0,0.0,1.0,0.0,33.320263671875,12.927464918344612
1622,0.0,0.0,1.0,0.0,33.320263671875,12.927464918344612
1623,0.0,0.0,1.0,0.0,33.320263671875,12.927464918344612
1624,0.0,0.0,1.0,0.0,33.320263671875,12.927464918344612
1625,0.0,0.0,1.0,0.0,33.320263671875,12.927464918344612
1626,0.0,0.0,1.0,0.0,33.320263671875,12.927464918344612
1627,0.0,0.0,1.0,0.0,33.320263671875,12.927464918344612
1628,0.0,0.0,1.0,0.0,33.320263671875,12.927464918344612
1629,0.0,0.0,1.0,0.0,33.320263671875,12.927464918344612
1630,0.0,0.0,1.0,0.0,33.320263671875,12.927464918344612
1631,0.0,0.0,1.0,0.0,33.320263671875,12.927464918344612
1632,0.0,0.0,1.0,0.0,33.320263671875,12.927464918344612
1633,0.0,0.0,1.0,0.0,33.320263671875,12.927464918344612
1634,0.0,0.0,1.0,0.0,33.320263671875,12.927464918344612
1635,0.0,0.0,1.0,0.0,33.320263671875,12.927464918344612
1636,0.0,0.0,1.0,0.0,33.320263671875,12.927464918344612
1637,0.0,0.0,1.0,0.0,33.320263671875,12.927464918344612
1638,0.0,0.0,1.0,0.0,33.320263671875,12.927464918344612
1639,0.0,0.0,1.0,0.0,33.320263671875,12.927464918344612
1640,0.0,0.0,1.0,0.0,33.320263671875,12.927464918344612
1641,0.0,0.0,1.0,0.0,33.320263671875,12.927464918344612
1642,0.0,0.0,1.0,0.0,33.320263671875,12.927464918344612
1643,0.0,0.0,1.0,0.0,33.320263671875,12.927464918344612
1644,0.0,0.0,1.0,0.0,33.320263671875,12.927464918344612
1645,0.0,0.0,1.0,0.0,33.320263671875,12.927464918344612
1646,0.0,0.0,1.0,0.0,33.320263671875,12.927464918344612
1647,0.0,0.0,1.0,0.0,33.320263671875,12.927464918344612
1648,0.0,0.0,1.0,0.0,33.320263671875,12.927464918344612
1649,0.0,0.0,1.0,0.0,33.320263671875,12.927464918344612
1650,0.0,0.0,1.0,0.0,33.320263671875,12.927464918344612
1651,0.0,0.0,1.0,0.0,33.320263671875,12.927464918344612
1652,0.0,0.0,1.0,0.0,33.320263671875,12.927464918344612
1653,0.0,0.0,1.0,0.0,33.320263671875,12.927464918344612
1654,0.0,0.0,1.0,0.0,33.320263671875,12.927464918344612
1655,0.0,0.0,1.0,0.0,33.320263671875,12.927464918344612
1656,0.0,0.0,1.0,0.0,33.320263671875,12.927464918344612
1657,0.0,0.0,1.0,0.0,33.320263671875,12.927464918344612
1658,0.0,0.0,1.0,0.0,33.320263671875,12.927464918344612
1659,0.0,0.0,1.0,0.0,33.320263671875,12.927464918344612
1660,0.0,0.0,1.0,0.0,33.320263671875,12.927464918344612
1661,0.0,0.0,1.0,0.0,33.320263671875,12.927464918344612
1662,0.0,0.0,1.0,0.0,33.320263671875,12.927464918344612
1663,0.0,0.0,1.0,0.0,33.320263671875,12.927464918344612
1664,0.0,0.0,1.0,0.0,33.320263671875,12.927464918344612
1665,0.0,0.0,1.0,0.0,33.320263671875,12.927464918344612
1666,0.0,0.0,1.0,0.0,33.320263671875,12.927464918344612
1667,0.0,0.0,1.0,0.0,33.320263671875,12.927464918344612
1668,0.0,0.0,1.0,0.0,33.320263671875,12.927464918344612
1669,0.0,0.0,1.0,0.0,33.320263671875,12.927464918344612
1670,0.0,0.0,1.0,0.0,33.320263671875,12.927464918344612
1671,0.0,0.0,1.0,0.0,33.320263671875,12.927464918344612
1672,0.0,0.0,1.0,0.0,33.320263671875,12.927464918344612
1673,0.0,0.0,1.0,0.0,33.320263671875,12.927464918344612
1674,0.0,0.0,1.0,0.0,33.320263671875,12.927464918344612
1675,0.0,0.0,1.0,0.0,33.320263671875,12.927464918344612
1676,0.0,0.0,1.0,0.0,33.320263671875,12.927464918344612
1677,0.0,0.0,1.0,0.0,33.320263671875,12.927464918344612
1678,0.0,0.0,1.0,0.0,33.320263671875,12.927464918344612
1679,0.0,0.0,1.0,0.0,33.320263671875,12.927464918344612
1680,0.0,0.0,1.0,0.0,33.320263671875,12.927464918344612
1681,0.0,0.0,1.0,0.0,33.320263671875,12.927464918344612
1682,0.0,0.0,1.0,0.0,33.320263671875,12.927464918344612
1683,0.0,0.0,1.0,0.0,33.320263671875,12.927464918344612
1684,0.0,0.0,1.0,0.0,33.320263671875,12.927464918344612
1685,0.0,0.0,1.0,0.0,33.320263671875,12.927464918344612
1686,0.0,0.0,1.0,0.0,33.320263671875,12.927464918344612
1687,0.0,0.0,1.0,0.0,33.320263671875,12.927464918344612
1688,0.0,0.0,1.0,0.0,33.320263671875,12.927464918344612
1689,0.0,0.0,1.0,0.0,33.320263671875,12.927464918344612
1690,0.0,0.0,1.0,0.0,33.320263671875,12.927464918344612
1691,0.0,0.0,1.0,0.0,33.320263671875,12.927464918344612
1692,0.0,0.0,1.0,0.0,33.320263671875,12.927464918344612
1693,0.0,0.0,1.0,0.0,33.320263671875,12.927464918344612
1694,0.0,0.0,1.0,0.0,33.320263671875,12.927464918344612
1695,0.0,0.0,1.0,0.0,33.320263671875,12.927464918344612
1696,0.0,0.0,1.0,0.0,33.320263671875,12.927464918344612
1697,0.0,0.0,1.0,0.0,33.320263671875,12.927464918344612
1698,0.0,0.0,1.0,0.0,33.320263671875,12.927464918344612
1699,0.0,0.0,1.0,0.0,33.320263671875,12.927464918344612
1700,0.0,0.0,1.0,0.0,33.320263671875,12.927464918344612
1701,0.0,0.0,1.0,0.0,33.320263671875,12.927464918344612
1702,0.0,0.0,1.0,0.0,33.320263671875,12.927464918344612
1703,0.0,0.0,1.0,0.0,33.320263671875,12.927464918344612
1704,0.0,0.0,1.0,0.0,33.320263671875,12.927464918344612
1705,0.0,0.0,1.0,0.0,33.320263671875,12.927464918344612
1706,0.0,0.0,1.0,0.0,33.320263671875,12.927464918344612
1707,0.0,0.0,1.0,0.0,33.320263671875,12.927464918344612
1708,0.0,0.0,1.0,0.0,33.320263671875,12.927464918344612
1709,0.0,0.0,1.0,0.0,33.320263671875,12.927464918344612
1710,0.0,0.0,1.0,0.0,33.320263671875,12.927464918344612
1711,0.0,0.0,1.0,0.0,33.320263671875,12.927464918344612
1712,0.0,0.0,1.0,0.0,33.320263671875,12.927464918344612
1713,0.0,0.0,1.0,0.0,33.320263671875,12.927464918344612
1714,0.0,0.0,1.0,0.0,33.320263671875,12.927464918344612
1715,0.0,0.0,1.0,0.0,33.320263671875,12.927464918344612
1716,0.0,0.0,1.0,0.0,33.320263671875,12.927464918344612
1717,0.0,0.0,1.0,0.0,33.320263671875,12.927464918344612
1718,0.0,0.0,1.0,0.0,33.320263671875,12.927464918344612
1719,0.0,0.0,1.0,0.0,33.320263671875,12.927464918344612
1720,0.0,0.0,1.0,0.0,33.320263671875,12.927464918344612
1721,0.0,0.0,1.0,0.0,33.320263671875,12.927464918344612
1722,0.0,0.0,1.0,0.0,33.320263671875,12.927464918344612
1723,0.0,0.0,1.0,0.0,33.320263671875,12.927464918344612
1724,0.0,0.0,1.0,0.0,33.320263671875,12.927464918344612
1725,0.0,0.0,1.0,0.0,33.320263671875,12.927464918344612
1726,0.0,0.0,1.0,0.0,33.320263671875,12.927464918344612
1727,0.0,0.0,1.0,0.0,33.320263671875,12.927464918344612
1728,0.0,0.0,1.0,0.0,33.320263671875,12.927464918344612
1729,0.0,0.0,1.0,0.0,33.320263671875,12.927464918344612
1730,0.0,0.0,1.0,0.0,33.320263671875,12.927464918344612
1731,0.0,0.0,1.0,0.0,33.320263671875,12.927464918344612
1732,0.0,0.0,1.0,0.0,33.320263671875,12.927464918344612
1733,0.0,0.0,1.0,0.0,33.320263671875,12.927464918344612
1734,0.0,0.0,1.0,0.0,33.320263671875,12.927464918344612
1735,0.0,0.0,1.0,0.0,33.320263671875,12.927464918344612
1736,0.0,0.0,1.0,0.0,33.320263671875,12.927464918344612
1737,0.0,0.0,1.0,0.0,33.320263671875,12.927464918344612
1738,0.0,0.0,1.0,0.0,33.320263671875,12.927464918344612
1739,0.0,0.0,1.0,0.0,33.320263671875,12.927464918344612
1740,0.0,0.0,1.0,0.0,33.320263671875,12.927464918344612
1741,0.0,0.0,1.0,0.0,33.320263671875,12.927464918344612
1742,0.0,0.0,1.0,0.0,33.320263671875,12.927464918344612
1743,0.0,0.0,1.0,0.0,33.320263671875,12.927464918344612
1744,0.0,0.0,1.0,0.0,33.320263671875,12.927464918344612
1745,0.0,0.0,1.0,0.0,33.320263671875,12.927464918344612
1746,0.0,0.0,1.0,0.0,33.320263671875,12.927464918344612
1747,0.0,0.0,1.0,0.0,33.320263671875,12.927464918344612
1748,0.0,0.0,1.0,0.0,33.320263671875,12.927464918344612
1749,0.0,0.0,1.0,0.0,33.320263671875,12.927464918344612
1750,0.0,0.0,1.0,0.0,33.320263671875,12.927464918344612
1751,0.0,0.0,1.0,0.0,33.320263671875,12.927464918344612
1752,0.0,0.0,1.0,0.0,33.320263671875,12.927464918344612
1753,0.0,0.0,1.0,0.0,33.320263671875,12.927464918344612
1754,0.0,0.0,1.0,0.0,33.320263671875,12.927464918344612
1755,0.0,0.0,1.0,0.0,33.320263671875,12.927464918344612
1756,0.0,0.0,1.0,0.0,33.320263671875,12.927464918344612
1757,0.0,0.0,1.0,0.0,33.320263671875,12.927464918344612
1758,0.0,0.0,1.0,0.0,33.320263671875,12.927464918344612
1759,0.0,0.0,1.0,0.0,33.320263671875,12.927464918344612
1760,0.0,0.0,1.0,0.0,33.320263671875,12.927464918344612
1761,0.0,0.0,1.0,0.0,33.320263671875,12.927464918344612
1762,0.0,0.0,1.0,0.0,33.320263671875,12.927464918344612
1763,0.0,0.0,1.0,0.0,33.320263671875,12.927464918344612
1764,0.0,0.0,1.0,0.0,33.320263671875,12.927464918344612
1765,0.0,0.0,1.0,0.0,33.320263671875,12.927464918344612
1766,0.0,0.0,1.0,0.0,33.320263671875,12.927464918344612
1767,0.0,0.0,1.0,0.0,33.320263671875,12.927464918344612
1768,0.0,0.0,1.0,0.0,33.320263671875,12.927464918344612
1769,0.0,0.0,1.0,0.0,33.320263671875,12.927464918344612
1770,0.0,0.0,1.0,0.0,33.320263671875,12.927464918344612
1771,0.0,0.0,1.0,0.0,33.320263671875,12.927464918344612
1772,0.0,0.0,1.0,0.0,33.320263671875,12.927464918344612
1773,0.0,0.0,1.0,0.0,33.320263671875,12.927464918344612
1774,0.0,0.0,1.0,0.0,33.320263671875,12.927464918344612
1775,0.0,0.0,1.0,0.0,33.320263671875,12.927464918344612
1776,0.0,0.0,1.0,0.0,33.320263671875,12.927464918344612
1777,0.0,0.0,1.0,0.0,33.320263671875,12.927464918344612
1778,0.0,0.0,1.0,0.0,33.320263671875,12.927464918344612
1779,0.0,0.0,1.0,0.0,33.320263671875,12.927464918344612
1780,0.0,0.0,1.0,0.0,33.320263671875,12.927464918344612
1781,0.0,0.0,1.0,0.0,33.320263671875,12.927464918344612
1782,0.0,0.0,1.0,0.0,33.320263671875,12.927464918344612
1783,0.0,0.0,1.0,0.0,33.320263671875,12.927464918344612
1784,0.0,0.0,1.0,0.0,33.320263671875,12.927464918344612
1785,0.0,0.0,1.0,0.0,33.320263671875,12.927464918344612
1786,0.0,0.0,1.0,0.0,33.320263671875,12.927464918344612
1787,0.0,0.0,1.0,0.0,33.320263671875,12.927464918344612
1788,0.0,0.0,1.0,0.0,33.320263671875,12.927464918344612
1789,0.0,0.0,1.0,0.0,33.320263671875,12.927464918344612
1790,0.0,0.0,1.0,0.0,33.320263671875,12.927464918344612
1791,0.0,0.0,1.0,0.0,33.320263671875,12.927464918344612
1792,0.0,0.0,1.0,0.0,33.320263671875,12.927464918344612
1793,0.0,0.0,1.0,0.0,33.320263671875,12.927464918344612
1794,0.0,0.0,1.0,0.0,33.320263671875,12.927464918344612
1795,0.0,0.0,1.0,0.0,33.320263671875,12.927464918344612
1796,0.0,0.0,1.0,0.0,33.320263671875,12.927464918344612
1797,0.0,0.0,1.0,0.0,33.320263671875,12.927464918344612
1798,0.0,0.0,1.0,0.0,33.320263671875,12.927464918344612
1799,0.0,0.0,1.0,0.0,33.320263671875,12.927464918344612
1800,0.0,0.0,1.0,0.0,33.320263671875,12.927464918344612
1801,0.0,0.0,1.0,0.0,33.320263671875,12.927464918344612
1802,0.0,0.0,1.0,0.0,33.320263671875,12.927464918344612
1803,0.0,0.0,1.0,0.0,33.320263671875,12.927464918344612
1804,0.0,0.0,1.0,0.0,33.320263671875,12.927464918344612
1805,0.0,0.0,1.0,0.0,33.320263671875,12.927464918344612
1806,0.0,0.0,1.0,0.0,33.320263671875,12.927464918344612
1807,0.0,0.0,1.0,0.0,33.320263671875,12.927464918344612
1808,0.0,0.0,1.0,0.0,33.320263671875,12.927464918344612
1809,0.0,0.0,1.0,0.0,33.320263671875,12.927464918344612
1810,0.0,0.0,1.0,0.0,33.320263671875,12.927464918344612
1811,0.0,0.0,1.0,0.0,33.320263671875,12.927464918344612
1812,0.0,0.0,1.0,0.0,33.320263671875,12.927464918344612
1813,0.0,0.0,1.0,0.0,33.320263671875,12.927464918344612
1814,0.0,0.0,1.0,0.0,33.320263671875,12.927464918344612
1815,0.0,0.0,1.0,0.0,33.320263671875,12.927464918344612
1816,0.0,0.0,1.0,0.0,33.320263671875,12.927464918344612
1817,0.0,0.0,1.0,0.0,33.320263671875,12.927464918344612
1818,0.0,0.0,1.0,0.0,33.320263671875,12.927464918344612
1819,0.0,0.0,1.0,0.0,33.320263671875,12.927464918344612
1820,0.0,0.0,1.0,0.0,33.320263671875,12.927464918344612
1821,0.0,0.0,1.0,0.0,33.320263671875,12.927464918344612
1822,0.0,0.0,1.0,0.0,33.320263671875,12.927464918344612
1823,0.0,0.0,1.0,0.0,33.320263671875,12.927464918344612
1824,0.0,0.0,1.0,0.0,33.320263671875,12.927464918344612
1825,0.0,0.0,1.0,0.0,33.320263671875,12.927464918344612
1826,0.0,0.0,1.0,0.0,33.320263671875,12.927464918344612
1827,0.0,0.0,1.0,0.0,33.320263671875,12.927464918344612
1828,0.0,0.0,1.0,0.0,33.320263671875,12.927464918344612
1829,0.0,0.0,1.0,0.0,33.320263671875,12.927464918344612
1830,0.0,0.0,1.0,0.0,33.320263671875,12.927464918344612
1831,0.0,0.0,1.0,0.0,33.320263671875,12.927464918344612
1832,0.0,0.0,1.0,0.0,33.320263671875,12.927464918344612
1833,0.0,0.0,1.0,0.0,33.320263671875,12.927464918344612
1834,0.0,0.0,1.0,0.0,33.320263671875,12.927464918344612
1835,0.0,0.0,1.0,0.0,33.320263671875,12.927464918344612
1836,0.0,0.0,1.0,0.0,33.320263671875,12.927464918344612
1837,0.0,0.0,1.0,0.0,33.320263671875,12.927464918344612
1838,0.0,0.0,1.0,0.0,33.320263671875,12.927464918344612
1839,0.0,0.0,1.0,0.0,33.320263671875,12.927464918344612
1840,0.0,0.0,1.0,0.0,33.320263671875,12.927464918344612
1841,0.0,0.0,1.0,0.0,33.320263671875,12.927464918344612
1842,0.0,0.0,1.0,0.0,33.320263671875,12.927464918344612
1843,0.0,0.0,1.0,0.0,33.320263671875,12.927464918344612
1844,0.0,0.0,1.0,0.0,33.320263671875,12.927464918344612
1845,0.0,0.0,1.0,0.0,33.320263671875,12.927464918344612
1846,0.0,0.0,1.0,0.0,33.320263671875,12.927464918344612
1847,0.0,0.0,1.0,0.0,33.320263671875,12.927464918344612
1848,0.0,0.0,1.0,0.0,33.320263671875,12.927464918344612
1849,0.0,0.0,1.0,0.0,33.320263671875,12.927464918344612
1850,0.0,0.0,1.0,0.0,33.320263671875,12.927464918344612
1851,0.0,0.0,1.0,0.0,33.320263671875,12.927464918344612
1852,0.0,0.0,1.0,0.0,33.320263671875,12.927464918344612
1853,0.0,0.0,1.0,0.0,33.320263671875,12.927464918344612
1854,0.0,0.0,1.0,0.0,33.320263671875,12.927464918344612
1855,0.0,0.0,1.0,0.0,33.320263671875,12.927464918344612
1856,0.0,0.0,1.0,0.0,33.320263671875,12.927464918344612
1857,0.0,0.0,1.0,0.0,33.320263671875,12.927464918344612
1858,0.0,0.0,1.0,0.0,33.320263671875,12.927464918344612
1859,0.0,0.0,1.0,0.0,33.320263671875,12.927464918344612
1860,0.0,0.0,1.0,0.0,33.320263671875,12.927464918344612
1861,0.0,0.0,1.0,0.0,33.320263671875,12.927464918344612
1862,0.0,0.0,1.0,0.0,33.320263671875,12.927464918344612
1863,0.0,0.0,1.0,0.0,33.320263671875,12.927464918344612
1864,0.0,0.0,1.0,0.0,33.320263671875,12.927464918344612
1865,0.0,0.0,1.0,0.0,33.320263671875,12.927464918344612
1866,0.0,0.0,1.0,0.0,33.320263671875,12.927464918344612
1867,0.0,0.0,1.0,0.0,33.320263671875,12.927464918344612
1868,0.0,0.0,1.0,0.0,33.320263671875,12.927464918344612
1869,0.0,0.0,1.0,0.0,33.320263671875,12.927464918344612
1870,0.0,0.0,1.0,0.0,33.320263671875,12.927464918344612
1871,0.0,0.0,1.0,0.0,33.320263671875,12.927464918344612
1872,0.0,0.0,1.0,0.0,33.320263671875,12.927464918344612
1873,0.0,0.0,1.0,0.0,33.320263671875,12.927464918344612
1874,0.0,0.0,1.0,0.0,33.320263671875,12.927464918344612
1875,0.0,0.0,1.0,0.0,33.320263671875,12.927464918344612
1876,0.0,0.0,1.0,0.0,33.320263671875,12.927464918344612
1877,0.0,0.0,1.0,0.0,33.320263671875,12.927464918344612
1878,0.0,0.0,1.0,0.0,33.320263671875,12.927464918344612
1879,0.0,0.0,1.0,0.0,33.320263671875,12.927464918344612
1880,0.0,0.0,1.0,0.0,33.320263671875,12.927464918344612
1881,0.0,0.0,1.0,0.0,33.320263671875,12.927464918344612
1882,0.0,0.0,1.0,0.0,33.320263671875,12.927464918344612
1883,0.0,0.0,1.0,0.0,33.320263671875,12.927464918344612
1884,0.0,0.0,1.0,0.0,33.320263671875,12.927464918344612
1885,0.0,0.0,1.0,0.0,33.320263671875,12.927464918344612
1886,0.0,0.0,1.0,0.0,33.320263671875,12.927464918344612
1887,0.0,0.0,1.0,0.0,33.320263671875,12.927464918344612
1888,0.0,0.0,1.0,0.0,33.320263671875,12.927464918344612
1889,0.0,0.0,1.0,0.0,33.320263671875,12.927464918344612
1890,0.0,0.0,1.0,0.0,33.320263671875,12.927464918344612
1891,0.0,0.0,1.0,0.0,33.320263671875,12.927464918344612
1892,0.0,0.0,1.0,0.0,33.320263671875,12.927464918344612
1893,0.0,0.0,1.0,0.0,33.320263671875,12.927464918344612
1894,0.0,0.0,1.0,0.0,33.320263671875,12.927464918344612
1895,0.0,0.0,1.0,0.0,33.320263671875,12.927464918344612
1896,0.0,0.0,1.0,0.0,33.320263671875,12.927464918344612
1897,0.0,0.0,1.0,0.0,33.320263671875,12.927464918344612
1898,0.0,0.0,1.0,0.0,33.320263671875,12.927464918344612
1899,0.0,0.0,1.0,0.0,33.320263671875,12.927464918344612
1900,0.0,0.0,1.0,0.0,33.320263671875,12.927464918344612
1901,0.0,0.0,1.0,0.0,33.320263671875,12.927464918344612
1902,0.0,0.0,1.0,0.0,33.320263671875,12.927464918344612
1903,0.0,0.0,1.0,0.0,33.320263671875,12.927464918344612
1904,0.0,0.0,1.0,0.0,33.320263671875,12.927464918344612
1905,0.0,0.0,1.0,0.0,33.320263671875,12.927464918344612
1906,0.0,0.0,1.0,0.0,33.320263671875,12.927464918344612
1907,0.0,0.0,1.0,0.0,33.320263671875,12.927464918344612
1908,0.0,0.0,1.0,0.0,33.320263671875,12.927464918344612
1909,0.0,0.0,1.0,0.0,33.320263671875,12.927464918344612
1910,0.0,0.0,1.0,0.0,33.320263671875,12.927464918344612
1911,0.0,0.0,1.0,0.0,33.320263671875,12.927464918344612
1912,0.0,0.0,1.0,0.0,33.320263671875,12.927464918344612
1913,0.0,0.0,1.0,0.0,33.320263671875,12.927464918344612
1914,0.0,0.0,1.0,0.0,33.320263671875,12.927464918344612
1915,0.0,0.0,1.0,0.0,33.320263671875,12.927464918344612
1916,0.0,0.0,1.0,0.0,33.320263671875,12.927464918344612
1917,0.0,0.0,1.0,0.0,33.320263671875,12.927464918344612
1918,0.0,0.0,1.0,0.0,33.320263671875,12.927464918344612
1919,0.0,0.0,1.0,0.0,33.320263671875,12.927464918344612
1920,0.0,0.0,1.0,0.0,33.320263671875,12.927464918344612
1921,0.0,0.0,1.0,0.0,33.320263671875,12.927464918344612
1922,0.0,0.0,1.0,0.0,33.320263671875,12.927464918344612
1923,0.0,0.0,1.0,0.0,33.320263671875,12.927464918344612
1924,0.0,0.0,1.0,0.0,33.320263671875,12.927464918344612
1925,0.0,0.0,1.0,0.0,33.320263671875,12.927464918344612
1926,0.0,0.0,1.0,0.0,33.320263671875,12.927464918344612
1927,0.0,0.0,1.0,0.0,33.320263671875,12.927464918344612
1928,0.0,0.0,1.0,0.0,33.320263671875,12.927464918344612
1929,0.0,0.0,1.0,0.0,33.320263671875,12.927464918344612
1930,0.0,0.0,1.0,0.0,33.320263671875,12.927464918344612
1931,0.0,0.0,1.0,0.0,33.320263671875,12.927464918344612
1932,0.0,0.0,1.0,0.0,33.320263671875,12.927464918344612
1933,0.0,0.0,1.0,0.0,33.320263671875,12.927464918344612
1934,0.0,0.0,1.0,0.0,33.320263671875,12.927464918344612
1935,0.0,0.0,1.0,0.0,33.320263671875,12.927464918344612
1936,0.0,0.0,1.0,0.0,33.320263671875,12.927464918344612
1937,0.0,0.0,1.0,0.0,33.320263671875,12.927464918344612
1938,0.0,0.0,1.0,0.0,33.320263671875,12.927464918344612
1939,0.0,0.0,1.0,0.0,33.320263671875,12.927464918344612
1940,0.0,0.0,1.0,0.0,33.320263671875,12.927464918344612
1941,0.0,0.0,1.0,0.0,33.320263671875,12.927464918344612
1942,0.0,0.0,1.0,0.0,33.320263671875,12.927464918344612
1943,0.0,0.0,1.0,0.0,33.320263671875,12.927464918344612
1944,0.0,0.0,1.0,0.0,33.320263671875,12.927464918344612
1945,0.0,0.0,1.0,0.0,33.320263671875,12.927464918344612
1946,0.0,0.0,1.0,0.0,33.320263671875,12.927464918344612
1947,0.0,0.0,1.0,0.0,33.320263671875,12.927464918344612
1948,0.0,0.0,1.0,0.0,33.320263671875,12.927464918344612
1949,0.0,0.0,1.0,0.0,33.320263671875,12.927464918344612
1950,0.0,0.0,1.0,0.0,33.320263671875,12.927464918344612
1951,0.0,0.0,1.0,0.0,33.320263671875,12.927464918344612
1952,0.0,0.0,1.0,0.0,33.320263671875,12.927464918344612
1953,0.0,0.0,1.0,0.0,33.320263671875,12.927464918344612
1954,0.0,0.0,1.0,0.0,33.320263671875,12.927464918344612
1955,0.0,0.0,1.0,0.0,33.320263671875,12.927464918344612
1956,0.0,0.0,1.0,0.0,33.320263671875,12.927464918344612
1957,0.0,0.0,1.0,0.0,33.320263671875,12.927464918344612
1958,0.0,0.0,1.0,0.0,33.320263671875,12.927464918344612
1959,0.0,0.0,1.0,0.0,33.320263671875,12.927464918344612
1960,0.0,0.0,1.0,0.0,33.320263671875,12.927464918344612
1961,0.0,0.0,1.0,0.0,33.320263671875,12.927464918344612
1962,0.0,0.0,1.0,0.0,33.320263671875,12.927464918344612
1963,0.0,0.0,1.0,0.0,33.320263671875,12.927464918344612
1964,0.0,0.0,1.0,0.0,33.320263671875,12.927464918344612
1965,0.0,0.0,1.0,0.0,33.320263671875,12.927464918344612
1966,0.0,0.0,1.0,0.0,33.320263671875,12.927464918344612
1967,0.0,0.0,1.0,0.0,33.320263671875,12.927464918344612
1968,0.0,0.0,1.0,0.0,33.320263671875,12.927464918344612
1969,0.0,0.0,1.0,0.0,33.320263671875,12.927464918344612
1970,0.0,0.0,1.0,0.0,33.320263671875,12.927464918344612
1971,0.0,0.0,1.0,0.0,33.320263671875,12.927464918344612
1972,0.0,0.0,1.0,0.0,33.320263671875,12.927464918344612
1973,0.0,0.0,1.0,0.0,33.320263671875,12.927464918344612
1974,0.0,0.0,1.0,0.0,33.320263671875,12.927464918344612
1975,0.0,0.0,1.0,0.0,33.320263671875,12.927464918344612
1976,0.0,0.0,1.0,0.0,33.320263671875,12.927464918344612
1977,0.0,0.0,1.0,0.0,33.320263671875,12.927464918344612
1978,0.0,0.0,1.0,0.0,33.320263671875,12.927464918344612
1979,0.0,0.0,1.0,0.0,33.320263671875,12.927464918344612
1980,0.0,0.0,1.0,0.0,33.320263671875,12.927464918344612
1981,0.0,0.0,1.0,0.0,33.320263671875,12.927464918344612
1982,0.0,0.0,1.0,0.0,33.320263671875,12.927464918344612
1983,0.0,0.0,1.0,0.0,33.320263671875,12.927464918344612
1984,0.0,0.0,1.0,0.0,33.320263671875,12.927464918344612
1985,0.0,0.0,1.0,0.0,33.320263671875,12.927464918344612
1986,0.0,0.0,1.0,0.0,33.320263671875,12.927464918344612
1987,0.0,0.0,1.0,0.0,33.320263671875,12.927464918344612
1988,0.0,0.0,1.0,0.0,33.320263671875,12.927464918344612
1989,0.0,0.0,1.0,0.0,33.320263671875,12.927464918344612
1990,0.0,0.0,1.0,0.0,33.320263671875,12.927464918344612
1991,0.0,0.0,1.0,0.0,33.320263671875,12.927464918344612
1992,0.0,0.0,1.0,0.0,33.320263671875,12.927464918344612
1993,0.0,0.0,1.0,0.0,33.320263671875,12.927464918344612
1994,0.0,0.0,1.0,0.0,33.320263671875,12.927464918344612
1995,0.0,0.0,1.0,0.0,33.320263671875,12.927464918344612
1996,0.0,0.0,1.0,0.0,33.320263671875,12.927464918344612
1997,0.0,0.0,1.0,0.0,33.320263671875,12.927464918344612
1998,0.0,0.0,1.0,0.0,33.320263671875,12.927464918344612
1999,0.0,0.0,1.0,0.0,33.320263671875,12.927464918344612
2000,0.0,0.0,1.0,0.0,33.320263671875,12.927464918344612
2001,0.0,0.0,1.0,0.0,33.320263671875,12.927464918344612
2002,0.0,0.0,1.0,0.0,33.320263671875,12.927464918344612
2003,0.0,0.0,1.0,0.0,33.320263671875,12.927464918344612
2004,0.0,0.0,1.0,0.0,33.320263671875,12.927464918344612
2005,0.0,0.0,1.0,0.0,33.320263671875,12.927464918344612
2006,0.0,0.0,1.0,0.0,33.320263671875,12.927464918344612
2007,0.0,0.0,1.0,0.0,33.320263671875,12.927464918344612
2008,0.0,0.0,1.0,0.0,33.320263671875,12.927464918344612
2009,0.0,0.0,1.0,0.0,33.320263671875,12.927464918344612
2010,0.0,0.0,1.0,0.0,33.320263671875,12.927464918344612
2011,0.0,0.0,1.0,0.0,33.320263671875,12.927464918344612
2012,0.0,0.0,1.0,0.0,33.320263671875,12.927464918344612
2013,0.0,0.0,1.0,0.0,33.320263671875,12.927464918344612
2014,0.0,0.0,1.0,0.0,33.320263671875,12.927464918344612
2015,0.0,0.0,1.0,0.0,33.320263671875,12.927464918344612
2016,0.0,0.0,1.0,0.0,33.320263671875,12.927464918344612
2017,0.0,0.0,1.0,0.0,33.320263671875,12.927464918344612
2018,0.0,0.0,1.0,0.0,33.320263671875,12.927464918344612
2019,0.0,0.0,1.0,0.0,33.320263671875,12.927464918344612
2020,0.0,0.0,1.0,0.0,33.320263671875,12.927464918344612
2021,0.0,0.0,1.0,0.0,33.320263671875,12.927464918344612
2022,0.0,0.0,1.0,0.0,33.320263671875,12.927464918344612
2023,0.0,0.0,1.0,0.0,33.320263671875,12.927464918344612
2024,0.0,0.0,1.0,0.0,33.320263671875,12.927464918344612
2025,0.0,0.0,1.0,0.0,33.320263671875,12.927464918344612
2026,0.0,0.0,1.0,0.0,33.320263671875,12.927464918344612
2027,0.0,0.0,1.0,0.0,33.320263671875,12.927464918344612
2028,0.0,0.0,1.0,0.0,33.320263671875,12.927464918344612
2029,0.0,0.0,1.0,0.0,33.320263671875,12.927464918344612
2030,0.0,0.0,1.0,0.0,33.320263671875,12.927464918344612
2031,0.0,0.0,1.0,0.0,33.320263671875,12.927464918344612
2032,0.0,0.0,1.0,0.0,33.320263671875,12.927464918344612
2033,0.0,0.0,1.0,0.0,33.320263671875,12.927464918344612
2034,0.0,0.0,1.0,0.0,33.320263671875,12.927464918344612
2035,0.0,0.0,1.0,0.0,33.320263671875,12.927464918344612
2036,0.0,0.0,1.0,0.0,33.320263671875,12.927464918344612
2037,0.0,0.0,1.0,0.0,33.320263671875,12.927464918344612
2038,0.0,0.0,1.0,0.0,33.320263671875,12.927464918344612
2039,0.0,0.0,1.0,0.0,33.320263671875,12.927464918344612
2040,0.0,0.0,1.0,0.0,33.320263671875,12.927464918344612
2041,0.0,0.0,1.0,0.0,33.320263671875,12.927464918344612
2042,0.0,0.0,1.0,0.0,33.320263671875,12.927464918344612
2043,0.0,0.0,1.0,0.0,33.320263671875,12.927464918344612
2044,0.0,0.0,1.0,0.0,33.320263671875,12.927464918344612
2045,0.0,0.0,1.0,0.0,33.320263671875,12.927464918344612
2046,0.0,0.0,1.0,0.0,33.320263671875,12.927464918344612
2047,0.0,0.0,1.0,0.0,33.320263671875,12.927464918344612
2048,0.0,0.0,1.0,0.0,33.320263671875,12.927464918344612
2049,0.0,0.0,1.0,0.0,33.320263671875,12.927464918344612
2050,0.0,0.0,1.0,0.0,33.320263671875,12.927464918344612
2051,0.0,0.0,1.0,0.0,33.320263671875,12.927464918344612
2052,0.0,0.0,1.0,0.0,33.320263671875,12.927464918344612
2053,0.0,0.0,1.0,0.0,33.320263671875,12.927464918344612
2054,0.0,0.0,1.0,0.0,33.320263671875,12.927464918344612
2055,0.0,0.0,1.0,0.0,33.320263671875,12.927464918344612
2056,0.0,0.0,1.0,0.0,33.320263671875,12.927464918344612
2057,0.0,0.0,1.0,0.0,33.320263671875,12.927464918344612
2058,0.0,0.0,1.0,0.0,33.320263671875,12.927464918344612
2059,0.0,0.0,1.0,0.0,33.320263671875,12.927464918344612
2060,0.0,0.0,1.0,0.0,33.320263671875,12.927464918344612
2061,0.0,0.0,1.0,0.0,33.320263671875,12.927464918344612
2062,0.0,0.0,1.0,0.0,33.320263671875,12.927464918344612
2063,0.0,0.0,1.0,0.0,33.320263671875,12.927464918344612
2064,0.0,0.0,1.0,0.0,33.320263671875,12.927464918344612
2065,0.0,0.0,1.0,0.0,33.320263671875,12.927464918344612
2066,0.0,0.0,1.0,0.0,33.320263671875,12.927464918344612
2067,0.0,0.0,1.0,0.0,33.320263671875,12.927464918344612
2068,0.0,0.0,1.0,0.0,33.320263671875,12.927464918344612
2069,0.0,0.0,1.0,0.0,33.320263671875,12.927464918344612
2070,0.0,0.0,1.0,0.0,33.320263671875,12.927464918344612
2071,0.0,0.0,1.0,0.0,33.320263671875,12.927464918344612
2072,0.0,0.0,1.0,0.0,33.320263671875,12.927464918344612
2073,0.0,0.0,1.0,0.0,33.320263671875,12.927464918344612
2074,0.0,0.0,1.0,0.0,33.320263671875,12.927464918344612
2075,0.0,0.0,1.0,0.0,33.320263671875,12.927464918344612
2076,0.0,0.0,1.0,0.0,33.320263671875,12.927464918344612
2077,0.0,0.0,1.0,0.0,33.320263671875,12.927464918344612
2078,0.0,0.0,1.0,0.0,33.320263671875,12.927464918344612
2079,0.0,0.0,1.0,0.0,33.320263671875,12.927464918344612
2080,0.0,0.0,1.0,0.0,33.320263671875,12.927464918344612
2081,0.0,0.0,1.0,0.0,33.320263671875,12.927464918344612
2082,0.0,0.0,1.0,0.0,33.320263671875,12.927464918344612
2083,0.0,0.0,1.0,0.0,33.320263671875,12.927464918344612
2084,0.0,0.0,1.0,0.0,33.320263671875,12.927464918344612
2085,0.0,0.0,1.0,0.0,33.320263671875,12.927464918344612
2086,0.0,0.0,1.0,0.0,33.320263671875,12.927464918344612
2087,0.0,0.0,1.0,0.0,33.320263671875,12.927464918344612
2088,0.0,0.0,1.0,0.0,33.320263671875,12.927464918344612
2089,0.0,0.0,1.0,0.0,33.320263671875,12.927464918344612
2090,0.0,0.0,1.0,0.0,33.320263671875,12.927464918344612
2091,0.0,0.0,1.0,0.0,33.320263671875,12.927464918344612
2092,0.0,0.0,1.0,0.0,33.320263671875,12.927464918344612
2093,0.0,0.0,1.0,0.0,33.320263671875,12.927464918344612
2094,0.0,0.0,1.0,0.0,33.320263671875,12.927464918344612
2095,0.0,0.0,1.0,0.0,33.320263671875,12.927464918344612
2096,0.0,0.0,1.0,0.0,33.320263671875,12.927464918344612
2097,0.0,0.0,1.0,0.0,33.320263671875,12.927464918344612
2098,0.0,0.0,1.0,0.0,33.320263671875,12.927464918344612
2099,0.0,0.0,1.0,0.0,33.320263671875,12.927464918344612
2100,0.0,0.0,1.0,0.0,33.320263671875,12.927464918344612
2101,0.0,0.0,1.0,0.0,33.320263671875,12.927464918344612
2102,0.0,0.0,1.0,0.0,33.320263671875,12.927464918344612
2103,0.0,0.0,1.0,0.0,33.320263671875,12.927464918344612
2104,0.0,0.0,1.0,0.0,33.320263671875,12.927464918344612
2105,0.0,0.0,1.0,0.0,33.320263671875,12.927464918344612
2106,0.0,0.0,1.0,0.0,33.320263671875,12.927464918344612
2107,0.0,0.0,1.0,0.0,33.320263671875,12.927464918344612
2108,0.0,0.0,1.0,0.0,33.320263671875,12.927464918344612
2109,0.0,0.0,1.0,0.0,33.320263671875,12.927464918344612
2110,0.0,0.0,1.0,0.0,33.320263671875,12.927464918344612
2111,0.0,0.0,1.0,0.0,33.320263671875,12.927464918344612
2112,0.0,0.0,1.0,0.0,33.320263671875,12.927464918344612
2113,0.0,0.0,1.0,0.0,33.320263671875,12.927464918344612
2114,0.0,0.0,1.0,0.0,33.320263671875,12.927464918344612
2115,0.0,0.0,1.0,0.0,33.320263671875,12.927464918344612
2116,0.0,0.0,1.0,0.0,33.320263671875,12.927464918344612
2117,0.0,0.0,1.0,0.0,33.320263671875,12.927464918344612
2118,0.0,0.0,1.0,0.0,33.320263671875,12.927464918344612
2119,0.0,0.0,1.0,0.0,33.320263671875,12.927464918344612
2120,0.0,0.0,1.0,0.0,33.320263671875,12.927464918344612
2121,0.0,0.0,1.0,0.0,33.320263671875,12.927464918344612
2122,0.0,0.0,1.0,0.0,33.320263671875,12.927464918344612
2123,0.0,0.0,1.0,0.0,33.320263671875,12.927464918344612
2124,0.0,0.0,1.0,0.0,33.320263671875,12.927464918344612
2125,0.0,0.0,1.0,0.0,33.320263671875,12.927464918344612
2126,0.0,0.0,1.0,0.0,33.320263671875,12.927464918344612
2127,0.0,0.0,1.0,0.0,33.320263671875,12.927464918344612
2128,0.0,0.0,1.0,0.0,33.320263671875,12.927464918344612
2129,0.0,0.0,1.0,0.0,33.320263671875,12.927464918344612
2130,0.0,0.0,1.0,0.0,33.320263671875,12.927464918344612
2131,0.0,0.0,1.0,0.0,33.320263671875,12.927464918344612
2132,0.0,0.0,1.0,0.0,33.320263671875,12.927464918344612
2133,0.0,0.0,1.0,0.0,33.320263671875,12.927464918344612
2134,0.0,0.0,1.0,0.0,33.320263671875,12.927464918344612
2135,0.0,0.0,1.0,0.0,33.320263671875,12.927464918344612
2136,0.0,0.0,1.0,0.0,33.320263671875,12.927464918344612
2137,0.0,0.0,1.0,0.0,33.320263671875,12.927464918344612
2138,0.0,0.0,1.0,0.0,33.320263671875,12.927464918344612
2139,0.0,0.0,1.0,0.0,33.320263671875,12.927464918344612
2140,0.0,0.0,1.0,0.0,33.320263671875,12.927464918344612
2141,0.0,0.0,1.0,0.0,33.320263671875,12.927464918344612
2142,0.0,0.0,1.0,0.0,33.320263671875,12.927464918344612
2143,0.0,0.0,1.0,0.0,33.320263671875,12.927464918344612
2144,0.0,0.0,1.0,0.0,33.320263671875,12.927464918344612
2145,0.0,0.0,1.0,0.0,33.320263671875,12.927464918344612
2146,0.0,0.0,1.0,0.0,33.320263671875,12.927464918344612
2147,0.0,0.0,1.0,0.0,33.320263671875,12.927464918344612
2148,0.0,0.0,1.0,0.0,33.320263671875,12.927464918344612
2149,0.0,0.0,1.0,0.0,33.320263671875,12.927464918344612
2150,0.0,0.0,1.0,0.0,33.320263671875,12.927464918344612
2151,0.0,0.0,1.0,0.0,33.320263671875,12.927464918344612
2152,0.0,0.0,1.0,0.0,33.320263671875,12.927464918344612
2153,0.0,0.0,1.0,0.0,33.320263671875,12.927464918344612
2154,0.0,0.0,1.0,0.0,33.320263671875,12.927464918344612
2155,0.0,0.0,1.0,0.0,33.320263671875,12.927464918344612
2156,0.0,0.0,1.0,0.0,33.320263671875,12.927464918344612
2157,0.0,0.0,1.0,0.0,33.320263671875,12.927464918344612
2158,0.0,0.0,1.0,0.0,33.320263671875,12.927464918344612
2159,0.0,0.0,1.0,0.0,33.320263671875,12.927464918344612
2160,0.0,0.0,1.0,0.0,33.320263671875,12.927464918344612
2161,0.0,0.0,1.0,0.0,33.320263671875,12.927464918344612
2162,0.0,0.0,1.0,0.0,33.320263671875,12.927464918344612
2163,0.0,0.0,1.0,0.0,33.320263671875,12.927464918344612
2164,0.0,0.0,1.0,0.0,33.320263671875,12.927464918344612
2165,0.0,0.0,1.0,0.0,33.320263671875,12.927464918344612
2166,0.0,0.0,1.0,0.0,33.320263671875,12.927464918344612
2167,0.0,0.0,1.0,0.0,33.320263671875,12.927464918344612
2168,0.0,0.0,1.0,0.0,33.320263671875,12.927464918344612
2169,0.0,0.0,1.0,0.0,33.320263671875,12.927464918344612
2170,0.0,0.0,1.0,0.0,33.320263671875,12.927464918344612
2171,0.0,0.0,1.0,0.0,33.320263671875,12.927464918344612
2172,0.0,0.0,1.0,0.0,33.320263671875,12.927464918344612
2173,0.0,0.0,1.0,0.0,33.320263671875,12.927464918344612
2174,0.0,0.0,1.0,0.0,33.320263671875,12.927464918344612
2175,0.0,0.0,1.0,0.0,33.320263671875,12.927464918344612
2176,0.0,0.0,1.0,0.0,33.320263671875,12.927464918344612
2177,0.0,0.0,1.0,0.0,33.320263671875,12.927464918344612
2178,0.0,0.0,1.0,0.0,33.320263671875,12.927464918344612
2179,0.0,0.0,1.0,0.0,33.320263671875,12.927464918344612
2180,0.0,0.0,1.0,0.0,33.320263671875,12.927464918344612
2181,0.0,0.0,1.0,0.0,33.320263671875,12.927464918344612
2182,0.0,0.0,1.0,0.0,33.320263671875,12.927464918344612
2183,0.0,0.0,1.0,0.0,33.320263671875,12.927464918344612
2184,0.0,0.0,1.0,0.0,33.320263671875,12.927464918344612
2185,0.0,0.0,1.0,0.0,33.320263671875,12.927464918344612
2186,0.0,0.0,1.0,0.0,33.320263671875,12.927464918344612
2187,0.0,0.0,1.0,0.0,33.320263671875,12.927464918344612
2188,0.0,0.0,1.0,0.0,33.320263671875,12.927464918344612
2189,0.0,0.0,1.0,0.0,33.320263671875,12.927464918344612
2190,0.0,0.0,1.0,0.0,33.320263671875,12.927464918344612
2191,0.0,0.0,1.0,0.0,33.320263671875,12.927464918344612
2192,0.0,0.0,1.0,0.0,33.320263671875,12.927464918344612
2193,0.0,0.0,1.0,0.0,33.320263671875,12.927464918344612
2194,0.0,0.0,1.0,0.0,33.320263671875,12.927464918344612
2195,0.0,0.0,1.0,0.0,33.320263671875,12.927464918344612
2196,0.0,0.0,1.0,0.0,33.320263671875,12.927464918344612
2197,0.0,0.0,1.0,0.0,33.320263671875,12.927464918344612
2198,0.0,0.0,1.0,0.0,33.320263671875,12.927464918344612
2199,0.0,0.0,1.0,0.0,33.320263671875,12.927464918344612
2200,0.0,0.0,1.0,0.0,33.320263671875,12.927464918344612
2201,0.0,0.0,1.0,0.0,33.320263671875,12.927464918344612
2202,0.0,0.0,1.0,0.0,33.320263671875,12.927464918344612
2203,0.0,0.0,1.0,0.0,33.320263671875,12.927464918344612
2204,0.0,0.0,1.0,0.0,33.320263671875,12.927464918344612
2205,0.0,0.0,1.0,0.0,33.320263671875,12.927464918344612
2206,0.0,0.0,1.0,0.0,33.320263671875,12.927464918344612
2207,0.0,0.0,1.0,0.0,33.320263671875,12.927464918344612
2208,0.0,0.0,1.0,0.0,33.320263671875,12.927464918344612
2209,0.0,0.0,1.0,0.0,33.320263671875,12.927464918344612
2210,0.0,0.0,1.0,0.0,33.320263671875,12.927464918344612
2211,0.0,0.0,1.0,0.0,33.320263671875,12.927464918344612
2212,0.0,0.0,1.0,0.0,33.320263671875,12.927464918344612
2213,0.0,0.0,1.0,0.0,33.320263671875,12.927464918344612
2214,0.0,0.0,1.0,0.0,33.320263671875,12.927464918344612
2215,0.0,0.0,1.0,0.0,33.320263671875,12.927464918344612
2216,0.0,0.0,1.0,0.0,33.320263671875,12.927464918344612
2217,0.0,0.0,1.0,0.0,33.320263671875,12.927464918344612
2218,0.0,0.0,1.0,0.0,33.320263671875,12.927464918344612
2219,0.0,0.0,1.0,0.0,33.320263671875,12.927464918344612
2220,0.0,0.0,1.0,0.0,33.320263671875,12.927464918344612
2221,0.0,0.0,1.0,0.0,33.320263671875,12.927464918344612
2222,0.0,0.0,1.0,0.0,33.320263671875,12.927464918344612
2223,0.0,0.0,1.0,0.0,33.320263671875,12.927464918344612
2224,0.0,0.0,1.0,0.0,33.320263671875,12.927464918344612
2225,0.0,0.0,1.0,0.0,33.320263671875,12.927464918344612
2226,0.0,0.0,1.0,0.0,33.320263671875,12.927464918344612
2227,0.0,0.0,1.0,0.0,33.320263671875,12.927464918344612
2228,0.0,0.0,1.0,0.0,33.320263671875,12.927464918344612
2229,0.0,0.0,1.0,0.0,33.320263671875,12.927464918344612
2230,0.0,0.0,1.0,0.0,33.320263671875,12.927464918344612
2231,0.0,0.0,1.0,0.0,33.320263671875,12.927464918344612
2232,0.0,0.0,1.0,0.0,33.320263671875,12.927464918344612
2233,0.0,0.0,1.0,0.0,33.320263671875,12.927464918344612
2234,0.0,0.0,1.0,0.0,33.320263671875,12.927464918344612
2235,0.0,0.0,1.0,0.0,33.320263671875,12.927464918344612
2236,0.0,0.0,1.0,0.0,33.320263671875,12.927464918344612
2237,0.0,0.0,1.0,0.0,33.320263671875,12.927464918344612
2238,0.0,0.0,1.0,0.0,33.320263671875,12.927464918344612
2239,0.0,0.0,1.0,0.0,33.320263671875,12.927464918344612
2240,0.0,0.0,1.0,0.0,33.320263671875,12.927464918344612
2241,0.0,0.0,1.0,0.0,33.320263671875,12.927464918344612
2242,0.0,0.0,1.0,0.0,33.320263671875,12.927464918344612
2243,0.0,0.0,1.0,0.0,33.320263671875,12.927464918344612
2244,0.0,0.0,1.0,0.0,33.320263671875,12.927464918344612
2245,0.0,0.0,1.0,0.0,33.320263671875,12.927464918344612
2246,0.0,0.0,1.0,0.0,33.320263671875,12.927464918344612
2247,0.0,0.0,1.0,0.0,33.320263671875,12.927464918344612
2248,0.0,0.0,1.0,0.0,33.320263671875,12.927464918344612
2249,0.0,0.0,1.0,0.0,33.320263671875,12.927464918344612
2250,0.0,0.0,1.0,0.0,33.320263671875,12.927464918344612
2251,0.0,0.0,1.0,0.0,33.320263671875,12.927464918344612
2252,0.0,0.0,1.0,0.0,33.320263671875,12.927464918344612
2253,0.0,0.0,1.0,0.0,33.320263671875,12.927464918344612
2254,0.0,0.0,1.0,0.0,33.320263671875,12.927464918344612
2255,0.0,0.0,1.0,0.0,33.320263671875,12.927464918344612
2256,0.0,0.0,1.0,0.0,33.320263671875,12.927464918344612
2257,0.0,0.0,1.0,0.0,33.320263671875,12.927464918344612
2258,0.0,0.0,1.0,0.0,33.320263671875,12.927464918344612
2259,0.0,0.0,1.0,0.0,33.320263671875,12.927464918344612
2260,0.0,0.0,1.0,0.0,33.320263671875,12.927464918344612
2261,0.0,0.0,1.0,0.0,33.320263671875,12.927464918344612
2262,0.0,0.0,1.0,0.0,33.320263671875,12.927464918344612
2263,0.0,0.0,1.0,0.0,33.320263671875,12.927464918344612
2264,0.0,0.0,1.0,0.0,33.320263671875,12.927464918344612
2265,0.0,0.0,1.0,0.0,33.320263671875,12.927464918344612
2266,0.0,0.0,1.0,0.0,33.320263671875,12.927464918344612
2267,0.0,0.0,1.0,0.0,33.320263671875,12.927464918344612
2268,0.0,0.0,1.0,0.0,33.320263671875,12.927464918344612
2269,0.0,0.0,1.0,0.0,33.320263671875,12.927464918344612
2270,0.0,0.0,1.0,0.0,33.320263671875,12.927464918344612
2271,0.0,0.0,1.0,0.0,33.320263671875,12.927464918344612
2272,0.0,0.0,1.0,0.0,33.320263671875,12.927464918344612
2273,0.0,0.0,1.0,0.0,33.320263671875,12.927464918344612
2274,0.0,0.0,1.0,0.0,33.320263671875,12.927464918344612
2275,0.0,0.0,1.0,0.0,33.320263671875,12.927464918344612
2276,0.0,0.0,1.0,0.0,33.320263671875,12.927464918344612
2277,0.0,0.0,1.0,0.0,33.320263671875,12.927464918344612
2278,0.0,0.0,1.0,0.0,33.320263671875,12.927464918344612
2279,0.0,0.0,1.0,0.0,33.320263671875,12.927464918344612
2280,0.0,0.0,1.0,0.0,33.320263671875,12.927464918344612
2281,0.0,0.0,1.0,0.0,33.320263671875,12.927464918344612
2282,0.0,0.0,1.0,0.0,33.320263671875,12.927464918344612
2283,0.0,0.0,1.0,0.0,33.320263671875,12.927464918344612
2284,0.0,0.0,1.0,0.0,33.320263671875,12.927464918344612
2285,0.0,0.0,1.0,0.0,33.320263671875,12.927464918344612
2286,0.0,0.0,1.0,0.0,33.320263671875,12.927464918344612
2287,0.0,0.0,1.0,0.0,33.320263671875,12.927464918344612
2288,0.0,0.0,1.0,0.0,33.320263671875,12.927464918344612
2289,0.0,0.0,1.0,0.0,33.320263671875,12.927464918344612
2290,0.0,0.0,1.0,0.0,33.320263671875,12.927464918344612
2291,0.0,0.0,1.0,0.0,33.320263671875,12.927464918344612
2292,0.0,0.0,1.0,0.0,33.320263671875,12.927464918344612
2293,0.0,0.0,1.0,0.0,33.320263671875,12.927464918344612
2294,0.0,0.0,1.0,0.0,33.320263671875,12.927464918344612
2295,0.0,0.0,1.0,0.0,33.320263671875,12.927464918344612
2296,0.0,0.0,1.0,0.0,33.320263671875,12.927464918344612
2297,0.0,0.0,1.0,0.0,33.320263671875,12.927464918344612
2298,0.0,0.0,1.0,0.0,33.320263671875,12.927464918344612
2299,0.0,0.0,1.0,0.0,33.320263671875,12.927464918344612
2300,0.0,0.0,1.0,0.0,33.320263671875,12.927464918344612
2301,0.0,0.0,1.0,0.0,33.320263671875,12.927464918344612
2302,0.0,0.0,1.0,0.0,33.320263671875,12.927464918344612
2303,0.0,0.0,1.0,0.0,33.320263671875,12.927464918344612
2304,0.0,0.0,1.0,0.0,33.320263671875,12.927464918344612
2305,0.0,0.0,1.0,0.0,33.320263671875,12.927464918344612
2306,0.0,0.0,1.0,0.0,33.320263671875,12.927464918344612
2307,0.0,0.0,1.0,0.0,33.320263671875,12.927464918344612
2308,0.0,0.0,1.0,0.0,33.320263671875,12.927464918344612
2309,0.0,0.0,1.0,0.0,33.320263671875,12.927464918344612
2310,0.0,0.0,1.0,0.0,33.320263671875,12.927464918344612
2311,0.0,0.0,1.0,0.0,33.320263671875,12.927464918344612
2312,0.0,0.0,1.0,0.0,33.320263671875,12.927464918344612
2313,0.0,0.0,1.0,0.0,33.320263671875,12.927464918344612
2314,0.0,0.0,1.0,0.0,33.320263671875,12.927464918344612
2315,0.0,0.0,1.0,0.0,33.320263671875,12.927464918344612
2316,0.0,0.0,1.0,0.0,33.320263671875,12.927464918344612
2317,0.0,0.0,1.0,0.0,33.320263671875,12.927464918344612
2318,0.0,0.0,1.0,0.0,33.320263671875,12.927464918344612
2319,0.0,0.0,1.0,0.0,33.320263671875,12.927464918344612
2320,0.0,0.0,1.0,0.0,33.320263671875,12.927464918344612
2321,0.0,0.0,1.0,0.0,33.320263671875,12.927464918344612
2322,0.0,0.0,1.0,0.0,33.320263671875,12.927464918344612
2323,0.0,0.0,1.0,0.0,33.320263671875,12.927464918344612
2324,0.0,0.0,1.0,0.0,33.320263671875,12.927464918344612
2325,0.0,0.0,1.0,0.0,33.320263671875,12.927464918344612
2326,0.0,0.0,1.0,0.0,33.320263671875,12.927464918344612
2327,0.0,0.0,1.0,0.0,33.320263671875,12.927464918344612
2328,0.0,0.0,1.0,0.0,33.320263671875,12.927464918344612
2329,0.0,0.0,1.0,0.0,33.320263671875,12.927464918344612
2330,0.0,0.0,1.0,0.0,33.320263671875,12.927464918344612
2331,0.0,0.0,1.0,0.0,33.320263671875,12.927464918344612
2332,0.0,0.0,1.0,0.0,33.320263671875,12.927464918344612
2333,0.0,0.0,1.0,0.0,33.320263671875,12.927464918344612
2334,0.0,0.0,1.0,0.0,33.320263671875,12.927464918344612
2335,0.0,0.0,1.0,0.0,33.320263671875,12.927464918344612
2336,0.0,0.0,1.0,0.0,33.320263671875,12.927464918344612
2337,0.0,0.0,1.0,0.0,33.320263671875,12.927464918344612
2338,0.0,0.0,1.0,0.0,33.320263671875,12.927464918344612
2339,0.0,0.0,1.0,0.0,33.320263671875,12.927464918344612
2340,0.0,0.0,1.0,0.0,33.320263671875,12.927464918344612
2341,0.0,0.0,1.0,0.0,33.320263671875,12.927464918344612
2342,0.0,0.0,1.0,0.0,33.320263671875,12.927464918344612
2343,0.0,0.0,1.0,0.0,33.320263671875,12.927464918344612
2344,0.0,0.0,1.0,0.0,33.320263671875,12.927464918344612
2345,0.0,0.0,1.0,0.0,33.320263671875,12.927464918344612
2346,0.0,0.0,1.0,0.0,33.320263671875,12.927464918344612
2347,0.0,0.0,1.0,0.0,33.320263671875,12.927464918344612
2348,0.0,0.0,1.0,0.0,33.320263671875,12.927464918344612
2349,0.0,0.0,1.0,0.0,33.320263671875,12.927464918344612
2350,0.0,0.0,1.0,0.0,33.320263671875,12.927464918344612
2351,0.0,0.0,1.0,0.0,33.320263671875,12.927464918344612
2352,0.0,0.0,1.0,0.0,33.320263671875,12.927464918344612
2353,0.0,0.0,1.0,0.0,33.320263671875,12.927464918344612
2354,0.0,0.0,1.0,0.0,33.320263671875,12.927464918344612
2355,0.0,0.0,1.0,0.0,33.320263671875,12.927464918344612
2356,0.0,0.0,1.0,0.0,33.320263671875,12.927464918344612
2357,0.0,0.0,1.0,0.0,33.320263671875,12.927464918344612
2358,0.0,0.0,1.0,0.0,33.320263671875,12.927464918344612
2359,0.0,0.0,1.0,0.0,33.320263671875,12.927464918344612
2360,0.0,0.0,1.0,0.0,33.320263671875,12.927464918344612
2361,0.0,0.0,1.0,0.0,33.320263671875,12.927464918344612
2362,0.0,0.0,1.0,0.0,33.320263671875,12.927464918344612
2363,0.0,0.0,1.0,0.0,33.320263671875,12.927464918344612
2364,0.0,0.0,1.0,0.0,33.320263671875,12.927464918344612
2365,0.0,0.0,1.0,0.0,33.320263671875,12.927464918344612
2366,0.0,0.0,1.0,0.0,33.320263671875,12.927464918344612
2367,0.0,0.0,1.0,0.0,33.320263671875,12.927464918344612
2368,0.0,0.0,1.0,0.0,33.320263671875,12.927464918344612
2369,0.0,0.0,1.0,0.0,33.320263671875,12.927464918344612
2370,0.0,0.0,1.0,0.0,33.320263671875,12.927464918344612
2371,0.0,0.0,1.0,0.0,33.320263671875,12.927464918344612
2372,0.0,0.0,1.0,0.0,33.320263671875,12.927464918344612
2373,0.0,0.0,1.0,0.0,33.320263671875,12.927464918344612
2374,0.0,0.0,1.0,0.0,33.320263671875,12.927464918344612
2375,0.0,0.0,1.0,0.0,33.320263671875,12.927464918344612
2376,0.0,0.0,1.0,0.0,33.320263671875,12.927464918344612
2377,0.0,0.0,1.0,0.0,33.320263671875,12.927464918344612
2378,0.0,0.0,1.0,0.0,33.320263671875,12.927464918344612
2379,0.0,0.0,1.0,0.0,33.320263671875,12.927464918344612
2380,0.0,0.0,1.0,0.0,33.320263671875,12.927464918344612
2381,0.0,0.0,1.0,0.0,33.320263671875,12.927464918344612
2382,0.0,0.0,1.0,0.0,33.320263671875,12.927464918344612
2383,0.0,0.0,1.0,0.0,33.320263671875,12.927464918344612
2384,0.0,0.0,1.0,0.0,33.320263671875,12.927464918344612
2385,0.0,0.0,1.0,0.0,33.320263671875,12.927464918344612
2386,0.0,0.0,1.0,0.0,33.320263671875,12.927464918344612
2387,0.0,0.0,1.0,0.0,33.320263671875,12.927464918344612
2388,0.0,0.0,1.0,0.0,33.320263671875,12.927464918344612
2389,0.0,0.0,1.0,0.0,33.320263671875,12.927464918344612
2390,0.0,0.0,1.0,0.0,33.320263671875,12.927464918344612
2391,0.0,0.0,1.0,0.0,33.320263671875,12.927464918344612
2392,0.0,0.0,1.0,0.0,33.320263671875,12.927464918344612
2393,0.0,0.0,1.0,0.0,33.320263671875,12.927464918344612
2394,0.0,0.0,1.0,0.0,33.320263671875,12.927464918344612
2395,0.0,0.0,1.0,0.0,33.320263671875,12.927464918344612
2396,0.0,0.0,1.0,0.0,33.320263671875,12.927464918344612
2397,0.0,0.0,1.0,0.0,33.320263671875,12.927464918344612
2398,0.0,0.0,1.0,0.0,33.320263671875,12.927464918344612
2399,0.0,0.0,1.0,0.0,33.320263671875,12.927464918344612
2400,0.0,0.0,1.0,0.0,33.320263671875,12.927464918344612
2401,0.0,0.0,1.0,0.0,33.320263671875,12.927464918344612
2402,0.0,0.0,1.0,0.0,33.320263671875,12.927464918344612
2403,0.0,0.0,1.0,0.0,33.320263671875,12.927464918344612
2404,0.0,0.0,1.0,0.0,33.320263671875,12.927464918344612
2405,0.0,0.0,1.0,0.0,33.320263671875,12.927464918344612
2406,0.0,0.0,1.0,0.0,33.320263671875,12.927464918344612
2407,0.0,0.0,1.0,0.0,33.320263671875,12.927464918344612
2408,0.0,0.0,1.0,0.0,33.320263671875,12.927464918344612
2409,0.0,0.0,1.0,0.0,33.320263671875,12.927464918344612
2410,0.0,0.0,1.0,0.0,33.320263671875,12.927464918344612
2411,0.0,0.0,1.0,0.0,33.320263671875,12.927464918344612
2412,0.0,0.0,1.0,0.0,33.320263671875,12.927464918344612
2413,0.0,0.0,1.0,0.0,33.320263671875,12.927464918344612
2414,0.0,0.0,1.0,0.0,33.320263671875,12.927464918344612
2415,0.0,0.0,1.0,0.0,33.320263671875,12.927464918344612
2416,0.0,0.0,1.0,0.0,33.320263671875,12.927464918344612
2417,0.0,0.0,1.0,0.0,33.320263671875,12.927464918344612
2418,0.0,0.0,1.0,0.0,33.320263671875,12.927464918344612
2419,0.0,0.0,1.0,0.0,33.320263671875,12.927464918344612
2420,0.0,0.0,1.0,0.0,33.320263671875,12.927464918344612
2421,0.0,0.0,1.0,0.0,33.320263671875,12.927464918344612
2422,0.0,0.0,1.0,0.0,33.320263671875,12.927464918344612
2423,0.0,0.0,1.0,0.0,33.320263671875,12.927464918344612
2424,0.0,0.0,1.0,0.0,33.320263671875,12.927464918344612
2425,0.0,0.0,1.0,0.0,33.320263671875,12.927464918344612
2426,0.0,0.0,1.0,0.0,33.320263671875,12.927464918344612
2427,0.0,0.0,1.0,0.0,33.320263671875,12.927464918344612
2428,0.0,0.0,1.0,0.0,33.320263671875,12.927464918344612
2429,0.0,0.0,1.0,0.0,33.320263671875,12.927464918344612
2430,0.0,0.0,1.0,0.0,33.320263671875,12.927464918344612
2431,0.0,0.0,1.0,0.0,33.320263671875,12.927464918344612
2432,0.0,0.0,1.0,0.0,33.320263671875,12.927464918344612
2433,0.0,0.0,1.0,0.0,33.320263671875,12.927464918344612
2434,0.0,0.0,1.0,0.0,33.320263671875,12.927464918344612
2435,0.0,0.0,1.0,0.0,33.320263671875,12.927464918344612
2436,0.0,0.0,1.0,0.0,33.320263671875,12.927464918344612
2437,0.0,0.0,1.0,0.0,33.320263671875,12.927464918344612
2438,0.0,0.0,1.0,0.0,33.320263671875,12.927464918344612
2439,0.0,0.0,1.0,0.0,33.320263671875,12.927464918344612
2440,0.0,0.0,1.0,0.0,33.320263671875,12.927464918344612
2441,0.0,0.0,1.0,0.0,33.320263671875,12.927464918344612
2442,0.0,0.0,1.0,0.0,33.320263671875,12.927464918344612
2443,0.0,0.0,1.0,0.0,33.320263671875,12.927464918344612
2444,0.0,0.0,1.0,0.0,33.320263671875,12.927464918344612
2445,0.0,0.0,1.0,0.0,33.320263671875,12.927464918344612
2446,0.0,0.0,1.0,0.0,33.320263671875,12.927464918344612
2447,0.0,0.0,1.0,0.0,33.320263671875,12.927464918344612
2448,0.0,0.0,1.0,0.0,33.320263671875,12.927464918344612
2449,0.0,0.0,1.0,0.0,33.320263671875,12.927464918344612
2450,0.0,0.0,1.0,0.0,33.320263671875,12.927464918344612
2451,0.0,0.0,1.0,0.0,33.320263671875,12.927464918344612
2452,0.0,0.0,1.0,0.0,33.320263671875,12.927464918344612
2453,0.0,0.0,1.0,0.0,33.320263671875,12.927464918344612
2454,0.0,0.0,1.0,0.0,33.320263671875,12.927464918344612
2455,0.0,0.0,1.0,0.0,33.320263671875,12.927464918344612
2456,0.0,0.0,1.0,0.0,33.320263671875,12.927464918344612
2457,0.0,0.0,1.0,0.0,33.320263671875,12.927464918344612
2458,0.0,0.0,1.0,0.0,33.320263671875,12.927464918344612
2459,0.0,0.0,1.0,0.0,33.320263671875,12.927464918344612
2460,0.0,0.0,1.0,0.0,33.320263671875,12.927464918344612
2461,0.0,0.0,1.0,0.0,33.320263671875,12.927464918344612
2462,0.0,0.0,1.0,0.0,33.320263671875,12.927464918344612
2463,0.0,0.0,1.0,0.0,33.320263671875,12.927464918344612
2464,0.0,0.0,1.0,0.0,33.320263671875,12.927464918344612
2465,0.0,0.0,1.0,0.0,33.320263671875,12.927464918344612
2466,0.0,0.0,1.0,0.0,33.320263671875,12.927464918344612
2467,0.0,0.0,1.0,0.0,33.320263671875,12.927464918344612
2468,0.0,0.0,1.0,0.0,33.320263671875,12.927464918344612
2469,0.0,0.0,1.0,0.0,33.320263671875,12.927464918344612
2470,0.0,0.0,1.0,0.0,33.320263671875,12.927464918344612
2471,0.0,0.0,1.0,0.0,33.320263671875,12.927464918344612
2472,0.0,0.0,1.0,0.0,33.320263671875,12.927464918344612
2473,0.0,0.0,1.0,0.0,33.320263671875,12.927464918344612
2474,0.0,0.0,1.0,0.0,33.320263671875,12.927464918344612
2475,0.0,0.0,1.0,0.0,33.320263671875,12.927464918344612
2476,0.0,0.0,1.0,0.0,33.320263671875,12.927464918344612
2477,0.0,0.0,1.0,0.0,33.320263671875,12.927464918344612
2478,0.0,0.0,1.0,0.0,33.320263671875,12.927464918344612
2479,0.0,0.0,1.0,0.0,33.320263671875,12.927464918344612
2480,0.0,0.0,1.0,0.0,33.320263671875,12.927464918344612
2481,0.0,0.0,1.0,0.0,33.320263671875,12.927464918344612
2482,0.0,0.0,1.0,0.0,33.320263671875,12.927464918344612
2483,0.0,0.0,1.0,0.0,33.320263671875,12.927464918344612
2484,0.0,0.0,1.0,0.0,33.320263671875,12.927464918344612
2485,0.0,0.0,1.0,0.0,33.320263671875,12.927464918344612
2486,0.0,0.0,1.0,0.0,33.320263671875,12.927464918344612
2487,0.0,0.0,1.0,0.0,33.320263671875,12.927464918344612
2488,0.0,0.0,1.0,0.0,33.320263671875,12.927464918344612
2489,0.0,0.0,1.0,0.0,33.320263671875,12.927464918344612
2490,0.0,0.0,1.0,0.0,33.320263671875,12.927464918344612
2491,0.0,0.0,1.0,0.0,33.320263671875,12.927464918344612
2492,0.0,0.0,1.0,0.0,33.320263671875,12.927464918344612
2493,0.0,0.0,1.0,0.0,33.320263671875,12.927464918344612
2494,0.0,0.0,1.0,0.0,33.320263671875,12.927464918344612
2495,0.0,0.0,1.0,0.0,33.320263671875,12.927464918344612
2496,0.0,0.0,1.0,0.0,33.320263671875,12.927464918344612
2497,0.0,0.0,1.0,0.0,33.320263671875,12.927464918344612
2498,0.0,0.0,1.0,0.0,33.320263671875,12.927464918344612
2499,0.0,0.0,1.0,0.0,33.320263671875,12.927464918344612
2500,0.0,0.0,1.0,0.0,33.320263671875,12.927464918344612
