t,fC_mean,fC_std,fD_mean,fD_std,avgR_mean,avgR_std
0,0.496875,0.015896085897949847,0.503125,0.015896085897949847,0.0,0.0
1,0.32734375,0.02335924435582196,0.67265625,0.023359244355821956,8.446875,0.27023346026514744
2,0.2171875,0.032362992464387466,0.7828125,0.032362992464387466,14.011719512939454,0.6438325794274894
3,0.17421875,0.05090729549264034,0.82578125,0.05090729549264034,17.703906631469728,1.0206706699217403
4,0.13671875,0.04916291475797586,0.86328125,0.04916291475797586,20.665625,1.839057521764715
5,0.1078125,0.04625897294714832,0.8921875,0.04625897294714832,22.989844131469727,2.641733540338955
6,0.0890625,0.04114748150707404,0.9109375,0.04114748150707404,24.822656631469727,3.3691990440722717
7,0.09140625,0.05319388915796625,0.90859375,0.05319388915796625,26.336719131469728,3.9909217455291386
8,0.08359375,0.05598897770990287,0.91640625,0.05598897770990287,27.890625381469725,4.840282282077749
9,0.08125,0.05890024007803364,0.91875,0.058900240078033635,29.31171875,5.735993364104153
10,0.08203125,0.06447087823680549,0.91796875,0.06447087823680549,30.69296875,6.579033117245459
11,0.08203125,0.0686433832390275,0.91796875,0.0686433832390275,32.0875,7.545269708281018
12,0.08359375,0.0683582589194605,0.91640625,0.0683582589194605,33.48203125,8.519318866277544
13,0.096875,0.07934208224911293,0.903125,0.07934208224911292,34.903125,9.412893275420322
14,0.10234375,0.08390348575521162,0.89765625,0.08390348575521162,36.550000762939455,10.499045626603056
15,0.10625,0.08926101778982244,0.89375,0.08926101778982244,38.28984451293945,11.768687568099958
16,0.10703125,0.09055762581776312,0.89296875,0.09055762581776312,40.09609451293945,13.211967137534947
17,0.0984375,0.08199031716840105,0.9015625,0.08199031716840105,41.915625762939456,14.685808990002371
18,0.09921875,0.08162473679130611,0.90078125,0.08162473679130611,43.5890625,16.002313522923412
19,0.09140625,0.07572888010032897,0.90859375,0.07572888010032897,45.27578125,17.23338275560465
20,0.09921875,0.08196053499627122,0.90078125,0.08196053499627123,46.8296875,18.344449817624078
21,0.0953125,0.07938822478412652,0.9046875,0.07938822478412652,48.51640701293945,19.58867808400899
22,0.10390625,0.08570992594939048,0.89609375,0.08570992594939049,50.13671951293945,20.819561808295102
23,0.11015625,0.08997612530554981,0.88984375,0.08997612530554981,51.903125,22.18933220317923
24,0.11171875,0.09169625469450755,0.88828125,0.09169625469450757,53.77578125,23.65786941286662
25,0.1109375,0.09065866831486663,0.8890625,0.09065866831486662,55.675001525878905,25.154303616874685
26,0.12109375,0.09992673097074677,0.87890625,0.09992673097074677,57.5609375,26.642313294194548
27,0.13125,0.10787475557620049,0.86875,0.10787475557620049,59.61953125,28.29331467455585
28,0.1328125,0.10889963663564264,0.8671875,0.10889963663564264,61.85078125,30.073061404133714
29,0.13203125,0.10854596520599004,0.86796875,0.10854596520599004,64.10859375,31.87664904588516
30,0.13515625,0.11080537907182124,0.86484375,0.11080537907182124,66.353125,33.6707689602279
31,0.13125,0.10855158803824567,0.86875,0.10855158803824567,68.65078125,35.49555134152818
32,0.13984375,0.11594129036930717,0.86015625,0.11594129036930717,70.88203125,37.27090284625004
33,0.1421875,0.11780048015606727,0.8578125,0.11780048015606728,73.259375,39.16839455893257
34,0.1390625,0.11626197014985168,0.8609375,0.11626197014985167,75.6765625,41.10939715174242
35,0.13828125,0.11565666796060657,0.86171875,0.11565666796060657,78.04062347412109,43.008357193410674
36,0.13984375,0.11735404831640876,0.86015625,0.11735404831640876,80.39140625,44.89207098262872
37,0.13984375,0.11662364348085683,0.86015625,0.11662364348085683,82.76874694824218,46.80724955991755
38,0.1359375,0.11378927035039377,0.8640625,0.11378927035039377,85.14609375,48.74945002944985
39,0.14140625,0.11678054338159247,0.85859375,0.11678054338159247,87.45703125,50.65126434585799
40,0.1390625,0.11715103599360528,0.8609375,0.11715103599360528,89.86093597412109,52.61580263594845
41,0.13984375,0.11895541444171426,0.86015625,0.11895541444171424,92.2249969482422,54.55798276928297
42,0.14296875,0.12287252032085938,0.85703125,0.12287252032085937,94.60234375,56.525951773295716
43,0.15,0.12909786894300387,0.85,0.12909786894300387,97.0328125,58.544171816765314
44,0.15625,0.13411584748595148,0.84375,0.13411584748595148,99.5828125,60.648455483943614
45,0.16875,0.14308610279303857,0.83125,0.14308610279303857,102.2390625,62.8404782313574
46,0.16640625,0.13915463941915485,0.83359375,0.13915463941915482,105.1078094482422,65.20446142791113
47,0.165625,0.1384510786230104,0.834375,0.13845107862301037,107.93671875,67.53732535540706
48,0.1765625,0.1485895602721638,0.8234375,0.1485895602721638,110.75234375,69.87189006838527
49,0.1859375,0.15680759881738832,0.8140625,0.15680759881738832,113.75390625,72.37239388894633
50,0.18828125,0.1624248624364509,0.81171875,0.1624248624364509,116.91484069824219,75.00987771991831
51,0.19609375,0.16632370311759534,0.80390625,0.16632370311759537,120.115625,77.70479496087812
52,0.20234375,0.1696122358406816,0.79765625,0.1696122358406816,123.44921569824218,80.48659655334558
53,0.2,0.1683117863427128,0.8,0.1683117863427128,126.88905334472656,83.34805644800952
54,0.196875,0.16782515664561437,0.803125,0.16782515664561437,130.2890625,86.18330942523806
55,0.20078125,0.17094207032281433,0.79921875,0.17094207032281433,133.63593444824218,88.98362478503662
56,0.209375,0.17874412687029748,0.790625,0.17874412687029748,137.0492156982422,91.84447819312416
57,0.215625,0.1822071976915978,0.784375,0.1822071976915978,140.60859069824218,94.83482389665335
58,0.228125,0.1900477941532077,0.771875,0.1900477941532077,144.2742156982422,97.88048130566864
59,0.23984375,0.20048768665431801,0.76015625,0.200487686654318,148.15233764648437,101.08541937274522
60,0.240625,0.19802183335272655,0.759375,0.19802183335272652,152.22968444824218,104.45439482701829
61,0.24609375,0.20204037344055767,0.75390625,0.20204037344055767,156.3203094482422,107.80264437478479
62,0.25,0.20545538216970613,0.75,0.20545538216970613,160.50390014648437,111.23110115258723
63,0.25390625,0.20793581867369557,0.74609375,0.20793581867369557,164.75390625,114.72112040740056
64,0.2515625,0.20778312762349113,0.7484375,0.20778312762349113,169.07030029296874,118.23906448056042
65,0.24296875,0.20267980057840002,0.75703125,0.20267980057840002,173.34686889648438,121.72698397853937
66,0.24296875,0.20189531631516366,0.75703125,0.20189531631516366,177.4773376464844,125.0797268483458
67,0.24296875,0.19999694821890407,0.75703125,0.19999694821890407,181.60780639648436,128.43253444352598
68,0.2375,0.19710737773958387,0.7625,0.19710737773958387,185.73828125,131.7885996725897
69,0.22890625,0.19017621351656994,0.77109375,0.19017621351656994,189.77577514648436,135.07582027402339
70,0.23671875,0.19670751804709957,0.76328125,0.19670751804709954,193.66717529296875,138.27576735353858
71,0.2453125,0.20266474297932285,0.7546875,0.20266474297932288,197.69139404296874,141.57367853049658
72,0.246875,0.2026195634680916,0.753125,0.2026195634680916,201.86170654296876,144.95815764039514
73,0.25078125,0.20601015884386625,0.74921875,0.20601015884386623,206.05858764648437,148.35294226787752
74,0.27109375,0.22158596931411292,0.72890625,0.22158596931411292,210.321875,151.82455230099146
75,0.27265625,0.22318878202516138,0.72734375,0.22318878202516138,214.9304626464844,155.55874946251032
76,0.2671875,0.218674652201907,0.7328125,0.218674652201907,219.56560668945312,159.30353939356564
77,0.27734375,0.2273424076420851,0.72265625,0.2273424076420851,224.10780029296876,162.9777858689148
78,0.278125,0.22776351925434635,0.721875,0.22776351925434637,228.82265625,166.78937992893935
79,0.2890625,0.23826203815993222,0.7109375,0.23826203815993222,233.55078125,170.60955932953797
80,0.303125,0.25214654639589057,0.696875,0.25214654639589057,238.46483154296874,174.60558236446596
81,0.296875,0.2468181303168894,0.703125,0.2468181303168894,243.61796875,178.78438452136038
82,0.29609375,0.24327377356848395,0.70390625,0.24327377356848395,248.66483154296876,182.87817479278007
83,0.29140625,0.24031026494409266,0.70859375,0.24031026494409266,253.69843139648438,186.95385668141577
84,0.278125,0.23094363151535482,0.721875,0.23094363151535485,258.6523376464844,190.94495088926942
85,0.27421875,0.229272584424632,0.72578125,0.229272584424632,263.3804626464844,194.74031206296223
86,0.27109375,0.23256593487116725,0.72890625,0.23256593487116725,268.04216918945315,198.47505537069216
87,0.27734375,0.24074672245951761,0.72265625,0.24074672245951761,272.6507629394531,202.14508256807233
88,0.26875,0.23582105984331636,0.73125,0.23582105984331636,277.36561889648436,205.89711639407784
89,0.26875,0.23353233933574385,0.73125,0.23353233933574383,281.934375,209.54358332864547
90,0.27109375,0.23578482228904174,0.72890625,0.23578482228904174,286.50310668945315,213.20802222874622
91,0.2765625,0.23816467435237954,0.7234375,0.23816467435237954,291.11170654296876,216.90937223376193
92,0.27109375,0.2341613609645067,0.72890625,0.2341613609645067,295.8132690429687,220.7013133747771
93,0.28984375,0.25267610659448986,0.71015625,0.25267610659448986,300.4218688964844,224.42237027172155
94,0.29609375,0.26026766570686416,0.70390625,0.2602676657068642,305.3492126464844,228.40521359050808
95,0.3,0.2646743097362776,0.7,0.2646743097362776,310.38280029296874,232.4813118128352
96,0.30703125,0.26782863501570364,0.69296875,0.26782863501570364,315.48280029296876,236.62154251047386
97,0.3015625,0.2656985192374997,0.6984375,0.2656985192374997,320.70234375,240.87203440671254
98,0.3125,0.2747624151255499,0.6875,0.2747624151255499,325.82890625,245.0624155115139
99,0.325,0.2802869797468748,0.675,0.2802869797468748,331.14140625,249.4158304728842
100,0.32109375,0.27368738581865626,0.67890625,0.27368738581865626,336.66640625,253.94885827108476
101,0.32109375,0.27415530783207537,0.67890625,0.2741553078320753,342.12498779296874,258.43288893953286
102,0.3171875,0.27278269811449735,0.6828125,0.27278269811449735,347.5835815429688,262.9248696737403
103,0.3109375,0.26615984755992966,0.6890625,0.26615984755992966,352.97578125,267.37185175900083
104,0.30234375,0.25778408934367925,0.69765625,0.25778408934367925,358.26171875,271.73491702505817
105,0.28828125,0.2476747331430883,0.71171875,0.2476747331430883,363.40155029296875,275.9800390061169
106,0.27734375,0.23765928047048784,0.72265625,0.23765928047048784,368.3023193359375,280.0368896534952
107,0.28046875,0.24191516946803893,0.71953125,0.24191516946803895,373.0171875,283.94183881920475
108,0.284375,0.2431106398394052,0.715625,0.2431106398394052,377.78515625,287.8989799605992
109,0.29375,0.24865851018515334,0.70625,0.2486585101851533,382.61951904296876,291.9091230916941
110,0.29921875,0.25235221541528025,0.70078125,0.25235221541528025,387.6132568359375,296.04586413148587
111,0.3046875,0.2536717667269556,0.6953125,0.2536717667269556,392.6999755859375,300.2573748707993
112,0.30546875,0.2537607756332724,0.69453125,0.2537607756332724,397.8796752929687,304.5315946822753
113,0.30234375,0.2489430783331804,0.69765625,0.2489430783331804,403.0726318359375,308.8143905412869
114,0.29140625,0.24010699112583125,0.70859375,0.24010699112583125,408.2124755859375,313.03825688047795
115,0.28125,0.23407532925454788,0.71875,0.23407532925454788,413.1663818359375,317.1098622346933
116,0.27421875,0.22635227315514195,0.72578125,0.22635227315514195,417.9476318359375,321.05735061294513
117,0.27265625,0.22385777781328037,0.72734375,0.2238577778132804,422.6093383789063,324.8925276027336
118,0.28125,0.23219033897995195,0.71875,0.23219033897995195,427.2445068359375,328.6923850381241
119,0.27890625,0.23176410336670994,0.72109375,0.23176410336670994,432.0257568359375,332.6279994747109
120,0.2703125,0.22468782597333795,0.7296875,0.22468782597333795,436.7671752929688,336.54219711990896
121,0.26640625,0.21938245624793018,0.73359375,0.21938245624793018,441.36248779296875,340.331820293857
122,0.271875,0.22502983743133928,0.728125,0.22502983743133928,445.89136962890626,344.0555812436249
123,0.2734375,0.22676445740156237,0.7265625,0.22676445740156237,450.51328125,347.86530917180477
124,0.26875,0.22173466072228085,0.73125,0.22173466072228085,455.1616943359375,351.7008664950007
125,0.28046875,0.23145841537277273,0.71953125,0.23145841537277273,459.7304443359375,355.4606330786617
126,0.27421875,0.22843247685995746,0.72578125,0.22843247685995746,464.4984130859375,359.38558672185206
127,0.284375,0.237677257043296,0.715625,0.23767725704329604,469.1601318359375,363.22719504148796
128,0.28515625,0.23762075466354995,0.71484375,0.23762075466354995,473.9945068359375,367.22087238294904
129,0.28203125,0.2363252195069329,0.71796875,0.23632521950693286,478.84217529296876,371.21954871601696
130,0.284375,0.23695713038569866,0.715625,0.23695713038569866,483.63670654296874,375.1884766795532
131,0.28203125,0.2366865180201441,0.71796875,0.2366865180201441,488.4710693359375,379.1789490653908
132,0.27421875,0.23378049600533402,0.72578125,0.23378049600533402,493.2656005859375,383.1340593662774
133,0.26953125,0.23242679879238323,0.73046875,0.23242679879238323,497.9273193359375,386.9977286586625
134,0.25625,0.22059213193555885,0.74375,0.22059213193555885,502.5093627929688,390.8120268243482
135,0.25546875,0.21770957934252688,0.74453125,0.21770957934252688,506.8656005859375,394.4476743251921
136,0.25546875,0.21842330515394873,0.74453125,0.21842330515394873,511.2085693359375,398.0486713411238
137,0.26328125,0.22509763506643068,0.73671875,0.22509763506643068,515.5515258789062,401.67071720997393
138,0.2625,0.2269447206920663,0.7375,0.2269447206920663,520.0273315429688,405.41160727451427
139,0.26328125,0.23169825642686653,0.73671875,0.23169825642686653,524.4898315429688,409.14949981251516
140,0.2546875,0.2264196748090258,0.7453125,0.22641967480902583,528.9656005859375,412.9068906517691
141,0.25703125,0.22678329758273644,0.74296875,0.22678329758273644,533.2952880859375,416.5418067284806
142,0.25546875,0.22685326169960615,0.74453125,0.22685326169960615,537.6648315429687,420.2133200050361
143,0.25625,0.22417383043076192,0.74375,0.22417383043076192,542.0078002929688,423.87322579836353
144,0.2734375,0.23736375615155528,0.7265625,0.23736375615155528,546.3640380859375,427.5292854451888
145,0.27265625,0.23112855763892529,0.72734375,0.23112855763892526,551.0124755859375,431.41600247278785
146,0.26953125,0.2292140102611531,0.73046875,0.2292140102611531,555.6476196289062,435.28031213163774
147,0.2625,0.2214454468655881,0.7375,0.2214454468655881,560.2296752929688,439.1076824713538
148,0.2671875,0.22489418084540339,0.7328125,0.22489418084540339,564.6921752929687,442.81377196477825
149,0.26640625,0.22648705640444447,0.73359375,0.22648705640444447,569.2343505859375,446.5665598468708
150,0.2703125,0.22875288164168556,0.7296875,0.22875288164168558,573.7632446289062,450.3175982732806
151,0.271875,0.22673215630590424,0.728125,0.22673215630590424,578.3585815429688,454.1095434429123
152,0.27890625,0.23255281238220923,0.72109375,0.23255281238220923,582.9804565429688,457.90730219533845
153,0.2859375,0.2419025541475844,0.7140625,0.2419025541475844,587.721875,461.8003413024407
154,0.2890625,0.24713939560372605,0.7109375,0.24713939560372605,592.5828002929687,465.8089426369104
155,0.2875,0.24242176170235832,0.7125,0.24242176170235832,597.4968383789062,469.87380643514155
156,0.29296875,0.24559100432680755,0.70703125,0.24559100432680755,602.384375,473.8958918241873
157,0.29140625,0.24232103173656844,0.70859375,0.24232103173656844,607.3648315429688,477.99264918842215
158,0.28515625,0.234921238463554,0.71484375,0.234921238463554,612.3187133789063,482.08304407538066
159,0.28984375,0.23671230395513876,0.71015625,0.23671230395513876,617.16640625,486.0542410301433
160,0.3015625,0.24664991717133214,0.6984375,0.24664991717133214,622.0937255859375,490.0540410801838
161,0.31328125,0.25632144583266925,0.68671875,0.25632144583266925,627.2203002929688,494.2348713156438
162,0.309375,0.2530381795549833,0.690625,0.25303817955498337,632.5460815429688,498.58448650579817
163,0.30703125,0.25070213900164473,0.69296875,0.25070213900164473,637.8054443359375,502.86661477263164
164,0.30234375,0.24750463616238585,0.69765625,0.24750463616238585,643.025,507.10464054151606
165,0.30390625,0.2494305036916596,0.69609375,0.24943050369165956,648.16484375,511.2660246583677
166,0.303125,0.2482433400101098,0.696875,0.2482433400101098,653.33125,515.4139556819061
167,0.2984375,0.24379006081052607,0.7015625,0.24379006081052607,658.484375,519.5723420191923
168,0.30234375,0.24694915816570423,0.69765625,0.24694915816570423,663.5578125,523.6958140507684
169,0.32109375,0.2622068675802562,0.67890625,0.2622068675802562,668.69765625,527.8584206810908
170,0.32734375,0.2677009868479662,0.67265625,0.2677009868479663,674.1562377929688,532.2846663532536
171,0.334375,0.273756510339252,0.665625,0.273756510339252,679.72109375,536.812544113017
172,0.33359375,0.27385682133872435,0.66640625,0.27385682133872435,685.40546875,541.4615163970692
173,0.34375,0.28297000103257414,0.65625,0.28297000103257414,691.0765380859375,546.0932795783269
174,0.33671875,0.2791632656820199,0.66328125,0.2791632656820198,696.9203125,550.8849355507889
175,0.340625,0.2829203868803024,0.659375,0.2829203868803024,702.64453125,555.5697449885396
176,0.3296875,0.27440231569608703,0.6703125,0.27440231569608703,708.43515625,560.3181125135019
177,0.31953125,0.2648472068358471,0.68046875,0.26484720683584717,714.03984375,564.9248772371303
178,0.3171875,0.2627533189906932,0.6828125,0.2627533189906932,719.471875,569.3646294517705
179,0.3203125,0.2640578771784701,0.6796875,0.2640578771784701,724.8640625,573.7350716193022
180,0.3109375,0.2579970930068787,0.6890625,0.2579970930068787,730.309375,578.1511042111198
181,0.30546875,0.25354421304527935,0.69453125,0.25354421304527935,735.5953125,582.4318941154914
182,0.30234375,0.25234012187794275,0.69765625,0.25234012187794275,740.78828125,586.6365268482422
183,0.30234375,0.25273890306994684,0.69765625,0.25273890306994684,745.928125,590.80714632334
184,0.303125,0.2515285303151513,0.696875,0.2515285303151513,751.068017578125,594.9819891661443
185,0.30546875,0.25414532014184327,0.69453125,0.25414532014184327,756.22109375,599.1524025341151
186,0.3125,0.2590052899737281,0.6875,0.2590052899737281,761.4140625,603.3578718429823
187,0.30859375,0.254907880113091,0.69140625,0.254907880113091,766.7265625,607.6545204548783
188,0.309375,0.2540131986297661,0.690625,0.25401319862976607,771.97265625,611.907094812509
189,0.3078125,0.25362845380225973,0.6921875,0.25362845380225973,777.23203125,616.1608594776183
190,0.3015625,0.24870759688839422,0.6984375,0.24870759688839422,782.46484375,620.3837255777023
191,0.30390625,0.2508822323945042,0.69609375,0.2508822323945042,787.59140625,624.5284786604683
192,0.29921875,0.2462065713608189,0.70078125,0.2462065713608189,792.7578125,628.7276431601219
193,0.29765625,0.24477448964557152,0.70234375,0.24477448964557152,797.84453125,632.8623931064307
194,0.3015625,0.24822858747659385,0.6984375,0.24822858747659385,802.9046875,637.0005336530477
195,0.28671875,0.2358495283014151,0.71328125,0.2358495283014151,808.03125,641.1854593580833
196,0.2859375,0.23569161442311648,0.7140625,0.23569161442311645,812.90546875,645.1759995681033
197,0.28515625,0.23704211618138663,0.71484375,0.23704211618138663,817.76640625,649.1476694288085
198,0.28125,0.23391882689968543,0.71875,0.23391882689968543,822.6140869140625,653.1017362221381
199,0.2828125,0.2352276158319852,0.7171875,0.2352276158319852,827.3953125,656.9916881826317
200,0.284375,0.23854877400256116,0.715625,0.2385487740025612,832.203125,660.9117746406419
201,0.2796875,0.23600475034943683,0.7203125,0.23600475034943683,837.0375,664.8590452237746
202,0.2859375,0.23944261039312742,0.7140625,0.2394426103931274,841.7922119140625,668.7867903352005
203,0.290625,0.24317590646356188,0.709375,0.24317590646356188,846.653173828125,672.7983565974687
204,0.3,0.24962618536899328,0.7,0.24962618536899328,851.593798828125,676.8754195138604
205,0.31484375,0.2614749330719869,0.68515625,0.2614749330719869,856.6937744140625,681.0623260778736
206,0.31171875,0.2605723492981364,0.68828125,0.2605723492981364,862.0461181640625,685.4403664490139
207,0.30546875,0.25479292296637673,0.69453125,0.25479292296637673,867.345361328125,689.775529172818
208,0.30546875,0.2553432891471793,0.69453125,0.2553432891471793,872.5383056640625,694.0316370710366
209,0.303125,0.25207391726560086,0.696875,0.25207391726560086,877.731298828125,698.298309744166
210,0.31015625,0.2589887937971448,0.68984375,0.2589887937971448,882.8843994140625,702.5211456959285
211,0.315625,0.26191573743405533,0.684375,0.26191573743405533,888.157080078125,706.8412139201422
212,0.32421875,0.26934436455725225,0.67578125,0.26934436455725225,893.52265625,711.2277857627378
213,0.31875,0.2658386089634555,0.68125,0.2658386089634555,899.0343994140625,715.7253598606416
214,0.3109375,0.2572508085810908,0.6890625,0.2572508085810908,904.453173828125,720.1460296746565
215,0.32109375,0.26554916196793954,0.67890625,0.2655491619679396,909.7390869140625,724.4331913149105
216,0.3171875,0.2625906651461072,0.6828125,0.2625906651461072,915.197705078125,728.8669953510079
217,0.29921875,0.2472085365574478,0.70078125,0.2472085365574478,920.5899169921875,733.2589847013003
218,0.3,0.24682307602688813,0.7,0.24682307602688813,925.676611328125,737.4082128629294
219,0.30625,0.25313705604005315,0.69375,0.25313705604005315,930.776611328125,741.585699437225
220,0.29921875,0.25006835003154637,0.70078125,0.25006835003154637,935.982861328125,745.8632097013451
221,0.3140625,0.2609024115629731,0.6859375,0.2609024115629731,941.06962890625,750.0654961644507
222,0.3109375,0.2568233866942904,0.6890625,0.2568233866942904,946.4086669921875,754.4573996062567
223,0.3078125,0.25562996633317464,0.6921875,0.25562996633317464,951.694580078125,758.797768895772
224,0.31328125,0.2613675348646997,0.68671875,0.26136753486469966,956.927392578125,763.1029955972058
225,0.3140625,0.25949498354375755,0.6859375,0.25949498354375755,962.25322265625,767.4901629311046
226,0.315625,0.2602090318078429,0.684375,0.2602090318078429,967.5922607421875,771.8768885136965
227,0.32109375,0.26413183261394296,0.67890625,0.26413183261394296,972.9578857421875,776.2772265925715
228,0.33046875,0.2719894694365482,0.66953125,0.2719894694365482,978.4165283203125,780.7431335586112
229,0.3390625,0.28072216093608465,0.6609375,0.2807221609360846,984.0344482421875,785.3421693574389
230,0.33515625,0.2761959081657438,0.66484375,0.27619590816574385,989.79853515625,790.0664433008311
231,0.33984375,0.28041325182108456,0.66015625,0.28041325182108456,995.49619140625,794.7227980828927
232,0.33359375,0.2752573369821411,0.66640625,0.2752573369821411,1001.27353515625,799.4420341603545
233,0.33046875,0.2732097265609334,0.66953125,0.2732097265609334,1006.94462890625,804.0972646324024
234,0.325,0.26803137934297916,0.675,0.2680313793429792,1012.5626220703125,808.7085349824047
235,0.33203125,0.27309129869308363,0.66796875,0.27309129869308363,1018.087646484375,813.2493544791909
236,0.3359375,0.27750325518924096,0.6640625,0.27750325518924096,1023.732177734375,817.8808536622504
237,0.32890625,0.27016343433188733,0.67109375,0.27016343433188733,1029.4430908203126,822.5852148250523
238,0.32265625,0.26674396666091627,0.67734375,0.26674396666091627,1035.0344970703125,827.1682847112777
239,0.3125,0.258297366027753,0.6875,0.258297366027753,1040.5196533203125,831.6533070658155
240,0.321875,0.2655169817132701,0.678125,0.2655169817132701,1045.832177734375,836.0018983525158
241,0.3203125,0.2645659032972692,0.6796875,0.2645659032972692,1051.3040771484375,840.4799219752992
242,0.29921875,0.2497752896355042,0.70078125,0.2497752896355042,1056.74931640625,844.9475339017804
243,0.28125,0.23998494418921368,0.71875,0.23998494418921368,1061.836083984375,849.1043903072983
244,0.284375,0.2405869491018268,0.715625,0.24058694910182682,1066.617333984375,853.0027832319098
245,0.2890625,0.245975914248987,0.7109375,0.245975914248987,1071.4517333984375,856.9550883140599
246,0.28984375,0.24457492621127377,0.71015625,0.24457492621127375,1076.3657958984375,860.957241885065
247,0.2921875,0.2467983464858,0.7078125,0.2467983464858,1081.293115234375,864.9710745534129
248,0.3078125,0.2602793909016329,0.6921875,0.2602793909016329,1086.260302734375,869.0000496317458
249,0.309375,0.2590571282615574,0.690625,0.2590571282615574,1091.493115234375,873.2687259713601
250,0.29453125,0.2430252647295647,0.70546875,0.2430252647295647,1096.7525146484375,877.5601881595817
251,0.28828125,0.23702151636243912,0.71171875,0.23702151636243915,1101.7595703125,881.6414498163491
252,0.29140625,0.23948339174538807,0.70859375,0.23948339174538807,1106.6603515625,885.6193471997832
253,0.290625,0.23995442275565584,0.709375,0.23995442275565584,1111.6142333984376,889.6394174563436
254,0.3,0.24898965763536243,0.7,0.24898965763536243,1116.5549072265626,893.664226131147
255,0.2984375,0.24624375388651992,0.7015625,0.24624375388651992,1121.6548583984375,897.8293641460289
256,0.30546875,0.252833068539056,0.69453125,0.25283306853905596,1126.7283447265625,901.9896385211822
257,0.3046875,0.2529489163781395,0.6953125,0.2529489163781395,1131.9212890625,906.2619259214058
258,0.309375,0.25699919062980525,0.690625,0.25699919062980525,1137.1009521484375,910.5329941830569
259,0.30859375,0.25686378473083743,0.69140625,0.25686378473083743,1142.3603759765624,914.8682948395843
260,0.29921875,0.24888177649614082,0.70078125,0.24888177649614082,1147.6065185546875,919.2043348766123
261,0.28515625,0.23704211618138663,0.71484375,0.23704211618138663,1152.693212890625,923.407454037779
262,0.284375,0.23525096722038147,0.715625,0.23525096722038147,1157.5408447265625,927.4146108177291
263,0.27734375,0.22825338852906435,0.72265625,0.22825338852906435,1162.3751708984375,931.3960269267094
264,0.265625,0.2185127061165437,0.734375,0.2185127061165437,1167.0900634765626,935.2663552807861
265,0.2703125,0.22209221321756192,0.7296875,0.22209221321756195,1171.6056884765626,938.9732944310836
266,0.27109375,0.22195751106630746,0.72890625,0.22195751106630746,1176.2010009765625,942.7437999676039
267,0.284375,0.23319232858174171,0.715625,0.23319232858174174,1180.8096435546875,946.5108075611415
268,0.2921875,0.2401044491140783,0.7078125,0.24010444911407827,1185.643994140625,950.4747650174941
269,0.28984375,0.23797239204369905,0.71015625,0.23797239204369908,1190.61123046875,954.5468308095008
270,0.30859375,0.25448851505888237,0.69140625,0.25448851505888237,1195.5384765625,958.5829321361707
271,0.30859375,0.2554818899525953,0.69140625,0.2554818899525953,1200.784619140625,962.8897640392412
272,0.3171875,0.26423579742462033,0.6828125,0.26423579742462033,1206.030712890625,967.2094837637846
273,0.31953125,0.2641549394413249,0.68046875,0.2641549394413249,1211.4228759765624,971.6513963564755
274,0.3203125,0.2635141310549114,0.6796875,0.2635141310549114,1216.8549072265625,976.1188751768918
275,0.328125,0.26969537575406255,0.671875,0.26969537575406255,1222.300244140625,980.5919367962151
276,0.340625,0.27895548409983806,0.659375,0.27895548409983806,1227.878369140625,985.1747496293115
277,0.334375,0.274424557739691,0.665625,0.274424557739691,1233.6690185546875,989.9165644594319
278,0.340625,0.27860518589820793,0.659375,0.278605185898208,1239.35341796875,994.5707617848785
279,0.34609375,0.2833644475869371,0.65390625,0.2833644475869371,1245.143994140625,999.3025031278648
280,0.33828125,0.2766066348964717,0.66171875,0.2766066348964717,1251.0276123046874,1004.1190870989002
281,0.32734375,0.26814521339891567,0.67265625,0.2681452133989156,1256.7783935546875,1008.8186016944838
282,0.334375,0.274357826199427,0.665625,0.274357826199427,1262.343212890625,1013.3752025969706
283,0.33359375,0.2742799522157972,0.66640625,0.2742799522157972,1268.027587890625,1018.0381495640478
284,0.33515625,0.27635055438021106,0.66484375,0.27635055438021106,1273.698681640625,1022.6889894890227
285,0.32890625,0.2706374491940278,0.67109375,0.2706374491940279,1279.396337890625,1027.3753305833523
286,0.32421875,0.2666226668615686,0.67578125,0.2666226668615686,1284.987744140625,1031.9693838526707
287,0.3140625,0.26146326149073984,0.6859375,0.26146326149073984,1290.499462890625,1036.492260125816
288,0.31953125,0.2649163340802148,0.68046875,0.2649163340802148,1295.838525390625,1040.8938220129878
289,0.31953125,0.26719892153950586,0.68046875,0.26719892153950586,1301.270556640625,1045.3589524600727
290,0.32109375,0.2670961101013079,0.67890625,0.2670961101013079,1306.7026123046876,1049.8171503620933
291,0.31953125,0.2638081245195075,0.68046875,0.2638081245195075,1312.161181640625,1054.2875972095565
292,0.321875,0.26572378677750136,0.678125,0.26572378677750136,1317.59326171875,1058.7325193249242
293,0.328125,0.269174356104691,0.671875,0.269174356104691,1323.06513671875,1063.1910814939793
294,0.3265625,0.2676120530497459,0.6734375,0.2676120530497459,1328.643310546875,1067.7186255864221
295,0.31796875,0.25982406532474045,0.68203125,0.25982406532474045,1334.194775390625,1072.2095835849493
296,0.31640625,0.25901707231377624,0.68359375,0.25901707231377624,1339.60029296875,1076.5951797531488
297,0.3,0.2449988042062655,0.7,0.24499880420626546,1344.97919921875,1080.952308937773
298,0.29453125,0.2417536436514453,0.70546875,0.2417536436514453,1350.07919921875,1085.0949913093784
299,0.27890625,0.23061568409368866,0.72109375,0.23061568409368866,1355.08623046875,1089.1351293248276
300,0.271875,0.2257068973594405,0.728125,0.2257068973594405,1359.827587890625,1092.945521553673
301,0.26953125,0.2276107216828768,0.73046875,0.2276107216828768,1364.44951171875,1096.6517992499362
302,0.27109375,0.22936840079062762,0.72890625,0.22936840079062762,1369.031494140625,1100.3033358106748
303,0.27421875,0.23094363151535485,0.72578125,0.23094363151535482,1373.640185546875,1103.9783410762159
304,0.26484375,0.22525755658107233,0.73515625,0.22525755658107233,1378.30185546875,1107.702965392605
305,0.26171875,0.22426093897511443,0.73828125,0.22426093897511443,1382.80419921875,1111.2919216484404
306,0.2609375,0.22856603343590887,0.7390625,0.22856603343590884,1387.25341796875,1114.8292025886403
307,0.24609375,0.2143388954655104,0.75390625,0.2143388954655104,1391.68935546875,1118.3385542039841
308,0.23046875,0.20686166403390213,0.76953125,0.20686166403390213,1395.87294921875,1121.6530757567782
309,0.22890625,0.20737147751679835,0.77109375,0.20737147751679835,1399.790869140625,1124.7401583654091
310,0.23671875,0.21113416757775139,0.76328125,0.21113416757775136,1403.68232421875,1127.8050352045632
311,0.24375,0.21640201936297868,0.75625,0.21640201936297868,1407.706396484375,1130.983974597246
312,0.25546875,0.22790014603439812,0.74453125,0.22790014603439812,1411.850244140625,1134.2629505210555
313,0.25625,0.2295413012605248,0.74375,0.2295413012605248,1416.193310546875,1137.6995405002956
314,0.24375,0.21978827258437833,0.75625,0.21978827258437836,1420.54951171875,1141.1467366228192
315,0.24765625,0.21946868547984244,0.75234375,0.21946868547984244,1424.693212890625,1144.429164198712
316,0.234375,0.20800918793559336,0.765625,0.20800918793559336,1428.903369140625,1147.7744839290533
317,0.240625,0.21094618037695068,0.759375,0.21094618037695065,1432.88779296875,1150.941083703922
318,0.23515625,0.20486633409066995,0.76484375,0.20486633409066998,1436.978369140625,1154.2022607562285
319,0.24453125,0.21697944171049938,0.75546875,0.21697944171049938,1440.976025390625,1157.4011685507471
320,0.24921875,0.2200075460353576,0.75078125,0.22000754603535763,1445.13310546875,1160.7286355727347
321,0.25,0.22007134407817616,0.75,0.22007134407817616,1449.369775390625,1164.1350113206659
322,0.24609375,0.21452390965228096,0.75390625,0.21452390965228096,1453.619873046875,1167.5508082798547
323,0.24765625,0.2174711502058951,0.75234375,0.2174711502058951,1457.803369140625,1170.9186902206072
324,0.24140625,0.20966630854169202,0.75859375,0.20966630854169202,1462.013525390625,1174.3061919872705
325,0.2453125,0.2165260836986505,0.7546875,0.2165260836986505,1466.117431640625,1177.6182841994105
326,0.23828125,0.21326837186394987,0.76171875,0.21326837186394987,1470.287744140625,1180.9764107955336
327,0.234375,0.21069140737254805,0.765625,0.21069140737254805,1474.33857421875,1184.2415645077717
328,0.2265625,0.2088876090224717,0.7734375,0.2088876090224717,1478.322900390625,1187.4506085000562
329,0.2359375,0.21674020937374538,0.7640625,0.21674020937374544,1482.174462890625,1190.541741659655
330,0.2203125,0.20528598097379905,0.7796875,0.20528598097379908,1486.18544921875,1193.7700836446948
331,0.2234375,0.20901029336942953,0.7765625,0.20901029336942953,1489.930712890625,1196.7742387643518
332,0.21171875,0.1996303957865009,0.78828125,0.1996303957865009,1493.72919921875,1199.8285264375263
333,0.2015625,0.19455478020341727,0.7984375,0.19455478020341727,1497.328369140625,1202.7245937804998
334,0.2015625,0.20071588186881228,0.7984375,0.20071588186881228,1500.754931640625,1205.4909505843286
335,0.19375,0.19044881714813824,0.80625,0.19044881714813824,1504.181494140625,1208.2588723602971
336,0.2,0.1911493812113971,0.8,0.19114938121139707,1507.475244140625,1210.9279993356492
337,0.21328125,0.2034492604127624,0.78671875,0.2034492604127624,1510.8751953125,1213.6911706055214
338,0.21484375,0.19991453251952446,0.78515625,0.19991453251952446,1514.501025390625,1216.6421814528712
339,0.21875,0.19985346194149353,0.78125,0.19985346194149353,1518.1533203125,1219.6244296173156
340,0.215625,0.19798792576821447,0.784375,0.19798792576821447,1521.872119140625,1222.6626719065766
341,0.2234375,0.2074273922288833,0.7765625,0.2074273922288833,1525.5376953125,1225.6554446552122
342,0.22109375,0.2025773868334025,0.77890625,0.2025773868334025,1529.3361328125,1228.7534067498498
343,0.2234375,0.19412765613121694,0.7765625,0.1941276561312169,1533.09482421875,1231.8259556552398
344,0.2328125,0.2076802915917276,0.7671875,0.2076802915917276,1536.893115234375,1234.9219214055454
345,0.22421875,0.1942408097890348,0.77578125,0.19424080978903482,1540.850927734375,1238.1487547145664
346,0.221875,0.184172956034199,0.778125,0.184172956034199,1544.6626953125,1241.2521752096652
347,0.2203125,0.17990136729087136,0.7796875,0.17990136729087136,1548.4345703125,1244.3226925282581
348,0.228125,0.18654705756859313,0.771875,0.18654705756859313,1552.1798828125,1247.3798769932018
349,0.21796875,0.17819351752378648,0.78203125,0.17819351752378648,1556.058056640625,1250.537259069203
350,0.228125,0.18685762356504215,0.771875,0.18685762356504218,1559.7634765625,1253.5545452650301
351,0.23828125,0.19620110358220466,0.76171875,0.19620110358220466,1563.6416015625,1256.7082871792477
352,0.24375,0.20067026358556467,0.75625,0.20067026358556467,1567.692431640625,1259.997114921404
353,0.2515625,0.20784186822558154,0.7484375,0.20784186822558154,1571.8361328125,1263.3642688253797
354,0.25625,0.21370579312602875,0.74375,0.21370579312602875,1576.112744140625,1266.8392093664154
355,0.24296875,0.20343125950490007,0.75703125,0.2034312595049001,1580.4689453125,1270.3802152914766
356,0.24296875,0.2049259107732597,0.75703125,0.20492591077325972,1584.5994140625,1273.7447150042935
357,0.24921875,0.21007346185322887,0.75078125,0.21007346185322887,1588.729931640625,1277.1155668858123
358,0.2453125,0.2108998809047198,0.7546875,0.2108998809047198,1592.9666015625,1280.5816549060046
359,0.2453125,0.21214066585493455,0.7546875,0.21214066585493455,1597.1369140625,1283.9986182161053
360,0.25390625,0.2178272950498858,0.74609375,0.2178272950498858,1601.3072265625,1287.4125251231478
361,0.25625,0.21845124688503154,0.74375,0.21845124688503154,1605.623681640625,1290.9559638311134
362,0.26484375,0.22231195969149972,0.73515625,0.22231195969149972,1609.9798828125,1294.5236616665238
363,0.2609375,0.21748237626156056,0.7390625,0.21748237626156056,1614.4822265625,1298.2105733443068
364,0.2578125,0.21412521891407374,0.7421875,0.21412521891407374,1618.918115234375,1301.8412948306654
365,0.25703125,0.21538142946003958,0.74296875,0.21538142946003958,1623.3009765625,1305.4209886535627
366,0.2484375,0.20625000000000002,0.7515625,0.20625,1627.670556640625,1308.9838133190328
367,0.26328125,0.2183813858539688,0.73671875,0.2183813858539688,1631.893896484375,1312.4284898408105
368,0.2734375,0.22642776165920997,0.7265625,0.22642776165920997,1636.3697265625,1316.0789022508586
369,0.28046875,0.23209042805957122,0.71953125,0.2320904280595712,1641.0181640625,1319.872935310132
370,0.28828125,0.23709875645498438,0.71171875,0.2370987564549844,1645.7861328125,1323.7648066767574
371,0.29375,0.24326122870409292,0.70625,0.24326122870409292,1650.686865234375,1327.7557327593652
372,0.3015625,0.24968730444297724,0.6984375,0.24968730444297724,1655.6806640625,1331.8189335189645
373,0.3078125,0.25699919062980525,0.6921875,0.2569991906298053,1660.807275390625,1335.9852037626565
374,0.309375,0.25714164612500057,0.690625,0.2571416461250005,1666.03994140625,1340.2305832802522
375,0.3125,0.25999314519208966,0.6875,0.25999314519208966,1671.2994140625,1344.5108836914558
376,0.30625,0.2549868830878855,0.69375,0.2549868830878855,1676.6119140625,1348.8398092809164
377,0.29140625,0.24170314469665058,0.70859375,0.24170314469665058,1681.8181640625,1353.0914555794354
378,0.29296875,0.2441078102947036,0.70703125,0.2441078102947036,1686.7720703125,1357.1408436896686
379,0.2875,0.23864086592749575,0.7125,0.23864086592749575,1691.752490234375,1361.2259749460766
380,0.2921875,0.24233110661732019,0.7078125,0.24233110661732019,1696.639990234375,1365.2320537049266
381,0.3015625,0.25106462766711085,0.6984375,0.25106462766711085,1701.6072265625,1369.3021592182845
382,0.29453125,0.2481818653351812,0.70546875,0.2481818653351812,1706.733740234375,1373.5053708491319
383,0.28828125,0.24417531003615003,0.71171875,0.24417531003615003,1711.7408203125,1377.6199876610556
384,0.29296875,0.24496890746582514,0.70703125,0.24496890746582514,1716.641552734375,1381.6469330114005
385,0.31015625,0.25854063842798486,0.68984375,0.25854063842798486,1721.6220703125,1385.7362071950422
386,0.309375,0.2576396200667223,0.690625,0.25763962006672225,1726.894677734375,1390.0650393808614
387,0.31015625,0.2573575531361961,0.68984375,0.2573575531361961,1732.154052734375,1394.387436555863
388,0.30703125,0.2537872317205399,0.69296875,0.2537872317205399,1737.426708984375,1398.7163681969519
389,0.30703125,0.2533178277875444,0.69296875,0.2533178277875444,1742.6462890625,1402.999383924909
390,0.31171875,0.25632144583266925,0.68828125,0.25632144583266925,1747.86572265625,1407.282520879039
391,0.3125,0.2579426754690371,0.6875,0.2579426754690371,1753.1650390625,1411.6260759352324
392,0.3265625,0.26871593170693286,0.6734375,0.26871593170693286,1758.47744140625,1415.9862907002002
393,0.3203125,0.2639307178562681,0.6796875,0.2639307178562681,1764.0291015625,1420.5369614490442
394,0.31484375,0.2625,0.68515625,0.2625,1769.47431640625,1425.0041492906228
395,0.31171875,0.26253255006522525,0.68828125,0.26253255006522525,1774.826708984375,1429.405457180962
396,0.31953125,0.2682931254651803,0.68046875,0.26829312546518036,1780.125927734375,1433.7697786779033
397,0.31640625,0.266954393928064,0.68359375,0.266954393928064,1785.5580078125,1438.239800773632
398,0.31796875,0.27000750495935294,0.68203125,0.27000750495935294,1790.936865234375,1442.6707909867794
399,0.31953125,0.26986957932258687,0.68046875,0.26986957932258687,1796.342333984375,1447.1309331168013
400,0.315625,0.26710753554865313,0.684375,0.26710753554865313,1801.77431640625,1451.606548407622
401,0.328125,0.27542802272667355,0.671875,0.27542802272667355,1807.140087890625,1456.0273309091115
402,0.3140625,0.26181318259042075,0.6859375,0.26181318259042075,1812.718115234375,1460.6202124317272
403,0.315625,0.26114559441885093,0.684375,0.261145594418851,1818.0572265625,1465.0084696594995
404,0.32109375,0.2646858397232462,0.67890625,0.2646858397232463,1823.4228515625,1469.4087123316806
405,0.328125,0.2703734577221385,0.671875,0.2703734577221385,1828.881396484375,1473.879020421942
406,0.32734375,0.27070509784634644,0.67265625,0.27070509784634644,1834.459521484375,1478.4539887555964
407,0.31953125,0.26263714795202714,0.68046875,0.26263714795202714,1840.0244140625,1483.0203026516501
408,0.33203125,0.2730130634466051,0.66796875,0.2730130634466051,1845.456396484375,1487.4718095146413
409,0.33515625,0.2755986027608812,0.66484375,0.2755986027608812,1851.1009765625,1492.096876620342
410,0.346875,0.28442650632456884,0.653125,0.28442650632456884,1856.7986328125,1496.7649840630115
411,0.36328125,0.297203765327763,0.63671875,0.297203765327763,1862.6955078125,1501.591380399759
412,0.3578125,0.2925736919724243,0.6421875,0.2925736919724243,1868.8712890625,1506.6430210472513
413,0.3546875,0.29023621508501485,0.6453125,0.29023621508501485,1874.9541015625,1511.6163566615107
414,0.34765625,0.2847439227841395,0.65234375,0.2847439227841395,1880.9837890625,1516.5477346609757
415,0.36015625,0.29510574773079223,0.63984375,0.2951057477307923,1886.8939453125,1521.382681652112
416,0.3484375,0.28599939562326876,0.6515625,0.28599939562326876,1893.0166015625,1526.395633161463
417,0.35078125,0.2879242793253115,0.64921875,0.2879242793253115,1898.939990234375,1531.2434623060396
418,0.35625,0.29203915017403914,0.64375,0.29203915017403914,1904.9033203125,1536.1254369476055
419,0.36015625,0.29473322815938147,0.63984375,0.29473322815938147,1910.9595703125,1541.084463922746
420,0.36640625,0.3000895048772949,0.63359375,0.3000895048772949,1917.0822265625,1546.0903617870522
421,0.35703125,0.29231280735498055,0.64296875,0.29231280735498055,1923.311181640625,1551.188975450836
422,0.34765625,0.28446512994785494,0.65234375,0.28446512994785494,1929.380712890625,1556.1566522045355
423,0.359375,0.29386841030999744,0.640625,0.29386841030999744,1935.2908203125,1560.991359351759
424,0.36015625,0.29444316487864003,0.63984375,0.29444316487864003,1941.4001953125,1565.9838002459696
425,0.35703125,0.2921875,0.64296875,0.2921875,1947.5228515625,1570.9890820873986
426,0.35234375,0.2881255931393027,0.64765625,0.2881255931393027,1953.5923828125,1575.9542742949861
427,0.3546875,0.2903413434272236,0.6453125,0.2903413434272236,1959.5822265625,1580.8466156500688
428,0.3484375,0.28527287854679595,0.6515625,0.28527287854679595,1965.6119140625,1585.758292688905
429,0.34296875,0.2801345066157952,0.65703125,0.2801345066157952,1971.5353515625,1590.5734428890814
430,0.34140625,0.2788263628586795,0.65859375,0.2788263628586795,1977.3658203125,1595.3282165474534
431,0.34296875,0.2802107535521255,0.65703125,0.2802107535521255,1983.169677734375,1600.0576251942612
432,0.34921875,0.28543543695882434,0.65078125,0.28543543695882434,1989.0001953125,1604.80629818054
433,0.35859375,0.29454679169870446,0.64140625,0.29454679169870446,1994.9369140625,1609.6386594217618
434,0.3578125,0.29350055898583904,0.6421875,0.29350055898583904,2001.0330078125,1614.5860446689915
435,0.34296875,0.2834161375632129,0.65703125,0.2834161375632128,2007.11591796875,1619.52518498131
436,0.35390625,0.29168573226376704,0.64609375,0.29168573226376704,2012.9462890625,1624.2469959347802
437,0.35078125,0.291065694098858,0.64921875,0.2910656940988581,2018.962744140625,1629.123699636749
438,0.3453125,0.2875445787449748,0.6546875,0.2875445787449748,2024.926025390625,1633.9484057901627
439,0.3375,0.2808438908283835,0.6625,0.2808438908283835,2030.7962890625,1638.6965912851895
440,0.34765625,0.29032662775096946,0.65234375,0.29032662775096946,2036.53388671875,1643.3371159238388
441,0.353125,0.2948181212364243,0.646875,0.2948181212364243,2042.443994140625,1648.1168821311805
442,0.36484375,0.3082088184676908,0.63515625,0.3082088184676908,2048.44716796875,1652.972769326072
443,0.3578125,0.2995215096877435,0.6421875,0.2995215096877435,2054.6494140625,1657.9778330810564
444,0.3578125,0.30048788453114045,0.6421875,0.30048788453114045,2060.73232421875,1662.8957959329991
445,0.35703125,0.29733311692758846,0.64296875,0.29733311692758846,2066.815087890625,1667.8146143220847
446,0.36640625,0.30756255715301234,0.63359375,0.30756255715301234,2072.88466796875,1672.7300631635176
447,0.3625,0.3042103635849706,0.6375,0.3042103635849706,2079.11357421875,1677.7675603858374
448,0.3671875,0.30571740998121943,0.6328125,0.30571740998121943,2085.276123046875,1682.754705082132
449,0.36796875,0.3067876339485508,0.63203125,0.3067876339485508,2091.518359375,1687.8144876137387
450,0.36328125,0.305447769420158,0.63671875,0.305447769420158,2097.773828125,1692.8829101470478
451,0.36171875,0.3076935049180434,0.63828125,0.3076935049180434,2103.949560546875,1697.8800307542288
452,0.35546875,0.30164749449895983,0.64453125,0.30164749449895983,2110.09873046875,1702.8503505646947
453,0.359375,0.3038249007446559,0.640625,0.3038249007446559,2116.141748046875,1707.741291171613
454,0.35625,0.30191446429411095,0.64375,0.30191446429411095,2122.251123046875,1712.6914868699016
455,0.35703125,0.301542259683448,0.64296875,0.301542259683448,2128.30732421875,1717.599304285756
456,0.36796875,0.3088300124056922,0.63203125,0.3088300124056922,2134.376953125,1722.5208879227773
457,0.3640625,0.3072945356504489,0.6359375,0.3072945356504489,2140.632421875,1727.5942815473525
458,0.359375,0.3017789864132773,0.640625,0.3017789864132773,2146.821435546875,1732.6160818551164
459,0.35703125,0.30407189412518054,0.64296875,0.30407189412518054,2152.930859375,1737.5801509533956
460,0.35546875,0.3014855795680782,0.64453125,0.3014855795680782,2159.000390625,1742.5090782599325
461,0.34921875,0.29752806459013237,0.65078125,0.29752806459013237,2165.043212890625,1747.4183033030736
462,0.34296875,0.2928426812086995,0.65703125,0.29284268120869944,2170.980029296875,1752.2478572282278
463,0.33515625,0.2868198476395941,0.66484375,0.28681984763959417,2176.81044921875,1756.995834017415
464,0.33515625,0.285133774799216,0.66484375,0.285133774799216,2182.508203125,1761.6436291748807
465,0.3375,0.28697089560071243,0.6625,0.28697089560071243,2188.205810546875,1766.2826858109047
466,0.334375,0.28709847981028214,0.665625,0.28709847981028214,2193.943359375,1770.9554585173018
467,0.3390625,0.287828871005629,0.6609375,0.28782887100562893,2199.627685546875,1775.5897740648552
468,0.32109375,0.27232362411292926,0.67890625,0.27232362411292926,2205.391796875,1780.286430957789
469,0.321875,0.2724939076153814,0.678125,0.2724939076153814,2210.850341796875,1784.7348833807446
470,0.31171875,0.2616476116005075,0.68828125,0.2616476116005074,2216.322265625,1789.193876208492
471,0.32265625,0.26918115850436114,0.67734375,0.26918115850436114,2221.621484375,1793.5166956192625
472,0.31328125,0.2629622975292751,0.68671875,0.2629622975292751,2227.106591796875,1797.9912570415502
473,0.31796875,0.26685834989044277,0.68203125,0.26685834989044277,2232.432421875,1802.3375563602483
474,0.3203125,0.26787876586830284,0.6796875,0.26787876586830284,2237.837890625,1806.7484523152423
475,0.3171875,0.27033282076798404,0.6828125,0.27033282076798404,2243.283203125,1811.1947156602785
476,0.303125,0.2618831107037546,0.696875,0.2618831107037546,2248.675390625,1815.6009678663404
477,0.303125,0.2658156484941679,0.696875,0.2658156484941679,2253.828515625,1819.8153415164852
478,0.28984375,0.2544813199185748,0.71015625,0.25448131991857476,2258.981640625,1824.0264209999539
479,0.2859375,0.2504195697973703,0.7140625,0.2504195697973703,2263.908984375,1828.0551184010574
480,0.2796875,0.2534021438038262,0.7203125,0.2534021438038262,2268.769873046875,1832.0275637987581
481,0.2765625,0.2550921823270462,0.7234375,0.2550921823270462,2273.524609375,1835.9138980110192
482,0.278125,0.2603497309809922,0.721875,0.2603497309809922,2278.226171875,1839.7538860617826
483,0.2890625,0.2647158153390632,0.7109375,0.2647158153390632,2282.954296875,1843.6140367116293
484,0.2984375,0.27246030745894895,0.7015625,0.27246030745894895,2287.868359375,1847.62871114366
485,0.303125,0.276705912675127,0.696875,0.276705912675127,2292.941748046875,1851.7711776064561
486,0.31640625,0.2908832018343015,0.68359375,0.2908832018343015,2298.094921875,1855.9904041906645
487,0.31953125,0.2882420789783303,0.68046875,0.2882420789783303,2303.473828125,1860.3906111257372
488,0.33125,0.2926863222002781,0.66875,0.29268632220027807,2308.905810546875,1864.835721160228
489,0.328125,0.28844951898035814,0.671875,0.28844951898035814,2314.537109375,1869.4385813765903
490,0.328125,0.2856855105487501,0.671875,0.2856855105487501,2320.115185546875,1873.9968378623687
491,0.32265625,0.27640797236603,0.67734375,0.27640797236603,2325.693310546875,1878.563016170119
492,0.32265625,0.2800277260268168,0.67734375,0.2800277260268168,2331.178515625,1883.060228045124
493,0.33125,0.2839217713836419,0.66875,0.2839217713836419,2336.663623046875,1887.5638836791916
494,0.34140625,0.291162138034807,0.65859375,0.291162138034807,2342.294970703125,1892.189032188623
495,0.3453125,0.29258412251863564,0.6546875,0.29258412251863564,2348.09873046875,1896.954117699144
496,0.34609375,0.29294895766476964,0.65390625,0.29294895766476964,2353.969091796875,1901.7697064949282
497,0.34296875,0.29278014762573984,0.65703125,0.29278014762573984,2359.852685546875,1906.5945023107583
498,0.3296875,0.28434280380928406,0.6703125,0.28434280380928406,2365.683251953125,1911.3811557366269
499,0.3234375,0.2764940769878715,0.6765625,0.2764940769878715,2371.28779296875,1915.982104273068
500,0.32109375,0.2755986027608812,0.67890625,0.2755986027608812,2376.786279296875,1920.500769188073
501,0.32578125,0.27534601810721726,0.67421875,0.27534601810721726,2382.244873046875,1924.990856862413
502,0.325,0.2754546135765836,0.675,0.27545461357658363,2387.783203125,1929.5424057476632
503,0.321875,0.2704253738325973,0.678125,0.2704253738325973,2393.308154296875,1934.07917468006
504,0.31328125,0.265365222235083,0.68671875,0.265365222235083,2398.780126953125,1938.571345095997
505,0.3171875,0.2677009868479662,0.6828125,0.2677009868479662,2404.10595703125,1942.9465886448686
506,0.32890625,0.27595271758718015,0.67109375,0.27595271758718015,2409.497998046875,1947.38172291764
507,0.33125,0.2783531367705419,0.66875,0.2783531367705419,2415.089306640625,1951.9777701493508
508,0.32421875,0.2743511521526746,0.67578125,0.2743511521526746,2420.720751953125,1956.608933278974
509,0.31484375,0.2643882051962133,0.68515625,0.2643882051962133,2426.232421875,1961.1455274543262
510,0.31171875,0.26259066514610724,0.68828125,0.2625906651461072,2431.584619140625,1965.5480039155693
511,0.31953125,0.2690201222434393,0.68046875,0.26902012224343924,2436.883984375,1969.9093753789746
512,0.3203125,0.2684705123763595,0.6796875,0.2684705123763595,2442.315966796875,1974.37865675282
513,0.3125,0.26912900237966736,0.6875,0.26912900237966736,2447.761474609375,1978.856344701715
514,0.31953125,0.27773849548631174,0.68046875,0.27773849548631174,2453.073876953125,1983.2425210072865
515,0.31484375,0.2782456725573194,0.68515625,0.2782456725573194,2458.50576171875,1987.7342810387797
516,0.30625,0.26791977504352865,0.69375,0.26791977504352865,2463.858203125,1992.1690493602732
517,0.30625,0.26846596545814705,0.69375,0.26846596545814705,2469.064453125,1996.4787575547962
518,0.30859375,0.2639191548798609,0.69140625,0.2639191548798609,2474.270751953125,2000.7912291599926
519,0.296875,0.2532865032613759,0.703125,0.2532865032613759,2479.516796875,2005.1234218322857
520,0.29296875,0.2500244128705235,0.70703125,0.2500244128705235,2484.56376953125,2009.288879078859
521,0.3078125,0.2583493463619078,0.6921875,0.2583493463619078,2489.54404296875,2013.3997626038758
522,0.3171875,0.2667874380651664,0.6828125,0.2667874380651664,2494.776953125,2017.7063295600449
523,0.31484375,0.2709665137290953,0.68515625,0.2709665137290953,2500.169140625,2022.1460920324962
524,0.31640625,0.26845914493643164,0.68359375,0.26845914493643164,2505.52158203125,2026.5641568950718
525,0.31875,0.2703463670980711,0.68125,0.2703463670980711,2510.900390625,2030.996878594165
526,0.32578125,0.27613181507547263,0.67421875,0.27613181507547263,2516.319140625,2035.4571862575676
527,0.32890625,0.2779581662543844,0.67109375,0.2779581662543844,2521.857421875,2040.012831325311
528,0.32890625,0.27657132754273356,0.67109375,0.27657132754273356,2527.448828125,2044.6176729522701
529,0.3359375,0.28194358921599905,0.6640625,0.28194358921599905,2533.040234375,2049.220906716637
530,0.33984375,0.28574959672981165,0.66015625,0.28574959672981165,2538.751171875,2053.919806774709
531,0.33359375,0.28546750991794145,0.66640625,0.28546750991794145,2544.52861328125,2058.6727697114907
532,0.346875,0.29526082550539107,0.653125,0.29526082550539107,2550.19970703125,2063.353359673961
533,0.35234375,0.29753627011046907,0.64765625,0.29753627011046907,2556.096484375,2068.2154704220047
534,0.365625,0.30563354729868086,0.634375,0.30563354729868086,2562.08642578125,2073.1492640790584
535,0.3796875,0.3196964349924394,0.6203125,0.3196964349924394,2568.301953125,2078.2630030725672
536,0.36953125,0.31074310820495277,0.63046875,0.31074310820495277,2574.75673828125,2083.576946524522
537,0.35390625,0.30271396100526976,0.64609375,0.30271396100526976,2581.03876953125,2088.748010645971
538,0.3640625,0.3119369928366945,0.6359375,0.3119369928366945,2587.05517578125,2093.708682086296
539,0.365625,0.3112141514245054,0.634375,0.3112141514245054,2593.244140625,2098.820478985276
540,0.35625,0.3056415352122074,0.64375,0.3056415352122074,2599.45986328125,2103.948467294667
541,0.36015625,0.3076617651232437,0.63984375,0.3076617651232437,2605.516015625,2108.9389927259626
542,0.365625,0.3100352015044018,0.634375,0.3100352015044018,2611.63876953125,2113.977844888834
543,0.37109375,0.31559018991209153,0.62890625,0.31559018991209153,2617.854296875,2119.0875594880304
544,0.3703125,0.3159033426144776,0.6296875,0.31590334261447756,2624.162890625,2124.2746426085023
545,0.3578125,0.3057533440894392,0.6421875,0.3057533440894392,2630.45830078125,2129.452114116043
546,0.353125,0.3040016318829555,0.646875,0.3040016318829555,2636.54111328125,2134.454007053427
547,0.3546875,0.30474158173873317,0.6453125,0.30474158173873317,2642.54423828125,2139.3932253489966
548,0.3515625,0.29621637467398726,0.6484375,0.29621637467398726,2648.57392578125,2144.346200120312
549,0.35,0.29148687725071776,0.65,0.29148687725071776,2654.55048828125,2149.253190737321
550,0.3546875,0.2959525141386706,0.6453125,0.2959525141386706,2660.500390625,2154.1354645451675
551,0.36015625,0.3022579416347071,0.63984375,0.3022579416347071,2666.53017578125,2159.0889104556404
552,0.36328125,0.3049077729412617,0.63671875,0.3049077729412617,2672.65283203125,2164.1095607892307
553,0.37265625,0.312554682715681,0.62734375,0.312554682715681,2678.8287109375,2169.1754141237802
554,0.37265625,0.3100056703110445,0.62734375,0.3100056703110445,2685.1638671875,2174.379386901062
555,0.37734375,0.3142587229049895,0.62265625,0.3142587229049895,2691.498828125,2179.580096785058
556,0.3578125,0.29516985642274685,0.6421875,0.29516985642274685,2697.9138671875,2184.856092806737
557,0.3625,0.29762856662604653,0.6375,0.29762856662604653,2703.99658203125,2189.846780987561
558,0.37265625,0.3052038893305588,0.62734375,0.3052038893305588,2710.1591796875,2194.8931454298036
559,0.38046875,0.31118473211261505,0.61953125,0.31118473211261505,2716.4943359375,2200.079675379412
560,0.3734375,0.3059628756074828,0.6265625,0.3059628756074828,2722.9623046875,2205.364204563892
561,0.3640625,0.29783356759165847,0.6359375,0.2978335675916585,2729.3107421875,2210.5570645409816
562,0.3609375,0.2968811676990897,0.6390625,0.2968811676990897,2735.4998046875,2215.620009198928
563,0.3546875,0.2915580619973061,0.6453125,0.2915580619973061,2741.6357421875,2220.649927533858
564,0.36484375,0.2999491330573819,0.63515625,0.2999491330573819,2747.6654296875,2225.5945514859764
565,0.359375,0.29514297382793986,0.640625,0.29514297382793986,2753.8677734375,2230.681292623935
566,0.36015625,0.2956120339386998,0.63984375,0.29561203393869984,2759.9771484375,2235.6909491327006
567,0.3640625,0.30068890627918915,0.6359375,0.30068890627918915,2766.09970703125,2240.708833002168
568,0.3671875,0.30677370718801017,0.6328125,0.30677370718801017,2772.2888671875,2245.7953486379533
569,0.3703125,0.3087806000777494,0.6296875,0.3087806000777494,2778.530859375,2250.940243234048
570,0.36796875,0.305011846593702,0.63203125,0.305011846593702,2784.8263671875,2256.130221473493
571,0.36328125,0.30550771011138167,0.63671875,0.30550771011138167,2791.08173828125,2261.275960337339
572,0.35390625,0.2982042609521199,0.64609375,0.2982042609521199,2797.2576171875,2266.3732651781474
573,0.36640625,0.30643927505604596,0.63359375,0.306439275056046,2803.273828125,2271.344651271228
574,0.378125,0.3170315965375139,0.621875,0.3170315965375139,2809.5029296875,2276.4850413158792
575,0.371875,0.30925463251885976,0.628125,0.30925463251885976,2815.93095703125,2281.7937682316046
576,0.38515625,0.31983195660963903,0.61484375,0.31983195660963903,2822.2529296875,2287.003554496121
577,0.3796875,0.3147128682674495,0.6203125,0.3147128682674495,2828.8005859375,2292.39250159554
578,0.38203125,0.3182421659238056,0.61796875,0.31824216592380555,2835.2552734375,2297.694480588281
579,0.38515625,0.3205563096497244,0.61484375,0.3205563096497244,2841.7498046875,2303.035609975876
580,0.3921875,0.3250093898883923,0.6078125,0.3250093898883923,2848.2974609375,2308.415651996782
581,0.39609375,0.32980041016783923,0.60390625,0.32980041016783923,2854.96474609375,2313.8891188046136
582,0.3859375,0.32144806333508213,0.6140625,0.32144806333508213,2861.6982421875,2319.4180871872554
583,0.384375,0.3199178208686959,0.615625,0.3199178208686959,2868.25927734375,2324.801385595282
584,0.3921875,0.3244267028881485,0.6078125,0.3244267028881485,2874.7935546875,2330.1604606636397
585,0.39140625,0.32147654341918946,0.60859375,0.32147654341918946,2881.4607421875,2335.624721118677
586,0.40078125,0.3300594022056863,0.59921875,0.3300594022056863,2888.1146484375,2341.0773379116367
587,0.39140625,0.32596386518485454,0.60859375,0.32596386518485454,2894.9279296875,2346.6588562130055
588,0.37734375,0.31347114724683994,0.62265625,0.31347114724683994,2901.5818359375,2352.1186805669317
589,0.3859375,0.32324684900339706,0.6140625,0.3232468490033971,2907.9966796875,2357.3813511538096
590,0.38671875,0.322553138790727,0.61328125,0.322553138790727,2914.5576171875,2362.7716566937684
591,0.39453125,0.32763169763756833,0.60546875,0.32763169763756833,2921.1318359375,2368.1557145455313
592,0.390625,0.3232241899257,0.609375,0.3232241899257,2927.8388671875,2373.647083213614
593,0.39453125,0.3282551825085935,0.60546875,0.3282551825085935,2934.4794921875,2379.0790166954016
594,0.40234375,0.33147471740880935,0.59765625,0.33147471740880935,2941.1865234375,2384.5570247541796
595,0.40078125,0.32935594999464485,0.59921875,0.32935594999464485,2948.02646484375,2390.1468754266293
596,0.4015625,0.32917799789304725,0.5984375,0.3291779978930472,2954.8396484375,2395.709390572413
597,0.41015625,0.3357739427427328,0.58984375,0.3357739427427328,2961.6662109375,2401.263928590728
598,0.4125,0.337465637718309,0.5875,0.337465637718309,2968.63896484375,2406.9331309495815
599,0.4140625,0.3387058896557602,0.5859375,0.3387058896557602,2975.6513671875,2412.631554436075
600,0.409375,0.3346304514871592,0.590625,0.3346304514871592,2982.69052734375,2418.3576771685684
601,0.39296875,0.3211650240238654,0.60703125,0.3211650240238654,2989.6498046875,2424.0225917655366
602,0.390625,0.3194634325953833,0.609375,0.3194634325953833,2996.33037109375,2429.466778503233
603,0.39453125,0.3234224030293047,0.60546875,0.3234224030293047,3002.97099609375,2434.870289368449
604,0.38359375,0.3143927057638265,0.61640625,0.31439270576382655,3009.6779296875,2440.336936952518
605,0.37578125,0.3088201305725956,0.62421875,0.3088201305725956,3016.19912109375,2445.6763476578844
606,0.3609375,0.2955418256408473,0.6390625,0.2955418256408473,3022.5873046875,2450.9130829425294
607,0.36640625,0.30112500648609375,0.63359375,0.30112500648609375,3028.7232421875,2455.935025826092
608,0.3765625,0.3097693194136566,0.6234375,0.3097693194136566,3034.95244140625,2461.0403742480594
609,0.37578125,0.31021036209320924,0.62421875,0.3102103620932093,3041.3537109375,2466.2896632599804
610,0.38125,0.31398669794176787,0.61875,0.31398669794176787,3047.7419921875,2471.5390210270625
611,0.37421875,0.30858287164370446,0.62578125,0.3085828716437045,3054.22333984375,2476.8578712626468
612,0.37890625,0.3132413082393508,0.62109375,0.3132413082393508,3060.58525390625,2482.0856783782906
613,0.371875,0.30844438632130267,0.628125,0.30844438632130267,3067.02646484375,2487.384246721844
614,0.35546875,0.29354630570618667,0.64453125,0.29354630570618667,3073.34833984375,2492.5896689928363
615,0.3359375,0.2779647536952752,0.6640625,0.2779647536952752,3079.39130859375,2497.556824239346
616,0.3390625,0.2774416640541305,0.6609375,0.27744166405413045,3085.10234375,2502.2505442641427
617,0.33515625,0.27488900458867027,0.66484375,0.27488900458867027,3090.86630859375,2506.9656367235457
618,0.33046875,0.2709214600211655,0.66953125,0.2709214600211655,3096.56396484375,2511.634684983755
619,0.33515625,0.2766264933025667,0.66484375,0.2766264933025667,3102.18193359375,2516.2379677821987
620,0.35078125,0.29065650030899876,0.64921875,0.29065650030899876,3107.8794921875,2520.9219024876747
621,0.35234375,0.2897626655450112,0.64765625,0.2897626655450112,3113.84296875,2525.8279197311035
622,0.3609375,0.29702504431970883,0.6390625,0.29702504431970883,3119.83271484375,2530.741995367716
623,0.3734375,0.3068691922821106,0.6265625,0.3068691922821106,3125.96884765625,2535.7782606540422
624,0.36875,0.3041923059256677,0.63125,0.3041923059256677,3132.31708984375,2540.98722136619
625,0.3765625,0.31107683749859133,0.6234375,0.31107683749859133,3138.5861328125,2546.1365086311744
626,0.36875,0.3043628077640236,0.63125,0.3043628077640236,3144.98759765625,2551.4005906840453
627,0.36640625,0.30443098176146594,0.63359375,0.30443098176146594,3151.25615234375,2556.5530988215587
628,0.36328125,0.3003090855685189,0.63671875,0.3003090855685189,3157.48505859375,2561.686260927982
629,0.36015625,0.29747472319089563,0.63984375,0.2974747231908957,3163.6611328125,2566.7675009375043
630,0.36171875,0.2987563741474816,0.63828125,0.2987563741474816,3169.78369140625,2571.803360549498
631,0.3734375,0.3087331568027234,0.6265625,0.3087331568027234,3175.9328125,2576.860396562242
632,0.3734375,0.3091282949430139,0.6265625,0.3091282949430139,3182.28134765625,2582.082874633748
633,0.38046875,0.31323741120953286,0.61953125,0.31323741120953286,3188.6296875,2587.307722307594
634,0.375,0.3078858573755459,0.625,0.3078858573755459,3195.09765625,2592.61211710766
635,0.35625,0.2919555396107,0.64375,0.2919555396107,3201.47275390625,2597.841128738281
636,0.3578125,0.2927822322936879,0.6421875,0.2927822322936879,3207.5291015625,2602.79928998238
637,0.346875,0.2836421704531521,0.653125,0.2836421704531521,3213.61181640625,2607.7678763541103
638,0.34375,0.28077216352854495,0.65625,0.28077216352854495,3219.50859375,2612.5882100083904
639,0.34140625,0.2788701394690726,0.65859375,0.2788701394690726,3225.35263671875,2617.3577658829013
640,0.35078125,0.28641524297119736,0.64921875,0.2864152429711973,3231.15625,2622.091543647332
641,0.35234375,0.28805144126093174,0.64765625,0.28805144126093174,3237.11953125,2626.9520248341246
642,0.359375,0.2937853203499538,0.640625,0.2937853203499538,3243.1095703125,2631.8312006536867
643,0.3453125,0.2821340273256666,0.6546875,0.2821340273256666,3249.21875,2636.807580820037
644,0.33671875,0.2752107679522642,0.66328125,0.2752107679522642,3255.0892578125,2641.60260737783
645,0.32734375,0.26762117582508305,0.67265625,0.26762117582508305,3260.81357421875,2646.2687650254397
646,0.33125,0.2708854116596167,0.66875,0.2708854116596167,3266.3783203125,2650.8175262114164
647,0.33984375,0.27959582994923227,0.66015625,0.27959582994923227,3272.0095703125,2655.422348136781
648,0.340625,0.28027609155973326,0.659375,0.2802760915597333,3277.7869140625,2660.1659605436103
649,0.33359375,0.27489122493610996,0.66640625,0.27489122493610996,3283.57763671875,2664.9144471009918
650,0.33984375,0.2798576647154764,0.66015625,0.2798576647154764,3289.24873046875,2669.5493701657497
651,0.33046875,0.2732097265609334,0.66953125,0.2732097265609334,3295.02587890625,2674.2718106792163
652,0.32578125,0.27294151445410425,0.67421875,0.27294151445410425,3300.6439453125,2678.86344154848
653,0.31953125,0.26778077408348416,0.68046875,0.2677807740834842,3306.18212890625,2683.386894687819
654,0.31484375,0.2691358059256516,0.68515625,0.2691358059256516,3311.61435546875,2687.821479637393
655,0.315625,0.27443345405238956,0.684375,0.27443345405238956,3316.96650390625,2692.1815545979302
656,0.31171875,0.27187500000000003,0.68828125,0.271875,3322.3322265625,2696.5594504724763
657,0.30703125,0.2732097265609334,0.69296875,0.2732097265609334,3327.6314453125,2700.8899055711836
658,0.30234375,0.2718996935624882,0.69765625,0.2718996935624882,3332.85087890625,2705.1592010524887
659,0.3015625,0.26669591107546997,0.6984375,0.26669591107546997,3337.99091796875,2709.371152549988
660,0.2984375,0.2650338090166517,0.7015625,0.2650338090166517,3343.1171875,2713.561686935811
661,0.29765625,0.25965722597301233,0.70234375,0.25965722597301233,3348.1908203125,2717.69772398388
662,0.29453125,0.25872943003985843,0.70546875,0.25872943003985843,3353.25107421875,2721.8301120408614
663,0.28984375,0.25378482673566205,0.71015625,0.25378482673566205,3358.25791015625,2725.89631709288
664,0.29453125,0.2571914869071292,0.70546875,0.2571914869071292,3363.1853515625,2729.8904102350853
665,0.28828125,0.24913669299578292,0.71171875,0.24913669299578292,3368.19228515625,2733.941744119062
666,0.2984375,0.25490309126705385,0.7015625,0.25490309126705385,3373.09306640625,2737.898709604745
667,0.29296875,0.2448567621781661,0.70703125,0.2448567621781661,3378.16640625,2741.9861854669784
668,0.29375,0.24538464305427712,0.70625,0.24538464305427712,3383.14716796875,2746.0107819967106
669,0.28671875,0.23652142146642868,0.71328125,0.23652142146642868,3388.14072265625,2750.045535747513
670,0.2921875,0.24010444911407827,0.7078125,0.24010444911407827,3393.01494140625,2754.0046298737075
671,0.28515625,0.2335924435582196,0.71484375,0.2335924435582196,3397.98232421875,2758.045500344655
672,0.28359375,0.23156650637559828,0.71640625,0.23156650637559828,3402.8298828125,2761.9827312433335
673,0.30078125,0.24561585542773903,0.69921875,0.24561585542773903,3407.65078125,2765.9103242426554
674,0.29609375,0.24204128650914083,0.70390625,0.24204128650914086,3412.7642578125,2770.0757172193685
675,0.30625,0.2502269477706688,0.69375,0.2502269477706688,3417.7978515625,2774.167711593356
676,0.3078125,0.2523135140554307,0.6921875,0.2523135140554306,3423.00400390625,2778.407965727039
677,0.31484375,0.2580207492262008,0.68515625,0.2580207492262008,3428.2369140625,2782.674753768867
678,0.32578125,0.26747517408163324,0.67421875,0.26747517408163324,3433.5890625,2787.0471303945437
679,0.31875,0.26306904467387454,0.68125,0.26306904467387454,3439.1275390625,2791.5783512556045
680,0.3203125,0.26577431465084245,0.6796875,0.26577431465084245,3444.5462890625,2796.0265755876744
681,0.31328125,0.26204387454680184,0.68671875,0.2620438745468018,3449.9916015625,2800.509755512093
682,0.28984375,0.24831463156648664,0.71015625,0.24831463156648664,3455.31728515625,2804.9039097391533
683,0.27890625,0.24193030698426354,0.72109375,0.24193030698426354,3460.24462890625,2808.992508021678
684,0.28984375,0.24836378623402408,0.71015625,0.24836378623402405,3464.9861328125,2812.9335826595634
685,0.28515625,0.24510590424727635,0.71484375,0.24510590424727635,3469.9134765625,2817.014606449107
686,0.28515625,0.2426658582289647,0.71484375,0.2426658582289647,3474.7611328125,2821.033225594168
687,0.290625,0.2472825946981004,0.709375,0.2472825946981004,3479.60869140625,2825.0477440850477
688,0.290625,0.25030011283332454,0.709375,0.25030011283332454,3484.54931640625,2829.14397353083
689,0.2796875,0.24022135381377943,0.7203125,0.24022135381377943,3489.4900390625,2833.2514360809555
690,0.2890625,0.24616194491634974,0.7109375,0.24616194491634974,3494.2447265625,2837.2025756975136
691,0.2921875,0.2496506347941559,0.7078125,0.2496506347941559,3499.15869140625,2841.279322472546
692,0.29609375,0.25250696153769703,0.70390625,0.25250696153769703,3504.12587890625,2845.403431558682
693,0.3046875,0.25542215744845825,0.6953125,0.25542215744845825,3509.1595703125,2849.580483760045
694,0.3109375,0.26019964915786303,0.6890625,0.26019964915786303,3514.33916015625,2853.861939576694
695,0.30859375,0.26002835632628607,0.69140625,0.26002835632628607,3519.6251953125,2858.2289950796153
696,0.3125,0.2631200823471576,0.6875,0.2631200823471576,3524.87119140625,2862.5639913585
697,0.30859375,0.25807278527578226,0.69140625,0.25807278527578226,3530.1837890625,2866.95205366929
698,0.3140625,0.2629994318850803,0.6859375,0.2629994318850803,3535.42998046875,2871.276391949733
699,0.30546875,0.25359235404729774,0.69453125,0.2535923540472977,3540.7689453125,2875.6780898553698
700,0.30234375,0.25132218723557814,0.69765625,0.25132218723557814,3545.96201171875,2879.950937750672
701,0.29375,0.24309808655664078,0.70625,0.24309808655664075,3551.1017578125,2884.185601147309
702,0.29375,0.24420030520558325,0.70625,0.2442003052055832,3556.09541015625,2888.2935888785983
703,0.29609375,0.24985835831276487,0.70390625,0.2498583583127649,3561.0892578125,2892.4108190978586
704,0.28828125,0.24293483485160172,0.71171875,0.24293483485160175,3566.1228515625,2896.579108556309
705,0.28515625,0.24061992689457373,0.71484375,0.24061992689457373,3571.02373046875,2900.6375570156315
706,0.29921875,0.24901662061748006,0.70078125,0.24901662061748006,3575.8712890625,2904.653223967807
707,0.29921875,0.248587317248638,0.70078125,0.248587317248638,3580.9580078125,2908.849838688115
708,0.303125,0.25006835003154637,0.696875,0.25006835003154637,3586.04462890625,2913.044546766761
709,0.29921875,0.24580960778873148,0.70078125,0.24580960778873148,3591.1978515625,2917.2825465647506
710,0.303125,0.2490288755533683,0.696875,0.2490288755533683,3596.28466796875,2921.455969797097
711,0.29921875,0.24439018495021442,0.70078125,0.24439018495021442,3601.43759765625,2925.68412272517
712,0.3015625,0.2463775645160797,0.6984375,0.2463775645160797,3606.52431640625,2929.834066915475
713,0.30859375,0.25204243814286514,0.69140625,0.25204243814286514,3611.6509765625,2934.0188675573854
714,0.30546875,0.24958950674056793,0.69453125,0.24958950674056793,3616.8970703125,2938.2986944854256
715,0.325,0.2655491619679396,0.675,0.26554916196793954,3622.09013671875,2942.535978140795
716,0.3296875,0.2693511626633993,0.6703125,0.2693511626633993,3627.61513671875,2947.042940784036
717,0.328125,0.2686750440529879,0.671875,0.2686750440529879,3633.2197265625,2951.6197468635237
718,0.31484375,0.25849341898054196,0.68515625,0.25849341898054196,3638.7978515625,2956.1860865482777
719,0.325,0.26974515968201357,0.675,0.26974515968201357,3644.1501953125,2960.5681551549133
720,0.3234375,0.2672902762856797,0.6765625,0.2672902762856797,3649.67529296875,2965.114005058201
721,0.325,0.2689066585557617,0.675,0.2689066585557617,3655.17353515625,2969.6301486237535
722,0.3171875,0.2626836225326486,0.6828125,0.2626836225326486,3660.6986328125,2974.146256232353
723,0.32421875,0.26949161846312586,0.67578125,0.26949161846312586,3666.0908203125,2978.5596584387918
724,0.32734375,0.2747668578483857,0.67265625,0.2747668578483857,3671.6025390625,2983.0732815274378
725,0.32109375,0.272995177956498,0.67890625,0.27299517795649797,3677.16748046875,2987.6282208032662
726,0.3171875,0.2652386896740368,0.6828125,0.2652386896740368,3682.6259765625,2992.092180128414
727,0.315625,0.2650084756899296,0.684375,0.2650084756899296,3688.0181640625,2996.4817999868123
728,0.3140625,0.262581367597503,0.6859375,0.262581367597503,3693.38388671875,3000.856832716857
729,0.30703125,0.25856424491797003,0.69296875,0.25856424491797003,3698.72275390625,3005.190207181643
730,0.2921875,0.2449614327105902,0.7078125,0.2449614327105902,3703.942578125,3009.4417794251476
731,0.296875,0.25024402153198383,0.703125,0.25024402153198383,3708.9095703125,3013.4947898712485
732,0.30390625,0.25617853424174714,0.69609375,0.25617853424174714,3713.9564453125,3017.6207679941413
733,0.3046875,0.2601456923533426,0.6953125,0.2601456923533426,3719.12294921875,3021.847037419435
734,0.309375,0.2662951106150843,0.690625,0.2662951106150843,3724.30263671875,3026.0941435734007
735,0.3171875,0.27188622462461204,0.6828125,0.27188622462461204,3729.5619140625,3030.4121149267444
736,0.33125,0.2791851284318347,0.66875,0.27918512843183463,3734.9541015625,3034.8492119704747
737,0.321875,0.2717649741447102,0.678125,0.2717649741447102,3740.5853515625,3039.4663817077903
738,0.30546875,0.2562857254059909,0.69453125,0.2562857254059909,3746.0572265625,3043.9695087144255
739,0.31171875,0.2634376853498755,0.68828125,0.2634376853498755,3751.25029296875,3048.233292598417
740,0.30390625,0.2587388660044138,0.69609375,0.2587388660044138,3756.5494140625,3052.5632564629796
741,0.3015625,0.2573077445212736,0.6984375,0.25730774452127364,3761.71591796875,3056.775552708386
742,0.3015625,0.26181085133164367,0.6984375,0.2618108513316436,3766.84248046875,3060.9465579898056
743,0.303125,0.25658562243552346,0.696875,0.25658562243552346,3771.96904296875,3065.0988502265873
744,0.30390625,0.2576277747303268,0.69609375,0.2576277747303268,3777.12216796875,3069.297014404443
745,0.2984375,0.25536958128734716,0.7015625,0.25536958128734716,3782.2884765625,3073.484084209764
746,0.28828125,0.2485848619561336,0.71171875,0.2485848619561336,3787.3619140625,3077.593388468711
747,0.28046875,0.24462483233259455,0.71953125,0.24462483233259455,3792.26279296875,3081.5466551974278
748,0.278125,0.24214213284763145,0.721875,0.24214213284763145,3797.0306640625,3085.3762414592666
749,0.275,0.2385385393717858,0.725,0.2385385393717858,3801.7587890625,3089.1593617205867
750,0.27265625,0.23614436295675154,0.72734375,0.2361443629567515,3806.4337890625,3092.892547621865
751,0.2640625,0.22646280133970126,0.7359375,0.22646280133970126,3811.0689453125,3096.5999958294196
752,0.25859375,0.22213343224006152,0.74140625,0.22213343224006152,3815.5580078125,3100.1958536464135
753,0.246875,0.21081304198714793,0.753125,0.21081304198714793,3819.9541015625,3103.7175346813906
754,0.25546875,0.22236960715776785,0.74453125,0.22236960715776785,3824.1509765625,3107.08311769409
755,0.2609375,0.23140566973256077,0.7390625,0.2314056697325608,3828.4939453125,3110.570269244935
756,0.246875,0.2213489582720574,0.753125,0.2213489582720574,3832.9298828125,3114.1295304549235
757,0.234375,0.21102428770167667,0.765625,0.21102428770167667,3837.1267578125,3117.484192652599
758,0.23828125,0.21203418614400368,0.76171875,0.21203418614400368,3841.1111328125,3120.6664266967505
759,0.246875,0.21311663748256496,0.753125,0.21311663748256496,3845.1619140625,3123.9023426420304
760,0.24921875,0.21546642719922748,0.75078125,0.21546642719922748,3849.3587890625,3127.2726234105403
761,0.2453125,0.2145580486721484,0.7546875,0.2145580486721484,3853.5955078125,3130.6706911015176
762,0.25625,0.22082719134540477,0.74375,0.22082719134540477,3857.7658203125,3134.0113915561624
763,0.25546875,0.22261649864452993,0.74453125,0.22261649864452993,3862.1220703125,3137.5046256253618
764,0.259375,0.2250569589362324,0.740625,0.2250569589362324,3866.4650390625,3140.9800295859177
765,0.2546875,0.21856018550390188,0.7453125,0.21856018550390188,3870.8744140625,3144.5100311667998
766,0.26171875,0.22273162101506827,0.73828125,0.22273162101506827,3875.2041015625,3147.982986457963
767,0.2640625,0.22336919847670358,0.7359375,0.22336919847670358,3879.6533203125,3151.561305665712
768,0.27109375,0.23043034637662202,0.72890625,0.23043034637662202,3884.1423828125,3155.172371583221
769,0.2765625,0.23445831852378363,0.7234375,0.23445831852378363,3888.7509765625,3158.8746464278556
770,0.28203125,0.23812623031178232,0.71796875,0.23812623031178232,3893.4525390625,3162.6591891251646
771,0.28125,0.24108873739118342,0.71875,0.24108873739118342,3898.2470703125,3166.526935013058
772,0.27578125,0.2350588980380768,0.72421875,0.2350588980380768,3903.02822265625,3170.4002854446426
773,0.27578125,0.23214564730466083,0.72421875,0.23214564730466083,3907.71650390625,3174.2150269988747
774,0.271875,0.2291820544076259,0.728125,0.2291820544076259,3912.40478515625,3178.0225279746282
775,0.28203125,0.23448434949106944,0.71796875,0.23448434949106944,3917.0267578125,3181.7687932431913
776,0.28671875,0.23752569762290984,0.71328125,0.23752569762290984,3921.8212890625,3185.657643097305
777,0.28046875,0.23328391868868717,0.71953125,0.23328391868868717,3926.6955078125,3189.6125234944416
778,0.27734375,0.23107045394749195,0.72265625,0.23107045394749195,3931.4634765625,3193.4742023826966
779,0.28984375,0.2428343177134875,0.71015625,0.2428343177134875,3936.17822265625,3197.294370362635
780,0.29609375,0.24647663666537442,0.70390625,0.24647663666537442,3941.1056640625,3201.277909388572
781,0.29765625,0.24730480781567918,0.70234375,0.24730480781567918,3946.1392578125,3205.3479657184926
782,0.30859375,0.25676872041050874,0.69140625,0.25676872041050874,3951.1994140625,3209.4459026272893
783,0.30703125,0.25399157220270124,0.69296875,0.25399157220270124,3956.44541015625,3213.695876312904
784,0.2984375,0.24587167559394676,0.7015625,0.24587167559394676,3961.6650390625,3217.930062491194
785,0.2921875,0.2419403981355739,0.7078125,0.2419403981355739,3966.7384765625,3222.040043107479
786,0.284375,0.2366865180201441,0.715625,0.2366865180201441,3971.70556640625,3226.0590626913418
787,0.2921875,0.24233110661732019,0.7078125,0.24233110661732019,3976.5400390625,3229.965560886267
788,0.30625,0.2552978690728244,0.69375,0.2552978690728244,3981.5072265625,3233.983792913529
789,0.321875,0.265148929996191,0.678125,0.265148929996191,3986.7134765625,3238.1853684312905
790,0.325,0.2683499930128563,0.675,0.2683499930128562,3992.1853515625,3242.6206821632986
791,0.31875,0.26208113903426933,0.68125,0.26208113903426933,3997.71025390625,3247.0944164954085
792,0.328125,0.26968405994329736,0.671875,0.26968405994329736,4003.1291015625,3251.490256357964
793,0.31875,0.26306904467387454,0.68125,0.26306904467387454,4008.7072265625,3256.0161424038342
794,0.328125,0.2711849180275795,0.671875,0.2711849180275795,4014.1259765625,3260.4035372764256
795,0.3140625,0.258599650612438,0.6859375,0.258599650612438,4019.7041015625,3264.918450076081
796,0.3234375,0.2660543405197047,0.6765625,0.2660543405197048,4025.0431640625,3269.24596636045
797,0.315625,0.2601151900781171,0.684375,0.2601151900781171,4030.54150390625,3273.7042929357945
798,0.32265625,0.26469967504466263,0.67734375,0.26469967504466263,4035.9072265625,3278.0576065317005
799,0.325,0.2662951106150844,0.675,0.2662951106150843,4041.39228515625,3282.5102187832113
800,0.3390625,0.2784408319104797,0.6609375,0.2784408319104797,4046.9173828125,3287.0055635526815
801,0.34921875,0.28753396538496107,0.65078125,0.28753396538496107,4052.6814453125,3291.689394950442
802,0.35859375,0.296807146851074,0.64140625,0.29680714685107396,4058.6181640625,3296.5121192230854
803,0.384375,0.3191728965476627,0.615625,0.3191728965476627,4064.7142578125,3301.4678684453647
804,0.3609375,0.29930746889695214,0.6390625,0.29930746889695214,4071.2486328125,3306.784823211655
805,0.3640625,0.3000386531088536,0.6359375,0.30003865310885364,4077.3845703125,3311.775052320595
806,0.3609375,0.2980711920781259,0.6390625,0.2980711920781259,4083.5736328125,3316.80306909821
807,0.35703125,0.2959236401189503,0.64296875,0.2959236401189503,4089.7095703125,3321.7830876627336
808,0.34921875,0.2866729782947374,0.65078125,0.2866729782947374,4095.7791015625,3326.7118985800985
809,0.33671875,0.2793490445157724,0.66328125,0.2793490445157724,4101.7158203125,3331.539732400723
810,0.33671875,0.27896642383089765,0.66328125,0.2789664238308976,4107.4400390625,3336.183176091087
811,0.3453125,0.2885404914988103,0.6546875,0.2885404914988103,4113.1642578125,3340.8378330532405
812,0.33671875,0.2816663584810937,0.66328125,0.2816663584810937,4119.03466796875,3345.6078103879368
813,0.3359375,0.281759521106874,0.6640625,0.281759521106874,4124.7587890625,3350.264375716862
814,0.3359375,0.27750325518924096,0.6640625,0.27750325518924096,4130.4697265625,3354.902042136972
815,0.33125,0.2734084806029707,0.66875,0.2734084806029707,4136.1806640625,3359.543016767164
816,0.33515625,0.275831041893176,0.66484375,0.275831041893176,4141.8119140625,3364.1311618926725
817,0.3328125,0.2732298318552076,0.6671875,0.2732298318552076,4147.50966796875,3368.7722847585173
818,0.32109375,0.264131832613943,0.67890625,0.264131832613943,4153.1673828125,3373.373324470478
819,0.31015625,0.2553576306501335,0.68984375,0.2553576306501335,4158.6259765625,3377.8034274416063
820,0.3109375,0.2548432230987809,0.6890625,0.2548432230987809,4163.89873046875,3382.081995053659
821,0.2984375,0.24382761184261925,0.7015625,0.24382761184261925,4169.18466796875,3386.379788245914
822,0.30078125,0.24638499630913,0.69921875,0.24638499630913,4174.25810546875,3390.5247124440007
823,0.3,0.2461049104612198,0.7,0.24610491046121977,4179.3712890625,3394.710161583829
824,0.2984375,0.24592131855915825,0.7015625,0.24592131855915825,4184.4712890625,3398.8861876801943
825,0.29296875,0.24150609787850078,0.70703125,0.24150609787850078,4189.5447265625,3403.0424735821343
826,0.30546875,0.2532551748607519,0.69453125,0.25325517486075183,4194.5251953125,3407.1209455254116
827,0.3109375,0.256419056276781,0.6890625,0.256419056276781,4199.71826171875,3411.38098150378
828,0.3140625,0.26072689854520187,0.6859375,0.26072689854520187,4205.0041015625,3415.7124890954246
829,0.31875,0.2678969929434166,0.68125,0.2678969929434166,4210.34326171875,3420.097821978997
830,0.31796875,0.2647457875609166,0.68203125,0.2647457875609166,4215.762109375,3424.5507435705704
831,0.31328125,0.25963371885937697,0.68671875,0.25963371885937697,4221.1673828125,3428.986744617185
832,0.303125,0.24954303940527975,0.696875,0.24954303940527975,4226.49326171875,3433.3567154014927
833,0.31171875,0.25657134957332045,0.68828125,0.25657134957332045,4231.6462890625,3437.575642425765
834,0.31796875,0.2614749330719869,0.68203125,0.2614749330719869,4236.9455078125,3441.911849954511
835,0.31953125,0.262439539168072,0.68046875,0.262439539168072,4242.35107421875,3446.3290871501104
836,0.30625,0.25335396665904997,0.69375,0.25335396665904997,4247.7830078125,3450.769000825782
837,0.3078125,0.25347198439867075,0.6921875,0.2534719843986708,4252.9892578125,3455.030129503371
838,0.31015625,0.2569540632583964,0.68984375,0.2569540632583964,4258.2220703125,3459.3183753182066
839,0.315625,0.2626487673681337,0.684375,0.2626487673681337,4263.49482421875,3463.6476837966065
840,0.3015625,0.24974840855974437,0.6984375,0.24974840855974437,4268.8603515625,3468.049353375694
841,0.2984375,0.24831708953095635,0.7015625,0.24831708953095635,4273.98701171875,3472.251784818961
842,0.29609375,0.25131975866165,0.70390625,0.25131975866165,4279.06044921875,3476.4206216215816
843,0.2984375,0.25408767556691925,0.7015625,0.25408767556691925,4284.0939453125,3480.5640882756666
844,0.2921875,0.24724309978364412,0.7078125,0.24724309978364412,4289.1673828125,3484.745301020206
845,0.2828125,0.24372746290041877,0.7171875,0.24372746290041877,4294.134765625,3488.833595686119
846,0.28203125,0.23953181058316658,0.71796875,0.23953181058316658,4298.9423828125,3492.7876852115305
847,0.2796875,0.23986537972501368,0.7203125,0.23986537972501368,4303.7369140625,3496.7287064003363
848,0.275,0.2397635757691835,0.725,0.2397635757691835,4308.49169921875,3500.6483632075747
849,0.27109375,0.2387559308818317,0.72890625,0.2387559308818317,4313.1666015625,3504.510098853814
850,0.271875,0.24434023090252657,0.728125,0.24434023090252657,4317.7751953125,3508.31631732976
851,0.2671875,0.24365232417960841,0.7328125,0.24365232417960841,4322.39716796875,3512.1361739529093
852,0.2546875,0.23404142929190977,0.7453125,0.2340414292919098,4326.939453125,3515.895855177601
853,0.25859375,0.23857435865862658,0.74140625,0.23857435865862658,4331.2689453125,3519.482818270263
854,0.259375,0.23945790421413324,0.740625,0.23945790421413324,4335.6650390625,3523.130950716714
855,0.26015625,0.23876871245386194,0.73984375,0.23876871245386194,4340.0744140625,3526.784015412878
856,0.25859375,0.23769009662005272,0.74140625,0.23769009662005275,4344.49716796875,3530.4457918613057
857,0.26171875,0.23699061327666546,0.73828125,0.23699061327666546,4348.893359375,3534.087769335829
858,0.2625,0.23597630061750904,0.7375,0.23597630061750904,4353.3423828125,3537.778026997819
859,0.2484375,0.22067512267046552,0.7515625,0.2206751226704655,4357.8048828125,3541.4738754511877
860,0.24375,0.2174992142586382,0.75625,0.2174992142586382,4362.028515625,3544.965763470966
861,0.26171875,0.23732518237115083,0.73828125,0.23732518237115083,4366.172265625,3548.3862388907005
862,0.2640625,0.24042453094084432,0.7359375,0.24042453094084432,4370.621484375,3552.05685901962
863,0.25625,0.22502983743133934,0.74375,0.22502983743133934,4375.11044921875,3555.7669837333688
864,0.26171875,0.2267779148335437,0.73828125,0.2267779148335437,4379.466796875,3559.364104498286
865,0.26171875,0.2278653273797376,0.73828125,0.2278653273797376,4383.916015625,3563.037513123716
866,0.2640625,0.22971407159227317,0.7359375,0.22971407159227317,4388.36513671875,3566.708755829116
867,0.24921875,0.2085571714182948,0.75078125,0.2085571714182948,4392.85419921875,3570.4070983022107
868,0.24609375,0.20303483575793096,0.75390625,0.20303483575793096,4397.091015625,3573.885755328501
869,0.2515625,0.20676722551428456,0.7484375,0.20676722551428456,4401.274609375,3577.316770300687
870,0.2484375,0.20446672253694487,0.7515625,0.20446672253694487,4405.55107421875,3580.8189479804464
871,0.24453125,0.20071588186881226,0.75546875,0.20071588186881228,4409.77470703125,3584.2837601880124
872,0.24140625,0.19814200439646815,0.75859375,0.19814200439646815,4413.93154296875,3587.691111201985
873,0.24609375,0.20366514720859827,0.75390625,0.20366514720859827,4418.03544921875,3591.0540797212966
874,0.25625,0.21004731144881383,0.74375,0.21004731144881383,4422.2189453125,3594.4921419202724
875,0.26171875,0.21412521891407374,0.73828125,0.21412521891407374,4426.575390625,3598.057235368951
876,0.2671875,0.21875837037556986,0.7328125,0.21875837037556986,4431.0244140625,3601.6937265195506
877,0.265625,0.2180373435976622,0.734375,0.2180373435976622,4435.566796875,3605.407756279108
878,0.26953125,0.22149505320379054,0.73046875,0.22149505320379054,4440.082421875,3609.1065924723966
879,0.275,0.22725648024313852,0.725,0.22725648024313852,4444.6642578125,3612.8646641860164
880,0.2828125,0.23261841742433037,0.7171875,0.23261841742433037,4449.3392578125,3616.7074707820902
881,0.28828125,0.23663493772053187,0.71171875,0.23663493772053187,4454.14716796875,3620.652414542681
882,0.28828125,0.23763873415070616,0.71171875,0.23763873415070616,4459.0478515625,3624.668117661176
883,0.29140625,0.23948339174538807,0.70859375,0.23948339174538807,4463.948828125,3628.6833307992183
884,0.28828125,0.23698288687556113,0.71171875,0.23698288687556113,4468.902734375,3632.7402985217227
885,0.29765625,0.24563324970242728,0.70234375,0.24563324970242728,4473.803515625,3636.7489494554234
886,0.29765625,0.24643948927677967,0.70234375,0.24643948927677967,4478.86357421875,3640.8795638021934
887,0.2921875,0.24334902917414733,0.7078125,0.2433490291741473,4483.92373046875,3645.032133370797
888,0.3015625,0.2519382868692748,0.6984375,0.2519382868692748,4488.891015625,3649.122496965145
889,0.3078125,0.2616826001153401,0.6921875,0.2616826001153401,4494.01748046875,3653.3498860472637
890,0.3109375,0.2607151934762817,0.6890625,0.2607151934762817,4499.25029296875,3657.681005159119
891,0.32734375,0.2763947231203049,0.67265625,0.2763947231203049,4504.5361328125,3662.043454122793
892,0.33671875,0.28105896289746746,0.66328125,0.28105896289746746,4510.10107421875,3666.643808213332
893,0.33828125,0.2811371301295864,0.66171875,0.2811371301295864,4515.8251953125,3671.362800895316
894,0.34140625,0.2825123579985042,0.65859375,0.2825123579985042,4521.57607421875,3676.097396888682
895,0.33984375,0.28122829777380154,0.66015625,0.28122829777380154,4527.37998046875,3680.8709217860846
896,0.33671875,0.278835118730586,0.66328125,0.27883511873058603,4533.15732421875,3685.6221598942684
897,0.3359375,0.2763461371179268,0.6640625,0.2763461371179268,4538.88154296875,3690.327005775578
898,0.33203125,0.2740617873422889,0.66796875,0.2740617873422889,4544.5923828125,3695.0134791186347
899,0.32265625,0.2657697216047663,0.67734375,0.2657697216047663,4550.23701171875,3699.652392692829
900,0.31953125,0.26339134382131846,0.68046875,0.26339134382131846,4555.722265625,3704.1553908737615
901,0.315625,0.26111053394587513,0.684375,0.26111053394587513,4561.154296875,3708.6162461878857
902,0.3328125,0.27576465070440953,0.6671875,0.27576465070440953,4566.519921875,3713.0290807877423
903,0.33828125,0.2801148969061624,0.66171875,0.2801148969061624,4572.1775390625,3717.682371724109
904,0.3265625,0.2699283759166494,0.6734375,0.2699283759166494,4577.92841796875,3722.4119218381234
905,0.33515625,0.27751865083720045,0.66484375,0.2775186508372005,4583.480078125,3726.976965379366
906,0.3390625,0.2791741972709423,0.6609375,0.2791741972709423,4589.177734375,3731.6635934904516
907,0.346875,0.2838787737805083,0.653125,0.2838787737805083,4594.941796875,3736.3956122735053
908,0.35234375,0.2885595286288429,0.64765625,0.2885595286288429,4600.838671875,3741.220132088849
909,0.353125,0.29134026565276727,0.646875,0.29134026565276727,4606.8283203125,3746.123654155503
910,0.35703125,0.29705586595790356,0.64296875,0.29705586595790356,4612.831640625,3751.047866228207
911,0.3484375,0.2902046691560975,0.6515625,0.2902046691560975,4618.901171875,3756.0326306900756
912,0.33984375,0.2840786574062719,0.66015625,0.2840786574062719,4624.824609375,3760.899535153359
913,0.325,0.2709642612216139,0.675,0.2709642612216139,4630.601953125,3765.649108133581
914,0.303125,0.25248520609507996,0.696875,0.25248520609507996,4636.126953125,3770.1941675878243
915,0.29296875,0.24737390253672678,0.70703125,0.24737390253672678,4641.2798828125,3774.438777890084
916,0.28515625,0.24340670938138703,0.71484375,0.24340670938138703,4646.260546875,3778.549833204972
917,0.278125,0.2374203196929972,0.721875,0.2374203196929972,4651.108203125,3782.559182615896
918,0.27421875,0.2305600984220275,0.72578125,0.23056009842202746,4655.83623046875,3786.4640316795326
919,0.2796875,0.23825691474094723,0.7203125,0.23825691474094723,4660.498046875,3790.303265241541
920,0.27578125,0.23866644071145612,0.72421875,0.23866644071145612,4665.252734375,3794.2196728603058
921,0.278125,0.2412835954587464,0.721875,0.24128359545874645,4669.94111328125,3798.091743295286
922,0.27890625,0.24362727278955246,0.72109375,0.24362727278955246,4674.669140625,3801.9948429214865
923,0.28515625,0.25039032030012665,0.71484375,0.25039032030012665,4679.410546875,3805.9102224638523
924,0.28203125,0.24166273793501966,0.71796875,0.24166273793501966,4684.258203125,3809.9274786109013
925,0.28125,0.2441828088556297,0.71875,0.2441828088556297,4689.05263671875,3813.887450289147
926,0.28125,0.2430177301916467,0.71875,0.2430177301916467,4693.83408203125,3817.842399460909
927,0.29140625,0.246875,0.70859375,0.246875,4698.61513671875,3821.8046167662683
928,0.2859375,0.24212952935231793,0.7140625,0.24212952935231793,4703.56904296875,3825.8995382138132
929,0.2953125,0.2450012954366262,0.7046875,0.2450012954366262,4708.4298828125,3829.9217318109904
930,0.29921875,0.24766487563843204,0.70078125,0.24766487563843204,4713.45048828125,3834.0565866898373
931,0.30078125,0.24848171776309821,0.69921875,0.24848171776309821,4718.537109375,3838.2426335246882
932,0.28515625,0.23562168432680386,0.71484375,0.23562168432680386,4723.650390625,3842.443013234378
933,0.28828125,0.2370987564549844,0.71171875,0.23709875645498438,4728.49814453125,3846.430393079775
934,0.28984375,0.23699576407079515,0.71015625,0.23699576407079517,4733.39912109375,3850.4534014928663
935,0.2875,0.23635362723972525,0.7125,0.23635362723972525,4738.326171875,3854.4820151793365
936,0.27421875,0.22418472084979385,0.72578125,0.22418472084979385,4743.21357421875,3858.4897311158343
937,0.275,0.22462262189197463,0.725,0.22462262189197463,4747.875390625,3862.2879560440083
938,0.271875,0.2219987550992685,0.728125,0.2219987550992685,4752.5505859375,3866.0973644643177
939,0.278125,0.22757585874686928,0.721875,0.22757585874686928,4757.17216796875,3869.866014890488
940,0.2765625,0.2263387904157725,0.7234375,0.2263387904157725,4761.900390625,3873.7259942145565
941,0.27421875,0.2248100326525709,0.72578125,0.2248100326525709,4766.60185546875,3877.551610253413
942,0.275,0.22563928278892395,0.725,0.22563928278892395,4771.26357421875,3881.3329314206544
943,0.2671875,0.21854901481132327,0.7328125,0.21854901481132327,4775.93857421875,3885.135157417895
944,0.26796875,0.21921824884119478,0.73203125,0.21921824884119478,4780.4806640625,3888.829549376797
945,0.26640625,0.21798695040500704,0.73359375,0.21798695040500704,4785.03623046875,3892.5319833128797
946,0.27578125,0.22531445040764694,0.72421875,0.22531445040764694,4789.56513671875,3896.2130458177294
947,0.275,0.22578800811685062,0.725,0.22578800811685062,4794.2533203125,3900.04220740161
948,0.26796875,0.22110341189135913,0.73203125,0.22110341189135913,4798.92841796875,3903.8709554227094
949,0.2703125,0.22444321299467934,0.7296875,0.22444321299467937,4803.48369140625,3907.6100476226516
950,0.28515625,0.23613919359140703,0.71484375,0.23613919359140703,4808.0791015625,3911.389198994137
951,0.2828125,0.23333885549641106,0.7171875,0.23333885549641106,4812.92685546875,3915.372732404628
952,0.2734375,0.22642776165920997,0.7265625,0.22642776165920997,4817.73466796875,3919.322794551416
953,0.2625,0.21630045925026373,0.7375,0.21630045925026373,4822.3830078125,3923.1491248521575
954,0.26953125,0.22168786122045564,0.73046875,0.22168786122045564,4826.8455078125,3926.8128305025252
955,0.27421875,0.2264601061721468,0.72578125,0.2264601061721468,4831.42763671875,3930.54972508586
956,0.26796875,0.221144815215901,0.73203125,0.221144815215901,4836.08935546875,3934.353889209785
957,0.271875,0.22473128485065225,0.728125,0.22473128485065225,4840.64482421875,3938.0758421514674
958,0.26875,0.22188600324828964,0.73125,0.22188600324828966,4845.26650390625,3941.8435266520155
959,0.26484375,0.21693442989760753,0.73515625,0.21693442989760756,4849.83544921875,3945.571259823985
960,0.26171875,0.21449545631842648,0.73828125,0.21449545631842648,4854.33779296875,3949.2402998292328
961,0.2703125,0.22244919100353006,0.7296875,0.22244919100353006,4858.78681640625,3952.863253729303
962,0.26953125,0.2261445498389802,0.73046875,0.2261445498389802,4863.3822265625,3956.61248870847
963,0.28125,0.23639752338486966,0.71875,0.23639752338486966,4867.9640625,3960.360080547669
964,0.2828125,0.23666330827649437,0.7171875,0.23666330827649437,4872.7455078125,3964.2546922644087
965,0.2796875,0.2321325010567779,0.7203125,0.2321325010567779,4877.5533203125,3968.175483818952
966,0.28125,0.2342577831884674,0.71875,0.2342577831884674,4882.3080078125,3972.039193461608
967,0.2984375,0.2491758877718207,0.7015625,0.2491758877718207,4887.08916015625,3975.918036463563
968,0.2953125,0.2453373793116328,0.7046875,0.2453373793116328,4892.1626953125,3980.031069068485
969,0.30078125,0.24915629115451812,0.69921875,0.24915629115451812,4897.18291015625,3984.1019914088974
970,0.3,0.2474405113166092,0.7,0.24744051131660919,4902.29638671875,3988.256534070201
971,0.3109375,0.2565618338907309,0.6890625,0.2565618338907309,4907.39609375,3992.415345775983
972,0.30703125,0.25186802099512356,0.69296875,0.25186802099512356,4912.68203125,3996.7282263600305
973,0.31640625,0.25941735346975153,0.68359375,0.25941735346975153,4917.9017578125,4000.9855177456147
974,0.3015625,0.24668703287262583,0.6984375,0.24668703287262586,4923.28056640625,4005.36538772503
975,0.2984375,0.2453746935492228,0.7015625,0.2453746935492228,4928.40703125,4009.546939577203
976,0.31875,0.2613231618549626,0.68125,0.2613231618549626,4933.48076171875,4013.697401371003
977,0.32578125,0.2672697241902831,0.67421875,0.2672697241902831,4938.8994140625,4018.133097348583
978,0.32109375,0.2644436044261139,0.67890625,0.26444360442611387,4944.4375,4022.6548182208576
979,0.33203125,0.2728565256572582,0.66796875,0.2728565256572582,4949.8958984375,4027.104215611548
980,0.328125,0.26877725152531046,0.671875,0.26877725152531046,4955.5408203125,4031.716236568048
981,0.33359375,0.27287442023529795,0.66640625,0.27287442023529795,4961.11875,4036.2626214195107
982,0.34375,0.2811740348798676,0.65625,0.2811740348798676,4966.78994140625,4040.8882230582426
983,0.33828125,0.2782456725573194,0.66171875,0.2782456725573194,4972.633984375,4045.653534706664
984,0.33515625,0.2760632853169722,0.66484375,0.27606328531697216,4978.384375,4050.3296642027713
985,0.3140625,0.26188311070375464,0.6859375,0.26188311070375464,4984.08232421875,4054.971028895356
986,0.30859375,0.2579545063451112,0.69140625,0.2579545063451112,4989.42099609375,4059.3406086491586
987,0.2984375,0.25037325651539744,0.7015625,0.25037325651539744,4994.6673828125,4063.646409505034
988,0.296875,0.2501098391519714,0.703125,0.2501098391519714,4999.74091796875,4067.83038939255
989,0.3,0.24885479890389897,0.7,0.24885479890389897,5004.7876953125,4071.9976444131526
990,0.30390625,0.25352013911620513,0.69609375,0.25352013911620513,5009.8876953125,4076.19389419308
991,0.29765625,0.24611731038013152,0.70234375,0.24611731038013154,5015.05419921875,4080.45580081558
992,0.29296875,0.2446697391382923,0.70703125,0.2446697391382923,5020.1142578125,4084.6167763225276
993,0.284375,0.24173849507267145,0.715625,0.24173849507267148,5025.0947265625,4088.718180060287
994,0.284375,0.24293483485160175,0.715625,0.24293483485160172,5029.9291015625,4092.7016829581135
995,0.28046875,0.23636395647787548,0.71953125,0.23636395647787545,5034.763671875,4096.688956079587
996,0.28515625,0.2397050189164799,0.71484375,0.2397050189164799,5039.5314453125,4100.623086265365
997,0.2765625,0.2304806670647779,0.7234375,0.2304806670647779,5044.37900390625,4104.624268353295
998,0.278125,0.22923264911847746,0.721875,0.22923264911847746,5049.08076171875,4108.500962350117
999,0.27890625,0.23267088813923414,0.72109375,0.23267088813923414,5053.80888671875,4112.383039987862
1000,0.284375,0.2352509672203815,0.715625,0.2352509672203815,5058.55009765625,4116.293008657544
1001,0.2671875,0.22001032024799427,0.7328125,0.22001032024799427,5063.38486328125,4120.263525256635
1002,0.25859375,0.21488493923347676,0.74140625,0.21488493923347676,5067.92685546875,4123.993988811189
1003,0.253125,0.2093312687539179,0.746875,0.2093312687539179,5072.32294921875,4127.609449179242
1004,0.24453125,0.20217023206786652,0.75546875,0.2021702320678665,5076.6259765625,4131.137750396587
1005,0.24453125,0.20367413752579144,0.75546875,0.20367413752579144,5080.78291015625,4134.548558804959
1006,0.2421875,0.20211588279530385,0.7578125,0.20211588279530385,5084.93984375,4137.972144297739
1007,0.23984375,0.19975571018121108,0.76015625,0.19975571018121108,5089.0568359375,4141.367496970534
1008,0.24140625,0.204463737425185,0.75859375,0.204463737425185,5093.134375,4144.728327613937
1009,0.24375,0.20701798306548155,0.75625,0.20701798306548155,5097.2384765625,4148.127785937065
1010,0.2375,0.20141103805402524,0.7625,0.20141103805402524,5101.38203125,4151.561601437594
1011,0.22734375,0.19901797480849562,0.77265625,0.19901797480849562,5105.4197265625,4154.906928511283
1012,0.215625,0.19401758236207614,0.784375,0.19401758236207614,5109.28408203125,4158.128436769313
1013,0.22265625,0.20778900243095158,0.77734375,0.20778900243095158,5112.95,4161.198922956675
1014,0.2203125,0.2126464339211335,0.7796875,0.2126464339211335,5116.73515625,4164.386845212984
1015,0.21953125,0.21156446177081584,0.78046875,0.21156446177081584,5120.4806640625,4167.556173318342
1016,0.2328125,0.22748465350024166,0.7671875,0.22748465350024163,5124.2125,4170.7124984617685
1017,0.2359375,0.2316587392790848,0.7640625,0.23165873927908484,5128.1703125,4174.059130811159
1018,0.2390625,0.23646722404357648,0.7609375,0.23646722404357648,5132.1814453125,4177.4571708554
1019,0.2234375,0.22474214825689684,0.7765625,0.22474214825689684,5136.2453125,4180.903399219932
1020,0.2203125,0.22737730637230485,0.7796875,0.22737730637230488,5140.04375,4184.127596256348
1021,0.22421875,0.2257474563810188,0.77578125,0.2257474563810188,5143.78896484375,4187.315567147762
1022,0.225,0.22802063109097168,0.775,0.22802063109097168,5147.6005859375,4190.549500528032
1023,0.2453125,0.2519382868692748,0.7546875,0.2519382868692748,5151.42578125,4193.797336133709
1024,0.25234375,0.2531491115059462,0.74765625,0.2531491115059462,5155.59619140625,4197.338285858104
1025,0.26015625,0.2608556196382877,0.73984375,0.2608556196382877,5159.8859375,4200.969632214117
1026,0.26171875,0.262190572836582,0.73828125,0.262190572836582,5164.30830078125,4204.717066238266
1027,0.26953125,0.2676394204428787,0.73046875,0.2676394204428787,5168.7578125,4208.492579692922
1028,0.2671875,0.2708876648227545,0.7328125,0.2708876648227545,5173.33984375,4212.3797183815195
1029,0.26875,0.27451128449027373,0.73125,0.27451128449027373,5177.88173828125,4216.2466654367245
1030,0.26796875,0.26924917304886936,0.73203125,0.26924917304886936,5182.45068359375,4220.150898958224
1031,0.26796875,0.273109177888395,0.73203125,0.273109177888395,5187.00634765625,4224.039552396809
1032,0.25546875,0.2562166517934578,0.74453125,0.2562166517934578,5191.56162109375,4227.936726150989
1033,0.259375,0.26273241199459957,0.740625,0.26273241199459957,5195.90458984375,4231.6438921837735
1034,0.26171875,0.2631548750854713,0.73828125,0.2631548750854713,5200.3138671875,4235.406010183099
1035,0.26171875,0.2559830927034049,0.73828125,0.2559830927034049,5204.7634765625,4239.19729506404
1036,0.2640625,0.2528716903824448,0.7359375,0.2528716903824448,5209.2125,4242.983414852634
1037,0.28046875,0.2682362458612743,0.71953125,0.2682362458612743,5213.7013671875,4246.7966661243445
1038,0.27890625,0.26166160756786616,0.72109375,0.26166160756786616,5218.4697265625,4250.848526137592
1039,0.27890625,0.26086731840631167,0.72109375,0.26086731840631167,5223.2109375,4254.86567594824
1040,0.28046875,0.26399314917720873,0.71953125,0.26399314917720873,5227.95234375,4258.879511276686
1041,0.2921875,0.2712119248910803,0.7078125,0.27121192489108037,5232.72021484375,4262.923864097777
1042,0.29453125,0.2748801230195628,0.70546875,0.2748801230195628,5237.6876953125,4267.126242340431
1043,0.28125,0.2665539821323722,0.71875,0.2665539821323722,5242.69423828125,4271.368642602687
1044,0.28359375,0.2621277121938846,0.71640625,0.2621277121938846,5247.4759765625,4275.432478643464
1045,0.28359375,0.2621975564221566,0.71640625,0.2621975564221566,5252.2966796875,4279.512366979491
1046,0.2734375,0.25135132829244206,0.7265625,0.25135132829244206,5257.11787109375,4283.594631254901
1047,0.27578125,0.25643095744761396,0.72421875,0.25643095744761396,5261.7666015625,4287.527533325761
1048,0.26875,0.2506023018088122,0.73125,0.2506023018088122,5266.4548828125,4291.502732020085
1049,0.26484375,0.24297251805759845,0.73515625,0.24297251805759845,5271.0236328125,4295.379303789605
1050,0.27734375,0.25341900364070963,0.72265625,0.25341900364070963,5275.5259765625,4299.189161509142
1051,0.278125,0.25401319862976607,0.721875,0.2540131986297661,5280.2408203125,4303.175968563466
1052,0.2765625,0.2455089778462796,0.7234375,0.2455089778462796,5284.969140625,4307.175005114515
1053,0.2765625,0.24338664825103903,0.7234375,0.24338664825103903,5289.670703125,4311.127807389681
1054,0.28046875,0.2443377329320525,0.71953125,0.24433773293205246,5294.3720703125,4315.070322102449
1055,0.27734375,0.2378133212863611,0.72265625,0.2378133212863611,5299.1400390625,4319.058503546024
1056,0.2828125,0.24293734724718635,0.7171875,0.24293734724718635,5303.8548828125,4322.98502321182
1057,0.28046875,0.23963371300017453,0.71953125,0.2396337130001745,5308.6626953125,4326.993124197356
1058,0.284375,0.24326122870409292,0.715625,0.24326122870409292,5313.4306640625,4330.9683768788545
1059,0.28671875,0.24151367957503983,0.71328125,0.24151367957503983,5318.2650390625,4334.995864247639
1060,0.284375,0.23848480035423644,0.715625,0.23848480035423644,5323.1392578125,4339.0414028180885
1061,0.271875,0.2249755846128086,0.728125,0.2249755846128086,5327.9734375,4343.047894315048
1062,0.271875,0.22401041061187313,0.728125,0.22401041061187313,5332.5955078125,4346.851043069401
1063,0.278125,0.2304541838617277,0.721875,0.23045418386172772,5337.217578125,4350.646486286642
1064,0.2828125,0.23380921292129403,0.7171875,0.23380921292129403,5341.9453125,4354.534494162745
1065,0.29375,0.24280918192713594,0.70625,0.24280918192713596,5346.7533203125,4358.47495004758
1066,0.29296875,0.24082276775411,0.70703125,0.24082276775411,5351.747265625,4362.5781980270995
1067,0.30625,0.25146785875012934,0.69375,0.25146785875012934,5356.72734375,4366.661787033784
1068,0.3171875,0.2609234651914235,0.6828125,0.2609234651914235,5361.933984375,4370.93044828628
1069,0.31328125,0.25693981086287504,0.68671875,0.25693981086287504,5367.3259765625,4375.3562530630525
1070,0.31484375,0.25854063842798486,0.68515625,0.25854063842798486,5372.6517578125,4379.716466748361
1071,0.31796875,0.26290658616108303,0.68203125,0.26290658616108303,5378.00390625,4384.105402684713
1072,0.303125,0.25075082564669654,0.696875,0.25075082564669654,5383.4095703125,4388.550847015089
1073,0.29765625,0.24678598078598385,0.70234375,0.24678598078598388,5388.5625,4392.791284178952
1074,0.284375,0.2356527669315597,0.715625,0.2356527669315597,5393.6228515625,4396.964469017503
1075,0.28125,0.23532360116576703,0.71875,0.23532360116576703,5398.4572265625,4400.945717059349
1076,0.2734375,0.22484532443854596,0.7265625,0.22484532443854596,5403.2384765625,4404.893800274367
1077,0.28515625,0.23608749371260648,0.71484375,0.23608749371260648,5407.8869140625,4408.7083196935955
1078,0.28984375,0.24113177154825532,0.71015625,0.24113177154825535,5412.734765625,4412.703895456094
1079,0.2828125,0.23344346126926538,0.7171875,0.23344346126926538,5417.66171875,4416.768865440017
1080,0.2734375,0.22563116767885816,0.7265625,0.22563116767885816,5422.4693359375,4420.725065590046
1081,0.28671875,0.2353054447813522,0.71328125,0.2353054447813522,5427.1181640625,4424.550809471452
1082,0.27578125,0.22553105731251294,0.72421875,0.22553105731251294,5431.9923828125,4428.550207498268
1083,0.28125,0.23108366061477606,0.71875,0.23108366061477606,5436.68046875,4432.379143977208
1084,0.2921875,0.23889393567020492,0.7078125,0.2388939356702049,5441.46171875,4436.301709719322
1085,0.28359375,0.23180360255235463,0.71640625,0.23180360255235463,5446.4287109375,4440.36058515231
1086,0.29140625,0.2379621326230289,0.70859375,0.2379621326230289,5451.2498046875,4444.297189096038
1087,0.29140625,0.2380134253041202,0.70859375,0.2380134253041202,5456.2041015625,4448.331635111921
1088,0.30703125,0.2507751654246289,0.69296875,0.2507751654246289,5461.1578125,4452.354789223881
1089,0.3140625,0.2577604114046608,0.6859375,0.2577604114046608,5466.37734375,4456.594949690112
1090,0.31328125,0.2572365726269789,0.68671875,0.2572365726269789,5471.7166015625,4460.917263941111
1091,0.3171875,0.2610637793241337,0.6828125,0.2610637793241337,5477.0419921875,4465.220600484941
1092,0.31875,0.2628601510012026,0.68125,0.2628601510012026,5482.434375,4469.576756585899
1093,0.31640625,0.2631316804377611,0.68359375,0.2631316804377611,5487.8533203125,4473.954074369582
1094,0.3375,0.27855260317285674,0.6625,0.27855260317285674,5493.2318359375,4478.287203631957
1095,0.35,0.2879263991511112,0.65,0.2879263991511112,5498.9697265625,4482.913754053636
1096,0.35390625,0.29126693217948724,0.64609375,0.29126693217948724,5504.91953125,4487.716914506698
1097,0.3546875,0.2917045641301743,0.6453125,0.2917045641301743,5510.9359375,4492.579280572881
1098,0.3515625,0.29035816042970963,0.6484375,0.29035816042970963,5516.9658203125,4497.452140918268
1099,0.3453125,0.28539266740646124,0.6546875,0.28539266740646124,5522.9419921875,4502.288046660244
1100,0.3375,0.27966785894722507,0.6625,0.27966785894722507,5528.8125,4507.057659196898
1101,0.33203125,0.27966131162309527,0.66796875,0.27966131162309527,5534.55,4511.695244939888
1102,0.32421875,0.2747513080041658,0.67578125,0.2747513080041658,5540.1947265625,4516.230169617119
1103,0.3203125,0.2686750440529879,0.6796875,0.2686750440529879,5545.7064453125,4520.645193397173
1104,0.3328125,0.27949102736045034,0.6671875,0.27949102736045034,5551.1513671875,4525.019673641663
1105,0.33828125,0.2862575053601215,0.66171875,0.2862575053601215,5556.809375,4529.5712927391005
1106,0.34453125,0.29292603855324983,0.65546875,0.29292603855324983,5562.56015625,4534.192779737612
1107,0.3484375,0.294007533385626,0.6515625,0.2940075333856261,5568.4173828125,4538.907164490127
1108,0.34296875,0.2873619743405084,0.65703125,0.2873619743405084,5574.3408203125,4543.693604454686
1109,0.34765625,0.290242523859358,0.65234375,0.290242523859358,5580.1712890625,4548.40548209136
1110,0.346875,0.28614874369045373,0.653125,0.28614874369045373,5586.081640625,4553.19223866254
1111,0.3453125,0.28480393475161114,0.6546875,0.28480393475161114,5591.9783203125,4557.973006407585
1112,0.3484375,0.2866389108868072,0.6515625,0.2866389108868072,5597.848828125,4562.755963402352
1113,0.35390625,0.2908685135718543,0.64609375,0.2908685135718543,5603.7716796875,4567.588165438613
1114,0.35390625,0.29030139914190906,0.64609375,0.29030139914190906,5609.78828125,4572.505528699991
1115,0.35625,0.29157899538011134,0.64375,0.29157899538011134,5615.8046875,4577.437132987847
1116,0.340625,0.2782544467018901,0.659375,0.2782544467018901,5621.8611328125,4582.394047618741
1117,0.340625,0.2782105732118659,0.659375,0.2782105732118659,5627.6515625,4587.119100283208
1118,0.3453125,0.28201501857724703,0.6546875,0.28201501857724703,5633.4423828125,4591.84238027301
1119,0.3453125,0.2822746093401335,0.6546875,0.2822746093401335,5639.3126953125,4596.625169098666
1120,0.3328125,0.2739660071010179,0.6671875,0.2739660071010179,5645.1828125,4601.399469104976
1121,0.33125,0.2735200768168125,0.66875,0.2735200768168125,5650.8404296875,4605.980735004096
1122,0.33515625,0.27608539354926037,0.66484375,0.27608539354926037,5656.4720703125,4610.542324536437
1123,0.34765625,0.2889146581388698,0.65234375,0.2889146581388698,5662.1697265625,4615.167838340801
1124,0.3375,0.2839561647783421,0.6625,0.2839561647783421,5668.0796875,4619.950227365513
1125,0.32578125,0.2752129857038,0.67421875,0.2752129857038,5673.8171875,4624.608742176668
1126,0.32109375,0.2804720142567703,0.67890625,0.2804720142567704,5679.3556640625,4629.12410581775
1127,0.31796875,0.2844608386931319,0.68203125,0.2844608386931319,5684.8142578125,4633.595761750684
1128,0.3171875,0.2828772370658339,0.6828125,0.2828772370658339,5690.2193359375,4638.025517926934
1129,0.32578125,0.2913612146835522,0.67421875,0.2913612146835522,5695.6119140625,4642.459842923638
1130,0.31640625,0.28429342923509504,0.68359375,0.28429342923509504,5701.150390625,4647.012548646347
1131,0.31015625,0.2834505923106353,0.68984375,0.2834505923106353,5706.5291015625,4651.441034290148
1132,0.3125,0.28567482812084616,0.6875,0.28567482812084616,5711.8017578125,4655.799049304816
1133,0.3109375,0.2855637071817338,0.6890625,0.2855637071817338,5717.1142578125,4660.205649156659
1134,0.31953125,0.2916731770106741,0.68046875,0.291673177010674,5722.4,4664.590882284242
1135,0.3109375,0.281874307094492,0.6890625,0.281874307094492,5727.8322265625,4669.092869813183
1136,0.3140625,0.2880111793891428,0.6859375,0.2880111793891428,5733.118359375,4673.478502256087
1137,0.31953125,0.28967839791525707,0.68046875,0.28967839791525707,5738.45703125,4677.912875353915
1138,0.3359375,0.2973372224060166,0.6640625,0.2973372224060166,5743.8890625,4682.426959402098
1139,0.34375,0.3061762506863898,0.65625,0.3061762506863898,5749.6001953125,4687.167781066764
1140,0.35078125,0.30972793946361216,0.64921875,0.30972793946361216,5755.4439453125,4692.035239754236
1141,0.34765625,0.30317130767418443,0.65234375,0.30317130767418443,5761.4072265625,4696.987359246732
1142,0.36015625,0.3118097846394096,0.63984375,0.3118097846394096,5767.3171875,4701.891802333331
1143,0.3734375,0.31732216968721233,0.6265625,0.31732216968721233,5773.43984375,4706.966888513013
1144,0.371875,0.31542962703172794,0.628125,0.31542962703172794,5779.78828125,4712.2184938918535
1145,0.3609375,0.3095229286488725,0.6390625,0.3095229286488725,5786.11015625,4717.46634990092
1146,0.36953125,0.3168890991685813,0.63046875,0.3168890991685813,5792.2462890625,4722.580651563411
1147,0.36328125,0.3135529136963967,0.63671875,0.3135529136963967,5798.5283203125,4727.819994482863
1148,0.36484375,0.31712014371035313,0.63515625,0.31712014371035313,5804.7037109375,4732.979589853888
1149,0.371875,0.31855845960749496,0.628125,0.31855845960749496,5810.9064453125,4738.1729925617
1150,0.36796875,0.3165402879670296,0.63203125,0.3165402879670296,5817.2283203125,4743.446847521487
1151,0.35078125,0.302197356354254,0.64921875,0.30219735635425404,5823.4837890625,4748.668943619869
1152,0.34765625,0.29752191030136754,0.65234375,0.29752191030136754,5829.446875,4753.651914464465
1153,0.3515625,0.30201148570873926,0.6484375,0.30201148570873926,5835.35703125,4758.582520626057
1154,0.34921875,0.29659320507536074,0.65078125,0.29659320507536074,5841.33359375,4763.573410960014
1155,0.3453125,0.2938850254829684,0.6546875,0.2938850254829684,5847.2703125,4768.514943433795
1156,0.35859375,0.3061204285846912,0.64140625,0.3061204285846912,5853.1408203125,4773.404437150242
1157,0.36796875,0.3126698757025931,0.63203125,0.3126698757025931,5859.2369140625,4778.4857181625675
1158,0.359375,0.304557263832477,0.640625,0.304557263832477,5865.492578125,4783.694248127792
1159,0.3578125,0.30407189412518054,0.6421875,0.30407189412518054,5871.601953125,4788.777358248977
1160,0.34921875,0.30180527792146045,0.65078125,0.30180527792146045,5877.684375,4793.843260314641
1161,0.33359375,0.28164685542692464,0.66640625,0.28164685542692464,5883.621484375,4798.811204905751
1162,0.334375,0.28205830029556833,0.665625,0.28205830029556833,5889.292578125,4803.525174853469
1163,0.3421875,0.2844608386931319,0.6578125,0.2844608386931319,5894.976953125,4808.247331430776
1164,0.34375,0.2896320402683377,0.65625,0.2896320402683377,5900.7939453125,4813.051329118967
1165,0.33203125,0.27656691380658677,0.66796875,0.27656691380658677,5906.6376953125,4817.892194990434
1166,0.32734375,0.27189744878584277,0.67265625,0.2718974487858428,5912.282421875,4822.55362329417
1167,0.3171875,0.26274170419824866,0.6828125,0.26274170419824866,5917.8470703125,4827.139155522794
1168,0.32421875,0.2677306248825487,0.67578125,0.2677306248825487,5923.2392578125,4831.5759302085935
1169,0.325,0.268315873930569,0.675,0.268315873930569,5928.751171875,4836.109168085209
1170,0.32421875,0.26771922602677417,0.67578125,0.26771922602677417,5934.276171875,4840.655156895513
1171,0.32578125,0.26931717041668546,0.67421875,0.26931717041668546,5939.787890625,4845.186335694375
1172,0.31640625,0.26270221006279143,0.68359375,0.26270221006279143,5945.3259765625,4849.731105224403
1173,0.3140625,0.2649071181565342,0.6859375,0.2649071181565342,5950.7048828125,4854.156719673365
1174,0.31015625,0.2582571922401194,0.68984375,0.2582571922401194,5956.0439453125,4858.562135459061
1175,0.32265625,0.26603369294367585,0.67734375,0.26603369294367585,5961.3166015625,4862.884699536231
1176,0.32578125,0.2678628161601569,0.67421875,0.2678628161601569,5966.801953125,4867.358787957969
1177,0.3296875,0.27077498369841146,0.6703125,0.27077498369841146,5972.3400390625,4871.876391797522
1178,0.32734375,0.2695074717772218,0.67265625,0.2695074717772218,5977.944921875,4876.436376718377
1179,0.31953125,0.2632406775118067,0.68046875,0.26324067751180663,5983.5095703125,4880.973655929483
1180,0.3328125,0.2766264933025668,0.6671875,0.2766264933025667,5988.941796875,4885.408527100249
1181,0.334375,0.281082849635788,0.665625,0.281082849635788,5994.5994140625,4890.030677085104
1182,0.3234375,0.2749667060811636,0.6765625,0.2749667060811636,6000.283984375,4894.6806852427335
1183,0.325,0.2772656139933782,0.675,0.2772656139933782,6005.7822265625,4899.203156460331
1184,0.32734375,0.2767147356428186,0.67265625,0.2767147356428186,6011.307421875,4903.754682224999
1185,0.31796875,0.27163018791064997,0.68203125,0.27163018791064997,6016.872265625,4908.330556190839
1186,0.3203125,0.2770520032412688,0.6796875,0.2770520032412688,6022.277734375,4912.765852279273
1187,0.31796875,0.27779562659669427,0.68203125,0.27779562659669427,6027.723046875,4917.257810959989
1188,0.321875,0.28166852540375364,0.678125,0.28166852540375364,6033.1283203125,4921.722446407951
1189,0.32890625,0.28807262945956874,0.67109375,0.28807262945956874,6038.6,4926.245018957044
1190,0.321875,0.28658780218176594,0.678125,0.28658780218176594,6044.191796875,4930.85158037916
1191,0.315625,0.28438358503524774,0.684375,0.2843835850352478,6049.6630859375,4935.353317557531
1192,0.3125,0.2836593846224288,0.6875,0.2836593846224288,6055.0291015625,4939.775107787172
1193,0.3109375,0.2823502783556269,0.6890625,0.2823502783556269,6060.3416015625,4944.169814065993
1194,0.30859375,0.2852792970822629,0.69140625,0.2852792970822629,6065.6275390625,4948.552396363712
1195,0.30859375,0.279115161604489,0.69140625,0.279115161604489,6070.873828125,4952.92614919281
1196,0.30234375,0.2682726501970523,0.69765625,0.2682726501970523,6076.11953125,4957.288134440826
1197,0.309375,0.27262602805285296,0.690625,0.272626028052853,6081.2595703125,4961.547276040028
1198,0.3125,0.2745401873189515,0.6875,0.2745401873189515,6086.51875,4965.902150510133
1199,0.3171875,0.27303988948503477,0.6828125,0.27303988948503477,6091.831640625,4970.301213346044
1200,0.31796875,0.26981529417130895,0.68203125,0.26981529417130895,6097.2236328125,4974.749143713936
1201,0.32265625,0.27391253379842806,0.67734375,0.27391253379842806,6102.6291015625,4979.188913882232
1202,0.32109375,0.2708403444605327,0.67890625,0.2708403444605327,6108.114453125,4983.692244047531
1203,0.3265625,0.27387910768256857,0.6734375,0.27387910768256857,6113.5728515625,4988.180661195352
1204,0.33046875,0.2752795099417136,0.66953125,0.2752795099417136,6119.1244140625,4992.7309927908245
1205,0.33671875,0.27981840511973116,0.66328125,0.2798184051197312,6124.7423828125,4997.347369585031
1206,0.33359375,0.27799329746866197,0.66640625,0.27799329746866197,6130.46640625,5002.056944897746
1207,0.34140625,0.2829333305414016,0.65859375,0.2829333305414016,6136.1375,5006.733935998609
1208,0.33828125,0.2777956265966943,0.66171875,0.2777956265966943,6141.9416015625,5011.486208706128
1209,0.3359375,0.27684263707587564,0.6640625,0.27684263707587564,6147.6923828125,5016.185671596308
1210,0.33984375,0.27926819127184893,0.66015625,0.27926819127184893,6153.403125,5020.852957691834
1211,0.33671875,0.27846275138023396,0.66328125,0.27846275138023396,6159.18046875,5025.569002539024
1212,0.3375,0.27828954051378757,0.6625,0.27828954051378757,6164.9048828125,5030.247869773843
1213,0.3328125,0.2725924441817858,0.6671875,0.2725924441817858,6170.642578125,5034.911171825742
1214,0.325,0.265778907617544,0.675,0.265778907617544,6176.3001953125,5039.512050674266
1215,0.31953125,0.2614142351589714,0.68046875,0.2614142351589714,6181.8251953125,5043.99584287938
1216,0.315625,0.26135585848728354,0.684375,0.2613558584872836,6187.2572265625,5048.396909331585
1217,0.303125,0.25267852213212544,0.696875,0.25267852213212544,6192.6228515625,5052.701405263506
1218,0.28984375,0.24026962393839965,0.71015625,0.24026962393839968,6197.7759765625,5056.823331018553
1219,0.2953125,0.2454244370409658,0.7046875,0.2454244370409658,6202.703125,5060.7756862578535
1220,0.30703125,0.25382330375922935,0.69296875,0.25382330375922935,6207.7234375,5064.796606713753
1221,0.30390625,0.25037081873692874,0.69609375,0.2503708187369287,6212.9431640625,5068.991076415865
1222,0.29765625,0.2458195396907048,0.70234375,0.24581953969070483,6218.1095703125,5073.148625723232
1223,0.296875,0.24351952244635336,0.703125,0.24351952244635336,6223.1697265625,5077.217511663183
1224,0.30078125,0.24837115859510542,0.69921875,0.24837115859510542,6228.21640625,5081.299482342897
1225,0.3046875,0.2492542588339766,0.6953125,0.2492542588339766,6233.3298828125,5085.415169835323
1226,0.30546875,0.25163527673996744,0.69453125,0.25163527673996744,6238.509765625,5089.614528577948
1227,0.29609375,0.2432863177860091,0.70390625,0.2432863177860091,6243.70234375,5093.794150436177
1228,0.30390625,0.24851119190088802,0.69609375,0.24851119190088802,6248.7361328125,5097.853108074543
1229,0.30390625,0.2495405935163656,0.69609375,0.2495405935163656,6253.902734375,5102.049847833499
1230,0.284375,0.23268138086232856,0.715625,0.23268138086232856,6259.0689453125,5106.224359317481
1231,0.29296875,0.24001037575227868,0.70703125,0.24001037575227868,6263.9033203125,5110.138494422932
1232,0.290625,0.23792365585545502,0.709375,0.23792365585545502,6268.8833984375,5114.171769037908
1233,0.2875,0.2356812557181309,0.7125,0.2356812557181309,6273.8244140625,5118.171345075389
1234,0.28359375,0.23392665450414155,0.71640625,0.23392665450414155,6278.7119140625,5122.121637120493
1235,0.2734375,0.22402948239991763,0.7265625,0.22402948239991763,6283.5330078125,5126.001055324965
1236,0.2625,0.2145580486721484,0.7375,0.2145580486721484,6288.18125,5129.761758387869
1237,0.259375,0.2118988509805445,0.740625,0.2118988509805445,6292.64375,5133.38651049995
1238,0.24765625,0.20229095595051946,0.75234375,0.20229095595051946,6297.0529296875,5136.97470839998
1239,0.24609375,0.20204037344055767,0.75390625,0.20204037344055767,6301.26328125,5140.407979645404
1240,0.24453125,0.20106527819031805,0.75546875,0.20106527819031808,6305.446875,5143.828862382785
1241,0.24453125,0.20101973919711216,0.75546875,0.2010197391971122,6309.60390625,5147.231404834063
1242,0.25078125,0.2059360773850711,0.74921875,0.2059360773850711,6313.7609375,5150.620402353547
1243,0.23984375,0.1967695650214992,0.76015625,0.1967695650214992,6318.02421875,5154.09592566683
1244,0.2390625,0.19544370592961033,0.7609375,0.19544370592961033,6322.1015625,5157.40692966052
1245,0.24609375,0.2012533967104655,0.75390625,0.2012533967104655,6326.165625,5160.707578249389
1246,0.2546875,0.2080150563586083,0.7453125,0.2080150563586083,6330.34921875,5164.0976754009325
1247,0.2625,0.2145580486721484,0.7375,0.2145580486721484,6334.6791015625,5167.6285105959705
1248,0.27421875,0.22411664704875225,0.72578125,0.22411664704875225,6339.14140625,5171.2470646625
1249,0.27421875,0.22402130897528472,0.72578125,0.22402130897528477,6343.803125,5175.027964834593
1250,0.2640625,0.2161903819553497,0.7359375,0.2161903819553497,6348.4650390625,5178.817674778823
1251,0.25859375,0.21192477291482464,0.74140625,0.21192477291482467,6352.9541015625,5182.467413932716
1252,0.25078125,0.20589161571534428,0.74921875,0.20589161571534428,6357.35,5186.0631086095045
1253,0.25234375,0.20923211075710868,0.74765625,0.20923211075710868,6361.6134765625,5189.556041778588
1254,0.2625,0.21773480949454316,0.7375,0.21773480949454316,6365.903125,5193.0831090851025
1255,0.2734375,0.2261175587844186,0.7265625,0.2261175587844186,6370.3654296875,5196.742088585299
1256,0.28203125,0.23307451698705717,0.71796875,0.23307451698705717,6375.0140625,5200.549557645763
1257,0.28984375,0.2401934035183939,0.71015625,0.2401934035183939,6379.8083984375,5204.479026079657
1258,0.2921875,0.24415031230780762,0.7078125,0.24415031230780762,6384.7357421875,5208.521705096182
1259,0.29296875,0.2427161568839207,0.70703125,0.2427161568839207,6389.703125,5212.596583305609
1260,0.2859375,0.23775428410309454,0.7140625,0.23775428410309454,6394.68359375,5216.692834905314
1261,0.29453125,0.24715915213557235,0.70546875,0.24715915213557235,6399.544140625,5220.699926266082
1262,0.29453125,0.2488695143167399,0.70546875,0.2488695143167399,6404.5515625,5224.841508930311
1263,0.2921875,0.24617930060603185,0.7078125,0.24617930060603188,6409.558203125,5228.996038884727
1264,0.2921875,0.24200345829786196,0.7078125,0.24200345829786193,6414.52578125,5233.117378239977
1265,0.296875,0.24505609609714873,0.703125,0.24505609609714873,6419.49296875,5237.201379432932
1266,0.29921875,0.24722088112151858,0.70078125,0.24722088112151858,6424.53984375,5241.35399197078
1267,0.28515625,0.23419263738693835,0.71484375,0.23419263738693835,6429.6265625,5245.53719096904
1268,0.29375,0.24205389459916776,0.70625,0.2420538945991677,6434.47421875,5249.514316930144
1269,0.28984375,0.23968464796217134,0.71015625,0.23968464796217134,6439.4677734375,5253.621968581693
1270,0.29296875,0.24165768661476505,0.70703125,0.24165768661476505,6444.3951171875,5257.673795723224
1271,0.28203125,0.23234012480359478,0.71796875,0.23234012480359478,6449.3759765625,5261.765926682545
1272,0.27265625,0.22357131045680928,0.72734375,0.22357131045680928,6454.169921875,5265.700902231478
1273,0.2765625,0.2262308995735883,0.7234375,0.2262308995735883,6458.8052734375,5269.493417183572
1274,0.26484375,0.21641330087791508,0.73515625,0.21641330087791508,6463.50703125,5273.326618938108
1275,0.26171875,0.21492186080061748,0.73828125,0.21492186080061748,6468.0091796875,5277.000865618989
1276,0.2625,0.2171453421314282,0.7375,0.2171453421314282,6472.4583984375,5280.652290875024
1277,0.26796875,0.2215170968994267,0.73203125,0.2215170968994267,6476.92109375,5284.331470367747
1278,0.26015625,0.21431896133450257,0.73984375,0.21431896133450257,6481.476171875,5288.084301808691
1279,0.26171875,0.2164781581794108,0.73828125,0.2164781581794108,6485.89921875,5291.721244703189
1280,0.25703125,0.214130919722608,0.74296875,0.21413091972260803,6490.348046875,5295.389160522311
1281,0.2609375,0.22126622027407392,0.7390625,0.22126622027407392,6494.7177734375,5299.001346850651
1282,0.26328125,0.22550399282773245,0.73671875,0.22550399282773245,6499.1537109375,5302.692608465508
1283,0.26484375,0.22956523106189228,0.73515625,0.22956523106189228,6503.6296875,5306.428453847271
1284,0.26796875,0.22388776746815578,0.73203125,0.22388776746815578,6508.13203125,5310.197755041952
1285,0.27109375,0.22485346791021482,0.72890625,0.22485346791021482,6512.687109375,5313.969399304614
1286,0.275,0.22704151946835627,0.725,0.22704151946835627,6517.2958984375,5317.774526121635
1287,0.2671875,0.2195521008781287,0.7328125,0.2195521008781287,6521.9708984375,5321.623125146003
1288,0.275,0.22520606882919475,0.725,0.22520606882919475,6526.5130859375,5325.336256142706
1289,0.2734375,0.22371595411369302,0.7265625,0.22371595411369302,6531.1880859375,5329.164623084136
1290,0.284375,0.2342890467390121,0.715625,0.2342890467390121,6535.836328125,5332.964297270585
1291,0.2859375,0.240891187993926,0.7140625,0.240891187993926,6540.67109375,5336.939565369769
1292,0.28671875,0.24175364365144528,0.71328125,0.24175364365144528,6545.531640625,5340.973098158052
1293,0.271875,0.23294616548813377,0.728125,0.23294616548813377,6550.405859375,5345.0195900147
1294,0.275,0.23878149334171606,0.725,0.23878149334171606,6555.0279296875,5348.874581948445
1295,0.28359375,0.2502635329757414,0.71640625,0.2502635329757414,6559.702734375,5352.784631472002
1296,0.28203125,0.2482531745454124,0.71796875,0.2482531745454124,6564.523828125,5356.829176524729
1297,0.2875,0.24961640492839207,0.7125,0.24961640492839207,6569.3181640625,5360.84021332537
1298,0.29140625,0.25167408239626105,0.70859375,0.25167408239626105,6574.205859375,5364.9189425027325
1299,0.29921875,0.2579261113308422,0.70078125,0.2579261113308422,6579.1599609375,5369.048461540334
1300,0.3,0.25753299242524247,0.7,0.25753299242524247,6584.246484375,5373.298095718343
1301,0.309375,0.26890665855576174,0.690625,0.26890665855576174,6589.3466796875,5377.555651681071
1302,0.3109375,0.27128168017763377,0.6890625,0.27128168017763377,6594.605859375,5381.951493935309
1303,0.3109375,0.27444679798072885,0.6890625,0.27444679798072885,6599.891796875,5386.367675327773
1304,0.30078125,0.26045051863309854,0.69921875,0.26045051863309854,6605.177734375,5390.799843582175
1305,0.30390625,0.26788332275334914,0.69609375,0.2678833227533491,6610.2912109375,5395.072769015669
1306,0.309375,0.26689036840995223,0.690625,0.2668903684099522,6615.4572265625,5399.409754068948
1307,0.3,0.2624279104880519,0.7,0.262427910488052,6620.7171875,5403.802364768177
1308,0.2953125,0.2596360696665142,0.7046875,0.2596360696665142,6625.8166015625,5408.070048529987
1309,0.28671875,0.24842767276161085,0.71328125,0.24842767276161085,6630.8373046875,5412.275811522761
1310,0.2890625,0.24393272397963542,0.7109375,0.24393272397963542,6635.7111328125,5416.3341778571175
1311,0.2921875,0.2473911732017232,0.7078125,0.24739117320172319,6640.625390625,5420.400582069792
1312,0.2875,0.2422202598811152,0.7125,0.2422202598811152,6645.592578125,5424.532682986588
1313,0.290625,0.24305037816906397,0.709375,0.24305037816906397,6650.4798828125,5428.594282520745
1314,0.30390625,0.2526036297245152,0.69609375,0.2526036297245152,6655.420703125,5432.688490638434
1315,0.29375,0.2443377329320525,0.70625,0.2443377329320525,6660.587109375,5436.957260337334
1316,0.296875,0.2465212061428489,0.703125,0.2465212061428489,6665.58046875,5441.0853012069265
1317,0.30625,0.25361882770335686,0.69375,0.25361882770335686,6670.627734375,5445.253705722373
1318,0.30234375,0.25335396665904997,0.69765625,0.25335396665904997,6675.833984375,5449.549783921285
1319,0.30625,0.2571084135693054,0.69375,0.2571084135693054,6680.9736328125,5453.813355653356
1320,0.3,0.2574500292835971,0.7,0.2574500292835971,6686.180078125,5458.129999095343
1321,0.29296875,0.2506583129356575,0.70703125,0.2506583129356575,6691.280078125,5462.3819856881855
1322,0.29921875,0.25664508415075865,0.70078125,0.25664508415075865,6696.260546875,5466.529740689843
1323,0.30625,0.26549399342899455,0.69375,0.26549399342899455,6701.34765625,5470.771527993573
1324,0.3140625,0.2805177098631653,0.6859375,0.2805177098631653,6706.553515625,5475.123038234275
1325,0.30625,0.27342187455354594,0.69375,0.27342187455354594,6711.892578125,5479.617737512766
1326,0.31171875,0.2804067219014195,0.68828125,0.28040672190141946,6717.098828125,5483.997709543653
1327,0.31015625,0.27691538221314105,0.68984375,0.27691538221314105,6722.398046875,5488.461245720605
1328,0.30859375,0.26875454211277994,0.69140625,0.26875454211277994,6727.670703125,5492.898002087484
1329,0.315625,0.27271556482326964,0.684375,0.2727155648232697,6732.916796875,5497.289415879569
1330,0.3234375,0.27702336247936743,0.6765625,0.27702336247936743,6738.282421875,5501.767549529662
1331,0.3203125,0.27081330054116615,0.6796875,0.27081330054116615,6743.780859375,5506.353413829126
1332,0.33671875,0.28081998376406553,0.66328125,0.2808199837640655,6749.226171875,5510.879339973273
1333,0.3375,0.27983149226364784,0.6625,0.27983149226364784,6754.950390625,5515.618599276672
1334,0.33984375,0.28007567336793104,0.66015625,0.28007567336793104,6760.687890625,5520.355793043114
1335,0.3328125,0.2739325875101391,0.6671875,0.2739325875101391,6766.465234375,5525.110466937046
1336,0.32265625,0.2664119775777264,0.67734375,0.2664119775777264,6772.123046875,5529.760784365718
1337,0.328125,0.27319185394608675,0.671875,0.27319185394608675,6777.6083984375,5534.281379492808
1338,0.3296875,0.27237068677745957,0.6703125,0.27237068677745957,6783.186328125,5538.896260881363
1339,0.3375,0.2775648326573901,0.6625,0.2775648326573901,6788.791015625,5543.51523503312
1340,0.34296875,0.28040672190141946,0.65703125,0.28040672190141946,6794.528515625,5548.229279415671
1341,0.34140625,0.27899048972926477,0.65859375,0.27899048972926477,6800.358984375,5552.98751196882
1342,0.33125,0.27094173511684205,0.66875,0.27094173511684205,6806.162890625,5557.722492071401
1343,0.33046875,0.2698605325557074,0.66953125,0.2698605325557074,6811.794140625,5562.314816189995
1344,0.34296875,0.28026520294959023,0.65703125,0.28026520294959023,6817.412109375,5566.878717326894
1345,0.346875,0.2842010972390413,0.653125,0.2842010972390413,6823.242578125,5571.606472231263
1346,0.353125,0.2894064676465006,0.646875,0.2894064676465006,6829.139453125,5576.372017047388
1347,0.3484375,0.2873301128493148,0.6515625,0.2873301128493148,6835.142578125,5581.224243723323
1348,0.34453125,0.28590334495463676,0.65546875,0.2859033449546367,6841.0662109375,5585.995988316241
1349,0.34453125,0.2884749095458737,0.65546875,0.2884749095458737,6846.923046875,5590.716376388364
1350,0.32734375,0.279086732570495,0.67265625,0.27908673257049504,6852.780078125,5595.451015864088
1351,0.3265625,0.2752462498325363,0.6734375,0.2752462498325363,6858.344921875,5599.941960036677
1352,0.32734375,0.2771885569314686,0.67265625,0.2771885569314686,6863.8966796875,5604.449442082019
1353,0.31796875,0.27301977020332246,0.68203125,0.27301977020332246,6869.461328125,5608.978987159536
1354,0.29765625,0.26073626222200086,0.70234375,0.26073626222200086,6874.8671875,5613.371348552513
1355,0.3171875,0.2760522305368587,0.6828125,0.27605223053685873,6879.926953125,5617.483416997318
1356,0.31796875,0.27291915154721186,0.68203125,0.27291915154721186,6885.3193359375,5621.877504665935
1357,0.325,0.28118922954569225,0.675,0.28118922954569225,6890.724609375,5626.281556338906
1358,0.32265625,0.27955871685904377,0.67734375,0.27955871685904377,6896.249609375,5630.773309197496
1359,0.3296875,0.279056113448756,0.6703125,0.279056113448756,6901.7349609375,5635.226058037399
1360,0.33125,0.28228325825423123,0.66875,0.28228325825423123,6907.3392578125,5639.786714519693
1361,0.33125,0.27928348962680377,0.66875,0.27928348962680377,6912.970703125,5644.384985257844
1362,0.33984375,0.283971210578643,0.66015625,0.283971210578643,6918.601953125,5648.996443268394
1363,0.33125,0.2730845936930533,0.66875,0.27308459369305327,6924.3794921875,5653.7136377351035
1364,0.33671875,0.2775956162691965,0.66328125,0.2775956162691965,6930.0107421875,5658.316476274567
1365,0.334375,0.2758664439939642,0.665625,0.2758664439939642,6935.7349609375,5662.991567329624
1366,0.32578125,0.26875,0.67421875,0.26875,6941.4193359375,5667.646652195989
1367,0.3125,0.2593938246180892,0.6875,0.2593938246180892,6946.957421875,5672.186078175941
1368,0.30546875,0.26015038469364216,0.69453125,0.2601503846936421,6952.2703125,5676.562118522715
1369,0.3015625,0.25442135250284126,0.6984375,0.25442135250284126,6957.462890625,5680.877923958062
1370,0.290625,0.24698622889874852,0.709375,0.24698622889874852,6962.5896484375,5685.137903446863
1371,0.290625,0.24830479946529427,0.709375,0.24830479946529427,6967.530078125,5689.249166741299
1372,0.28203125,0.24082783658663715,0.71796875,0.24082783658663715,6972.4708984375,5693.369714366362
1373,0.27265625,0.23769009662005272,0.72734375,0.23769009662005275,6977.2654296875,5697.370486327365
1374,0.26328125,0.23285444253062898,0.73671875,0.23285444253062898,6981.9005859375,5701.261318621748
1375,0.275,0.2429499088353914,0.725,0.2429499088353914,6986.3763671875,5705.028943688914
1376,0.25234375,0.22272614034672714,0.74765625,0.22272614034672714,6991.0513671875,5708.967771569333
1377,0.2484375,0.21808772514604072,0.7515625,0.21808772514604072,6995.3412109375,5712.580156875127
1378,0.2453125,0.22313408157288522,0.7546875,0.22313408157288522,6999.5646484375,5716.131062550371
1379,0.23984375,0.22063363120510435,0.76015625,0.22063363120510435,7003.734765625,5719.666477575767
1380,0.228125,0.216585271169348,0.771875,0.216585271169348,7007.812109375,5723.129766367195
1381,0.22578125,0.21584850282518755,0.77421875,0.21584850282518755,7011.690234375,5726.444089485734
1382,0.2234375,0.21770677581181297,0.7765625,0.21770677581181297,7015.5287109375,5729.730844070927
1383,0.22265625,0.21723807864299483,0.77734375,0.21723807864299483,7019.3271484375,5732.997695083328
1384,0.22578125,0.22067235681548333,0.77421875,0.22067235681548336,7023.112109375,5736.250804597002
1385,0.2171875,0.21330557324675087,0.7828125,0.21330557324675087,7026.950390625,5739.546475476283
1386,0.2203125,0.21563915261525443,0.7796875,0.21563915261525443,7030.6423828125,5742.720173838001
1387,0.22109375,0.21468886462448397,0.77890625,0.21468886462448394,7034.3876953125,5745.94003048449
1388,0.21953125,0.21358866352758518,0.78046875,0.21358866352758518,7038.1462890625,5749.167593408956
1389,0.2234375,0.22593393410049098,0.7765625,0.22593393410049098,7041.878515625,5752.37173770524
1390,0.2328125,0.24024676035146655,0.7671875,0.24024676035146655,7045.676953125,5755.6567861697495
1391,0.2359375,0.2413872868765565,0.7640625,0.24138728687655653,7049.6345703125,5759.095408881079
1392,0.23984375,0.24503866085273154,0.76015625,0.24503866085273154,7053.6455078125,5762.579263558154
1393,0.24140625,0.24304786694188452,0.75859375,0.24304786694188454,7057.723046875,5766.122671752557
1394,0.253125,0.2534840239356812,0.746875,0.2534840239356812,7061.826953125,5769.682294214675
1395,0.246875,0.24645187236177576,0.753125,0.24645187236177576,7066.1302734375,5773.411783095422
1396,0.25390625,0.2521634901829565,0.74609375,0.2521634901829565,7070.3265625,5777.046209434575
1397,0.253125,0.25420535267402417,0.746875,0.25420535267402417,7074.6431640625,5780.780045818214
1398,0.25234375,0.25118858080135725,0.74765625,0.25118858080135725,7078.9462890625,5784.512687086024
1399,0.24609375,0.23983229817937365,0.75390625,0.23983229817937365,7083.2361328125,5788.22777097873
1400,0.246875,0.2358986930005654,0.753125,0.2358986930005654,7087.4197265625,5791.838155975517
1401,0.24296875,0.22769651539933586,0.75703125,0.22769651539933589,7091.61640625,5795.446790300898
1402,0.2421875,0.2214812747798897,0.7578125,0.2214812747798897,7095.747265625,5798.984815862505
1403,0.24609375,0.22461447005090746,0.75390625,0.22461447005090746,7099.8642578125,5802.491152835003
1404,0.24609375,0.21835902560347717,0.75390625,0.21835902560347717,7104.0478515625,5806.049228313062
1405,0.2484375,0.22021828659309836,0.7515625,0.22021828659309836,7108.2314453125,5809.5847924326945
1406,0.25078125,0.22188600324828964,0.74921875,0.22188600324828964,7112.4548828125,5813.155968524782
1407,0.24921875,0.21760862948192103,0.75078125,0.21760862948192103,7116.71796875,5816.756603942131
1408,0.25234375,0.21735885776032915,0.74765625,0.21735885776032915,7120.955078125,5820.325043147401
1409,0.2609375,0.22753562564464494,0.7390625,0.22753562564464494,7125.2447265625,5823.924694702445
1410,0.2703125,0.23361073307828772,0.7296875,0.23361073307828772,7129.6806640625,5827.657809010133
1411,0.26640625,0.22945885728709625,0.73359375,0.22945885728709625,7134.2759765625,5831.514276709603
1412,0.27578125,0.23599181907827865,0.72421875,0.23599181907827865,7138.8048828125,5835.310754781027
1413,0.26875,0.23353233933574383,0.73125,0.23353233933574383,7143.4931640625,5839.232815332642
1414,0.27734375,0.24198580310888074,0.72265625,0.24198580310888074,7148.06171875,5843.052480310889
1415,0.2828125,0.2498241569084143,0.7171875,0.2498241569084143,7152.7765625,5846.992347305115
1416,0.2765625,0.2392130857428686,0.7234375,0.2392130857428686,7157.584375,5851.006281780912
1417,0.28984375,0.2443876874903378,0.71015625,0.24438768749033776,7162.2861328125,5854.91721285498
1418,0.28671875,0.2469491581657042,0.71328125,0.2469491581657042,7167.21328125,5858.985926478539
1419,0.29765625,0.2571060396509581,0.70234375,0.257106039650958,7172.0875,5863.050644054771
1420,0.2953125,0.25421975837230865,0.7046875,0.25421975837230865,7177.1478515625,5867.270420354603
1421,0.296875,0.25421255562520906,0.703125,0.25421255562520906,7182.1681640625,5871.419240259936
1422,0.29609375,0.25720097929440316,0.70390625,0.25720097929440316,7187.2146484375,5875.579402014597
1423,0.2953125,0.2609258043786106,0.7046875,0.2609258043786106,7192.2484375,5879.730425572447
1424,0.29140625,0.2549749145136635,0.70859375,0.2549749145136635,7197.2689453125,5883.84471240253
1425,0.29921875,0.258599650612438,0.70078125,0.258599650612438,7202.22265625,5887.914267083227
1426,0.296875,0.25622141608870247,0.703125,0.25622141608870247,7207.3095703125,5892.0950241677865
1427,0.2921875,0.2508214044955594,0.7078125,0.25082140449555934,7212.3564453125,5896.23536700311
1428,0.28984375,0.24879347531511956,0.71015625,0.24879347531511956,7217.3240234375,5900.314079536307
1429,0.2984375,0.2533660118040697,0.7015625,0.2533660118040697,7222.25078125,5904.345385753926
1430,0.29765625,0.24918568550254847,0.70234375,0.2491856855025485,7227.324609375,5908.513528967983
1431,0.2921875,0.2439627477005967,0.7078125,0.2439627477005967,7232.384765625,5912.655044579655
1432,0.290625,0.24223285865567454,0.709375,0.24223285865567454,7237.351953125,5916.698580101514
1433,0.29609375,0.24806871212932113,0.70390625,0.24806871212932116,7242.2923828125,5920.689937266368
1434,0.29140625,0.24396524951056042,0.70859375,0.24396524951056042,7247.3259765625,5924.730449003083
1435,0.29453125,0.24788657467932787,0.70546875,0.24788657467932787,7252.2798828125,5928.696538397456
1436,0.2828125,0.24621896615995081,0.7171875,0.24621896615995081,7257.28671875,5932.6995512331
1437,0.2828125,0.2475786057308365,0.7171875,0.2475786057308365,7262.09453125,5936.495831603729
1438,0.28828125,0.2466746615927039,0.71171875,0.2466746615927039,7266.9025390625,5940.284697878454
1439,0.29453125,0.2560021667388774,0.70546875,0.2560021667388774,7271.803125,5944.1719708580085
1440,0.275,0.24032296384891103,0.725,0.24032296384891103,7276.81015625,5948.129618455773
1441,0.253125,0.22760267686392663,0.746875,0.22760267686392663,7281.4853515625,5951.828089352765
1442,0.2484375,0.22914210332373447,0.7515625,0.22914210332373447,7285.7880859375,5955.2358869691325
1443,0.25703125,0.23988827966107473,0.74296875,0.23988827966107473,7290.0115234375,5958.5913765081095
1444,0.25625,0.24081769881489193,0.74375,0.24081769881489193,7294.3814453125,5962.082299460586
1445,0.25859375,0.2429976369483868,0.74140625,0.24299763694838683,7298.7376953125,5965.564834498947
1446,0.26328125,0.2544957099957679,0.73671875,0.2544957099957679,7303.13359375,5969.086349015582
1447,0.2515625,0.24846452290140938,0.7484375,0.24846452290140938,7307.609375,5972.643605778194
1448,0.24609375,0.24969463772651387,0.75390625,0.24969463772651387,7311.8857421875,5976.01791587548
1449,0.23671875,0.24739364034115752,0.76328125,0.24739364034115752,7316.0693359375,5979.300034497973
1450,0.2453125,0.24919793212424537,0.7546875,0.24919793212424535,7320.0935546875,5982.445965434567
1451,0.2515625,0.2511521303475744,0.7484375,0.2511521303475744,7324.2638671875,5985.723731998375
1452,0.25625,0.25109136783250835,0.74375,0.25109136783250835,7328.540625,5989.087093418823
1453,0.2484375,0.242572778222073,0.7515625,0.242572778222073,7332.896875,5992.506085328368
1454,0.2390625,0.23690560900520066,0.7609375,0.23690560900520066,7337.1203125,5995.817920439457
1455,0.22734375,0.22703883117073828,0.77265625,0.22703883117073828,7341.1845703125,5998.98943641764
1456,0.23671875,0.23734575583418382,0.76328125,0.23734575583418382,7345.0490234375,6001.979363707455
1457,0.23046875,0.23190100511182568,0.76953125,0.23190100511182568,7349.0734375,6005.094772935176
1458,0.228125,0.23404403715567074,0.771875,0.23404403715567074,7352.9916015625,6008.118662261766
1459,0.21640625,0.22475844238176015,0.78359375,0.22475844238176015,7356.8693359375,6011.101348174125
1460,0.21171875,0.23584694040176776,0.78828125,0.2358469404017678,7360.548828125,6013.921559705522
1461,0.20390625,0.223939558321548,0.79609375,0.22393955832154802,7364.14765625,6016.651568329141
1462,0.2015625,0.21161061583572552,0.7984375,0.21161061583572552,7367.6140625,6019.275879875337
1463,0.20390625,0.22177594619908625,0.79609375,0.22177594619908625,7371.0404296875,6021.882768161662
1464,0.20546875,0.21759740993977847,0.79453125,0.21759740993977844,7374.50703125,6024.500777622565
1465,0.21015625,0.22064469635876136,0.78984375,0.22064469635876136,7377.9998046875,6027.152290003192
1466,0.21484375,0.22056999579923603,0.78515625,0.22056999579923603,7381.57265625,6029.861577301551
1467,0.19765625,0.2103957162631288,0.80234375,0.2103957162631288,7385.2251953125,6032.637360082432
1468,0.196875,0.2094362084039553,0.803125,0.20943620840395533,7388.5849609375,6035.176534681538
1469,0.1890625,0.20961099107185432,0.8109375,0.20961099107185432,7391.93203125,6037.703851982733
1470,0.18515625,0.2053305737859075,0.81484375,0.2053305737859075,7395.1462890625,6040.113307333652
1471,0.1890625,0.20876485257790642,0.8109375,0.20876485257790642,7398.2935546875,6042.470192426792
1472,0.19296875,0.2065752643559969,0.80703125,0.2065752643559969,7401.5076171875,6044.880933479981
1473,0.19296875,0.20428753862509577,0.80703125,0.20428753862509577,7404.78828125,6047.3552088560555
1474,0.19453125,0.20655753587075926,0.80546875,0.20655753587075928,7408.0685546875,6049.8357671027625
1475,0.190625,0.19883388068781185,0.809375,0.19883388068781185,7411.375390625,6052.337801213399
1476,0.1796875,0.18719049976728253,0.8203125,0.18719049976728253,7414.6162109375,6054.796940256822
1477,0.1671875,0.16645209169044708,0.8328125,0.16645209169044708,7417.6708984375,6057.115990826932
1478,0.16171875,0.15922174003571246,0.83828125,0.15922174003571246,7420.51328125,6059.2930159783655
1479,0.1609375,0.15705651227145914,0.8390625,0.15705651227145914,7423.2623046875,6061.406019802932
1480,0.16953125,0.16630902382688076,0.83046875,0.16630902382688076,7425.998046875,6063.514272909414
1481,0.16640625,0.16893074810776754,0.83359375,0.16893074810776754,7428.8802734375,6065.735757923613
1482,0.16953125,0.17268276097369997,0.83046875,0.1726827609737,7431.7091796875,6067.906378790029
1483,0.16796875,0.16976690131250555,0.83203125,0.16976690131250555,7434.59140625,6070.119743568698
1484,0.16328125,0.16121789893650146,0.83671875,0.16121789893650146,7437.446484375,6072.316852629464
1485,0.165625,0.1641294506251087,0.834375,0.1641294506251087,7440.22265625,6074.4679775690465
1486,0.1703125,0.1696158343138989,0.8296875,0.1696158343138989,7443.0380859375,6076.64612687996
1487,0.17421875,0.16918347104548956,0.82578125,0.16918347104548956,7445.9333984375,6078.886832970162
1488,0.17890625,0.17938833791874542,0.82109375,0.17938833791874542,7448.8951171875,6081.198353966188
1489,0.175,0.18052454494645595,0.825,0.18052454494645598,7451.9369140625,6083.573921453591
1490,0.1703125,0.17416093491365967,0.8296875,0.17416093491365967,7454.9115234375,6085.900149238321
1491,0.159375,0.15802507341597724,0.840625,0.15802507341597727,7457.806640625,6088.163226701023
1492,0.15078125,0.14174036838970752,0.84921875,0.14174036838970752,7460.51640625,6090.284481002567
1493,0.15078125,0.14849094432616086,0.84921875,0.14849094432616083,7463.0796875,6092.309283915391
1494,0.15234375,0.14897108045691285,0.84765625,0.14897108045691285,7465.6427734375,6094.329120525414
1495,0.16171875,0.1597192972256327,0.83828125,0.1597192972256327,7468.232421875,6096.379734726071
1496,0.16875,0.16896326223287414,0.83125,0.16896326223287417,7470.98203125,6098.551433667561
1497,0.17578125,0.17367663693988894,0.82421875,0.17367663693988894,7473.8501953125,6100.823199034874
1498,0.18359375,0.175355386911124,0.81640625,0.175355386911124,7476.8384765625,6103.209154206143
1499,0.1828125,0.17419247279410496,0.8171875,0.17419247279410496,7479.9595703125,6105.714721971365
1500,0.19140625,0.1805684924585405,0.80859375,0.1805684924585405,7483.067578125,6108.220306251223
1501,0.1921875,0.18160323876000944,0.8078125,0.18160323876000944,7486.3212890625,6110.848416008021
1502,0.19609375,0.18595391209080545,0.80390625,0.18595391209080545,7489.5884765625,6113.477732126483
1503,0.19921875,0.18266888055132707,0.80078125,0.18266888055132707,7492.922265625,6116.155233999019
1504,0.1953125,0.18058539249998876,0.8046875,0.18058539249998876,7496.308984375,6118.901857181806
1505,0.2,0.18277577088300023,0.8,0.18277577088300023,7499.629296875,6121.605092041199
1506,0.196875,0.18432533759124112,0.803125,0.18432533759124112,7503.0291015625,6124.391107849321
1507,0.19921875,0.18500950144519604,0.80078125,0.18500950144519604,7506.37578125,6127.158312743394
1508,0.20546875,0.1902243484267327,0.79453125,0.1902243484267327,7509.762890625,6129.967839713512
1509,0.20859375,0.1945234059663515,0.79140625,0.1945234059663515,7513.25546875,6132.871748503537
1510,0.2140625,0.20263462442441815,0.7859375,0.20263462442441815,7516.801953125,6135.831520224074
1511,0.215625,0.20251410541151202,0.784375,0.20251410541151202,7520.441015625,6138.879525268134
1512,0.2203125,0.20022875101836649,0.7796875,0.20022875101836649,7524.1064453125,6141.944274331863
1513,0.21796875,0.19961510816130626,0.78203125,0.19961510816130626,7527.8517578125,6145.073153243039
1514,0.221875,0.20316105449248878,0.778125,0.20316105449248878,7531.55703125,6148.171882035853
1515,0.21796875,0.1980495716039295,0.78203125,0.1980495716039295,7535.329296875,6151.33020828488
1516,0.21875,0.2012533967104655,0.78125,0.2012533967104655,7539.034375,6154.428454849674
1517,0.225,0.2034492604127624,0.775,0.2034492604127624,7542.7533203125,6157.550123557396
1518,0.23359375,0.20670522678744724,0.76640625,0.20670522678744724,7546.5783203125,6160.751103331353
1519,0.24140625,0.2148423295407588,0.75859375,0.2148423295407588,7550.54921875,6164.061626157876
1520,0.24765625,0.22154464843457627,0.75234375,0.22154464843457627,7554.6533203125,6167.4824032319475
1521,0.24765625,0.21963548459606885,0.75234375,0.21963548459606885,7558.86328125,6170.99536774801
1522,0.23828125,0.21554572818197998,0.76171875,0.21554572818197998,7563.0734375,6174.486336587642
1523,0.23984375,0.22049526993225954,0.76015625,0.22049526993225954,7567.1240234375,6177.858728490512
1524,0.23359375,0.21458649370650054,0.76640625,0.21458649370650054,7571.2017578125,6181.269505831425
1525,0.23984375,0.2249348864116013,0.76015625,0.2249348864116013,7575.1728515625,6184.6005099136455
1526,0.23984375,0.2265032250046343,0.76015625,0.2265032250046343,7579.2501953125,6188.042187131318
1527,0.2484375,0.22521961937878548,0.7515625,0.22521961937878548,7583.32734375,6191.479603066662
1528,0.25546875,0.23489005905689156,0.74453125,0.23489005905689156,7587.5509765625,6195.021396181333
1529,0.2546875,0.23077178171166204,0.7453125,0.23077178171166204,7591.8939453125,6198.663927657253
1530,0.26015625,0.2319878431620933,0.73984375,0.2319878431620933,7596.2234375,6202.277058718725
1531,0.2515625,0.2269474101044667,0.7484375,0.2269474101044667,7600.6462890625,6205.9491672565255
1532,0.25625,0.22661098619109357,0.74375,0.22661098619109357,7604.9228515625,6209.498802362854
1533,0.25234375,0.21843727646626618,0.74765625,0.21843727646626618,7609.2787109375,6213.0962840593465
1534,0.2671875,0.22866214586836403,0.7328125,0.22866214586836403,7613.5685546875,6216.618380607018
1535,0.2703125,0.23641559589920247,0.7296875,0.23641559589920247,7618.1111328125,6220.336903108408
1536,0.2703125,0.243812592123797,0.7296875,0.24381259212379702,7622.7064453125,6224.113075284413
1537,0.26953125,0.24601313163630106,0.73046875,0.24601313163630106,7627.3017578125,6227.872947403025
1538,0.25625,0.2380262467473388,0.74375,0.2380262467473388,7631.8833984375,6231.613672612864
1539,0.24296875,0.22569067170992024,0.75703125,0.22569067170992024,7636.23984375,6235.165762122829
1540,0.24921875,0.2287929006902312,0.75078125,0.22879290069023123,7640.3703125,6238.520357520307
1541,0.25625,0.23403099754626522,0.74375,0.23403099754626522,7644.60703125,6241.952119244029
1542,0.25234375,0.22997961866217626,0.74765625,0.22997961866217626,7648.9630859375,6245.490560391311
1543,0.25234375,0.2265032250046343,0.74765625,0.2265032250046343,7653.253125,6249.004624969467
1544,0.25625,0.22417383043076192,0.74375,0.22417383043076192,7657.54296875,6252.5095758277685
1545,0.2640625,0.23057598140987062,0.7359375,0.23057598140987062,7661.89921875,6256.066319547882
1546,0.2609375,0.22498643622310882,0.7390625,0.22498643622310882,7666.38828125,6259.726631708535
1547,0.26328125,0.22553105731251297,0.73671875,0.22553105731251297,7670.82421875,6263.330213940128
1548,0.2640625,0.2236968555950776,0.7359375,0.2236968555950776,7675.2998046875,6266.964992097145
1549,0.25859375,0.2242255552103172,0.74140625,0.2242255552103172,7679.7888671875,6270.613349488697
1550,0.24921875,0.21335993283065122,0.75078125,0.21335993283065122,7684.1849609375,6274.180943915775
1551,0.253125,0.21615932437816557,0.746875,0.21615932437816557,7688.421875,6277.620702944602
1552,0.25234375,0.21166829426457567,0.74765625,0.21166829426457567,7692.7251953125,6281.107180630573
1553,0.25859375,0.2141879194626765,0.74140625,0.2141879194626765,7697.0146484375,6284.614258271612
1554,0.2640625,0.21659936104043567,0.7359375,0.21659936104043567,7701.4107421875,6288.215236971527
1555,0.26875,0.21979938029513413,0.73125,0.21979938029513416,7705.8998046875,6291.877034594072
1556,0.26953125,0.2201683925856525,0.73046875,0.2201683925856525,7710.4685546875,6295.6040480290885
1557,0.2734375,0.2247638734942184,0.7265625,0.2247638734942184,7715.050390625,6299.333156633512
1558,0.275,0.2249484532968053,0.725,0.2249484532968053,7719.69921875,6303.081124656745
1559,0.2828125,0.23123680283288603,0.7171875,0.23123680283288603,7724.3740234375,6306.867458791892
1560,0.28359375,0.23188258073861434,0.71640625,0.23188258073861434,7729.1818359375,6310.764261384749
1561,0.2984375,0.24420280458181678,0.7015625,0.24420280458181678,7734.0033203125,6314.676029056681
1562,0.2984375,0.24544930500640047,0.7015625,0.24544930500640047,7739.0763671875,6318.789644699151
1563,0.30625,0.2522675484790404,0.69375,0.2522675484790404,7744.1501953125,6322.9397910687885
1564,0.303125,0.2492738477495684,0.696875,0.2492738477495684,7749.3560546875,6327.189757708735
1565,0.31640625,0.26154961885844913,0.68359375,0.26154961885844913,7754.509375,6331.396618226658
1566,0.321875,0.2688975793924613,0.678125,0.2688975793924613,7759.88828125,6335.786549291545
1567,0.31015625,0.26411103474083586,0.68984375,0.26411103474083586,7765.36015625,6340.257378344663
1568,0.31328125,0.27118941935826885,0.68671875,0.27118941935826885,7770.6326171875,6344.561338321041
1569,0.31171875,0.26909951835937945,0.68828125,0.26909951835937945,7775.9587890625,6348.91123363349
1570,0.3015625,0.2665814581476457,0.6984375,0.2665814581476457,7781.2576171875,6353.231258688426
1571,0.2953125,0.25744054607933264,0.7046875,0.25744054607933264,7786.3841796875,6357.415394590639
1572,0.2953125,0.2615682869730197,0.7046875,0.2615682869730197,7791.4044921875,6361.5340110486195
1573,0.30625,0.2717762033134984,0.69375,0.2717762033134984,7796.4248046875,6365.654638946013
1574,0.3,0.2706261727745951,0.7,0.2706261727745951,7801.63125,6369.944237203291
1575,0.31015625,0.27739986228141855,0.68984375,0.27739986228141855,7806.73125,6374.133362675656
1576,0.3125,0.27064421482016754,0.6875,0.27064421482016754,7812.0037109375,6378.45304721209
1577,0.31484375,0.27053820057202643,0.68515625,0.27053820057202643,7817.3162109375,6382.818939579878
1578,0.31171875,0.2676439814030011,0.68828125,0.2676439814030011,7822.6685546875,6387.20093153393
1579,0.31875,0.2690564205178442,0.68125,0.2690564205178442,7827.96796875,6391.551765171584
1580,0.309375,0.262881047838181,0.690625,0.262881047838181,7833.3865234375,6395.999049741855
1581,0.2984375,0.25432777510036136,0.7015625,0.25432777510036136,7838.6458984375,6400.326978402933
1582,0.2984375,0.25078733442774775,0.7015625,0.25078733442774775,7843.7197265625,6404.516150619069
1583,0.30390625,0.2544573346481685,0.69609375,0.25445733464816844,7848.79296875,6408.686011621896
1584,0.31015625,0.25992975313053335,0.68984375,0.25992975313053335,7853.9595703125,6412.927233664404
1585,0.32421875,0.27234155370600355,0.67578125,0.27234155370600355,7859.23203125,6417.261742452992
1586,0.325,0.27037797256225404,0.675,0.27037797256225404,7864.74375,6421.801151992493
1587,0.321875,0.26528700922891985,0.678125,0.26528700922891985,7870.2685546875,6426.339826277639
1588,0.3265625,0.2678742089057381,0.6734375,0.2678742089057381,7875.7400390625,6430.802053302676
1589,0.315625,0.258231194105931,0.684375,0.258231194105931,7881.2919921875,6435.321972287212
1590,0.321875,0.2642265577645915,0.678125,0.2642265577645915,7886.6576171875,6439.677693179646
1591,0.32734375,0.26794027727741865,0.67265625,0.2679402772774187,7892.1294921875,6444.1392556071005
1592,0.32734375,0.26762117582508305,0.67265625,0.26762117582508305,7897.69453125,6448.67183314026
1593,0.33046875,0.27010920823807544,0.66953125,0.27010920823807544,7903.2591796875,6453.207469251663
1594,0.334375,0.2746246550691962,0.665625,0.2746246550691962,7908.87734375,6457.796334169195
1595,0.32890625,0.27066000062347595,0.67109375,0.27066000062347595,7914.56171875,6462.462792827004
1596,0.334375,0.27499112201578435,0.665625,0.27499112201578435,7920.1529296875,6467.059414275508
1597,0.34609375,0.2847074807752248,0.65390625,0.2847074807752248,7925.8375,6471.727199573948
1598,0.34140625,0.28107199227911345,0.65859375,0.28107199227911345,7931.7208984375,6476.561264127007
1599,0.34765625,0.28679431054764665,0.65234375,0.28679431054764665,7937.5248046875,6481.333952511989
1600,0.34296875,0.283997001524664,0.65703125,0.283997001524664,7943.4349609375,6486.197991828999
1601,0.35078125,0.29131721997892607,0.64921875,0.29131721997892607,7949.2654296875,6491.001701752812
1602,0.3421875,0.28294411647333295,0.6578125,0.28294411647333295,7955.22890625,6495.927779623462
1603,0.33671875,0.27868185125470585,0.66328125,0.27868185125470585,7961.04609375,6500.723281410357
1604,0.3328125,0.2753881316376488,0.6671875,0.27538813163764886,7966.7701171875,6505.44446245621
1605,0.321875,0.266755407190979,0.678125,0.266755407190979,7972.428125,6510.110497699963
1606,0.32265625,0.2676120530497459,0.67734375,0.2676120530497459,7977.9,6514.62582320111
1607,0.31796875,0.2663088623314102,0.68203125,0.2663088623314102,7983.384765625,6519.152428411976
1608,0.31640625,0.26561351078093715,0.68359375,0.26561351078093715,7988.790625,6523.632687073763
1609,0.32421875,0.2738501350819002,0.67578125,0.2738501350819002,7994.16953125,6528.095249090209
1610,0.3359375,0.2808265040743573,0.6640625,0.2808265040743573,7999.68125,6532.678010721595
1611,0.33828125,0.27919824525997655,0.66171875,0.27919824525997655,8005.3921875,6537.408271831116
1612,0.3296875,0.27246030745894895,0.6703125,0.27246030745894895,8011.1427734375,6542.1438400442585
1613,0.33359375,0.27604338639401416,0.66640625,0.27604338639401416,8016.74765625,6546.761620575032
1614,0.3265625,0.27213529206536224,0.6734375,0.27213529206536224,8022.4185546875,6551.435806340416
1615,0.33515625,0.2789007790079655,0.66484375,0.2789007790079655,8027.9701171875,6556.015287633229
1616,0.34140625,0.28031093226986353,0.65859375,0.28031093226986353,8033.6677734375,6560.714080107121
1617,0.34296875,0.28109153521917907,0.65703125,0.28109153521917907,8039.4716796875,6565.464650685918
1618,0.3390625,0.2776835506415081,0.6609375,0.2776835506415081,8045.3021484375,6570.232566028516
1619,0.33828125,0.27680515484723184,0.66171875,0.27680515484723184,8051.06640625,6574.950697689709
1620,0.34609375,0.28328904946516204,0.65390625,0.28328904946516204,8056.8171875,6579.645939621359
1621,0.35078125,0.2885489526005509,0.64921875,0.2885489526005509,8062.7005859375,6584.428396599243
1622,0.3515625,0.2905682908381866,0.6484375,0.2905682908381866,8068.6640625,6589.255876035647
1623,0.359375,0.2978294689551808,0.640625,0.2978294689551808,8074.6404296875,6594.112995498858
1624,0.36328125,0.30005492661240374,0.63671875,0.30005492661240374,8080.75,6599.080604076557
1625,0.371875,0.30445103003192486,0.628125,0.3044510300319248,8086.9259765625,6604.116190113105
1626,0.36953125,0.3026232154790425,0.63046875,0.3026232154790425,8093.24765625,6609.269149339783
1627,0.36640625,0.30000813791045733,0.63359375,0.3000081379104574,8099.5296875,6614.4010913712555
1628,0.371875,0.30627989331145294,0.628125,0.30627989331145294,8105.7587890625,6619.5012023062
1629,0.353125,0.29236500290198036,0.646875,0.29236500290198036,8112.0806640625,6624.701120854206
1630,0.346875,0.28599939562326876,0.653125,0.28599939562326876,8118.0833984375,6629.650678687905
1631,0.34296875,0.28322225150930497,0.65703125,0.28322225150930497,8123.98046875,6634.499364538736
1632,0.34921875,0.2897226414769391,0.65078125,0.2897226414769391,8129.8107421875,6639.299994853661
1633,0.346875,0.28958356752088854,0.653125,0.28958356752088854,8135.7478515625,6644.186237842271
1634,0.34609375,0.29019625632922974,0.65390625,0.29019625632922974,8141.6443359375,6649.055212032156
1635,0.34453125,0.29066699965338344,0.65546875,0.29066699965338344,8147.528125,6653.920077417006
1636,0.3421875,0.28737471794788244,0.6578125,0.28737471794788244,8153.38515625,6658.78501736595
1637,0.3453125,0.2873109942586169,0.6546875,0.2873109942586169,8159.20234375,6663.6086147753695
1638,0.3328125,0.2749001061465328,0.6671875,0.27490010614653276,8165.07265625,6668.458119696244
1639,0.3265625,0.2693738217781657,0.6734375,0.2693738217781657,8170.73046875,6673.1135902848455
1640,0.32578125,0.2675892447507,0.67421875,0.2675892447507,8176.28203125,6677.684093421607
1641,0.334375,0.2742243144022335,0.665625,0.2742243144022335,8181.8203125,6682.228454435797
1642,0.32265625,0.2668697855169727,0.67734375,0.2668697855169727,8187.5046875,6686.88640419325
1643,0.3203125,0.2637456494013219,0.6796875,0.2637456494013219,8192.98984375,6691.406194723187
1644,0.31875,0.262581367597503,0.68125,0.262581367597503,8198.4349609375,6695.867707694107
1645,0.30625,0.2525093786933963,0.69375,0.2525093786933963,8203.85390625,6700.299783744015
1646,0.29765625,0.24450004792944316,0.70234375,0.24450004792944316,8209.06015625,6704.533288132631
1647,0.30390625,0.24924691259371698,0.69609375,0.24924691259371698,8214.1201171875,6708.655007426035
1648,0.2890625,0.23897823269730029,0.7109375,0.23897823269730029,8219.28671875,6712.871695268239
1649,0.28515625,0.2352068570960464,0.71484375,0.2352068570960464,8224.20078125,6716.896206159265
1650,0.2828125,0.23412225956084357,0.7171875,0.23412225956084357,8229.0482421875,6720.858186899793
1651,0.2796875,0.23025811349032851,0.7203125,0.23025811349032851,8233.85625,6724.796166628209
1652,0.28359375,0.23329961623950435,0.71640625,0.23329961623950435,8238.6109375,6728.663785240531
1653,0.2734375,0.2252927782630859,0.7265625,0.2252927782630859,8243.43203125,6732.589223195869
1654,0.27421875,0.22784389787061446,0.72578125,0.22784389787061446,8248.0802734375,6736.351716401251
1655,0.27109375,0.22482632185756188,0.72890625,0.22482632185756188,8252.7421875,6740.1130079154555
1656,0.26953125,0.2235931494576142,0.73046875,0.2235931494576142,8257.35078125,6743.819571861345
1657,0.2703125,0.22463349055322318,0.7296875,0.22463349055322318,8261.9328125,6747.513628109343
1658,0.265625,0.22426093897511443,0.734375,0.22426093897511443,8266.5279296875,6751.2274044279175
1659,0.2640625,0.22743098626973635,0.7359375,0.22743098626973635,8271.0435546875,6754.8900686717725
1660,0.26015625,0.22912878474779197,0.73984375,0.22912878474779197,8275.5326171875,6758.511273739626
1661,0.2375,0.21255743709054267,0.7625,0.21255743709054264,8279.9552734375,6762.082696019086
1662,0.25234375,0.22794031479616544,0.74765625,0.22794031479616544,8283.9923828125,6765.3471432473625
1663,0.25,0.2210122972752308,0.75,0.2210122972752308,8288.2828125,6768.833103527275
1664,0.25859375,0.23591162937634083,0.74140625,0.23591162937634083,8292.5328125,6772.289030934153
1665,0.259375,0.2326052978961894,0.740625,0.2326052978961894,8296.92890625,6775.882851109795
1666,0.26484375,0.23362379614457085,0.73515625,0.23362379614457085,8301.33828125,6779.475694749495
1667,0.26484375,0.2312341633090794,0.73515625,0.23123416330907942,8305.8404296875,6783.13895931006
1668,0.28359375,0.24872232101029856,0.71640625,0.24872232101029856,8310.3427734375,6786.81769611457
1669,0.28515625,0.25120558920309677,0.71484375,0.25120558920309677,8315.1640625,6790.7582703481785
1670,0.28828125,0.251441158623643,0.71171875,0.25144115862364297,8320.01171875,6794.711319068473
1671,0.29375,0.2519382868692748,0.70625,0.2519382868692748,8324.9123046875,6798.715766563809
1672,0.3,0.2566427059466624,0.7,0.2566427059466624,8329.9060546875,6802.782614402775
1673,0.29375,0.2507970692051145,0.70625,0.2507970692051145,8335.00625,6806.943305077614
1674,0.30234375,0.25960080532425167,0.69765625,0.25960080532425167,8339.9998046875,6811.014512907099
1675,0.30234375,0.26009407102287047,0.69765625,0.26009407102287047,8345.139453125,6815.203827050461
1676,0.2953125,0.2525577169492649,0.7046875,0.2525577169492649,8350.2794921875,6819.38835500439
1677,0.30234375,0.2546875,0.69765625,0.2546875,8355.3,6823.471700417152
1678,0.31171875,0.257982898234069,0.68828125,0.257982898234069,8360.4396484375,6827.657490623249
1679,0.31015625,0.2562881069226584,0.68984375,0.2562881069226584,8365.7390625,6831.979771584195
1680,0.3171875,0.26481263644674324,0.6828125,0.26481263644674324,8371.0115234375,6836.2805862018295
1681,0.3171875,0.26865686976490105,0.6828125,0.26865686976490105,8376.403515625,6840.669732771017
1682,0.3078125,0.2588096247727275,0.6921875,0.2588096247727275,8381.795703125,6845.069004652277
1683,0.30859375,0.2612460750303246,0.69140625,0.2612460750303246,8387.0283203125,6849.329629405987
1684,0.3125,0.2652686028172671,0.6875,0.2652686028172671,8392.274609375,6853.623049175755
1685,0.32109375,0.27298399893011127,0.67890625,0.27298399893011127,8397.587109375,6857.949333842777
1686,0.32890625,0.2739660071010179,0.67109375,0.2739660071010179,8403.0455078125,6862.413089266101
1687,0.32734375,0.2731516362869716,0.67265625,0.2731516362869716,8408.6369140625,6866.974240997262
1688,0.32890625,0.27368738581865626,0.67109375,0.27368738581865626,8414.2021484375,6871.498538149118
1689,0.32265625,0.2657697216047663,0.67734375,0.2657697216047663,8419.7935546875,6876.043058643189
1690,0.33046875,0.2710453396977616,0.66953125,0.2710453396977616,8425.278515625,6880.520172507254
1691,0.32890625,0.27037797256225404,0.67109375,0.27037797256225404,8430.8966796875,6885.089648028895
1692,0.33125,0.2712569303550142,0.66875,0.27125693035501414,8436.4880859375,6889.63680005967
1693,0.33671875,0.27653822280450674,0.66328125,0.27653822280450674,8442.1189453125,6894.215594610219
1694,0.33046875,0.2709214600211655,0.66953125,0.2709214600211655,8447.8431640625,6898.848202819685
1695,0.3171875,0.25995088553537377,0.6828125,0.25995088553537377,8453.461328125,6903.409736112312
1696,0.3046875,0.25193344157609365,0.6953125,0.25193344157609365,8458.8537109375,6907.773508306439
1697,0.3109375,0.25691843078713716,0.6890625,0.25691843078713716,8464.0330078125,6911.947424730777
1698,0.30703125,0.25583522071100767,0.69296875,0.25583522071100767,8469.3189453125,6916.196816322713
1699,0.30625,0.25263020699111777,0.69375,0.25263020699111777,8474.538671875,6920.377414824468
1700,0.30546875,0.25452928367871547,0.69453125,0.25452928367871547,8479.744921875,6924.5684565826405
1701,0.30234375,0.2539194708096447,0.69765625,0.2539194708096447,8484.937890625,6928.752601296415
1702,0.30234375,0.2525818826081455,0.69765625,0.2525818826081455,8490.0775390625,6932.895690742756
1703,0.3109375,0.2585760473547869,0.6890625,0.2585760473547869,8495.217578125,6937.02582706095
1704,0.31015625,0.2574286915827371,0.68984375,0.2574286915827371,8500.503515625,6941.274036878616
1705,0.3046875,0.2517516757640354,0.6953125,0.2517516757640354,8505.7759765625,6945.506236148007
1706,0.296875,0.2479038096280995,0.703125,0.2479038096280995,8510.95546875,6949.674400944725
1707,0.29453125,0.24788657467932787,0.70546875,0.24788657467932787,8516.0025390625,6953.713189627858
1708,0.30625,0.2572270815531969,0.69375,0.2572270815531969,8521.0095703125,6957.710989984432
1709,0.30859375,0.2589581552526875,0.69140625,0.2589581552526875,8526.2158203125,6961.873455460899
1710,0.3171875,0.2684295873397249,0.6828125,0.2684295873397249,8531.4619140625,6966.0704487254825
1711,0.3265625,0.27517971755404685,0.6734375,0.27517971755404685,8536.854296875,6970.376142449504
1712,0.32421875,0.27734925170599434,0.67578125,0.27734925170599434,8542.405859375,6974.816823313658
1713,0.3125,0.2742732762740931,0.6875,0.2742732762740931,8547.917578125,6979.213685087309
1714,0.3109375,0.26848869927917823,0.6890625,0.26848869927917823,8553.2296875,6983.439148257693
1715,0.30703125,0.2718547945077942,0.69296875,0.2718547945077942,8558.516015625,6987.659693671988
1716,0.309375,0.27049081907363326,0.690625,0.27049081907363326,8563.7353515625,6991.830495205327
1717,0.31796875,0.2753016811154628,0.68203125,0.2753016811154628,8568.994921875,6996.048854539697
1718,0.3171875,0.2732745049910895,0.6828125,0.2732745049910895,8574.4,7000.392188511007
1719,0.31953125,0.2768580694597865,0.68046875,0.2768580694597865,8579.7923828125,7004.721627263338
1720,0.3265625,0.2797333237601037,0.6734375,0.2797333237601037,8585.224609375,7009.093092184933
1721,0.32421875,0.2797704136877236,0.67578125,0.2797704136877236,8590.7759765625,7013.579226333405
1722,0.3140625,0.27165265692723306,0.6859375,0.27165265692723306,8596.2880859375,7018.027908683841
1723,0.32265625,0.2738679647373438,0.67734375,0.2738679647373438,8601.6267578125,7022.361890511503
1724,0.31953125,0.2732521693360823,0.68046875,0.27325216933608226,8607.112109375,7026.824869282881
1725,0.3234375,0.27349776121684255,0.6765625,0.2734977612168425,8612.5439453125,7031.239029761516
1726,0.3328125,0.2819370947403428,0.6671875,0.28193709474034273,8618.042578125,7035.714426787372
1727,0.3265625,0.2730197702033224,0.6734375,0.2730197702033224,8623.700390625,7040.339196451973
1728,0.32109375,0.26909951835937945,0.67890625,0.26909951835937945,8629.251953125,7044.873740249381
1729,0.3171875,0.2684409560313031,0.6828125,0.2684409560313031,8634.710546875,7049.349961479023
1730,0.30546875,0.26485872929615706,0.69453125,0.26485872929615706,8640.102734375,7053.778352547756
1731,0.309375,0.26557214547675173,0.690625,0.26557214547675173,8645.295703125,7058.06874825146
1732,0.31875,0.2745468567703881,0.68125,0.2745468567703881,8650.5548828125,7062.404622431972
1733,0.31953125,0.27205453842014843,0.68046875,0.2720545384201484,8655.9736328125,7066.870143073439
1734,0.3140625,0.2693851506208165,0.6859375,0.2693851506208165,8661.405859375,7071.334507386856
1735,0.3078125,0.26266038627022725,0.6921875,0.26266038627022725,8666.7447265625,7075.73159533421
1736,0.3140625,0.2684432297118424,0.6859375,0.2684432297118424,8671.9775390625,7080.038434913213
1737,0.31484375,0.26742953219025756,0.68515625,0.26742953219025756,8677.3166015625,7084.4064525854865
1738,0.31328125,0.2709079424477068,0.68671875,0.2709079424477068,8682.669140625,7088.784678208523
1739,0.31875,0.27979877325611174,0.68125,0.27979877325611174,8687.9947265625,7093.140780336511
1740,0.3171875,0.2782544467018901,0.6828125,0.2782544467018901,8693.4134765625,7097.567633337588
1741,0.31015625,0.27008661081910373,0.68984375,0.27008661081910373,8698.8056640625,7101.963617499988
1742,0.30703125,0.2655974250392876,0.69296875,0.2655974250392876,8704.078515625,7106.254897399171
1743,0.30234375,0.26466508538504846,0.69765625,0.26466508538504846,8709.298046875,7110.5226425881865
1744,0.29296875,0.25042688163788446,0.70703125,0.25042688163788446,8714.4375,7114.765177438097
1745,0.29296875,0.24827284244732648,0.70703125,0.24827284244732648,8719.418359375,7118.880210545558
1746,0.28515625,0.24484429841993463,0.71484375,0.24484429841993463,8724.398828125,7123.004221283554
1747,0.2890625,0.245764909262897,0.7109375,0.245764909262897,8729.24609375,7127.019620538694
1748,0.27578125,0.23426559946724998,0.72421875,0.23426559946724998,8734.160546875,7131.090721661306
1749,0.28046875,0.23583400047756048,0.71953125,0.23583400047756048,8738.848828125,7134.952872037722
1750,0.2734375,0.22979908004058677,0.7265625,0.22979908004058677,8743.6166015625,7138.870611783205
1751,0.28203125,0.23949358599840415,0.71796875,0.23949358599840415,8748.265234375,7142.696925932167
1752,0.29296875,0.24886215671908615,0.70703125,0.24886215671908615,8753.059765625,7146.638790343709
1753,0.28828125,0.24574504064171873,0.71171875,0.24574504064171876,8758.03984375,7150.714129138927
1754,0.284375,0.23765157580873517,0.715625,0.23765157580873517,8762.9408203125,7154.74101849831
1755,0.28828125,0.2418647042382373,0.71171875,0.24186470423823728,8767.7751953125,7158.719487589609
1756,0.2765625,0.23226130220077557,0.7234375,0.23226130220077557,8772.676171875,7162.753442113185
1757,0.275,0.2316850847931843,0.725,0.2316850847931843,8777.3775390625,7166.626078788922
1758,0.2640625,0.220439901106855,0.7359375,0.220439901106855,8782.0525390625,7170.473786057756
1759,0.26484375,0.2195632205368194,0.73515625,0.21956322053681943,8786.54140625,7174.153935933365
1760,0.26796875,0.22173741332655164,0.73203125,0.22173741332655164,8791.0439453125,7177.842012100677
1761,0.2734375,0.22603656628270347,0.7265625,0.22603656628270347,8795.5990234375,7181.569389788116
1762,0.265625,0.21831709396111199,0.734375,0.21831709396111199,8800.2478515625,7185.347554670944
1763,0.2609375,0.21323116399080833,0.7390625,0.21323116399080833,8804.763671875,7189.000289162218
1764,0.27265625,0.22313408157288522,0.72734375,0.22313408157288522,8809.199609375,7192.607013166594
1765,0.2703125,0.2211696534902562,0.7296875,0.2211696534902562,8813.834375,7196.399781330316
1766,0.275,0.2248127476020321,0.725,0.2248127476020321,8818.4298828125,7200.158505562499
1767,0.284375,0.232418920674501,0.715625,0.232418920674501,8823.1046875,7203.978723070681
1768,0.29375,0.2412203471089763,0.70625,0.24122034710897627,8827.939453125,7207.928074469406
1769,0.30546875,0.2498339292159894,0.69453125,0.2498339292159894,8832.933203125,7212.02673885621
1770,0.3,0.24595606267304126,0.7,0.24595606267304126,8838.1259765625,7216.270629530123
1771,0.30234375,0.24789888547929173,0.69765625,0.24789888547929173,8843.226171875,7220.441430423178
1772,0.2921875,0.2393023714884581,0.7078125,0.2393023714884581,8848.3658203125,7224.640136407672
1773,0.2921875,0.23862551974144552,0.7078125,0.23862551974144552,8853.333203125,7228.69170759762
1774,0.28984375,0.23725316120127884,0.71015625,0.23725316120127884,8858.3,7232.740857464555
1775,0.29140625,0.23898589458899033,0.70859375,0.23898589458899033,8863.227734375,7236.765727968808
1776,0.29296875,0.2400612307959159,0.70703125,0.2400612307959159,8868.1814453125,7240.823557170429
1777,0.30078125,0.24673156434422816,0.69921875,0.24673156434422816,8873.1619140625,7244.902457921252
1778,0.3078125,0.25144115862364297,0.6921875,0.25144115862364297,8878.2751953125,7249.094369488126
1779,0.3109375,0.2545556598945995,0.6890625,0.2545556598945995,8883.508203125,7253.363841754499
1780,0.29765625,0.24357465648390025,0.70234375,0.24357465648390023,8888.794140625,7257.676227744832
1781,0.29609375,0.24186470423823728,0.70390625,0.2418647042382373,8893.854296875,7261.8054728538455
1782,0.2953125,0.2412861250478879,0.7046875,0.2412861250478879,8898.8875,7265.910204612449
1783,0.2984375,0.2438526426515099,0.7015625,0.2438526426515099,8903.9078125,7269.998597863877
1784,0.3,0.24503617000225703,0.7,0.24503617000225703,8908.981640625,7274.118687058418
1785,0.30234375,0.24686263813986714,0.69765625,0.24686263813986714,8914.0814453125,7278.2623078796305
1786,0.3078125,0.25142902126519723,0.6921875,0.25142902126519723,8919.221484375,7282.4470810053135
1787,0.29609375,0.2417637421766341,0.70390625,0.2417637421766341,8924.454296875,7286.709007763855
1788,0.29921875,0.24432774079476732,0.70078125,0.24432774079476732,8929.487890625,7290.8067929783365
1789,0.29765625,0.24304786694188452,0.70234375,0.24304786694188454,8934.574609375,7294.951623872407
1790,0.290625,0.23776968652064334,0.709375,0.23776968652064334,8939.634375,7299.07213718649
1791,0.28671875,0.23572009851463663,0.71328125,0.23572009851463663,8944.575390625,7303.110635589495
1792,0.2859375,0.23488746058618157,0.7140625,0.23488746058618157,8949.449609375,7307.113958114764
1793,0.275,0.227108716566813,0.725,0.227108716566813,8954.31015625,7311.101202404788
1794,0.278125,0.22955193703577195,0.721875,0.22955193703577195,8958.985546875,7314.945607845983
1795,0.28359375,0.23494202243585544,0.71640625,0.23494202243585544,8963.7134765625,7318.826153914057
1796,0.29375,0.2426331585117232,0.70625,0.2426331585117232,8968.534375,7322.772505837484
1797,0.303125,0.25020255466196784,0.696875,0.25020255466196784,8973.5279296875,7326.860238846644
1798,0.3015625,0.24925915620719932,0.6984375,0.24925915620719932,8978.6814453125,7331.078261778422
1799,0.29453125,0.24434023090252655,0.70546875,0.24434023090252655,8983.8078125,7335.271710071733
1800,0.28125,0.23732518237115083,0.71875,0.23732518237115083,8988.8150390625,7339.383896172835
1801,0.27890625,0.2383465586729752,0.72109375,0.2383465586729752,8993.5966796875,7343.318287913799
1802,0.28125,0.24298005399749378,0.71875,0.24298005399749378,8998.337890625,7347.223975138973
1803,0.2703125,0.23883005447781278,0.7296875,0.23883005447781272,9003.1185546875,7351.143243766551
1804,0.26953125,0.23941201982017318,0.73046875,0.23941201982017318,9007.714453125,7354.921364837998
1805,0.275,0.24830479946529424,0.725,0.24830479946529424,9012.29609375,7358.681263440327
1806,0.26953125,0.24198580310888074,0.73046875,0.24198580310888074,9016.9712890625,7362.5268811666065
1807,0.265625,0.23967955495306645,0.734375,0.23967955495306645,9021.553515625,7366.288059180042
1808,0.2640625,0.24517561865808557,0.7359375,0.24517561865808557,9026.069140625,7370.006520222154
1809,0.265625,0.2471887839726451,0.734375,0.2471887839726451,9030.5580078125,7373.718096788118
1810,0.26640625,0.24428776815852857,0.73359375,0.24428776815852857,9035.0736328125,7377.455526849035
1811,0.25859375,0.2358340004775605,0.74140625,0.2358340004775605,9039.602734375,7381.2037540089905
1812,0.25,0.22973266987821955,0.75,0.22973266987821955,9043.9990234375,7384.871184658121
1813,0.23828125,0.21503542586048469,0.76171875,0.21503542586048469,9048.2484375,7388.4394139504875
1814,0.24453125,0.2222597895762974,0.75546875,0.2222597895762974,9052.29921875,7391.823106402603
1815,0.24296875,0.2194798093646657,0.75703125,0.2194798093646657,9056.4564453125,7395.3126548129985
1816,0.24765625,0.2225068029156637,0.75234375,0.2225068029156637,9060.5865234375,7398.7847349959975
1817,0.24609375,0.2184149219375819,0.75390625,0.2184149219375819,9064.796875,7402.326244810194
1818,0.234375,0.21236496168889302,0.765625,0.21236496168889302,9068.98046875,7405.838192542871
1819,0.2453125,0.22357131045680928,0.7546875,0.22357131045680928,9072.9646484375,7409.198412073858
1820,0.2609375,0.23351927115336754,0.7390625,0.23351927115336757,9077.1353515625,7412.72068388446
1821,0.25625,0.2242418868724686,0.74375,0.2242418868724686,9081.5708984375,7416.452901040378
1822,0.26328125,0.22827477959687092,0.73671875,0.22827477959687092,9085.9275390625,7420.102584421244
1823,0.27109375,0.23066861037536077,0.72890625,0.23066861037536077,9090.402734375,7423.845463408851
1824,0.28515625,0.24291724735493772,0.71484375,0.24291724735493772,9095.0115234375,7427.679857878396
1825,0.30078125,0.2548360379734389,0.69921875,0.2548360379734389,9099.8591796875,7431.712393430317
1826,0.29765625,0.25395312067387554,0.70234375,0.25395312067387554,9104.9724609375,7435.958442347227
1827,0.3140625,0.2655169817132701,0.6859375,0.2655169817132701,9110.0328125,7440.1594554762105
1828,0.3203125,0.2713649130149751,0.6796875,0.2713649130149751,9115.3720703125,7444.583101723245
1829,0.334375,0.2818634802246914,0.665625,0.2818634802246914,9120.8171875,7449.101799917479
1830,0.340625,0.28822090323656263,0.659375,0.28822090323656263,9126.5015625,7453.813069826466
1831,0.34921875,0.29350055898583904,0.65078125,0.29350055898583904,9132.2921875,7458.615926989758
1832,0.3515625,0.29089369299625595,0.6484375,0.29089369299625595,9138.2283203125,7463.530949041303
1833,0.35078125,0.289393813508297,0.64921875,0.289393813508297,9144.2052734375,7468.443429455185
1834,0.3578125,0.2957895452481798,0.6421875,0.2957895452481798,9150.16875,7473.349743135044
1835,0.35859375,0.2984375,0.64140625,0.29843749999999997,9156.251171875,7478.356478192594
1836,0.3578125,0.2966446474740443,0.6421875,0.2966446474740443,9162.3474609375,7483.393432035397
1837,0.365625,0.3045732959044916,0.634375,0.3045732959044916,9168.4302734375,7488.404252806663
1838,0.36328125,0.30182954497323483,0.63671875,0.30182954497323483,9174.6458984375,7493.537942344468
1839,0.35625,0.29507472239565863,0.64375,0.29507472239565863,9180.8220703125,7498.634946344906
1840,0.35859375,0.2951677886177623,0.64140625,0.2951677886177623,9186.8779296875,7503.625311353463
1841,0.35234375,0.29288436284649955,0.64765625,0.29288436284649955,9192.973828125,7508.630799611199
1842,0.353125,0.2967166518488219,0.646875,0.2967166518488219,9198.963671875,7513.5767905746825
1843,0.35390625,0.29705586595790356,0.64609375,0.29705586595790356,9204.9671875,7518.548696415842
1844,0.35859375,0.3017526926143328,0.64140625,0.3017526926143328,9210.9837890625,7523.524896254197
1845,0.36328125,0.3046674672901588,0.63671875,0.3046674672901588,9217.0796875,7528.57134172099
1846,0.35546875,0.2962369788805071,0.64453125,0.2962369788805071,9223.2552734375,7533.676270638516
1847,0.34921875,0.2929593748499952,0.65078125,0.2929593748499952,9229.2978515625,7538.660848161186
1848,0.34375,0.28637901363948615,0.65625,0.28637901363948615,9235.2349609375,7543.575533997725
1849,0.33203125,0.27674340834516725,0.66796875,0.27674340834516725,9241.07890625,7548.396293206149
1850,0.33359375,0.27833340155625413,0.66640625,0.27833340155625413,9246.7234375,7553.056642970781
1851,0.32890625,0.2715492840570105,0.67109375,0.2715492840570105,9252.3943359375,7557.744973290375
1852,0.31328125,0.257390753524675,0.68671875,0.257390753524675,9257.9861328125,7562.346500852426
1853,0.31015625,0.254998851100353,0.68984375,0.254998851100353,9263.312109375,7566.717668363477
1854,0.31328125,0.257106039650958,0.68671875,0.257106039650958,9268.5841796875,7571.044593022892
1855,0.3125,0.25803730728932395,0.6875,0.25803730728932395,9273.91015625,7575.4032959567785
1856,0.30625,0.257203352336483,0.69375,0.257203352336483,9279.22265625,7579.76008204247
1857,0.3109375,0.26643488665736886,0.6890625,0.26643488665736886,9284.4283203125,7584.031726881696
1858,0.3203125,0.2723303478486652,0.6796875,0.2723303478486652,9289.71484375,7588.402210114309
1859,0.309375,0.2634724361472657,0.690625,0.2634724361472657,9295.1599609375,7592.897166963546
1860,0.2984375,0.2516377022688075,0.7015625,0.2516377022688075,9300.41953125,7597.20231765931
1861,0.2984375,0.25577557072192214,0.7015625,0.25577557072192214,9305.4927734375,7601.3565703231925
1862,0.2875,0.24856276323219656,0.7125,0.24856276323219656,9310.5666015625,7605.515259147736
1863,0.27890625,0.2404499160103305,0.72109375,0.2404499160103305,9315.4537109375,7609.539437054657
1864,0.2859375,0.24217993939811575,0.7140625,0.24217993939811572,9320.1955078125,7613.419860567091
1865,0.28984375,0.24447508340575325,0.71015625,0.24447508340575325,9325.0564453125,7617.392817449341
1866,0.2796875,0.2334696053892776,0.7203125,0.2334696053892776,9329.9837890625,7621.403553747929
1867,0.26953125,0.2255094059845398,0.73046875,0.2255094059845398,9334.7384765625,7625.279445102811
1868,0.2671875,0.22050910996628914,0.7328125,0.22050910996628914,9339.3203125,7629.0282501258935
1869,0.265625,0.22054232250437783,0.734375,0.22054232250437783,9343.8626953125,7632.756483524129
1870,0.26015625,0.21600679514051171,0.73984375,0.21600679514051171,9348.378125,7636.4833951976325
1871,0.2546875,0.21403113365086632,0.7453125,0.21403113365086632,9352.80078125,7640.136210114342
1872,0.2609375,0.21902048009975003,0.7390625,0.21902048009975003,9357.13046875,7643.7262156706865
1873,0.26171875,0.22281381486288052,0.73828125,0.22281381486288052,9361.5666015625,7647.401808541455
1874,0.25390625,0.21541826593136199,0.74609375,0.21541826593136199,9366.0158203125,7651.095856850948
1875,0.26015625,0.2176955613279127,0.73984375,0.2176955613279127,9370.33203125,7654.666917833834
1876,0.25703125,0.21925722443912765,0.74296875,0.21925722443912765,9374.754296875,7658.303742666774
1877,0.26171875,0.22051464573668345,0.73828125,0.22051464573668345,9379.124609375,7661.920193045341
1878,0.2578125,0.21396838715830196,0.7421875,0.21396838715830196,9383.5736328125,7665.563481254583
1879,0.25703125,0.21300204939595063,0.74296875,0.21300204939595063,9387.9564453125,7669.14646903815
1880,0.25078125,0.20924377884270537,0.74921875,0.2092437788427054,9392.32578125,7672.729540885971
1881,0.2359375,0.19543121392193213,0.7640625,0.19543121392193213,9396.5892578125,7676.235760271638
1882,0.225,0.18477181873868104,0.775,0.184771818738681,9400.5998046875,7679.5396201795165
1883,0.22265625,0.18261875417108725,0.77734375,0.18261875417108725,9404.4248046875,7682.678689874691
1884,0.22578125,0.1850325932015087,0.77421875,0.1850325932015087,9408.210546875,7685.783184830207
1885,0.22265625,0.18241811090870336,0.77734375,0.18241811090870336,9412.0484375,7688.924187366679
1886,0.221875,0.18167044446091116,0.778125,0.18167044446091116,9415.83359375,7692.017956300691
1887,0.2265625,0.18525676332964203,0.7734375,0.18525676332964203,9419.6056640625,7695.106180789577
1888,0.21875,0.17869973069369746,0.78125,0.17869973069369746,9423.45703125,7698.254164511646
1889,0.21328125,0.17447605718622253,0.78671875,0.17447605718622256,9427.1755859375,7701.275005111046
1890,0.2140625,0.17482203562659085,0.7859375,0.17482203562659085,9430.8017578125,7704.24070830074
1891,0.2140625,0.17537974980203672,0.7859375,0.17537974980203674,9434.4404296875,7707.202388411137
1892,0.215625,0.17735235386618076,0.784375,0.17735235386618073,9438.0796875,7710.162328041429
1893,0.22578125,0.18534569685792546,0.77421875,0.18534569685792546,9441.7453125,7713.1379537665025
1894,0.21953125,0.1795243824839679,0.78046875,0.1795243824839679,9445.58359375,7716.261638044863
1895,0.2140625,0.17494418752848007,0.7859375,0.17494418752848007,9449.315625,7719.300553367691
1896,0.2234375,0.18267556302944574,0.7765625,0.18267556302944574,9452.9544921875,7722.266573812872
1897,0.21953125,0.1792862367486696,0.78046875,0.17928623674866961,9456.7529296875,7725.346149313196
1898,0.23046875,0.18852260205178317,0.76953125,0.18852260205178317,9460.484765625,7728.378157792255
1899,0.2296875,0.18797790657248792,0.7703125,0.18797790657248792,9464.403125,7731.571273791613
1900,0.225,0.18492040623096467,0.775,0.18492040623096467,9468.3080078125,7734.7538507236895
1901,0.2265625,0.189829281856093,0.7734375,0.189829281856093,9472.133203125,7737.88527416906
1902,0.2203125,0.18590795458539422,0.7796875,0.18590795458539422,9475.9845703125,7741.053551375449
1903,0.228125,0.19049688317660213,0.771875,0.19049688317660213,9479.7294921875,7744.1354189546455
1904,0.225,0.18613762864309571,0.775,0.18613762864309571,9483.6080078125,7747.32481903061
1905,0.23671875,0.1985143797924347,0.76328125,0.1985143797924347,9487.4330078125,7750.462505480807
1906,0.246875,0.2066609305949603,0.753125,0.2066609305949603,9491.4568359375,7753.772363830481
1907,0.25859375,0.21774882498247836,0.74140625,0.21774882498247836,9495.6537109375,7757.221719814566
1908,0.26875,0.22617693485272763,0.73125,0.22617693485272763,9500.0498046875,7760.847839069844
1909,0.265625,0.2242201110585868,0.734375,0.2242201110585868,9504.61875,7764.612493474357
1910,0.271875,0.23113119836875115,0.728125,0.23113119836875115,9509.1341796875,7768.345647706113
1911,0.2796875,0.23658592601975503,0.7203125,0.23658592601975503,9513.7560546875,7772.174125646675
1912,0.28515625,0.24354458491978423,0.71484375,0.24354458491978423,9518.5111328125,7776.107294225287
1913,0.296875,0.2501098391519714,0.703125,0.2501098391519714,9523.3587890625,7780.133286035809
1914,0.29765625,0.251076782640789,0.70234375,0.251076782640789,9528.4052734375,7784.317237592677
1915,0.29765625,0.24922242356226698,0.70234375,0.24922242356226698,9533.4654296875,7788.5142620412225
1916,0.29296875,0.248014577129551,0.70703125,0.248014577129551,9538.5255859375,7792.69912149037
1917,0.290625,0.24372746290041875,0.709375,0.24372746290041875,9543.50625,7796.8192898158295
1918,0.29765625,0.25205938892823454,0.70234375,0.25205938892823454,9548.4466796875,7800.892966381031
1919,0.30625,0.2590948223201788,0.69375,0.2590948223201788,9553.5068359375,7805.073137716055
1920,0.29921875,0.25166195627145355,0.70078125,0.25166195627145355,9558.71328125,7809.358319036114
1921,0.29375,0.24518557624149714,0.70625,0.24518557624149714,9563.7998046875,7813.546004575671
1922,0.30703125,0.2572626712744195,0.69296875,0.2572626712744195,9568.7935546875,7817.64241492797
1923,0.31484375,0.2642612048239393,0.68515625,0.2642612048239393,9574.012890625,7821.910884360223
1924,0.3296875,0.27575579733819744,0.6703125,0.27575579733819744,9579.3654296875,7826.302024935216
1925,0.32890625,0.2740662414225802,0.67109375,0.2740662414225802,9584.969921875,7830.897773796353
1926,0.30546875,0.2559401709262343,0.69453125,0.2559401709262342,9590.561328125,7835.479286190577
1927,0.296875,0.24644691920244205,0.703125,0.24644691920244205,9595.7546875,7839.742833506976
1928,0.28984375,0.2398119380368709,0.71015625,0.2398119380368709,9600.8013671875,7843.8610079373475
1929,0.28203125,0.23480949309360344,0.71796875,0.23480949309360344,9605.7287109375,7847.874667559541
1930,0.29296875,0.24645930191412943,0.70703125,0.24645930191412943,9610.523046875,7851.801225942104
1931,0.28671875,0.24268597894192404,0.71328125,0.24268597894192404,9615.5033203125,7855.89539663389
1932,0.290625,0.2515406628720792,0.709375,0.2515406628720792,9620.378125,7859.9043538684455
1933,0.29296875,0.25793084405029965,0.70703125,0.25793084405029965,9625.318359375,7863.960401925564
1934,0.29453125,0.25964782338294307,0.70546875,0.25964782338294307,9630.2990234375,7868.061513940198
1935,0.2890625,0.25434457357957335,0.7109375,0.25434457357957335,9635.3060546875,7872.184918889027
1936,0.29375,0.25494858167260903,0.70625,0.25494858167260903,9640.2197265625,7876.248380336016
1937,0.28984375,0.2466870328726259,0.71015625,0.24668703287262586,9645.213671875,7880.373968715358
1938,0.29609375,0.24988278502129754,0.70390625,0.24988278502129754,9650.141015625,7884.433651392344
1939,0.30390625,0.2551759120562715,0.69609375,0.2551759120562715,9655.17421875,7888.5660537192625
1940,0.303125,0.25713215154736097,0.696875,0.25713215154736097,9660.341015625,7892.80425413459
1941,0.31484375,0.2721352920653622,0.68515625,0.2721352920653622,9665.4943359375,7897.016350130756
1942,0.31796875,0.2781688869868447,0.68203125,0.2781688869868447,9670.846484375,7901.393931953216
1943,0.3140625,0.28060472852729157,0.6859375,0.28060472852729157,9676.2515625,7905.832762873822
1944,0.3140625,0.2805177098631653,0.6859375,0.2805177098631653,9681.5912109375,7910.21343079105
1945,0.3125,0.28138017820646144,0.6875,0.28138017820646144,9686.9298828125,7914.596886831099
1946,0.31875,0.2943415751989939,0.68125,0.2943415751989939,9692.2423828125,7918.963407439989
1947,0.3109375,0.2961504315799658,0.6890625,0.2961504315799658,9697.6611328125,7923.4188297796345
1948,0.3203125,0.30047163447653424,0.6796875,0.30047163447653424,9702.9470703125,7927.76369407901
1949,0.30390625,0.28788187953134525,0.69609375,0.2878818795313453,9708.3919921875,7932.239930525178
1950,0.309375,0.2885701042695258,0.690625,0.28857010426952584,9713.5587890625,7936.488087056996
1951,0.30625,0.28411732831701764,0.69375,0.28411732831701764,9718.81796875,7940.819082403016
1952,0.30234375,0.28526432027485493,0.69765625,0.28526432027485493,9724.0248046875,7945.100963044016
1953,0.29140625,0.2756893880291278,0.70859375,0.2756893880291278,9729.1642578125,7949.322349651624
1954,0.28828125,0.28199121080053186,0.71171875,0.28199121080053186,9734.11875,7953.378414661301
1955,0.28828125,0.2785065851443193,0.71171875,0.2785065851443193,9739.0189453125,7957.376084128647
1956,0.2890625,0.272083702223461,0.7109375,0.272083702223461,9743.919921875,7961.364716992895
1957,0.290625,0.27438007184947855,0.709375,0.27438007184947855,9748.8337890625,7965.375440093425
1958,0.29140625,0.2728296815895404,0.70859375,0.2728296815895404,9753.77421875,7969.42725580493
1959,0.28828125,0.2682134906422494,0.71171875,0.26821349064224936,9758.7283203125,7973.518923961908
1960,0.2859375,0.25962196450440206,0.7140625,0.25962196450440206,9763.6287109375,7977.563178619768
1961,0.28828125,0.26315951376969066,0.71171875,0.26315951376969066,9768.4896484375,7981.569730068863
1962,0.2921875,0.2649048141255176,0.7078125,0.26490481412551753,9773.390625,7985.621049069802
1963,0.303125,0.2699848990279364,0.696875,0.2699848990279364,9778.357421875,7989.712220687494
1964,0.2953125,0.2626510911896712,0.7046875,0.2626510911896712,9783.5111328125,7993.955333978322
1965,0.303125,0.2759549293759309,0.696875,0.2759549293759309,9788.5310546875,7998.072917258293
1966,0.2984375,0.26941913429056036,0.7015625,0.26941913429056036,9793.683984375,8002.291810964315
1967,0.3015625,0.26754134099354626,0.6984375,0.26754134099354626,9798.757421875,8006.447784933975
1968,0.3,0.26214866741626786,0.7,0.26214866741626786,9803.8841796875,8010.6452980257955
1969,0.2984375,0.2594126478701453,0.7015625,0.2594126478701453,9808.9845703125,8014.8257782873225
1970,0.29765625,0.2614842699618851,0.70234375,0.2614842699618851,9814.0578125,8018.990325183848
1971,0.29296875,0.2599814070876031,0.70703125,0.2599814070876031,9819.1181640625,8023.153703121802
1972,0.29453125,0.2634052471359483,0.70546875,0.2634052471359483,9824.098828125,8027.242341938788
1973,0.29765625,0.2622534184119437,0.70234375,0.26225341841194366,9829.1052734375,8031.355485817067
1974,0.30625,0.2640879240719367,0.69375,0.2640879240719367,9834.1654296875,8035.5008375204225
1975,0.309375,0.2629390858937199,0.690625,0.2629390858937199,9839.3716796875,8039.780889255645
1976,0.3109375,0.26175489489214904,0.6890625,0.26175489489214904,9844.63203125,8044.125379965876
1977,0.31875,0.26434203030236225,0.68125,0.26434203030236225,9849.9169921875,8048.482947285568
1978,0.32109375,0.2663409469082815,0.67890625,0.2663409469082814,9855.335546875,8052.932181265909
1979,0.32734375,0.274322229407088,0.67265625,0.274322229407088,9860.7947265625,8057.417688358735
1980,0.3515625,0.29721403338440294,0.6484375,0.29721403338440294,9866.359375,8061.990584049296
1981,0.3453125,0.29194717723738145,0.6546875,0.29194717723738145,9872.3359375,8066.895390659403
1982,0.34375,0.28778221542622295,0.65625,0.28778221542622295,9878.2060546875,8071.709821390687
1983,0.33984375,0.28574959672981165,0.66015625,0.28574959672981165,9884.050390625,8076.49796567522
1984,0.3453125,0.2900700346468073,0.6546875,0.2900700346468073,9889.8271484375,8081.217193967808
1985,0.35,0.2941548905073227,0.65,0.2941548905073227,9895.69765625,8086.0180106834405
1986,0.346875,0.28788187953134525,0.653125,0.28788187953134525,9901.64765625,8090.889624708635
1987,0.35,0.2893853771087527,0.65,0.2893853771087527,9907.54453125,8095.724761967787
1988,0.35,0.28926935166467255,0.65,0.28926935166467255,9913.4943359375,8100.609313510349
1989,0.3390625,0.2808308508637806,0.6609375,0.2808308508637806,9919.44453125,8105.497605324447
1990,0.3265625,0.2706960790028182,0.6734375,0.2706960790028182,9925.2083984375,8110.226396758563
1991,0.32578125,0.27024475307117435,0.67421875,0.27024475307117435,9930.76015625,8114.758830698587
1992,0.33359375,0.27598810408013963,0.66640625,0.27598810408013963,9936.2982421875,8119.272039602484
1993,0.3328125,0.275,0.6671875,0.275,9941.96953125,8123.8840779355605
1994,0.33828125,0.27989691880449485,0.66171875,0.27989691880449485,9947.62734375,8128.477605582329
1995,0.32421875,0.2657513486266344,0.67578125,0.2657513486266344,9953.3779296875,8133.1337483625
1996,0.3234375,0.26423579742462033,0.6765625,0.26423579742462033,9958.88984375,8137.606875140905
1997,0.321875,0.26320821501831015,0.678125,0.26320821501831015,9964.38828125,8142.089554153425
1998,0.31640625,0.25838005709855005,0.68359375,0.25838005709855005,9969.8599609375,8146.5339109404285
1999,0.31640625,0.2584981413134338,0.68359375,0.2584981413134338,9975.2390625,8150.905345330049
2000,0.31484375,0.2574998103761438,0.68515625,0.2574998103761438,9980.6177734375,8155.2708610371365
2001,0.32265625,0.2635442399413237,0.67734375,0.2635442399413237,9985.9701171875,8159.63003120822
2002,0.33359375,0.27248270802360103,0.66640625,0.27248270802360103,9991.455078125,8164.089349871252
2003,0.33203125,0.2714436232903621,0.66796875,0.2714436232903621,9997.1263671875,8168.712952173084
2004,0.33671875,0.2751774995343914,0.66328125,0.2751774995343914,10002.7708984375,8173.325227554139
2005,0.33359375,0.2732767384561847,0.66640625,0.2732767384561847,10008.4953125,8177.9991533853745
2006,0.32421875,0.2683454440525309,0.67578125,0.2683454440525309,10014.1662109375,8182.6288535775275
2007,0.32421875,0.26803821074965223,0.67578125,0.26803821074965223,10019.6779296875,8187.1574800772705
2008,0.3328125,0.27438896960451054,0.6671875,0.27438896960451054,10025.189453125,8191.6895865808765
2009,0.3421875,0.2820474804886582,0.6578125,0.2820474804886582,10030.8474609375,8196.329697454488
2010,0.334375,0.27986420744599516,0.665625,0.27986420744599516,10036.6646484375,8201.089905195528
2011,0.34375,0.2878882398985325,0.65625,0.2878882398985325,10042.3490234375,8205.758921357148
2012,0.3484375,0.29016260258258647,0.6515625,0.29016260258258647,10048.1927734375,8210.54212785527
2013,0.32890625,0.27537704975405997,0.67109375,0.27537704975405997,10054.116015625,8215.397018960044
2014,0.33515625,0.28170969376736044,0.66484375,0.2817096937673605,10059.7076171875,8219.991932007797
2015,0.32890625,0.27588635567929054,0.67109375,0.27588635567929054,10065.4052734375,8224.65834263133
2016,0.328125,0.27362716636305506,0.671875,0.27362716636305506,10070.9966796875,8229.237775371284
2017,0.32890625,0.2741441761133637,0.67109375,0.2741441761133637,10076.5744140625,8233.811040037608
2018,0.32109375,0.27535488464888364,0.67890625,0.27535488464888364,10082.1662109375,8238.382653631825
2019,0.3125,0.27138740399450195,0.6875,0.27138740399450195,10087.624609375,8242.862406284703
2020,0.30859375,0.2676166144762877,0.69140625,0.2676166144762877,10092.937109375,8247.218903304707
2021,0.2984375,0.25644285806612943,0.7015625,0.25644285806612943,10098.183203125,8251.526852698797
2022,0.30625,0.263486335182918,0.69375,0.263486335182918,10103.256640625,8255.708568435892
2023,0.3078125,0.26310152433875217,0.6921875,0.26310152433875217,10108.462890625,8259.988147362063
2024,0.3078125,0.263078324987303,0.6921875,0.263078324987303,10113.695703125,8264.300110033773
2025,0.3140625,0.26837501091639476,0.6859375,0.26837501091639476,10118.92890625,8268.609486234596
2026,0.315625,0.2708403444605327,0.684375,0.2708403444605327,10124.2681640625,8273.003307005669
2027,0.321875,0.2772898275045444,0.678125,0.2772898275045444,10129.6333984375,8277.434290554444
2028,0.3234375,0.27715552591798526,0.6765625,0.27715552591798526,10135.1052734375,8281.974521090198
2029,0.32578125,0.2748801230195628,0.67421875,0.2748801230195628,10140.603515625,8286.544145679174
2030,0.32734375,0.2744112127298646,0.67265625,0.27441121272986463,10146.1419921875,8291.12920615212
2031,0.33203125,0.2776022123133207,0.66796875,0.2776022123133207,10151.706640625,8295.724837184167
2032,0.328125,0.2743956427314399,0.671875,0.2743956427314399,10157.3513671875,8300.382768825944
2033,0.32734375,0.2732521693360823,0.67265625,0.2732521693360823,10162.9294921875,8304.991886926104
2034,0.325,0.27038925933272573,0.675,0.27038925933272573,10168.494140625,8309.588254480645
2035,0.32734375,0.272267586524498,0.67265625,0.272267586524498,10174.019140625,8314.146554291829
2036,0.334375,0.27668385402499546,0.665625,0.27668385402499546,10179.583984375,8318.737318461965
2037,0.33671875,0.27781540001298527,0.66328125,0.2778154000129852,10185.268359375,8323.423082272262
2038,0.3375,0.27710266810674167,0.6625,0.27710266810674167,10190.9927734375,8328.132276509843
2039,0.34609375,0.2837949097169468,0.65390625,0.2837949097169468,10196.73046875,8332.839636995017
2040,0.34140625,0.27919824525997655,0.65859375,0.27919824525997655,10202.613671875,8337.660400747414
2041,0.3515625,0.28744267431198345,0.6484375,0.28744267431198345,10208.4173828125,8342.404992280783
2042,0.36171875,0.29534556693177233,0.63828125,0.29534556693177233,10214.3943359375,8347.289579012133
2043,0.3578125,0.29341736485763753,0.6421875,0.29341736485763753,10220.543359375,8352.29523898644
2044,0.35546875,0.2915957410043483,0.64453125,0.2915957410043483,10226.6259765625,8357.265713996883
2045,0.35625,0.2928531021743239,0.64375,0.2928531021743239,10232.6689453125,8362.210022232459
2046,0.35234375,0.2881573666744441,0.64765625,0.2881573666744441,10238.725,8367.172859385297
2047,0.3453125,0.28205830029556833,0.6546875,0.28205830029556833,10244.71484375,8372.05115519896
2048,0.35,0.2860442082310005,0.65,0.2860442082310005,10250.5859375,8376.83961220597
2049,0.3546875,0.28969946712066974,0.6453125,0.28969946712066974,10256.5359375,8381.682796314659
2050,0.34375,0.2808265040743573,0.65625,0.2808265040743573,10262.565625,8386.591072270008
2051,0.34296875,0.280363185216961,0.65703125,0.280363185216961,10268.408984375,8391.35897706156
2052,0.3375,0.27599916142875325,0.6625,0.27599916142875325,10274.239453125,8396.114949805311
2053,0.334375,0.27319855631367274,0.665625,0.27319855631367274,10279.976171875,8400.777907763757
2054,0.33046875,0.27229224448421224,0.66953125,0.27229224448421224,10285.660546875,8405.392972401029
2055,0.3359375,0.27807452140231226,0.6640625,0.27807452140231226,10291.279296875,8409.914954350632
2056,0.32265625,0.26536752226864535,0.67734375,0.26536752226864535,10296.990234375,8414.509017054026
2057,0.3140625,0.25807988028781903,0.6859375,0.25807988028781903,10302.475390625,8418.942143454666
2058,0.31953125,0.2624627949824508,0.68046875,0.2624627949824508,10307.814453125,8423.248899394564
2059,0.33671875,0.27557645547560844,0.66328125,0.27557645547560844,10313.246484375,8427.629876814704
2060,0.3390625,0.27950194613029977,0.6609375,0.27950194613029977,10318.970703125,8432.267925739605
2061,0.3390625,0.2799383477046776,0.6609375,0.2799383477046776,10324.734375,8436.914103372974
2062,0.3296875,0.2717874320183422,0.6703125,0.2717874320183422,10330.4984375,8441.56045781475
2063,0.34453125,0.28371747473278763,0.65546875,0.28371747473278763,10336.103125,8446.080343647169
2064,0.34453125,0.2820994117771251,0.65546875,0.28209941177712516,10341.96015625,8450.813318511826
2065,0.35703125,0.29356293910974185,0.64296875,0.29356293910974185,10347.8171875,8455.555897427223
2066,0.359375,0.2941486656437523,0.640625,0.2941486656437523,10353.8859375,8460.452081573667
2067,0.35859375,0.2931135059047092,0.64140625,0.2931135059047092,10359.99609375,8465.397673628575
2068,0.35234375,0.2884749095458737,0.64765625,0.2884749095458737,10366.092578125,8470.341894710074
2069,0.36484375,0.29896060176259015,0.63515625,0.29896060176259015,10372.081640625,8475.189104245477
2070,0.3640625,0.30073964809698767,0.6359375,0.3007396480969877,10378.283984375,8480.203097353427
2071,0.35546875,0.29668990940669016,0.64453125,0.29668990940669016,10384.473046875,8485.177941439702
2072,0.35078125,0.29288436284649955,0.64921875,0.29288436284649955,10390.516796875,8490.0135169715
2073,0.35234375,0.2935920452984038,0.64765625,0.2935920452984038,10396.479296875,8494.789886461944
2074,0.3546875,0.29647794171215336,0.6453125,0.29647794171215336,10402.469921875,8499.593126771051
2075,0.34921875,0.29389540948907317,0.65078125,0.29389540948907317,10408.5,8504.423054760866
2076,0.3484375,0.28919338253148186,0.6515625,0.2891933825314819,10414.435546875,8509.1658810886
2077,0.33984375,0.28258148368545843,0.66015625,0.28258148368545843,10420.359375,8513.929151111392
2078,0.33984375,0.2817053605387196,0.66015625,0.2817053605387196,10426.13671875,8518.56312602229
2079,0.34140625,0.281874307094492,0.65859375,0.281874307094492,10431.91328125,8523.205583480954
2080,0.33125,0.27541029406709727,0.66875,0.27541029406709727,10437.718359375,8527.877735023392
2081,0.33125,0.2782763808529661,0.66875,0.278276380852966,10443.348828125,8532.403900470283
2082,0.32265625,0.2723370714183987,0.67734375,0.2723370714183987,10448.98046875,8536.929375779599
2083,0.32265625,0.27430220418135537,0.67734375,0.27430220418135537,10454.465234375,8541.325772578475
2084,0.328125,0.27897298746361626,0.671875,0.27897298746361626,10459.950390625,8545.720505405901
2085,0.31484375,0.26605663459590706,0.68515625,0.26605663459590706,10465.528515625,8550.19023334302
2086,0.30546875,0.2593279324764303,0.69453125,0.2593279324764303,10470.88125,8554.477929850013
2087,0.303125,0.2562404723838527,0.696875,0.2562404723838527,10476.07421875,8558.633087815108
2088,0.3,0.25321902188989476,0.7,0.25321902188989476,10481.22734375,8562.776357714702
2089,0.29921875,0.24815727120114778,0.70078125,0.24815727120114778,10486.326953125,8566.888753762621
2090,0.3078125,0.25559414926915874,0.6921875,0.25559414926915874,10491.4140625,8571.002112977958
2091,0.31953125,0.2637618480751149,0.68046875,0.2637618480751149,10496.64609375,8575.237714595085
2092,0.3328125,0.27498890247494534,0.6671875,0.27498890247494534,10502.07890625,8579.627411455282
2093,0.34296875,0.28502672572058924,0.65703125,0.28502672572058924,10507.737109375,8584.196116341805
2094,0.3359375,0.27997759048158655,0.6640625,0.27997759048158655,10513.5671875,8588.884187255295
2095,0.334375,0.2805612225689341,0.665625,0.2805612225689341,10519.278125,8593.466592575482
2096,0.3359375,0.28133679216376944,0.6640625,0.28133679216376944,10524.9625,8598.018601671334
2097,0.3359375,0.28039148483080756,0.6640625,0.28039148483080756,10530.673046875,8602.59285352581
2098,0.31640625,0.265762831886816,0.68359375,0.265762831886816,10536.38359375,8607.175858873812
2099,0.321875,0.2677602596365357,0.678125,0.2677602596365357,10541.7625,8611.478398878546
2100,0.3234375,0.26853188823676044,0.6765625,0.26853188823676044,10547.234375,8615.872552303843
2101,0.328125,0.274139723299315,0.671875,0.274139723299315,10552.733203125,8620.289252037683
2102,0.33671875,0.2811783762967469,0.66328125,0.2811783762967469,10558.311328125,8624.75636223966
2103,0.33515625,0.28283408066833104,0.66484375,0.28283408066833104,10564.03515625,8629.343958210338
2104,0.3359375,0.28263547636487535,0.6640625,0.28263547636487535,10569.73359375,8633.89341112834
2105,0.3453125,0.29136121468355225,0.6546875,0.29136121468355225,10575.444140625,8638.457670063202
2106,0.3328125,0.28625537317555283,0.6671875,0.28625537317555283,10581.314453125,8643.143018292702
2107,0.3203125,0.27652277257036173,0.6796875,0.27652277257036173,10586.972265625,8647.635200001307
2108,0.309375,0.27002784867953894,0.690625,0.270027848679539,10592.417578125,8651.959695560474
2109,0.31484375,0.2781688869868447,0.68515625,0.2781688869868447,10597.676953125,8656.130316284276
2110,0.29765625,0.25993914552256264,0.70234375,0.25993914552256264,10603.02890625,8660.365539966042
2111,0.3,0.2604200520613284,0.7,0.2604200520613284,10608.0890625,8664.37724803186
2112,0.30078125,0.25725555372406445,0.69921875,0.25725555372406445,10613.189453125,8668.424282547592
2113,0.29921875,0.25551294533619034,0.70078125,0.25551294533619034,10618.30234375,8672.493650107494
2114,0.3,0.25616662134365786,0.7,0.25616662134365786,10623.3890625,8676.543558778341
2115,0.27890625,0.23744859641088636,0.72109375,0.23744859641088636,10628.489453125,8680.603471647157
2116,0.28828125,0.243449333794529,0.71171875,0.243449333794529,10633.230859375,8684.382622107414
2117,0.28046875,0.2355750527300164,0.71953125,0.2355750527300164,10638.131640625,8688.296501490806
2118,0.27109375,0.22642237045784588,0.72890625,0.22642237045784588,10642.899609375,8692.110483344746
2119,0.26484375,0.2218584941043502,0.73515625,0.2218584941043502,10647.508203125,8695.805048322167
2120,0.27109375,0.22709527873780203,0.72890625,0.22709527873780203,10652.01015625,8699.409803877546
2121,0.27578125,0.23204045646718588,0.72421875,0.23204045646718588,10656.61875,8703.099950180162
2122,0.26875,0.2255959988286583,0.73125,0.2255959988286583,10661.3078125,8706.849944540172
2123,0.265625,0.2232926759672717,0.734375,0.2232926759672717,10665.876171875,8710.508949335852
2124,0.25703125,0.21363152326933169,0.74296875,0.21363152326933169,10670.391796875,8714.128137306767
2125,0.25625,0.2118988509805445,0.74375,0.2118988509805445,10674.76171875,8717.646454823462
2126,0.2515625,0.2090862047472884,0.7484375,0.2090862047472884,10679.11796875,8721.155543461287
2127,0.26328125,0.21849315278172907,0.73671875,0.21849315278172907,10683.394140625,8724.591619341121
2128,0.2609375,0.2152538699202061,0.7390625,0.21525386992020606,10687.8703125,8728.190694842766
2129,0.26875,0.22294252429858463,0.73125,0.22294252429858463,10692.30625,8731.765849679063
2130,0.26953125,0.2259960591470568,0.73046875,0.2259960591470568,10696.874609375,8735.441042142362
2131,0.28046875,0.23469249328909095,0.71953125,0.23469249328909095,10701.456640625,8739.110404329567
2132,0.27421875,0.23283871496703465,0.72578125,0.23283871496703465,10706.225,8742.932965086618
2133,0.28046875,0.23817748765364036,0.71953125,0.23817748765364033,10710.88671875,8746.658748414198
2134,0.2734375,0.23111007168527944,0.7265625,0.23111007168527944,10715.6546875,8750.466330803303
2135,0.28828125,0.24277147336795976,0.71171875,0.24277147336795976,10720.302734375,8754.187452583552
2136,0.296875,0.24927874473794392,0.703125,0.24927874473794392,10725.203515625,8758.116473918119
2137,0.31171875,0.258172097700836,0.68828125,0.258172097700836,10730.25078125,8762.171514243686
2138,0.30625,0.25141931095656717,0.69375,0.25141931095656717,10735.55,8766.445718015617
2139,0.3125,0.25788351294722195,0.6875,0.25788351294722195,10740.75625,8770.662421824254
2140,0.3125,0.26181784504570155,0.6875,0.26181784504570155,10746.068359375,8774.944990502934
2141,0.30546875,0.25437336839157315,0.69453125,0.2543733683915732,10751.38125,8779.202783449959
2142,0.30390625,0.2508822323945042,0.69609375,0.2508822323945042,10756.57421875,8783.373034252289
2143,0.29140625,0.23832094956172023,0.70859375,0.23832094956172023,10761.741015625,8787.539648435015
2144,0.3,0.24498634767446736,0.7,0.24498634767446736,10766.694140625,8791.5576851196
2145,0.30703125,0.25266644421301776,0.69296875,0.25266644421301776,10771.7953125,8795.715460023494
2146,0.30625,0.25093331643461575,0.69375,0.25093331643461575,10777.01328125,8799.991659754478
2147,0.3015625,0.2463032342522627,0.6984375,0.24630323425226272,10782.21953125,8804.246915888923
2148,0.3046875,0.24892346338784538,0.6953125,0.24892346338784538,10787.346875,8808.42935389246
2149,0.3109375,0.2540035871117276,0.6890625,0.2540035871117276,10792.526171875,8812.643329103847
2150,0.31796875,0.25981231958136625,0.68203125,0.25981231958136625,10797.812109375,8816.955126257484
2151,0.31796875,0.2599767116974134,0.68203125,0.2599767116974134,10803.218359375,8821.357634230464
2152,0.321875,0.2629994318850803,0.678125,0.2629994318850803,10808.623046875,8825.754042242605
2153,0.31484375,0.2571321515473609,0.68515625,0.2571321515473609,10814.0953125,8830.220910995997
2154,0.30234375,0.24750463616238585,0.69765625,0.24750463616238585,10819.447265625,8834.586881149764
2155,0.30703125,0.25266644421301776,0.69296875,0.25266644421301776,10824.587109375,8838.787507238216
2156,0.30859375,0.2540083929162086,0.69140625,0.2540083929162086,10829.80703125,8843.044257476535
2157,0.31015625,0.2536308602699009,0.68984375,0.2536308602699009,10835.053125,8847.313012231047
2158,0.30546875,0.2504195697973703,0.69453125,0.25041956979737023,10840.326171875,8851.61116203681
2159,0.309375,0.2530743583600974,0.690625,0.2530743583600974,10845.51875,8855.848244573826
2160,0.309375,0.25355624915267816,0.690625,0.25355624915267816,10850.778515625,8860.136275788289
2161,0.31015625,0.25432777510036136,0.68984375,0.25432777510036136,10856.037890625,8864.426087248521
2162,0.296875,0.24313072374367867,0.703125,0.24313072374367867,10861.310546875,8868.71820562727
2163,0.28671875,0.23495501148491174,0.71328125,0.23495501148491174,10866.35703125,8872.823008740379
2164,0.27421875,0.2254065337756428,0.72578125,0.22540653377564282,10871.230859375,8876.803282280813
2165,0.28515625,0.2372737409091027,0.71484375,0.2372737409091027,10875.89296875,8880.596283006058
2166,0.29375,0.24513578427960084,0.70625,0.24513578427960084,10880.741015625,8884.517771421597
2167,0.3015625,0.24871986705051324,0.6984375,0.24871986705051327,10885.734375,8888.553319023427
2168,0.309375,0.2539050480740783,0.690625,0.2539050480740783,10890.8609375,8892.70276154243
2169,0.3015625,0.2481794060314534,0.6984375,0.2481794060314534,10896.120703125,8896.970387479165
2170,0.31953125,0.26394690517223346,0.68046875,0.26394690517223346,10901.247265625,8901.139961322531
2171,0.3265625,0.26993968148574415,0.6734375,0.26993968148574415,10906.678515625,8905.540599696535
2172,0.3265625,0.26846596545814705,0.6734375,0.26846596545814705,10912.23046875,8910.0347054043
2173,0.32890625,0.2690314659802827,0.67109375,0.26903146598028266,10917.78203125,8914.526993749809
2174,0.32578125,0.2667210841286268,0.67421875,0.2667210841286268,10923.3734375,8919.06518307114
2175,0.34609375,0.2825987624652221,0.65390625,0.2825987624652221,10928.91171875,8923.553626544923
2176,0.34609375,0.28260956116610775,0.65390625,0.28260956116610775,10934.795703125,8928.344656609514
2177,0.33515625,0.2736539322015582,0.66484375,0.2736539322015582,10940.678515625,8933.139738402906
2178,0.33984375,0.2775582357249556,0.66015625,0.2775582357249556,10946.376171875,8937.780931490039
2179,0.3390625,0.27721057542056365,0.6609375,0.27721057542056365,10952.15390625,8942.491868736352
2180,0.34140625,0.2793840008337539,0.65859375,0.2793840008337539,10957.917578125,8947.195909643535
2181,0.33359375,0.27253870138018926,0.66640625,0.27253870138018926,10963.721875,8951.938216945506
2182,0.321875,0.2637410210260721,0.678125,0.2637410210260721,10969.39296875,8956.564855236968
2183,0.3,0.2455586941356893,0.7,0.24555869413568926,10974.864453125,8961.034715711492
2184,0.2859375,0.23445831852378365,0.7140625,0.23445831852378365,10979.9640625,8965.18987700367
2185,0.27265625,0.2234074499023589,0.72734375,0.2234074499023589,10984.825,8969.135697324122
2186,0.2625,0.21519715252094995,0.7375,0.21519715252094995,10989.4609375,8972.904772741504
2187,0.25703125,0.21104453303005744,0.74296875,0.21104453303005744,10993.923046875,8976.530840851907
2188,0.26640625,0.2188810991083401,0.73359375,0.2188810991083401,10998.2921875,8980.069136425442
2189,0.265625,0.2192098960257611,0.734375,0.2192098960257611,11002.82109375,8983.74313432153
2190,0.2734375,0.2252385887786549,0.7265625,0.2252385887786549,11007.33671875,8987.386585378572
2191,0.2765625,0.22816512917594353,0.7234375,0.22816512917594353,11011.985546875,8991.142964084696
2192,0.27265625,0.22592042639500307,0.72734375,0.22592042639500307,11016.687109375,8994.9362697481
2193,0.26640625,0.22011848726878894,0.73359375,0.22011848726878894,11021.322265625,8998.672798959169
2194,0.271875,0.22433713120546941,0.728125,0.22433713120546941,11025.851953125,9002.327519164097
2195,0.278125,0.2302156979402686,0.721875,0.2302156979402686,11030.4734375,9006.058586968862
2196,0.2765625,0.23026871615706943,0.7234375,0.23026871615706943,11035.201953125,9009.883811987982
2197,0.27265625,0.224945739985224,0.72734375,0.224945739985224,11039.902734375,9013.69403813833
2198,0.26796875,0.22588260052237313,0.73203125,0.22588260052237313,11044.53828125,9017.461867929236
2199,0.26640625,0.22640619608349943,0.73359375,0.22640619608349946,11049.094140625,9021.186302366536
2200,0.26171875,0.2241792757064087,0.73828125,0.2241792757064087,11053.622265625,9024.892806488393
2201,0.2578125,0.21891734670304225,0.7421875,0.21891734670304225,11058.071875,9028.559893282893
2202,0.26484375,0.2261904272399696,0.73515625,0.22619042723996965,11062.4546875,9032.16405013248
2203,0.265625,0.2298920220383365,0.734375,0.2298920220383365,11066.95703125,9035.875707201014
2204,0.2671875,0.23200099760696072,0.7328125,0.23200099760696072,11071.47265625,9039.593637888436
2205,0.27421875,0.23477049963741184,0.72578125,0.23477049963741187,11076.01484375,9043.327377972304
2206,0.28984375,0.24569536205940073,0.71015625,0.2456953620594007,11080.6765625,9047.153018229767
2207,0.2984375,0.25514242346187743,0.7015625,0.25514242346187743,11085.603515625,9051.202339871545
2208,0.3046875,0.2583209947490234,0.6953125,0.2583209947490234,11090.677734375,9055.383056649847
2209,0.30546875,0.2572958839060586,0.69453125,0.2572958839060586,11095.85703125,9059.658823392883
2210,0.30546875,0.2594220589840039,0.69453125,0.2594220589840039,11101.05,9063.93750041637
2211,0.3015625,0.25094304554893526,0.6984375,0.25094304554893526,11106.243359375,9068.212778722977
2212,0.3046875,0.2530454157298152,0.6953125,0.2530454157298152,11111.369921875,9072.436920071987
2213,0.29609375,0.24831463156648664,0.70390625,0.24831463156648664,11116.54921875,9076.696276470408
2214,0.30703125,0.2551185003459177,0.69296875,0.2551185003459177,11121.582421875,9080.82791736735
2215,0.3125,0.258297366027753,0.6875,0.258297366027753,11126.80234375,9085.116127158899
2216,0.321875,0.264134143387645,0.678125,0.264134143387645,11132.11484375,9089.478025479099
2217,0.3140625,0.2566807545680529,0.6859375,0.2566807545680529,11137.587109375,9093.954470336597
2218,0.3203125,0.262167292874464,0.6796875,0.262167292874464,11142.92578125,9098.306930807723
2219,0.31015625,0.254735424938798,0.68984375,0.254735424938798,11148.37109375,9102.763702113305
2220,0.3203125,0.261642946111681,0.6796875,0.261642946111681,11153.64375,9107.090519941694
2221,0.3078125,0.25222883412810876,0.6921875,0.25222883412810876,11159.0890625,9111.534228454482
2222,0.3,0.24540951505213687,0.7,0.24540951505213687,11164.321875,9115.817222673251
2223,0.296875,0.24245197253141704,0.703125,0.24245197253141704,11169.422265625,9119.989449942528
2224,0.290625,0.23823129599325316,0.709375,0.23823129599325316,11174.469140625,9124.106585960033
2225,0.3015625,0.24751450004873451,0.6984375,0.24751450004873454,11179.409765625,9128.152184755785
2226,0.30703125,0.2520375948519387,0.69296875,0.2520375948519387,11184.5359375,9132.34817173921
2227,0.3046875,0.2508773667053288,0.6953125,0.2508773667053288,11189.75546875,9136.605172980275
2228,0.30625,0.2570490590334849,0.69375,0.2570490590334849,11194.9359375,9140.82373051522
2229,0.3109375,0.26556295231192356,0.6890625,0.26556295231192356,11200.141015625,9145.063688214179
2230,0.31328125,0.2651696464647679,0.68671875,0.2651696464647679,11205.427734375,9149.362387657935
2231,0.315625,0.26922423637764303,0.684375,0.26922423637764303,11210.753125,9153.689341068788
2232,0.3109375,0.2689656656468907,0.6890625,0.2689656656468907,11216.11875,9158.05262061186
2233,0.31328125,0.26909951835937945,0.68671875,0.26909951835937945,11221.4046875,9162.340018049834
2234,0.30390625,0.26355350352205525,0.69609375,0.2635535035220553,11226.730859375,9166.657310869487
2235,0.30234375,0.2634515862188915,0.69765625,0.2634515862188915,11231.896875,9170.847574012845
2236,0.2984375,0.25558459720437965,0.7015625,0.25558459720437965,11237.0375,9175.0144123636
2237,0.296875,0.2534430871763915,0.703125,0.2534430871763915,11242.11015625,9179.123310731904
2238,0.29453125,0.2502513385016652,0.70546875,0.2502513385016652,11247.157421875,9183.223195629334
2239,0.303125,0.2591419321831668,0.696875,0.2591419321831668,11252.163671875,9187.2891893624
2240,0.3,0.2586680878800089,0.7,0.2586680878800089,11257.3171875,9191.461966544548
2241,0.2984375,0.2582690087087009,0.7015625,0.2582690087087009,11262.4171875,9195.598174264616
2242,0.28671875,0.255381531365328,0.71328125,0.255381531365328,11267.490625,9199.704965128625
2243,0.28203125,0.25104031595418097,0.71796875,0.25104031595418097,11272.365234375,9203.63470586853
2244,0.30234375,0.2653215178090537,0.69765625,0.2653215178090537,11277.159765625,9207.50177297379
2245,0.3046875,0.2624697713249566,0.6953125,0.2624697713249566,11282.298828125,9211.66049657893
2246,0.30546875,0.2661346214207201,0.69453125,0.2661346214207201,11287.479296875,9215.86631679084
2247,0.30625,0.26549399342899455,0.69375,0.26549399342899455,11292.672265625,9220.08568211422
2248,0.31328125,0.27368738581865626,0.68671875,0.27368738581865626,11297.87890625,9224.322471719845
2249,0.3125,0.275682746218366,0.6875,0.275682746218366,11303.204296875,9228.652692086152
2250,0.30703125,0.27474686502988527,0.69296875,0.27474686502988527,11308.516796875,9232.984520862783
2251,0.31484375,0.27985330281015086,0.68515625,0.27985330281015086,11313.736328125,9237.252871725377
2252,0.30625,0.27213529206536224,0.69375,0.27213529206536224,11319.088671875,9241.645281807572
2253,0.296875,0.2584509141016917,0.703125,0.2584509141016917,11324.294921875,9245.922464537916
2254,0.2859375,0.24509843367002573,0.7140625,0.24509843367002573,11329.3421875,9250.062588730281
2255,0.2859375,0.2445874036962554,0.7140625,0.24458740369625537,11334.20234375,9254.044686880736
2256,0.2828125,0.24146313043480364,0.7171875,0.24146313043480364,11339.0640625,9258.020826193046
2257,0.26640625,0.22691782481495365,0.73359375,0.22691782481495368,11343.871875,9261.955944353094
2258,0.26796875,0.2319878431620933,0.73203125,0.2319878431620933,11348.400390625,9265.664956043138
2259,0.2828125,0.24273627342756168,0.7171875,0.24273627342756168,11352.95625,9269.408800726125
2260,0.284375,0.24438768749033776,0.715625,0.2443876874903378,11357.763671875,9273.370163200989
2261,0.2921875,0.25113754868472976,0.7078125,0.2511375486847297,11362.5984375,9277.355139148076
2262,0.29609375,0.25402521251590365,0.70390625,0.25402521251590365,11367.566015625,9281.459075208877
2263,0.2890625,0.24480690333786545,0.7109375,0.24480690333786545,11372.59921875,9285.621484720687
2264,0.29140625,0.24662764506944473,0.70859375,0.24662764506944473,11377.512890625,9289.675156060921
2265,0.28828125,0.24398776464584243,0.71171875,0.24398776464584243,11382.467578125,9293.758021764424
2266,0.28125,0.23462226540095252,0.71875,0.23462226540095252,11387.367578125,9297.794767067568
2267,0.2796875,0.2325003150199479,0.7203125,0.2325003150199479,11392.1484375,9301.715435974009
2268,0.2875,0.241083674044148,0.7125,0.241083674044148,11396.903125,9305.617657174342
2269,0.29453125,0.2441653112519262,0.70546875,0.2441653112519262,11401.79140625,9309.639374945715
2270,0.2984375,0.24717149916606487,0.7015625,0.24717149916606487,11406.798046875,9313.745903762378
2271,0.2984375,0.24752929514125194,0.7015625,0.24752929514125194,11411.871875,9317.912036326838
2272,0.2953125,0.24392771966686155,0.7046875,0.24392771966686155,11416.944921875,9322.075950783785
2273,0.29765625,0.24611731038013154,0.70234375,0.24611731038013154,11421.965625,9326.19846072958
2274,0.28671875,0.23721714241649988,0.71328125,0.23721714241649988,11427.025390625,9330.35918560418
2275,0.27421875,0.22756244850315263,0.72578125,0.22756244850315263,11431.899609375,9334.373816486404
2276,0.26328125,0.22088246308840365,0.73671875,0.22088246308840365,11436.56171875,9338.217398403323
2277,0.265625,0.2232106584526711,0.734375,0.2232106584526711,11441.037109375,9341.919568528056
2278,0.2703125,0.23046742584365368,0.7296875,0.23046742584365365,11445.552734375,9345.657793020608
2279,0.27109375,0.22915542112559764,0.72890625,0.22915542112559764,11450.14765625,9349.473103745793
2280,0.26953125,0.22900088700701576,0.73046875,0.22900088700701576,11454.756640625,9353.291960137863
2281,0.26796875,0.22577449168085842,0.73203125,0.22577449168085842,11459.3390625,9357.085058426363
2282,0.2859375,0.24066304488199886,0.7140625,0.24066304488199886,11463.89375,9360.841648693133
2283,0.29296875,0.24504364247772273,0.70703125,0.24504364247772273,11468.75546875,9364.848533493185
2284,0.28515625,0.23812110397075267,0.71484375,0.23812110397075267,11473.735546875,9368.950644841181
2285,0.29140625,0.24588408727487837,0.70859375,0.24588408727487837,11478.58359375,9372.938356759036
2286,0.2890625,0.24505609609714873,0.7109375,0.24505609609714873,11483.5375,9377.024323026557
2287,0.275,0.2313159745415889,0.725,0.2313159745415889,11488.4515625,9381.079539825405
2288,0.26640625,0.2255148190114122,0.73359375,0.2255148190114122,11493.1265625,9384.922921906891
2289,0.26796875,0.2232462030752147,0.73203125,0.2232462030752147,11497.65546875,9388.642576274511
2290,0.26953125,0.22223781954811384,0.73046875,0.22223781954811384,11502.2109375,9392.380327873265
2291,0.271875,0.22725648024313852,0.728125,0.22725648024313852,11506.79296875,9396.109200473053
2292,0.28125,0.23285968481577055,0.71875,0.23285968481577055,11511.414453125,9399.850131740382
2293,0.2796875,0.2330509475214057,0.7203125,0.2330509475214057,11516.195703125,9403.714363719986
2294,0.284375,0.2374074655260445,0.715625,0.23740746552604447,11520.95078125,9407.550537741265
2295,0.2828125,0.23357415260603,0.7171875,0.23357415260603,11525.784765625,9411.443927966127
2296,0.28671875,0.23587540573627003,0.71328125,0.23587540573627003,11530.592578125,9415.331636212302
2297,0.29765625,0.2487812087834409,0.70234375,0.2487812087834409,11535.4671875,9419.273977760082
2298,0.2953125,0.2480219598707441,0.7046875,0.2480219598707441,11540.52734375,9423.339817604781
2299,0.30703125,0.25679962017470936,0.69296875,0.25679962017470936,11545.548046875,9427.382321367368
2300,0.2953125,0.24534981802138145,0.7046875,0.24534981802138145,11550.767578125,9431.591806721608
2301,0.29609375,0.24608010874890923,0.70390625,0.24608010874890926,11555.7875,9435.643281623268
2302,0.290625,0.24102037323118558,0.709375,0.24102037323118558,11560.8203125,9439.700354318202
2303,0.296875,0.24505609609714873,0.703125,0.24505609609714873,11565.76171875,9443.679315978532
2304,0.296875,0.24659547070429944,0.703125,0.24659547070429944,11570.80859375,9447.749898226934
2305,0.29921875,0.24955526849026852,0.70078125,0.24955526849026852,11575.855859375,9451.810170924433
2306,0.29296875,0.24811299561641265,0.70703125,0.24811299561641265,11580.941796875,9455.90901759784
2307,0.28984375,0.24539707936831684,0.71015625,0.24539707936831687,11585.922265625,9459.933761196899
2308,0.2890625,0.2480760932594574,0.7109375,0.2480760932594574,11590.85,9463.900900599263
2309,0.28984375,0.24616690380969167,0.71015625,0.2461669038096917,11595.764453125,9467.847262338659
2310,0.28828125,0.24789642336820836,0.71171875,0.24789642336820836,11600.69140625,9471.805118896777
2311,0.278125,0.24285945089830252,0.721875,0.2428594508983025,11605.591796875,9475.726233011106
2312,0.284375,0.24960173354891788,0.715625,0.2496017335489179,11610.31953125,9479.493608603672
2313,0.2890625,0.2530695348182491,0.7109375,0.2530695348182491,11615.154296875,9483.351792018882
2314,0.2765625,0.24548411592580688,0.7234375,0.2454841159258069,11620.06875,9487.294372504639
2315,0.28125,0.25071918040284635,0.71875,0.25071918040284635,11624.770703125,9491.059611318207
2316,0.28203125,0.2471813763463987,0.71796875,0.24718137634639872,11629.551953125,9494.888947791456
2317,0.26875,0.2399645969981822,0.73125,0.23996459699818223,11634.34609375,9498.74342957572
2318,0.27265625,0.25158676125245544,0.72734375,0.2515867612524554,11638.915234375,9502.404153988598
2319,0.28515625,0.26194603004483574,0.71484375,0.26194603004483574,11643.550390625,9506.107704130663
2320,0.271875,0.24672661679984995,0.728125,0.24672661679984995,11648.397265625,9509.99401352804
2321,0.275,0.24856276323219656,0.725,0.24856276323219656,11653.01953125,9513.698959994917
2322,0.271875,0.24143785189593822,0.728125,0.24143785189593822,11657.69453125,9517.444611377925
2323,0.2703125,0.2450859822019101,0.7296875,0.2450859822019101,11662.316796875,9521.169989164073
2324,0.2625,0.23740746552604447,0.7375,0.2374074655260445,11666.912109375,9524.873708584148
2325,0.265625,0.24091145692582783,0.734375,0.24091145692582783,11671.375,9528.482707103301
2326,0.26875,0.24319849467564555,0.73125,0.24319849467564555,11675.890234375,9532.124424458429
2327,0.26484375,0.2341717869027992,0.73515625,0.23417178690279922,11680.458984375,9535.804833418199
2328,0.2625,0.23147159990482633,0.7375,0.23147159990482633,11684.96171875,9539.448774565915
2329,0.27734375,0.23854365674206263,0.72265625,0.23854365674206263,11689.423828125,9543.060223113423
2330,0.28125,0.24222529946957438,0.71875,0.24222529946957438,11694.13828125,9546.880471209768
2331,0.290625,0.2520497029047545,0.709375,0.2520497029047545,11698.919921875,9550.777102127007
2332,0.2828125,0.24765255320584728,0.7171875,0.24765255320584728,11703.8609375,9554.814614887266
2333,0.2921875,0.2600447865572871,0.7078125,0.2600447865572871,11708.66875,9558.741747829215
2334,0.29921875,0.2673268094428148,0.70078125,0.2673268094428148,11713.635546875,9562.806661672208
2335,0.30234375,0.26960030818208464,0.69765625,0.26960030818208464,11718.722265625,9567.005236179102
2336,0.3109375,0.2779384029949352,0.6890625,0.2779384029949352,11723.862109375,9571.259160425405
2337,0.31796875,0.2822205476218909,0.68203125,0.2822205476218909,11729.14765625,9575.627332210968
2338,0.325,0.29016260258258647,0.675,0.29016260258258647,11734.553515625,9580.104094195465
2339,0.30703125,0.2797224140219192,0.69296875,0.2797224140219192,11740.078125,9584.669708363796
2340,0.2984375,0.2703237895041334,0.7015625,0.2703237895041334,11745.29765625,9588.980560161344
2341,0.30078125,0.26818618183083187,0.69921875,0.26818618183083187,11750.371484375,9593.156054806348
2342,0.29765625,0.2630899249187433,0.70234375,0.26308992491874333,11755.484765625,9597.36974270215
2343,0.29296875,0.2643812794762519,0.70703125,0.2643812794762519,11760.544921875,9601.534599552946
2344,0.29609375,0.26738159981920034,0.70390625,0.26738159981920034,11765.525,9605.628673743866
2345,0.296875,0.2658202407466839,0.703125,0.2658202407466839,11770.55859375,9609.780271160806
2346,0.3046875,0.2664051044696779,0.6953125,0.2664051044696779,11775.60625,9613.93353166282
2347,0.31171875,0.2685205233950936,0.68828125,0.2685205233950936,11780.78515625,9618.184711882914
2348,0.31015625,0.26768046628629816,0.68984375,0.26768046628629816,11786.084765625,9622.544809464838
2349,0.3171875,0.2740662414225802,0.6828125,0.2740662414225802,11791.357421875,9626.874994588583
2350,0.31953125,0.2763726396326163,0.68046875,0.2763726396326163,11796.748828125,9631.297101595583
2351,0.3171875,0.2688045002878486,0.6828125,0.2688045002878486,11802.18125,9635.745628431787
2352,0.3203125,0.2676964268590916,0.6796875,0.2676964268590916,11807.5734375,9640.165095489847
2353,0.31875,0.2666180884301082,0.68125,0.2666180884301082,11813.019140625,9644.628367875335
2354,0.32578125,0.27294151445410425,0.67421875,0.27294151445410425,11818.4375,9649.07591647957
2355,0.32578125,0.2732097265609334,0.67421875,0.2732097265609334,11823.97578125,9653.630727190179
2356,0.3375,0.2832136312706364,0.6625,0.2832136312706364,11829.514453125,9658.181081529256
2357,0.34296875,0.2864152429711973,0.65703125,0.2864152429711973,11835.251953125,9662.900632874587
2358,0.3453125,0.288625091354468,0.6546875,0.288625091354468,11841.082421875,9667.70048801955
2359,0.340625,0.28230487938021015,0.659375,0.28230487938021015,11846.95234375,9672.532399845917
2360,0.3421875,0.2827930759904227,0.6578125,0.2827930759904227,11852.742578125,9677.298115723139
2361,0.34375,0.28687942534713085,0.65625,0.28687942534713085,11858.559375,9682.07403974535
2362,0.3421875,0.2879263991511112,0.6578125,0.2879263991511112,11864.403515625,9686.889472314459
2363,0.325,0.2731851514140639,0.675,0.27318515141406385,11870.220703125,9691.68404634388
2364,0.328125,0.2758929925883856,0.671875,0.2758929925883856,11875.7453125,9696.231464785558
2365,0.325,0.2728945502330066,0.675,0.2728945502330066,11881.323828125,9700.824572755628
2366,0.3265625,0.2743244543419343,0.6734375,0.2743244543419343,11886.848828125,9705.37993991225
2367,0.32265625,0.2716751240855058,0.67734375,0.2716751240855058,11892.4,9709.950174789934
2368,0.31171875,0.2642704432726067,0.68828125,0.2642704432726066,11897.885546875,9714.4442960314
2369,0.32109375,0.27046825353796144,0.67890625,0.27046825353796144,11903.184765625,9718.79052584525
2370,0.3296875,0.27544575024517076,0.6703125,0.27544575024517076,11908.64296875,9723.254497412448
2371,0.33046875,0.2765625,0.66953125,0.2765625,11914.248046875,9727.839329465272
2372,0.32578125,0.27203434626325224,0.67421875,0.27203434626325224,11919.865625,9732.428826082643
2373,0.32265625,0.26604516401708,0.67734375,0.26604516401708,11925.40390625,9736.934811813
2374,0.3328125,0.2732298318552076,0.6671875,0.27322983185520755,11930.889453125,9741.401581344962
2375,0.321875,0.26381043812864,0.678125,0.26381043812864,11936.546875,9746.000792297795
2376,0.3140625,0.2573931248171268,0.6859375,0.2573931248171268,11942.01875,9750.44350767172
2377,0.31875,0.26167327030215565,0.68125,0.26167327030215565,11947.358203125,9754.772257708446
2378,0.32265625,0.2639376553989597,0.67734375,0.2639376553989597,11952.776953125,9759.160811998334
2379,0.32265625,0.263798869880066,0.67734375,0.263798869880066,11958.26171875,9763.613565426193
2380,0.31953125,0.2617409039131064,0.68046875,0.2617409039131064,11963.746875,9768.076632422759
2381,0.31953125,0.26171758395262634,0.68046875,0.26171758395262634,11969.179296875,9772.483294779655
2382,0.31640625,0.2599814070876031,0.68359375,0.2599814070876031,11974.611328125,9776.897006058602
2383,0.30625,0.25288375849884076,0.69375,0.25288375849884076,11979.98984375,9781.256070320163
2384,0.3046875,0.24959684289745132,0.6953125,0.24959684289745132,11985.19609375,9785.458969415937
2385,0.3203125,0.2623767381731372,0.6796875,0.2623767381731372,11990.376171875,9789.658272397419
2386,0.31171875,0.2562738174906871,0.68828125,0.2562738174906871,11995.82109375,9794.071984352086
2387,0.30625,0.2520254862174161,0.69375,0.2520254862174161,12001.1203125,9798.359414709208
2388,0.296875,0.2441578118950426,0.703125,0.2441578118950426,12006.326953125,9802.567321801265
2389,0.2859375,0.23566571680693185,0.7140625,0.23566571680693188,12011.373828125,9806.64752295067
2390,0.28828125,0.2372788855571646,0.71171875,0.2372788855571646,12016.23515625,9810.573324796103
2391,0.29765625,0.24589401616855178,0.70234375,0.24589401616855178,12021.13515625,9814.533070119236
2392,0.29375,0.24331140428086184,0.70625,0.24331140428086184,12026.195703125,9818.616537176269
2393,0.29140625,0.24051336696221273,0.70859375,0.24051336696221273,12031.189453125,9822.64462533208
2394,0.29375,0.2426331585117232,0.70625,0.24263315851172323,12036.14375,9826.643287694264
2395,0.29296875,0.24447009019509933,0.70703125,0.24447009019509933,12041.137109375,9830.673720812612
2396,0.28515625,0.23613919359140703,0.71484375,0.23613919359140703,12046.1171875,9834.677857975203
2397,0.278125,0.23071887909721434,0.721875,0.2307188790972143,12050.965234375,9838.586993788389
2398,0.2625,0.21818285855131928,0.7375,0.21818285855131928,12055.69296875,9842.400208771562
2399,0.27734375,0.2296928145643655,0.72265625,0.2296928145643655,12060.155859375,9845.997049798114
2400,0.27109375,0.22566633104818717,0.72890625,0.22566633104818717,12064.8703125,9849.800461462653
2401,0.28359375,0.23590128033247298,0.71640625,0.23590128033247298,12069.479296875,9853.526176307967
2402,0.2703125,0.2268505711710354,0.7296875,0.2268505711710354,12074.300390625,9857.433169210732
2403,0.2609375,0.22129380304388327,0.7390625,0.22129380304388327,12078.895703125,9861.162093362827
2404,0.253125,0.21734200888950347,0.746875,0.21734200888950347,12083.33125,9864.735772778084
2405,0.24375,0.20611678936800612,0.75625,0.20611678936800612,12087.634765625,9868.19575984302
2406,0.246875,0.209214607408577,0.753125,0.209214607408577,12091.778125,9871.546148866579
2407,0.24921875,0.2092583630347901,0.75078125,0.20925836303479006,12095.975,9874.946215546086
2408,0.25078125,0.2106247681749466,0.74921875,0.2106247681749466,12100.212109375,9878.406837270802
2409,0.25234375,0.20923211075710868,0.74765625,0.20923211075710868,12104.47578125,9881.892161724456
2410,0.25,0.20703862015183302,0.75,0.20703862015183302,12108.765234375,9885.399476962273
2411,0.2546875,0.2114490325335517,0.7453125,0.21144903253355166,12113.014453125,9888.860249296848
2412,0.25703125,0.21105899278993065,0.74296875,0.21105899278993065,12117.3453125,9892.389947267055
2413,0.25078125,0.20694131301228857,0.74921875,0.2069413130122886,12121.71484375,9895.953440396543
2414,0.24765625,0.2042128322593245,0.75234375,0.2042128322593245,12125.976953125,9899.421820881034
2415,0.24296875,0.19938565312447884,0.75703125,0.19938565312447884,12130.18828125,9902.838199636488
2416,0.253125,0.207838931589765,0.746875,0.20783893158976496,12134.319140625,9906.193682214778
2417,0.265625,0.21746273028383506,0.734375,0.21746273028383506,12138.621484375,9909.692658279819
2418,0.26875,0.21967438616620738,0.73125,0.21967438616620738,12143.137109375,9913.378431545501
2419,0.27421875,0.22407579284139553,0.72578125,0.22407579284139553,12147.70625,9917.091149496811
2420,0.28515625,0.23288589447141275,0.71484375,0.23288589447141275,12152.367578125,9920.880437830223
2421,0.284375,0.2332708365894138,0.715625,0.23327083658941383,12157.215625,9924.827316878474
2422,0.28671875,0.23457803705536887,0.71328125,0.23457803705536887,12162.049609375,9928.774852066459
2423,0.26953125,0.2217842023722046,0.73046875,0.2217842023722046,12166.9234375,9932.748081682366
2424,0.275,0.2270280776619381,0.725,0.2270280776619381,12171.505859375,9936.477784717914
2425,0.2734375,0.22481817740259571,0.7265625,0.22481817740259571,12176.18125,9940.268871749948
2426,0.27734375,0.2292406367362689,0.72265625,0.2292406367362689,12180.829296875,9944.043809720173
2427,0.271875,0.22482632185756188,0.728125,0.22482632185756188,12185.544921875,9947.867839651353
2428,0.2828125,0.23335193378243088,0.7171875,0.23335193378243088,12190.16640625,9951.625007875731
2429,0.28359375,0.23418742493993994,0.71640625,0.23418742493993994,12194.97421875,9955.532576878264
2430,0.28984375,0.2386638833563847,0.71015625,0.2386638833563847,12199.794921875,9959.450041970545
2431,0.296875,0.24493153140852444,0.703125,0.24493153140852444,12204.72265625,9963.446273934675
2432,0.296875,0.24333147161459612,0.703125,0.24333147161459612,12209.76953125,9967.537444544205
2433,0.296875,0.24272872991907035,0.703125,0.24272872991907035,12214.816796875,9971.646976160908
2434,0.29375,0.24127094711521943,0.70625,0.2412709471152194,12219.862890625,9975.762256308459
2435,0.296875,0.2430554005455855,0.703125,0.2430554005455855,12224.856640625,9979.835830764361
2436,0.29921875,0.24471463770328494,0.70078125,0.24471463770328494,12229.90390625,9983.940839599622
2437,0.315625,0.2580183837018692,0.684375,0.2580183837018692,12234.991015625,9988.082888938383
2438,0.3234375,0.2642242477990996,0.6765625,0.2642242477990996,12240.356640625,9992.458631714117
2439,0.3125,0.25515916830847957,0.6875,0.25515916830847957,12245.85390625,9996.943096494113
2440,0.2953125,0.24218245962496954,0.7046875,0.24218245962496954,12251.1671875,10001.272240974182
2441,0.29375,0.24488667260975028,0.70625,0.24488667260975025,12256.187890625,10005.341353452945
2442,0.28515625,0.24274130230298674,0.71484375,0.24274130230298674,12261.18125,10009.365181346957
2443,0.28125,0.24169556894340244,0.71875,0.24169556894340244,12266.02890625,10013.244730623906
2444,0.284375,0.24694668658563737,0.715625,0.24694668658563737,12270.81015625,10017.062858481535
2445,0.28671875,0.24796043031096715,0.71328125,0.24796043031096715,12275.644921875,10020.917518640228
2446,0.28671875,0.24645434890411244,0.71328125,0.24645434890411244,12280.519140625,10024.80683611158
2447,0.2875,0.24238399287081647,0.7125,0.24238399287081647,12285.3921875,10028.699863574448
2448,0.29375,0.24309808655664078,0.70625,0.24309808655664075,12290.280859375,10032.625159125506
2449,0.303125,0.2499096516430988,0.696875,0.2499096516430988,12295.27421875,10036.661082587236
2450,0.30703125,0.2516498295623305,0.69296875,0.2516498295623305,12300.42734375,10040.836162405732
2451,0.29375,0.24217993939811575,0.70625,0.24217993939811572,12305.646875,10045.074835181927
2452,0.29375,0.24142268350214113,0.70625,0.2414226835021411,12310.640625,10049.126828092692
2453,0.28828125,0.23605388271933803,0.71171875,0.23605388271933805,12315.634375,10053.178722857128
2454,0.2859375,0.2348874605861816,0.7140625,0.23488746058618157,12320.53515625,10057.168776427636
2455,0.28828125,0.23913652857076226,0.71171875,0.23913652857076226,12325.39609375,10061.103923404002
2456,0.3015625,0.24752682935391063,0.6984375,0.24752682935391063,12330.296484375,10065.063070668662
2457,0.29609375,0.24267088856360583,0.70390625,0.24267088856360583,12335.42265625,10069.222196754698
2458,0.29609375,0.24304786694188452,0.70390625,0.24304786694188454,12340.45703125,10073.311707013501
2459,0.3,0.24589401616855178,0.7,0.24589401616855178,12345.490625,10077.400703386393
2460,0.31171875,0.25657134957332045,0.68828125,0.25657134957332045,12350.591015625,10081.549240662674
2461,0.3078125,0.25280892689069545,0.6921875,0.25280892689069545,12355.889453125,10085.872729053619
2462,0.3125,0.25789534653736,0.6875,0.25789534653736,12361.1234375,10090.136247805824
2463,0.3078125,0.255868618630734,0.6921875,0.255868618630734,12366.43515625,10094.472147764629
2464,0.303125,0.25263020699111777,0.696875,0.25263020699111777,12371.66796875,10098.748390155886
2465,0.30703125,0.25832808294395715,0.69296875,0.25832808294395715,12376.82109375,10102.949037118568
2466,0.3125,0.26942366512265586,0.6875,0.26942366512265586,12382.040625,10107.19614214465
2467,0.3015625,0.25938676554640366,0.6984375,0.25938676554640366,12387.353125,10111.525787380271
2468,0.29296875,0.2501464414847831,0.70703125,0.2501464414847831,12392.4796875,10115.709761867567
2469,0.278125,0.2365833461752961,0.721875,0.2365833461752961,12397.46015625,10119.778172899716
2470,0.284375,0.2443002603099309,0.715625,0.2443002603099309,12402.18828125,10123.65883970649
2471,0.28125,0.24433273691448923,0.71875,0.24433273691448923,12407.023046875,10127.634106086432
2472,0.27265625,0.24284688463103662,0.72734375,0.2428468846310366,12411.80390625,10131.575264170897
2473,0.27890625,0.25254563325268564,0.72109375,0.25254563325268564,12416.4390625,10135.404228080546
2474,0.2796875,0.2531611663977613,0.7203125,0.2531611663977613,12421.18046875,10139.332075807666
2475,0.275,0.2499096516430988,0.725,0.2499096516430988,12425.93515625,10143.282984989293
2476,0.27578125,0.2517225810540246,0.72421875,0.2517225810540246,12430.610546875,10147.171794501784
2477,0.27109375,0.2506534428997535,0.72890625,0.2506534428997535,12435.2984375,10151.07266310707
2478,0.275,0.25520222144041965,0.725,0.25520222144041965,12439.90703125,10154.905351556992
2479,0.2671875,0.2524126744106266,0.7328125,0.2524126744106266,12444.58203125,10158.795599588684
2480,0.2453125,0.2392130857428686,0.7546875,0.2392130857428686,12449.12421875,10162.58123980077
2481,0.24921875,0.24103050247842078,0.75078125,0.24103050247842076,12453.29453125,10166.077852968347
2482,0.25078125,0.23640268710137372,0.74921875,0.2364026871013737,12457.530859375,10169.631268918194
2483,0.26171875,0.25725555372406445,0.73828125,0.25725555372406445,12461.794921875,10173.194871457008
2484,0.26484375,0.257319604589798,0.73515625,0.257319604589798,12466.24375,10176.933463676287
2485,0.25859375,0.25397715356159495,0.74140625,0.25397715356159495,12470.74609375,10180.71291541149
2486,0.2515625,0.2429875897036719,0.7484375,0.2429875897036719,12475.1421875,10184.409960114988
2487,0.24375,0.23361334574998063,0.75625,0.23361334574998066,12479.41875,10187.994235242433
2488,0.2515625,0.23565535696356446,0.7484375,0.23565535696356446,12483.5625,10191.46433881281
2489,0.25546875,0.2341874249399399,0.74453125,0.2341874249399399,12487.838671875,10195.041095562106
2490,0.2578125,0.23608749371260648,0.7421875,0.23608749371260648,12492.18203125,10198.660092529932
2491,0.26875,0.24354959710498392,0.73125,0.24354959710498392,12496.564453125,10202.319473550162
2492,0.278125,0.2485725851298268,0.721875,0.2485725851298268,12501.13359375,10206.133924310094
2493,0.278125,0.24885479890389897,0.721875,0.24885479890389897,12505.861328125,10210.06892832565
2494,0.275,0.24634287985067682,0.725,0.24634287985067682,12510.58984375,10214.000762315045
2495,0.26640625,0.24127094711521943,0.73359375,0.2412709471152194,12515.264453125,10217.889580835688
2496,0.24453125,0.22354673903067787,0.75546875,0.22354673903067787,12519.79375,10221.676352212186
2497,0.2484375,0.22603116575071014,0.7515625,0.22603116575071014,12523.9515625,10225.152569667398
2498,0.25703125,0.22664869050195283,0.74296875,0.22664869050195283,12528.174609375,10228.676655559118
2499,0.2703125,0.23571750919400325,0.7296875,0.23571750919400322,12532.544140625,10232.300186023162
2500,0.2734375,0.24222529946957438,0.7265625,0.24222529946957438,12537.1390625,10236.105700288064
