t,fC_mean,fC_std,fD_mean,fD_std,avgR_mean,avgR_std
0,0.49326171875,0.02016288234208642,0.50673828125,0.02016288234208642,0.0,0.0
1,0.3220703125,0.019353685037008295,0.6779296875,0.01935368503700829,7.39892578125,0.3024432351312963
2,0.21142578125,0.0250664780805812,0.78857421875,0.0250664780805812,12.229980564117431,0.5732183380787775
3,0.1455078125,0.027458603652603702,0.8544921875,0.027458603652603702,15.4013671875,0.8931992120789718
4,0.10517578125,0.025243904511105652,0.89482421875,0.025243904511105652,17.583984375,1.2085484718762884
5,0.0771484375,0.023229053536953592,0.9228515625,0.023229053536953592,19.16162109375,1.5296567296176216
6,0.06103515625,0.022572117834621524,0.93896484375,0.022572117834621524,20.318847846984863,1.8335428146627812
7,0.04990234375,0.02362574952566403,0.95009765625,0.023625749525664028,21.234375,2.1141730099909792
8,0.0458984375,0.02479391990701488,0.9541015625,0.02479391990701488,21.98291015625,2.3737705963832183
9,0.0412109375,0.023723836843358888,0.9587890625,0.023723836843358888,22.67138671875,2.6456639443389482
10,0.037109375,0.025190769939339264,0.962890625,0.025190769939339264,23.28955078125,2.9041571926653837
11,0.03154296875,0.024402536341684374,0.96845703125,0.024402536341684374,23.846191596984863,3.1762021515170447
12,0.0287109375,0.025678951873780543,0.9712890625,0.025678951873780546,24.319335746765137,3.4432475640941163
13,0.0259765625,0.022706705670833785,0.9740234375,0.022706705670833785,24.75,3.7442231504989687
14,0.02490234375,0.02292011119502658,0.97509765625,0.02292011119502658,25.1396484375,4.023874322085187
15,0.02353515625,0.02306610856603001,0.97646484375,0.02306610856603001,25.51318359375,4.313341639116286
16,0.02236328125,0.022653092789176474,0.97763671875,0.02265309278917647,25.8662109375,4.607965389598568
17,0.02333984375,0.02301229695526343,0.97666015625,0.023012296955263432,26.201660346984863,4.895253367920127
18,0.0234375,0.022806445846908472,0.9765625,0.022806445846908472,26.5517578125,5.177078625723568
19,0.0236328125,0.022319527681337003,0.9763671875,0.022319527681337003,26.9033203125,5.455327504621351
20,0.02392578125,0.024559139264459837,0.97607421875,0.024559139264459837,27.2578125,5.734019671249044
21,0.02353515625,0.02570215287152898,0.97646484375,0.02570215287152898,27.61669921875,6.046381198326338
22,0.022265625,0.024958003055210693,0.977734375,0.024958003055210693,27.969726371765137,6.378533166748794
23,0.02109375,0.02372544474853159,0.97890625,0.02372544474853159,28.303710746765137,6.6990486398124816
24,0.01982421875,0.022748037735708007,0.98017578125,0.022748037735708004,28.6201171875,6.988679724176046
25,0.0208984375,0.022990529639940877,0.9791015625,0.022990529639940877,28.91748046875,7.252546142857383
26,0.02099609375,0.023430378149728138,0.97900390625,0.023430378149728138,29.230956840515137,7.49826101002051
27,0.021875,0.02414381678940089,0.978125,0.02414381678940089,29.5458984375,7.748649602572835
28,0.02275390625,0.02444548758775984,0.97724609375,0.024445487587759836,29.8740234375,8.006668172810222
29,0.022265625,0.023711774079146184,0.977734375,0.023711774079146184,30.21533203125,8.271380160597364
30,0.021484375,0.022324654482296164,0.978515625,0.022324654482296164,30.54931640625,8.522609611045825
31,0.02109375,0.02166208463293714,0.97890625,0.02166208463293714,30.87158203125,8.753843621332505
32,0.02158203125,0.02212059571993672,0.97841796875,0.02212059571993672,31.18798828125,8.974825100801747
33,0.019140625,0.020420199756747453,0.980859375,0.020420199756747453,31.51171875,9.200613044962667
34,0.01796875,0.02058764224440462,0.98203125,0.02058764224440462,31.798828315734863,9.429443465609342
35,0.01767578125,0.021689582834624528,0.98232421875,0.021689582834624528,32.068359375,9.655237978151233
36,0.0169921875,0.021324869543215413,0.9830078125,0.021324869543215413,32.33349609375,9.88395556447312
37,0.01748046875,0.022657302305842154,0.98251953125,0.022657302305842158,32.58837890625,10.115375713002498
38,0.016796875,0.022083271914222765,0.983203125,0.022083271914222765,32.8505859375,10.371203819595994
39,0.0169921875,0.022593021956198805,0.9830078125,0.022593021956198805,33.102539443969725,10.596589487613217
40,0.01640625,0.022199566206259385,0.98359375,0.02219956620625939,33.357421875,10.81468813590705
41,0.0158203125,0.021633890253940254,0.9841796875,0.021633890253940257,33.603515243530275,11.033406026841407
42,0.01513671875,0.020336195989161057,0.98486328125,0.020336195989161057,33.840820693969725,11.243624361162231
43,0.013671875,0.0178419866275145,0.986328125,0.0178419866275145,34.06787109375,11.449910762805601
44,0.01328125,0.016762774250879162,0.98671875,0.016762774250879162,34.27294921875,11.634683298457185
45,0.01279296875,0.016144028429443007,0.98720703125,0.016144028429443007,34.47216796875,11.812558582705599
46,0.01298828125,0.016567347554900958,0.98701171875,0.01656734755490096,34.6640625,11.989151819563345
47,0.0125,0.01636317820822773,0.9875,0.016363178208227726,34.85888671875,12.145339315628489
48,0.01328125,0.017896423732742667,0.98671875,0.017896423732742667,35.046387100219725,12.289364121492136
49,0.01337890625,0.01786362121779051,0.98662109375,0.01786362121779051,35.24560546875,12.428729976502492
50,0.0125,0.01694722859729302,0.9875,0.016947228597293015,35.446288681030275,12.572861698119281
51,0.01201171875,0.017255337096828773,0.98798828125,0.017255337096828777,35.6337890625,12.726572616320219
52,0.0115234375,0.016680648025622014,0.9884765625,0.01668064802562201,35.81396484375,12.873200642670541
53,0.01220703125,0.018082235464120106,0.98779296875,0.018082235464120106,35.98681640625,13.025131737817121
54,0.01171875,0.017943256371649768,0.98828125,0.017943256371649768,36.169922256469725,13.183678082005715
55,0.01103515625,0.01656734755490096,0.98896484375,0.01656734755490096,36.345703506469725,13.338822402141666
56,0.0111328125,0.016195634720021782,0.9888671875,0.016195634720021782,36.51123046875,13.48074501481859
57,0.0103515625,0.014798708390245795,0.9896484375,0.014798708390245795,36.67822265625,13.625238372747377
58,0.0111328125,0.015349127112803517,0.9888671875,0.015349127112803517,36.83349609375,13.762130631523567
59,0.01171875,0.015691995045120737,0.98828125,0.015691995045120737,37.000488662719725,13.918673133517455
60,0.01181640625,0.016208878351902014,0.98818359375,0.016208878351902017,37.17626953125,14.094276308437571
61,0.01259765625,0.017747931991243946,0.98740234375,0.017747931991243946,37.353515625,14.270230839766217
62,0.012109375,0.018103056153308587,0.987890625,0.018103056153308584,37.54248046875,14.464154471452899
63,0.01201171875,0.01833780523148852,0.98798828125,0.018337805231488525,37.72412109375,14.649792491042113
64,0.01279296875,0.019669675478330893,0.98720703125,0.01966967547833089,37.904296875,14.838299170088442
65,0.0123046875,0.018891878577099605,0.9876953125,0.018891878577099605,38.09619140625,15.043892609412005
66,0.012109375,0.019087737839771475,0.987890625,0.01908773783977147,38.28076171875,15.244072348364176
67,0.01259765625,0.019896247686362126,0.98740234375,0.019896247686362126,38.462402725219725,15.44496592026458
68,0.0130859375,0.021471942425487212,0.9869140625,0.02147194242548721,38.651367568969725,15.664505791420453
69,0.01220703125,0.02018084777261077,0.98779296875,0.02018084777261077,38.84765625,15.897380371939413
70,0.01181640625,0.019920199454661003,0.98818359375,0.019920199454661006,39.03076171875,16.11263437533223
71,0.01123046875,0.01904296875,0.98876953125,0.01904296875,39.208008193969725,16.331351778179176
72,0.01044921875,0.017255337096828773,0.98955078125,0.017255337096828777,39.376465225219725,16.536978895540628
73,0.010546875,0.017231832031338108,0.989453125,0.017231832031338108,39.533203506469725,16.72450434337598
74,0.009765625,0.01581910682134108,0.990234375,0.01581910682134108,39.69140625,16.920624663002428
75,0.0078125,0.012498474027950122,0.9921875,0.012498474027950122,39.837890625,17.111367974410708
76,0.0072265625,0.011630527289812035,0.9927734375,0.011630527289812037,39.955078125,17.27068821470664
77,0.0072265625,0.011646915246777793,0.9927734375,0.011646915246777793,40.0634765625,17.422111612261308
78,0.00615234375,0.010463811364249719,0.99384765625,0.010463811364249717,40.171875,17.57511106974205
79,0.005078125,0.009364821949013166,0.994921875,0.009364821949013164,40.26416015625,17.714649331435982
80,0.00439453125,0.009079930872717057,0.99560546875,0.009079930872717057,40.34033279418945,17.838317540046415
81,0.00439453125,0.009719127586364892,0.99560546875,0.009719127586364892,40.40625,17.954536960147653
82,0.00380859375,0.008891010296187609,0.99619140625,0.008891010296187609,40.47216873168945,18.07592053113464
83,0.00390625,0.008950343154210625,0.99609375,0.008950343154210625,40.52929763793945,18.184120516333003
84,0.00400390625,0.009227869727727739,0.99599609375,0.00922786972772774,40.587890625,18.29450367481848
85,0.00419921875,0.010016789646843022,0.99580078125,0.01001678964684302,40.64794921875,18.408284597848965
86,0.00458984375,0.011405731607440905,0.99541015625,0.011405731607440907,40.7109375,18.529837800585724
87,0.0046875,0.01074041178505275,0.9953125,0.010740411785052749,40.77978591918945,18.665524286822922
88,0.005078125,0.011635446100473812,0.994921875,0.011635446100473812,40.85009765625,18.799705672750154
89,0.0048828125,0.01281494117369082,0.9951171875,0.01281494117369082,40.92626953125,18.945543431713112
90,0.00439453125,0.01223824135207349,0.99560546875,0.01223824135207349,40.99951171875,19.094953215003102
91,0.0044921875,0.012838733148081871,0.9955078125,0.012838733148081875,41.0654296875,19.233386388514884
92,0.0037109375,0.010811212893045352,0.9962890625,0.010811212893045348,41.1328125,19.37718434479902
93,0.00322265625,0.00966796875,0.99677734375,0.009667968749999999,41.1884765625,19.497554332248054
94,0.003515625,0.010546875,0.996484375,0.010546875000000002,41.23681640625,19.603858329815626
95,0.0033203125,0.0099609375,0.9966796875,0.009960937500000001,41.28955078125,19.720389060743898
96,0.003515625,0.010546875,0.996484375,0.010546875000000002,41.33935546875,19.830975970116103
97,0.003515625,0.010546875,0.996484375,0.010546875000000002,41.39208984375,19.94861958180768
98,0.00341796875,0.01025390625,0.99658203125,0.01025390625,41.44482421875,20.06682074892679
99,0.003125,0.009375000000000001,0.996875,0.009374999999999998,41.49609375,20.182263784737966
100,0.003125,0.009375000000000001,0.996875,0.009374999999999998,41.54296875,20.28825727590105
101,0.00263671875,0.00791015625,0.99736328125,0.007910156249999998,41.58984375,20.394669546006575
102,0.00244140625,0.00732421875,0.99755859375,0.00732421875,41.62939453125,20.484775827357687
103,0.0021484375,0.006445312499999999,0.9978515625,0.0064453125000000005,41.666015625,20.568465900806366
104,0.00185546875,0.005566406250000001,0.99814453125,0.005566406249999999,41.6982421875,20.642316172851835
105,0.00185546875,0.005566406250000001,0.99814453125,0.005566406249999999,41.72607421875,20.706247259819754
106,0.00185546875,0.005566406250000001,0.99814453125,0.005566406249999999,41.75390625,20.770317219169975
107,0.0017578125,0.0052734375,0.9982421875,0.0052734375,41.78173828125,20.834524769728908
108,0.00205078125,0.006152343750000001,0.99794921875,0.006152343749999999,41.80810546875,20.895478745402986
109,0.00224609375,0.00673828125,0.99775390625,0.00673828125,41.8388671875,20.966744931089593
110,0.0021484375,0.006445312499999999,0.9978515625,0.0064453125000000005,41.87255859375,21.044985798962152
111,0.0025390625,0.007617187499999999,0.9974609375,0.0076171875,41.90478515625,21.12000629270525
112,0.0025390625,0.007617187499999999,0.9974609375,0.0076171875,41.94287109375,21.208892942913543
113,0.001953125,0.005859375,0.998046875,0.005859375,41.98095703125,21.29802158932752
114,0.0021484375,0.006445312499999999,0.9978515625,0.0064453125000000005,42.01025390625,21.366744856634313
115,0.0021484375,0.006445312499999999,0.9978515625,0.0064453125000000005,42.04248046875,21.442502147198116
116,0.00234375,0.007031250000000001,0.99765625,0.00703125,42.07470703125,21.518427099131408
117,0.0025390625,0.007617187499999999,0.9974609375,0.0076171875,42.10986328125,21.60144345904311
118,0.00244140625,0.00732421875,0.99755859375,0.00732421875,42.14794921875,21.69159801033616
119,0.00244140625,0.00732421875,0.99755859375,0.00732421875,42.18457107543945,21.778500240495017
120,0.00205078125,0.006152343750000001,0.99794921875,0.006152343749999999,42.22119140625,21.86560548413747
121,0.0017578125,0.0052734375,0.9982421875,0.0052734375,42.251953125,21.938933301221525
122,0.00185546875,0.005566406250000001,0.99814453125,0.005566406249999999,42.2783203125,22.001899290463435
123,0.00185546875,0.005566406250000001,0.99814453125,0.005566406249999999,42.30615234375,22.068476080997343
124,0.0015625,0.004687500000000001,0.9984375,0.004687499999999999,42.333984375,22.135167581989332
125,0.00166015625,0.00498046875,0.99833984375,0.0049804687500000005,42.357421875,22.191417058194375
126,0.0017578125,0.0052734375,0.9982421875,0.0052734375,42.38232421875,22.251269770405013
127,0.00146484375,0.00439453125,0.99853515625,0.00439453125,42.40869140625,22.314740861836402
128,0.0009765625,0.0029296875,0.9990234375,0.0029296875,42.4306640625,22.367709543822684
129,0.00068359375,0.00205078125,0.99931640625,0.00205078125,42.4453125,22.403060175274717
130,0.00078125,0.0023437500000000003,0.99921875,0.0023437500000000003,42.45556640625,22.427823697803994
131,0.000390625,0.0011718750000000002,0.999609375,0.0011718750000000002,42.46728515625,22.456143027055326
132,0.0001953125,0.0005859375000000001,0.9998046875,0.0005859375,42.47314453125,22.470309934197495
133,0.0,0.0,1.0,0.0,42.47607421875,22.477395194404046
134,0.0,0.0,1.0,0.0,42.47607421875,22.477395194404046
135,0.0,0.0,1.0,0.0,42.47607421875,22.477395194404046
136,0.0,0.0,1.0,0.0,42.47607421875,22.477395194404046
137,0.0,0.0,1.0,0.0,42.47607421875,22.477395194404046
138,0.0,0.0,1.0,0.0,42.47607421875,22.477395194404046
139,0.0,0.0,1.0,0.0,42.47607421875,22.477395194404046
140,0.0,0.0,1.0,0.0,42.47607421875,22.477395194404046
141,0.0,0.0,1.0,0.0,42.47607421875,22.477395194404046
142,0.0,0.0,1.0,0.0,42.47607421875,22.477395194404046
143,0.0,0.0,1.0,0.0,42.47607421875,22.477395194404046
144,0.0,0.0,1.0,0.0,42.47607421875,22.477395194404046
145,0.0,0.0,1.0,0.0,42.47607421875,22.477395194404046
146,0.0,0.0,1.0,0.0,42.47607421875,22.477395194404046
147,0.0,0.0,1.0,0.0,42.47607421875,22.477395194404046
148,0.0,0.0,1.0,0.0,42.47607421875,22.477395194404046
149,0.0,0.0,1.0,0.0,42.47607421875,22.477395194404046
150,0.0,0.0,1.0,0.0,42.47607421875,22.477395194404046
151,0.0,0.0,1.0,0.0,42.47607421875,22.477395194404046
152,0.0,0.0,1.0,0.0,42.47607421875,22.477395194404046
153,0.0,0.0,1.0,0.0,42.47607421875,22.477395194404046
154,0.0,0.0,1.0,0.0,42.47607421875,22.477395194404046
155,0.0,0.0,1.0,0.0,42.47607421875,22.477395194404046
156,0.0,0.0,1.0,0.0,42.47607421875,22.477395194404046
157,0.0,0.0,1.0,0.0,42.47607421875,22.477395194404046
158,0.0,0.0,1.0,0.0,42.47607421875,22.477395194404046
159,0.0,0.0,1.0,0.0,42.47607421875,22.477395194404046
160,0.0,0.0,1.0,0.0,42.47607421875,22.477395194404046
161,0.0,0.0,1.0,0.0,42.47607421875,22.477395194404046
162,0.0,0.0,1.0,0.0,42.47607421875,22.477395194404046
163,0.0,0.0,1.0,0.0,42.47607421875,22.477395194404046
164,0.0,0.0,1.0,0.0,42.47607421875,22.477395194404046
165,0.0,0.0,1.0,0.0,42.47607421875,22.477395194404046
166,0.0,0.0,1.0,0.0,42.47607421875,22.477395194404046
167,0.0,0.0,1.0,0.0,42.47607421875,22.477395194404046
168,0.0,0.0,1.0,0.0,42.47607421875,22.477395194404046
169,0.0,0.0,1.0,0.0,42.47607421875,22.477395194404046
170,0.0,0.0,1.0,0.0,42.47607421875,22.477395194404046
171,0.0,0.0,1.0,0.0,42.47607421875,22.477395194404046
172,0.0,0.0,1.0,0.0,42.47607421875,22.477395194404046
173,0.0,0.0,1.0,0.0,42.47607421875,22.477395194404046
174,0.0,0.0,1.0,0.0,42.47607421875,22.477395194404046
175,0.0,0.0,1.0,0.0,42.47607421875,22.477395194404046
176,0.0,0.0,1.0,0.0,42.47607421875,22.477395194404046
177,0.0,0.0,1.0,0.0,42.47607421875,22.477395194404046
178,0.0,0.0,1.0,0.0,42.47607421875,22.477395194404046
179,0.0,0.0,1.0,0.0,42.47607421875,22.477395194404046
180,0.0,0.0,1.0,0.0,42.47607421875,22.477395194404046
181,0.0,0.0,1.0,0.0,42.47607421875,22.477395194404046
182,0.0,0.0,1.0,0.0,42.47607421875,22.477395194404046
183,0.0,0.0,1.0,0.0,42.47607421875,22.477395194404046
184,0.0,0.0,1.0,0.0,42.47607421875,22.477395194404046
185,0.0,0.0,1.0,0.0,42.47607421875,22.477395194404046
186,0.0,0.0,1.0,0.0,42.47607421875,22.477395194404046
187,0.0,0.0,1.0,0.0,42.47607421875,22.477395194404046
188,0.0,0.0,1.0,0.0,42.47607421875,22.477395194404046
189,0.0,0.0,1.0,0.0,42.47607421875,22.477395194404046
190,0.0,0.0,1.0,0.0,42.47607421875,22.477395194404046
191,0.0,0.0,1.0,0.0,42.47607421875,22.477395194404046
192,0.0,0.0,1.0,0.0,42.47607421875,22.477395194404046
193,0.0,0.0,1.0,0.0,42.47607421875,22.477395194404046
194,0.0,0.0,1.0,0.0,42.47607421875,22.477395194404046
195,0.0,0.0,1.0,0.0,42.47607421875,22.477395194404046
196,0.0,0.0,1.0,0.0,42.47607421875,22.477395194404046
197,0.0,0.0,1.0,0.0,42.47607421875,22.477395194404046
198,0.0,0.0,1.0,0.0,42.47607421875,22.477395194404046
199,0.0,0.0,1.0,0.0,42.47607421875,22.477395194404046
200,0.0,0.0,1.0,0.0,42.47607421875,22.477395194404046
201,0.0,0.0,1.0,0.0,42.47607421875,22.477395194404046
202,0.0,0.0,1.0,0.0,42.47607421875,22.477395194404046
203,0.0,0.0,1.0,0.0,42.47607421875,22.477395194404046
204,0.0,0.0,1.0,0.0,42.47607421875,22.477395194404046
205,0.0,0.0,1.0,0.0,42.47607421875,22.477395194404046
206,0.0,0.0,1.0,0.0,42.47607421875,22.477395194404046
207,0.0,0.0,1.0,0.0,42.47607421875,22.477395194404046
208,0.0,0.0,1.0,0.0,42.47607421875,22.477395194404046
209,0.0,0.0,1.0,0.0,42.47607421875,22.477395194404046
210,0.0,0.0,1.0,0.0,42.47607421875,22.477395194404046
211,0.0,0.0,1.0,0.0,42.47607421875,22.477395194404046
212,0.0,0.0,1.0,0.0,42.47607421875,22.477395194404046
213,0.0,0.0,1.0,0.0,42.47607421875,22.477395194404046
214,0.0,0.0,1.0,0.0,42.47607421875,22.477395194404046
215,0.0,0.0,1.0,0.0,42.47607421875,22.477395194404046
216,0.0,0.0,1.0,0.0,42.47607421875,22.477395194404046
217,0.0,0.0,1.0,0.0,42.47607421875,22.477395194404046
218,0.0,0.0,1.0,0.0,42.47607421875,22.477395194404046
219,0.0,0.0,1.0,0.0,42.47607421875,22.477395194404046
220,0.0,0.0,1.0,0.0,42.47607421875,22.477395194404046
221,0.0,0.0,1.0,0.0,42.47607421875,22.477395194404046
222,0.0,0.0,1.0,0.0,42.47607421875,22.477395194404046
223,0.0,0.0,1.0,0.0,42.47607421875,22.477395194404046
224,0.0,0.0,1.0,0.0,42.47607421875,22.477395194404046
225,0.0,0.0,1.0,0.0,42.47607421875,22.477395194404046
226,0.0,0.0,1.0,0.0,42.47607421875,22.477395194404046
227,0.0,0.0,1.0,0.0,42.47607421875,22.477395194404046
228,0.0,0.0,1.0,0.0,42.47607421875,22.477395194404046
229,0.0,0.0,1.0,0.0,42.47607421875,22.477395194404046
230,0.0,0.0,1.0,0.0,42.47607421875,22.477395194404046
231,0.0,0.0,1.0,0.0,42.47607421875,22.477395194404046
232,0.0,0.0,1.0,0.0,42.47607421875,22.477395194404046
233,0.0,0.0,1.0,0.0,42.47607421875,22.477395194404046
234,0.0,0.0,1.0,0.0,42.47607421875,22.477395194404046
235,0.0,0.0,1.0,0.0,42.47607421875,22.477395194404046
236,0.0,0.0,1.0,0.0,42.47607421875,22.477395194404046
237,0.0,0.0,1.0,0.0,42.47607421875,22.477395194404046
238,0.0,0.0,1.0,0.0,42.47607421875,22.477395194404046
239,0.0,0.0,1.0,0.0,42.47607421875,22.477395194404046
240,0.0,0.0,1.0,0.0,42.47607421875,22.477395194404046
241,0.0,0.0,1.0,0.0,42.47607421875,22.477395194404046
242,0.0,0.0,1.0,0.0,42.47607421875,22.477395194404046
243,0.0,0.0,1.0,0.0,42.47607421875,22.477395194404046
244,0.0,0.0,1.0,0.0,42.47607421875,22.477395194404046
245,0.0,0.0,1.0,0.0,42.47607421875,22.477395194404046
246,0.0,0.0,1.0,0.0,42.47607421875,22.477395194404046
247,0.0,0.0,1.0,0.0,42.47607421875,22.477395194404046
248,0.0,0.0,1.0,0.0,42.47607421875,22.477395194404046
249,0.0,0.0,1.0,0.0,42.47607421875,22.477395194404046
250,0.0,0.0,1.0,0.0,42.47607421875,22.477395194404046
251,0.0,0.0,1.0,0.0,42.47607421875,22.477395194404046
252,0.0,0.0,1.0,0.0,42.47607421875,22.477395194404046
253,0.0,0.0,1.0,0.0,42.47607421875,22.477395194404046
254,0.0,0.0,1.0,0.0,42.47607421875,22.477395194404046
255,0.0,0.0,1.0,0.0,42.47607421875,22.477395194404046
256,0.0,0.0,1.0,0.0,42.47607421875,22.477395194404046
257,0.0,0.0,1.0,0.0,42.47607421875,22.477395194404046
258,0.0,0.0,1.0,0.0,42.47607421875,22.477395194404046
259,0.0,0.0,1.0,0.0,42.47607421875,22.477395194404046
260,0.0,0.0,1.0,0.0,42.47607421875,22.477395194404046
261,0.0,0.0,1.0,0.0,42.47607421875,22.477395194404046
262,0.0,0.0,1.0,0.0,42.47607421875,22.477395194404046
263,0.0,0.0,1.0,0.0,42.47607421875,22.477395194404046
264,0.0,0.0,1.0,0.0,42.47607421875,22.477395194404046
265,0.0,0.0,1.0,0.0,42.47607421875,22.477395194404046
266,0.0,0.0,1.0,0.0,42.47607421875,22.477395194404046
267,0.0,0.0,1.0,0.0,42.47607421875,22.477395194404046
268,0.0,0.0,1.0,0.0,42.47607421875,22.477395194404046
269,0.0,0.0,1.0,0.0,42.47607421875,22.477395194404046
270,0.0,0.0,1.0,0.0,42.47607421875,22.477395194404046
271,0.0,0.0,1.0,0.0,42.47607421875,22.477395194404046
272,0.0,0.0,1.0,0.0,42.47607421875,22.477395194404046
273,0.0,0.0,1.0,0.0,42.47607421875,22.477395194404046
274,0.0,0.0,1.0,0.0,42.47607421875,22.477395194404046
275,0.0,0.0,1.0,0.0,42.47607421875,22.477395194404046
276,0.0,0.0,1.0,0.0,42.47607421875,22.477395194404046
277,0.0,0.0,1.0,0.0,42.47607421875,22.477395194404046
278,0.0,0.0,1.0,0.0,42.47607421875,22.477395194404046
279,0.0,0.0,1.0,0.0,42.47607421875,22.477395194404046
280,0.0,0.0,1.0,0.0,42.47607421875,22.477395194404046
281,0.0,0.0,1.0,0.0,42.47607421875,22.477395194404046
282,0.0,0.0,1.0,0.0,42.47607421875,22.477395194404046
283,0.0,0.0,1.0,0.0,42.47607421875,22.477395194404046
284,0.0,0.0,1.0,0.0,42.47607421875,22.477395194404046
285,0.0,0.0,1.0,0.0,42.47607421875,22.477395194404046
286,0.0,0.0,1.0,0.0,42.47607421875,22.477395194404046
287,0.0,0.0,1.0,0.0,42.47607421875,22.477395194404046
288,0.0,0.0,1.0,0.0,42.47607421875,22.477395194404046
289,0.0,0.0,1.0,0.0,42.47607421875,22.477395194404046
290,0.0,0.0,1.0,0.0,42.47607421875,22.477395194404046
291,0.0,0.0,1.0,0.0,42.47607421875,22.477395194404046
292,0.0,0.0,1.0,0.0,42.47607421875,22.477395194404046
293,0.0,0.0,1.0,0.0,42.47607421875,22.477395194404046
294,0.0,0.0,1.0,0.0,42.47607421875,22.477395194404046
295,0.0,0.0,1.0,0.0,42.47607421875,22.477395194404046
296,0.0,0.0,1.0,0.0,42.47607421875,22.477395194404046
297,0.0,0.0,1.0,0.0,42.47607421875,22.477395194404046
298,0.0,0.0,1.0,0.0,42.47607421875,22.477395194404046
299,0.0,0.0,1.0,0.0,42.47607421875,22.477395194404046
300,0.0,0.0,1.0,0.0,42.47607421875,22.477395194404046
301,0.0,0.0,1.0,0.0,42.47607421875,22.477395194404046
302,0.0,0.0,1.0,0.0,42.47607421875,22.477395194404046
303,0.0,0.0,1.0,0.0,42.47607421875,22.477395194404046
304,0.0,0.0,1.0,0.0,42.47607421875,22.477395194404046
305,0.0,0.0,1.0,0.0,42.47607421875,22.477395194404046
306,0.0,0.0,1.0,0.0,42.47607421875,22.477395194404046
307,0.0,0.0,1.0,0.0,42.47607421875,22.477395194404046
308,0.0,0.0,1.0,0.0,42.47607421875,22.477395194404046
309,0.0,0.0,1.0,0.0,42.47607421875,22.477395194404046
310,0.0,0.0,1.0,0.0,42.47607421875,22.477395194404046
311,0.0,0.0,1.0,0.0,42.47607421875,22.477395194404046
312,0.0,0.0,1.0,0.0,42.47607421875,22.477395194404046
313,0.0,0.0,1.0,0.0,42.47607421875,22.477395194404046
314,0.0,0.0,1.0,0.0,42.47607421875,22.477395194404046
315,0.0,0.0,1.0,0.0,42.47607421875,22.477395194404046
316,0.0,0.0,1.0,0.0,42.47607421875,22.477395194404046
317,0.0,0.0,1.0,0.0,42.47607421875,22.477395194404046
318,0.0,0.0,1.0,0.0,42.47607421875,22.477395194404046
319,0.0,0.0,1.0,0.0,42.47607421875,22.477395194404046
320,0.0,0.0,1.0,0.0,42.47607421875,22.477395194404046
321,0.0,0.0,1.0,0.0,42.47607421875,22.477395194404046
322,0.0,0.0,1.0,0.0,42.47607421875,22.477395194404046
323,0.0,0.0,1.0,0.0,42.47607421875,22.477395194404046
324,0.0,0.0,1.0,0.0,42.47607421875,22.477395194404046
325,0.0,0.0,1.0,0.0,42.47607421875,22.477395194404046
326,0.0,0.0,1.0,0.0,42.47607421875,22.477395194404046
327,0.0,0.0,1.0,0.0,42.47607421875,22.477395194404046
328,0.0,0.0,1.0,0.0,42.47607421875,22.477395194404046
329,0.0,0.0,1.0,0.0,42.47607421875,22.477395194404046
330,0.0,0.0,1.0,0.0,42.47607421875,22.477395194404046
331,0.0,0.0,1.0,0.0,42.47607421875,22.477395194404046
332,0.0,0.0,1.0,0.0,42.47607421875,22.477395194404046
333,0.0,0.0,1.0,0.0,42.47607421875,22.477395194404046
334,0.0,0.0,1.0,0.0,42.47607421875,22.477395194404046
335,0.0,0.0,1.0,0.0,42.47607421875,22.477395194404046
336,0.0,0.0,1.0,0.0,42.47607421875,22.477395194404046
337,0.0,0.0,1.0,0.0,42.47607421875,22.477395194404046
338,0.0,0.0,1.0,0.0,42.47607421875,22.477395194404046
339,0.0,0.0,1.0,0.0,42.47607421875,22.477395194404046
340,0.0,0.0,1.0,0.0,42.47607421875,22.477395194404046
341,0.0,0.0,1.0,0.0,42.47607421875,22.477395194404046
342,0.0,0.0,1.0,0.0,42.47607421875,22.477395194404046
343,0.0,0.0,1.0,0.0,42.47607421875,22.477395194404046
344,0.0,0.0,1.0,0.0,42.47607421875,22.477395194404046
345,0.0,0.0,1.0,0.0,42.47607421875,22.477395194404046
346,0.0,0.0,1.0,0.0,42.47607421875,22.477395194404046
347,0.0,0.0,1.0,0.0,42.47607421875,22.477395194404046
348,0.0,0.0,1.0,0.0,42.47607421875,22.477395194404046
349,0.0,0.0,1.0,0.0,42.47607421875,22.477395194404046
350,0.0,0.0,1.0,0.0,42.47607421875,22.477395194404046
351,0.0,0.0,1.0,0.0,42.47607421875,22.477395194404046
352,0.0,0.0,1.0,0.0,42.47607421875,22.477395194404046
353,0.0,0.0,1.0,0.0,42.47607421875,22.477395194404046
354,0.0,0.0,1.0,0.0,42.47607421875,22.477395194404046
355,0.0,0.0,1.0,0.0,42.47607421875,22.477395194404046
356,0.0,0.0,1.0,0.0,42.47607421875,22.477395194404046
357,0.0,0.0,1.0,0.0,42.47607421875,22.477395194404046
358,0.0,0.0,1.0,0.0,42.47607421875,22.477395194404046
359,0.0,0.0,1.0,0.0,42.47607421875,22.477395194404046
360,0.0,0.0,1.0,0.0,42.47607421875,22.477395194404046
361,0.0,0.0,1.0,0.0,42.47607421875,22.477395194404046
362,0.0,0.0,1.0,0.0,42.47607421875,22.477395194404046
363,0.0,0.0,1.0,0.0,42.47607421875,22.477395194404046
364,0.0,0.0,1.0,0.0,42.47607421875,22.477395194404046
365,0.0,0.0,1.0,0.0,42.47607421875,22.477395194404046
366,0.0,0.0,1.0,0.0,42.47607421875,22.477395194404046
367,0.0,0.0,1.0,0.0,42.47607421875,22.477395194404046
368,0.0,0.0,1.0,0.0,42.47607421875,22.477395194404046
369,0.0,0.0,1.0,0.0,42.47607421875,22.477395194404046
370,0.0,0.0,1.0,0.0,42.47607421875,22.477395194404046
371,0.0,0.0,1.0,0.0,42.47607421875,22.477395194404046
372,0.0,0.0,1.0,0.0,42.47607421875,22.477395194404046
373,0.0,0.0,1.0,0.0,42.47607421875,22.477395194404046
374,0.0,0.0,1.0,0.0,42.47607421875,22.477395194404046
375,0.0,0.0,1.0,0.0,42.47607421875,22.477395194404046
376,0.0,0.0,1.0,0.0,42.47607421875,22.477395194404046
377,0.0,0.0,1.0,0.0,42.47607421875,22.477395194404046
378,0.0,0.0,1.0,0.0,42.47607421875,22.477395194404046
379,0.0,0.0,1.0,0.0,42.47607421875,22.477395194404046
380,0.0,0.0,1.0,0.0,42.47607421875,22.477395194404046
381,0.0,0.0,1.0,0.0,42.47607421875,22.477395194404046
382,0.0,0.0,1.0,0.0,42.47607421875,22.477395194404046
383,0.0,0.0,1.0,0.0,42.47607421875,22.477395194404046
384,0.0,0.0,1.0,0.0,42.47607421875,22.477395194404046
385,0.0,0.0,1.0,0.0,42.47607421875,22.477395194404046
386,0.0,0.0,1.0,0.0,42.47607421875,22.477395194404046
387,0.0,0.0,1.0,0.0,42.47607421875,22.477395194404046
388,0.0,0.0,1.0,0.0,42.47607421875,22.477395194404046
389,0.0,0.0,1.0,0.0,42.47607421875,22.477395194404046
390,0.0,0.0,1.0,0.0,42.47607421875,22.477395194404046
391,0.0,0.0,1.0,0.0,42.47607421875,22.477395194404046
392,0.0,0.0,1.0,0.0,42.47607421875,22.477395194404046
393,0.0,0.0,1.0,0.0,42.47607421875,22.477395194404046
394,0.0,0.0,1.0,0.0,42.47607421875,22.477395194404046
395,0.0,0.0,1.0,0.0,42.47607421875,22.477395194404046
396,0.0,0.0,1.0,0.0,42.47607421875,22.477395194404046
397,0.0,0.0,1.0,0.0,42.47607421875,22.477395194404046
398,0.0,0.0,1.0,0.0,42.47607421875,22.477395194404046
399,0.0,0.0,1.0,0.0,42.47607421875,22.477395194404046
400,0.0,0.0,1.0,0.0,42.47607421875,22.477395194404046
401,0.0,0.0,1.0,0.0,42.47607421875,22.477395194404046
402,0.0,0.0,1.0,0.0,42.47607421875,22.477395194404046
403,0.0,0.0,1.0,0.0,42.47607421875,22.477395194404046
404,0.0,0.0,1.0,0.0,42.47607421875,22.477395194404046
405,0.0,0.0,1.0,0.0,42.47607421875,22.477395194404046
406,0.0,0.0,1.0,0.0,42.47607421875,22.477395194404046
407,0.0,0.0,1.0,0.0,42.47607421875,22.477395194404046
408,0.0,0.0,1.0,0.0,42.47607421875,22.477395194404046
409,0.0,0.0,1.0,0.0,42.47607421875,22.477395194404046
410,0.0,0.0,1.0,0.0,42.47607421875,22.477395194404046
411,0.0,0.0,1.0,0.0,42.47607421875,22.477395194404046
412,0.0,0.0,1.0,0.0,42.47607421875,22.477395194404046
413,0.0,0.0,1.0,0.0,42.47607421875,22.477395194404046
414,0.0,0.0,1.0,0.0,42.47607421875,22.477395194404046
415,0.0,0.0,1.0,0.0,42.47607421875,22.477395194404046
416,0.0,0.0,1.0,0.0,42.47607421875,22.477395194404046
417,0.0,0.0,1.0,0.0,42.47607421875,22.477395194404046
418,0.0,0.0,1.0,0.0,42.47607421875,22.477395194404046
419,0.0,0.0,1.0,0.0,42.47607421875,22.477395194404046
420,0.0,0.0,1.0,0.0,42.47607421875,22.477395194404046
421,0.0,0.0,1.0,0.0,42.47607421875,22.477395194404046
422,0.0,0.0,1.0,0.0,42.47607421875,22.477395194404046
423,0.0,0.0,1.0,0.0,42.47607421875,22.477395194404046
424,0.0,0.0,1.0,0.0,42.47607421875,22.477395194404046
425,0.0,0.0,1.0,0.0,42.47607421875,22.477395194404046
426,0.0,0.0,1.0,0.0,42.47607421875,22.477395194404046
427,0.0,0.0,1.0,0.0,42.47607421875,22.477395194404046
428,0.0,0.0,1.0,0.0,42.47607421875,22.477395194404046
429,0.0,0.0,1.0,0.0,42.47607421875,22.477395194404046
430,0.0,0.0,1.0,0.0,42.47607421875,22.477395194404046
431,0.0,0.0,1.0,0.0,42.47607421875,22.477395194404046
432,0.0,0.0,1.0,0.0,42.47607421875,22.477395194404046
433,0.0,0.0,1.0,0.0,42.47607421875,22.477395194404046
434,0.0,0.0,1.0,0.0,42.47607421875,22.477395194404046
435,0.0,0.0,1.0,0.0,42.47607421875,22.477395194404046
436,0.0,0.0,1.0,0.0,42.47607421875,22.477395194404046
437,0.0,0.0,1.0,0.0,42.47607421875,22.477395194404046
438,0.0,0.0,1.0,0.0,42.47607421875,22.477395194404046
439,0.0,0.0,1.0,0.0,42.47607421875,22.477395194404046
440,0.0,0.0,1.0,0.0,42.47607421875,22.477395194404046
441,0.0,0.0,1.0,0.0,42.47607421875,22.477395194404046
442,0.0,0.0,1.0,0.0,42.47607421875,22.477395194404046
443,0.0,0.0,1.0,0.0,42.47607421875,22.477395194404046
444,0.0,0.0,1.0,0.0,42.47607421875,22.477395194404046
445,0.0,0.0,1.0,0.0,42.47607421875,22.477395194404046
446,0.0,0.0,1.0,0.0,42.47607421875,22.477395194404046
447,0.0,0.0,1.0,0.0,42.47607421875,22.477395194404046
448,0.0,0.0,1.0,0.0,42.47607421875,22.477395194404046
449,0.0,0.0,1.0,0.0,42.47607421875,22.477395194404046
450,0.0,0.0,1.0,0.0,42.47607421875,22.477395194404046
451,0.0,0.0,1.0,0.0,42.47607421875,22.477395194404046
452,0.0,0.0,1.0,0.0,42.47607421875,22.477395194404046
453,0.0,0.0,1.0,0.0,42.47607421875,22.477395194404046
454,0.0,0.0,1.0,0.0,42.47607421875,22.477395194404046
455,0.0,0.0,1.0,0.0,42.47607421875,22.477395194404046
456,0.0,0.0,1.0,0.0,42.47607421875,22.477395194404046
457,0.0,0.0,1.0,0.0,42.47607421875,22.477395194404046
458,0.0,0.0,1.0,0.0,42.47607421875,22.477395194404046
459,0.0,0.0,1.0,0.0,42.47607421875,22.477395194404046
460,0.0,0.0,1.0,0.0,42.47607421875,22.477395194404046
461,0.0,0.0,1.0,0.0,42.47607421875,22.477395194404046
462,0.0,0.0,1.0,0.0,42.47607421875,22.477395194404046
463,0.0,0.0,1.0,0.0,42.47607421875,22.477395194404046
464,0.0,0.0,1.0,0.0,42.47607421875,22.477395194404046
465,0.0,0.0,1.0,0.0,42.47607421875,22.477395194404046
466,0.0,0.0,1.0,0.0,42.47607421875,22.477395194404046
467,0.0,0.0,1.0,0.0,42.47607421875,22.477395194404046
468,0.0,0.0,1.0,0.0,42.47607421875,22.477395194404046
469,0.0,0.0,1.0,0.0,42.47607421875,22.477395194404046
470,0.0,0.0,1.0,0.0,42.47607421875,22.477395194404046
471,0.0,0.0,1.0,0.0,42.47607421875,22.477395194404046
472,0.0,0.0,1.0,0.0,42.47607421875,22.477395194404046
473,0.0,0.0,1.0,0.0,42.47607421875,22.477395194404046
474,0.0,0.0,1.0,0.0,42.47607421875,22.477395194404046
475,0.0,0.0,1.0,0.0,42.47607421875,22.477395194404046
476,0.0,0.0,1.0,0.0,42.47607421875,22.477395194404046
477,0.0,0.0,1.0,0.0,42.47607421875,22.477395194404046
478,0.0,0.0,1.0,0.0,42.47607421875,22.477395194404046
479,0.0,0.0,1.0,0.0,42.47607421875,22.477395194404046
480,0.0,0.0,1.0,0.0,42.47607421875,22.477395194404046
481,0.0,0.0,1.0,0.0,42.47607421875,22.477395194404046
482,0.0,0.0,1.0,0.0,42.47607421875,22.477395194404046
483,0.0,0.0,1.0,0.0,42.47607421875,22.477395194404046
484,0.0,0.0,1.0,0.0,42.47607421875,22.477395194404046
485,0.0,0.0,1.0,0.0,42.47607421875,22.477395194404046
486,0.0,0.0,1.0,0.0,42.47607421875,22.477395194404046
487,0.0,0.0,1.0,0.0,42.47607421875,22.477395194404046
488,0.0,0.0,1.0,0.0,42.47607421875,22.477395194404046
489,0.0,0.0,1.0,0.0,42.47607421875,22.477395194404046
490,0.0,0.0,1.0,0.0,42.47607421875,22.477395194404046
491,0.0,0.0,1.0,0.0,42.47607421875,22.477395194404046
492,0.0,0.0,1.0,0.0,42.47607421875,22.477395194404046
493,0.0,0.0,1.0,0.0,42.47607421875,22.477395194404046
494,0.0,0.0,1.0,0.0,42.47607421875,22.477395194404046
495,0.0,0.0,1.0,0.0,42.47607421875,22.477395194404046
496,0.0,0.0,1.0,0.0,42.47607421875,22.477395194404046
497,0.0,0.0,1.0,0.0,42.47607421875,22.477395194404046
498,0.0,0.0,1.0,0.0,42.47607421875,22.477395194404046
499,0.0,0.0,1.0,0.0,42.47607421875,22.477395194404046
500,0.0,0.0,1.0,0.0,42.47607421875,22.477395194404046
501,0.0,0.0,1.0,0.0,42.47607421875,22.477395194404046
502,0.0,0.0,1.0,0.0,42.47607421875,22.477395194404046
503,0.0,0.0,1.0,0.0,42.47607421875,22.477395194404046
504,0.0,0.0,1.0,0.0,42.47607421875,22.477395194404046
505,0.0,0.0,1.0,0.0,42.47607421875,22.477395194404046
506,0.0,0.0,1.0,0.0,42.47607421875,22.477395194404046
507,0.0,0.0,1.0,0.0,42.47607421875,22.477395194404046
508,0.0,0.0,1.0,0.0,42.47607421875,22.477395194404046
509,0.0,0.0,1.0,0.0,42.47607421875,22.477395194404046
510,0.0,0.0,1.0,0.0,42.47607421875,22.477395194404046
511,0.0,0.0,1.0,0.0,42.47607421875,22.477395194404046
512,0.0,0.0,1.0,0.0,42.47607421875,22.477395194404046
513,0.0,0.0,1.0,0.0,42.47607421875,22.477395194404046
514,0.0,0.0,1.0,0.0,42.47607421875,22.477395194404046
515,0.0,0.0,1.0,0.0,42.47607421875,22.477395194404046
516,0.0,0.0,1.0,0.0,42.47607421875,22.477395194404046
517,0.0,0.0,1.0,0.0,42.47607421875,22.477395194404046
518,0.0,0.0,1.0,0.0,42.47607421875,22.477395194404046
519,0.0,0.0,1.0,0.0,42.47607421875,22.477395194404046
520,0.0,0.0,1.0,0.0,42.47607421875,22.477395194404046
521,0.0,0.0,1.0,0.0,42.47607421875,22.477395194404046
522,0.0,0.0,1.0,0.0,42.47607421875,22.477395194404046
523,0.0,0.0,1.0,0.0,42.47607421875,22.477395194404046
524,0.0,0.0,1.0,0.0,42.47607421875,22.477395194404046
525,0.0,0.0,1.0,0.0,42.47607421875,22.477395194404046
526,0.0,0.0,1.0,0.0,42.47607421875,22.477395194404046
527,0.0,0.0,1.0,0.0,42.47607421875,22.477395194404046
528,0.0,0.0,1.0,0.0,42.47607421875,22.477395194404046
529,0.0,0.0,1.0,0.0,42.47607421875,22.477395194404046
530,0.0,0.0,1.0,0.0,42.47607421875,22.477395194404046
531,0.0,0.0,1.0,0.0,42.47607421875,22.477395194404046
532,0.0,0.0,1.0,0.0,42.47607421875,22.477395194404046
533,0.0,0.0,1.0,0.0,42.47607421875,22.477395194404046
534,0.0,0.0,1.0,0.0,42.47607421875,22.477395194404046
535,0.0,0.0,1.0,0.0,42.47607421875,22.477395194404046
536,0.0,0.0,1.0,0.0,42.47607421875,22.477395194404046
537,0.0,0.0,1.0,0.0,42.47607421875,22.477395194404046
538,0.0,0.0,1.0,0.0,42.47607421875,22.477395194404046
539,0.0,0.0,1.0,0.0,42.47607421875,22.477395194404046
540,0.0,0.0,1.0,0.0,42.47607421875,22.477395194404046
541,0.0,0.0,1.0,0.0,42.47607421875,22.477395194404046
542,0.0,0.0,1.0,0.0,42.47607421875,22.477395194404046
543,0.0,0.0,1.0,0.0,42.47607421875,22.477395194404046
544,0.0,0.0,1.0,0.0,42.47607421875,22.477395194404046
545,0.0,0.0,1.0,0.0,42.47607421875,22.477395194404046
546,0.0,0.0,1.0,0.0,42.47607421875,22.477395194404046
547,0.0,0.0,1.0,0.0,42.47607421875,22.477395194404046
548,0.0,0.0,1.0,0.0,42.47607421875,22.477395194404046
549,0.0,0.0,1.0,0.0,42.47607421875,22.477395194404046
550,0.0,0.0,1.0,0.0,42.47607421875,22.477395194404046
551,0.0,0.0,1.0,0.0,42.47607421875,22.477395194404046
552,0.0,0.0,1.0,0.0,42.47607421875,22.477395194404046
553,0.0,0.0,1.0,0.0,42.47607421875,22.477395194404046
554,0.0,0.0,1.0,0.0,42.47607421875,22.477395194404046
555,0.0,0.0,1.0,0.0,42.47607421875,22.477395194404046
556,0.0,0.0,1.0,0.0,42.47607421875,22.477395194404046
557,0.0,0.0,1.0,0.0,42.47607421875,22.477395194404046
558,0.0,0.0,1.0,0.0,42.47607421875,22.477395194404046
559,0.0,0.0,1.0,0.0,42.47607421875,22.477395194404046
560,0.0,0.0,1.0,0.0,42.47607421875,22.477395194404046
561,0.0,0.0,1.0,0.0,42.47607421875,22.477395194404046
562,0.0,0.0,1.0,0.0,42.47607421875,22.477395194404046
563,0.0,0.0,1.0,0.0,42.47607421875,22.477395194404046
564,0.0,0.0,1.0,0.0,42.47607421875,22.477395194404046
565,0.0,0.0,1.0,0.0,42.47607421875,22.477395194404046
566,0.0,0.0,1.0,0.0,42.47607421875,22.477395194404046
567,0.0,0.0,1.0,0.0,42.47607421875,22.477395194404046
568,0.0,0.0,1.0,0.0,42.47607421875,22.477395194404046
569,0.0,0.0,1.0,0.0,42.47607421875,22.477395194404046
570,0.0,0.0,1.0,0.0,42.47607421875,22.477395194404046
571,0.0,0.0,1.0,0.0,42.47607421875,22.477395194404046
572,0.0,0.0,1.0,0.0,42.47607421875,22.477395194404046
573,0.0,0.0,1.0,0.0,42.47607421875,22.477395194404046
574,0.0,0.0,1.0,0.0,42.47607421875,22.477395194404046
575,0.0,0.0,1.0,0.0,42.47607421875,22.477395194404046
576,0.0,0.0,1.0,0.0,42.47607421875,22.477395194404046
577,0.0,0.0,1.0,0.0,42.47607421875,22.477395194404046
578,0.0,0.0,1.0,0.0,42.47607421875,22.477395194404046
579,0.0,0.0,1.0,0.0,42.47607421875,22.477395194404046
580,0.0,0.0,1.0,0.0,42.47607421875,22.477395194404046
581,0.0,0.0,1.0,0.0,42.47607421875,22.477395194404046
582,0.0,0.0,1.0,0.0,42.47607421875,22.477395194404046
583,0.0,0.0,1.0,0.0,42.47607421875,22.477395194404046
584,0.0,0.0,1.0,0.0,42.47607421875,22.477395194404046
585,0.0,0.0,1.0,0.0,42.47607421875,22.477395194404046
586,0.0,0.0,1.0,0.0,42.47607421875,22.477395194404046
587,0.0,0.0,1.0,0.0,42.47607421875,22.477395194404046
588,0.0,0.0,1.0,0.0,42.47607421875,22.477395194404046
589,0.0,0.0,1.0,0.0,42.47607421875,22.477395194404046
590,0.0,0.0,1.0,0.0,42.47607421875,22.477395194404046
591,0.0,0.0,1.0,0.0,42.47607421875,22.477395194404046
592,0.0,0.0,1.0,0.0,42.47607421875,22.477395194404046
593,0.0,0.0,1.0,0.0,42.47607421875,22.477395194404046
594,0.0,0.0,1.0,0.0,42.47607421875,22.477395194404046
595,0.0,0.0,1.0,0.0,42.47607421875,22.477395194404046
596,0.0,0.0,1.0,0.0,42.47607421875,22.477395194404046
597,0.0,0.0,1.0,0.0,42.47607421875,22.477395194404046
598,0.0,0.0,1.0,0.0,42.47607421875,22.477395194404046
599,0.0,0.0,1.0,0.0,42.47607421875,22.477395194404046
600,0.0,0.0,1.0,0.0,42.47607421875,22.477395194404046
601,0.0,0.0,1.0,0.0,42.47607421875,22.477395194404046
602,0.0,0.0,1.0,0.0,42.47607421875,22.477395194404046
603,0.0,0.0,1.0,0.0,42.47607421875,22.477395194404046
604,0.0,0.0,1.0,0.0,42.47607421875,22.477395194404046
605,0.0,0.0,1.0,0.0,42.47607421875,22.477395194404046
606,0.0,0.0,1.0,0.0,42.47607421875,22.477395194404046
607,0.0,0.0,1.0,0.0,42.47607421875,22.477395194404046
608,0.0,0.0,1.0,0.0,42.47607421875,22.477395194404046
609,0.0,0.0,1.0,0.0,42.47607421875,22.477395194404046
610,0.0,0.0,1.0,0.0,42.47607421875,22.477395194404046
611,0.0,0.0,1.0,0.0,42.47607421875,22.477395194404046
612,0.0,0.0,1.0,0.0,42.47607421875,22.477395194404046
613,0.0,0.0,1.0,0.0,42.47607421875,22.477395194404046
614,0.0,0.0,1.0,0.0,42.47607421875,22.477395194404046
615,0.0,0.0,1.0,0.0,42.47607421875,22.477395194404046
616,0.0,0.0,1.0,0.0,42.47607421875,22.477395194404046
617,0.0,0.0,1.0,0.0,42.47607421875,22.477395194404046
618,0.0,0.0,1.0,0.0,42.47607421875,22.477395194404046
619,0.0,0.0,1.0,0.0,42.47607421875,22.477395194404046
620,0.0,0.0,1.0,0.0,42.47607421875,22.477395194404046
621,0.0,0.0,1.0,0.0,42.47607421875,22.477395194404046
622,0.0,0.0,1.0,0.0,42.47607421875,22.477395194404046
623,0.0,0.0,1.0,0.0,42.47607421875,22.477395194404046
624,0.0,0.0,1.0,0.0,42.47607421875,22.477395194404046
625,0.0,0.0,1.0,0.0,42.47607421875,22.477395194404046
626,0.0,0.0,1.0,0.0,42.47607421875,22.477395194404046
627,0.0,0.0,1.0,0.0,42.47607421875,22.477395194404046
628,0.0,0.0,1.0,0.0,42.47607421875,22.477395194404046
629,0.0,0.0,1.0,0.0,42.47607421875,22.477395194404046
630,0.0,0.0,1.0,0.0,42.47607421875,22.477395194404046
631,0.0,0.0,1.0,0.0,42.47607421875,22.477395194404046
632,0.0,0.0,1.0,0.0,42.47607421875,22.477395194404046
633,0.0,0.0,1.0,0.0,42.47607421875,22.477395194404046
634,0.0,0.0,1.0,0.0,42.47607421875,22.477395194404046
635,0.0,0.0,1.0,0.0,42.47607421875,22.477395194404046
636,0.0,0.0,1.0,0.0,42.47607421875,22.477395194404046
637,0.0,0.0,1.0,0.0,42.47607421875,22.477395194404046
638,0.0,0.0,1.0,0.0,42.47607421875,22.477395194404046
639,0.0,0.0,1.0,0.0,42.47607421875,22.477395194404046
640,0.0,0.0,1.0,0.0,42.47607421875,22.477395194404046
641,0.0,0.0,1.0,0.0,42.47607421875,22.477395194404046
642,0.0,0.0,1.0,0.0,42.47607421875,22.477395194404046
643,0.0,0.0,1.0,0.0,42.47607421875,22.477395194404046
644,0.0,0.0,1.0,0.0,42.47607421875,22.477395194404046
645,0.0,0.0,1.0,0.0,42.47607421875,22.477395194404046
646,0.0,0.0,1.0,0.0,42.47607421875,22.477395194404046
647,0.0,0.0,1.0,0.0,42.47607421875,22.477395194404046
648,0.0,0.0,1.0,0.0,42.47607421875,22.477395194404046
649,0.0,0.0,1.0,0.0,42.47607421875,22.477395194404046
650,0.0,0.0,1.0,0.0,42.47607421875,22.477395194404046
651,0.0,0.0,1.0,0.0,42.47607421875,22.477395194404046
652,0.0,0.0,1.0,0.0,42.47607421875,22.477395194404046
653,0.0,0.0,1.0,0.0,42.47607421875,22.477395194404046
654,0.0,0.0,1.0,0.0,42.47607421875,22.477395194404046
655,0.0,0.0,1.0,0.0,42.47607421875,22.477395194404046
656,0.0,0.0,1.0,0.0,42.47607421875,22.477395194404046
657,0.0,0.0,1.0,0.0,42.47607421875,22.477395194404046
658,0.0,0.0,1.0,0.0,42.47607421875,22.477395194404046
659,0.0,0.0,1.0,0.0,42.47607421875,22.477395194404046
660,0.0,0.0,1.0,0.0,42.47607421875,22.477395194404046
661,0.0,0.0,1.0,0.0,42.47607421875,22.477395194404046
662,0.0,0.0,1.0,0.0,42.47607421875,22.477395194404046
663,0.0,0.0,1.0,0.0,42.47607421875,22.477395194404046
664,0.0,0.0,1.0,0.0,42.47607421875,22.477395194404046
665,0.0,0.0,1.0,0.0,42.47607421875,22.477395194404046
666,0.0,0.0,1.0,0.0,42.47607421875,22.477395194404046
667,0.0,0.0,1.0,0.0,42.47607421875,22.477395194404046
668,0.0,0.0,1.0,0.0,42.47607421875,22.477395194404046
669,0.0,0.0,1.0,0.0,42.47607421875,22.477395194404046
670,0.0,0.0,1.0,0.0,42.47607421875,22.477395194404046
671,0.0,0.0,1.0,0.0,42.47607421875,22.477395194404046
672,0.0,0.0,1.0,0.0,42.47607421875,22.477395194404046
673,0.0,0.0,1.0,0.0,42.47607421875,22.477395194404046
674,0.0,0.0,1.0,0.0,42.47607421875,22.477395194404046
675,0.0,0.0,1.0,0.0,42.47607421875,22.477395194404046
676,0.0,0.0,1.0,0.0,42.47607421875,22.477395194404046
677,0.0,0.0,1.0,0.0,42.47607421875,22.477395194404046
678,0.0,0.0,1.0,0.0,42.47607421875,22.477395194404046
679,0.0,0.0,1.0,0.0,42.47607421875,22.477395194404046
680,0.0,0.0,1.0,0.0,42.47607421875,22.477395194404046
681,0.0,0.0,1.0,0.0,42.47607421875,22.477395194404046
682,0.0,0.0,1.0,0.0,42.47607421875,22.477395194404046
683,0.0,0.0,1.0,0.0,42.47607421875,22.477395194404046
684,0.0,0.0,1.0,0.0,42.47607421875,22.477395194404046
685,0.0,0.0,1.0,0.0,42.47607421875,22.477395194404046
686,0.0,0.0,1.0,0.0,42.47607421875,22.477395194404046
687,0.0,0.0,1.0,0.0,42.47607421875,22.477395194404046
688,0.0,0.0,1.0,0.0,42.47607421875,22.477395194404046
689,0.0,0.0,1.0,0.0,42.47607421875,22.477395194404046
690,0.0,0.0,1.0,0.0,42.47607421875,22.477395194404046
691,0.0,0.0,1.0,0.0,42.47607421875,22.477395194404046
692,0.0,0.0,1.0,0.0,42.47607421875,22.477395194404046
693,0.0,0.0,1.0,0.0,42.47607421875,22.477395194404046
694,0.0,0.0,1.0,0.0,42.47607421875,22.477395194404046
695,0.0,0.0,1.0,0.0,42.47607421875,22.477395194404046
696,0.0,0.0,1.0,0.0,42.47607421875,22.477395194404046
697,0.0,0.0,1.0,0.0,42.47607421875,22.477395194404046
698,0.0,0.0,1.0,0.0,42.47607421875,22.477395194404046
699,0.0,0.0,1.0,0.0,42.47607421875,22.477395194404046
700,0.0,0.0,1.0,0.0,42.47607421875,22.477395194404046
701,0.0,0.0,1.0,0.0,42.47607421875,22.477395194404046
702,0.0,0.0,1.0,0.0,42.47607421875,22.477395194404046
703,0.0,0.0,1.0,0.0,42.47607421875,22.477395194404046
704,0.0,0.0,1.0,0.0,42.47607421875,22.477395194404046
705,0.0,0.0,1.0,0.0,42.47607421875,22.477395194404046
706,0.0,0.0,1.0,0.0,42.47607421875,22.477395194404046
707,0.0,0.0,1.0,0.0,42.47607421875,22.477395194404046
708,0.0,0.0,1.0,0.0,42.47607421875,22.477395194404046
709,0.0,0.0,1.0,0.0,42.47607421875,22.477395194404046
710,0.0,0.0,1.0,0.0,42.47607421875,22.477395194404046
711,0.0,0.0,1.0,0.0,42.47607421875,22.477395194404046
712,0.0,0.0,1.0,0.0,42.47607421875,22.477395194404046
713,0.0,0.0,1.0,0.0,42.47607421875,22.477395194404046
714,0.0,0.0,1.0,0.0,42.47607421875,22.477395194404046
715,0.0,0.0,1.0,0.0,42.47607421875,22.477395194404046
716,0.0,0.0,1.0,0.0,42.47607421875,22.477395194404046
717,0.0,0.0,1.0,0.0,42.47607421875,22.477395194404046
718,0.0,0.0,1.0,0.0,42.47607421875,22.477395194404046
719,0.0,0.0,1.0,0.0,42.47607421875,22.477395194404046
720,0.0,0.0,1.0,0.0,42.47607421875,22.477395194404046
721,0.0,0.0,1.0,0.0,42.47607421875,22.477395194404046
722,0.0,0.0,1.0,0.0,42.47607421875,22.477395194404046
723,0.0,0.0,1.0,0.0,42.47607421875,22.477395194404046
724,0.0,0.0,1.0,0.0,42.47607421875,22.477395194404046
725,0.0,0.0,1.0,0.0,42.47607421875,22.477395194404046
726,0.0,0.0,1.0,0.0,42.47607421875,22.477395194404046
727,0.0,0.0,1.0,0.0,42.47607421875,22.477395194404046
728,0.0,0.0,1.0,0.0,42.47607421875,22.477395194404046
729,0.0,0.0,1.0,0.0,42.47607421875,22.477395194404046
730,0.0,0.0,1.0,0.0,42.47607421875,22.477395194404046
731,0.0,0.0,1.0,0.0,42.47607421875,22.477395194404046
732,0.0,0.0,1.0,0.0,42.47607421875,22.477395194404046
733,0.0,0.0,1.0,0.0,42.47607421875,22.477395194404046
734,0.0,0.0,1.0,0.0,42.47607421875,22.477395194404046
735,0.0,0.0,1.0,0.0,42.47607421875,22.477395194404046
736,0.0,0.0,1.0,0.0,42.47607421875,22.477395194404046
737,0.0,0.0,1.0,0.0,42.47607421875,22.477395194404046
738,0.0,0.0,1.0,0.0,42.47607421875,22.477395194404046
739,0.0,0.0,1.0,0.0,42.47607421875,22.477395194404046
740,0.0,0.0,1.0,0.0,42.47607421875,22.477395194404046
741,0.0,0.0,1.0,0.0,42.47607421875,22.477395194404046
742,0.0,0.0,1.0,0.0,42.47607421875,22.477395194404046
743,0.0,0.0,1.0,0.0,42.47607421875,22.477395194404046
744,0.0,0.0,1.0,0.0,42.47607421875,22.477395194404046
745,0.0,0.0,1.0,0.0,42.47607421875,22.477395194404046
746,0.0,0.0,1.0,0.0,42.47607421875,22.477395194404046
747,0.0,0.0,1.0,0.0,42.47607421875,22.477395194404046
748,0.0,0.0,1.0,0.0,42.47607421875,22.477395194404046
749,0.0,0.0,1.0,0.0,42.47607421875,22.477395194404046
750,0.0,0.0,1.0,0.0,42.47607421875,22.477395194404046
751,0.0,0.0,1.0,0.0,42.47607421875,22.477395194404046
752,0.0,0.0,1.0,0.0,42.47607421875,22.477395194404046
753,0.0,0.0,1.0,0.0,42.47607421875,22.477395194404046
754,0.0,0.0,1.0,0.0,42.47607421875,22.477395194404046
755,0.0,0.0,1.0,0.0,42.47607421875,22.477395194404046
756,0.0,0.0,1.0,0.0,42.47607421875,22.477395194404046
757,0.0,0.0,1.0,0.0,42.47607421875,22.477395194404046
758,0.0,0.0,1.0,0.0,42.47607421875,22.477395194404046
759,0.0,0.0,1.0,0.0,42.47607421875,22.477395194404046
760,0.0,0.0,1.0,0.0,42.47607421875,22.477395194404046
761,0.0,0.0,1.0,0.0,42.47607421875,22.477395194404046
762,0.0,0.0,1.0,0.0,42.47607421875,22.477395194404046
763,0.0,0.0,1.0,0.0,42.47607421875,22.477395194404046
764,0.0,0.0,1.0,0.0,42.47607421875,22.477395194404046
765,0.0,0.0,1.0,0.0,42.47607421875,22.477395194404046
766,0.0,0.0,1.0,0.0,42.47607421875,22.477395194404046
767,0.0,0.0,1.0,0.0,42.47607421875,22.477395194404046
768,0.0,0.0,1.0,0.0,42.47607421875,22.477395194404046
769,0.0,0.0,1.0,0.0,42.47607421875,22.477395194404046
770,0.0,0.0,1.0,0.0,42.47607421875,22.477395194404046
771,0.0,0.0,1.0,0.0,42.47607421875,22.477395194404046
772,0.0,0.0,1.0,0.0,42.47607421875,22.477395194404046
773,0.0,0.0,1.0,0.0,42.47607421875,22.477395194404046
774,0.0,0.0,1.0,0.0,42.47607421875,22.477395194404046
775,0.0,0.0,1.0,0.0,42.47607421875,22.477395194404046
776,0.0,0.0,1.0,0.0,42.47607421875,22.477395194404046
777,0.0,0.0,1.0,0.0,42.47607421875,22.477395194404046
778,0.0,0.0,1.0,0.0,42.47607421875,22.477395194404046
779,0.0,0.0,1.0,0.0,42.47607421875,22.477395194404046
780,0.0,0.0,1.0,0.0,42.47607421875,22.477395194404046
781,0.0,0.0,1.0,0.0,42.47607421875,22.477395194404046
782,0.0,0.0,1.0,0.0,42.47607421875,22.477395194404046
783,0.0,0.0,1.0,0.0,42.47607421875,22.477395194404046
784,0.0,0.0,1.0,0.0,42.47607421875,22.477395194404046
785,0.0,0.0,1.0,0.0,42.47607421875,22.477395194404046
786,0.0,0.0,1.0,0.0,42.47607421875,22.477395194404046
787,0.0,0.0,1.0,0.0,42.47607421875,22.477395194404046
788,0.0,0.0,1.0,0.0,42.47607421875,22.477395194404046
789,0.0,0.0,1.0,0.0,42.47607421875,22.477395194404046
790,0.0,0.0,1.0,0.0,42.47607421875,22.477395194404046
791,0.0,0.0,1.0,0.0,42.47607421875,22.477395194404046
792,0.0,0.0,1.0,0.0,42.47607421875,22.477395194404046
793,0.0,0.0,1.0,0.0,42.47607421875,22.477395194404046
794,0.0,0.0,1.0,0.0,42.47607421875,22.477395194404046
795,0.0,0.0,1.0,0.0,42.47607421875,22.477395194404046
796,0.0,0.0,1.0,0.0,42.47607421875,22.477395194404046
797,0.0,0.0,1.0,0.0,42.47607421875,22.477395194404046
798,0.0,0.0,1.0,0.0,42.47607421875,22.477395194404046
799,0.0,0.0,1.0,0.0,42.47607421875,22.477395194404046
800,0.0,0.0,1.0,0.0,42.47607421875,22.477395194404046
801,0.0,0.0,1.0,0.0,42.47607421875,22.477395194404046
802,0.0,0.0,1.0,0.0,42.47607421875,22.477395194404046
803,0.0,0.0,1.0,0.0,42.47607421875,22.477395194404046
804,0.0,0.0,1.0,0.0,42.47607421875,22.477395194404046
805,0.0,0.0,1.0,0.0,42.47607421875,22.477395194404046
806,0.0,0.0,1.0,0.0,42.47607421875,22.477395194404046
807,0.0,0.0,1.0,0.0,42.47607421875,22.477395194404046
808,0.0,0.0,1.0,0.0,42.47607421875,22.477395194404046
809,0.0,0.0,1.0,0.0,42.47607421875,22.477395194404046
810,0.0,0.0,1.0,0.0,42.47607421875,22.477395194404046
811,0.0,0.0,1.0,0.0,42.47607421875,22.477395194404046
812,0.0,0.0,1.0,0.0,42.47607421875,22.477395194404046
813,0.0,0.0,1.0,0.0,42.47607421875,22.477395194404046
814,0.0,0.0,1.0,0.0,42.47607421875,22.477395194404046
815,0.0,0.0,1.0,0.0,42.47607421875,22.477395194404046
816,0.0,0.0,1.0,0.0,42.47607421875,22.477395194404046
817,0.0,0.0,1.0,0.0,42.47607421875,22.477395194404046
818,0.0,0.0,1.0,0.0,42.47607421875,22.477395194404046
819,0.0,0.0,1.0,0.0,42.47607421875,22.477395194404046
820,0.0,0.0,1.0,0.0,42.47607421875,22.477395194404046
821,0.0,0.0,1.0,0.0,42.47607421875,22.477395194404046
822,0.0,0.0,1.0,0.0,42.47607421875,22.477395194404046
823,0.0,0.0,1.0,0.0,42.47607421875,22.477395194404046
824,0.0,0.0,1.0,0.0,42.47607421875,22.477395194404046
825,0.0,0.0,1.0,0.0,42.47607421875,22.477395194404046
826,0.0,0.0,1.0,0.0,42.47607421875,22.477395194404046
827,0.0,0.0,1.0,0.0,42.47607421875,22.477395194404046
828,0.0,0.0,1.0,0.0,42.47607421875,22.477395194404046
829,0.0,0.0,1.0,0.0,42.47607421875,22.477395194404046
830,0.0,0.0,1.0,0.0,42.47607421875,22.477395194404046
831,0.0,0.0,1.0,0.0,42.47607421875,22.477395194404046
832,0.0,0.0,1.0,0.0,42.47607421875,22.477395194404046
833,0.0,0.0,1.0,0.0,42.47607421875,22.477395194404046
834,0.0,0.0,1.0,0.0,42.47607421875,22.477395194404046
835,0.0,0.0,1.0,0.0,42.47607421875,22.477395194404046
836,0.0,0.0,1.0,0.0,42.47607421875,22.477395194404046
837,0.0,0.0,1.0,0.0,42.47607421875,22.477395194404046
838,0.0,0.0,1.0,0.0,42.47607421875,22.477395194404046
839,0.0,0.0,1.0,0.0,42.47607421875,22.477395194404046
840,0.0,0.0,1.0,0.0,42.47607421875,22.477395194404046
841,0.0,0.0,1.0,0.0,42.47607421875,22.477395194404046
842,0.0,0.0,1.0,0.0,42.47607421875,22.477395194404046
843,0.0,0.0,1.0,0.0,42.47607421875,22.477395194404046
844,0.0,0.0,1.0,0.0,42.47607421875,22.477395194404046
845,0.0,0.0,1.0,0.0,42.47607421875,22.477395194404046
846,0.0,0.0,1.0,0.0,42.47607421875,22.477395194404046
847,0.0,0.0,1.0,0.0,42.47607421875,22.477395194404046
848,0.0,0.0,1.0,0.0,42.47607421875,22.477395194404046
849,0.0,0.0,1.0,0.0,42.47607421875,22.477395194404046
850,0.0,0.0,1.0,0.0,42.47607421875,22.477395194404046
851,0.0,0.0,1.0,0.0,42.47607421875,22.477395194404046
852,0.0,0.0,1.0,0.0,42.47607421875,22.477395194404046
853,0.0,0.0,1.0,0.0,42.47607421875,22.477395194404046
854,0.0,0.0,1.0,0.0,42.47607421875,22.477395194404046
855,0.0,0.0,1.0,0.0,42.47607421875,22.477395194404046
856,0.0,0.0,1.0,0.0,42.47607421875,22.477395194404046
857,0.0,0.0,1.0,0.0,42.47607421875,22.477395194404046
858,0.0,0.0,1.0,0.0,42.47607421875,22.477395194404046
859,0.0,0.0,1.0,0.0,42.47607421875,22.477395194404046
860,0.0,0.0,1.0,0.0,42.47607421875,22.477395194404046
861,0.0,0.0,1.0,0.0,42.47607421875,22.477395194404046
862,0.0,0.0,1.0,0.0,42.47607421875,22.477395194404046
863,0.0,0.0,1.0,0.0,42.47607421875,22.477395194404046
864,0.0,0.0,1.0,0.0,42.47607421875,22.477395194404046
865,0.0,0.0,1.0,0.0,42.47607421875,22.477395194404046
866,0.0,0.0,1.0,0.0,42.47607421875,22.477395194404046
867,0.0,0.0,1.0,0.0,42.47607421875,22.477395194404046
868,0.0,0.0,1.0,0.0,42.47607421875,22.477395194404046
869,0.0,0.0,1.0,0.0,42.47607421875,22.477395194404046
870,0.0,0.0,1.0,0.0,42.47607421875,22.477395194404046
871,0.0,0.0,1.0,0.0,42.47607421875,22.477395194404046
872,0.0,0.0,1.0,0.0,42.47607421875,22.477395194404046
873,0.0,0.0,1.0,0.0,42.47607421875,22.477395194404046
874,0.0,0.0,1.0,0.0,42.47607421875,22.477395194404046
875,0.0,0.0,1.0,0.0,42.47607421875,22.477395194404046
876,0.0,0.0,1.0,0.0,42.47607421875,22.477395194404046
877,0.0,0.0,1.0,0.0,42.47607421875,22.477395194404046
878,0.0,0.0,1.0,0.0,42.47607421875,22.477395194404046
879,0.0,0.0,1.0,0.0,42.47607421875,22.477395194404046
880,0.0,0.0,1.0,0.0,42.47607421875,22.477395194404046
881,0.0,0.0,1.0,0.0,42.47607421875,22.477395194404046
882,0.0,0.0,1.0,0.0,42.47607421875,22.477395194404046
883,0.0,0.0,1.0,0.0,42.47607421875,22.477395194404046
884,0.0,0.0,1.0,0.0,42.47607421875,22.477395194404046
885,0.0,0.0,1.0,0.0,42.47607421875,22.477395194404046
886,0.0,0.0,1.0,0.0,42.47607421875,22.477395194404046
887,0.0,0.0,1.0,0.0,42.47607421875,22.477395194404046
888,0.0,0.0,1.0,0.0,42.47607421875,22.477395194404046
889,0.0,0.0,1.0,0.0,42.47607421875,22.477395194404046
890,0.0,0.0,1.0,0.0,42.47607421875,22.477395194404046
891,0.0,0.0,1.0,0.0,42.47607421875,22.477395194404046
892,0.0,0.0,1.0,0.0,42.47607421875,22.477395194404046
893,0.0,0.0,1.0,0.0,42.47607421875,22.477395194404046
894,0.0,0.0,1.0,0.0,42.47607421875,22.477395194404046
895,0.0,0.0,1.0,0.0,42.47607421875,22.477395194404046
896,0.0,0.0,1.0,0.0,42.47607421875,22.477395194404046
897,0.0,0.0,1.0,0.0,42.47607421875,22.477395194404046
898,0.0,0.0,1.0,0.0,42.47607421875,22.477395194404046
899,0.0,0.0,1.0,0.0,42.47607421875,22.477395194404046
900,0.0,0.0,1.0,0.0,42.47607421875,22.477395194404046
901,0.0,0.0,1.0,0.0,42.47607421875,22.477395194404046
902,0.0,0.0,1.0,0.0,42.47607421875,22.477395194404046
903,0.0,0.0,1.0,0.0,42.47607421875,22.477395194404046
904,0.0,0.0,1.0,0.0,42.47607421875,22.477395194404046
905,0.0,0.0,1.0,0.0,42.47607421875,22.477395194404046
906,0.0,0.0,1.0,0.0,42.47607421875,22.477395194404046
907,0.0,0.0,1.0,0.0,42.47607421875,22.477395194404046
908,0.0,0.0,1.0,0.0,42.47607421875,22.477395194404046
909,0.0,0.0,1.0,0.0,42.47607421875,22.477395194404046
910,0.0,0.0,1.0,0.0,42.47607421875,22.477395194404046
911,0.0,0.0,1.0,0.0,42.47607421875,22.477395194404046
912,0.0,0.0,1.0,0.0,42.47607421875,22.477395194404046
913,0.0,0.0,1.0,0.0,42.47607421875,22.477395194404046
914,0.0,0.0,1.0,0.0,42.47607421875,22.477395194404046
915,0.0,0.0,1.0,0.0,42.47607421875,22.477395194404046
916,0.0,0.0,1.0,0.0,42.47607421875,22.477395194404046
917,0.0,0.0,1.0,0.0,42.47607421875,22.477395194404046
918,0.0,0.0,1.0,0.0,42.47607421875,22.477395194404046
919,0.0,0.0,1.0,0.0,42.47607421875,22.477395194404046
920,0.0,0.0,1.0,0.0,42.47607421875,22.477395194404046
921,0.0,0.0,1.0,0.0,42.47607421875,22.477395194404046
922,0.0,0.0,1.0,0.0,42.47607421875,22.477395194404046
923,0.0,0.0,1.0,0.0,42.47607421875,22.477395194404046
924,0.0,0.0,1.0,0.0,42.47607421875,22.477395194404046
925,0.0,0.0,1.0,0.0,42.47607421875,22.477395194404046
926,0.0,0.0,1.0,0.0,42.47607421875,22.477395194404046
927,0.0,0.0,1.0,0.0,42.47607421875,22.477395194404046
928,0.0,0.0,1.0,0.0,42.47607421875,22.477395194404046
929,0.0,0.0,1.0,0.0,42.47607421875,22.477395194404046
930,0.0,0.0,1.0,0.0,42.47607421875,22.477395194404046
931,0.0,0.0,1.0,0.0,42.47607421875,22.477395194404046
932,0.0,0.0,1.0,0.0,42.47607421875,22.477395194404046
933,0.0,0.0,1.0,0.0,42.47607421875,22.477395194404046
934,0.0,0.0,1.0,0.0,42.47607421875,22.477395194404046
935,0.0,0.0,1.0,0.0,42.47607421875,22.477395194404046
936,0.0,0.0,1.0,0.0,42.47607421875,22.477395194404046
937,0.0,0.0,1.0,0.0,42.47607421875,22.477395194404046
938,0.0,0.0,1.0,0.0,42.47607421875,22.477395194404046
939,0.0,0.0,1.0,0.0,42.47607421875,22.477395194404046
940,0.0,0.0,1.0,0.0,42.47607421875,22.477395194404046
941,0.0,0.0,1.0,0.0,42.47607421875,22.477395194404046
942,0.0,0.0,1.0,0.0,42.47607421875,22.477395194404046
943,0.0,0.0,1.0,0.0,42.47607421875,22.477395194404046
944,0.0,0.0,1.0,0.0,42.47607421875,22.477395194404046
945,0.0,0.0,1.0,0.0,42.47607421875,22.477395194404046
946,0.0,0.0,1.0,0.0,42.47607421875,22.477395194404046
947,0.0,0.0,1.0,0.0,42.47607421875,22.477395194404046
948,0.0,0.0,1.0,0.0,42.47607421875,22.477395194404046
949,0.0,0.0,1.0,0.0,42.47607421875,22.477395194404046
950,0.0,0.0,1.0,0.0,42.47607421875,22.477395194404046
951,0.0,0.0,1.0,0.0,42.47607421875,22.477395194404046
952,0.0,0.0,1.0,0.0,42.47607421875,22.477395194404046
953,0.0,0.0,1.0,0.0,42.47607421875,22.477395194404046
954,0.0,0.0,1.0,0.0,42.47607421875,22.477395194404046
955,0.0,0.0,1.0,0.0,42.47607421875,22.477395194404046
956,0.0,0.0,1.0,0.0,42.47607421875,22.477395194404046
957,0.0,0.0,1.0,0.0,42.47607421875,22.477395194404046
958,0.0,0.0,1.0,0.0,42.47607421875,22.477395194404046
959,0.0,0.0,1.0,0.0,42.47607421875,22.477395194404046
960,0.0,0.0,1.0,0.0,42.47607421875,22.477395194404046
961,0.0,0.0,1.0,0.0,42.47607421875,22.477395194404046
962,0.0,0.0,1.0,0.0,42.47607421875,22.477395194404046
963,0.0,0.0,1.0,0.0,42.47607421875,22.477395194404046
964,0.0,0.0,1.0,0.0,42.47607421875,22.477395194404046
965,0.0,0.0,1.0,0.0,42.47607421875,22.477395194404046
966,0.0,0.0,1.0,0.0,42.47607421875,22.477395194404046
967,0.0,0.0,1.0,0.0,42.47607421875,22.477395194404046
968,0.0,0.0,1.0,0.0,42.47607421875,22.477395194404046
969,0.0,0.0,1.0,0.0,42.47607421875,22.477395194404046
970,0.0,0.0,1.0,0.0,42.47607421875,22.477395194404046
971,0.0,0.0,1.0,0.0,42.47607421875,22.477395194404046
972,0.0,0.0,1.0,0.0,42.47607421875,22.477395194404046
973,0.0,0.0,1.0,0.0,42.47607421875,22.477395194404046
974,0.0,0.0,1.0,0.0,42.47607421875,22.477395194404046
975,0.0,0.0,1.0,0.0,42.47607421875,22.477395194404046
976,0.0,0.0,1.0,0.0,42.47607421875,22.477395194404046
977,0.0,0.0,1.0,0.0,42.47607421875,22.477395194404046
978,0.0,0.0,1.0,0.0,42.47607421875,22.477395194404046
979,0.0,0.0,1.0,0.0,42.47607421875,22.477395194404046
980,0.0,0.0,1.0,0.0,42.47607421875,22.477395194404046
981,0.0,0.0,1.0,0.0,42.47607421875,22.477395194404046
982,0.0,0.0,1.0,0.0,42.47607421875,22.477395194404046
983,0.0,0.0,1.0,0.0,42.47607421875,22.477395194404046
984,0.0,0.0,1.0,0.0,42.47607421875,22.477395194404046
985,0.0,0.0,1.0,0.0,42.47607421875,22.477395194404046
986,0.0,0.0,1.0,0.0,42.47607421875,22.477395194404046
987,0.0,0.0,1.0,0.0,42.47607421875,22.477395194404046
988,0.0,0.0,1.0,0.0,42.47607421875,22.477395194404046
989,0.0,0.0,1.0,0.0,42.47607421875,22.477395194404046
990,0.0,0.0,1.0,0.0,42.47607421875,22.477395194404046
991,0.0,0.0,1.0,0.0,42.47607421875,22.477395194404046
992,0.0,0.0,1.0,0.0,42.47607421875,22.477395194404046
993,0.0,0.0,1.0,0.0,42.47607421875,22.477395194404046
994,0.0,0.0,1.0,0.0,42.47607421875,22.477395194404046
995,0.0,0.0,1.0,0.0,42.47607421875,22.477395194404046
996,0.0,0.0,1.0,0.0,42.47607421875,22.477395194404046
997,0.0,0.0,1.0,0.0,42.47607421875,22.477395194404046
998,0.0,0.0,1.0,0.0,42.47607421875,22.477395194404046
999,0.0,0.0,1.0,0.0,42.47607421875,22.477395194404046
1000,0.0,0.0,1.0,0.0,42.47607421875,22.477395194404046
1001,0.0,0.0,1.0,0.0,42.47607421875,22.477395194404046
1002,0.0,0.0,1.0,0.0,42.47607421875,22.477395194404046
1003,0.0,0.0,1.0,0.0,42.47607421875,22.477395194404046
1004,0.0,0.0,1.0,0.0,42.47607421875,22.477395194404046
1005,0.0,0.0,1.0,0.0,42.47607421875,22.477395194404046
1006,0.0,0.0,1.0,0.0,42.47607421875,22.477395194404046
1007,0.0,0.0,1.0,0.0,42.47607421875,22.477395194404046
1008,0.0,0.0,1.0,0.0,42.47607421875,22.477395194404046
1009,0.0,0.0,1.0,0.0,42.47607421875,22.477395194404046
1010,0.0,0.0,1.0,0.0,42.47607421875,22.477395194404046
1011,0.0,0.0,1.0,0.0,42.47607421875,22.477395194404046
1012,0.0,0.0,1.0,0.0,42.47607421875,22.477395194404046
1013,0.0,0.0,1.0,0.0,42.47607421875,22.477395194404046
1014,0.0,0.0,1.0,0.0,42.47607421875,22.477395194404046
1015,0.0,0.0,1.0,0.0,42.47607421875,22.477395194404046
1016,0.0,0.0,1.0,0.0,42.47607421875,22.477395194404046
1017,0.0,0.0,1.0,0.0,42.47607421875,22.477395194404046
1018,0.0,0.0,1.0,0.0,42.47607421875,22.477395194404046
1019,0.0,0.0,1.0,0.0,42.47607421875,22.477395194404046
1020,0.0,0.0,1.0,0.0,42.47607421875,22.477395194404046
1021,0.0,0.0,1.0,0.0,42.47607421875,22.477395194404046
1022,0.0,0.0,1.0,0.0,42.47607421875,22.477395194404046
1023,0.0,0.0,1.0,0.0,42.47607421875,22.477395194404046
1024,0.0,0.0,1.0,0.0,42.47607421875,22.477395194404046
1025,0.0,0.0,1.0,0.0,42.47607421875,22.477395194404046
1026,0.0,0.0,1.0,0.0,42.47607421875,22.477395194404046
1027,0.0,0.0,1.0,0.0,42.47607421875,22.477395194404046
1028,0.0,0.0,1.0,0.0,42.47607421875,22.477395194404046
1029,0.0,0.0,1.0,0.0,42.47607421875,22.477395194404046
1030,0.0,0.0,1.0,0.0,42.47607421875,22.477395194404046
1031,0.0,0.0,1.0,0.0,42.47607421875,22.477395194404046
1032,0.0,0.0,1.0,0.0,42.47607421875,22.477395194404046
1033,0.0,0.0,1.0,0.0,42.47607421875,22.477395194404046
1034,0.0,0.0,1.0,0.0,42.47607421875,22.477395194404046
1035,0.0,0.0,1.0,0.0,42.47607421875,22.477395194404046
1036,0.0,0.0,1.0,0.0,42.47607421875,22.477395194404046
1037,0.0,0.0,1.0,0.0,42.47607421875,22.477395194404046
1038,0.0,0.0,1.0,0.0,42.47607421875,22.477395194404046
1039,0.0,0.0,1.0,0.0,42.47607421875,22.477395194404046
1040,0.0,0.0,1.0,0.0,42.47607421875,22.477395194404046
1041,0.0,0.0,1.0,0.0,42.47607421875,22.477395194404046
1042,0.0,0.0,1.0,0.0,42.47607421875,22.477395194404046
1043,0.0,0.0,1.0,0.0,42.47607421875,22.477395194404046
1044,0.0,0.0,1.0,0.0,42.47607421875,22.477395194404046
1045,0.0,0.0,1.0,0.0,42.47607421875,22.477395194404046
1046,0.0,0.0,1.0,0.0,42.47607421875,22.477395194404046
1047,0.0,0.0,1.0,0.0,42.47607421875,22.477395194404046
1048,0.0,0.0,1.0,0.0,42.47607421875,22.477395194404046
1049,0.0,0.0,1.0,0.0,42.47607421875,22.477395194404046
1050,0.0,0.0,1.0,0.0,42.47607421875,22.477395194404046
1051,0.0,0.0,1.0,0.0,42.47607421875,22.477395194404046
1052,0.0,0.0,1.0,0.0,42.47607421875,22.477395194404046
1053,0.0,0.0,1.0,0.0,42.47607421875,22.477395194404046
1054,0.0,0.0,1.0,0.0,42.47607421875,22.477395194404046
1055,0.0,0.0,1.0,0.0,42.47607421875,22.477395194404046
1056,0.0,0.0,1.0,0.0,42.47607421875,22.477395194404046
1057,0.0,0.0,1.0,0.0,42.47607421875,22.477395194404046
1058,0.0,0.0,1.0,0.0,42.47607421875,22.477395194404046
1059,0.0,0.0,1.0,0.0,42.47607421875,22.477395194404046
1060,0.0,0.0,1.0,0.0,42.47607421875,22.477395194404046
1061,0.0,0.0,1.0,0.0,42.47607421875,22.477395194404046
1062,0.0,0.0,1.0,0.0,42.47607421875,22.477395194404046
1063,0.0,0.0,1.0,0.0,42.47607421875,22.477395194404046
1064,0.0,0.0,1.0,0.0,42.47607421875,22.477395194404046
1065,0.0,0.0,1.0,0.0,42.47607421875,22.477395194404046
1066,0.0,0.0,1.0,0.0,42.47607421875,22.477395194404046
1067,0.0,0.0,1.0,0.0,42.47607421875,22.477395194404046
1068,0.0,0.0,1.0,0.0,42.47607421875,22.477395194404046
1069,0.0,0.0,1.0,0.0,42.47607421875,22.477395194404046
1070,0.0,0.0,1.0,0.0,42.47607421875,22.477395194404046
1071,0.0,0.0,1.0,0.0,42.47607421875,22.477395194404046
1072,0.0,0.0,1.0,0.0,42.47607421875,22.477395194404046
1073,0.0,0.0,1.0,0.0,42.47607421875,22.477395194404046
1074,0.0,0.0,1.0,0.0,42.47607421875,22.477395194404046
1075,0.0,0.0,1.0,0.0,42.47607421875,22.477395194404046
1076,0.0,0.0,1.0,0.0,42.47607421875,22.477395194404046
1077,0.0,0.0,1.0,0.0,42.47607421875,22.477395194404046
1078,0.0,0.0,1.0,0.0,42.47607421875,22.477395194404046
1079,0.0,0.0,1.0,0.0,42.47607421875,22.477395194404046
1080,0.0,0.0,1.0,0.0,42.47607421875,22.477395194404046
1081,0.0,0.0,1.0,0.0,42.47607421875,22.477395194404046
1082,0.0,0.0,1.0,0.0,42.47607421875,22.477395194404046
1083,0.0,0.0,1.0,0.0,42.47607421875,22.477395194404046
1084,0.0,0.0,1.0,0.0,42.47607421875,22.477395194404046
1085,0.0,0.0,1.0,0.0,42.47607421875,22.477395194404046
1086,0.0,0.0,1.0,0.0,42.47607421875,22.477395194404046
1087,0.0,0.0,1.0,0.0,42.47607421875,22.477395194404046
1088,0.0,0.0,1.0,0.0,42.47607421875,22.477395194404046
1089,0.0,0.0,1.0,0.0,42.47607421875,22.477395194404046
1090,0.0,0.0,1.0,0.0,42.47607421875,22.477395194404046
1091,0.0,0.0,1.0,0.0,42.47607421875,22.477395194404046
1092,0.0,0.0,1.0,0.0,42.47607421875,22.477395194404046
1093,0.0,0.0,1.0,0.0,42.47607421875,22.477395194404046
1094,0.0,0.0,1.0,0.0,42.47607421875,22.477395194404046
1095,0.0,0.0,1.0,0.0,42.47607421875,22.477395194404046
1096,0.0,0.0,1.0,0.0,42.47607421875,22.477395194404046
1097,0.0,0.0,1.0,0.0,42.47607421875,22.477395194404046
1098,0.0,0.0,1.0,0.0,42.47607421875,22.477395194404046
1099,0.0,0.0,1.0,0.0,42.47607421875,22.477395194404046
1100,0.0,0.0,1.0,0.0,42.47607421875,22.477395194404046
1101,0.0,0.0,1.0,0.0,42.47607421875,22.477395194404046
1102,0.0,0.0,1.0,0.0,42.47607421875,22.477395194404046
1103,0.0,0.0,1.0,0.0,42.47607421875,22.477395194404046
1104,0.0,0.0,1.0,0.0,42.47607421875,22.477395194404046
1105,0.0,0.0,1.0,0.0,42.47607421875,22.477395194404046
1106,0.0,0.0,1.0,0.0,42.47607421875,22.477395194404046
1107,0.0,0.0,1.0,0.0,42.47607421875,22.477395194404046
1108,0.0,0.0,1.0,0.0,42.47607421875,22.477395194404046
1109,0.0,0.0,1.0,0.0,42.47607421875,22.477395194404046
1110,0.0,0.0,1.0,0.0,42.47607421875,22.477395194404046
1111,0.0,0.0,1.0,0.0,42.47607421875,22.477395194404046
1112,0.0,0.0,1.0,0.0,42.47607421875,22.477395194404046
1113,0.0,0.0,1.0,0.0,42.47607421875,22.477395194404046
1114,0.0,0.0,1.0,0.0,42.47607421875,22.477395194404046
1115,0.0,0.0,1.0,0.0,42.47607421875,22.477395194404046
1116,0.0,0.0,1.0,0.0,42.47607421875,22.477395194404046
1117,0.0,0.0,1.0,0.0,42.47607421875,22.477395194404046
1118,0.0,0.0,1.0,0.0,42.47607421875,22.477395194404046
1119,0.0,0.0,1.0,0.0,42.47607421875,22.477395194404046
1120,0.0,0.0,1.0,0.0,42.47607421875,22.477395194404046
1121,0.0,0.0,1.0,0.0,42.47607421875,22.477395194404046
1122,0.0,0.0,1.0,0.0,42.47607421875,22.477395194404046
1123,0.0,0.0,1.0,0.0,42.47607421875,22.477395194404046
1124,0.0,0.0,1.0,0.0,42.47607421875,22.477395194404046
1125,0.0,0.0,1.0,0.0,42.47607421875,22.477395194404046
1126,0.0,0.0,1.0,0.0,42.47607421875,22.477395194404046
1127,0.0,0.0,1.0,0.0,42.47607421875,22.477395194404046
1128,0.0,0.0,1.0,0.0,42.47607421875,22.477395194404046
1129,0.0,0.0,1.0,0.0,42.47607421875,22.477395194404046
1130,0.0,0.0,1.0,0.0,42.47607421875,22.477395194404046
1131,0.0,0.0,1.0,0.0,42.47607421875,22.477395194404046
1132,0.0,0.0,1.0,0.0,42.47607421875,22.477395194404046
1133,0.0,0.0,1.0,0.0,42.47607421875,22.477395194404046
1134,0.0,0.0,1.0,0.0,42.47607421875,22.477395194404046
1135,0.0,0.0,1.0,0.0,42.47607421875,22.477395194404046
1136,0.0,0.0,1.0,0.0,42.47607421875,22.477395194404046
1137,0.0,0.0,1.0,0.0,42.47607421875,22.477395194404046
1138,0.0,0.0,1.0,0.0,42.47607421875,22.477395194404046
1139,0.0,0.0,1.0,0.0,42.47607421875,22.477395194404046
1140,0.0,0.0,1.0,0.0,42.47607421875,22.477395194404046
1141,0.0,0.0,1.0,0.0,42.47607421875,22.477395194404046
1142,0.0,0.0,1.0,0.0,42.47607421875,22.477395194404046
1143,0.0,0.0,1.0,0.0,42.47607421875,22.477395194404046
1144,0.0,0.0,1.0,0.0,42.47607421875,22.477395194404046
1145,0.0,0.0,1.0,0.0,42.47607421875,22.477395194404046
1146,0.0,0.0,1.0,0.0,42.47607421875,22.477395194404046
1147,0.0,0.0,1.0,0.0,42.47607421875,22.477395194404046
1148,0.0,0.0,1.0,0.0,42.47607421875,22.477395194404046
1149,0.0,0.0,1.0,0.0,42.47607421875,22.477395194404046
1150,0.0,0.0,1.0,0.0,42.47607421875,22.477395194404046
1151,0.0,0.0,1.0,0.0,42.47607421875,22.477395194404046
1152,0.0,0.0,1.0,0.0,42.47607421875,22.477395194404046
1153,0.0,0.0,1.0,0.0,42.47607421875,22.477395194404046
1154,0.0,0.0,1.0,0.0,42.47607421875,22.477395194404046
1155,0.0,0.0,1.0,0.0,42.47607421875,22.477395194404046
1156,0.0,0.0,1.0,0.0,42.47607421875,22.477395194404046
1157,0.0,0.0,1.0,0.0,42.47607421875,22.477395194404046
1158,0.0,0.0,1.0,0.0,42.47607421875,22.477395194404046
1159,0.0,0.0,1.0,0.0,42.47607421875,22.477395194404046
1160,0.0,0.0,1.0,0.0,42.47607421875,22.477395194404046
1161,0.0,0.0,1.0,0.0,42.47607421875,22.477395194404046
1162,0.0,0.0,1.0,0.0,42.47607421875,22.477395194404046
1163,0.0,0.0,1.0,0.0,42.47607421875,22.477395194404046
1164,0.0,0.0,1.0,0.0,42.47607421875,22.477395194404046
1165,0.0,0.0,1.0,0.0,42.47607421875,22.477395194404046
1166,0.0,0.0,1.0,0.0,42.47607421875,22.477395194404046
1167,0.0,0.0,1.0,0.0,42.47607421875,22.477395194404046
1168,0.0,0.0,1.0,0.0,42.47607421875,22.477395194404046
1169,0.0,0.0,1.0,0.0,42.47607421875,22.477395194404046
1170,0.0,0.0,1.0,0.0,42.47607421875,22.477395194404046
1171,0.0,0.0,1.0,0.0,42.47607421875,22.477395194404046
1172,0.0,0.0,1.0,0.0,42.47607421875,22.477395194404046
1173,0.0,0.0,1.0,0.0,42.47607421875,22.477395194404046
1174,0.0,0.0,1.0,0.0,42.47607421875,22.477395194404046
1175,0.0,0.0,1.0,0.0,42.47607421875,22.477395194404046
1176,0.0,0.0,1.0,0.0,42.47607421875,22.477395194404046
1177,0.0,0.0,1.0,0.0,42.47607421875,22.477395194404046
1178,0.0,0.0,1.0,0.0,42.47607421875,22.477395194404046
1179,0.0,0.0,1.0,0.0,42.47607421875,22.477395194404046
1180,0.0,0.0,1.0,0.0,42.47607421875,22.477395194404046
1181,0.0,0.0,1.0,0.0,42.47607421875,22.477395194404046
1182,0.0,0.0,1.0,0.0,42.47607421875,22.477395194404046
1183,0.0,0.0,1.0,0.0,42.47607421875,22.477395194404046
1184,0.0,0.0,1.0,0.0,42.47607421875,22.477395194404046
1185,0.0,0.0,1.0,0.0,42.47607421875,22.477395194404046
1186,0.0,0.0,1.0,0.0,42.47607421875,22.477395194404046
1187,0.0,0.0,1.0,0.0,42.47607421875,22.477395194404046
1188,0.0,0.0,1.0,0.0,42.47607421875,22.477395194404046
1189,0.0,0.0,1.0,0.0,42.47607421875,22.477395194404046
1190,0.0,0.0,1.0,0.0,42.47607421875,22.477395194404046
1191,0.0,0.0,1.0,0.0,42.47607421875,22.477395194404046
1192,0.0,0.0,1.0,0.0,42.47607421875,22.477395194404046
1193,0.0,0.0,1.0,0.0,42.47607421875,22.477395194404046
1194,0.0,0.0,1.0,0.0,42.47607421875,22.477395194404046
1195,0.0,0.0,1.0,0.0,42.47607421875,22.477395194404046
1196,0.0,0.0,1.0,0.0,42.47607421875,22.477395194404046
1197,0.0,0.0,1.0,0.0,42.47607421875,22.477395194404046
1198,0.0,0.0,1.0,0.0,42.47607421875,22.477395194404046
1199,0.0,0.0,1.0,0.0,42.47607421875,22.477395194404046
1200,0.0,0.0,1.0,0.0,42.47607421875,22.477395194404046
1201,0.0,0.0,1.0,0.0,42.47607421875,22.477395194404046
1202,0.0,0.0,1.0,0.0,42.47607421875,22.477395194404046
1203,0.0,0.0,1.0,0.0,42.47607421875,22.477395194404046
1204,0.0,0.0,1.0,0.0,42.47607421875,22.477395194404046
1205,0.0,0.0,1.0,0.0,42.47607421875,22.477395194404046
1206,0.0,0.0,1.0,0.0,42.47607421875,22.477395194404046
1207,0.0,0.0,1.0,0.0,42.47607421875,22.477395194404046
1208,0.0,0.0,1.0,0.0,42.47607421875,22.477395194404046
1209,0.0,0.0,1.0,0.0,42.47607421875,22.477395194404046
1210,0.0,0.0,1.0,0.0,42.47607421875,22.477395194404046
1211,0.0,0.0,1.0,0.0,42.47607421875,22.477395194404046
1212,0.0,0.0,1.0,0.0,42.47607421875,22.477395194404046
1213,0.0,0.0,1.0,0.0,42.47607421875,22.477395194404046
1214,0.0,0.0,1.0,0.0,42.47607421875,22.477395194404046
1215,0.0,0.0,1.0,0.0,42.47607421875,22.477395194404046
1216,0.0,0.0,1.0,0.0,42.47607421875,22.477395194404046
1217,0.0,0.0,1.0,0.0,42.47607421875,22.477395194404046
1218,0.0,0.0,1.0,0.0,42.47607421875,22.477395194404046
1219,0.0,0.0,1.0,0.0,42.47607421875,22.477395194404046
1220,0.0,0.0,1.0,0.0,42.47607421875,22.477395194404046
1221,0.0,0.0,1.0,0.0,42.47607421875,22.477395194404046
1222,0.0,0.0,1.0,0.0,42.47607421875,22.477395194404046
1223,0.0,0.0,1.0,0.0,42.47607421875,22.477395194404046
1224,0.0,0.0,1.0,0.0,42.47607421875,22.477395194404046
1225,0.0,0.0,1.0,0.0,42.47607421875,22.477395194404046
1226,0.0,0.0,1.0,0.0,42.47607421875,22.477395194404046
1227,0.0,0.0,1.0,0.0,42.47607421875,22.477395194404046
1228,0.0,0.0,1.0,0.0,42.47607421875,22.477395194404046
1229,0.0,0.0,1.0,0.0,42.47607421875,22.477395194404046
1230,0.0,0.0,1.0,0.0,42.47607421875,22.477395194404046
1231,0.0,0.0,1.0,0.0,42.47607421875,22.477395194404046
1232,0.0,0.0,1.0,0.0,42.47607421875,22.477395194404046
1233,0.0,0.0,1.0,0.0,42.47607421875,22.477395194404046
1234,0.0,0.0,1.0,0.0,42.47607421875,22.477395194404046
1235,0.0,0.0,1.0,0.0,42.47607421875,22.477395194404046
1236,0.0,0.0,1.0,0.0,42.47607421875,22.477395194404046
1237,0.0,0.0,1.0,0.0,42.47607421875,22.477395194404046
1238,0.0,0.0,1.0,0.0,42.47607421875,22.477395194404046
1239,0.0,0.0,1.0,0.0,42.47607421875,22.477395194404046
1240,0.0,0.0,1.0,0.0,42.47607421875,22.477395194404046
1241,0.0,0.0,1.0,0.0,42.47607421875,22.477395194404046
1242,0.0,0.0,1.0,0.0,42.47607421875,22.477395194404046
1243,0.0,0.0,1.0,0.0,42.47607421875,22.477395194404046
1244,0.0,0.0,1.0,0.0,42.47607421875,22.477395194404046
1245,0.0,0.0,1.0,0.0,42.47607421875,22.477395194404046
1246,0.0,0.0,1.0,0.0,42.47607421875,22.477395194404046
1247,0.0,0.0,1.0,0.0,42.47607421875,22.477395194404046
1248,0.0,0.0,1.0,0.0,42.47607421875,22.477395194404046
1249,0.0,0.0,1.0,0.0,42.47607421875,22.477395194404046
1250,0.0,0.0,1.0,0.0,42.47607421875,22.477395194404046
1251,0.0,0.0,1.0,0.0,42.47607421875,22.477395194404046
1252,0.0,0.0,1.0,0.0,42.47607421875,22.477395194404046
1253,0.0,0.0,1.0,0.0,42.47607421875,22.477395194404046
1254,0.0,0.0,1.0,0.0,42.47607421875,22.477395194404046
1255,0.0,0.0,1.0,0.0,42.47607421875,22.477395194404046
1256,0.0,0.0,1.0,0.0,42.47607421875,22.477395194404046
1257,0.0,0.0,1.0,0.0,42.47607421875,22.477395194404046
1258,0.0,0.0,1.0,0.0,42.47607421875,22.477395194404046
1259,0.0,0.0,1.0,0.0,42.47607421875,22.477395194404046
1260,0.0,0.0,1.0,0.0,42.47607421875,22.477395194404046
1261,0.0,0.0,1.0,0.0,42.47607421875,22.477395194404046
1262,0.0,0.0,1.0,0.0,42.47607421875,22.477395194404046
1263,0.0,0.0,1.0,0.0,42.47607421875,22.477395194404046
1264,0.0,0.0,1.0,0.0,42.47607421875,22.477395194404046
1265,0.0,0.0,1.0,0.0,42.47607421875,22.477395194404046
1266,0.0,0.0,1.0,0.0,42.47607421875,22.477395194404046
1267,0.0,0.0,1.0,0.0,42.47607421875,22.477395194404046
1268,0.0,0.0,1.0,0.0,42.47607421875,22.477395194404046
1269,0.0,0.0,1.0,0.0,42.47607421875,22.477395194404046
1270,0.0,0.0,1.0,0.0,42.47607421875,22.477395194404046
1271,0.0,0.0,1.0,0.0,42.47607421875,22.477395194404046
1272,0.0,0.0,1.0,0.0,42.47607421875,22.477395194404046
1273,0.0,0.0,1.0,0.0,42.47607421875,22.477395194404046
1274,0.0,0.0,1.0,0.0,42.47607421875,22.477395194404046
1275,0.0,0.0,1.0,0.0,42.47607421875,22.477395194404046
1276,0.0,0.0,1.0,0.0,42.47607421875,22.477395194404046
1277,0.0,0.0,1.0,0.0,42.47607421875,22.477395194404046
1278,0.0,0.0,1.0,0.0,42.47607421875,22.477395194404046
1279,0.0,0.0,1.0,0.0,42.47607421875,22.477395194404046
1280,0.0,0.0,1.0,0.0,42.47607421875,22.477395194404046
1281,0.0,0.0,1.0,0.0,42.47607421875,22.477395194404046
1282,0.0,0.0,1.0,0.0,42.47607421875,22.477395194404046
1283,0.0,0.0,1.0,0.0,42.47607421875,22.477395194404046
1284,0.0,0.0,1.0,0.0,42.47607421875,22.477395194404046
1285,0.0,0.0,1.0,0.0,42.47607421875,22.477395194404046
1286,0.0,0.0,1.0,0.0,42.47607421875,22.477395194404046
1287,0.0,0.0,1.0,0.0,42.47607421875,22.477395194404046
1288,0.0,0.0,1.0,0.0,42.47607421875,22.477395194404046
1289,0.0,0.0,1.0,0.0,42.47607421875,22.477395194404046
1290,0.0,0.0,1.0,0.0,42.47607421875,22.477395194404046
1291,0.0,0.0,1.0,0.0,42.47607421875,22.477395194404046
1292,0.0,0.0,1.0,0.0,42.47607421875,22.477395194404046
1293,0.0,0.0,1.0,0.0,42.47607421875,22.477395194404046
1294,0.0,0.0,1.0,0.0,42.47607421875,22.477395194404046
1295,0.0,0.0,1.0,0.0,42.47607421875,22.477395194404046
1296,0.0,0.0,1.0,0.0,42.47607421875,22.477395194404046
1297,0.0,0.0,1.0,0.0,42.47607421875,22.477395194404046
1298,0.0,0.0,1.0,0.0,42.47607421875,22.477395194404046
1299,0.0,0.0,1.0,0.0,42.47607421875,22.477395194404046
1300,0.0,0.0,1.0,0.0,42.47607421875,22.477395194404046
1301,0.0,0.0,1.0,0.0,42.47607421875,22.477395194404046
1302,0.0,0.0,1.0,0.0,42.47607421875,22.477395194404046
1303,0.0,0.0,1.0,0.0,42.47607421875,22.477395194404046
1304,0.0,0.0,1.0,0.0,42.47607421875,22.477395194404046
1305,0.0,0.0,1.0,0.0,42.47607421875,22.477395194404046
1306,0.0,0.0,1.0,0.0,42.47607421875,22.477395194404046
1307,0.0,0.0,1.0,0.0,42.47607421875,22.477395194404046
1308,0.0,0.0,1.0,0.0,42.47607421875,22.477395194404046
1309,0.0,0.0,1.0,0.0,42.47607421875,22.477395194404046
1310,0.0,0.0,1.0,0.0,42.47607421875,22.477395194404046
1311,0.0,0.0,1.0,0.0,42.47607421875,22.477395194404046
1312,0.0,0.0,1.0,0.0,42.47607421875,22.477395194404046
1313,0.0,0.0,1.0,0.0,42.47607421875,22.477395194404046
1314,0.0,0.0,1.0,0.0,42.47607421875,22.477395194404046
1315,0.0,0.0,1.0,0.0,42.47607421875,22.477395194404046
1316,0.0,0.0,1.0,0.0,42.47607421875,22.477395194404046
1317,0.0,0.0,1.0,0.0,42.47607421875,22.477395194404046
1318,0.0,0.0,1.0,0.0,42.47607421875,22.477395194404046
1319,0.0,0.0,1.0,0.0,42.47607421875,22.477395194404046
1320,0.0,0.0,1.0,0.0,42.47607421875,22.477395194404046
1321,0.0,0.0,1.0,0.0,42.47607421875,22.477395194404046
1322,0.0,0.0,1.0,0.0,42.47607421875,22.477395194404046
1323,0.0,0.0,1.0,0.0,42.47607421875,22.477395194404046
1324,0.0,0.0,1.0,0.0,42.47607421875,22.477395194404046
1325,0.0,0.0,1.0,0.0,42.47607421875,22.477395194404046
1326,0.0,0.0,1.0,0.0,42.47607421875,22.477395194404046
1327,0.0,0.0,1.0,0.0,42.47607421875,22.477395194404046
1328,0.0,0.0,1.0,0.0,42.47607421875,22.477395194404046
1329,0.0,0.0,1.0,0.0,42.47607421875,22.477395194404046
1330,0.0,0.0,1.0,0.0,42.47607421875,22.477395194404046
1331,0.0,0.0,1.0,0.0,42.47607421875,22.477395194404046
1332,0.0,0.0,1.0,0.0,42.47607421875,22.477395194404046
1333,0.0,0.0,1.0,0.0,42.47607421875,22.477395194404046
1334,0.0,0.0,1.0,0.0,42.47607421875,22.477395194404046
1335,0.0,0.0,1.0,0.0,42.47607421875,22.477395194404046
1336,0.0,0.0,1.0,0.0,42.47607421875,22.477395194404046
1337,0.0,0.0,1.0,0.0,42.47607421875,22.477395194404046
1338,0.0,0.0,1.0,0.0,42.47607421875,22.477395194404046
1339,0.0,0.0,1.0,0.0,42.47607421875,22.477395194404046
1340,0.0,0.0,1.0,0.0,42.47607421875,22.477395194404046
1341,0.0,0.0,1.0,0.0,42.47607421875,22.477395194404046
1342,0.0,0.0,1.0,0.0,42.47607421875,22.477395194404046
1343,0.0,0.0,1.0,0.0,42.47607421875,22.477395194404046
1344,0.0,0.0,1.0,0.0,42.47607421875,22.477395194404046
1345,0.0,0.0,1.0,0.0,42.47607421875,22.477395194404046
1346,0.0,0.0,1.0,0.0,42.47607421875,22.477395194404046
1347,0.0,0.0,1.0,0.0,42.47607421875,22.477395194404046
1348,0.0,0.0,1.0,0.0,42.47607421875,22.477395194404046
1349,0.0,0.0,1.0,0.0,42.47607421875,22.477395194404046
1350,0.0,0.0,1.0,0.0,42.47607421875,22.477395194404046
1351,0.0,0.0,1.0,0.0,42.47607421875,22.477395194404046
1352,0.0,0.0,1.0,0.0,42.47607421875,22.477395194404046
1353,0.0,0.0,1.0,0.0,42.47607421875,22.477395194404046
1354,0.0,0.0,1.0,0.0,42.47607421875,22.477395194404046
1355,0.0,0.0,1.0,0.0,42.47607421875,22.477395194404046
1356,0.0,0.0,1.0,0.0,42.47607421875,22.477395194404046
1357,0.0,0.0,1.0,0.0,42.47607421875,22.477395194404046
1358,0.0,0.0,1.0,0.0,42.47607421875,22.477395194404046
1359,0.0,0.0,1.0,0.0,42.47607421875,22.477395194404046
1360,0.0,0.0,1.0,0.0,42.47607421875,22.477395194404046
1361,0.0,0.0,1.0,0.0,42.47607421875,22.477395194404046
1362,0.0,0.0,1.0,0.0,42.47607421875,22.477395194404046
1363,0.0,0.0,1.0,0.0,42.47607421875,22.477395194404046
1364,0.0,0.0,1.0,0.0,42.47607421875,22.477395194404046
1365,0.0,0.0,1.0,0.0,42.47607421875,22.477395194404046
1366,0.0,0.0,1.0,0.0,42.47607421875,22.477395194404046
1367,0.0,0.0,1.0,0.0,42.47607421875,22.477395194404046
1368,0.0,0.0,1.0,0.0,42.47607421875,22.477395194404046
1369,0.0,0.0,1.0,0.0,42.47607421875,22.477395194404046
1370,0.0,0.0,1.0,0.0,42.47607421875,22.477395194404046
1371,0.0,0.0,1.0,0.0,42.47607421875,22.477395194404046
1372,0.0,0.0,1.0,0.0,42.47607421875,22.477395194404046
1373,0.0,0.0,1.0,0.0,42.47607421875,22.477395194404046
1374,0.0,0.0,1.0,0.0,42.47607421875,22.477395194404046
1375,0.0,0.0,1.0,0.0,42.47607421875,22.477395194404046
1376,0.0,0.0,1.0,0.0,42.47607421875,22.477395194404046
1377,0.0,0.0,1.0,0.0,42.47607421875,22.477395194404046
1378,0.0,0.0,1.0,0.0,42.47607421875,22.477395194404046
1379,0.0,0.0,1.0,0.0,42.47607421875,22.477395194404046
1380,0.0,0.0,1.0,0.0,42.47607421875,22.477395194404046
1381,0.0,0.0,1.0,0.0,42.47607421875,22.477395194404046
1382,0.0,0.0,1.0,0.0,42.47607421875,22.477395194404046
1383,0.0,0.0,1.0,0.0,42.47607421875,22.477395194404046
1384,0.0,0.0,1.0,0.0,42.47607421875,22.477395194404046
1385,0.0,0.0,1.0,0.0,42.47607421875,22.477395194404046
1386,0.0,0.0,1.0,0.0,42.47607421875,22.477395194404046
1387,0.0,0.0,1.0,0.0,42.47607421875,22.477395194404046
1388,0.0,0.0,1.0,0.0,42.47607421875,22.477395194404046
1389,0.0,0.0,1.0,0.0,42.47607421875,22.477395194404046
1390,0.0,0.0,1.0,0.0,42.47607421875,22.477395194404046
1391,0.0,0.0,1.0,0.0,42.47607421875,22.477395194404046
1392,0.0,0.0,1.0,0.0,42.47607421875,22.477395194404046
1393,0.0,0.0,1.0,0.0,42.47607421875,22.477395194404046
1394,0.0,0.0,1.0,0.0,42.47607421875,22.477395194404046
1395,0.0,0.0,1.0,0.0,42.47607421875,22.477395194404046
1396,0.0,0.0,1.0,0.0,42.47607421875,22.477395194404046
1397,0.0,0.0,1.0,0.0,42.47607421875,22.477395194404046
1398,0.0,0.0,1.0,0.0,42.47607421875,22.477395194404046
1399,0.0,0.0,1.0,0.0,42.47607421875,22.477395194404046
1400,0.0,0.0,1.0,0.0,42.47607421875,22.477395194404046
1401,0.0,0.0,1.0,0.0,42.47607421875,22.477395194404046
1402,0.0,0.0,1.0,0.0,42.47607421875,22.477395194404046
1403,0.0,0.0,1.0,0.0,42.47607421875,22.477395194404046
1404,0.0,0.0,1.0,0.0,42.47607421875,22.477395194404046
1405,0.0,0.0,1.0,0.0,42.47607421875,22.477395194404046
1406,0.0,0.0,1.0,0.0,42.47607421875,22.477395194404046
1407,0.0,0.0,1.0,0.0,42.47607421875,22.477395194404046
1408,0.0,0.0,1.0,0.0,42.47607421875,22.477395194404046
1409,0.0,0.0,1.0,0.0,42.47607421875,22.477395194404046
1410,0.0,0.0,1.0,0.0,42.47607421875,22.477395194404046
1411,0.0,0.0,1.0,0.0,42.47607421875,22.477395194404046
1412,0.0,0.0,1.0,0.0,42.47607421875,22.477395194404046
1413,0.0,0.0,1.0,0.0,42.47607421875,22.477395194404046
1414,0.0,0.0,1.0,0.0,42.47607421875,22.477395194404046
1415,0.0,0.0,1.0,0.0,42.47607421875,22.477395194404046
1416,0.0,0.0,1.0,0.0,42.47607421875,22.477395194404046
1417,0.0,0.0,1.0,0.0,42.47607421875,22.477395194404046
1418,0.0,0.0,1.0,0.0,42.47607421875,22.477395194404046
1419,0.0,0.0,1.0,0.0,42.47607421875,22.477395194404046
1420,0.0,0.0,1.0,0.0,42.47607421875,22.477395194404046
1421,0.0,0.0,1.0,0.0,42.47607421875,22.477395194404046
1422,0.0,0.0,1.0,0.0,42.47607421875,22.477395194404046
1423,0.0,0.0,1.0,0.0,42.47607421875,22.477395194404046
1424,0.0,0.0,1.0,0.0,42.47607421875,22.477395194404046
1425,0.0,0.0,1.0,0.0,42.47607421875,22.477395194404046
1426,0.0,0.0,1.0,0.0,42.47607421875,22.477395194404046
1427,0.0,0.0,1.0,0.0,42.47607421875,22.477395194404046
1428,0.0,0.0,1.0,0.0,42.47607421875,22.477395194404046
1429,0.0,0.0,1.0,0.0,42.47607421875,22.477395194404046
1430,0.0,0.0,1.0,0.0,42.47607421875,22.477395194404046
1431,0.0,0.0,1.0,0.0,42.47607421875,22.477395194404046
1432,0.0,0.0,1.0,0.0,42.47607421875,22.477395194404046
1433,0.0,0.0,1.0,0.0,42.47607421875,22.477395194404046
1434,0.0,0.0,1.0,0.0,42.47607421875,22.477395194404046
1435,0.0,0.0,1.0,0.0,42.47607421875,22.477395194404046
1436,0.0,0.0,1.0,0.0,42.47607421875,22.477395194404046
1437,0.0,0.0,1.0,0.0,42.47607421875,22.477395194404046
1438,0.0,0.0,1.0,0.0,42.47607421875,22.477395194404046
1439,0.0,0.0,1.0,0.0,42.47607421875,22.477395194404046
1440,0.0,0.0,1.0,0.0,42.47607421875,22.477395194404046
1441,0.0,0.0,1.0,0.0,42.47607421875,22.477395194404046
1442,0.0,0.0,1.0,0.0,42.47607421875,22.477395194404046
1443,0.0,0.0,1.0,0.0,42.47607421875,22.477395194404046
1444,0.0,0.0,1.0,0.0,42.47607421875,22.477395194404046
1445,0.0,0.0,1.0,0.0,42.47607421875,22.477395194404046
1446,0.0,0.0,1.0,0.0,42.47607421875,22.477395194404046
1447,0.0,0.0,1.0,0.0,42.47607421875,22.477395194404046
1448,0.0,0.0,1.0,0.0,42.47607421875,22.477395194404046
1449,0.0,0.0,1.0,0.0,42.47607421875,22.477395194404046
1450,0.0,0.0,1.0,0.0,42.47607421875,22.477395194404046
1451,0.0,0.0,1.0,0.0,42.47607421875,22.477395194404046
1452,0.0,0.0,1.0,0.0,42.47607421875,22.477395194404046
1453,0.0,0.0,1.0,0.0,42.47607421875,22.477395194404046
1454,0.0,0.0,1.0,0.0,42.47607421875,22.477395194404046
1455,0.0,0.0,1.0,0.0,42.47607421875,22.477395194404046
1456,0.0,0.0,1.0,0.0,42.47607421875,22.477395194404046
1457,0.0,0.0,1.0,0.0,42.47607421875,22.477395194404046
1458,0.0,0.0,1.0,0.0,42.47607421875,22.477395194404046
1459,0.0,0.0,1.0,0.0,42.47607421875,22.477395194404046
1460,0.0,0.0,1.0,0.0,42.47607421875,22.477395194404046
1461,0.0,0.0,1.0,0.0,42.47607421875,22.477395194404046
1462,0.0,0.0,1.0,0.0,42.47607421875,22.477395194404046
1463,0.0,0.0,1.0,0.0,42.47607421875,22.477395194404046
1464,0.0,0.0,1.0,0.0,42.47607421875,22.477395194404046
1465,0.0,0.0,1.0,0.0,42.47607421875,22.477395194404046
1466,0.0,0.0,1.0,0.0,42.47607421875,22.477395194404046
1467,0.0,0.0,1.0,0.0,42.47607421875,22.477395194404046
1468,0.0,0.0,1.0,0.0,42.47607421875,22.477395194404046
1469,0.0,0.0,1.0,0.0,42.47607421875,22.477395194404046
1470,0.0,0.0,1.0,0.0,42.47607421875,22.477395194404046
1471,0.0,0.0,1.0,0.0,42.47607421875,22.477395194404046
1472,0.0,0.0,1.0,0.0,42.47607421875,22.477395194404046
1473,0.0,0.0,1.0,0.0,42.47607421875,22.477395194404046
1474,0.0,0.0,1.0,0.0,42.47607421875,22.477395194404046
1475,0.0,0.0,1.0,0.0,42.47607421875,22.477395194404046
1476,0.0,0.0,1.0,0.0,42.47607421875,22.477395194404046
1477,0.0,0.0,1.0,0.0,42.47607421875,22.477395194404046
1478,0.0,0.0,1.0,0.0,42.47607421875,22.477395194404046
1479,0.0,0.0,1.0,0.0,42.47607421875,22.477395194404046
1480,0.0,0.0,1.0,0.0,42.47607421875,22.477395194404046
1481,0.0,0.0,1.0,0.0,42.47607421875,22.477395194404046
1482,0.0,0.0,1.0,0.0,42.47607421875,22.477395194404046
1483,0.0,0.0,1.0,0.0,42.47607421875,22.477395194404046
1484,0.0,0.0,1.0,0.0,42.47607421875,22.477395194404046
1485,0.0,0.0,1.0,0.0,42.47607421875,22.477395194404046
1486,0.0,0.0,1.0,0.0,42.47607421875,22.477395194404046
1487,0.0,0.0,1.0,0.0,42.47607421875,22.477395194404046
1488,0.0,0.0,1.0,0.0,42.47607421875,22.477395194404046
1489,0.0,0.0,1.0,0.0,42.47607421875,22.477395194404046
1490,0.0,0.0,1.0,0.0,42.47607421875,22.477395194404046
1491,0.0,0.0,1.0,0.0,42.47607421875,22.477395194404046
1492,0.0,0.0,1.0,0.0,42.47607421875,22.477395194404046
1493,0.0,0.0,1.0,0.0,42.47607421875,22.477395194404046
1494,0.0,0.0,1.0,0.0,42.47607421875,22.477395194404046
1495,0.0,0.0,1.0,0.0,42.47607421875,22.477395194404046
1496,0.0,0.0,1.0,0.0,42.47607421875,22.477395194404046
1497,0.0,0.0,1.0,0.0,42.47607421875,22.477395194404046
1498,0.0,0.0,1.0,0.0,42.47607421875,22.477395194404046
1499,0.0,0.0,1.0,0.0,42.47607421875,22.477395194404046
1500,0.0,0.0,1.0,0.0,42.47607421875,22.477395194404046
1501,0.0,0.0,1.0,0.0,42.47607421875,22.477395194404046
1502,0.0,0.0,1.0,0.0,42.47607421875,22.477395194404046
1503,0.0,0.0,1.0,0.0,42.47607421875,22.477395194404046
1504,0.0,0.0,1.0,0.0,42.47607421875,22.477395194404046
1505,0.0,0.0,1.0,0.0,42.47607421875,22.477395194404046
1506,0.0,0.0,1.0,0.0,42.47607421875,22.477395194404046
1507,0.0,0.0,1.0,0.0,42.47607421875,22.477395194404046
1508,0.0,0.0,1.0,0.0,42.47607421875,22.477395194404046
1509,0.0,0.0,1.0,0.0,42.47607421875,22.477395194404046
1510,0.0,0.0,1.0,0.0,42.47607421875,22.477395194404046
1511,0.0,0.0,1.0,0.0,42.47607421875,22.477395194404046
1512,0.0,0.0,1.0,0.0,42.47607421875,22.477395194404046
1513,0.0,0.0,1.0,0.0,42.47607421875,22.477395194404046
1514,0.0,0.0,1.0,0.0,42.47607421875,22.477395194404046
1515,0.0,0.0,1.0,0.0,42.47607421875,22.477395194404046
1516,0.0,0.0,1.0,0.0,42.47607421875,22.477395194404046
1517,0.0,0.0,1.0,0.0,42.47607421875,22.477395194404046
1518,0.0,0.0,1.0,0.0,42.47607421875,22.477395194404046
1519,0.0,0.0,1.0,0.0,42.47607421875,22.477395194404046
1520,0.0,0.0,1.0,0.0,42.47607421875,22.477395194404046
1521,0.0,0.0,1.0,0.0,42.47607421875,22.477395194404046
1522,0.0,0.0,1.0,0.0,42.47607421875,22.477395194404046
1523,0.0,0.0,1.0,0.0,42.47607421875,22.477395194404046
1524,0.0,0.0,1.0,0.0,42.47607421875,22.477395194404046
1525,0.0,0.0,1.0,0.0,42.47607421875,22.477395194404046
1526,0.0,0.0,1.0,0.0,42.47607421875,22.477395194404046
1527,0.0,0.0,1.0,0.0,42.47607421875,22.477395194404046
1528,0.0,0.0,1.0,0.0,42.47607421875,22.477395194404046
1529,0.0,0.0,1.0,0.0,42.47607421875,22.477395194404046
1530,0.0,0.0,1.0,0.0,42.47607421875,22.477395194404046
1531,0.0,0.0,1.0,0.0,42.47607421875,22.477395194404046
1532,0.0,0.0,1.0,0.0,42.47607421875,22.477395194404046
1533,0.0,0.0,1.0,0.0,42.47607421875,22.477395194404046
1534,0.0,0.0,1.0,0.0,42.47607421875,22.477395194404046
1535,0.0,0.0,1.0,0.0,42.47607421875,22.477395194404046
1536,0.0,0.0,1.0,0.0,42.47607421875,22.477395194404046
1537,0.0,0.0,1.0,0.0,42.47607421875,22.477395194404046
1538,0.0,0.0,1.0,0.0,42.47607421875,22.477395194404046
1539,0.0,0.0,1.0,0.0,42.47607421875,22.477395194404046
1540,0.0,0.0,1.0,0.0,42.47607421875,22.477395194404046
1541,0.0,0.0,1.0,0.0,42.47607421875,22.477395194404046
1542,0.0,0.0,1.0,0.0,42.47607421875,22.477395194404046
1543,0.0,0.0,1.0,0.0,42.47607421875,22.477395194404046
1544,0.0,0.0,1.0,0.0,42.47607421875,22.477395194404046
1545,0.0,0.0,1.0,0.0,42.47607421875,22.477395194404046
1546,0.0,0.0,1.0,0.0,42.47607421875,22.477395194404046
1547,0.0,0.0,1.0,0.0,42.47607421875,22.477395194404046
1548,0.0,0.0,1.0,0.0,42.47607421875,22.477395194404046
1549,0.0,0.0,1.0,0.0,42.47607421875,22.477395194404046
1550,0.0,0.0,1.0,0.0,42.47607421875,22.477395194404046
1551,0.0,0.0,1.0,0.0,42.47607421875,22.477395194404046
1552,0.0,0.0,1.0,0.0,42.47607421875,22.477395194404046
1553,0.0,0.0,1.0,0.0,42.47607421875,22.477395194404046
1554,0.0,0.0,1.0,0.0,42.47607421875,22.477395194404046
1555,0.0,0.0,1.0,0.0,42.47607421875,22.477395194404046
1556,0.0,0.0,1.0,0.0,42.47607421875,22.477395194404046
1557,0.0,0.0,1.0,0.0,42.47607421875,22.477395194404046
1558,0.0,0.0,1.0,0.0,42.47607421875,22.477395194404046
1559,0.0,0.0,1.0,0.0,42.47607421875,22.477395194404046
1560,0.0,0.0,1.0,0.0,42.47607421875,22.477395194404046
1561,0.0,0.0,1.0,0.0,42.47607421875,22.477395194404046
1562,0.0,0.0,1.0,0.0,42.47607421875,22.477395194404046
1563,0.0,0.0,1.0,0.0,42.47607421875,22.477395194404046
1564,0.0,0.0,1.0,0.0,42.47607421875,22.477395194404046
1565,0.0,0.0,1.0,0.0,42.47607421875,22.477395194404046
1566,0.0,0.0,1.0,0.0,42.47607421875,22.477395194404046
1567,0.0,0.0,1.0,0.0,42.47607421875,22.477395194404046
1568,0.0,0.0,1.0,0.0,42.47607421875,22.477395194404046
1569,0.0,0.0,1.0,0.0,42.47607421875,22.477395194404046
1570,0.0,0.0,1.0,0.0,42.47607421875,22.477395194404046
1571,0.0,0.0,1.0,0.0,42.47607421875,22.477395194404046
1572,0.0,0.0,1.0,0.0,42.47607421875,22.477395194404046
1573,0.0,0.0,1.0,0.0,42.47607421875,22.477395194404046
1574,0.0,0.0,1.0,0.0,42.47607421875,22.477395194404046
1575,0.0,0.0,1.0,0.0,42.47607421875,22.477395194404046
1576,0.0,0.0,1.0,0.0,42.47607421875,22.477395194404046
1577,0.0,0.0,1.0,0.0,42.47607421875,22.477395194404046
1578,0.0,0.0,1.0,0.0,42.47607421875,22.477395194404046
1579,0.0,0.0,1.0,0.0,42.47607421875,22.477395194404046
1580,0.0,0.0,1.0,0.0,42.47607421875,22.477395194404046
1581,0.0,0.0,1.0,0.0,42.47607421875,22.477395194404046
1582,0.0,0.0,1.0,0.0,42.47607421875,22.477395194404046
1583,0.0,0.0,1.0,0.0,42.47607421875,22.477395194404046
1584,0.0,0.0,1.0,0.0,42.47607421875,22.477395194404046
1585,0.0,0.0,1.0,0.0,42.47607421875,22.477395194404046
1586,0.0,0.0,1.0,0.0,42.47607421875,22.477395194404046
1587,0.0,0.0,1.0,0.0,42.47607421875,22.477395194404046
1588,0.0,0.0,1.0,0.0,42.47607421875,22.477395194404046
1589,0.0,0.0,1.0,0.0,42.47607421875,22.477395194404046
1590,0.0,0.0,1.0,0.0,42.47607421875,22.477395194404046
1591,0.0,0.0,1.0,0.0,42.47607421875,22.477395194404046
1592,0.0,0.0,1.0,0.0,42.47607421875,22.477395194404046
1593,0.0,0.0,1.0,0.0,42.47607421875,22.477395194404046
1594,0.0,0.0,1.0,0.0,42.47607421875,22.477395194404046
1595,0.0,0.0,1.0,0.0,42.47607421875,22.477395194404046
1596,0.0,0.0,1.0,0.0,42.47607421875,22.477395194404046
1597,0.0,0.0,1.0,0.0,42.47607421875,22.477395194404046
1598,0.0,0.0,1.0,0.0,42.47607421875,22.477395194404046
1599,0.0,0.0,1.0,0.0,42.47607421875,22.477395194404046
1600,0.0,0.0,1.0,0.0,42.47607421875,22.477395194404046
1601,0.0,0.0,1.0,0.0,42.47607421875,22.477395194404046
1602,0.0,0.0,1.0,0.0,42.47607421875,22.477395194404046
1603,0.0,0.0,1.0,0.0,42.47607421875,22.477395194404046
1604,0.0,0.0,1.0,0.0,42.47607421875,22.477395194404046
1605,0.0,0.0,1.0,0.0,42.47607421875,22.477395194404046
1606,0.0,0.0,1.0,0.0,42.47607421875,22.477395194404046
1607,0.0,0.0,1.0,0.0,42.47607421875,22.477395194404046
1608,0.0,0.0,1.0,0.0,42.47607421875,22.477395194404046
1609,0.0,0.0,1.0,0.0,42.47607421875,22.477395194404046
1610,0.0,0.0,1.0,0.0,42.47607421875,22.477395194404046
1611,0.0,0.0,1.0,0.0,42.47607421875,22.477395194404046
1612,0.0,0.0,1.0,0.0,42.47607421875,22.477395194404046
1613,0.0,0.0,1.0,0.0,42.47607421875,22.477395194404046
1614,0.0,0.0,1.0,0.0,42.47607421875,22.477395194404046
1615,0.0,0.0,1.0,0.0,42.47607421875,22.477395194404046
1616,0.0,0.0,1.0,0.0,42.47607421875,22.477395194404046
1617,0.0,0.0,1.0,0.0,42.47607421875,22.477395194404046
1618,0.0,0.0,1.0,0.0,42.47607421875,22.477395194404046
1619,0.0,0.0,1.0,0.0,42.47607421875,22.477395194404046
1620,0.0,0.0,1.0,0.0,42.47607421875,22.477395194404046
1621,0.0,0.0,1.0,0.0,42.47607421875,22.477395194404046
1622,0.0,0.0,1.0,0.0,42.47607421875,22.477395194404046
1623,0.0,0.0,1.0,0.0,42.47607421875,22.477395194404046
1624,0.0,0.0,1.0,0.0,42.47607421875,22.477395194404046
1625,0.0,0.0,1.0,0.0,42.47607421875,22.477395194404046
1626,0.0,0.0,1.0,0.0,42.47607421875,22.477395194404046
1627,0.0,0.0,1.0,0.0,42.47607421875,22.477395194404046
1628,0.0,0.0,1.0,0.0,42.47607421875,22.477395194404046
1629,0.0,0.0,1.0,0.0,42.47607421875,22.477395194404046
1630,0.0,0.0,1.0,0.0,42.47607421875,22.477395194404046
1631,0.0,0.0,1.0,0.0,42.47607421875,22.477395194404046
1632,0.0,0.0,1.0,0.0,42.47607421875,22.477395194404046
1633,0.0,0.0,1.0,0.0,42.47607421875,22.477395194404046
1634,0.0,0.0,1.0,0.0,42.47607421875,22.477395194404046
1635,0.0,0.0,1.0,0.0,42.47607421875,22.477395194404046
1636,0.0,0.0,1.0,0.0,42.47607421875,22.477395194404046
1637,0.0,0.0,1.0,0.0,42.47607421875,22.477395194404046
1638,0.0,0.0,1.0,0.0,42.47607421875,22.477395194404046
1639,0.0,0.0,1.0,0.0,42.47607421875,22.477395194404046
1640,0.0,0.0,1.0,0.0,42.47607421875,22.477395194404046
1641,0.0,0.0,1.0,0.0,42.47607421875,22.477395194404046
1642,0.0,0.0,1.0,0.0,42.47607421875,22.477395194404046
1643,0.0,0.0,1.0,0.0,42.47607421875,22.477395194404046
1644,0.0,0.0,1.0,0.0,42.47607421875,22.477395194404046
1645,0.0,0.0,1.0,0.0,42.47607421875,22.477395194404046
1646,0.0,0.0,1.0,0.0,42.47607421875,22.477395194404046
1647,0.0,0.0,1.0,0.0,42.47607421875,22.477395194404046
1648,0.0,0.0,1.0,0.0,42.47607421875,22.477395194404046
1649,0.0,0.0,1.0,0.0,42.47607421875,22.477395194404046
1650,0.0,0.0,1.0,0.0,42.47607421875,22.477395194404046
1651,0.0,0.0,1.0,0.0,42.47607421875,22.477395194404046
1652,0.0,0.0,1.0,0.0,42.47607421875,22.477395194404046
1653,0.0,0.0,1.0,0.0,42.47607421875,22.477395194404046
1654,0.0,0.0,1.0,0.0,42.47607421875,22.477395194404046
1655,0.0,0.0,1.0,0.0,42.47607421875,22.477395194404046
1656,0.0,0.0,1.0,0.0,42.47607421875,22.477395194404046
1657,0.0,0.0,1.0,0.0,42.47607421875,22.477395194404046
1658,0.0,0.0,1.0,0.0,42.47607421875,22.477395194404046
1659,0.0,0.0,1.0,0.0,42.47607421875,22.477395194404046
1660,0.0,0.0,1.0,0.0,42.47607421875,22.477395194404046
1661,0.0,0.0,1.0,0.0,42.47607421875,22.477395194404046
1662,0.0,0.0,1.0,0.0,42.47607421875,22.477395194404046
1663,0.0,0.0,1.0,0.0,42.47607421875,22.477395194404046
1664,0.0,0.0,1.0,0.0,42.47607421875,22.477395194404046
1665,0.0,0.0,1.0,0.0,42.47607421875,22.477395194404046
1666,0.0,0.0,1.0,0.0,42.47607421875,22.477395194404046
1667,0.0,0.0,1.0,0.0,42.47607421875,22.477395194404046
1668,0.0,0.0,1.0,0.0,42.47607421875,22.477395194404046
1669,0.0,0.0,1.0,0.0,42.47607421875,22.477395194404046
1670,0.0,0.0,1.0,0.0,42.47607421875,22.477395194404046
1671,0.0,0.0,1.0,0.0,42.47607421875,22.477395194404046
1672,0.0,0.0,1.0,0.0,42.47607421875,22.477395194404046
1673,0.0,0.0,1.0,0.0,42.47607421875,22.477395194404046
1674,0.0,0.0,1.0,0.0,42.47607421875,22.477395194404046
1675,0.0,0.0,1.0,0.0,42.47607421875,22.477395194404046
1676,0.0,0.0,1.0,0.0,42.47607421875,22.477395194404046
1677,0.0,0.0,1.0,0.0,42.47607421875,22.477395194404046
1678,0.0,0.0,1.0,0.0,42.47607421875,22.477395194404046
1679,0.0,0.0,1.0,0.0,42.47607421875,22.477395194404046
1680,0.0,0.0,1.0,0.0,42.47607421875,22.477395194404046
1681,0.0,0.0,1.0,0.0,42.47607421875,22.477395194404046
1682,0.0,0.0,1.0,0.0,42.47607421875,22.477395194404046
1683,0.0,0.0,1.0,0.0,42.47607421875,22.477395194404046
1684,0.0,0.0,1.0,0.0,42.47607421875,22.477395194404046
1685,0.0,0.0,1.0,0.0,42.47607421875,22.477395194404046
1686,0.0,0.0,1.0,0.0,42.47607421875,22.477395194404046
1687,0.0,0.0,1.0,0.0,42.47607421875,22.477395194404046
1688,0.0,0.0,1.0,0.0,42.47607421875,22.477395194404046
1689,0.0,0.0,1.0,0.0,42.47607421875,22.477395194404046
1690,0.0,0.0,1.0,0.0,42.47607421875,22.477395194404046
1691,0.0,0.0,1.0,0.0,42.47607421875,22.477395194404046
1692,0.0,0.0,1.0,0.0,42.47607421875,22.477395194404046
1693,0.0,0.0,1.0,0.0,42.47607421875,22.477395194404046
1694,0.0,0.0,1.0,0.0,42.47607421875,22.477395194404046
1695,0.0,0.0,1.0,0.0,42.47607421875,22.477395194404046
1696,0.0,0.0,1.0,0.0,42.47607421875,22.477395194404046
1697,0.0,0.0,1.0,0.0,42.47607421875,22.477395194404046
1698,0.0,0.0,1.0,0.0,42.47607421875,22.477395194404046
1699,0.0,0.0,1.0,0.0,42.47607421875,22.477395194404046
1700,0.0,0.0,1.0,0.0,42.47607421875,22.477395194404046
1701,0.0,0.0,1.0,0.0,42.47607421875,22.477395194404046
1702,0.0,0.0,1.0,0.0,42.47607421875,22.477395194404046
1703,0.0,0.0,1.0,0.0,42.47607421875,22.477395194404046
1704,0.0,0.0,1.0,0.0,42.47607421875,22.477395194404046
1705,0.0,0.0,1.0,0.0,42.47607421875,22.477395194404046
1706,0.0,0.0,1.0,0.0,42.47607421875,22.477395194404046
1707,0.0,0.0,1.0,0.0,42.47607421875,22.477395194404046
1708,0.0,0.0,1.0,0.0,42.47607421875,22.477395194404046
1709,0.0,0.0,1.0,0.0,42.47607421875,22.477395194404046
1710,0.0,0.0,1.0,0.0,42.47607421875,22.477395194404046
1711,0.0,0.0,1.0,0.0,42.47607421875,22.477395194404046
1712,0.0,0.0,1.0,0.0,42.47607421875,22.477395194404046
1713,0.0,0.0,1.0,0.0,42.47607421875,22.477395194404046
1714,0.0,0.0,1.0,0.0,42.47607421875,22.477395194404046
1715,0.0,0.0,1.0,0.0,42.47607421875,22.477395194404046
1716,0.0,0.0,1.0,0.0,42.47607421875,22.477395194404046
1717,0.0,0.0,1.0,0.0,42.47607421875,22.477395194404046
1718,0.0,0.0,1.0,0.0,42.47607421875,22.477395194404046
1719,0.0,0.0,1.0,0.0,42.47607421875,22.477395194404046
1720,0.0,0.0,1.0,0.0,42.47607421875,22.477395194404046
1721,0.0,0.0,1.0,0.0,42.47607421875,22.477395194404046
1722,0.0,0.0,1.0,0.0,42.47607421875,22.477395194404046
1723,0.0,0.0,1.0,0.0,42.47607421875,22.477395194404046
1724,0.0,0.0,1.0,0.0,42.47607421875,22.477395194404046
1725,0.0,0.0,1.0,0.0,42.47607421875,22.477395194404046
1726,0.0,0.0,1.0,0.0,42.47607421875,22.477395194404046
1727,0.0,0.0,1.0,0.0,42.47607421875,22.477395194404046
1728,0.0,0.0,1.0,0.0,42.47607421875,22.477395194404046
1729,0.0,0.0,1.0,0.0,42.47607421875,22.477395194404046
1730,0.0,0.0,1.0,0.0,42.47607421875,22.477395194404046
1731,0.0,0.0,1.0,0.0,42.47607421875,22.477395194404046
1732,0.0,0.0,1.0,0.0,42.47607421875,22.477395194404046
1733,0.0,0.0,1.0,0.0,42.47607421875,22.477395194404046
1734,0.0,0.0,1.0,0.0,42.47607421875,22.477395194404046
1735,0.0,0.0,1.0,0.0,42.47607421875,22.477395194404046
1736,0.0,0.0,1.0,0.0,42.47607421875,22.477395194404046
1737,0.0,0.0,1.0,0.0,42.47607421875,22.477395194404046
1738,0.0,0.0,1.0,0.0,42.47607421875,22.477395194404046
1739,0.0,0.0,1.0,0.0,42.47607421875,22.477395194404046
1740,0.0,0.0,1.0,0.0,42.47607421875,22.477395194404046
1741,0.0,0.0,1.0,0.0,42.47607421875,22.477395194404046
1742,0.0,0.0,1.0,0.0,42.47607421875,22.477395194404046
1743,0.0,0.0,1.0,0.0,42.47607421875,22.477395194404046
1744,0.0,0.0,1.0,0.0,42.47607421875,22.477395194404046
1745,0.0,0.0,1.0,0.0,42.47607421875,22.477395194404046
1746,0.0,0.0,1.0,0.0,42.47607421875,22.477395194404046
1747,0.0,0.0,1.0,0.0,42.47607421875,22.477395194404046
1748,0.0,0.0,1.0,0.0,42.47607421875,22.477395194404046
1749,0.0,0.0,1.0,0.0,42.47607421875,22.477395194404046
1750,0.0,0.0,1.0,0.0,42.47607421875,22.477395194404046
1751,0.0,0.0,1.0,0.0,42.47607421875,22.477395194404046
1752,0.0,0.0,1.0,0.0,42.47607421875,22.477395194404046
1753,0.0,0.0,1.0,0.0,42.47607421875,22.477395194404046
1754,0.0,0.0,1.0,0.0,42.47607421875,22.477395194404046
1755,0.0,0.0,1.0,0.0,42.47607421875,22.477395194404046
1756,0.0,0.0,1.0,0.0,42.47607421875,22.477395194404046
1757,0.0,0.0,1.0,0.0,42.47607421875,22.477395194404046
1758,0.0,0.0,1.0,0.0,42.47607421875,22.477395194404046
1759,0.0,0.0,1.0,0.0,42.47607421875,22.477395194404046
1760,0.0,0.0,1.0,0.0,42.47607421875,22.477395194404046
1761,0.0,0.0,1.0,0.0,42.47607421875,22.477395194404046
1762,0.0,0.0,1.0,0.0,42.47607421875,22.477395194404046
1763,0.0,0.0,1.0,0.0,42.47607421875,22.477395194404046
1764,0.0,0.0,1.0,0.0,42.47607421875,22.477395194404046
1765,0.0,0.0,1.0,0.0,42.47607421875,22.477395194404046
1766,0.0,0.0,1.0,0.0,42.47607421875,22.477395194404046
1767,0.0,0.0,1.0,0.0,42.47607421875,22.477395194404046
1768,0.0,0.0,1.0,0.0,42.47607421875,22.477395194404046
1769,0.0,0.0,1.0,0.0,42.47607421875,22.477395194404046
1770,0.0,0.0,1.0,0.0,42.47607421875,22.477395194404046
1771,0.0,0.0,1.0,0.0,42.47607421875,22.477395194404046
1772,0.0,0.0,1.0,0.0,42.47607421875,22.477395194404046
1773,0.0,0.0,1.0,0.0,42.47607421875,22.477395194404046
1774,0.0,0.0,1.0,0.0,42.47607421875,22.477395194404046
1775,0.0,0.0,1.0,0.0,42.47607421875,22.477395194404046
1776,0.0,0.0,1.0,0.0,42.47607421875,22.477395194404046
1777,0.0,0.0,1.0,0.0,42.47607421875,22.477395194404046
1778,0.0,0.0,1.0,0.0,42.47607421875,22.477395194404046
1779,0.0,0.0,1.0,0.0,42.47607421875,22.477395194404046
1780,0.0,0.0,1.0,0.0,42.47607421875,22.477395194404046
1781,0.0,0.0,1.0,0.0,42.47607421875,22.477395194404046
1782,0.0,0.0,1.0,0.0,42.47607421875,22.477395194404046
1783,0.0,0.0,1.0,0.0,42.47607421875,22.477395194404046
1784,0.0,0.0,1.0,0.0,42.47607421875,22.477395194404046
1785,0.0,0.0,1.0,0.0,42.47607421875,22.477395194404046
1786,0.0,0.0,1.0,0.0,42.47607421875,22.477395194404046
1787,0.0,0.0,1.0,0.0,42.47607421875,22.477395194404046
1788,0.0,0.0,1.0,0.0,42.47607421875,22.477395194404046
1789,0.0,0.0,1.0,0.0,42.47607421875,22.477395194404046
1790,0.0,0.0,1.0,0.0,42.47607421875,22.477395194404046
1791,0.0,0.0,1.0,0.0,42.47607421875,22.477395194404046
1792,0.0,0.0,1.0,0.0,42.47607421875,22.477395194404046
1793,0.0,0.0,1.0,0.0,42.47607421875,22.477395194404046
1794,0.0,0.0,1.0,0.0,42.47607421875,22.477395194404046
1795,0.0,0.0,1.0,0.0,42.47607421875,22.477395194404046
1796,0.0,0.0,1.0,0.0,42.47607421875,22.477395194404046
1797,0.0,0.0,1.0,0.0,42.47607421875,22.477395194404046
1798,0.0,0.0,1.0,0.0,42.47607421875,22.477395194404046
1799,0.0,0.0,1.0,0.0,42.47607421875,22.477395194404046
1800,0.0,0.0,1.0,0.0,42.47607421875,22.477395194404046
1801,0.0,0.0,1.0,0.0,42.47607421875,22.477395194404046
1802,0.0,0.0,1.0,0.0,42.47607421875,22.477395194404046
1803,0.0,0.0,1.0,0.0,42.47607421875,22.477395194404046
1804,0.0,0.0,1.0,0.0,42.47607421875,22.477395194404046
1805,0.0,0.0,1.0,0.0,42.47607421875,22.477395194404046
1806,0.0,0.0,1.0,0.0,42.47607421875,22.477395194404046
1807,0.0,0.0,1.0,0.0,42.47607421875,22.477395194404046
1808,0.0,0.0,1.0,0.0,42.47607421875,22.477395194404046
1809,0.0,0.0,1.0,0.0,42.47607421875,22.477395194404046
1810,0.0,0.0,1.0,0.0,42.47607421875,22.477395194404046
1811,0.0,0.0,1.0,0.0,42.47607421875,22.477395194404046
1812,0.0,0.0,1.0,0.0,42.47607421875,22.477395194404046
1813,0.0,0.0,1.0,0.0,42.47607421875,22.477395194404046
1814,0.0,0.0,1.0,0.0,42.47607421875,22.477395194404046
1815,0.0,0.0,1.0,0.0,42.47607421875,22.477395194404046
1816,0.0,0.0,1.0,0.0,42.47607421875,22.477395194404046
1817,0.0,0.0,1.0,0.0,42.47607421875,22.477395194404046
1818,0.0,0.0,1.0,0.0,42.47607421875,22.477395194404046
1819,0.0,0.0,1.0,0.0,42.47607421875,22.477395194404046
1820,0.0,0.0,1.0,0.0,42.47607421875,22.477395194404046
1821,0.0,0.0,1.0,0.0,42.47607421875,22.477395194404046
1822,0.0,0.0,1.0,0.0,42.47607421875,22.477395194404046
1823,0.0,0.0,1.0,0.0,42.47607421875,22.477395194404046
1824,0.0,0.0,1.0,0.0,42.47607421875,22.477395194404046
1825,0.0,0.0,1.0,0.0,42.47607421875,22.477395194404046
1826,0.0,0.0,1.0,0.0,42.47607421875,22.477395194404046
1827,0.0,0.0,1.0,0.0,42.47607421875,22.477395194404046
1828,0.0,0.0,1.0,0.0,42.47607421875,22.477395194404046
1829,0.0,0.0,1.0,0.0,42.47607421875,22.477395194404046
1830,0.0,0.0,1.0,0.0,42.47607421875,22.477395194404046
1831,0.0,0.0,1.0,0.0,42.47607421875,22.477395194404046
1832,0.0,0.0,1.0,0.0,42.47607421875,22.477395194404046
1833,0.0,0.0,1.0,0.0,42.47607421875,22.477395194404046
1834,0.0,0.0,1.0,0.0,42.47607421875,22.477395194404046
1835,0.0,0.0,1.0,0.0,42.47607421875,22.477395194404046
1836,0.0,0.0,1.0,0.0,42.47607421875,22.477395194404046
1837,0.0,0.0,1.0,0.0,42.47607421875,22.477395194404046
1838,0.0,0.0,1.0,0.0,42.47607421875,22.477395194404046
1839,0.0,0.0,1.0,0.0,42.47607421875,22.477395194404046
1840,0.0,0.0,1.0,0.0,42.47607421875,22.477395194404046
1841,0.0,0.0,1.0,0.0,42.47607421875,22.477395194404046
1842,0.0,0.0,1.0,0.0,42.47607421875,22.477395194404046
1843,0.0,0.0,1.0,0.0,42.47607421875,22.477395194404046
1844,0.0,0.0,1.0,0.0,42.47607421875,22.477395194404046
1845,0.0,0.0,1.0,0.0,42.47607421875,22.477395194404046
1846,0.0,0.0,1.0,0.0,42.47607421875,22.477395194404046
1847,0.0,0.0,1.0,0.0,42.47607421875,22.477395194404046
1848,0.0,0.0,1.0,0.0,42.47607421875,22.477395194404046
1849,0.0,0.0,1.0,0.0,42.47607421875,22.477395194404046
1850,0.0,0.0,1.0,0.0,42.47607421875,22.477395194404046
1851,0.0,0.0,1.0,0.0,42.47607421875,22.477395194404046
1852,0.0,0.0,1.0,0.0,42.47607421875,22.477395194404046
1853,0.0,0.0,1.0,0.0,42.47607421875,22.477395194404046
1854,0.0,0.0,1.0,0.0,42.47607421875,22.477395194404046
1855,0.0,0.0,1.0,0.0,42.47607421875,22.477395194404046
1856,0.0,0.0,1.0,0.0,42.47607421875,22.477395194404046
1857,0.0,0.0,1.0,0.0,42.47607421875,22.477395194404046
1858,0.0,0.0,1.0,0.0,42.47607421875,22.477395194404046
1859,0.0,0.0,1.0,0.0,42.47607421875,22.477395194404046
1860,0.0,0.0,1.0,0.0,42.47607421875,22.477395194404046
1861,0.0,0.0,1.0,0.0,42.47607421875,22.477395194404046
1862,0.0,0.0,1.0,0.0,42.47607421875,22.477395194404046
1863,0.0,0.0,1.0,0.0,42.47607421875,22.477395194404046
1864,0.0,0.0,1.0,0.0,42.47607421875,22.477395194404046
1865,0.0,0.0,1.0,0.0,42.47607421875,22.477395194404046
1866,0.0,0.0,1.0,0.0,42.47607421875,22.477395194404046
1867,0.0,0.0,1.0,0.0,42.47607421875,22.477395194404046
1868,0.0,0.0,1.0,0.0,42.47607421875,22.477395194404046
1869,0.0,0.0,1.0,0.0,42.47607421875,22.477395194404046
1870,0.0,0.0,1.0,0.0,42.47607421875,22.477395194404046
1871,0.0,0.0,1.0,0.0,42.47607421875,22.477395194404046
1872,0.0,0.0,1.0,0.0,42.47607421875,22.477395194404046
1873,0.0,0.0,1.0,0.0,42.47607421875,22.477395194404046
1874,0.0,0.0,1.0,0.0,42.47607421875,22.477395194404046
1875,0.0,0.0,1.0,0.0,42.47607421875,22.477395194404046
1876,0.0,0.0,1.0,0.0,42.47607421875,22.477395194404046
1877,0.0,0.0,1.0,0.0,42.47607421875,22.477395194404046
1878,0.0,0.0,1.0,0.0,42.47607421875,22.477395194404046
1879,0.0,0.0,1.0,0.0,42.47607421875,22.477395194404046
1880,0.0,0.0,1.0,0.0,42.47607421875,22.477395194404046
1881,0.0,0.0,1.0,0.0,42.47607421875,22.477395194404046
1882,0.0,0.0,1.0,0.0,42.47607421875,22.477395194404046
1883,0.0,0.0,1.0,0.0,42.47607421875,22.477395194404046
1884,0.0,0.0,1.0,0.0,42.47607421875,22.477395194404046
1885,0.0,0.0,1.0,0.0,42.47607421875,22.477395194404046
1886,0.0,0.0,1.0,0.0,42.47607421875,22.477395194404046
1887,0.0,0.0,1.0,0.0,42.47607421875,22.477395194404046
1888,0.0,0.0,1.0,0.0,42.47607421875,22.477395194404046
1889,0.0,0.0,1.0,0.0,42.47607421875,22.477395194404046
1890,0.0,0.0,1.0,0.0,42.47607421875,22.477395194404046
1891,0.0,0.0,1.0,0.0,42.47607421875,22.477395194404046
1892,0.0,0.0,1.0,0.0,42.47607421875,22.477395194404046
1893,0.0,0.0,1.0,0.0,42.47607421875,22.477395194404046
1894,0.0,0.0,1.0,0.0,42.47607421875,22.477395194404046
1895,0.0,0.0,1.0,0.0,42.47607421875,22.477395194404046
1896,0.0,0.0,1.0,0.0,42.47607421875,22.477395194404046
1897,0.0,0.0,1.0,0.0,42.47607421875,22.477395194404046
1898,0.0,0.0,1.0,0.0,42.47607421875,22.477395194404046
1899,0.0,0.0,1.0,0.0,42.47607421875,22.477395194404046
1900,0.0,0.0,1.0,0.0,42.47607421875,22.477395194404046
1901,0.0,0.0,1.0,0.0,42.47607421875,22.477395194404046
1902,0.0,0.0,1.0,0.0,42.47607421875,22.477395194404046
1903,0.0,0.0,1.0,0.0,42.47607421875,22.477395194404046
1904,0.0,0.0,1.0,0.0,42.47607421875,22.477395194404046
1905,0.0,0.0,1.0,0.0,42.47607421875,22.477395194404046
1906,0.0,0.0,1.0,0.0,42.47607421875,22.477395194404046
1907,0.0,0.0,1.0,0.0,42.47607421875,22.477395194404046
1908,0.0,0.0,1.0,0.0,42.47607421875,22.477395194404046
1909,0.0,0.0,1.0,0.0,42.47607421875,22.477395194404046
1910,0.0,0.0,1.0,0.0,42.47607421875,22.477395194404046
1911,0.0,0.0,1.0,0.0,42.47607421875,22.477395194404046
1912,0.0,0.0,1.0,0.0,42.47607421875,22.477395194404046
1913,0.0,0.0,1.0,0.0,42.47607421875,22.477395194404046
1914,0.0,0.0,1.0,0.0,42.47607421875,22.477395194404046
1915,0.0,0.0,1.0,0.0,42.47607421875,22.477395194404046
1916,0.0,0.0,1.0,0.0,42.47607421875,22.477395194404046
1917,0.0,0.0,1.0,0.0,42.47607421875,22.477395194404046
1918,0.0,0.0,1.0,0.0,42.47607421875,22.477395194404046
1919,0.0,0.0,1.0,0.0,42.47607421875,22.477395194404046
1920,0.0,0.0,1.0,0.0,42.47607421875,22.477395194404046
1921,0.0,0.0,1.0,0.0,42.47607421875,22.477395194404046
1922,0.0,0.0,1.0,0.0,42.47607421875,22.477395194404046
1923,0.0,0.0,1.0,0.0,42.47607421875,22.477395194404046
1924,0.0,0.0,1.0,0.0,42.47607421875,22.477395194404046
1925,0.0,0.0,1.0,0.0,42.47607421875,22.477395194404046
1926,0.0,0.0,1.0,0.0,42.47607421875,22.477395194404046
1927,0.0,0.0,1.0,0.0,42.47607421875,22.477395194404046
1928,0.0,0.0,1.0,0.0,42.47607421875,22.477395194404046
1929,0.0,0.0,1.0,0.0,42.47607421875,22.477395194404046
1930,0.0,0.0,1.0,0.0,42.47607421875,22.477395194404046
1931,0.0,0.0,1.0,0.0,42.47607421875,22.477395194404046
1932,0.0,0.0,1.0,0.0,42.47607421875,22.477395194404046
1933,0.0,0.0,1.0,0.0,42.47607421875,22.477395194404046
1934,0.0,0.0,1.0,0.0,42.47607421875,22.477395194404046
1935,0.0,0.0,1.0,0.0,42.47607421875,22.477395194404046
1936,0.0,0.0,1.0,0.0,42.47607421875,22.477395194404046
1937,0.0,0.0,1.0,0.0,42.47607421875,22.477395194404046
1938,0.0,0.0,1.0,0.0,42.47607421875,22.477395194404046
1939,0.0,0.0,1.0,0.0,42.47607421875,22.477395194404046
1940,0.0,0.0,1.0,0.0,42.47607421875,22.477395194404046
1941,0.0,0.0,1.0,0.0,42.47607421875,22.477395194404046
1942,0.0,0.0,1.0,0.0,42.47607421875,22.477395194404046
1943,0.0,0.0,1.0,0.0,42.47607421875,22.477395194404046
1944,0.0,0.0,1.0,0.0,42.47607421875,22.477395194404046
1945,0.0,0.0,1.0,0.0,42.47607421875,22.477395194404046
1946,0.0,0.0,1.0,0.0,42.47607421875,22.477395194404046
1947,0.0,0.0,1.0,0.0,42.47607421875,22.477395194404046
1948,0.0,0.0,1.0,0.0,42.47607421875,22.477395194404046
1949,0.0,0.0,1.0,0.0,42.47607421875,22.477395194404046
1950,0.0,0.0,1.0,0.0,42.47607421875,22.477395194404046
1951,0.0,0.0,1.0,0.0,42.47607421875,22.477395194404046
1952,0.0,0.0,1.0,0.0,42.47607421875,22.477395194404046
1953,0.0,0.0,1.0,0.0,42.47607421875,22.477395194404046
1954,0.0,0.0,1.0,0.0,42.47607421875,22.477395194404046
1955,0.0,0.0,1.0,0.0,42.47607421875,22.477395194404046
1956,0.0,0.0,1.0,0.0,42.47607421875,22.477395194404046
1957,0.0,0.0,1.0,0.0,42.47607421875,22.477395194404046
1958,0.0,0.0,1.0,0.0,42.47607421875,22.477395194404046
1959,0.0,0.0,1.0,0.0,42.47607421875,22.477395194404046
1960,0.0,0.0,1.0,0.0,42.47607421875,22.477395194404046
1961,0.0,0.0,1.0,0.0,42.47607421875,22.477395194404046
1962,0.0,0.0,1.0,0.0,42.47607421875,22.477395194404046
1963,0.0,0.0,1.0,0.0,42.47607421875,22.477395194404046
1964,0.0,0.0,1.0,0.0,42.47607421875,22.477395194404046
1965,0.0,0.0,1.0,0.0,42.47607421875,22.477395194404046
1966,0.0,0.0,1.0,0.0,42.47607421875,22.477395194404046
1967,0.0,0.0,1.0,0.0,42.47607421875,22.477395194404046
1968,0.0,0.0,1.0,0.0,42.47607421875,22.477395194404046
1969,0.0,0.0,1.0,0.0,42.47607421875,22.477395194404046
1970,0.0,0.0,1.0,0.0,42.47607421875,22.477395194404046
1971,0.0,0.0,1.0,0.0,42.47607421875,22.477395194404046
1972,0.0,0.0,1.0,0.0,42.47607421875,22.477395194404046
1973,0.0,0.0,1.0,0.0,42.47607421875,22.477395194404046
1974,0.0,0.0,1.0,0.0,42.47607421875,22.477395194404046
1975,0.0,0.0,1.0,0.0,42.47607421875,22.477395194404046
1976,0.0,0.0,1.0,0.0,42.47607421875,22.477395194404046
1977,0.0,0.0,1.0,0.0,42.47607421875,22.477395194404046
1978,0.0,0.0,1.0,0.0,42.47607421875,22.477395194404046
1979,0.0,0.0,1.0,0.0,42.47607421875,22.477395194404046
1980,0.0,0.0,1.0,0.0,42.47607421875,22.477395194404046
1981,0.0,0.0,1.0,0.0,42.47607421875,22.477395194404046
1982,0.0,0.0,1.0,0.0,42.47607421875,22.477395194404046
1983,0.0,0.0,1.0,0.0,42.47607421875,22.477395194404046
1984,0.0,0.0,1.0,0.0,42.47607421875,22.477395194404046
1985,0.0,0.0,1.0,0.0,42.47607421875,22.477395194404046
1986,0.0,0.0,1.0,0.0,42.47607421875,22.477395194404046
1987,0.0,0.0,1.0,0.0,42.47607421875,22.477395194404046
1988,0.0,0.0,1.0,0.0,42.47607421875,22.477395194404046
1989,0.0,0.0,1.0,0.0,42.47607421875,22.477395194404046
1990,0.0,0.0,1.0,0.0,42.47607421875,22.477395194404046
1991,0.0,0.0,1.0,0.0,42.47607421875,22.477395194404046
1992,0.0,0.0,1.0,0.0,42.47607421875,22.477395194404046
1993,0.0,0.0,1.0,0.0,42.47607421875,22.477395194404046
1994,0.0,0.0,1.0,0.0,42.47607421875,22.477395194404046
1995,0.0,0.0,1.0,0.0,42.47607421875,22.477395194404046
1996,0.0,0.0,1.0,0.0,42.47607421875,22.477395194404046
1997,0.0,0.0,1.0,0.0,42.47607421875,22.477395194404046
1998,0.0,0.0,1.0,0.0,42.47607421875,22.477395194404046
1999,0.0,0.0,1.0,0.0,42.47607421875,22.477395194404046
2000,0.0,0.0,1.0,0.0,42.47607421875,22.477395194404046
2001,0.0,0.0,1.0,0.0,42.47607421875,22.477395194404046
2002,0.0,0.0,1.0,0.0,42.47607421875,22.477395194404046
2003,0.0,0.0,1.0,0.0,42.47607421875,22.477395194404046
2004,0.0,0.0,1.0,0.0,42.47607421875,22.477395194404046
2005,0.0,0.0,1.0,0.0,42.47607421875,22.477395194404046
2006,0.0,0.0,1.0,0.0,42.47607421875,22.477395194404046
2007,0.0,0.0,1.0,0.0,42.47607421875,22.477395194404046
2008,0.0,0.0,1.0,0.0,42.47607421875,22.477395194404046
2009,0.0,0.0,1.0,0.0,42.47607421875,22.477395194404046
2010,0.0,0.0,1.0,0.0,42.47607421875,22.477395194404046
2011,0.0,0.0,1.0,0.0,42.47607421875,22.477395194404046
2012,0.0,0.0,1.0,0.0,42.47607421875,22.477395194404046
2013,0.0,0.0,1.0,0.0,42.47607421875,22.477395194404046
2014,0.0,0.0,1.0,0.0,42.47607421875,22.477395194404046
2015,0.0,0.0,1.0,0.0,42.47607421875,22.477395194404046
2016,0.0,0.0,1.0,0.0,42.47607421875,22.477395194404046
2017,0.0,0.0,1.0,0.0,42.47607421875,22.477395194404046
2018,0.0,0.0,1.0,0.0,42.47607421875,22.477395194404046
2019,0.0,0.0,1.0,0.0,42.47607421875,22.477395194404046
2020,0.0,0.0,1.0,0.0,42.47607421875,22.477395194404046
2021,0.0,0.0,1.0,0.0,42.47607421875,22.477395194404046
2022,0.0,0.0,1.0,0.0,42.47607421875,22.477395194404046
2023,0.0,0.0,1.0,0.0,42.47607421875,22.477395194404046
2024,0.0,0.0,1.0,0.0,42.47607421875,22.477395194404046
2025,0.0,0.0,1.0,0.0,42.47607421875,22.477395194404046
2026,0.0,0.0,1.0,0.0,42.47607421875,22.477395194404046
2027,0.0,0.0,1.0,0.0,42.47607421875,22.477395194404046
2028,0.0,0.0,1.0,0.0,42.47607421875,22.477395194404046
2029,0.0,0.0,1.0,0.0,42.47607421875,22.477395194404046
2030,0.0,0.0,1.0,0.0,42.47607421875,22.477395194404046
2031,0.0,0.0,1.0,0.0,42.47607421875,22.477395194404046
2032,0.0,0.0,1.0,0.0,42.47607421875,22.477395194404046
2033,0.0,0.0,1.0,0.0,42.47607421875,22.477395194404046
2034,0.0,0.0,1.0,0.0,42.47607421875,22.477395194404046
2035,0.0,0.0,1.0,0.0,42.47607421875,22.477395194404046
2036,0.0,0.0,1.0,0.0,42.47607421875,22.477395194404046
2037,0.0,0.0,1.0,0.0,42.47607421875,22.477395194404046
2038,0.0,0.0,1.0,0.0,42.47607421875,22.477395194404046
2039,0.0,0.0,1.0,0.0,42.47607421875,22.477395194404046
2040,0.0,0.0,1.0,0.0,42.47607421875,22.477395194404046
2041,0.0,0.0,1.0,0.0,42.47607421875,22.477395194404046
2042,0.0,0.0,1.0,0.0,42.47607421875,22.477395194404046
2043,0.0,0.0,1.0,0.0,42.47607421875,22.477395194404046
2044,0.0,0.0,1.0,0.0,42.47607421875,22.477395194404046
2045,0.0,0.0,1.0,0.0,42.47607421875,22.477395194404046
2046,0.0,0.0,1.0,0.0,42.47607421875,22.477395194404046
2047,0.0,0.0,1.0,0.0,42.47607421875,22.477395194404046
2048,0.0,0.0,1.0,0.0,42.47607421875,22.477395194404046
2049,0.0,0.0,1.0,0.0,42.47607421875,22.477395194404046
2050,0.0,0.0,1.0,0.0,42.47607421875,22.477395194404046
2051,0.0,0.0,1.0,0.0,42.47607421875,22.477395194404046
2052,0.0,0.0,1.0,0.0,42.47607421875,22.477395194404046
2053,0.0,0.0,1.0,0.0,42.47607421875,22.477395194404046
2054,0.0,0.0,1.0,0.0,42.47607421875,22.477395194404046
2055,0.0,0.0,1.0,0.0,42.47607421875,22.477395194404046
2056,0.0,0.0,1.0,0.0,42.47607421875,22.477395194404046
2057,0.0,0.0,1.0,0.0,42.47607421875,22.477395194404046
2058,0.0,0.0,1.0,0.0,42.47607421875,22.477395194404046
2059,0.0,0.0,1.0,0.0,42.47607421875,22.477395194404046
2060,0.0,0.0,1.0,0.0,42.47607421875,22.477395194404046
2061,0.0,0.0,1.0,0.0,42.47607421875,22.477395194404046
2062,0.0,0.0,1.0,0.0,42.47607421875,22.477395194404046
2063,0.0,0.0,1.0,0.0,42.47607421875,22.477395194404046
2064,0.0,0.0,1.0,0.0,42.47607421875,22.477395194404046
2065,0.0,0.0,1.0,0.0,42.47607421875,22.477395194404046
2066,0.0,0.0,1.0,0.0,42.47607421875,22.477395194404046
2067,0.0,0.0,1.0,0.0,42.47607421875,22.477395194404046
2068,0.0,0.0,1.0,0.0,42.47607421875,22.477395194404046
2069,0.0,0.0,1.0,0.0,42.47607421875,22.477395194404046
2070,0.0,0.0,1.0,0.0,42.47607421875,22.477395194404046
2071,0.0,0.0,1.0,0.0,42.47607421875,22.477395194404046
2072,0.0,0.0,1.0,0.0,42.47607421875,22.477395194404046
2073,0.0,0.0,1.0,0.0,42.47607421875,22.477395194404046
2074,0.0,0.0,1.0,0.0,42.47607421875,22.477395194404046
2075,0.0,0.0,1.0,0.0,42.47607421875,22.477395194404046
2076,0.0,0.0,1.0,0.0,42.47607421875,22.477395194404046
2077,0.0,0.0,1.0,0.0,42.47607421875,22.477395194404046
2078,0.0,0.0,1.0,0.0,42.47607421875,22.477395194404046
2079,0.0,0.0,1.0,0.0,42.47607421875,22.477395194404046
2080,0.0,0.0,1.0,0.0,42.47607421875,22.477395194404046
2081,0.0,0.0,1.0,0.0,42.47607421875,22.477395194404046
2082,0.0,0.0,1.0,0.0,42.47607421875,22.477395194404046
2083,0.0,0.0,1.0,0.0,42.47607421875,22.477395194404046
2084,0.0,0.0,1.0,0.0,42.47607421875,22.477395194404046
2085,0.0,0.0,1.0,0.0,42.47607421875,22.477395194404046
2086,0.0,0.0,1.0,0.0,42.47607421875,22.477395194404046
2087,0.0,0.0,1.0,0.0,42.47607421875,22.477395194404046
2088,0.0,0.0,1.0,0.0,42.47607421875,22.477395194404046
2089,0.0,0.0,1.0,0.0,42.47607421875,22.477395194404046
2090,0.0,0.0,1.0,0.0,42.47607421875,22.477395194404046
2091,0.0,0.0,1.0,0.0,42.47607421875,22.477395194404046
2092,0.0,0.0,1.0,0.0,42.47607421875,22.477395194404046
2093,0.0,0.0,1.0,0.0,42.47607421875,22.477395194404046
2094,0.0,0.0,1.0,0.0,42.47607421875,22.477395194404046
2095,0.0,0.0,1.0,0.0,42.47607421875,22.477395194404046
2096,0.0,0.0,1.0,0.0,42.47607421875,22.477395194404046
2097,0.0,0.0,1.0,0.0,42.47607421875,22.477395194404046
2098,0.0,0.0,1.0,0.0,42.47607421875,22.477395194404046
2099,0.0,0.0,1.0,0.0,42.47607421875,22.477395194404046
2100,0.0,0.0,1.0,0.0,42.47607421875,22.477395194404046
2101,0.0,0.0,1.0,0.0,42.47607421875,22.477395194404046
2102,0.0,0.0,1.0,0.0,42.47607421875,22.477395194404046
2103,0.0,0.0,1.0,0.0,42.47607421875,22.477395194404046
2104,0.0,0.0,1.0,0.0,42.47607421875,22.477395194404046
2105,0.0,0.0,1.0,0.0,42.47607421875,22.477395194404046
2106,0.0,0.0,1.0,0.0,42.47607421875,22.477395194404046
2107,0.0,0.0,1.0,0.0,42.47607421875,22.477395194404046
2108,0.0,0.0,1.0,0.0,42.47607421875,22.477395194404046
2109,0.0,0.0,1.0,0.0,42.47607421875,22.477395194404046
2110,0.0,0.0,1.0,0.0,42.47607421875,22.477395194404046
2111,0.0,0.0,1.0,0.0,42.47607421875,22.477395194404046
2112,0.0,0.0,1.0,0.0,42.47607421875,22.477395194404046
2113,0.0,0.0,1.0,0.0,42.47607421875,22.477395194404046
2114,0.0,0.0,1.0,0.0,42.47607421875,22.477395194404046
2115,0.0,0.0,1.0,0.0,42.47607421875,22.477395194404046
2116,0.0,0.0,1.0,0.0,42.47607421875,22.477395194404046
2117,0.0,0.0,1.0,0.0,42.47607421875,22.477395194404046
2118,0.0,0.0,1.0,0.0,42.47607421875,22.477395194404046
2119,0.0,0.0,1.0,0.0,42.47607421875,22.477395194404046
2120,0.0,0.0,1.0,0.0,42.47607421875,22.477395194404046
2121,0.0,0.0,1.0,0.0,42.47607421875,22.477395194404046
2122,0.0,0.0,1.0,0.0,42.47607421875,22.477395194404046
2123,0.0,0.0,1.0,0.0,42.47607421875,22.477395194404046
2124,0.0,0.0,1.0,0.0,42.47607421875,22.477395194404046
2125,0.0,0.0,1.0,0.0,42.47607421875,22.477395194404046
2126,0.0,0.0,1.0,0.0,42.47607421875,22.477395194404046
2127,0.0,0.0,1.0,0.0,42.47607421875,22.477395194404046
2128,0.0,0.0,1.0,0.0,42.47607421875,22.477395194404046
2129,0.0,0.0,1.0,0.0,42.47607421875,22.477395194404046
2130,0.0,0.0,1.0,0.0,42.47607421875,22.477395194404046
2131,0.0,0.0,1.0,0.0,42.47607421875,22.477395194404046
2132,0.0,0.0,1.0,0.0,42.47607421875,22.477395194404046
2133,0.0,0.0,1.0,0.0,42.47607421875,22.477395194404046
2134,0.0,0.0,1.0,0.0,42.47607421875,22.477395194404046
2135,0.0,0.0,1.0,0.0,42.47607421875,22.477395194404046
2136,0.0,0.0,1.0,0.0,42.47607421875,22.477395194404046
2137,0.0,0.0,1.0,0.0,42.47607421875,22.477395194404046
2138,0.0,0.0,1.0,0.0,42.47607421875,22.477395194404046
2139,0.0,0.0,1.0,0.0,42.47607421875,22.477395194404046
2140,0.0,0.0,1.0,0.0,42.47607421875,22.477395194404046
2141,0.0,0.0,1.0,0.0,42.47607421875,22.477395194404046
2142,0.0,0.0,1.0,0.0,42.47607421875,22.477395194404046
2143,0.0,0.0,1.0,0.0,42.47607421875,22.477395194404046
2144,0.0,0.0,1.0,0.0,42.47607421875,22.477395194404046
2145,0.0,0.0,1.0,0.0,42.47607421875,22.477395194404046
2146,0.0,0.0,1.0,0.0,42.47607421875,22.477395194404046
2147,0.0,0.0,1.0,0.0,42.47607421875,22.477395194404046
2148,0.0,0.0,1.0,0.0,42.47607421875,22.477395194404046
2149,0.0,0.0,1.0,0.0,42.47607421875,22.477395194404046
2150,0.0,0.0,1.0,0.0,42.47607421875,22.477395194404046
2151,0.0,0.0,1.0,0.0,42.47607421875,22.477395194404046
2152,0.0,0.0,1.0,0.0,42.47607421875,22.477395194404046
2153,0.0,0.0,1.0,0.0,42.47607421875,22.477395194404046
2154,0.0,0.0,1.0,0.0,42.47607421875,22.477395194404046
2155,0.0,0.0,1.0,0.0,42.47607421875,22.477395194404046
2156,0.0,0.0,1.0,0.0,42.47607421875,22.477395194404046
2157,0.0,0.0,1.0,0.0,42.47607421875,22.477395194404046
2158,0.0,0.0,1.0,0.0,42.47607421875,22.477395194404046
2159,0.0,0.0,1.0,0.0,42.47607421875,22.477395194404046
2160,0.0,0.0,1.0,0.0,42.47607421875,22.477395194404046
2161,0.0,0.0,1.0,0.0,42.47607421875,22.477395194404046
2162,0.0,0.0,1.0,0.0,42.47607421875,22.477395194404046
2163,0.0,0.0,1.0,0.0,42.47607421875,22.477395194404046
2164,0.0,0.0,1.0,0.0,42.47607421875,22.477395194404046
2165,0.0,0.0,1.0,0.0,42.47607421875,22.477395194404046
2166,0.0,0.0,1.0,0.0,42.47607421875,22.477395194404046
2167,0.0,0.0,1.0,0.0,42.47607421875,22.477395194404046
2168,0.0,0.0,1.0,0.0,42.47607421875,22.477395194404046
2169,0.0,0.0,1.0,0.0,42.47607421875,22.477395194404046
2170,0.0,0.0,1.0,0.0,42.47607421875,22.477395194404046
2171,0.0,0.0,1.0,0.0,42.47607421875,22.477395194404046
2172,0.0,0.0,1.0,0.0,42.47607421875,22.477395194404046
2173,0.0,0.0,1.0,0.0,42.47607421875,22.477395194404046
2174,0.0,0.0,1.0,0.0,42.47607421875,22.477395194404046
2175,0.0,0.0,1.0,0.0,42.47607421875,22.477395194404046
2176,0.0,0.0,1.0,0.0,42.47607421875,22.477395194404046
2177,0.0,0.0,1.0,0.0,42.47607421875,22.477395194404046
2178,0.0,0.0,1.0,0.0,42.47607421875,22.477395194404046
2179,0.0,0.0,1.0,0.0,42.47607421875,22.477395194404046
2180,0.0,0.0,1.0,0.0,42.47607421875,22.477395194404046
2181,0.0,0.0,1.0,0.0,42.47607421875,22.477395194404046
2182,0.0,0.0,1.0,0.0,42.47607421875,22.477395194404046
2183,0.0,0.0,1.0,0.0,42.47607421875,22.477395194404046
2184,0.0,0.0,1.0,0.0,42.47607421875,22.477395194404046
2185,0.0,0.0,1.0,0.0,42.47607421875,22.477395194404046
2186,0.0,0.0,1.0,0.0,42.47607421875,22.477395194404046
2187,0.0,0.0,1.0,0.0,42.47607421875,22.477395194404046
2188,0.0,0.0,1.0,0.0,42.47607421875,22.477395194404046
2189,0.0,0.0,1.0,0.0,42.47607421875,22.477395194404046
2190,0.0,0.0,1.0,0.0,42.47607421875,22.477395194404046
2191,0.0,0.0,1.0,0.0,42.47607421875,22.477395194404046
2192,0.0,0.0,1.0,0.0,42.47607421875,22.477395194404046
2193,0.0,0.0,1.0,0.0,42.47607421875,22.477395194404046
2194,0.0,0.0,1.0,0.0,42.47607421875,22.477395194404046
2195,0.0,0.0,1.0,0.0,42.47607421875,22.477395194404046
2196,0.0,0.0,1.0,0.0,42.47607421875,22.477395194404046
2197,0.0,0.0,1.0,0.0,42.47607421875,22.477395194404046
2198,0.0,0.0,1.0,0.0,42.47607421875,22.477395194404046
2199,0.0,0.0,1.0,0.0,42.47607421875,22.477395194404046
2200,0.0,0.0,1.0,0.0,42.47607421875,22.477395194404046
2201,0.0,0.0,1.0,0.0,42.47607421875,22.477395194404046
2202,0.0,0.0,1.0,0.0,42.47607421875,22.477395194404046
2203,0.0,0.0,1.0,0.0,42.47607421875,22.477395194404046
2204,0.0,0.0,1.0,0.0,42.47607421875,22.477395194404046
2205,0.0,0.0,1.0,0.0,42.47607421875,22.477395194404046
2206,0.0,0.0,1.0,0.0,42.47607421875,22.477395194404046
2207,0.0,0.0,1.0,0.0,42.47607421875,22.477395194404046
2208,0.0,0.0,1.0,0.0,42.47607421875,22.477395194404046
2209,0.0,0.0,1.0,0.0,42.47607421875,22.477395194404046
2210,0.0,0.0,1.0,0.0,42.47607421875,22.477395194404046
2211,0.0,0.0,1.0,0.0,42.47607421875,22.477395194404046
2212,0.0,0.0,1.0,0.0,42.47607421875,22.477395194404046
2213,0.0,0.0,1.0,0.0,42.47607421875,22.477395194404046
2214,0.0,0.0,1.0,0.0,42.47607421875,22.477395194404046
2215,0.0,0.0,1.0,0.0,42.47607421875,22.477395194404046
2216,0.0,0.0,1.0,0.0,42.47607421875,22.477395194404046
2217,0.0,0.0,1.0,0.0,42.47607421875,22.477395194404046
2218,0.0,0.0,1.0,0.0,42.47607421875,22.477395194404046
2219,0.0,0.0,1.0,0.0,42.47607421875,22.477395194404046
2220,0.0,0.0,1.0,0.0,42.47607421875,22.477395194404046
2221,0.0,0.0,1.0,0.0,42.47607421875,22.477395194404046
2222,0.0,0.0,1.0,0.0,42.47607421875,22.477395194404046
2223,0.0,0.0,1.0,0.0,42.47607421875,22.477395194404046
2224,0.0,0.0,1.0,0.0,42.47607421875,22.477395194404046
2225,0.0,0.0,1.0,0.0,42.47607421875,22.477395194404046
2226,0.0,0.0,1.0,0.0,42.47607421875,22.477395194404046
2227,0.0,0.0,1.0,0.0,42.47607421875,22.477395194404046
2228,0.0,0.0,1.0,0.0,42.47607421875,22.477395194404046
2229,0.0,0.0,1.0,0.0,42.47607421875,22.477395194404046
2230,0.0,0.0,1.0,0.0,42.47607421875,22.477395194404046
2231,0.0,0.0,1.0,0.0,42.47607421875,22.477395194404046
2232,0.0,0.0,1.0,0.0,42.47607421875,22.477395194404046
2233,0.0,0.0,1.0,0.0,42.47607421875,22.477395194404046
2234,0.0,0.0,1.0,0.0,42.47607421875,22.477395194404046
2235,0.0,0.0,1.0,0.0,42.47607421875,22.477395194404046
2236,0.0,0.0,1.0,0.0,42.47607421875,22.477395194404046
2237,0.0,0.0,1.0,0.0,42.47607421875,22.477395194404046
2238,0.0,0.0,1.0,0.0,42.47607421875,22.477395194404046
2239,0.0,0.0,1.0,0.0,42.47607421875,22.477395194404046
2240,0.0,0.0,1.0,0.0,42.47607421875,22.477395194404046
2241,0.0,0.0,1.0,0.0,42.47607421875,22.477395194404046
2242,0.0,0.0,1.0,0.0,42.47607421875,22.477395194404046
2243,0.0,0.0,1.0,0.0,42.47607421875,22.477395194404046
2244,0.0,0.0,1.0,0.0,42.47607421875,22.477395194404046
2245,0.0,0.0,1.0,0.0,42.47607421875,22.477395194404046
2246,0.0,0.0,1.0,0.0,42.47607421875,22.477395194404046
2247,0.0,0.0,1.0,0.0,42.47607421875,22.477395194404046
2248,0.0,0.0,1.0,0.0,42.47607421875,22.477395194404046
2249,0.0,0.0,1.0,0.0,42.47607421875,22.477395194404046
2250,0.0,0.0,1.0,0.0,42.47607421875,22.477395194404046
2251,0.0,0.0,1.0,0.0,42.47607421875,22.477395194404046
2252,0.0,0.0,1.0,0.0,42.47607421875,22.477395194404046
2253,0.0,0.0,1.0,0.0,42.47607421875,22.477395194404046
2254,0.0,0.0,1.0,0.0,42.47607421875,22.477395194404046
2255,0.0,0.0,1.0,0.0,42.47607421875,22.477395194404046
2256,0.0,0.0,1.0,0.0,42.47607421875,22.477395194404046
2257,0.0,0.0,1.0,0.0,42.47607421875,22.477395194404046
2258,0.0,0.0,1.0,0.0,42.47607421875,22.477395194404046
2259,0.0,0.0,1.0,0.0,42.47607421875,22.477395194404046
2260,0.0,0.0,1.0,0.0,42.47607421875,22.477395194404046
2261,0.0,0.0,1.0,0.0,42.47607421875,22.477395194404046
2262,0.0,0.0,1.0,0.0,42.47607421875,22.477395194404046
2263,0.0,0.0,1.0,0.0,42.47607421875,22.477395194404046
2264,0.0,0.0,1.0,0.0,42.47607421875,22.477395194404046
2265,0.0,0.0,1.0,0.0,42.47607421875,22.477395194404046
2266,0.0,0.0,1.0,0.0,42.47607421875,22.477395194404046
2267,0.0,0.0,1.0,0.0,42.47607421875,22.477395194404046
2268,0.0,0.0,1.0,0.0,42.47607421875,22.477395194404046
2269,0.0,0.0,1.0,0.0,42.47607421875,22.477395194404046
2270,0.0,0.0,1.0,0.0,42.47607421875,22.477395194404046
2271,0.0,0.0,1.0,0.0,42.47607421875,22.477395194404046
2272,0.0,0.0,1.0,0.0,42.47607421875,22.477395194404046
2273,0.0,0.0,1.0,0.0,42.47607421875,22.477395194404046
2274,0.0,0.0,1.0,0.0,42.47607421875,22.477395194404046
2275,0.0,0.0,1.0,0.0,42.47607421875,22.477395194404046
2276,0.0,0.0,1.0,0.0,42.47607421875,22.477395194404046
2277,0.0,0.0,1.0,0.0,42.47607421875,22.477395194404046
2278,0.0,0.0,1.0,0.0,42.47607421875,22.477395194404046
2279,0.0,0.0,1.0,0.0,42.47607421875,22.477395194404046
2280,0.0,0.0,1.0,0.0,42.47607421875,22.477395194404046
2281,0.0,0.0,1.0,0.0,42.47607421875,22.477395194404046
2282,0.0,0.0,1.0,0.0,42.47607421875,22.477395194404046
2283,0.0,0.0,1.0,0.0,42.47607421875,22.477395194404046
2284,0.0,0.0,1.0,0.0,42.47607421875,22.477395194404046
2285,0.0,0.0,1.0,0.0,42.47607421875,22.477395194404046
2286,0.0,0.0,1.0,0.0,42.47607421875,22.477395194404046
2287,0.0,0.0,1.0,0.0,42.47607421875,22.477395194404046
2288,0.0,0.0,1.0,0.0,42.47607421875,22.477395194404046
2289,0.0,0.0,1.0,0.0,42.47607421875,22.477395194404046
2290,0.0,0.0,1.0,0.0,42.47607421875,22.477395194404046
2291,0.0,0.0,1.0,0.0,42.47607421875,22.477395194404046
2292,0.0,0.0,1.0,0.0,42.47607421875,22.477395194404046
2293,0.0,0.0,1.0,0.0,42.47607421875,22.477395194404046
2294,0.0,0.0,1.0,0.0,42.47607421875,22.477395194404046
2295,0.0,0.0,1.0,0.0,42.47607421875,22.477395194404046
2296,0.0,0.0,1.0,0.0,42.47607421875,22.477395194404046
2297,0.0,0.0,1.0,0.0,42.47607421875,22.477395194404046
2298,0.0,0.0,1.0,0.0,42.47607421875,22.477395194404046
2299,0.0,0.0,1.0,0.0,42.47607421875,22.477395194404046
2300,0.0,0.0,1.0,0.0,42.47607421875,22.477395194404046
2301,0.0,0.0,1.0,0.0,42.47607421875,22.477395194404046
2302,0.0,0.0,1.0,0.0,42.47607421875,22.477395194404046
2303,0.0,0.0,1.0,0.0,42.47607421875,22.477395194404046
2304,0.0,0.0,1.0,0.0,42.47607421875,22.477395194404046
2305,0.0,0.0,1.0,0.0,42.47607421875,22.477395194404046
2306,0.0,0.0,1.0,0.0,42.47607421875,22.477395194404046
2307,0.0,0.0,1.0,0.0,42.47607421875,22.477395194404046
2308,0.0,0.0,1.0,0.0,42.47607421875,22.477395194404046
2309,0.0,0.0,1.0,0.0,42.47607421875,22.477395194404046
2310,0.0,0.0,1.0,0.0,42.47607421875,22.477395194404046
2311,0.0,0.0,1.0,0.0,42.47607421875,22.477395194404046
2312,0.0,0.0,1.0,0.0,42.47607421875,22.477395194404046
2313,0.0,0.0,1.0,0.0,42.47607421875,22.477395194404046
2314,0.0,0.0,1.0,0.0,42.47607421875,22.477395194404046
2315,0.0,0.0,1.0,0.0,42.47607421875,22.477395194404046
2316,0.0,0.0,1.0,0.0,42.47607421875,22.477395194404046
2317,0.0,0.0,1.0,0.0,42.47607421875,22.477395194404046
2318,0.0,0.0,1.0,0.0,42.47607421875,22.477395194404046
2319,0.0,0.0,1.0,0.0,42.47607421875,22.477395194404046
2320,0.0,0.0,1.0,0.0,42.47607421875,22.477395194404046
2321,0.0,0.0,1.0,0.0,42.47607421875,22.477395194404046
2322,0.0,0.0,1.0,0.0,42.47607421875,22.477395194404046
2323,0.0,0.0,1.0,0.0,42.47607421875,22.477395194404046
2324,0.0,0.0,1.0,0.0,42.47607421875,22.477395194404046
2325,0.0,0.0,1.0,0.0,42.47607421875,22.477395194404046
2326,0.0,0.0,1.0,0.0,42.47607421875,22.477395194404046
2327,0.0,0.0,1.0,0.0,42.47607421875,22.477395194404046
2328,0.0,0.0,1.0,0.0,42.47607421875,22.477395194404046
2329,0.0,0.0,1.0,0.0,42.47607421875,22.477395194404046
2330,0.0,0.0,1.0,0.0,42.47607421875,22.477395194404046
2331,0.0,0.0,1.0,0.0,42.47607421875,22.477395194404046
2332,0.0,0.0,1.0,0.0,42.47607421875,22.477395194404046
2333,0.0,0.0,1.0,0.0,42.47607421875,22.477395194404046
2334,0.0,0.0,1.0,0.0,42.47607421875,22.477395194404046
2335,0.0,0.0,1.0,0.0,42.47607421875,22.477395194404046
2336,0.0,0.0,1.0,0.0,42.47607421875,22.477395194404046
2337,0.0,0.0,1.0,0.0,42.47607421875,22.477395194404046
2338,0.0,0.0,1.0,0.0,42.47607421875,22.477395194404046
2339,0.0,0.0,1.0,0.0,42.47607421875,22.477395194404046
2340,0.0,0.0,1.0,0.0,42.47607421875,22.477395194404046
2341,0.0,0.0,1.0,0.0,42.47607421875,22.477395194404046
2342,0.0,0.0,1.0,0.0,42.47607421875,22.477395194404046
2343,0.0,0.0,1.0,0.0,42.47607421875,22.477395194404046
2344,0.0,0.0,1.0,0.0,42.47607421875,22.477395194404046
2345,0.0,0.0,1.0,0.0,42.47607421875,22.477395194404046
2346,0.0,0.0,1.0,0.0,42.47607421875,22.477395194404046
2347,0.0,0.0,1.0,0.0,42.47607421875,22.477395194404046
2348,0.0,0.0,1.0,0.0,42.47607421875,22.477395194404046
2349,0.0,0.0,1.0,0.0,42.47607421875,22.477395194404046
2350,0.0,0.0,1.0,0.0,42.47607421875,22.477395194404046
2351,0.0,0.0,1.0,0.0,42.47607421875,22.477395194404046
2352,0.0,0.0,1.0,0.0,42.47607421875,22.477395194404046
2353,0.0,0.0,1.0,0.0,42.47607421875,22.477395194404046
2354,0.0,0.0,1.0,0.0,42.47607421875,22.477395194404046
2355,0.0,0.0,1.0,0.0,42.47607421875,22.477395194404046
2356,0.0,0.0,1.0,0.0,42.47607421875,22.477395194404046
2357,0.0,0.0,1.0,0.0,42.47607421875,22.477395194404046
2358,0.0,0.0,1.0,0.0,42.47607421875,22.477395194404046
2359,0.0,0.0,1.0,0.0,42.47607421875,22.477395194404046
2360,0.0,0.0,1.0,0.0,42.47607421875,22.477395194404046
2361,0.0,0.0,1.0,0.0,42.47607421875,22.477395194404046
2362,0.0,0.0,1.0,0.0,42.47607421875,22.477395194404046
2363,0.0,0.0,1.0,0.0,42.47607421875,22.477395194404046
2364,0.0,0.0,1.0,0.0,42.47607421875,22.477395194404046
2365,0.0,0.0,1.0,0.0,42.47607421875,22.477395194404046
2366,0.0,0.0,1.0,0.0,42.47607421875,22.477395194404046
2367,0.0,0.0,1.0,0.0,42.47607421875,22.477395194404046
2368,0.0,0.0,1.0,0.0,42.47607421875,22.477395194404046
2369,0.0,0.0,1.0,0.0,42.47607421875,22.477395194404046
2370,0.0,0.0,1.0,0.0,42.47607421875,22.477395194404046
2371,0.0,0.0,1.0,0.0,42.47607421875,22.477395194404046
2372,0.0,0.0,1.0,0.0,42.47607421875,22.477395194404046
2373,0.0,0.0,1.0,0.0,42.47607421875,22.477395194404046
2374,0.0,0.0,1.0,0.0,42.47607421875,22.477395194404046
2375,0.0,0.0,1.0,0.0,42.47607421875,22.477395194404046
2376,0.0,0.0,1.0,0.0,42.47607421875,22.477395194404046
2377,0.0,0.0,1.0,0.0,42.47607421875,22.477395194404046
2378,0.0,0.0,1.0,0.0,42.47607421875,22.477395194404046
2379,0.0,0.0,1.0,0.0,42.47607421875,22.477395194404046
2380,0.0,0.0,1.0,0.0,42.47607421875,22.477395194404046
2381,0.0,0.0,1.0,0.0,42.47607421875,22.477395194404046
2382,0.0,0.0,1.0,0.0,42.47607421875,22.477395194404046
2383,0.0,0.0,1.0,0.0,42.47607421875,22.477395194404046
2384,0.0,0.0,1.0,0.0,42.47607421875,22.477395194404046
2385,0.0,0.0,1.0,0.0,42.47607421875,22.477395194404046
2386,0.0,0.0,1.0,0.0,42.47607421875,22.477395194404046
2387,0.0,0.0,1.0,0.0,42.47607421875,22.477395194404046
2388,0.0,0.0,1.0,0.0,42.47607421875,22.477395194404046
2389,0.0,0.0,1.0,0.0,42.47607421875,22.477395194404046
2390,0.0,0.0,1.0,0.0,42.47607421875,22.477395194404046
2391,0.0,0.0,1.0,0.0,42.47607421875,22.477395194404046
2392,0.0,0.0,1.0,0.0,42.47607421875,22.477395194404046
2393,0.0,0.0,1.0,0.0,42.47607421875,22.477395194404046
2394,0.0,0.0,1.0,0.0,42.47607421875,22.477395194404046
2395,0.0,0.0,1.0,0.0,42.47607421875,22.477395194404046
2396,0.0,0.0,1.0,0.0,42.47607421875,22.477395194404046
2397,0.0,0.0,1.0,0.0,42.47607421875,22.477395194404046
2398,0.0,0.0,1.0,0.0,42.47607421875,22.477395194404046
2399,0.0,0.0,1.0,0.0,42.47607421875,22.477395194404046
2400,0.0,0.0,1.0,0.0,42.47607421875,22.477395194404046
2401,0.0,0.0,1.0,0.0,42.47607421875,22.477395194404046
2402,0.0,0.0,1.0,0.0,42.47607421875,22.477395194404046
2403,0.0,0.0,1.0,0.0,42.47607421875,22.477395194404046
2404,0.0,0.0,1.0,0.0,42.47607421875,22.477395194404046
2405,0.0,0.0,1.0,0.0,42.47607421875,22.477395194404046
2406,0.0,0.0,1.0,0.0,42.47607421875,22.477395194404046
2407,0.0,0.0,1.0,0.0,42.47607421875,22.477395194404046
2408,0.0,0.0,1.0,0.0,42.47607421875,22.477395194404046
2409,0.0,0.0,1.0,0.0,42.47607421875,22.477395194404046
2410,0.0,0.0,1.0,0.0,42.47607421875,22.477395194404046
2411,0.0,0.0,1.0,0.0,42.47607421875,22.477395194404046
2412,0.0,0.0,1.0,0.0,42.47607421875,22.477395194404046
2413,0.0,0.0,1.0,0.0,42.47607421875,22.477395194404046
2414,0.0,0.0,1.0,0.0,42.47607421875,22.477395194404046
2415,0.0,0.0,1.0,0.0,42.47607421875,22.477395194404046
2416,0.0,0.0,1.0,0.0,42.47607421875,22.477395194404046
2417,0.0,0.0,1.0,0.0,42.47607421875,22.477395194404046
2418,0.0,0.0,1.0,0.0,42.47607421875,22.477395194404046
2419,0.0,0.0,1.0,0.0,42.47607421875,22.477395194404046
2420,0.0,0.0,1.0,0.0,42.47607421875,22.477395194404046
2421,0.0,0.0,1.0,0.0,42.47607421875,22.477395194404046
2422,0.0,0.0,1.0,0.0,42.47607421875,22.477395194404046
2423,0.0,0.0,1.0,0.0,42.47607421875,22.477395194404046
2424,0.0,0.0,1.0,0.0,42.47607421875,22.477395194404046
2425,0.0,0.0,1.0,0.0,42.47607421875,22.477395194404046
2426,0.0,0.0,1.0,0.0,42.47607421875,22.477395194404046
2427,0.0,0.0,1.0,0.0,42.47607421875,22.477395194404046
2428,0.0,0.0,1.0,0.0,42.47607421875,22.477395194404046
2429,0.0,0.0,1.0,0.0,42.47607421875,22.477395194404046
2430,0.0,0.0,1.0,0.0,42.47607421875,22.477395194404046
2431,0.0,0.0,1.0,0.0,42.47607421875,22.477395194404046
2432,0.0,0.0,1.0,0.0,42.47607421875,22.477395194404046
2433,0.0,0.0,1.0,0.0,42.47607421875,22.477395194404046
2434,0.0,0.0,1.0,0.0,42.47607421875,22.477395194404046
2435,0.0,0.0,1.0,0.0,42.47607421875,22.477395194404046
2436,0.0,0.0,1.0,0.0,42.47607421875,22.477395194404046
2437,0.0,0.0,1.0,0.0,42.47607421875,22.477395194404046
2438,0.0,0.0,1.0,0.0,42.47607421875,22.477395194404046
2439,0.0,0.0,1.0,0.0,42.47607421875,22.477395194404046
2440,0.0,0.0,1.0,0.0,42.47607421875,22.477395194404046
2441,0.0,0.0,1.0,0.0,42.47607421875,22.477395194404046
2442,0.0,0.0,1.0,0.0,42.47607421875,22.477395194404046
2443,0.0,0.0,1.0,0.0,42.47607421875,22.477395194404046
2444,0.0,0.0,1.0,0.0,42.47607421875,22.477395194404046
2445,0.0,0.0,1.0,0.0,42.47607421875,22.477395194404046
2446,0.0,0.0,1.0,0.0,42.47607421875,22.477395194404046
2447,0.0,0.0,1.0,0.0,42.47607421875,22.477395194404046
2448,0.0,0.0,1.0,0.0,42.47607421875,22.477395194404046
2449,0.0,0.0,1.0,0.0,42.47607421875,22.477395194404046
2450,0.0,0.0,1.0,0.0,42.47607421875,22.477395194404046
2451,0.0,0.0,1.0,0.0,42.47607421875,22.477395194404046
2452,0.0,0.0,1.0,0.0,42.47607421875,22.477395194404046
2453,0.0,0.0,1.0,0.0,42.47607421875,22.477395194404046
2454,0.0,0.0,1.0,0.0,42.47607421875,22.477395194404046
2455,0.0,0.0,1.0,0.0,42.47607421875,22.477395194404046
2456,0.0,0.0,1.0,0.0,42.47607421875,22.477395194404046
2457,0.0,0.0,1.0,0.0,42.47607421875,22.477395194404046
2458,0.0,0.0,1.0,0.0,42.47607421875,22.477395194404046
2459,0.0,0.0,1.0,0.0,42.47607421875,22.477395194404046
2460,0.0,0.0,1.0,0.0,42.47607421875,22.477395194404046
2461,0.0,0.0,1.0,0.0,42.47607421875,22.477395194404046
2462,0.0,0.0,1.0,0.0,42.47607421875,22.477395194404046
2463,0.0,0.0,1.0,0.0,42.47607421875,22.477395194404046
2464,0.0,0.0,1.0,0.0,42.47607421875,22.477395194404046
2465,0.0,0.0,1.0,0.0,42.47607421875,22.477395194404046
2466,0.0,0.0,1.0,0.0,42.47607421875,22.477395194404046
2467,0.0,0.0,1.0,0.0,42.47607421875,22.477395194404046
2468,0.0,0.0,1.0,0.0,42.47607421875,22.477395194404046
2469,0.0,0.0,1.0,0.0,42.47607421875,22.477395194404046
2470,0.0,0.0,1.0,0.0,42.47607421875,22.477395194404046
2471,0.0,0.0,1.0,0.0,42.47607421875,22.477395194404046
2472,0.0,0.0,1.0,0.0,42.47607421875,22.477395194404046
2473,0.0,0.0,1.0,0.0,42.47607421875,22.477395194404046
2474,0.0,0.0,1.0,0.0,42.47607421875,22.477395194404046
2475,0.0,0.0,1.0,0.0,42.47607421875,22.477395194404046
2476,0.0,0.0,1.0,0.0,42.47607421875,22.477395194404046
2477,0.0,0.0,1.0,0.0,42.47607421875,22.477395194404046
2478,0.0,0.0,1.0,0.0,42.47607421875,22.477395194404046
2479,0.0,0.0,1.0,0.0,42.47607421875,22.477395194404046
2480,0.0,0.0,1.0,0.0,42.47607421875,22.477395194404046
2481,0.0,0.0,1.0,0.0,42.47607421875,22.477395194404046
2482,0.0,0.0,1.0,0.0,42.47607421875,22.477395194404046
2483,0.0,0.0,1.0,0.0,42.47607421875,22.477395194404046
2484,0.0,0.0,1.0,0.0,42.47607421875,22.477395194404046
2485,0.0,0.0,1.0,0.0,42.47607421875,22.477395194404046
2486,0.0,0.0,1.0,0.0,42.47607421875,22.477395194404046
2487,0.0,0.0,1.0,0.0,42.47607421875,22.477395194404046
2488,0.0,0.0,1.0,0.0,42.47607421875,22.477395194404046
2489,0.0,0.0,1.0,0.0,42.47607421875,22.477395194404046
2490,0.0,0.0,1.0,0.0,42.47607421875,22.477395194404046
2491,0.0,0.0,1.0,0.0,42.47607421875,22.477395194404046
2492,0.0,0.0,1.0,0.0,42.47607421875,22.477395194404046
2493,0.0,0.0,1.0,0.0,42.47607421875,22.477395194404046
2494,0.0,0.0,1.0,0.0,42.47607421875,22.477395194404046
2495,0.0,0.0,1.0,0.0,42.47607421875,22.477395194404046
2496,0.0,0.0,1.0,0.0,42.47607421875,22.477395194404046
2497,0.0,0.0,1.0,0.0,42.47607421875,22.477395194404046
2498,0.0,0.0,1.0,0.0,42.47607421875,22.477395194404046
2499,0.0,0.0,1.0,0.0,42.47607421875,22.477395194404046
2500,0.0,0.0,1.0,0.0,42.47607421875,22.477395194404046
