t,fC_mean,fC_std,fD_mean,fD_std,avgR_mean,avgR_std
0,0.496875,0.015896085897949847,0.503125,0.015896085897949847,0.0,0.0
1,0.32265625,0.02390165396996618,0.67734375,0.02390165396996618,8.198437595367432,0.26228529545282103
2,0.2140625,0.03327428037351071,0.7859375,0.03327428037351071,13.52226505279541,0.6280789561264704
3,0.16953125,0.054047595488837426,0.83046875,0.054047595488837426,17.054296493530273,1.04612794767524
4,0.13046875,0.05273292822089439,0.86953125,0.05273292822089439,19.851562118530275,1.9045872851257672
5,0.1015625,0.049224950006323015,0.8984375,0.049224950006323015,22.004296875,2.7316569638346624
6,0.08125,0.04558110045567132,0.91875,0.04558110045567132,23.680077743530273,3.4829981591399712
7,0.07890625,0.05035275951350631,0.92109375,0.05035275951350631,25.020703125,4.1745329270100875
8,0.075,0.05662850085756288,0.925,0.05662850085756289,26.32265625,4.972941830713502
9,0.07578125,0.059528994379839814,0.92421875,0.059528994379839814,27.56015625,5.869496648415579
10,0.06796875,0.05859895810187243,0.93203125,0.05859895810187243,28.810546875,6.767516740793041
11,0.06953125,0.06482021410216106,0.93046875,0.06482021410216106,29.93203125,7.6804329893125365
12,0.065625,0.06143626016042968,0.934375,0.06143626016042969,31.079296875,8.62780615228836
13,0.0703125,0.07164535323818984,0.9296875,0.07164535323818984,32.162109375,9.512110890915551
14,0.0703125,0.08190093816236173,0.9296875,0.08190093816236173,33.322265625,10.576363073929622
15,0.07578125,0.09156303327489757,0.92421875,0.09156303327489758,34.482421875,11.831740050890062
16,0.0734375,0.09264979425233497,0.9265625,0.09264979425233497,35.73281288146973,13.27888285558592
17,0.06484375,0.08102432601540109,0.93515625,0.08102432601540109,36.94453163146973,14.755762611177941
18,0.0625,0.07654655446197431,0.9375,0.07654655446197431,38.01445350646973,16.049806344427097
19,0.05703125,0.07038191018472005,0.94296875,0.07038191018472005,39.04570350646973,17.22900368747656
20,0.06328125,0.07798424820917363,0.93671875,0.07798424820917363,39.98671989440918,18.27718838419622
21,0.06171875,0.07584163187194748,0.93828125,0.07584163187194748,41.030859756469724,19.458977838048224
22,0.06796875,0.08332682266233364,0.93203125,0.08332682266233365,42.04921913146973,20.631790403264485
23,0.06953125,0.0852386356061616,0.93046875,0.0852386356061616,43.17070350646973,21.94370582042242
24,0.07421875,0.09097454142506023,0.92578125,0.09097454142506023,44.317969131469724,23.31687782658141
25,0.0703125,0.08615030470056388,0.9296875,0.08615030470056388,45.542578506469724,24.76374593982262
26,0.0765625,0.09428881619457846,0.9234375,0.09428881619457846,46.702734756469724,26.15684082931194
27,0.08359375,0.10256714645172693,0.91640625,0.10256714645172693,47.96601600646973,27.696712750702428
28,0.084375,0.1033673761547859,0.915625,0.1033673761547859,49.345312881469724,29.367508644576617
29,0.0828125,0.10154446955336859,0.9171875,0.10154446955336859,50.73750038146973,31.046646564134736
30,0.08515625,0.10436049674685341,0.91484375,0.10436049674685341,52.10390663146973,32.703507742995484
31,0.07890625,0.09671105078402363,0.92109375,0.09671105078402363,53.50898475646973,34.38856336938221
32,0.08203125,0.10053567463840883,0.91796875,0.10053567463840883,54.810939407348634,35.952474987938125
33,0.0828125,0.10169462559545613,0.9171875,0.10169462559545613,56.164455032348634,37.596910227453286
34,0.08359375,0.10238846828378673,0.91640625,0.10238846828378673,57.530859756469724,39.26579566535566
35,0.084375,0.10380928276170681,0.915625,0.10380928276170681,58.91015968322754,40.93367517803418
36,0.0859375,0.10571441296897505,0.9140625,0.10571441296897505,60.30234565734863,42.602739346771436
37,0.0859375,0.10536742818288297,0.9140625,0.10536742818288297,61.72031593322754,44.306464110364814
38,0.08203125,0.10138205123442709,0.91796875,0.10138205123442709,63.13828468322754,46.03737999101386
39,0.0796875,0.09772185296480516,0.9203125,0.09772185296480516,64.49179878234864,47.704921603061905
40,0.075,0.09215439024064453,0.925,0.09215439024064453,65.80664558410645,49.31123769884187
41,0.06953125,0.08715052979615213,0.93046875,0.08715052979615213,67.04414405822754,50.82795896284657
42,0.06875,0.08775075676311857,0.93125,0.08775075676311857,68.19140663146973,52.25381411698085
43,0.06875,0.08477912478906585,0.93125,0.08477912478906585,69.32578315734864,53.67558864769113
44,0.06875,0.08423744574490016,0.93125,0.08423744574490016,70.46016120910645,55.071667322472024
45,0.08046875,0.09874703318328101,0.91953125,0.098747033183281,71.59453468322754,56.45472240189864
46,0.0859375,0.10536742818288297,0.9140625,0.10536742818288297,72.92226905822754,58.07962433326769
47,0.084375,0.10360329424359536,0.915625,0.10360329424359536,74.34023780822754,59.8123872445954
48,0.0875,0.10897247358851683,0.9125,0.10897247358851683,75.73242835998535,61.51829262447723
49,0.0984375,0.12259403278708143,0.9015625,0.12259403278708145,77.17617530822754,63.30817969273624
50,0.103125,0.1286953767623375,0.896875,0.1286953767623375,78.80039405822754,65.32234276256348
51,0.1078125,0.1335137735755192,0.8921875,0.1335137735755192,80.50195960998535,67.43553597837
52,0.11171875,0.13776607778223202,0.88828125,0.13776607778223202,82.28086585998535,69.63424812234693
53,0.1140625,0.14024253545198045,0.8859375,0.14024253545198048,84.12422523498535,71.90473484890082
54,0.1203125,0.14983715118421065,0.8796875,0.14983715118421065,86.00625953674316,74.21561274336351
55,0.121875,0.15379715359240234,0.878125,0.15379715359240234,87.99141273498535,76.67932949733964
56,0.121875,0.1521814038820118,0.878125,0.15218140388201182,90.00235023498536,79.19384901231616
57,0.13046875,0.161164887905989,0.86953125,0.161164887905989,92.01328773498535,81.69509654637265
58,0.13203125,0.16208631236551096,0.86796875,0.16208631236551096,94.16602210998535,84.35193831359359
59,0.13359375,0.1637347917556009,0.86640625,0.1637347917556009,96.34453773498535,87.02081109110816
60,0.13828125,0.16957984614555469,0.86171875,0.16957984614555469,98.54883460998535,89.71186816388048
61,0.13125,0.16392479339814647,0.86875,0.16392479339814645,100.83047828674316,92.470158450806
62,0.1359375,0.17056317561243986,0.8640625,0.17056317561243986,102.99610023498535,95.04917819524792
63,0.13984375,0.1760570752625409,0.86015625,0.1760570752625409,105.23907203674317,97.72162295944285
64,0.140625,0.17670762840777418,0.859375,0.17670762840777418,107.54649085998535,100.47526986690195
65,0.14296875,0.18227752921369655,0.85703125,0.18227752921369653,109.86680335998535,103.25448149117264
66,0.1453125,0.18608515670755418,0.8546875,0.18608515670755418,112.22578773498535,106.07607819681675
67,0.14453125,0.19050329106409158,0.85546875,0.19050329106409158,114.62345314025879,108.95149167307487
68,0.14375,0.19102161608702822,0.85625,0.19102161608702822,117.00820960998536,111.80958090256195
69,0.1375,0.18023693173847585,0.8625,0.18023693173847585,119.38009376525879,114.66487368501988
70,0.14765625,0.1899321424877843,0.85234375,0.1899321424877843,121.64883460998536,117.41259079245225
71,0.15703125,0.2001952172255871,0.84296875,0.20019521722558709,124.08516273498535,120.37758475218848
72,0.1640625,0.20881454840360142,0.8359375,0.20881454840360142,126.67617835998536,123.5405426024193
73,0.16328125,0.2112035359404525,0.83671875,0.2112035359404525,129.38320960998536,126.8527278768868
74,0.178125,0.22962105756686385,0.821875,0.22962105756686385,132.07734413146972,130.15777975594355
75,0.1796875,0.23143995576606904,0.8203125,0.23143995576606904,135.01641273498535,133.77294476544108
76,0.175,0.22374869063862696,0.825,0.22374869063862698,137.98126258850098,137.4290185351471
77,0.171875,0.22008521077073762,0.828125,0.22008521077073762,140.86875648498534,140.99488294290592
78,0.1703125,0.21899539806808727,0.8296875,0.21899539806808724,143.70468788146974,144.50398989352578
79,0.16953125,0.21924608926101735,0.83046875,0.2192460892610174,146.51485633850098,147.98938297796417
80,0.17890625,0.2342239096329621,0.82109375,0.23422390963296214,149.31211585998534,151.4682381255285
81,0.17890625,0.23252394029970333,0.82109375,0.23252394029970333,152.2640811920166,155.1548023295751
82,0.17890625,0.2342239096329621,0.82109375,0.23422390963296214,155.21602210998535,158.84428206388026
83,0.18203125,0.23695970616066775,0.81796875,0.23695970616066778,158.16797523498536,162.5466321677346
84,0.19140625,0.24476950254269833,0.80859375,0.24476950254269833,161.1715030670166,166.31602499082337
85,0.1984375,0.25138046597115493,0.8015625,0.251380465971155,164.3297061920166,170.2664159263373
86,0.19921875,0.25199400104466774,0.80078125,0.25199400104466774,167.6039249420166,174.35317001819257
87,0.19453125,0.24522291357813605,0.80546875,0.24522291357813608,170.89102210998536,178.4565337678113
88,0.1859375,0.2359530210126584,0.8140625,0.23595302101265836,174.10079383850098,182.46023123993706
89,0.18828125,0.23779278827636888,0.81171875,0.23779278827636888,177.16876258850098,186.2990955695614
90,0.190625,0.24214213284763145,0.809375,0.24214213284763145,180.2754093170166,190.18096475025928
91,0.190625,0.24214213284763145,0.809375,0.24214213284763145,183.42071571350098,194.1224115677521
92,0.19140625,0.2383772859748806,0.80859375,0.2383772859748806,186.56602821350097,198.06602436580823
93,0.19296875,0.2402594626128178,0.80703125,0.2402594626128178,189.7242374420166,201.9885734619834
94,0.20078125,0.2510670587089234,0.79921875,0.2510670587089234,192.90821571350097,205.94288612811758
95,0.2,0.24988278502129757,0.8,0.24988278502129754,196.2211124420166,210.0683573362098
96,0.20546875,0.25418374259578447,0.79453125,0.2541837425957844,199.52111854553223,214.17644522009098
97,0.20703125,0.25607844867344853,0.79296875,0.25607844867344853,202.91135292053224,218.36864140034635
98,0.20390625,0.25083357125542427,0.79609375,0.25083357125542427,206.32736854553224,222.59226254160404
99,0.20234375,0.24892836726908005,0.79765625,0.24892836726908005,209.691809463501,226.72942090687042
100,0.19765625,0.24278655749443792,0.80234375,0.2427865574944379,213.03049354553224,230.8353109148185
101,0.1953125,0.23966682195680528,0.8046875,0.23966682195680528,216.29182167053222,234.83774206827383
102,0.19375,0.23811597751935928,0.80625,0.23811597751935926,219.51447792053222,238.78624455766635
103,0.19921875,0.24469468380259102,0.80078125,0.24469468380259102,222.71135902404785,242.71285059332183
104,0.2,0.24514823321818985,0.8,0.24514823321818985,225.99846229553222,246.7469998676722
105,0.209375,0.25672830741491093,0.790625,0.25672830741491093,229.2984561920166,250.78090667375875
106,0.2046875,0.25112782710578885,0.7953125,0.2511278271057889,232.75314979553224,255.0079738931071
107,0.20859375,0.2555010014045933,0.79140625,0.25550100140459336,236.13049964904786,259.14567469488304
108,0.2125,0.2602700107880756,0.7875,0.26027001078807566,239.57227821350097,263.3287332335067
109,0.215625,0.2648241604112057,0.784375,0.26482416041120566,243.07855262756348,267.59352267427784
110,0.21328125,0.2620578493505776,0.78671875,0.2620578493505776,246.63635292053223,271.89233380165444
111,0.2125,0.26100766272276377,0.7875,0.26100766272276377,250.15550575256347,276.1442296594604
112,0.20859375,0.2555487737815425,0.79140625,0.25554877378154256,253.66174354553223,280.3845842458962
113,0.20390625,0.24998046798700094,0.79609375,0.24998046798700094,257.10356483459475,284.56986003709216
114,0.18984375,0.23259217762803203,0.81015625,0.23259217762803203,260.4680057525635,288.65401845231514
115,0.19296875,0.23634071505720294,0.80703125,0.23634071505720297,263.6004154205322,292.4639015912899
116,0.19453125,0.23840800931648667,0.80546875,0.23840800931648667,266.7844120025635,296.34484484741625
117,0.19140625,0.23515495223894392,0.80859375,0.23515495223894392,269.9941654205322,300.2467087031302
118,0.18828125,0.23155069133183342,0.81171875,0.23155069133183342,273.15239295959475,304.07222775368575
119,0.19765625,0.2424595246505074,0.80234375,0.24245952465050738,276.2590213775635,307.8326707828162
120,0.20234375,0.2503951954536069,0.79765625,0.25039519545360694,279.52036170959474,311.793580422601
121,0.1984375,0.24800719416858658,0.8015625,0.24800719416858658,282.85902137756347,315.8201017395443
122,0.1875,0.2348952559120767,0.8125,0.2348952559120767,286.13324012756345,319.7532799118993
123,0.1875,0.23124208179011232,0.8125,0.23124208179011232,289.2270023345947,323.4699981038041
124,0.1859375,0.22997961866217626,0.8140625,0.22997961866217623,292.32074012756345,327.21635869183535
125,0.184375,0.22808486376374254,0.815625,0.22808486376374254,295.3887088775635,330.9271829284883
126,0.17734375,0.2205506248574236,0.82265625,0.2205506248574236,298.4309085845947,334.6084001289339
127,0.18515625,0.23182993160396695,0.81484375,0.23182993160396695,301.35706825256347,338.1430611275251
128,0.184375,0.23115496357962984,0.815625,0.23115496357962984,304.4121341705322,341.8274900750312
129,0.19296875,0.24170314469665055,0.80703125,0.24170314469665055,307.4543460845947,345.4980823760388
130,0.19765625,0.24783732536434055,0.80234375,0.24783732536434053,310.63831825256347,349.34397348458884
131,0.19140625,0.24476950254269833,0.80859375,0.24476950254269833,313.8996585845947,353.28552520735843
132,0.190625,0.2414985159439391,0.809375,0.2414985159439391,317.05783729553224,357.0903629217164
133,0.18125,0.2304171022637534,0.81875,0.2304171022637534,320.20317420959475,360.8909360946635
134,0.178125,0.22543631740055775,0.821875,0.22543631740055772,323.1937992095947,364.506128405856
135,0.17265625,0.21744027556434894,0.82734375,0.21744027556434894,326.1328495025635,368.0651025118382
136,0.16796875,0.21128443691206883,0.83203125,0.21128443691206883,328.9816898345947,371.5204702907328
137,0.16953125,0.21113416757775136,0.83046875,0.21113416757775136,331.7531620025635,374.8849895753988
138,0.1703125,0.2123017227541383,0.8296875,0.21230172275413828,334.55042762756347,378.28839983537233
139,0.1828125,0.2273611999316836,0.8171875,0.22736119993168358,337.3605838775635,381.70843575814285
140,0.18515625,0.23040385738958452,0.81484375,0.23040385738958452,340.3769901275635,385.3824600943769
141,0.17734375,0.2197466136684477,0.82265625,0.2197466136684477,343.43206825256345,389.10478551476035
142,0.18515625,0.22886225046411648,0.81484375,0.22886225046411648,346.3582401275635,392.6737169259815
143,0.1828125,0.22438881834190177,0.8171875,0.2243888183419018,349.4133182525635,396.4024270575619
144,0.19375,0.23741003641511244,0.80625,0.2374100364151124,352.4297245025635,400.09032637709583
145,0.18125,0.2230957832762085,0.81875,0.22309578327620852,355.6266117095947,404.00728973655737
146,0.17734375,0.2209929651029643,0.82265625,0.2209929651029643,358.6172122955322,407.6770954841663
147,0.17421875,0.21596440678963746,0.82578125,0.21596440678963746,361.54339637756345,411.2754227744763
148,0.16640625,0.20692951509813676,0.83359375,0.20692951509813676,364.41798133850097,414.8083391617883
149,0.15859375,0.19846825549064517,0.84140625,0.19846825549064515,367.16370887756347,418.18508084108817
150,0.16328125,0.20316105449248878,0.83671875,0.20316105449248878,369.7805057525635,421.40682856968544
151,0.171875,0.2129389996645166,0.828125,0.2129389996645166,372.4746463775635,424.7217172036908
152,0.17890625,0.221280012088756,0.82109375,0.221280012088756,375.3105838775635,428.2089406492974
153,0.1796875,0.2245193433690625,0.8203125,0.2245193433690625,378.2625247955322,431.8379656658569
154,0.184375,0.23477049963741184,0.815625,0.23477049963741184,381.2273685455322,435.49030573066256
155,0.1859375,0.2380006031701916,0.8140625,0.23800060317019153,384.2695682525635,439.24926819103547
156,0.1875,0.23717082451262844,0.8125,0.23717082451262844,387.3375247955322,443.0447046054226
157,0.18671875,0.24077714345946544,0.81328125,0.24077714345946544,390.43128700256347,446.8676975791063
158,0.184375,0.23844640792665553,0.815625,0.2384464079266555,393.51213417053225,450.6871916712436
159,0.190625,0.2457077826466329,0.809375,0.2457077826466329,396.55433387756347,454.46290764176536
160,0.19453125,0.24708258677515096,0.80546875,0.24708258677515096,399.6996585845947,458.3674611415095
161,0.1890625,0.2367664452775667,0.8109375,0.23676644527756674,402.9094120025635,462.34462670943907
162,0.19453125,0.24171324533163258,0.80546875,0.24171324533163258,406.02894325256347,466.2000936639017
163,0.19140625,0.23644915547533682,0.80859375,0.23644915547533682,409.23869667053225,470.15960186677586
164,0.18515625,0.22752489561584247,0.81484375,0.22752489561584244,412.39689979553225,474.04824734000266
165,0.1953125,0.24074672245951761,0.8046875,0.24074672245951761,415.45200233459474,477.8005762386001
166,0.1953125,0.24206145913796356,0.8046875,0.24206145913796356,418.6746341705322,481.765155812278
167,0.18359375,0.22583395794809072,0.81640625,0.22583395794809072,421.8972904205322,485.73839086630545
168,0.17890625,0.2203679008357388,0.82109375,0.2203679008357388,424.9265872955322,489.4614813520622
169,0.17890625,0.2198965488303534,0.82109375,0.2198965488303534,427.8785404205322,493.0921866973822
170,0.171875,0.21063346143983153,0.828125,0.21063346143983153,430.83049354553225,496.7186249861798
171,0.171875,0.2116740612430465,0.828125,0.2116740612430465,433.6664554595947,500.1934659190907
172,0.171875,0.21194781197266463,0.828125,0.21194781197266463,436.50236854553225,503.681266909919
173,0.16796875,0.2080238586827242,0.83203125,0.2080238586827242,439.3383304595947,507.17139283186606
174,0.16796875,0.2097187011063868,0.83203125,0.2097187011063868,442.10979042053225,510.5882777783259
175,0.16328125,0.20198598922635697,0.83671875,0.201985989226357,444.8812503814697,514.0143926332402
176,0.16484375,0.20549102778466993,0.83515625,0.20549102778466993,447.57541542053224,517.3349861301504
177,0.16640625,0.20737147751679835,0.83359375,0.20737147751679835,450.29533729553225,520.6964848354189
178,0.17265625,0.21447269093348456,0.82734375,0.2144726909334846,453.0410404205322,524.0898719453431
179,0.18203125,0.22474486402641108,0.81796875,0.22474486402641108,455.88986854553224,527.6073267849248
180,0.18125,0.22364227941206688,0.81875,0.2236422794120669,458.89340858459474,531.3069944347002
181,0.18203125,0.22297263705441528,0.81796875,0.22297263705441528,461.88400917053224,534.9897479630474
182,0.190625,0.23367604110712759,0.809375,0.2336760411071276,464.8875247955322,538.665381067058
183,0.19609375,0.24070108375067614,0.80390625,0.24070108375067611,468.0328372955322,542.5204194746142
184,0.1953125,0.2393227749818224,0.8046875,0.2393227749818224,471.2683841705322,546.491790548868
185,0.18984375,0.23290686007232592,0.81015625,0.23290686007232592,474.4910404205322,550.4389968480527
186,0.19375,0.23730717912786584,0.80625,0.23730717912786584,477.62346229553225,554.2818914269585
187,0.19140625,0.2348172910078174,0.80859375,0.2348172910078174,480.82036170959475,558.192852609219
188,0.20078125,0.24727025321497934,0.79921875,0.24727025321497934,483.9785404205322,562.0672428299118
189,0.196875,0.24293734724718632,0.803125,0.24293734724718635,487.29143104553225,566.1427285877621
190,0.19296875,0.2383465586729752,0.80703125,0.23834655867297516,490.5398685455322,570.1430933497895
191,0.1796875,0.22404310411168651,0.8203125,0.22404310411168651,493.7238773345947,574.0660280084875
192,0.178125,0.22543631740055775,0.821875,0.22543631740055772,496.6886722564697,577.7321805049181
193,0.17890625,0.22333913918914886,0.82109375,0.22333913918914886,499.62773475646975,581.3823204741684
194,0.18125,0.22741756748325315,0.81875,0.22741756748325315,502.57968788146974,585.0350139096834
195,0.1828125,0.22876622210238995,0.8171875,0.22876622210238995,505.57036170959475,588.7419101538889
196,0.18359375,0.22995838618106537,0.81640625,0.22995838618106537,508.58676795959474,592.4781985523085
197,0.18359375,0.22945353730385157,0.81640625,0.22945353730385157,511.61601600646975,596.2319973470582
198,0.18125,0.2246633766605051,0.81875,0.22466337666050512,514.6453617095947,599.9837213634038
199,0.190625,0.23504331798229236,0.809375,0.23504331798229236,517.6359622955322,603.6762417310839
200,0.1890625,0.23344346126926535,0.8109375,0.23344346126926538,520.7812503814697,607.5497407990645
201,0.190625,0.2341066171707348,0.809375,0.23410661717073483,523.9008060455322,611.3946011838709
202,0.19609375,0.2404219922864795,0.80390625,0.2404219922864795,527.0461185455322,615.2572229597595
203,0.19453125,0.23879171755946646,0.80546875,0.23879171755946646,530.2816654205322,619.2232281303868
204,0.1953125,0.23983229817937365,0.8046875,0.23983229817937365,533.4914066314698,623.1632052188721
205,0.19140625,0.23442707754758194,0.80859375,0.23442707754758194,536.7140628814698,627.1203360683978
206,0.18359375,0.2249403132638745,0.81640625,0.2249403132638745,539.8722904205322,630.9781820560829
207,0.1734375,0.2131195013953439,0.8265625,0.21311950139534394,542.9015628814698,634.6867260221034
208,0.1671875,0.20513429290345386,0.8328125,0.20513429290345386,545.7633060455322,638.2028112985515
209,0.1703125,0.20864787453236852,0.8296875,0.20864787453236852,548.5218753814697,641.5873779230496
210,0.16015625,0.19618554873193386,0.83984375,0.19618554873193386,551.3320560455322,645.026861141182
211,0.16171875,0.19809887446045726,0.83828125,0.19809887446045726,553.9746097564697,648.2601762635933
212,0.16328125,0.20062159265019305,0.83671875,0.20062159265019308,556.6429691314697,651.5250666376738
213,0.16640625,0.20410819741009914,0.83359375,0.20410819741009914,559.3371097564698,654.8349563484511
214,0.16953125,0.20763620341537262,0.83046875,0.20763620341537264,562.0828128814697,658.202466121294
215,0.16484375,0.20252917421016162,0.83515625,0.20252917421016162,564.8800785064698,661.6195605610103
216,0.165625,0.2035842164882263,0.834375,0.2035842164882263,567.6000247955322,664.9263052370559
217,0.1765625,0.21637099216392203,0.8234375,0.216370992163922,570.3328128814697,668.2477883388425
218,0.175,0.2146860216470206,0.825,0.2146860216470206,573.2461185455322,671.8006583429958
219,0.1765625,0.2182667653569251,0.8234375,0.2182667653569251,576.1335941314697,675.316984155199
220,0.175,0.21604635009790144,0.825,0.21604635009790144,579.0468753814697,678.847357241332
221,0.18046875,0.22284668391351486,0.81953125,0.22284668391351486,581.9343753814697,682.3494452727668
222,0.17734375,0.2197466136684477,0.82265625,0.2197466136684477,584.9121341705322,685.9612993115218
223,0.18125,0.2250569589362324,0.81875,0.2250569589362324,587.8382816314697,689.5059251608086
224,0.18671875,0.2318667872534788,0.81328125,0.2318667872534788,590.8289066314697,693.1266924517146
225,0.1921875,0.23694425109084202,0.8078125,0.23694425109084202,593.9097904205322,696.857645305918
226,0.18671875,0.23014940799402464,0.81328125,0.23014940799402464,597.0808597564697,700.7100874411376
227,0.1890625,0.23286754802220722,0.8109375,0.23286754802220724,600.1617435455322,704.4539857580065
228,0.18125,0.22335553566567362,0.81875,0.22335553566567362,603.2812503814697,708.2467820290672
229,0.18046875,0.22353035657936932,0.81953125,0.22353035657936932,606.2718753814697,711.8824872489723
230,0.1875,0.2315454194105338,0.8125,0.2315454194105338,609.2496097564697,715.495507178514
231,0.18203125,0.2254227798770568,0.81796875,0.2254227798770568,612.3433353424073,719.2542829129264
232,0.1875,0.23261054579624071,0.8125,0.23261054579624071,615.3468753814698,722.9003277485568
233,0.1953125,0.24330638718881795,0.8046875,0.24330638718881795,618.4406009674072,726.6544497377716
234,0.190625,0.23863830829835347,0.809375,0.23863830829835347,621.6632816314698,730.5613610145444
235,0.19453125,0.24410030917125033,0.80546875,0.24410030917125036,624.8085697174072,734.3709775845218
236,0.19375,0.2401705326754825,0.80625,0.2401705326754825,628.0183353424072,738.2580784464566
237,0.19765625,0.2459089087573893,0.80234375,0.24590890875738924,631.2152347564697,742.1424859053717
238,0.1984375,0.24454996933142314,0.8015625,0.24454996933142314,634.4765384674072,746.1021806379963
239,0.20390625,0.251076782640789,0.79609375,0.251076782640789,637.7507572174072,750.0897419842321
240,0.2015625,0.2504098203445703,0.7984375,0.2504098203445703,641.1152347564697,754.1890921669905
241,0.20546875,0.25533372769769375,0.79453125,0.2553337276976937,644.4409915924073,758.230931816789
242,0.196875,0.24395274020417354,0.803125,0.24395274020417354,647.8312503814698,762.3518819496613
243,0.19453125,0.24130889015689,0.80546875,0.24130889015689,651.0796634674073,766.3040698429614
244,0.20078125,0.24727025321497934,0.79921875,0.24727025321497934,654.2894290924072,770.2089635807916
245,0.2125,0.26403013854956026,0.7875,0.26403013854956026,657.6023197174072,774.2481560404251
246,0.221875,0.2742554729684077,0.778125,0.2742554729684077,661.1086185455322,778.5138030723847
247,0.2296875,0.28373898657040414,0.7703125,0.2837389865704042,664.7695072174072,782.9738011940472
248,0.2296875,0.28373898657040414,0.7703125,0.2837389865704042,668.5593265533447,787.5923645881743
249,0.2328125,0.28753396538496107,0.7671875,0.28753396538496107,672.3491947174073,792.211726002985
250,0.2296875,0.28261819982973496,0.7703125,0.28261819982973496,676.1905765533447,796.8948781430859
251,0.23125,0.2837497418776359,0.76875,0.2837497418776359,679.9804691314697,801.5206208469233
252,0.22578125,0.276659587478457,0.77421875,0.276659587478457,683.7960697174072,806.1830855658274
253,0.22890625,0.28035447706876376,0.77109375,0.28035447706876376,687.5214359283448,810.739479309699
254,0.22109375,0.27101155994717274,0.77890625,0.27101155994717274,691.2984134674073,815.3638916469017
255,0.21640625,0.26552847510907374,0.78359375,0.26552847510907374,694.9464603424072,819.8245848005503
256,0.21953125,0.2693488966470811,0.78046875,0.2693488966470811,698.5171634674073,824.1883995278214
257,0.2171875,0.2679311653671518,0.7828125,0.2679311653671517,702.1394046783447,828.6154950332972
258,0.23125,0.2845230555519622,0.76875,0.2845230555519623,705.7229984283447,832.9882441505923
259,0.22265625,0.27610307886050456,0.77734375,0.27610307886050456,709.5386234283447,837.6477235456539
260,0.2109375,0.2621440108449457,0.7890625,0.2621440108449457,713.2124515533447,842.1272182884754
261,0.19921875,0.24823596385294375,0.80078125,0.24823596385294375,716.6929447174073,846.3703144178102
262,0.19921875,0.2487026886540433,0.80078125,0.2487026886540433,719.9800540924073,850.3769846283716
263,0.19921875,0.24779299261177665,0.80078125,0.24779299261177665,723.2671390533447,854.3835598031507
264,0.1953125,0.24286699034656808,0.8046875,0.24286699034656808,726.5542728424073,858.3928533002121
265,0.184375,0.23169562216003348,0.815625,0.23169562216003348,729.7769046783447,862.3243266452141
266,0.19609375,0.24494897427831783,0.80390625,0.24494897427831783,732.8190921783447,866.0323563874317
267,0.203125,0.251521250500082,0.796875,0.251521250500082,736.0546878814697,869.9793420520444
268,0.209375,0.2581389978044774,0.790625,0.2581389978044774,739.4062015533448,874.0723568866495
269,0.21796875,0.26778077408348416,0.78203125,0.2677807740834842,742.8608890533447,878.2943227955285
270,0.2046875,0.2524368539543602,0.7953125,0.2524368539543602,746.4573734283447,882.6926364155084
271,0.19921875,0.24697881519727558,0.80078125,0.24697881519727558,749.8347171783447,886.8205116003126
272,0.1796875,0.22277272172973736,0.8203125,0.22277272172973736,753.1218265533447,890.8360660449074
273,0.17421875,0.21596440678963746,0.82578125,0.21596440678963746,756.0866947174072,894.4584211037688
274,0.17109375,0.21501271764711966,0.82890625,0.21501271764711966,758.9612796783447,897.9709244271897
275,0.17109375,0.21557970538758975,0.82890625,0.21557970538758975,761.7843265533447,901.4175447860484
276,0.16953125,0.21260337559055828,0.83046875,0.2126033755905583,764.6074222564697,904.8645233566748
277,0.159375,0.20329620189055425,0.840625,0.20329620189055428,767.4046634674072,908.2815777713155
278,0.1609375,0.20513429290345386,0.8390625,0.20513429290345386,770.0343265533447,911.4922583623647
279,0.171875,0.2180373435976622,0.828125,0.2180373435976622,772.6897953033447,914.7355744845653
280,0.17578125,0.22008521077073762,0.82421875,0.22008521077073762,775.5257572174072,918.2009616982189
281,0.17109375,0.21744027556434894,0.82890625,0.21744027556434894,778.4261234283447,921.7474942928768
282,0.1796875,0.22668369603232386,0.8203125,0.22668369603232386,781.2491947174072,925.1987990450588
283,0.17890625,0.2301494079940246,0.82109375,0.23014940799402464,784.2140628814698,928.8250978412841
284,0.18125,0.22854199901221656,0.81875,0.22854199901221656,787.1659671783448,932.4354208007178
285,0.178125,0.22368321279769748,0.821875,0.22368321279769746,790.1566165924072,936.0953430398438
286,0.18046875,0.22791085839643535,0.81953125,0.22791085839643532,793.0956546783448,939.6930748567802
287,0.17421875,0.21930175949761552,0.82578125,0.21930175949761552,796.0734378814698,943.3388908086683
288,0.1765625,0.221280012088756,0.8234375,0.221280012088756,798.9479984283447,946.8591732643606
289,0.1734375,0.21414802123764767,0.8265625,0.21414802123764767,801.8612796783448,950.4275584497801
290,0.1640625,0.20432338797846908,0.8359375,0.20432338797846908,804.7230228424072,953.9329476876991
291,0.1578125,0.19485258350064286,0.8421875,0.19485258350064288,807.4300785064697,957.2494046431025
292,0.1546875,0.19003173563085457,0.8453125,0.19003173563085457,810.0339603424072,960.4393686769677
293,0.15234375,0.1867824812783576,0.84765625,0.1867824812783576,812.5862796783447,963.565900743137
294,0.1578125,0.19455478020341724,0.8421875,0.19455478020341727,815.0999759674072,966.6448970420847
295,0.16171875,0.19871412805208388,0.83828125,0.1987141280520839,817.7038822174072,969.8350804925522
296,0.16953125,0.20825258851932668,0.83046875,0.20825258851932668,820.3721927642822,973.1039177848221
297,0.1640625,0.20244778937265528,0.8359375,0.20244778937265528,823.1694828033447,976.5307861682243
298,0.1546875,0.18971027972773377,0.8453125,0.1897102797277338,825.8765384674073,979.8477818432095
299,0.1546875,0.1895976414014689,0.8453125,0.18959764140146892,828.4288578033447,982.9743566555572
300,0.1625,0.19903637485551479,0.8375,0.19903637485551479,830.9812259674072,986.1008352655027
301,0.165625,0.20286341329358776,0.834375,0.20286341329358776,833.6624515533447,989.3847798404179
302,0.175,0.21445846134071045,0.825,0.21445846134071045,836.3952640533447,992.7319052369756
303,0.171875,0.21063346143983153,0.828125,0.21063346143983153,839.2827152252197,996.2677112375784
304,0.17421875,0.21440438027533393,0.82578125,0.21440438027533393,842.1187503814697,999.7405653976477
305,0.17890625,0.22094877092891915,0.82109375,0.22094877092891918,844.9933109283447,1003.2597490085415
306,0.1859375,0.23202730425938023,0.8140625,0.2320273042593802,847.9452640533448,1006.8734362741641
307,0.18828125,0.23336239588352706,0.81171875,0.23336239588352703,851.0131839752197,1010.6286684430935
308,0.1828125,0.22476930447544433,0.8171875,0.22476930447544435,854.1198734283447,1014.4322004632943
309,0.18828125,0.2309964826572041,0.81171875,0.2309964826572041,857.1362796783447,1018.1259132754774
310,0.1890625,0.23261841742433034,0.8109375,0.23261841742433037,860.2429691314697,1021.9304471100924
311,0.19609375,0.24319849467564558,0.80390625,0.24319849467564555,863.3624515533447,1025.750540346413
312,0.18984375,0.2379621326230289,0.81015625,0.2379621326230289,866.5979984283447,1029.7127670833818
313,0.18359375,0.23104403834821188,0.81640625,0.23104403834821188,869.7304203033448,1033.549138997711
314,0.17578125,0.22234764798058917,0.82421875,0.22234764798058917,872.7597171783448,1037.259932038105
315,0.15703125,0.2001952172255871,0.84296875,0.20019521722558709,875.6601078033448,1040.8136670378392
316,0.146875,0.18366188895120567,0.853125,0.18366188895120567,878.2511234283447,1043.9892953879103
317,0.146875,0.1831793861219106,0.853125,0.18317938612191056,880.6745609283447,1046.9593473641519
318,0.1484375,0.18315272827615756,0.8515625,0.18315272827615756,883.0979984283447,1049.9295773778792
319,0.16171875,0.20221551196990303,0.83828125,0.20221551196990303,885.5472171783447,1052.9307603008763
320,0.16796875,0.21128443691206883,0.83203125,0.21128443691206883,888.2156253814697,1056.2020048633462
321,0.165625,0.20620560601769536,0.834375,0.20620560601769536,890.9870609283447,1059.6005345687781
322,0.16171875,0.1983759747140515,0.83828125,0.1983759747140515,893.7198734283447,1062.9511533139162
323,0.16015625,0.19624776073563235,0.83984375,0.19624776073563235,896.3882328033447,1066.2203038804275
324,0.16328125,0.19998168861485793,0.83671875,0.19998168861485793,899.0308109283447,1069.4573670213815
325,0.15234375,0.18658631548160223,0.84765625,0.18658631548160223,901.7249515533447,1072.7570480365766
326,0.15234375,0.18661902410057235,0.84765625,0.18661902410057235,904.2387210845948,1075.8358264305614
327,0.1484375,0.18186520055215347,0.8515625,0.18186520055215347,906.7522953033447,1078.9146337044085
328,0.1515625,0.18577329934627312,0.8484375,0.1857732993462731,909.2015140533447,1081.9147610564705
329,0.14140625,0.17319098471773872,0.85859375,0.1731909847177387,911.7023441314698,1084.9783756470538
330,0.1375,0.16842054065827303,0.8625,0.16842054065827303,914.0355472564697,1087.8357374618995
331,0.1453125,0.17797073912409028,0.8546875,0.17797073912409028,916.3042484283447,1090.6145157261624
332,0.153125,0.18768545515869098,0.846875,0.18768545515869098,918.7019535064697,1093.551012734801
333,0.153125,0.1885776323891569,0.846875,0.18857763238915692,921.2284671783448,1096.6460875878754
334,0.1484375,0.18381801462315928,0.8515625,0.18381801462315928,923.7550785064698,1099.7427166725909
335,0.15234375,0.18953968705458496,0.84765625,0.18953968705458496,926.2042484283447,1102.7454923423038
336,0.15078125,0.18723288264551716,0.84921875,0.18723288264551713,928.7179203033447,1105.8282337076446
337,0.14375,0.17778201627976883,0.85625,0.17778201627976883,931.2058109283447,1108.879308590559
338,0.14765625,0.18235787488137167,0.85234375,0.18235787488137165,933.5776859283447,1111.7876174642854
339,0.14609375,0.1794427681219001,0.85390625,0.17944276812190008,936.0140140533447,1114.7748082174026
340,0.15234375,0.18805257119021265,0.84765625,0.18805257119021265,938.4246097564697,1117.729085619217
341,0.14140625,0.1744550667435601,0.85859375,0.17445506674356007,940.9382328033447,1120.8111172988588
342,0.13203125,0.1625,0.86796875,0.1625,943.2714847564697,1123.6719664693467
343,0.134375,0.165757612004698,0.865625,0.165757612004698,945.4500003814697,1126.3425814540053
344,0.12109375,0.1505604763251299,0.87890625,0.1505604763251299,947.6671390533447,1129.061175366314
345,0.134375,0.17047727121232317,0.865625,0.1704772712123232,949.6652835845947,1131.5127352288166
346,0.13515625,0.1704772712123232,0.86484375,0.1704772712123232,951.8824222564697,1134.236042222131
347,0.14140625,0.17911593879733317,0.85859375,0.17911593879733317,954.1125003814698,1136.9749043816141
348,0.14453125,0.18553659510996745,0.85546875,0.18553659510996745,956.4457035064697,1139.8414332604943
349,0.1390625,0.17733858747992495,0.8609375,0.17733858747992495,958.8303714752197,1142.7735877271805
350,0.13984375,0.17860407067729447,0.86015625,0.1786040706772945,961.1250003814697,1145.5947316016743
351,0.1390625,0.17733858747992495,0.8609375,0.17733858747992495,963.4324222564697,1148.4323677731538
352,0.14140625,0.18265885637575857,0.85859375,0.18265885637575857,965.7269535064697,1151.2544533824544
353,0.134375,0.17331780779827557,0.865625,0.1733178077982756,968.0601566314697,1154.126700516384
354,0.12734375,0.16476042028882423,0.87265625,0.1647604202888242,970.2773441314697,1156.8565690215858
355,0.1265625,0.15937500000000002,0.8734375,0.159375,972.3785160064697,1159.4446360803677
356,0.1328125,0.16629801350850526,0.8671875,0.16629801350850526,974.4668460845947,1162.0127698646838
357,0.1328125,0.16534100061501683,0.8671875,0.16534100061501683,976.6582035064697,1164.7065847451097
358,0.13359375,0.16496034087773945,0.86640625,0.16496034087773945,978.8496585845947,1167.399209322049
359,0.12890625,0.1582682157762575,0.87109375,0.1582682157762575,981.0539066314698,1170.1049317132185
360,0.1328125,0.16296133432313017,0.8671875,0.16296133432313017,983.1808597564698,1172.7129328981337
361,0.13671875,0.16781424580097484,0.86328125,0.16781424580097484,985.3722660064698,1175.3994789349335
362,0.14296875,0.17583506120793999,0.85703125,0.17583506120793999,987.6281742095947,1178.1654130607094
363,0.14921875,0.18295934273425338,0.85078125,0.18295934273425338,989.9871585845947,1181.0591759013412
364,0.1546875,0.18945272229338644,0.8453125,0.18945272229338644,992.4492679595947,1184.076839723124
365,0.15546875,0.1913089676250175,0.84453125,0.1913089676250175,995.0015628814697,1187.2021350153777
366,0.1578125,0.19518120587033988,0.8421875,0.1951812058703399,997.5668460845948,1190.3493575105847
367,0.165625,0.20620560601769536,0.834375,0.20620560601769536,1000.1708011627197,1193.5468497184054
368,0.17734375,0.2190511320160204,0.82265625,0.2190511320160204,1002.9035648345947,1196.9055413064252
369,0.17578125,0.2178553132241672,0.82421875,0.2178553132241672,1005.8296878814697,1200.4982460804742
370,0.1734375,0.21447553673875022,0.8265625,0.21447553673875025,1008.7301273345947,1204.0613643185566
371,0.175,0.21523969197153206,0.825,0.21523969197153206,1011.5917972564697,1207.5758747735886
372,0.1734375,0.21414802123764767,0.8265625,0.21414802123764767,1014.4793460845947,1211.1186322695446
373,0.16640625,0.20515214438009174,0.83359375,0.20515214438009174,1017.3410160064698,1214.6324638024348
374,0.1734375,0.2131195013953439,0.8265625,0.21311950139534394,1020.0867679595947,1218.003097892328
375,0.18046875,0.2214454468655881,0.81953125,0.2214454468655881,1022.9484378814698,1221.5134397468155
376,0.17890625,0.21970216878481194,0.82109375,0.21970216878481194,1025.9261722564697,1225.1645355567248
377,0.17421875,0.21466043315548397,0.82578125,0.21466043315548397,1028.8781742095948,1228.7850704063271
378,0.19296875,0.23903696759078918,0.80703125,0.23903696759078918,1031.7527835845947,1232.3136950322119
379,0.196875,0.24475204688240093,0.803125,0.24475204688240093,1034.9368167877196,1236.2260326490778
380,0.1984375,0.2458443676902117,0.8015625,0.2458443676902117,1038.1852054595947,1240.2198144074896
381,0.19609375,0.2435997132849298,0.80390625,0.2435997132849298,1041.4593753814697,1244.2434559166904
382,0.1953125,0.2442577843884919,0.8046875,0.2442577843884919,1044.6949710845947,1248.221596829524
383,0.18359375,0.22995838618106537,0.81640625,0.22995838618106537,1047.9176273345947,1252.1877850629464
384,0.1796875,0.22502170034243366,0.8203125,0.22502170034243366,1050.9468753814697,1255.9170581533208
385,0.1625,0.20159580635674196,0.8375,0.20159580635674193,1053.9117679595947,1259.5673830498013
386,0.15859375,0.19751260837918677,0.84140625,0.19751260837918677,1056.5929691314698,1262.8641520336644
387,0.15078125,0.18723288264551716,0.84921875,0.18723288264551713,1059.2098148345947,1266.0839497113861
388,0.146875,0.18529958850466993,0.853125,0.18529958850466993,1061.6977542877198,1269.1438754624262
389,0.15234375,0.19333372620290543,0.84765625,0.19333372620290543,1064.1211429595946,1272.1312125515378
390,0.1546875,0.19642806412272154,0.8453125,0.19642806412272154,1066.6348636627197,1275.2323897568228
391,0.1578125,0.1963503674477718,0.8421875,0.1963503674477718,1069.1871097564697,1278.3817721908842
392,0.15859375,0.19667648721949454,0.84140625,0.19667648721949452,1071.7910648345946,1281.5863973587598
393,0.16953125,0.20991651056134197,0.83046875,0.209916510561342,1074.4078617095947,1284.8050844942377
394,0.171875,0.21121220538388638,0.828125,0.21121220538388638,1077.2051273345946,1288.2448300894794
395,0.17421875,0.21366294828245258,0.82578125,0.21366294828245258,1080.0410648345946,1291.7251898949976
396,0.18046875,0.22180346558101838,0.81953125,0.22180346558101835,1082.9156253814697,1295.2497413799294
397,0.18828125,0.2309964826572041,0.81171875,0.2309964826572041,1085.8934085845947,1298.9044021580626
398,0.184375,0.22593393410049098,0.815625,0.22593393410049098,1089.0000492095946,1302.7143245195268
399,0.1734375,0.21254595091414935,0.8265625,0.2125459509141494,1092.0421878814698,1306.4421567266766
400,0.16484375,0.2019255451428818,0.83515625,0.2019255451428818,1094.9039554595947,1309.9416728336835
401,0.175,0.21434459059100372,0.825,0.21434459059100372,1097.6238773345947,1313.2694502193724
402,0.17734375,0.21720436085631428,0.82265625,0.21720436085631428,1100.5113773345947,1316.8054901984258
403,0.17890625,0.21920154289203805,0.82109375,0.21920154289203805,1103.4375003814698,1320.3869612552312
404,0.1765625,0.21637099216392203,0.8234375,0.216370992163922,1106.3894535064696,1324.0037663730955
405,0.18125,0.22265762060981653,0.81875,0.22265762060981653,1109.3027835845946,1327.566508535893
406,0.190625,0.23393709090266127,0.809375,0.23393709090266127,1112.2934085845948,1331.2190384438613
407,0.18671875,0.22943225613729643,0.81328125,0.22943225613729643,1115.4387210845948,1335.0622601465336
408,0.19375,0.23734575583418385,0.80625,0.23734575583418382,1118.5195316314698,1338.824824750029
409,0.20390625,0.24973618893244126,0.79609375,0.24973618893244126,1121.7164554595947,1342.7361753402959
410,0.20234375,0.24789642336820839,0.79765625,0.24789642336820836,1125.0809085845947,1346.8544284014602
411,0.20546875,0.25179531152555246,0.79453125,0.2517953115255524,1128.4195316314697,1350.9446099136355
412,0.203125,0.24882536546742978,0.796875,0.24882536546742978,1131.8097660064698,1355.0991606005603
413,0.21171875,0.2595396691138948,0.78828125,0.2595396691138948,1135.1614261627196,1359.1999900399596
414,0.20078125,0.2460577850703976,0.79921875,0.24605778507039763,1138.6547855377198,1363.4714025214012
415,0.203125,0.24921752546721107,0.796875,0.24921752546721107,1141.9676761627197,1367.523105449674
416,0.21328125,0.26333572322227766,0.78671875,0.2633357232222776,1145.3192386627197,1371.6193276030633
417,0.209375,0.258434382538634,0.790625,0.258434382538634,1148.8383304595948,1375.912230339401
418,0.2140625,0.26333340544236883,0.7859375,0.26333340544236883,1152.2929691314698,1380.1271051382384
419,0.20546875,0.2529802827049966,0.79453125,0.2529802827049966,1155.8250003814696,1384.440319958505
420,0.2078125,0.25481687664870234,0.7921875,0.25481687664870234,1159.2152347564697,1388.5795853951295
421,0.20859375,0.2557159068184848,0.79140625,0.25571590681848483,1162.6441898345947,1392.7723319333213
422,0.2109375,0.25853355606066886,0.7890625,0.25853355606066886,1166.0859378814698,1396.9813468234781
423,0.22109375,0.2708087929587036,0.77890625,0.2708087929587036,1169.5665042877197,1401.238474537476
424,0.22109375,0.27101155994717274,0.77890625,0.27101155994717274,1173.2145023345947,1405.706415111831
425,0.225,0.2758443182134173,0.775,0.27584431821341726,1176.8625003814698,1410.1775186720447
426,0.22109375,0.27092146002116557,0.77890625,0.2709214600211655,1180.5750492095947,1414.7281811809105
427,0.221875,0.2717851863144862,0.778125,0.2717851863144862,1184.2230472564697,1419.1982344054834
428,0.2140625,0.2624627949824508,0.7859375,0.2624627949824508,1187.8839847564698,1423.6825425970158
429,0.20546875,0.2517225810540247,0.79453125,0.2517225810540246,1191.4160160064698,1428.0121993247656
430,0.20859375,0.2557159068184848,0.79140625,0.2557159068184848,1194.8062503814697,1432.1656058826916
431,0.20859375,0.2557159068184848,0.79140625,0.2557159068184848,1198.2480960845946,1436.384319109828
432,0.2046875,0.25146785875012934,0.7953125,0.25146785875012934,1201.6898441314697,1440.6029206404055
433,0.19140625,0.2348172910078174,0.80859375,0.2348172910078174,1205.0671878814696,1444.746407020838
434,0.19453125,0.23897057055995408,0.80546875,0.2389705705599541,1208.2253910064696,1448.6189440884807
435,0.19375,0.24056411567397162,0.80625,0.24056411567397162,1211.4351566314697,1452.5567743957
436,0.184375,0.22808486376374254,0.815625,0.22808486376374254,1214.6320804595948,1456.48816230546
437,0.178125,0.22088246308840365,0.821875,0.22088246308840365,1217.6742679595948,1460.226994103757
438,0.18515625,0.2282480404488722,0.81484375,0.2282480404488722,1220.6132816314698,1463.840758272506
439,0.1859375,0.22880890634981846,0.8140625,0.22880890634981846,1223.6683597564697,1467.5928125728533
440,0.18359375,0.2256176418467758,0.81640625,0.2256176418467758,1226.7363285064698,1471.3590163701847
441,0.1890625,0.23239528471846194,0.8109375,0.23239528471846196,1229.7656253814698,1475.0762102955869
442,0.1828125,0.22411664704875225,0.8171875,0.22411664704875228,1232.8851566314697,1478.9044751593524
443,0.184375,0.22744172072890453,0.815625,0.22744172072890453,1235.9016605377196,1482.602034609208
444,0.1734375,0.21384854727557773,0.8265625,0.21384854727557773,1238.9437503814697,1486.3390051376937
445,0.17421875,0.21494457861272054,0.82578125,0.21494457861272054,1241.8054691314696,1489.8540661684608
446,0.175,0.21672331240691436,0.825,0.21672331240691436,1244.6800785064697,1493.3855590896649
447,0.18359375,0.22664330455585932,0.81640625,0.22664330455585932,1247.5675785064698,1496.9358675805963
448,0.1703125,0.21185564070847865,0.8296875,0.21185564070847865,1250.5968753814698,1500.6580913739037
449,0.16953125,0.21260337559055828,0.83046875,0.21260337559055834,1253.4070316314696,1504.1163574785057
450,0.16875,0.2125,0.83125,0.2125,1256.2042972564698,1507.5633061868496
451,0.16953125,0.21314813840671937,0.83046875,0.21314813840671937,1258.9886722564697,1510.9966247929162
452,0.17109375,0.2139598293926923,0.82890625,0.2139598293926923,1261.7859378814696,1514.4454246974087
453,0.16328125,0.20028665979977298,0.83671875,0.20028665979977298,1264.6089847564697,1517.9235310175425
454,0.15390625,0.18853231445497612,0.84609375,0.18853231445497612,1267.3031742095948,1521.2273537289198
455,0.14765625,0.18094667506961823,0.85234375,0.18094667506961823,1269.8426273345947,1524.3379112959658
456,0.14921875,0.1828592354790974,0.85078125,0.1828592354790974,1272.2789066314697,1527.317053391934
457,0.14921875,0.18369179562857454,0.85078125,0.18369179562857454,1274.7411136627197,1530.3279525663008
458,0.15078125,0.18487089033633716,0.84921875,0.18487089033633713,1277.2031742095946,1533.3323813510606
459,0.153125,0.18760413774754545,0.846875,0.18760413774754542,1279.6910648345947,1536.3735459662014
460,0.15078125,0.18536545406979155,0.84921875,0.18536545406979155,1282.2176761627197,1539.4640252773745
461,0.15546875,0.1910855093276306,0.84453125,0.1910855093276306,1284.7054691314697,1542.501404326431
462,0.15390625,0.18995142265524098,0.84609375,0.189951422655241,1287.2708011627196,1545.633783611745
463,0.16015625,0.19985346194149353,0.83984375,0.19985346194149353,1289.8101566314697,1548.730792738758
464,0.16015625,0.2025834126045368,0.83984375,0.2025834126045368,1292.4528324127198,1551.9472104420947
465,0.15859375,0.2013686082939692,0.84140625,0.2013686082939692,1295.0953617095947,1555.1578942610624
466,0.1578125,0.20290853850934906,0.8421875,0.2029085385093491,1297.7121097564698,1558.3364232525582
467,0.15390625,0.1987448407349232,0.84609375,0.19874484073492324,1300.3160160064697,1561.495895399497
468,0.159375,0.20473222316754391,0.840625,0.20473222316754391,1302.8555179595946,1564.5767570737778
469,0.15234375,0.19693079566500005,0.84765625,0.19693079566500005,1305.4851566314696,1567.7693082513433
470,0.15546875,0.2013504213740314,0.84453125,0.2013504213740314,1307.9988773345947,1570.8201979418243
471,0.14921875,0.19767940822832306,0.85078125,0.19767940822832306,1310.5641605377198,1573.9340048873244
472,0.1515625,0.19724667297574375,0.8484375,0.19724667297574375,1313.0262210845947,1576.918387528107
473,0.14375,0.18499960409586017,0.85625,0.18499960409586017,1315.5270023345947,1579.954563033773
474,0.15625,0.19827441625339615,0.84375,0.19827441625339615,1317.8990238189697,1582.8375991512119
475,0.16171875,0.20383888973586467,0.83828125,0.20383888973586467,1320.4770511627198,1585.9752916132682
476,0.16015625,0.20140497720699457,0.83984375,0.20140497720699457,1323.1453617095947,1589.2253750471798
477,0.16875,0.211405730320869,0.83125,0.211405730320869,1325.7879886627197,1592.4453230974689
478,0.17421875,0.21440438027533393,0.82578125,0.21440438027533393,1328.5722660064698,1595.8395591510537
479,0.17421875,0.21346289197422583,0.82578125,0.21346289197422583,1331.4468753814697,1599.3525171280564
480,0.1640625,0.2009498926971597,0.8359375,0.2009498926971597,1334.3215335845948,1602.8704969154608
481,0.1609375,0.19835751340697938,0.8390625,0.19835751340697938,1337.0286136627196,1606.184504773518
482,0.1625,0.2,0.8375,0.19999999999999998,1339.6840824127198,1609.4434382838072
483,0.165625,0.20466066140840306,0.834375,0.20466066140840306,1342.3652347564698,1612.7330539318739
484,0.1640625,0.20190438543868977,0.8359375,0.20190438543868977,1345.0981937408446,1616.0886435991085
485,0.15390625,0.18995142265524098,0.84609375,0.189951422655241,1347.8052738189697,1619.4101085413238
486,0.1609375,0.19932442050429997,0.8390625,0.19932442050429997,1350.3445804595947,1622.5274528296868
487,0.1640625,0.2052770612489374,0.8359375,0.2052770612489374,1353.0000980377197,1625.7892970422488
488,0.16953125,0.21260337559055828,0.83046875,0.21260337559055834,1355.7071292877197,1629.1186837392202
489,0.16640625,0.20737147751679835,0.83359375,0.20737147751679835,1358.5044437408446,1632.5601915827747
490,0.16640625,0.2057759704144291,0.83359375,0.2057759704144291,1361.2501468658447,1635.9360672424548
491,0.171875,0.21102428770167667,0.828125,0.21102428770167667,1363.9958988189696,1639.3085252915116
492,0.171875,0.21102428770167667,0.828125,0.21102428770167667,1366.8318363189696,1642.7864383056801
493,0.171875,0.2129389996645166,0.828125,0.2129389996645166,1369.6677249908448,1646.2643101392875
494,0.171875,0.21937689190779644,0.828125,0.21937689190779644,1372.5037113189696,1649.7488261301123
495,0.17265625,0.22366684034239404,0.82734375,0.2236668403423941,1375.3395999908448,1653.2447590782513
496,0.178125,0.23204045646718593,0.821875,0.23204045646718593,1378.1883792877197,1656.7614226993205
497,0.18125,0.23403099754626522,0.81875,0.23403099754626522,1381.1275394439697,1660.3920342676913
498,0.17890625,0.22799118506808547,0.82109375,0.22799118506808547,1384.1181644439698,1664.0844586725286
499,0.18203125,0.23235588611545868,0.81796875,0.23235588611545868,1387.0701175689696,1667.7254989722564
500,0.1828125,0.23226130220077557,0.8171875,0.2322613022007756,1390.0736331939697,1671.4312912822
501,0.1921875,0.24103050247842076,0.8078125,0.24103050247842078,1393.0899906158447,1675.1517158418158
502,0.19453125,0.2409291908424548,0.80546875,0.2409291908424548,1396.2611331939697,1679.0576111987139
503,0.1890625,0.23344346126926535,0.8109375,0.23344346126926538,1399.4708988189698,1683.0036868223326
504,0.1921875,0.23694425109084202,0.8078125,0.23694425109084202,1402.5903812408446,1686.836493027464
505,0.18125,0.22395591083961144,0.81875,0.22395591083961147,1405.7615238189696,1690.7314665545478
506,0.17109375,0.20957895849476396,0.82890625,0.20957895849476396,1408.7521488189698,1694.4066803882956
507,0.178125,0.21838138585396882,0.821875,0.2183813858539688,1411.5751468658448,1697.8644608962215
508,0.18515625,0.22677253195658417,0.81484375,0.22677253195658417,1414.5142581939697,1701.4579897787967
509,0.190625,0.23348006221757994,0.809375,0.23348006221757994,1417.5693363189698,1705.197580780545
510,0.1953125,0.23941201982017318,0.8046875,0.23941201982017318,1420.7146488189696,1709.0470735704637
511,0.190625,0.23346699110902167,0.809375,0.23346699110902164,1423.9372562408448,1712.9877632724595
512,0.1921875,0.235393619815831,0.8078125,0.23539361981583104,1427.0826175689697,1716.838495295613
513,0.19453125,0.23827996925885314,0.80546875,0.23827996925885314,1430.2537113189696,1720.7195976212363
514,0.18984375,0.23306404196325523,0.81015625,0.23306404196325523,1433.4634281158446,1724.6508433962313
515,0.1828125,0.22500000000000003,0.8171875,0.22500000000000003,1436.5958988189698,1728.4932333289644
516,0.1875,0.23187468413051263,0.8125,0.23187468413051263,1439.6123050689698,1732.1964152181902
517,0.18828125,0.2313397207706666,0.81171875,0.2313397207706666,1442.7060550689698,1735.9989578127636
518,0.19296875,0.236598824820095,0.80703125,0.236598824820095,1445.8126956939698,1739.8109636315346
519,0.196875,0.2411722672696842,0.803125,0.24117226726968422,1448.9966800689697,1743.7141754048446
520,0.19921875,0.24399526922924142,0.80078125,0.24399526922924142,1452.2451175689698,1747.6933790910446
521,0.190625,0.2336760411071276,0.809375,0.2336760411071276,1455.5322269439698,1751.7181808892399
522,0.18671875,0.22884624853545232,0.81328125,0.2288462485354523,1458.6775394439696,1755.564176976307
523,0.17890625,0.22011848726878894,0.82109375,0.22011848726878894,1461.7583988189697,1759.3318838775667
524,0.17578125,0.21715377435989916,0.82421875,0.21715377435989916,1464.7103519439697,1762.9360948074807
525,0.17109375,0.2144726909334846,0.82890625,0.2144726909334846,1467.6107425689697,1766.4739050230419
526,0.17734375,0.22247937053241584,0.82265625,0.2224793705324159,1470.4337894439698,1769.909425202422
527,0.18359375,0.23104403834821188,0.81640625,0.23104403834821188,1473.3599613189697,1773.470519792842
528,0.17734375,0.22615264652718522,0.82265625,0.22615264652718522,1476.3892581939697,1777.1561867767227
529,0.171875,0.2186941893089526,0.828125,0.2186941893089526,1479.3154788970946,1780.7120185808712
530,0.17734375,0.22615264652718522,0.82265625,0.22615264652718522,1482.1513675689698,1784.1594945507434
531,0.16875,0.2157070722429494,0.83125,0.2157070722429494,1485.0775394439697,1787.7166595129352
532,0.1671875,0.2125,0.8328125,0.2125,1487.8619144439697,1791.1013998750418
533,0.16875,0.2137029370703641,0.83125,0.2137029370703641,1490.6205081939697,1794.4571289204812
534,0.16953125,0.20991651056134195,0.83046875,0.209916510561342,1493.4049320220947,1797.8459766365431
535,0.17421875,0.2152567053978807,0.82578125,0.2152567053978807,1496.2021976470946,1801.2596453282754
536,0.175,0.2148423295407588,0.825,0.2148423295407588,1499.0767581939697,1804.7690360185998
537,0.171875,0.2105610065990377,0.828125,0.2105610065990377,1501.9642581939697,1808.299298120842
538,0.1640625,0.20099544751529821,0.8359375,0.20099544751529821,1504.8001956939697,1811.7700050260783
539,0.16171875,0.19809887446045726,0.83828125,0.19809887446045726,1507.5071781158447,1815.0828238002534
540,0.16640625,0.2038987666251319,0.83359375,0.2038987666251319,1510.1755863189696,1818.348864317602
541,0.1765625,0.21624401635507745,0.8234375,0.21624401635507745,1512.9212894439697,1821.71305822269
542,0.171875,0.21051752172473673,0.828125,0.21051752172473673,1515.8346195220947,1825.2803121115307
543,0.16640625,0.20425765935761137,0.83359375,0.20425765935761137,1518.6705081939697,1828.7518753277661
544,0.16015625,0.19680678381664082,0.83984375,0.19680678381664082,1521.4162113189698,1832.1091082847674
545,0.165625,0.20406333747913905,0.834375,0.20406333747913905,1524.0588382720948,1835.3393143953497
546,0.1625,0.20086786798944475,0.8375,0.20086786798944475,1526.7916019439697,1838.6778289526655
547,0.1578125,0.1936743804043271,0.8421875,0.1936743804043271,1529.4728519439698,1841.951690838175
548,0.1640625,0.2016775350032819,0.8359375,0.2016775350032819,1532.0768070220947,1845.1360257199017
549,0.16796875,0.2059005088173655,0.83203125,0.2059005088173655,1534.7837894439697,1848.4449031401389
550,0.16875,0.20845471724243853,0.83125,0.20845471724243853,1537.5552738189697,1851.8356936728885
551,0.171875,0.21194781197266463,0.828125,0.21194781197266463,1540.3396976470947,1855.2362696557198
552,0.1625,0.20025923141175042,0.8375,0.20025923141175042,1543.1756351470947,1858.7008635330706
553,0.1546875,0.19003173563085457,0.8453125,0.19003173563085457,1545.8569339752198,1861.977007868593
554,0.1515625,0.1856911445704264,0.8484375,0.1856911445704264,1548.4092288970946,1865.097626930909
555,0.15,0.1838611749136424,0.85,0.18386117491364237,1550.9100589752197,1868.158379014968
556,0.15078125,0.18467269399196515,0.84921875,0.18467269399196515,1553.3850101470948,1871.1866804611525
557,0.15390625,0.18849993783155472,0.84609375,0.18849993783155475,1555.8729496002197,1874.2328296522712
558,0.16328125,0.19998168861485793,0.83671875,0.19998168861485793,1558.4124027252196,1877.342063300885
559,0.15390625,0.18849993783155472,0.84609375,0.18849993783155475,1561.1065433502197,1880.6407189890601
560,0.1515625,0.185888255033434,0.8484375,0.185888255033434,1563.6459476470948,1883.74989824342
561,0.15390625,0.18898500477881833,0.84609375,0.18898500477881836,1566.1468265533447,1886.8153646484443
562,0.16015625,0.19754968718337673,0.83984375,0.19754968718337673,1568.6862308502198,1889.929166746451
563,0.17109375,0.21114573055416017,0.82890625,0.21114573055416014,1571.3288089752198,1893.172437411504
564,0.17578125,0.2165627254688581,0.82421875,0.2165627254688581,1574.1519535064697,1896.637657785623
565,0.178125,0.2183813858539688,0.821875,0.2183813858539688,1577.0522464752198,1900.1966235881496
566,0.18203125,0.22371049756046318,0.81796875,0.22371049756046318,1579.9913578033447,1903.7987752828458
567,0.18125,0.2233555356656736,0.81875,0.22335553566567362,1582.9948734283448,1907.4825978593792
568,0.175,0.21751043886587373,0.825,0.21751043886587373,1585.9854984283447,1911.1526842852538
569,0.17734375,0.22013512363148682,0.82265625,0.22013512363148685,1588.8729984283448,1914.700645091444
570,0.17890625,0.22287407108611804,0.82109375,0.22287407108611806,1591.7992191314697,1918.295753847204
571,0.16640625,0.20692951509813676,0.83359375,0.20692951509813676,1594.7510746002197,1921.9240800944674
572,0.15546875,0.19251750123365408,0.84453125,0.19251750123365408,1597.4968265533448,1925.29851338777
573,0.1515625,0.1862163088235695,0.8484375,0.1862163088235695,1600.0621097564697,1928.4495108453182
574,0.14453125,0.1789045442058418,0.85546875,0.1789045442058418,1602.5627933502196,1931.5167123607575
575,0.153125,0.19165958999617003,0.846875,0.19165958999617003,1604.9476078033447,1934.4459784052258
576,0.1671875,0.2085425381891546,0.8328125,0.20854253818915458,1607.4742191314697,1937.5538064277935
577,0.1734375,0.21606330000575064,0.8265625,0.2160633000057506,1610.2328128814697,1940.945862171221
578,0.17578125,0.22008521077073762,0.82421875,0.22008521077073762,1613.0944828033448,1944.4642982546218
579,0.17734375,0.22302737710312606,0.82265625,0.22302737710312603,1615.9949222564696,1948.03268976514
580,0.175,0.21840653839943758,0.825,0.21840653839943758,1618.9210453033447,1951.6346431414595
581,0.1734375,0.21521416931018972,0.8265625,0.21521416931018972,1621.8085941314698,1955.1863070591066
582,0.1640625,0.20310997540587464,0.8359375,0.20310997540587464,1624.6702640533447,1958.7035812431138
583,0.1734375,0.21414802123764767,0.8265625,0.21414802123764767,1627.3773441314697,1962.029746551985
584,0.1765625,0.2171453421314282,0.8234375,0.2171453421314282,1630.2390140533448,1965.5442980259243
585,0.1765625,0.2173841286179835,0.8234375,0.2173841286179835,1633.1523441314698,1969.1192042820803
586,0.17890625,0.22094877092891915,0.82109375,0.22094877092891918,1636.0656253814698,1972.6950728399604
587,0.178125,0.21928784326342626,0.821875,0.21928784326342626,1639.0176761627197,1976.3209490492818
588,0.18046875,0.22317510816901154,0.81953125,0.22317510816901154,1641.9566898345947,1979.9284190693338
589,0.18125,0.2233555356656736,0.81875,0.22335553566567362,1644.9342777252198,1983.5866882760154
590,0.1875,0.23011758203687957,0.8125,0.23011758203687957,1647.9250003814698,1987.2585879900917
591,0.19140625,0.23644915547533682,0.80859375,0.23644915547533682,1651.0187503814698,1991.0525766397313
592,0.1953125,0.24074672245951761,0.8046875,0.24074672245951761,1654.1769046783447,1994.932120117847
593,0.19375,0.2391390808713624,0.80625,0.2391390808713624,1657.3996097564698,1998.8892179678408
594,0.1875,0.23071358816858836,0.8125,0.23071358816858836,1660.5964847564696,2002.8157996956327
595,0.1890625,0.23156650637559825,0.8109375,0.23156650637559825,1663.6902347564696,2006.6130373764427
596,0.1953125,0.23983229817937365,0.8046875,0.23983229817937365,1666.8097660064698,2010.4334419707457
597,0.2,0.24514823321818985,0.8,0.24514823321818985,1670.0324222564698,2014.3864210573408
598,0.2,0.2449988042062655,0.8,0.24499880420626546,1673.3324222564697,2018.422519606512
599,0.19921875,0.24407030237208294,0.80078125,0.24407030237208294,1676.6324222564697,2022.4649314933458
600,0.19765625,0.24208163008580394,0.80234375,0.24208163008580388,1679.9196292877198,2026.4922089846136
601,0.19140625,0.23445311198350513,0.80859375,0.23445311198350513,1683.1808597564698,2030.485578619241
602,0.1921875,0.23601509485624006,0.8078125,0.2360150948562401,1686.3390628814698,2034.353860984145
603,0.18359375,0.22502170034243366,0.81640625,0.22502170034243366,1689.5101566314697,2038.2290686849728
604,0.2,0.24494897427831783,0.8,0.2449489742783178,1692.5394535064697,2041.9343533430251
605,0.2,0.24494897427831783,0.8,0.2449489742783178,1695.8394535064697,2045.9747081733146
606,0.18515625,0.22677253195658417,0.81484375,0.22677253195658417,1699.1394535064696,2050.01506814154
607,0.1859375,0.22777959724671348,0.8140625,0.22777959724671348,1702.1945316314698,2053.7550483178898
608,0.1859375,0.22794031479616544,0.8140625,0.22794031479616544,1705.2625980377197,2057.5094040669082
609,0.18828125,0.23062627032170466,0.81171875,0.23062627032170466,1708.3304691314697,2061.269666015356
610,0.184375,0.22593393410049098,0.815625,0.22593393410049098,1711.4372074127198,2065.0749608769415
611,0.1890625,0.23167191241063298,0.8109375,0.23167191241063298,1714.4791996002198,2068.796372075562
612,0.190625,0.23348006221757994,0.809375,0.23348006221757994,1717.5989261627196,2072.6129962668333
613,0.18046875,0.22161075814364248,0.81953125,0.22161075814364248,1720.7441410064698,2076.462864155352
614,0.18515625,0.22773940013752558,0.81484375,0.2277394001375256,1723.7220706939697,2080.115531063101
615,0.1953125,0.24103809913450405,0.8046875,0.24103809913450405,1726.7770511627198,2083.8645964198818
616,0.203125,0.25189709890647805,0.796875,0.25189709890647805,1729.9996097564697,2087.8224580836613
617,0.2,0.24595606267304126,0.8,0.24595606267304126,1733.3512699127198,2091.9426117399016
618,0.19765625,0.24223285865567457,0.80234375,0.24223285865567454,1736.6511722564696,2095.9922109880395
619,0.1953125,0.23941201982017318,0.8046875,0.23941201982017318,1739.9125003814697,2099.988846119331
620,0.196875,0.24113430273008649,0.803125,0.2411343027300865,1743.1351566314697,2103.9386660127493
621,0.20234375,0.24806871212932113,0.79765625,0.24806871212932116,1746.3837894439698,2107.917134150338
622,0.20078125,0.24615698592310964,0.79921875,0.24615698592310964,1749.7224613189696,2112.0095123178407
623,0.2140625,0.2621835890649909,0.7859375,0.2621835890649909,1753.0353519439698,2116.060918121633
624,0.2171875,0.26656085140170155,0.7828125,0.2665608514017015,1756.5672855377197,2120.384183746504
625,0.2171875,0.2669269563007828,0.7828125,0.2669269563007828,1760.1507816314697,2124.764379412075
626,0.2078125,0.25623809042446244,0.7921875,0.25623809042446244,1763.7345706939698,2129.1429653159357
627,0.19296875,0.23834655867297516,0.80703125,0.2383465586729752,1767.1632816314698,2133.3287492168165
628,0.19140625,0.2375308368138756,0.80859375,0.2375308368138756,1770.3473636627198,2137.2146769543765
629,0.2,0.24940603268691197,0.8,0.24940603268691197,1773.5055667877198,2141.0661336590256
630,0.2015625,0.2538834124344775,0.7984375,0.2538834124344775,1776.8055667877197,2145.088054881221
631,0.2,0.25261571064687366,0.8,0.25261571064687366,1780.1314456939697,2149.137266069041
632,0.2015625,0.2527751247094441,0.7984375,0.2527751247094441,1783.4313480377198,2153.1542783063555
633,0.19609375,0.2459684700957625,0.80390625,0.24596847009576248,1786.7571292877196,2157.206263720089
634,0.2046875,0.2570490590334849,0.7953125,0.2570490590334849,1789.9926761627198,2161.148672585262
635,0.2078125,0.26249767484089265,0.7921875,0.26249767484089265,1793.3701175689698,2165.2639367848824
636,0.20234375,0.25294167744264684,0.79765625,0.2529416774426469,1796.7990238189698,2169.4401548617125
637,0.1984375,0.25481687664870234,0.8015625,0.2548168766487024,1800.1375980377197,2173.5109332463994
638,0.21171875,0.27072764364070767,0.78828125,0.27072764364070767,1803.4118167877198,2177.4947868453496
639,0.2109375,0.2687658970588996,0.7890625,0.2687658970588996,1806.9051761627197,2181.7474128938466
640,0.2125,0.2686705005962229,0.7875,0.2686705005962229,1810.3856449127197,2185.986238739711
641,0.21015625,0.26558363648528877,0.78984375,0.26558363648528877,1813.8919925689697,2190.259741775987
642,0.20390625,0.258172097700836,0.79609375,0.258172097700836,1817.3595706939698,2194.4867569410812
643,0.2015625,0.25997671169741343,0.7984375,0.25997671169741343,1820.7239261627196,2198.5879790728145
644,0.2,0.25521178781675624,0.8,0.2552117878167562,1824.0497074127197,2202.6382146881137
645,0.19921875,0.2553624109721319,0.80078125,0.2553624109721319,1827.3497074127197,2206.660346480354
646,0.190625,0.2449489742783178,0.809375,0.2449489742783178,1830.6369144439698,2210.6665928234193
647,0.1875,0.24130383142938283,0.8125,0.24130383142938283,1833.7822269439698,2214.500138263779
648,0.1859375,0.2359530210126584,0.8140625,0.23595302101265836,1836.8759769439698,2218.271277905764
649,0.19453125,0.24843749999999998,0.80546875,0.2484375,1839.9439456939697,2222.0143328846725
650,0.19453125,0.2458195396907048,0.80546875,0.2458195396907048,1843.1536136627196,2225.9295704399015
651,0.19609375,0.24651377845619504,0.80390625,0.24651377845619504,1846.3632816314698,2229.847511735805
652,0.19140625,0.24339417136868746,0.80859375,0.24339417136868746,1849.5989261627196,2233.7987433534986
653,0.19609375,0.24829005058348594,0.80390625,0.24829005058348594,1852.7572269439697,2237.6537703135295
654,0.1921875,0.24398776464584243,0.8078125,0.24398776464584246,1855.9926761627198,2241.6042972564496
655,0.19140625,0.2403661351069447,0.80859375,0.2403661351069447,1859.1638675689696,2245.4764397308363
656,0.18828125,0.23720170412014327,0.81171875,0.2372017041201433,1862.3220706939696,2249.3350814074042
657,0.1796875,0.22728870682460225,0.8203125,0.22728870682460225,1865.4286136627197,2253.130427416423
658,0.18671875,0.23720170412014327,0.81328125,0.2372017041201433,1868.3933597564696,2256.752332599873
659,0.17734375,0.22685326169960615,0.82265625,0.22685326169960615,1871.4743167877198,2260.5160677546583
660,0.175,0.2293125127759604,0.825,0.2293125127759604,1874.4005863189698,2264.0905264253215
661,0.1796875,0.23555691572712315,0.8203125,0.23555691572712315,1877.2880863189698,2267.6159666516187
662,0.1703125,0.2277394001375256,0.8296875,0.2277394001375256,1880.2529300689698,2271.236669035839
663,0.15859375,0.21963548459606888,0.84140625,0.21963548459606885,1883.0629886627198,2274.667884432961
664,0.15,0.21221545747335419,0.85,0.21221545747335419,1885.6798831939698,2277.862494161469
665,0.14453125,0.21237933154794042,0.85546875,0.21237933154794042,1888.1548831939697,2280.8843018658563
666,0.140625,0.20771555539517256,0.859375,0.20771555539517256,1890.5396488189697,2283.796204754443
667,0.1375,0.20316105449248878,0.8625,0.20316105449248878,1892.8599613189697,2286.6308981643583
668,0.1421875,0.2093050256205044,0.8578125,0.2093050256205044,1895.1287113189696,2289.4041612423594
669,0.1453125,0.2125,0.8546875,0.2125,1897.4748050689698,2292.273631467606
670,0.1359375,0.1948807728458608,0.8640625,0.1948807728458608,1899.8724613189697,2295.20786157482
671,0.13046875,0.18227752921369653,0.86953125,0.18227752921369655,1902.1153324127197,2297.954120489572
672,0.13203125,0.18165364536667025,0.86796875,0.18165364536667025,1904.2680667877198,2300.591058741388
673,0.128125,0.1768353809426298,0.871875,0.1768353809426298,1906.4465824127196,2303.260383689134
674,0.1265625,0.1799522506110996,0.8734375,0.17995225061109962,1908.5606449127197,2305.8515394798583
675,0.125,0.1758246474207328,0.875,0.1758246474207328,1910.6490238189697,2308.412406990853
676,0.11640625,0.17138424254799506,0.88359375,0.17138424254799506,1912.7115238189697,2310.942308713849
677,0.11640625,0.1756058152332946,0.88359375,0.17560581523329458,1914.6322269439697,2313.2999417472724
678,0.11328125,0.16821384734170966,0.88671875,0.16821384734170966,1916.5529300689698,2315.659165891646
679,0.1171875,0.17710439519355525,0.8828125,0.17710439519355525,1918.4219730377197,2317.955713428548
680,0.121875,0.17503138669428692,0.878125,0.17503138669428692,1920.3556644439698,2320.3333135434445
681,0.11328125,0.1615507128195354,0.88671875,0.1615507128195354,1922.3666019439697,2322.805431635193
682,0.1125,0.16672687714492826,0.8875,0.16672687714492823,1924.2357425689697,2325.1038368815807
683,0.11171875,0.16386893343080622,0.88828125,0.16386893343080622,1926.0919925689698,2327.3886460311583
684,0.1109375,0.15596849641834723,0.8890625,0.15596849641834726,1927.9353519439696,2329.658164582888
685,0.1125,0.15763836308343537,0.8875,0.15763836308343537,1929.7657230377197,2331.9107024075115
686,0.11875,0.1667305378916082,0.88125,0.16673053789160822,1931.6220706939698,2334.1957140481013
687,0.12109375,0.1710562887071095,0.87890625,0.1710562887071095,1933.5814456939697,2336.608376115699
688,0.11953125,0.16696831426576123,0.88046875,0.16696831426576123,1935.5794925689697,2339.069791210239
689,0.1203125,0.17084921166045808,0.8796875,0.17084921166045805,1937.5517581939698,2341.4995391438324
690,0.12421875,0.17560581523329458,0.87578125,0.17560581523329458,1939.5369144439696,2343.9469854214253
691,0.1265625,0.17870997694413987,0.8734375,0.17870997694413987,1941.5865238189697,2346.4744493666667
692,0.13515625,0.1921557392455401,0.86484375,0.1921557392455401,1943.6748050689698,2349.05039065048
693,0.1390625,0.19816048578109613,0.8609375,0.19816048578109613,1945.9048831939697,2351.8027934863026
694,0.13828125,0.206042746247593,0.86171875,0.206042746247593,1948.1994144439698,2354.6360523150233
695,0.1390625,0.20613159480050602,0.8609375,0.20613159480050602,1950.4810550689697,2357.4586420177943
696,0.1390625,0.2103957162631288,0.8609375,0.2103957162631288,1952.7755863189698,2360.298214747575
697,0.14375,0.21366009165406863,0.85625,0.2136600916540686,1955.0701175689696,2363.1413146770933
698,0.153125,0.2287261983860288,0.846875,0.2287261983860288,1957.4419925689697,2366.080087123114
699,0.1578125,0.23626322714294748,0.8421875,0.2362632271429475,1959.9684574127198,2369.212761530231
700,0.15546875,0.23038796253548058,0.84453125,0.23038796253548058,1962.5724613189698,2372.443834092424
701,0.15859375,0.23919012116410665,0.84140625,0.23919012116410662,1965.1376956939698,2375.627368045604
702,0.16171875,0.25113997902066487,0.83828125,0.25113997902066487,1967.7544925689697,2378.8793022547534
703,0.1515625,0.23449736389110007,0.8484375,0.23449736389110007,1970.4228519439698,2382.2018952202666
704,0.15625,0.24206145913796356,0.84375,0.24206145913796356,1972.9236331939696,2385.317612816732
705,0.153125,0.23452339052453808,0.846875,0.2345233905245381,1975.5017581939696,2388.532202803609
706,0.15234375,0.2315454194105338,0.84765625,0.2315454194105338,1978.0283206939698,2391.6829356981943
707,0.153125,0.23014940799402464,0.846875,0.2301494079940246,1980.5418949127197,2394.818285464378
708,0.16171875,0.23675355560951983,0.83828125,0.23675355560951983,1983.0685550689698,2397.969988727709
709,0.15703125,0.22791085839643532,0.84296875,0.22791085839643532,1985.7369144439697,2401.2953444562163
710,0.15546875,0.22366684034239406,0.84453125,0.2236668403423941,1988.3279300689696,2404.5242628377227
711,0.1515625,0.21511204838263942,0.8484375,0.21511204838263942,1990.8931644439697,2407.720769210838
712,0.15234375,0.21911242298475456,0.84765625,0.21911242298475456,1993.3939456939697,2410.835492928713
713,0.16171875,0.23021834914109257,0.83828125,0.23021834914109257,1995.9076175689697,2413.970332641102
714,0.1703125,0.2449763819929893,0.8296875,0.24497638199298927,1998.5759769439696,2417.2971583855665
715,0.16875,0.2420538945991677,0.83125,0.2420538945991677,2001.3861331939697,2420.8048799853846
716,0.16015625,0.23380138138492682,0.83984375,0.23380138138492682,2004.1705081939697,2424.281354397818
717,0.15703125,0.2227645021934599,0.84296875,0.22276450219345992,2006.8130863189697,2427.5865496620886
718,0.153125,0.2119823658644747,0.846875,0.2119823658644747,2009.4041996002197,2430.8218681237004
719,0.16015625,0.22485889672748108,0.83984375,0.22485889672748108,2011.9306644439698,2433.971382894876
720,0.14453125,0.20333522774903023,0.85546875,0.20333522774903023,2014.5732425689698,2437.270564832052
721,0.1421875,0.20660480845081994,0.8578125,0.20660480845081994,2016.9580081939698,2440.2493993135377
722,0.1390625,0.20204943605309816,0.8609375,0.20204943605309814,2019.3041019439697,2443.188730759895
723,0.1359375,0.1911334152414878,0.8640625,0.1911334152414878,2021.5986331939698,2446.0646234536284
724,0.13359375,0.18682168972043903,0.86640625,0.18682168972043903,2023.8416019439696,2448.869104110233
725,0.1375,0.18930446809472037,0.8625,0.18930446809472037,2026.0459964752197,2451.624820673245
726,0.14375,0.19614510034824983,0.85625,0.19614510034824983,2028.3146488189698,2454.457531690678
727,0.14140625,0.19878783051912408,0.85859375,0.19878783051912408,2030.6865238189698,2457.4172598840937
728,0.14296875,0.2067524655989621,0.85703125,0.20675246559896207,2033.0197269439698,2460.3378582336686
729,0.13828125,0.2074597570162705,0.86171875,0.2074597570162705,2035.3787113189696,2463.2993787728865
730,0.13984375,0.20761856552341362,0.86015625,0.20761856552341362,2037.6603519439698,2466.174319891131
731,0.1390625,0.20475010969929908,0.8609375,0.20475010969929908,2039.9677738189698,2469.0804487814457
732,0.14140625,0.20920002016610803,0.85859375,0.209200020166108,2042.2623050689697,2471.9694576582287
733,0.14765625,0.21970216878481194,0.85234375,0.21970216878481197,2044.5955081939696,2474.9097435211725
734,0.15234375,0.22308757564295237,0.84765625,0.22308757564295237,2047.0319339752198,2477.983184031356
735,0.14375,0.21506948368492448,0.85625,0.21506948368492448,2049.54550819397,2481.1506094117594
736,0.1546875,0.23605646835026572,0.8453125,0.23605646835026572,2051.9173831939697,2484.147056162133
737,0.159375,0.24660042087986184,0.840625,0.24660042087986184,2054.46982460022,2487.3794522822855
738,0.14921875,0.23453640275818594,0.85078125,0.2345364027581859,2057.0995121002197,2490.716155594543
739,0.14296875,0.22392865597942127,0.85703125,0.22392865597942127,2059.56152381897,2493.846888234847
740,0.140625,0.2178553132241672,0.859375,0.2178553132241672,2061.92050819397,2496.8475125664177
741,0.1421875,0.21640201936297868,0.8578125,0.21640201936297868,2064.24082069397,2499.7974735013668
742,0.14296875,0.20942163659708135,0.85703125,0.20942163659708135,2066.58691444397,2502.7764116076114
743,0.14140625,0.2038209232390041,0.85859375,0.20382092323900408,2068.94589881897,2505.760836601651
744,0.1390625,0.1969090992295049,0.8609375,0.1969090992295049,2071.2791996002197,2508.7085414123785
745,0.146875,0.1985297521783574,0.853125,0.1985297521783574,2073.5736331939697,2511.6020419095635
746,0.14921875,0.20062159265019305,0.85078125,0.20062159265019305,2075.99707069397,2514.6408588204636
747,0.16015625,0.21386852525266545,0.83984375,0.21386852525266545,2078.4591800689695,2517.726442723148
748,0.1671875,0.22423916501137797,0.8328125,0.22423916501137797,2081.1017581939695,2521.0355427827963
749,0.17890625,0.23252394029970336,0.82109375,0.23252394029970333,2083.86035194397,2524.4928004451604
750,0.18828125,0.24499880420626546,0.81171875,0.24499880420626546,2086.8123050689696,2528.1745449453747
751,0.20234375,0.26127410923443983,0.79765625,0.26127410923443983,2089.91904335022,2532.0506527574503
752,0.20625,0.26395846693301017,0.79375,0.2639584669330101,2093.2576175689696,2536.210737178519
753,0.20625,0.2646858397232463,0.79375,0.2646858397232462,2096.66074256897,2540.444384918605
754,0.20390625,0.2569635644162417,0.79609375,0.2569635644162417,2100.0638675689697,2544.680809139961
755,0.20078125,0.250580381003282,0.79921875,0.25058038100328206,2103.4284183502195,2548.8526483063624
756,0.203125,0.2531659881937639,0.796875,0.2531659881937639,2106.74121131897,2552.9495053814044
757,0.19921875,0.24697881519727558,0.80078125,0.24697881519727558,2110.09287147522,2557.0927876131636
758,0.196875,0.24325119234676937,0.803125,0.2432511923467694,2113.37998085022,2561.1488767103738
759,0.1984375,0.24405029578961793,0.8015625,0.24405029578961793,2116.6283206939697,2565.151580836404
760,0.2,0.24539707936831684,0.8,0.24539707936831684,2119.9025394439695,2569.1763278185804
761,0.2,0.2452602452307039,0.8,0.24526024523070386,2123.2025394439697,2573.225372565936
762,0.2015625,0.24717149916606487,0.7984375,0.24717149916606487,2126.50253944397,2577.272008898157
763,0.20625,0.2531949170414466,0.79375,0.25319491704144653,2129.8283206939695,2581.350166032382
764,0.209375,0.2573931248171268,0.790625,0.25739312481712673,2133.23144569397,2585.5276997195874
765,0.20625,0.253580319653606,0.79375,0.253580319653606,2136.68613319397,2589.7730931568844
766,0.209375,0.258434382538634,0.790625,0.258434382538634,2140.08935585022,2593.955561844693
767,0.20390625,0.25265194994794715,0.79609375,0.25265194994794715,2143.54404335022,2598.2106438835044
768,0.2171875,0.2685682524983175,0.7828125,0.26856825249831745,2146.9084964752196,2602.3614721263607
769,0.2109375,0.260040092311503,0.7890625,0.260040092311503,2150.4920902252197,2606.779039823634
770,0.21484375,0.26378035962709584,0.78515625,0.26378035962709584,2153.9725589752197,2611.0633175829867
771,0.21953125,0.27124567968909663,0.78046875,0.27124567968909663,2157.5173831939696,2615.4153161556374
772,0.22109375,0.27547898626755546,0.77890625,0.27547898626755546,2161.13974647522,2619.8791562210995
773,0.21640625,0.26983791431153625,0.78359375,0.2698379143115363,2164.7877933502195,2624.389127818712
774,0.2125,0.2649071181565342,0.7875,0.2649071181565342,2168.35849647522,2628.8046300922624
775,0.21328125,0.26870457464937214,0.78671875,0.26870457464937214,2171.86474647522,2633.140267478009
776,0.21171875,0.26743866119168336,0.78828125,0.26743866119168336,2175.38388710022,2637.505366534727
777,0.20859375,0.26566635707452685,0.79140625,0.26566635707452685,2178.8772464752196,2641.8416460170074
778,0.20703125,0.2631548750854713,0.79296875,0.2631548750854713,2182.3190433502195,2646.1226695838764
779,0.20703125,0.2652340873525686,0.79296875,0.2652340873525686,2185.7350589752195,2650.3700154051126
780,0.20546875,0.2681588702383347,0.79453125,0.2681588702383346,2189.1510746002195,2654.6252419549473
781,0.20546875,0.26568933044535303,0.79453125,0.26568933044535303,2192.5412113189695,2658.8645161743902
782,0.2,0.2632174904249811,0.8,0.26321749042498105,2195.9315433502197,2663.0969416471394
783,0.19921875,0.2676166144762877,0.80078125,0.2676166144762877,2199.23154335022,2667.2310618035604
784,0.19921875,0.270745678924429,0.80078125,0.270745678924429,2202.51865272522,2671.3644902637448
785,0.1890625,0.2612881252085521,0.8109375,0.2612881252085521,2205.80576210022,2675.506713188434
786,0.1953125,0.2659005923272831,0.8046875,0.2659005923272831,2208.9251956939697,2679.4490460612565
787,0.19765625,0.2648610337280666,0.80234375,0.2648610337280665,2212.14794960022,2683.5133969562835
788,0.1875,0.2509868218963398,0.8125,0.2509868218963398,2215.40927772522,2687.616435131808
789,0.18828125,0.25337564750780606,0.81171875,0.25337564750780606,2218.5031253814695,2691.5087882703447
790,0.19140625,0.25029279728949455,0.80859375,0.25029279728949455,2221.6096683502196,2695.4215301766417
791,0.19453125,0.2514168833208104,0.80546875,0.2514168833208104,2224.7679691314697,2699.3789049206866
792,0.19375,0.25011716004704676,0.80625,0.25011716004704676,2227.97753944397,2703.3910574734427
793,0.19609375,0.25923377179198703,0.80390625,0.25923377179198703,2231.1745121002195,2707.3868354340425
794,0.20078125,0.2693624924590467,0.79921875,0.2693624924590467,2234.4099613189696,2711.4511704001025
795,0.20234375,0.2701182466763399,0.79765625,0.2701182466763399,2237.7228519439695,2715.6250187999876
796,0.19765625,0.25832808294395715,0.80234375,0.25832808294395715,2241.06152381897,2719.828350919196
797,0.196875,0.2587530193060556,0.803125,0.25875301930605565,2244.32285194397,2723.917767456928
798,0.19296875,0.25295615510647296,0.80703125,0.25295615510647296,2247.57138710022,2727.9964567231714
799,0.18984375,0.24441515814541864,0.81015625,0.24441515814541864,2250.75537147522,2731.992475405418
800,0.18671875,0.24156169146048384,0.81328125,0.24156169146048384,2253.8878910064695,2735.908498396393
801,0.1984375,0.25138046597115493,0.8015625,0.251380465971155,2256.9686527252197,2739.7645913969395
802,0.2046875,0.2550467175342588,0.7953125,0.2550467175342588,2260.2429691314696,2743.8411804227308
803,0.20703125,0.2564357177612939,0.79296875,0.2564357177612939,2263.62021522522,2748.022883640569
804,0.21328125,0.2625,0.78671875,0.2625,2267.03613319397,2752.241455732061
805,0.20078125,0.24783732536434053,0.79921875,0.24783732536434055,2270.5553714752195,2756.5713860823366
806,0.20078125,0.24886951431673987,0.79921875,0.2488695143167399,2273.86826210022,2760.6552271797573
807,0.20390625,0.25083357125542427,0.79609375,0.25083357125542427,2277.18115272522,2764.748043946087
808,0.20078125,0.24680081955141475,0.79921875,0.24680081955141478,2280.5456058502195,2768.8859387590646
809,0.196875,0.24193030698426352,0.803125,0.24193030698426354,2283.85839881897,2772.957735137933
810,0.203125,0.24882536546742978,0.796875,0.24882536546742978,2287.1068363189697,2776.9494420478622
811,0.20390625,0.2502488995355424,0.79609375,0.2502488995355424,2290.4583988189697,2781.049180465152
812,0.2015625,0.24706035367775017,0.7984375,0.24706035367775017,2293.8229496002195,2785.178243432432
813,0.20234375,0.24806871212932116,0.79765625,0.24806871212932116,2297.1487308502196,2789.252455712329
814,0.203125,0.24888668119874355,0.796875,0.24888668119874355,2300.48740272522,2793.3439563355614
815,0.203125,0.24888668119874355,0.796875,0.24888668119874355,2303.8391605377196,2797.4469528571904
816,0.19609375,0.24032042412162977,0.80390625,0.24032042412162974,2307.1906253814695,2801.549591597261
817,0.19609375,0.24032042412162977,0.80390625,0.24032042412162974,2310.4260746002196,2805.51201851623
818,0.20078125,0.24754162370952887,0.79921875,0.2475416237095289,2313.66171913147,2809.4747367681525
819,0.18984375,0.23525356167601374,0.81015625,0.23525356167601374,2316.97460975647,2813.5555461458302
820,0.19921875,0.24564070401452198,0.80078125,0.24564070401452198,2320.10693397522,2817.424780149666
821,0.20625,0.25463716910660356,0.79375,0.25463716910660356,2323.39414100647,2821.474258455947
822,0.19765625,0.24635526779176045,0.80234375,0.24635526779176042,2326.79736366272,2825.669955749814
823,0.1953125,0.24330638718881795,0.8046875,0.24330638718881795,2330.0583988189696,2829.7084218659925
824,0.20625,0.25463716910660356,0.79375,0.25463716910660356,2333.2811527252197,2833.698728046851
825,0.1984375,0.24428776815852857,0.8015625,0.24428776815852857,2336.6844730377197,2837.8946217185626
826,0.1890625,0.2316060392603677,0.8109375,0.23160603926036774,2339.9583988189697,2841.923464730104
827,0.18828125,0.23062627032170466,0.81171875,0.23062627032170466,2343.0779300689696,2845.739721885779
828,0.18828125,0.23075855719506913,0.81171875,0.23075855719506913,2346.18466835022,2849.5298906008125
829,0.18828125,0.2305998038404413,0.81171875,0.2305998038404413,2349.2913089752196,2853.3349303690493
830,0.17890625,0.21920154289203805,0.82109375,0.21920154289203805,2352.39794960022,2857.1280145898695
831,0.19296875,0.23641817757418737,0.80703125,0.2364181775741874,2355.3500003814697,2860.74127545745
832,0.1953125,0.23922074011255798,0.8046875,0.23922074011255798,2358.5338871002195,2864.622785614298
833,0.2,0.2450610773677146,0.8,0.2450610773677146,2361.75644569397,2868.562004431088
834,0.20390625,0.24976062758919793,0.79609375,0.2497606275891979,2365.05664100647,2872.60203759044
835,0.2015625,0.24697387260599046,0.7984375,0.24697387260599046,2368.42089881897,2876.7069594285704
836,0.190625,0.23348006221757994,0.809375,0.23348006221757994,2371.74668006897,2880.760480058357
837,0.1828125,0.22395318550285237,0.8171875,0.22395318550285237,2374.8919925689697,2884.5995353258363
838,0.1890625,0.23156650637559825,0.8109375,0.23156650637559828,2377.9083988189695,2888.278209152632
839,0.19609375,0.24032042412162977,0.80390625,0.24032042412162974,2381.0280277252195,2892.09187901794
840,0.19296875,0.23649561471885688,0.80703125,0.23649561471885688,2384.2635746002197,2896.0545275956165
841,0.19140625,0.23445311198350513,0.80859375,0.23445311198350513,2387.4475589752196,2899.933577142438
842,0.1875,0.22963966338592295,0.8125,0.22963966338592295,2390.6057621002196,2903.7958920491897
843,0.1921875,0.23620897047820813,0.8078125,0.23620897047820813,2393.6995121002196,2907.5750617176477
844,0.19453125,0.23840800931648667,0.80546875,0.23840800931648667,2396.87060585022,2911.4722647306967
845,0.184375,0.22582584983372694,0.815625,0.22582584983372694,2400.0804691314697,2915.4035783517047
846,0.1859375,0.22806077863148677,0.8140625,0.22806077863148672,2403.12255897522,2919.1167777351343
847,0.1828125,0.22402130897528477,0.8171875,0.22402130897528477,2406.19052772522,2922.87918392279
848,0.1890625,0.23239528471846194,0.8109375,0.23239528471846194,2409.20703163147,2926.5728543754835
849,0.19296875,0.23634071505720294,0.80703125,0.23634071505720297,2412.32666053772,2930.407168287877
850,0.19609375,0.2401679913362728,0.80390625,0.24016799133627278,2415.5105472564696,2934.295074580361
851,0.18828125,0.2305998038404413,0.81171875,0.2305998038404413,2418.74609413147,2938.246152650981
852,0.19375,0.23734575583418382,0.80625,0.23734575583418382,2421.85263710022,2942.042554125141
853,0.18828125,0.23075855719506913,0.81171875,0.23075855719506913,2425.0495121002195,2945.942056560518
854,0.19453125,0.23851039187266035,0.80546875,0.23851039187266035,2428.15625038147,2949.7474779073464
855,0.19453125,0.23851039187266035,0.80546875,0.23851039187266035,2431.3660160064696,2953.6816852896304
856,0.2015625,0.24717149916606487,0.7984375,0.24717149916606487,2434.5758792877195,2957.616026215816
857,0.21171875,0.25944558527512085,0.78828125,0.25944558527512085,2437.9015628814695,2961.6933128056394
858,0.2171875,0.2671440936964076,0.7828125,0.26714409369640757,2441.3947269439695,2965.9708109133285
859,0.2171875,0.26738388250790285,0.7828125,0.26738388250790285,2444.97861366272,2970.3780557781
860,0.2203125,0.2711916699955955,0.7796875,0.2711916699955956,2448.56210975647,2974.787733596272
861,0.221875,0.27619590816574385,0.778125,0.2761959081657438,2452.1971683502197,2979.260385285136
862,0.21171875,0.2637387068079883,0.78828125,0.2637387068079883,2455.8581058502195,2983.790888785531
863,0.2171875,0.27054948065811363,0.7828125,0.27054948065811363,2459.3514652252197,2988.1153001355815
864,0.22265625,0.2773602547905882,0.77734375,0.2773602547905882,2462.9352542877195,2992.551722101565
865,0.228125,0.2841710291851106,0.771875,0.28417102918511067,2466.60888710022,2997.099444741585
866,0.23203125,0.2895645977152594,0.76796875,0.2895645977152594,2470.37304725647,3001.759320190301
867,0.23203125,0.2867474866389416,0.76796875,0.2867474866389416,2474.2014652252196,3006.5021604347526
868,0.22421875,0.2760765504687966,0.77578125,0.2760765504687966,2478.0300785064696,3011.2246952732767
869,0.22890625,0.28178768048834213,0.77109375,0.28178768048834213,2481.72959022522,3015.777726822759
870,0.21875,0.2698311284685757,0.78125,0.2698311284685757,2485.5067386627197,3020.4255878991744
871,0.225,0.2761097105601775,0.775,0.2761097105601775,2489.11582069397,3024.8725903850295
872,0.21328125,0.2614515893884564,0.78671875,0.2614515893884564,2492.8283206939695,3029.428168486181
873,0.20546875,0.2517225810540247,0.79453125,0.2517225810540246,2496.3475589752197,3033.7402878221114
874,0.1984375,0.24304786694188452,0.8015625,0.24304786694188454,2499.73789100647,3037.889015204912
875,0.20546875,0.25179531152555246,0.79453125,0.25179531152555246,2503.0120121002196,3041.89139332119
876,0.20625,0.2526519499479472,0.79375,0.25265194994794715,2506.4022464752197,3046.042970461915
877,0.20078125,0.2460577850703976,0.79921875,0.24605778507039763,2509.8054691314696,3050.206032325948
878,0.20546875,0.25215864921711495,0.79453125,0.2521586492171149,2513.11826210022,3054.2630647430565
879,0.20703125,0.2535634705428801,0.79296875,0.2535634705428801,2516.5084964752195,3058.4235036551
880,0.19765625,0.24233362527206168,0.80234375,0.24233362527206165,2519.9246097564696,3062.5979280100933
881,0.1984375,0.24383762447451582,0.8015625,0.24383762447451582,2523.1859378814697,3066.5686033557995
882,0.19765625,0.24346437592335765,0.80234375,0.2434643759233576,2526.46005897522,3070.544718083767
883,0.18828125,0.23178780368582813,0.81171875,0.2317878036858281,2529.7214847564696,3074.498172187402
884,0.184375,0.22744172072890453,0.815625,0.22744172072890453,2532.8280277252197,3078.265470220145
885,0.1828125,0.22554188219707663,0.8171875,0.22554188219707663,2535.87011756897,3081.9498419364168
886,0.17890625,0.22094877092891915,0.82109375,0.22094877092891918,2538.8866214752197,3085.6031208745335
887,0.1796875,0.22240254185822605,0.8203125,0.22240254185822605,2541.8385746002195,3089.1762508234533
888,0.18046875,0.2239123014709107,0.81953125,0.2239123014709107,2544.8034183502195,3092.7609701647907
889,0.1828125,0.22655441795929518,0.8171875,0.22655441795929518,2547.7811527252197,3096.3573907522828
890,0.17265625,0.2130450271509523,0.82734375,0.2130450271509523,2550.79746131897,3100.002562008541
891,0.175,0.21710317607649132,0.825,0.21710317607649135,2553.64648475647,3103.4535170243034
892,0.1765625,0.2186160304049088,0.8234375,0.21861603040490876,2556.53378944397,3106.9414826418933
893,0.18046875,0.22353035657936932,0.81953125,0.22353035657936932,2559.4471683502197,3110.4643492424707
894,0.16953125,0.2115961937718871,0.83046875,0.21159619377188713,2562.4250980377196,3114.06484305382
895,0.1703125,0.21436167505964074,0.8296875,0.2143616750596407,2565.2220706939697,3117.4360784635323
896,0.1734375,0.2198854460281535,0.8265625,0.2198854460281535,2568.0324222564695,3120.8141698558215
897,0.17578125,0.22297811166401513,0.82421875,0.22297811166401513,2570.89404335022,3124.246944052845
898,0.1796875,0.22791889233754845,0.8203125,0.22791889233754845,2573.7943363189697,3127.7260587595147
899,0.1828125,0.23362379614457085,0.8171875,0.23362379614457088,2576.75927772522,3131.2832612661277
900,0.18984375,0.24155158448817923,0.81015625,0.24155158448817923,2579.7756839752196,3134.8956395387436
901,0.190625,0.23916205035106428,0.809375,0.23916205035106428,2582.9081058502197,3138.6517431069933
902,0.1953125,0.24377003122820493,0.8046875,0.24377003122820493,2586.0534183502195,3142.43893765898
903,0.2015625,0.2504098203445704,0.7984375,0.2504098203445704,2589.2761722564696,3146.32650146354
904,0.196875,0.24293734724718632,0.803125,0.24293734724718635,2592.6017581939695,3150.3454304072575
905,0.19765625,0.24298758970367193,0.80234375,0.2429875897036719,2595.8503910064696,3154.2838143740373
906,0.203125,0.24897249785367861,0.796875,0.24897249785367861,2599.1117191314697,3158.2471824250047
907,0.21171875,0.2597982239883483,0.78828125,0.2597982239883483,2602.46337928772,3162.332906647545
908,0.21875,0.2683226980941046,0.78125,0.2683226980941046,2605.95664100647,3166.5851717573028
909,0.21953125,0.2698921949130801,0.78046875,0.2698921949130801,2609.56601600647,3170.9807853913126
910,0.2140625,0.2635766610494943,0.7859375,0.2635766610494943,2613.1881839752195,3175.3829330740227
911,0.215625,0.26574445843234434,0.784375,0.2657444584323444,2616.72021522522,3179.67115323769
912,0.2125,0.2608322205281108,0.7875,0.2608322205281108,2620.2780277252195,3183.9884521538784
913,0.2125,0.2608322205281108,0.7875,0.2608322205281108,2623.78427772522,3188.2558554438074
914,0.20859375,0.2555487737815425,0.79140625,0.25554877378154256,2627.29052772522,3192.5233758340623
915,0.20078125,0.24598335817693032,0.79921875,0.24598335817693034,2630.7323246002197,3196.723770244115
916,0.1984375,0.24314829579908637,0.8015625,0.24314829579908637,2634.0452152252196,3200.7666644523492
917,0.2,0.24574504064171873,0.8,0.24574504064171873,2637.31943397522,3204.7764679991883
918,0.20625,0.2527968552019586,0.79375,0.25279685520195855,2640.6195316314697,3208.8307767465817
919,0.20390625,0.24980949773027045,0.79609375,0.24980949773027045,2644.02255897522,3213.000587865163
920,0.20859375,0.2555487737815425,0.79140625,0.25554877378154256,2647.38720741272,3217.1068042285337
921,0.20703125,0.2535634705428801,0.79296875,0.2535634705428801,2650.8289066314696,3221.3072517226915
922,0.20546875,0.2517225810540247,0.79453125,0.2517225810540246,2654.2450199127197,3225.481563765068
923,0.20859375,0.2559783239724606,0.79140625,0.2559783239724606,2657.6350589752196,3229.6189292857266
924,0.1953125,0.2393227749818224,0.8046875,0.2393227749818224,2661.0770511627197,3233.809645378785
925,0.203125,0.25,0.796875,0.25,2664.2997074127197,3237.741237109443
926,0.19765625,0.2421572561761262,0.80234375,0.24215725617612616,2667.6510746002195,3241.8124474342467
927,0.1921875,0.23601509485624003,0.8078125,0.2360150948562401,2670.9125003814697,3245.7928028902434
928,0.18125,0.22220486043288973,0.81875,0.22220486043288973,2674.08349647522,3249.651312890075
929,0.17578125,0.21588525959986246,0.82421875,0.21588525959986246,2677.07421913147,3253.2970754450625
930,0.17265625,0.2125,0.82734375,0.2125,2679.9745121002197,3256.826077615217
931,0.17421875,0.21397694458165348,0.82578125,0.21397694458165348,2682.8234378814695,3260.28732729468
932,0.17734375,0.21846521641041622,0.82265625,0.21846521641041622,2685.6980472564696,3263.7850780725175
933,0.1703125,0.21494457861272054,0.8296875,0.21494457861272054,2688.6243167877196,3267.3385819117707
934,0.17421875,0.21930175949761552,0.82578125,0.21930175949761552,2691.4344730377197,3270.721701814323
935,0.175,0.22238058593321494,0.825,0.22238058593321494,2694.30908241272,3274.1851946684665
936,0.1703125,0.21555422298548224,0.8296875,0.21555422298548224,2697.1964847564695,3277.6560705158754
937,0.16171875,0.20639791097840596,0.83828125,0.20639791097840599,2700.0065433502195,3281.0377135267463
938,0.15078125,0.19357981436929317,0.84921875,0.19357981436929314,2702.6750980377196,3284.24308181767
939,0.15234375,0.19693079566500005,0.84765625,0.19693079566500005,2705.16308631897,3287.2281011799787
940,0.159375,0.20329620189055425,0.840625,0.20329620189055428,2707.6764652252195,3290.239749200935
941,0.1640625,0.2057967320485799,0.8359375,0.2057967320485799,2710.30625038147,3293.4001223937694
942,0.1515625,0.18838333591376918,0.8484375,0.18838333591376918,2713.01328163147,3296.6671730390512
943,0.16015625,0.19785840699538143,0.83984375,0.19785840699538143,2715.51416053772,3299.694224931434
944,0.1640625,0.20216117487044835,0.8359375,0.20216117487044835,2718.15683631897,3302.900683375326
945,0.16328125,0.20198598922635697,0.83671875,0.201985989226357,2720.86376991272,3306.189325104518
946,0.16328125,0.2013504213740314,0.83671875,0.2013504213740314,2723.5578128814695,3309.45645365163
947,0.1609375,0.2005607373715005,0.8390625,0.2005607373715005,2726.2518558502197,3312.728390330979
948,0.1484375,0.1860457930440111,0.8515625,0.1860457930440111,2728.9075199127196,3315.940718836648
949,0.153125,0.1911653458478419,0.846875,0.1911653458478419,2731.3567386627196,3318.898491351015
950,0.15078125,0.18585870179049999,0.84921875,0.18585870179049996,2733.8832035064697,3321.95321499542
951,0.1609375,0.19835751340697938,0.8390625,0.19835751340697938,2736.37109413147,3324.975868676855
952,0.16171875,0.2000915317892039,0.83828125,0.2000915317892039,2739.0266605377196,3328.2025036851123
953,0.16328125,0.20198598922635697,0.83671875,0.201985989226357,2741.69492225647,3331.4390518524096
954,0.159375,0.19743224708111895,0.840625,0.19743224708111895,2744.3889652252196,3334.707236251027
955,0.1671875,0.20596571316605103,0.8328125,0.20596571316605103,2747.0188480377196,3337.8959662800867
956,0.1625,0.1997709870467306,0.8375,0.1997709870467306,2749.77744178772,3341.2489952260344
957,0.1546875,0.19003173563085457,0.8453125,0.19003173563085457,2752.4586917877195,3344.5120358185404
958,0.1515625,0.1862163088235695,0.8484375,0.1862163088235695,2755.0110355377196,3347.6197501172865
959,0.14375,0.176904397954446,0.85625,0.176904397954446,2757.51181678772,3350.664460885728
960,0.14765625,0.1815528181583806,0.85234375,0.18155281815838056,2759.8835941314696,3353.549218976068
961,0.14453125,0.1770526934276912,0.85546875,0.1770526934276912,2762.3200199127195,3356.5142273479223
962,0.134375,0.1648715172111302,0.865625,0.1648715172111302,2764.70468788147,3359.4337984036474
963,0.13359375,0.16440440563972122,0.86640625,0.16440440563972122,2766.9217777252197,3362.154028570853
964,0.1328125,0.16296133432313017,0.8671875,0.16296133432313017,2769.1262699127196,3364.8644208454716
965,0.12421875,0.1529814378037414,0.87578125,0.1529814378037414,2771.31748085022,3367.55301250749
966,0.12890625,0.15869185697051377,0.87109375,0.15869185697051377,2773.36728553772,3370.0742242727233
967,0.12734375,0.15678813581151477,0.87265625,0.15678813581151477,2775.49414100647,3372.6896749053994
968,0.1171875,0.1437160285945865,0.8828125,0.1437160285945865,2777.5954105377195,3375.27385780497
969,0.10546875,0.12988501525387752,0.89453125,0.12988501525387752,2779.5290042877195,3377.6451583138164
970,0.10078125,0.12393097562252144,0.89921875,0.12393097562252142,2781.26914100647,3379.7854795620015
971,0.1,0.12287252032085937,0.9,0.12287252032085937,2782.9319339752196,3381.8289657248656
972,0.0984375,0.12078842556304804,0.9015625,0.12078842556304806,2784.58203163147,3383.8558259918905
973,0.10703125,0.13113834536473304,0.89296875,0.13113834536473304,2786.2062503814695,3385.8487924871506
974,0.1015625,0.12460876273360554,0.8984375,0.12460876273360554,2787.97226600647,3388.011804342111
975,0.0984375,0.12119199643540822,0.9015625,0.12119199643540823,2789.6481449127195,3390.0545175906436
976,0.1,0.12257411660909492,0.9,0.12257411660909492,2791.27246131897,3392.0297441436314
977,0.1,0.12249940210313275,0.9,0.12249940210313273,2792.92246131897,3394.043084906807
978,0.09921875,0.12167451458707365,0.90078125,0.12167451458707365,2794.57226600647,3396.0584247053594
979,0.090625,0.11197795541980572,0.909375,0.11197795541980574,2796.2092777252196,3398.0547803854583
980,0.0953125,0.1198550556922819,0.9046875,0.1198550556922819,2797.70468788147,3399.8702062476027
981,0.1015625,0.12558457060881323,0.8984375,0.12558457060881323,2799.27734413147,3401.7690827332
982,0.096875,0.11887842562098895,0.903125,0.11887842562098894,2800.95312538147,3403.8029817229603
983,0.103125,0.12651908977749168,0.896875,0.12651908977749168,2802.5516605377197,3405.7512724992152
984,0.11171875,0.1375,0.88828125,0.1375,2804.2531253814695,3407.8254734540155
985,0.12421875,0.15326046304004828,0.87578125,0.15326046304004828,2806.0965824127197,3410.0678238119845
986,0.13359375,0.16496034087773945,0.86640625,0.16496034087773945,2808.1461917877195,3412.5579453540145
987,0.14140625,0.1744550667435601,0.85859375,0.17445506674356007,2810.3504886627197,3415.2351142604944
988,0.140625,0.17436057848070188,0.859375,0.17436057848070188,2812.68359413147,3418.069893299676
989,0.14921875,0.18534569685792546,0.85078125,0.18534569685792546,2815.0038089752197,3420.883523415982
990,0.1484375,0.18315272827615756,0.8515625,0.18315272827615756,2817.4661136627196,3423.867792489948
991,0.16328125,0.20028665979977298,0.83671875,0.20028665979977298,2819.9152347564695,3426.843621550664
992,0.16796875,0.2065516260375357,0.83203125,0.2065516260375357,2822.60937538147,3430.1289074422616
993,0.178125,0.2181576802166268,0.821875,0.2181576802166268,2825.38085975647,3433.5023853162643
994,0.18984375,0.23267088813923414,0.81015625,0.2326708881392341,2828.31992225647,3437.096958419534
995,0.19140625,0.23458324082295393,0.80859375,0.23458324082295393,2831.4524417877196,3440.9206630601907
996,0.19609375,0.24087851904538934,0.80390625,0.24087851904538937,2834.6106449127196,3444.7908037353122
997,0.19921875,0.2451183547033963,0.80078125,0.2451183547033963,2837.8459964752196,3448.7638792347693
998,0.2,0.2461916967781408,0.8,0.24619169677814076,2841.1331058502196,3452.804553356954
999,0.190625,0.23566571680693182,0.809375,0.23566571680693185,2844.43310585022,3456.8620768360056
1000,0.18125,0.22364227941206688,0.81875,0.2236422794120669,2847.5785160064697,3460.736992314716
1001,0.1765625,0.21765069761403247,0.8234375,0.2176506976140325,2850.5692386627197,3464.418453744576
1002,0.1671875,0.20689706736533267,0.8328125,0.20689706736533267,2853.48251991272,3468.003053637208
1003,0.165625,0.20466066140840306,0.834375,0.20466066140840306,2856.2411136627197,3471.4028055416334
1004,0.16171875,0.19944992714338103,0.83828125,0.19944992714338103,2858.97373085022,3474.7686492421226
1005,0.1625,0.20025923141175042,0.8375,0.20025923141175042,2861.64218788147,3478.052784223874
1006,0.153125,0.18857763238915692,0.846875,0.18857763238915692,2864.3235355377196,3481.3516286410195
1007,0.1375,0.1684024198163435,0.8625,0.1684024198163435,2866.8499027252196,3484.4587611055754
1008,0.1484375,0.18194908285012046,0.8515625,0.18194908285012046,2869.11865272522,3487.233454117239
1009,0.1515625,0.1856911445704264,0.8484375,0.1856911445704264,2871.56796913147,3490.2354882872487
1010,0.15234375,0.18707634429224343,0.84765625,0.18707634429224343,2874.0687503814697,3493.2983034475915
1011,0.1375,0.16885485746825585,0.8625,0.16885485746825585,2876.5824222564697,3496.3844780417226
1012,0.12734375,0.15655439100756643,0.87265625,0.15655439100756643,2878.85117225647,3499.170043696258
1013,0.11796875,0.14448690197990266,0.88203125,0.14448690197990266,2880.9523441314695,3501.75171415383
1014,0.11875,0.14619189550895084,0.88125,0.14619189550895084,2882.8988285064697,3504.1312080367015
1015,0.11640625,0.14587425021229758,0.88359375,0.14587425021229758,2884.8581058502195,3506.514411180019
1016,0.11875,0.14894239789470626,0.88125,0.14894239789470626,2886.7790042877195,3508.8366848407095
1017,0.12265625,0.15244587922849867,0.87734375,0.15244587922849864,2888.73828163147,3511.20494444974
1018,0.1265625,0.1578163675268665,0.8734375,0.15781636752686648,2890.7621097564697,3513.657610071307
1019,0.12890625,0.1613616982317985,0.87109375,0.1613616982317985,2892.8502933502195,3516.1858931371157
1020,0.1234375,0.15318477787259085,0.8765625,0.15318477787259085,2894.9774417877197,3518.758740972429
1021,0.11796875,0.14679186476947556,0.88203125,0.14679186476947556,2897.0140628814697,3521.2284188337508
1022,0.121875,0.15171947412288575,0.878125,0.15171947412288575,2898.96044960022,3523.586771420109
1023,0.11640625,0.1453712918701626,0.88359375,0.1453712918701626,2900.9715824127197,3526.023338317567
1024,0.10859375,0.13396558268357586,0.89140625,0.13396558268357586,2902.8922855377195,3528.348341775774
1025,0.109375,0.13477411658029892,0.890625,0.13477411658029892,2904.6838871002196,3530.526024041095
1026,0.1,0.12287252032085937,0.9,0.12287252032085937,2906.4886722564697,3532.7209111774728
1027,0.103125,0.1263018148622576,0.896875,0.1263018148622576,2908.13876991272,3534.7308290967035
1028,0.10390625,0.12731259204709486,0.89609375,0.12731259204709486,2909.8401371002196,3536.811826021376
1029,0.10546875,0.12917821688949727,0.89453125,0.12917821688949727,2911.55468788147,3538.9058105966183
1030,0.1,0.12249940210313275,0.9,0.12249940210313273,2913.29492225647,3541.0353993614326
1031,0.09375,0.11492609717770808,0.90625,0.11492609717770808,2914.9450199127195,3543.0516195360246
1032,0.09453125,0.11688502630790652,0.90546875,0.11688502630790652,2916.49179725647,3544.9477085201283
1033,0.103125,0.12783885730676728,0.896875,0.12783885730676725,2918.0515628814696,3546.8690803672753
1034,0.109375,0.13621559198564606,0.890625,0.13621559198564606,2919.7532230377196,3548.9671742163437
1035,0.11328125,0.14071177878024282,0.88671875,0.14071177878024282,2921.5579105377196,3551.1954433635487
1036,0.1109375,0.13809795408287193,0.8890625,0.1380979540828719,2923.4270511627196,3553.501554398063
1037,0.10390625,0.12897961927180587,0.89609375,0.12897961927180587,2925.2576175689696,3555.7615309091298
1038,0.1078125,0.13589259315724314,0.8921875,0.1358925931572431,2926.9718753814695,3557.8761106506986
1039,0.10546875,0.13175127489895497,0.89453125,0.13175127489895497,2928.7507816314696,3560.079271830991
1040,0.11328125,0.14269312571038592,0.88671875,0.14269312571038592,2930.4911136627197,3562.2300312450434
1041,0.11953125,0.1507144443973437,0.88046875,0.1507144443973437,2932.3602542877197,3564.5447011631813
1042,0.11953125,0.14961702411908212,0.88046875,0.14961702411908212,2934.33251991272,3566.9876746569707
1043,0.115625,0.14266318096525465,0.884375,0.14266318096525468,2936.3045902252197,3569.426218090815
1044,0.121875,0.15,0.878125,0.15,2938.2125980377195,3571.7747588602456
1045,0.128125,0.15761900266148116,0.871875,0.15761900266148116,2940.2234378814696,3574.2469251613597
1046,0.12734375,0.15853023666638488,0.87265625,0.15853023666638488,2942.33740272522,3576.845240576034
1047,0.13203125,0.1646270050181622,0.86796875,0.1646270050181622,2944.4388675689697,3579.439982583326
1048,0.12578125,0.15621874687437484,0.87421875,0.15621874687437484,2946.61728553772,3582.1310276372765
1049,0.13125,0.1661437924378308,0.86875,0.1661437924378308,2948.6926761627196,3584.6917953691113
1050,0.12578125,0.1571147943185173,0.87421875,0.1571147943185173,2950.8583011627197,3587.3769290310206
1051,0.13515625,0.16990346523835234,0.86484375,0.16990346523835234,2952.9337894439695,3589.9421959759097
1052,0.1359375,0.17004350890838202,0.8640625,0.17004350890838202,2955.1637699127195,3592.7029200559746
1053,0.13828125,0.17363446023543253,0.86171875,0.17363446023543253,2957.40673866272,3595.4763595856216
1054,0.1375,0.1695582495781317,0.8625,0.1695582495781317,2959.6883792877197,3598.300396002732
1055,0.13515625,0.165573399980945,0.86484375,0.165573399980945,2961.95703163147,3601.0923367981127
1056,0.1359375,0.167384521760526,0.8640625,0.16738452176052598,2964.18710975647,3603.8230131704936
1057,0.13203125,0.1630624281333686,0.86796875,0.1630624281333686,2966.43017616272,3606.551127818981
1058,0.12890625,0.1604132845963825,0.87109375,0.1604132845963825,2968.6086917877196,3609.1971335876015
1059,0.12734375,0.16184513479326465,0.87265625,0.16184513479326462,2970.73544960022,3611.773447540385
1060,0.12578125,0.15935202040215868,0.87421875,0.15935202040215868,2972.8366214752195,3614.3057276896398
1061,0.12109375,0.1514899955442603,0.87890625,0.1514899955442603,2974.9120121002197,3616.8087743965616
1062,0.11796875,0.14885631704768193,0.88203125,0.14885631704768193,2976.91015663147,3619.2260445778197
1063,0.121875,0.15268191634284983,0.878125,0.15268191634284986,2978.8567386627196,3621.57610914181
1064,0.125,0.1559371868734331,0.875,0.1559371868734331,2980.86767616272,3624.0082006076855
1065,0.11640625,0.1428299360253305,0.88359375,0.1428299360253305,2982.93017616272,3626.5055808109555
1066,0.11171875,0.13683254193082142,0.88828125,0.13683254193082142,2984.8507816314695,3628.8473551455468
1067,0.1140625,0.1397848164926184,0.8859375,0.1397848164926184,2986.6941410064696,3631.1009531935806
1068,0.11796875,0.14461357452708234,0.88203125,0.14461357452708234,2988.5763675689695,3633.4073399042786
1069,0.1125,0.13780594513889813,0.8875,0.13780594513889813,2990.5227542877196,3635.793259557814
1070,0.10703125,0.13206591630697148,0.89296875,0.13206591630697148,2992.3791019439695,3638.061695073987
1071,0.11796875,0.14537129187016257,0.88203125,0.14537129187016257,2994.14501991272,3640.2080173621
1072,0.13046875,0.16017720899444465,0.86953125,0.16017720899444465,2996.0916019439696,3642.575371146002
1073,0.1328125,0.16385775915218356,0.8671875,0.16385775915218356,2998.24423866272,3645.1989521029745
1074,0.13125,0.1626351601361157,0.86875,0.1626351601361157,3000.43564491272,3647.8627103091426
1075,0.1296875,0.15952428669915752,0.8703125,0.15952428669915752,3002.6013675689696,3650.490973117284
1076,0.1296875,0.15900692791510687,0.8703125,0.1590069279151069,3004.7411136627197,3653.0957983067037
1077,0.12890625,0.1579980345012241,0.87109375,0.1579980345012241,3006.8810550689695,3655.7071126977144
1078,0.128125,0.15693988324554406,0.871875,0.15693988324554406,3009.00791053772,3658.303454424915
1079,0.1328125,0.16268018856025462,0.8671875,0.16268018856025462,3011.12207069397,3660.8873896483724
1080,0.12734375,0.15608585127662916,0.87265625,0.15608585127662916,3013.3131839752195,3663.5695646121003
1081,0.128125,0.15709536937199964,0.871875,0.15709536937199964,3015.4144535064697,3666.144952042807
1082,0.1265625,0.15626171831057983,0.8734375,0.15626171831057983,3017.5286136627196,3668.7247857313937
1083,0.128125,0.1581601986515571,0.871875,0.1581601986515571,3019.61679725647,3671.2625650003138
1084,0.1265625,0.15696321598347493,0.8734375,0.15696321598347493,3021.7308597564697,3673.832078954102
1085,0.1328125,0.1649159350244845,0.8671875,0.1649159350244845,3023.8191410064696,3676.366045843347
1086,0.134375,0.16641908694617932,0.865625,0.16641908694617935,3026.01074256897,3679.0244233236317
1087,0.14375,0.17633419974582354,0.85625,0.17633419974582354,3028.2278324127196,3681.7160916112425
1088,0.13984375,0.17149104841798593,0.86015625,0.17149104841798596,3030.5995121002197,3684.6090912470627
1089,0.14296875,0.17513945336502568,0.85703125,0.17513945336502568,3032.9070316314696,3687.4246521448526
1090,0.1484375,0.18194908285012046,0.8515625,0.18194908285012046,3035.26611366272,3690.307347096825
1091,0.1609375,0.19735494574338644,0.8390625,0.1973549457433864,3037.7152347564697,3693.297136462201
1092,0.16171875,0.1985297521783574,0.83828125,0.1985297521783574,3040.37070350647,3696.5373847311744
1093,0.1640625,0.20310997540587464,0.8359375,0.20310997540587464,3043.0392581939695,3699.790639203101
1094,0.175,0.21672331240691436,0.825,0.21672331240691436,3045.74609413147,3703.077739252977
1095,0.178125,0.21884205652279226,0.821875,0.21884205652279226,3048.6336917877197,3706.5840734881203
1096,0.1703125,0.20895480223005167,0.8296875,0.20895480223005167,3051.57285194397,3710.1655590515375
1097,0.1796875,0.220749787655617,0.8203125,0.220749787655617,3054.38291053772,3713.5931422069434
1098,0.17265625,0.2117519000800229,0.82734375,0.2117519000800229,3057.3478519439695,3717.206254066099
1099,0.17265625,0.2125,0.82734375,0.2125,3060.1964847564695,3720.682088915466
1100,0.1734375,0.21357723281052218,0.8265625,0.2135772328105222,3063.04550819397,3724.150549036455
1101,0.165625,0.2071506141751093,0.834375,0.2071506141751093,3065.90722694397,3727.6336283226665
1102,0.1640625,0.2052770612489374,0.8359375,0.2052770612489374,3068.6400394439697,3730.9434320384617
1103,0.16484375,0.20549102778466993,0.83515625,0.20549102778466993,3071.3470706939697,3734.221891223292
1104,0.171875,0.21332560207345017,0.828125,0.21332560207345017,3074.06689491272,3737.519107681521
1105,0.16484375,0.20234827456331322,0.83515625,0.20234827456331322,3076.90293006897,3740.9615392831083
1106,0.165625,0.20286341329358776,0.834375,0.20286341329358776,3079.6228519439696,3744.2784212473566
1107,0.16953125,0.20781249999999998,0.83046875,0.2078125,3082.35556678772,3747.6196500865503
1108,0.17421875,0.21354865334098927,0.82578125,0.21354865334098927,3085.15293006897,3751.0486138470974
1109,0.1859375,0.22777959724671348,0.8140625,0.22777959724671348,3088.02744178772,3754.571974218035
1110,0.19375,0.23730717912786584,0.80625,0.23730717912786584,3091.0955081939696,3758.3292283286305
1111,0.1984375,0.24303531041676846,0.8015625,0.24303531041676846,3094.2923831939697,3762.242154164033
1112,0.20078125,0.24615698592310964,0.79921875,0.24615698592310964,3097.5666019439695,3766.2477884872337
1113,0.2,0.24496143271059018,0.8,0.24496143271059018,3100.87939491272,3770.292013004815
1114,0.2015625,0.24691208186695726,0.7984375,0.24691208186695726,3104.1794925689696,3774.327416556491
1115,0.203125,0.2487885687750243,0.796875,0.2487885687750243,3107.5052738189697,3778.3999920179367
1116,0.20859375,0.25562041560681337,0.79140625,0.25562041560681337,3110.8568363189697,3782.502202435194
1117,0.2125,0.2604458317001829,0.7875,0.2604458317001829,3114.2986331939696,3786.7195810795474
1118,0.2140625,0.26235812758398586,0.7859375,0.26235812758398586,3117.8048831939695,3791.016766482369
1119,0.2203125,0.27095525100443246,0.7796875,0.27095525100443246,3121.33691444397,3795.345493128649
1120,0.2203125,0.2714503688234278,0.7796875,0.2714503688234278,3124.97216835022,3799.8119595070148
1121,0.21953125,0.2719423407981001,0.78046875,0.2719423407981001,3128.6072269439696,3804.2820069766835
1122,0.22109375,0.2725387013801893,0.77890625,0.27253870138018926,3132.22949256897,3808.7450555664814
1123,0.22421875,0.2749467277946766,0.77578125,0.2749467277946766,3135.87753944397,3813.2320147531136
1124,0.22578125,0.27773849548631174,0.77421875,0.27773849548631174,3139.57724647522,3817.7687486567515
1125,0.2171875,0.2669269563007828,0.7828125,0.2669269563007828,3143.3024417877195,3822.346252375385
1126,0.203125,0.2527195827394466,0.796875,0.2527195827394466,3146.88623085022,3826.7479162358313
1127,0.19921875,0.25199400104466774,0.80078125,0.25199400104466774,3150.2376956939697,3830.882701473412
1128,0.196875,0.2489062990426819,0.803125,0.24890629904268194,3153.5248050689697,3834.9533733414164
1129,0.19453125,0.24643948927677967,0.80546875,0.24643948927677967,3156.7732425689696,3838.975948979925
1130,0.19609375,0.25027328812719907,0.80390625,0.25027328812719907,3159.98300819397,3842.952373132645
1131,0.18828125,0.24259542259181233,0.81171875,0.24259542259181233,3163.2186527252197,3846.9665512853358
1132,0.1875,0.24286699034656808,0.8125,0.24286699034656808,3166.32519569397,3850.8269850262227
1133,0.18515625,0.2413999291243682,0.81484375,0.2413999291243682,3169.41894569397,3854.675052291544
1134,0.184375,0.24180160788986702,0.815625,0.24180160788986702,3172.4740238189697,3858.479141745281
1135,0.1828125,0.23362379614457085,0.8171875,0.23362379614457088,3175.51611366272,3862.270735517205
1136,0.18828125,0.24417531003615003,0.81171875,0.24417531003615006,3178.5326175689697,3866.0151956569466
1137,0.18984375,0.24366484890880344,0.81015625,0.2436648489088034,3181.63925819397,3869.8813377095535
1138,0.1890625,0.24389018404806698,0.8109375,0.243890184048067,3184.7716800689695,3873.773200242592
1139,0.184375,0.23617020808624442,0.815625,0.23617020808624442,3187.89121131897,3877.6526463982623
1140,0.1796875,0.22728870682460225,0.8203125,0.22728870682460225,3190.9333011627195,3881.431461271144
1141,0.18828125,0.2355750527300164,0.81171875,0.2355750527300164,3193.8982425689696,3885.10573711457
1142,0.18515625,0.22886225046411648,0.81484375,0.22886225046411648,3197.00488319397,3888.9461888434093
1143,0.16640625,0.2044368694579087,0.83359375,0.2044368694579087,3200.0599613189697,3892.709045926602
1144,0.15546875,0.19050969873604862,0.84453125,0.19050969873604862,3202.80566444397,3896.080986858455
1145,0.14765625,0.18118263834457207,0.85234375,0.18118263834457207,3205.3708988189696,3899.2238396436487
1146,0.15234375,0.18658631548160223,0.84765625,0.18658631548160223,3207.80712928772,3902.2130859891813
1147,0.14609375,0.17893183496097056,0.85390625,0.17893183496097056,3210.32089881897,3905.2867234533137
1148,0.14921875,0.18275907338966785,0.85078125,0.18275907338966785,3212.7313480377197,3908.236093521056
1149,0.14765625,0.1826922681553601,0.85234375,0.18269226815536008,3215.1935550689695,3911.248759437799
1150,0.1359375,0.16714733746570717,0.8640625,0.1671473374657072,3217.62988319397,3914.20691162913
1151,0.128125,0.15761900266148116,0.871875,0.15761900266148116,3219.8728519439696,3916.937963835518
1152,0.12578125,0.15445057613602484,0.87421875,0.1544505761360248,3221.98681678772,3919.51126836035
1153,0.12109375,0.14856080405005892,0.87890625,0.14856080405005892,3224.0622074127195,3922.0405164567874
1154,0.125,0.15359065040107422,0.875,0.15359065040107422,3226.0603519439696,3924.477358907603
1155,0.121875,0.15,0.878125,0.15,3228.1228519439696,3926.9898555738096
1156,0.1296875,0.15914121946992552,0.8703125,0.15914121946992552,3230.13378944397,3929.4372536421233
1157,0.134375,0.16503802237098272,0.865625,0.16503802237098275,3232.2736331939695,3932.046468030836
1158,0.12890625,0.15811388300841897,0.87109375,0.15811388300841897,3234.49082069397,3934.748261562267
1159,0.12421875,0.15214129175292945,0.87578125,0.15214129175292945,3236.61777381897,3937.342778866621
1160,0.12421875,0.15214129175292945,0.87578125,0.15214129175292945,3238.6673831939697,3939.848840777995
1161,0.12265625,0.15022769177152395,0.87734375,0.15022769177152392,3240.71689491272,3942.35684002401
1162,0.12421875,0.1521814038820118,0.87578125,0.15218140388201182,3242.7410160064696,3944.831741585298
1163,0.1234375,0.1513610129789042,0.8765625,0.1513610129789042,3244.7904300689697,3947.3355232037175
1164,0.11796875,0.14448690197990266,0.88203125,0.14448690197990266,3246.82714881897,3949.8207428071614
1165,0.12265625,0.15063342818743788,0.87734375,0.15063342818743786,3248.7736331939695,3952.200691376456
1166,0.134375,0.165757612004698,0.865625,0.165757612004698,3250.79746131897,3954.6854330091223
1167,0.13203125,0.16227448293709026,0.86796875,0.16227448293709026,3253.01464881897,3957.4138292091297
1168,0.1328125,0.16385775915218356,0.8671875,0.16385775915218356,3255.1931644439696,3960.0898296585565
1169,0.1328125,0.1649159350244845,0.8671875,0.1649159350244845,3257.3845706939696,3962.786703496973
1170,0.13359375,0.16566184731630273,0.86640625,0.16566184731630273,3259.5759769439696,3965.4897199899738
1171,0.13515625,0.16885847208165186,0.86484375,0.16885847208165186,3261.78027381897,3968.207504895488
1172,0.140625,0.17436057848070188,0.859375,0.17436057848070188,3264.01035194397,3970.9630018090033
1173,0.1390625,0.1709599219755174,0.8609375,0.1709599219755174,3266.33066444397,3973.8237748884194
1174,0.14453125,0.17798102734210183,0.85546875,0.17798102734210183,3268.62509803772,3976.642636794763
1175,0.1546875,0.1895976414014689,0.8453125,0.18959764140146892,3271.0099613189695,3979.575184552824
1176,0.15390625,0.18853231445497612,0.84609375,0.18853231445497612,3273.5623050689696,3982.7033410480076
1177,0.15625,0.19162137145944866,0.84375,0.19162137145944866,3276.1017581939695,3985.812644642864
1178,0.159375,0.19595830730827668,0.840625,0.19595830730827668,3278.6798831939695,3988.9743941538645
1179,0.16953125,0.20845764520340815,0.83046875,0.20845764520340818,3281.30957069397,3992.2053864082122
1180,0.16953125,0.20895480223005164,0.83046875,0.20895480223005167,3284.1068363189697,3995.6423903928767
1181,0.1625,0.20054856409982097,0.8375,0.20054856409982097,3286.9041019439696,3999.0835210849095
1182,0.15859375,0.19536874190233197,0.84140625,0.19536874190233197,3289.5853519439697,4002.383787868138
1183,0.16171875,0.19917432102620558,0.83828125,0.19917432102620558,3292.20214881897,4005.60213272656
1184,0.165625,0.20338925119091225,0.834375,0.20338925119091225,3294.8705081939697,4008.883555591824
1185,0.1671875,0.20513429290345386,0.8328125,0.20513429290345386,3297.60351600647,4012.238905438329
1186,0.1640625,0.2013140426050801,0.8359375,0.2013140426050801,3300.36191444397,4015.623213244869
1187,0.16640625,0.20410819741009914,0.83359375,0.20410819741009914,3303.06894569397,4018.944706403086
1188,0.1640625,0.2013140426050801,0.8359375,0.2013140426050801,3305.8146488189695,4022.312467259804
1189,0.178125,0.21928784326342626,0.821875,0.21928784326342626,3308.5216800689695,4025.633960840807
1190,0.178125,0.22050910996628917,0.821875,0.22050910996628917,3311.4607425689696,4029.247549840718
1191,0.17734375,0.2190511320160204,0.82265625,0.2190511320160204,3314.40000038147,4032.8696985419883
1192,0.17265625,0.2130450271509523,0.82734375,0.2130450271509523,3317.3259769439696,4036.4724832221937
1193,0.16484375,0.20274001979135742,0.83515625,0.20274001979135742,3320.17480506897,4039.9788592708514
1194,0.16015625,0.19662061938858294,0.83984375,0.19662061938858294,3322.8947269439695,4043.321332615072
1195,0.15234375,0.18727199678876177,0.84765625,0.18727199678876177,3325.5373050689695,4046.565042399846
1196,0.1484375,0.18381801462315928,0.8515625,0.18381801462315928,3328.0509769439695,4049.6531653005122
1197,0.15390625,0.18995142265524098,0.84609375,0.189951422655241,3330.5001956939695,4052.671840334506
1198,0.15625,0.19295451617544482,0.84375,0.19295451617544482,3333.03964881897,4055.7977720605927
1199,0.159375,0.19743224708111895,0.840625,0.19743224708111895,3335.61777381897,4058.9720628675873
1200,0.1546875,0.1917582859601509,0.8453125,0.1917582859601509,3338.2474613189697,4062.2136239569145
1201,0.1515625,0.18978747880030178,0.8484375,0.18978747880030178,3340.79980506897,4065.360609908964
1202,0.15078125,0.18911414583856492,0.84921875,0.1891141458385649,3343.3005863189696,4068.4529624559855
1203,0.1515625,0.19146842102550488,0.8484375,0.19146842102550488,3345.7884769439697,4071.530662048904
1204,0.15703125,0.19659578414541345,0.84296875,0.19659578414541345,3348.2892581939695,4074.6294765227167
1205,0.1609375,0.2026195634680916,0.8390625,0.2026195634680916,3350.8802738189697,4077.8334495567415
1206,0.165625,0.20666388396984123,0.834375,0.20666388396984123,3353.53574256897,4081.1216281254337
1207,0.17265625,0.216878151994386,0.82734375,0.216878151994386,3356.2684574127197,4084.497990468312
1208,0.18359375,0.22995838618106537,0.81640625,0.22995838618106537,3359.1173831939695,4088.023998613224
1209,0.18515625,0.23235588611545865,0.81484375,0.23235588611545868,3362.1466800689695,4091.7707094909256
1210,0.18671875,0.23534175614943476,0.81328125,0.23534175614943473,3365.20166053772,4095.5510762285517
1211,0.1796875,0.22857404434887177,0.8203125,0.22857404434887177,3368.2826175689697,4099.367605743304
1212,0.17578125,0.2236340918358603,0.82421875,0.2236340918358603,3371.2474613189697,4103.047667059472
1213,0.171875,0.22573934515968855,0.828125,0.22573934515968855,3374.1478519439697,4106.64798194864
1214,0.1765625,0.230242208574742,0.8234375,0.23024220857474204,3376.9837894439697,4110.188170461024
1215,0.1671875,0.2186160304049088,0.8328125,0.21861603040490876,3379.89697303772,4113.820968556077
1216,0.1671875,0.21613108634431788,0.8328125,0.21613108634431788,3382.65576210022,4117.263019649897
1217,0.1671875,0.21613108634431788,0.8328125,0.21613108634431788,3385.4142581939695,4120.6983763203825
1218,0.1671875,0.22039559603131817,0.8328125,0.22039559603131817,3388.17285194397,4124.134065953018
1219,0.17109375,0.22268229014394025,0.82890625,0.22268229014394028,3390.9314456939696,4127.58114650098
1220,0.175,0.22760267686392663,0.825,0.22760267686392663,3393.75449256897,4131.101756099093
1221,0.17109375,0.2271597730673281,0.82890625,0.2271597730673281,3396.6419925689697,4134.702578578825
1222,0.16953125,0.22838170488241827,0.83046875,0.2283817048824183,3399.4650394439695,4138.235061867944
1223,0.16875,0.22908616010139066,0.83125,0.22908616010139066,3402.26230506897,4141.743241373032
1224,0.1703125,0.23636653871688354,0.8296875,0.23636653871688354,3405.0466800689696,4145.239557985027
1225,0.16875,0.2420538945991677,0.83125,0.2420538945991677,3407.8568363189697,4148.779450799344
1226,0.178125,0.2570134397324876,0.821875,0.2570134397324875,3410.64111366272,4152.302328832854
1227,0.178125,0.2570134397324876,0.821875,0.2570134397324875,3413.5802738189695,4156.0248152046515
1228,0.17734375,0.25048293199088434,0.82265625,0.25048293199088434,3416.5194339752197,4159.748293700287
1229,0.1765625,0.25027328812719907,0.8234375,0.25027328812719907,3419.44541053772,4163.445919639048
1230,0.1765625,0.25027328812719907,0.8234375,0.25027328812719907,3422.3587894439697,4167.130137289905
1231,0.18203125,0.26044583170018293,0.81796875,0.2604458317001829,3425.27207069397,4170.815079005354
1232,0.18125,0.2615682869730197,0.81875,0.2615682869730197,3428.2755863189695,4174.619719919776
1233,0.1796875,0.258639771206982,0.8203125,0.258639771206982,3431.26621131897,4178.413252957889
1234,0.165625,0.24010699112583123,0.834375,0.24010699112583125,3434.2311527252195,4182.1739081727565
1235,0.15546875,0.22764289811566712,0.84453125,0.22764289811566712,3436.9640628814695,4185.6443844533405
1236,0.15625,0.2304886114323222,0.84375,0.2304886114323222,3439.5291996002197,4188.9068842397855
1237,0.1546875,0.22752489561584247,0.8453125,0.22752489561584247,3442.1072269439696,4192.189775516479
1238,0.1578125,0.23769266445217654,0.8421875,0.23769266445217657,3444.6595706939697,4195.439584349015
1239,0.15078125,0.22709527873780203,0.84921875,0.22709527873780203,3447.2634769439696,4198.766141058717
1240,0.15703125,0.23477049963741184,0.84296875,0.23477049963741184,3449.7512699127196,4201.94532188235
1241,0.16328125,0.2467365117893985,0.83671875,0.2467365117893985,3452.34238319397,4205.254314302807
1242,0.16640625,0.24842767276161085,0.83359375,0.24842767276161085,3455.0365238189697,4208.700743575472
1243,0.16328125,0.23971011138456383,0.83671875,0.23971011138456383,3457.78222694397,4212.208646631909
1244,0.165625,0.2349679998159324,0.834375,0.2349679998159324,3460.4763675689696,4215.643893120034
1245,0.1625,0.22559870431947301,0.8375,0.225598704319473,3463.2091800689695,4219.112491865479
1246,0.165625,0.22898222928455605,0.834375,0.22898222928455605,3465.8904300689696,4222.505245536594
1247,0.16484375,0.22423916501137797,0.83515625,0.22423916501137797,3468.6233402252196,4225.961673096913
1248,0.16328125,0.2225177749220273,0.83671875,0.2225177749220273,3471.3431644439697,4229.393103143938
1249,0.16484375,0.22423916501137797,0.83515625,0.22423916501137797,3474.0373050689695,4232.793590875944
1250,0.16484375,0.22011848726878894,0.83515625,0.22011848726878894,3476.7572269439697,4236.226033971835
1251,0.16484375,0.22011848726878894,0.83515625,0.22011848726878894,3479.4773441314696,4239.648045048049
1252,0.16484375,0.21301637627774067,0.83515625,0.21301637627774067,3482.1970706939696,4243.06997022606
1253,0.165625,0.2151290719036481,0.834375,0.2151290719036481,3484.91699256897,4246.470094430617
1254,0.1484375,0.19364916731037085,0.8515625,0.19364916731037085,3487.6498050689697,4249.890360231011
1255,0.1375,0.17773051163383569,0.8625,0.17773051163383569,3490.0990238189697,4252.958711215948
1256,0.14140625,0.17976221272837067,0.85859375,0.17976221272837067,3492.3679691314696,4255.795688464673
1257,0.14609375,0.1852995885046699,0.85390625,0.1852995885046699,3494.70117225647,4258.701437854462
1258,0.13515625,0.1704772712123232,0.86484375,0.1704772712123232,3497.1115238189695,4261.701508006847
1259,0.146875,0.18590795458539422,0.853125,0.18590795458539422,3499.34179725647,4264.4731803209415
1260,0.1453125,0.1828592354790974,0.8546875,0.1828592354790974,3501.76523475647,4267.487987074462
1261,0.14140625,0.1779192891102592,0.85859375,0.1779192891102592,3504.1628910064696,4270.465679719485
1262,0.1390625,0.17287705055725297,0.8609375,0.17287705055725297,3506.4958988189696,4273.363040447054
1263,0.13515625,0.16656572464045538,0.86484375,0.16656572464045538,3508.7904300689697,4276.20058428478
1264,0.1296875,0.15891093589452865,0.8703125,0.15891093589452868,3511.0207035064695,4278.946776373183
1265,0.12734375,0.15596849641834726,0.87265625,0.15596849641834723,3513.1603519439695,4281.566600944956
1266,0.12265625,0.15022769177152392,0.87734375,0.15022769177152392,3515.26171913147,4284.132487509656
1267,0.1234375,0.1515020820298355,0.8765625,0.15150208202983548,3517.2855472564697,4286.6065204615525
1268,0.12578125,0.15582755392580608,0.87421875,0.15582755392580608,3519.3220706939696,4289.08328096856
1269,0.12734375,0.15899157308643752,0.87265625,0.1589915730864375,3521.3976566314695,4291.592121591054
1270,0.12890625,0.1608692209529219,0.87109375,0.1608692209529219,3523.49863319397,4294.123597380777
1271,0.13359375,0.16496034087773945,0.86640625,0.16496034087773945,3525.6257816314696,4296.687116869393
1272,0.13046875,0.16274770783716125,0.86953125,0.16274770783716128,3527.83007850647,4299.356315371266
1273,0.13046875,0.16274770783716125,0.86953125,0.16274770783716128,3529.9826175689695,4301.951096201789
1274,0.12578125,0.15664793078349296,0.87421875,0.15664793078349296,3532.13535194397,4304.546205102397
1275,0.12734375,0.15737097890017715,0.87265625,0.15737097890017715,3534.2107425689696,4307.049725538584
1276,0.13515625,0.1693637565456376,0.86484375,0.1693637565456376,3536.31210975647,4309.593453523181
1277,0.13203125,0.1667634809955405,0.86796875,0.1667634809955405,3538.5421878814695,4312.277780658331
1278,0.1359375,0.17438508035379632,0.8640625,0.17438508035379632,3540.7205081939696,4314.893459988552
1279,0.1453125,0.18470243700172176,0.8546875,0.1847024370017218,3542.9636722564696,4317.576015666188
1280,0.1359375,0.1711169362143181,0.8640625,0.17111693621431806,3545.3611331939696,4320.450167306212
1281,0.14140625,0.17791928911025923,0.85859375,0.17791928911025917,3547.6042972564696,4323.146991739372
1282,0.14609375,0.1852995885046699,0.85390625,0.1852995885046699,3549.9373050689696,4325.952431272714
1283,0.15234375,0.1927012949165106,0.84765625,0.1927012949165106,3552.3478519439695,4328.844556645114
1284,0.153125,0.1939389199915788,0.846875,0.1939389199915788,3554.8615238189695,4331.862927516625
1285,0.146875,0.19185374984118764,0.853125,0.19185374984118764,3557.3880863189697,4334.895921712353
1286,0.14765625,0.19070182877990446,0.85234375,0.19070182877990446,3559.81152381897,4337.784173962946
1287,0.1421875,0.18396073693692086,0.8578125,0.18396073693692086,3562.24804725647,4340.695523180233
1288,0.146875,0.1894043912835708,0.853125,0.1894043912835708,3564.5939456939695,4343.497832626042
1289,0.14375,0.1874088320023899,0.85625,0.18740883200238992,3567.0177738189695,4346.395672733176
1290,0.14453125,0.18629167948072722,0.85546875,0.18629167948072722,3569.3894535064696,4349.224750493841
1291,0.15,0.18961373668757492,0.85,0.18961373668757495,3571.7742191314696,4352.076827273541
1292,0.1515625,0.19341894600032078,0.8484375,0.19341894600032075,3574.24902381897,4355.051156953476
1293,0.1578125,0.20012203308231705,0.8421875,0.20012203308231705,3576.75000038147,4358.049750283762
1294,0.14921875,0.18838333591376918,0.85078125,0.18838333591376918,3579.3539066314697,4361.177061451307
1295,0.13828125,0.1717257875036536,0.86171875,0.1717257875036536,3581.81601600647,4364.137855210008
1296,0.1390625,0.17145901364283828,0.8609375,0.17145901364283828,3584.0978519439695,4366.896780630063
1297,0.1390625,0.1717613260457662,0.8609375,0.1717613260457662,3586.39218788147,4369.680148485562
1298,0.1453125,0.17858698313951943,0.8546875,0.17858698313951946,3588.68652381897,4372.461016019
1299,0.140625,0.17267215707265893,0.859375,0.17267215707265893,3591.0841800689695,4375.375996561012
1300,0.13671875,0.16781424580097484,0.86328125,0.16781424580097484,3593.4046878814697,4378.19929383941
1301,0.125,0.15317282416440586,0.875,0.15317282416440586,3595.6603519439695,4380.9447005355805
1302,0.11875,0.14543845347775122,0.88125,0.1454384534777512,3597.7230472564697,4383.460695849656
1303,0.1234375,0.1515020820298355,0.8765625,0.15150208202983548,3599.6824222564696,4385.85560321975
1304,0.12578125,0.15445057613602484,0.87421875,0.1544505761360248,3601.7191410064697,4388.334727518235
1305,0.125,0.1550736971974938,0.875,0.1550736971974938,3603.7943363189697,4390.8596358020895
1306,0.12421875,0.15433197781082184,0.87578125,0.15433197781082184,3605.8568363189697,4393.354882621413
1307,0.13125,0.1649640408259479,0.86875,0.16496404082594787,3607.9064456939695,4395.83316271191
1308,0.1234375,0.15405885518000906,0.8765625,0.15405885518000903,3610.07226600647,4398.442028068699
1309,0.12578125,0.15761900266148116,0.87421875,0.15761900266148116,3612.1087894439697,4400.9006828366755
1310,0.12421875,0.15433197781082184,0.87578125,0.15433197781082184,3614.1843753814696,4403.403320710095
1311,0.12578125,0.15873800397589102,0.87421875,0.15873800397589102,3616.23398475647,4405.881961550648
1312,0.11875,0.15282575990527578,0.88125,0.15282575990527578,3618.3093753814696,4408.3795185902545
1313,0.1203125,0.1513569805026349,0.8796875,0.15135698050263488,3620.26855506897,4410.726338835169
1314,0.125,0.15751441526293714,0.875,0.15751441526293714,3622.25390663147,4413.117896400509
1315,0.12109375,0.15100574285436963,0.87890625,0.15100574285436963,3624.31640663147,4415.601385901542
1316,0.121875,0.1544110534822556,0.878125,0.1544110534822556,3626.3142581939696,4418.014768603121
1317,0.11171875,0.1434950184239857,0.88828125,0.1434950184239857,3628.3253910064695,4420.433186753825
1318,0.115625,0.1452074553117883,0.884375,0.1452074553117883,3630.16855506897,4422.642717120358
1319,0.11875,0.15138117374900023,0.88125,0.15138117374900023,3632.0765628814697,4424.942820682085
1320,0.121875,0.1634923127493308,0.878125,0.16349231274933082,3634.0359378814696,4427.295928663503
1321,0.12109375,0.1583838666618226,0.87890625,0.1583838666618226,3636.04687538147,4429.687554458751
1322,0.11875,0.1552625045286208,0.88125,0.1552625045286208,3638.04492225647,4432.074820400937
1323,0.12734375,0.165573399980945,0.87265625,0.165573399980945,3640.0041019439695,4434.416066361045
1324,0.12890625,0.16369005343560128,0.87109375,0.16369005343560128,3642.10546913147,4436.9301323870195
1325,0.12421875,0.15750279015385726,0.87578125,0.15750279015385726,3644.23242225647,4439.487893748373
1326,0.11953125,0.151320683380528,0.88046875,0.15132068338052798,3646.2820316314696,4441.953686287553
1327,0.10703125,0.13589259315724314,0.89296875,0.1358925931572431,3648.2542972564697,4444.3274840646845
1328,0.10703125,0.14238482187368148,0.89296875,0.14238482187368146,3650.0203128814696,4446.451660997538
1329,0.11171875,0.14677523207271723,0.88828125,0.14677523207271723,3651.7863285064695,4448.556758780767
1330,0.11328125,0.1494619255446015,0.88671875,0.1494619255446015,3653.6296878814696,4450.7590531210535
1331,0.11796875,0.15310108231573674,0.88203125,0.15310108231573674,3655.4988285064696,4452.990717730857
1332,0.1203125,0.16074396737319568,0.8796875,0.16074396737319568,3657.44531288147,4455.321935371731
1333,0.11640625,0.15048748909793133,0.88359375,0.15048748909793133,3659.4304691314696,4457.687667635223
1334,0.11640625,0.14897927446040943,0.88359375,0.14897927446040943,3661.35117225647,4459.990186856275
1335,0.12109375,0.1520128618119204,0.87890625,0.1520128618119204,3663.2716800689695,4462.2973639269685
1336,0.11796875,0.14828116767647873,0.88203125,0.14828116767647873,3665.2699222564697,4464.709058783986
1337,0.109375,0.1366852637562843,0.890625,0.1366852637562843,3667.21640663147,4467.057591515193
1338,0.1078125,0.13317047345414074,0.8921875,0.13317047345414074,3669.02109413147,4469.2386590782535
1339,0.1,0.12368941856773763,0.9,0.12368941856773763,3670.8000003814695,4471.397559210152
1340,0.1046875,0.12842951617521572,0.8953125,0.12842951617521572,3672.4500003814696,4473.3988749504615
1341,0.1078125,0.13225064980936768,0.8921875,0.13225064980936768,3674.17734413147,4475.504059782705
1342,0.10546875,0.13049447725382865,0.89453125,0.13049447725382865,3675.9562503814695,4477.686194234331
1343,0.10546875,0.1301666599978658,0.89453125,0.1301666599978658,3677.6964847564695,4479.831466331832
1344,0.10625,0.13293652297478298,0.89375,0.13293652297478295,3679.4367191314695,4481.974427157275
1345,0.1140625,0.14280856805309336,0.8859375,0.14280856805309336,3681.1898441314697,4484.143598184557
1346,0.11484375,0.14259899247978577,0.88515625,0.14259899247978577,3683.0720706939696,4486.472994240764
1347,0.115625,0.14298369115916681,0.884375,0.14298369115916681,3684.96679725647,4488.811848753605
1348,0.11640625,0.14490871318264475,0.88359375,0.14490871318264475,3686.87460975647,4491.163242256641
1349,0.11796875,0.14679186476947556,0.88203125,0.14679186476947556,3688.7953128814697,4493.536233582902
1350,0.1234375,0.15318477787259085,0.8765625,0.15318477787259085,3690.74179725647,4495.940767621418
1351,0.13203125,0.1630624281333686,0.86796875,0.1630624281333686,3692.7785160064695,4498.454484464726
1352,0.140625,0.17365906455790034,0.859375,0.17365906455790034,3694.95703163147,4501.138087762021
1353,0.13828125,0.17363446023543253,0.86171875,0.17363446023543253,3697.27734413147,4503.99624792882
1354,0.13046875,0.16375715633217378,0.86953125,0.16375715633217378,3699.5589847564697,4506.822363141378
1355,0.12734375,0.159489848325058,0.87265625,0.15948984832505797,3701.7117191314696,4509.488563895918
1356,0.12109375,0.15317282416440586,0.87890625,0.15317282416440586,3703.8128910064697,4512.089409422605
1357,0.11015625,0.13958819176868076,0.88984375,0.13958819176868076,3705.8109378814697,4514.568911890053
1358,0.11015625,0.13958819176868076,0.88984375,0.13958819176868076,3707.62851600647,4516.825449554102
1359,0.11484375,0.14221325316228442,0.88515625,0.14221325316228442,3709.4460941314696,4519.082034305546
1360,0.115625,0.14161112575465248,0.884375,0.14161112575465248,3711.3410160064695,4521.419026157891
1361,0.11640625,0.14270168019771176,0.88359375,0.14270168019771176,3713.2488285064696,4523.751669997099
1362,0.12734375,0.15608585127662916,0.87265625,0.15608585127662916,3715.16953163147,4526.094169818813
1363,0.1328125,0.16312978920172735,0.8671875,0.16312978920172735,3717.2707035064695,4528.657339225332
1364,0.13046875,0.15991025315000912,0.86953125,0.15991025315000912,3719.4621097564695,4531.324955883906
1365,0.13671875,0.16745014416610693,0.86328125,0.16745014416610693,3721.61484413147,4533.951204392823
1366,0.1453125,0.17798788582372677,0.8546875,0.17798788582372677,3723.87070350647,4536.70826529174
1367,0.14140625,0.1731909847177387,0.85859375,0.1731909847177387,3726.2683597564696,4539.637532873208
1368,0.14375,0.17612639726202314,0.85625,0.17612639726202314,3728.60156288147,4542.4891779775135
1369,0.14375,0.17607440832109872,0.85625,0.17607440832109872,3730.9734378814696,4545.384592573672
1370,0.14609375,0.1791363830995814,0.85390625,0.1791363830995814,3733.34531288147,4548.282366824774
1371,0.1421875,0.17526138403645852,0.8578125,0.17526138403645852,3735.75585975647,4551.2215756363075
1372,0.14375,0.17853571071357124,0.85625,0.17853571071357124,3738.1019535064697,4554.071468093574
1373,0.1453125,0.18084545370287858,0.8546875,0.18084545370287858,3740.4738285064695,4556.943601289702
1374,0.15390625,0.18995142265524098,0.84609375,0.189951422655241,3742.8712894439695,4559.84480412311
1375,0.15625,0.19238429964526732,0.84375,0.19238429964526732,3745.4109378814696,4562.92806364472
1376,0.15859375,0.19564970890279904,0.84140625,0.19564970890279904,3747.9890628814696,4566.0619339900995
1377,0.1609375,0.19897196724664507,0.8390625,0.19897196724664507,3750.6058597564697,4569.239678108888
1378,0.16484375,0.20252917421016164,0.83515625,0.20252917421016162,3753.26132850647,4572.461319656185
1379,0.16484375,0.20207662145211158,0.83515625,0.20207662145211158,3755.9812503814696,4575.772219776425
1380,0.1703125,0.21068561349644876,0.8296875,0.21068561349644876,3758.70117225647,4579.090062392012
1381,0.159375,0.1970764098722244,0.840625,0.19707640987222444,3761.51132850647,4582.498757705734
1382,0.1546875,0.191391899972282,0.8453125,0.191391899972282,3764.1410160064697,4585.689162723802
1383,0.16328125,0.20234827456331325,0.83671875,0.20234827456331325,3766.69335975647,4588.78507616513
1384,0.1625,0.2029085385093491,0.8375,0.2029085385093491,3769.3875003814696,4592.051052818011
1385,0.1515625,0.18838333591376918,0.8484375,0.18838333591376918,3772.0687503814697,4595.293426899904
1386,0.14921875,0.1857732993462731,0.85078125,0.1857732993462731,3774.5695316314695,4598.32205171291
1387,0.15625,0.1932863656356159,0.84375,0.1932863656356159,3777.0316410064697,4601.3023639794455
1388,0.16484375,0.20274001979135742,0.83515625,0.20274001979135742,3779.6095706939695,4604.4300653087785
1389,0.16640625,0.20398854900459487,0.83359375,0.20398854900459487,3782.3292972564695,4607.739113161671
1390,0.1609375,0.19710737773958387,0.8390625,0.19710737773958387,3785.0753910064695,4611.089378414779
1391,0.171875,0.21086514962915281,0.828125,0.21086514962915281,3787.7308597564697,4614.336721986886
1392,0.1765625,0.2167514732865154,0.8234375,0.2167514732865154,3790.5667972564697,4617.793568188032
1393,0.1765625,0.2167514732865154,0.8234375,0.2167514732865154,3793.48007850647,4621.342796805708
1394,0.18203125,0.22302737710312606,0.81796875,0.22302737710312606,3796.39355506897,4624.892323036604
1395,0.1828125,0.2239123014709107,0.8171875,0.22391230147091074,3799.3968753814697,4628.559525547307
1396,0.19375,0.23761561741734277,0.80625,0.23761561741734277,3802.4132816314695,4632.246106717681
1397,0.1890625,0.23167191241063298,0.8109375,0.23167191241063298,3805.6101566314696,4636.144506423757
1398,0.1796875,0.2201961128744102,0.8203125,0.2201961128744102,3808.7296878814695,4639.9527963333885
1399,0.17890625,0.2198965488303534,0.82109375,0.2198965488303534,3811.6945316314695,4643.571937413353
1400,0.17421875,0.21346289197422583,0.82578125,0.21346289197422583,3814.64648475647,4647.165376425049
1401,0.1734375,0.212775556631865,0.8265625,0.212775556631865,3817.52109413147,4650.675360773657
1402,0.17265625,0.21335993283065122,0.82734375,0.21335993283065122,3820.3830081939695,4654.186352654127
1403,0.17421875,0.21494457861272054,0.82578125,0.21494457861272054,3823.2318363189697,4657.695731356845
1404,0.165625,0.20666388396984123,0.834375,0.20666388396984123,3826.1062503814696,4661.234185221505
1405,0.1640625,0.20388978621273554,0.8359375,0.20388978621273554,3828.8390628814695,4664.611695613505
1406,0.15546875,0.19581809559512114,0.84453125,0.19581809559512114,3831.5460941314695,4667.953279997854
1407,0.15390625,0.19797559429763054,0.84609375,0.19797559429763054,3834.11132850647,4671.131509086892
1408,0.1609375,0.2058323185492866,0.8390625,0.2058323185492866,3836.6507816314697,4674.291681722576
1409,0.165625,0.2113364283257858,0.834375,0.2113364283257858,3839.30625038147,4677.592754469679
1410,0.1578125,0.20077669012331834,0.8421875,0.20077669012331836,3842.03906288147,4680.98857960026
1411,0.1515625,0.19642495684580155,0.8484375,0.19642495684580155,3844.64316444397,4684.222581703
1412,0.14296875,0.1916150009622159,0.85703125,0.1916150009622159,3847.1439456939697,4687.339410494734
1413,0.13125,0.17310638437821987,0.86875,0.17310638437821987,3849.5027347564696,4690.295245745559
1414,0.1296875,0.16869211970332224,0.8703125,0.16869211970332226,3851.6681644439695,4693.002394974547
1415,0.1296875,0.1722722681542215,0.8703125,0.1722722681542215,3853.8080081939697,4695.671555271475
1416,0.13125,0.17133437702341,0.86875,0.17133437702340998,3855.94824256897,4698.35050223985
1417,0.12578125,0.16295009780604613,0.87421875,0.16295009780604613,3858.1136722564697,4701.053525423058
1418,0.12265625,0.15853023666638486,0.87734375,0.15853023666638488,3860.1892581939696,4703.641098163829
1419,0.1296875,0.165625,0.8703125,0.165625,3862.2130863189695,4706.163164788638
1420,0.13203125,0.16738452176052598,0.86796875,0.16738452176052598,3864.3527347564695,4708.823491585048
1421,0.125,0.15874953863121932,0.875,0.15874953863121932,3866.5310550689696,4711.52766481726
1422,0.1234375,0.15455328773597798,0.8765625,0.15455328773597798,3868.5935550689696,4714.08913901743
1423,0.1109375,0.1390668889756832,0.8890625,0.1390668889756832,3870.63046913147,4716.610041080871
1424,0.11796875,0.14828116767647873,0.88203125,0.14828116767647873,3872.46093788147,4718.876229278971
1425,0.11796875,0.14679186476947556,0.88203125,0.14679186476947556,3874.4074222564695,4721.2878088803
1426,0.121875,0.15322063340164077,0.878125,0.15322063340164077,3876.3537113189695,4723.692176585074
1427,0.11875,0.1494945912483124,0.88125,0.14949459124831238,3878.36484413147,4726.18401920556
1428,0.11171875,0.14083317924054686,0.88828125,0.14083317924054686,3880.32421913147,4728.612633580577
1429,0.11796875,0.15081160640017066,0.88203125,0.15081160640017066,3882.1677738189696,4730.898514915407
1430,0.11875,0.15282575990527578,0.88125,0.15282575990527578,3884.11425819397,4733.3196954425575
1431,0.12265625,0.16017720899444465,0.87734375,0.16017720899444465,3886.0736331939697,4735.760251194963
1432,0.1296875,0.16869211970332224,0.8703125,0.16869211970332226,3888.09726600647,4738.287732501691
1433,0.1265625,0.16345871038277524,0.8734375,0.16345871038277526,3890.2371097564696,4740.958632220406
1434,0.1296875,0.16709255481618562,0.8703125,0.16709255481618562,3892.3253910064695,4743.561852594862
1435,0.13125,0.17701132114218004,0.86875,0.17701132114218004,3894.4650394439695,4746.227999455658
1436,0.13671875,0.18361868181778235,0.86328125,0.18361868181778235,3896.63085975647,4748.947777541032
1437,0.1296875,0.17527531356946704,0.8703125,0.17527531356946704,3898.88671913147,4751.779098363115
1438,0.13203125,0.17539714979511498,0.86796875,0.17539714979511498,3901.0267581939697,4754.4678730662645
1439,0.13046875,0.16838792173876366,0.86953125,0.16838792173876369,3903.20507850647,4757.197589772731
1440,0.13515625,0.17541802750857735,0.86484375,0.17541802750857735,3905.3578128814697,4759.881649359064
1441,0.1421875,0.18170739700133287,0.8578125,0.1817073970013329,3907.58789100647,4762.6652478612505
1442,0.153125,0.1939389199915788,0.846875,0.1939389199915788,3909.9339847564697,4765.584703580325
1443,0.15390625,0.19723429516060334,0.84609375,0.19723429516060334,3912.4603519439697,4768.722217110161
1444,0.1546875,0.19709499117652635,0.8453125,0.19709499117652635,3914.9998050689696,4771.884382972109
1445,0.15390625,0.1933905435737487,0.84609375,0.1933905435737487,3917.5521488189697,4775.058739756764
1446,0.1453125,0.18405692903284027,0.8546875,0.18405692903284027,3920.09179725647,4778.2065642816215
1447,0.15625,0.19764235376052372,0.84375,0.19764235376052372,3922.4896488189697,4781.184843156606
1448,0.153125,0.19070182877990446,0.846875,0.19070182877990446,3925.0677738189697,4784.386034477322
1449,0.146875,0.18654705756859313,0.853125,0.18654705756859313,3927.5941410064697,4787.509134688145
1450,0.14765625,0.18485108026462815,0.85234375,0.18485108026462815,3930.01757850647,4790.521355863219
1451,0.14453125,0.1834524056976359,0.85546875,0.1834524056976359,3932.45410194397,4793.538475874203
1452,0.128125,0.16068700165228053,0.871875,0.16068700165228053,3934.8386722564696,4796.502098755918
1453,0.1203125,0.14836346838086525,0.8796875,0.14836346838086523,3936.9529300689696,4799.121582976651
1454,0.1109375,0.1359599478591949,0.8890625,0.1359599478591949,3938.9378910064697,4801.565549702793
1455,0.1125,0.13787236511534862,0.8875,0.13787236511534862,3940.7683597564696,4803.808189225099
1456,0.115625,0.1416326743838617,0.884375,0.1416326743838617,3942.6244144439697,4806.082125703335
1457,0.1046875,0.1285957434535646,0.8953125,0.1285957434535646,3944.5324222564695,4808.412046586517
1458,0.10546875,0.1301666599978658,0.89453125,0.1301666599978658,3946.2599613189695,4810.513917378055
1459,0.1046875,0.1285957434535646,0.8953125,0.1285957434535646,3948.0001956939695,4812.625080947713
1460,0.10078125,0.1248143152096345,0.89921875,0.12481431520963451,3949.7273441314696,4814.726478155877
1461,0.10390625,0.12798200862328268,0.89609375,0.12798200862328268,3951.39023475647,4816.740663866389
1462,0.10078125,0.12393097562252144,0.89921875,0.12393097562252144,3953.1048831939697,4818.823140035613
1463,0.09609375,0.11847212554542101,0.90390625,0.11847212554542101,3954.7677738189695,4820.844828103892
1464,0.09921875,0.12167451458707365,0.90078125,0.12167451458707365,3956.35312538147,4822.769251283568
1465,0.1015625,0.12441268273371489,0.8984375,0.12441268273371489,3957.9904300689695,4824.764666867279
1466,0.0953125,0.11675963557668378,0.9046875,0.11675963557668377,3959.6662113189695,4826.810818871553
1467,0.0984375,0.12259403278708143,0.9015625,0.12259403278708145,3961.2386722564697,4828.730649444758
1468,0.10078125,0.1248143152096345,0.89921875,0.12481431520963451,3962.86289100647,4830.69403433579
1469,0.11328125,0.13966687487554091,0.88671875,0.13966687487554091,3964.5255863189695,4832.708218802643
1470,0.109375,0.1341613490470523,0.890625,0.1341613490470523,3966.3949222564697,4834.977484257071
1471,0.11484375,0.14091982982355605,0.88515625,0.14091982982355605,3968.1996097564697,4837.176366694606
1472,0.1125,0.13780594513889813,0.8875,0.13780594513889813,3970.0945316314696,4839.48434848163
1473,0.121875,0.1492657812008499,0.878125,0.14926578120084993,3971.95078163147,4841.751202097497
1474,0.1265625,0.155006772785498,0.8734375,0.155006772785498,3973.9621097564695,4844.2101386641125
1475,0.1265625,0.15502645943515578,0.8734375,0.15502645943515578,3976.0500003814695,4846.762605304508
1476,0.12734375,0.15596849641834726,0.87265625,0.15596849641834723,3978.1384769439696,4849.313399337816
1477,0.13046875,0.1598338981568053,0.86953125,0.1598338981568053,3980.2396488189697,4851.883375014199
1478,0.13125,0.16076674800973303,0.86875,0.160766748009733,3982.39218788147,4854.511240631158
1479,0.14296875,0.17513945336502568,0.85703125,0.17513945336502568,3984.5578128814695,4857.156355098983
1480,0.1515625,0.1856253945702877,0.8484375,0.1856253945702877,3986.9167972564696,4860.03664654844
1481,0.15234375,0.18661902410057235,0.84765625,0.18661902410057235,3989.4177738189696,4863.094221367498
1482,0.15546875,0.19044561231490736,0.84453125,0.19044561231490736,3991.9314456939696,4866.170965142248
1483,0.15703125,0.19251750123365408,0.84296875,0.19251750123365408,3994.4964847564697,4869.310492521661
1484,0.1609375,0.1973549457433864,0.8390625,0.1973549457433864,3997.08750038147,4872.48667617123
1485,0.1609375,0.19712285984887698,0.8390625,0.19712285984887698,3999.7429691314696,4875.74287674229
1486,0.16484375,0.20198598922635697,0.83515625,0.20198598922635697,4002.3986331939695,4878.98714802104
1487,0.159375,0.1952093477606157,0.840625,0.1952093477606157,4005.1183597564695,4882.306062491076
1488,0.16640625,0.20380894469453495,0.83359375,0.20380894469453495,4007.7482425689695,4885.5237051194745
1489,0.16484375,0.20189531631516366,0.83515625,0.20189531631516366,4010.4939456939696,4888.879285029662
1490,0.16875,0.2067347523095718,0.83125,0.2067347523095718,4013.21386756897,4892.205784823478
1491,0.16640625,0.20464574955884132,0.83359375,0.20464574955884132,4015.9982425689695,4895.605020918375
1492,0.17578125,0.21571556069277895,0.82421875,0.21571556069277895,4018.74375038147,4898.94340632901
1493,0.17578125,0.21588525959986246,0.82421875,0.21588525959986246,4021.64414100647,4902.476057686469
1494,0.16796875,0.20840493561213946,0.83203125,0.20840493561213946,4024.54453163147,4906.006332116877
1495,0.165625,0.2043472840533977,0.834375,0.2043472840533977,4027.3162113189696,4909.362437064773
1496,0.1609375,0.19897196724664507,0.8390625,0.19897196724664507,4030.04882850647,4912.679273831539
1497,0.16953125,0.21113416757775136,0.83046875,0.21113416757775139,4032.7044925689697,4915.899737864174
1498,0.17265625,0.21687815199438598,0.82734375,0.216878151994386,4035.50156288147,4919.282369494302
1499,0.165625,0.20620560601769536,0.834375,0.20620560601769536,4038.3503910064696,4922.718904229714
1500,0.18203125,0.22757854070078753,0.81796875,0.22757854070078753,4041.0832035064695,4926.0244860269295
1501,0.184375,0.23226130220077557,0.815625,0.23226130220077557,4044.0867191314696,4929.652887308448
1502,0.1828125,0.22736119993168358,0.8171875,0.22736119993168358,4047.12890663147,4933.3205003877865
1503,0.18046875,0.22432080647757577,0.81953125,0.22432080647757577,4050.14550819397,4936.971207460743
1504,0.1796875,0.22056999579923603,0.8203125,0.22056999579923603,4053.12304725647,4940.575440737402
1505,0.1703125,0.20864787453236852,0.8296875,0.20864787453236852,4056.08789100647,4944.186546091074
1506,0.17109375,0.20963719590342264,0.82890625,0.20963719590342264,4058.89804725647,4947.617908433258
1507,0.16875,0.20669046244475092,0.83125,0.20669046244475092,4061.7210941314697,4951.063879577163
1508,0.175,0.21438729920986457,0.825,0.21438729920986457,4064.50546913147,4954.470757397816
1509,0.17421875,0.2133770961379173,0.82578125,0.2133770961379173,4067.3929691314697,4958.006069340992
1510,0.17421875,0.2152567053978807,0.82578125,0.2152567053978807,4070.26757850647,4961.519788448651
1511,0.17734375,0.22013512363148682,0.82265625,0.22013512363148685,4073.1419925689697,4965.061296625258
1512,0.1703125,0.212775556631865,0.8296875,0.212775556631865,4076.0685550689695,4968.673578869556
1513,0.1671875,0.2085425381891546,0.8328125,0.20854253818915458,4078.8783206939697,4972.148936100984
1514,0.1703125,0.21380573103871656,0.8296875,0.21380573103871653,4081.6371097564697,4975.559648457824
1515,0.165625,0.2071506141751093,0.834375,0.2071506141751093,4084.44726600647,4979.040279015679
1516,0.16796875,0.2118614025872811,0.83203125,0.2118614025872811,4087.1800785064697,4982.4216970810585
1517,0.17265625,0.22064469635876136,0.82734375,0.22064469635876136,4089.9515628814697,4985.858707736158
1518,0.1703125,0.2161903819553497,0.8296875,0.2161903819553497,4092.80039100647,4989.402197995646
1519,0.1734375,0.2192600081452954,0.8265625,0.2192600081452954,4095.6105472564695,4992.89264743532
1520,0.17734375,0.22195751106630746,0.82265625,0.22195751106630746,4098.47226600647,4996.443797704439
1521,0.17890625,0.22163829803589902,0.82109375,0.22163829803589902,4101.398437881469,5000.065539844987
1522,0.17578125,0.22008521077073762,0.82421875,0.22008521077073762,4104.35039100647,5003.706928642558
1523,0.18984375,0.24089372170367995,0.81015625,0.24089372170367995,4107.25078163147,5007.297245355474
1524,0.196875,0.24830479946529424,0.803125,0.24830479946529424,4110.38320350647,5011.188079909251
1525,0.1921875,0.24273375895077925,0.8078125,0.24273375895077925,4113.63144569397,5015.2170629944885
1526,0.19453125,0.24643948927677967,0.80546875,0.24643948927677967,4116.802734756469,5019.152036281574
1527,0.2015625,0.2557159068184848,0.7984375,0.25571590681848483,4120.01230506897,5023.137582609952
1528,0.20703125,0.2618761187326939,0.79296875,0.2618761187326939,4123.33828163147,5027.269170653873
1529,0.20390625,0.2623232291706169,0.79609375,0.2623232291706169,4126.75449256897,5031.510044353218
1530,0.21171875,0.2686909455466447,0.78828125,0.26869094554664474,4130.11875038147,5035.702123644835
1531,0.2203125,0.27680515484723184,0.7796875,0.27680515484723184,4133.612305068969,5040.042756605602
1532,0.21328125,0.2718660199666373,0.78671875,0.27186601996663723,4137.2472660064695,5044.547805807323
1533,0.20546875,0.2649071181565343,0.79453125,0.2649071181565342,4140.76640663147,5048.924912939095
1534,0.2046875,0.2628601510012025,0.7953125,0.2628601510012025,4144.15664100647,5053.15202571351
1535,0.19921875,0.2553624109721319,0.80078125,0.2553624109721319,4147.534180068969,5057.36016681336
1536,0.1953125,0.24970685938716222,0.8046875,0.24970685938716222,4150.82109413147,5061.4539754069765
1537,0.1921875,0.24991942060767308,0.8078125,0.24991942060767305,4154.04375038147,5065.4657079104245
1538,0.184375,0.24269603867286338,0.815625,0.24269603867286338,4157.214844131469,5069.4270848269025
1539,0.18203125,0.24436520920284457,0.81796875,0.24436520920284457,4160.2570316314695,5073.236164665181
1540,0.1765625,0.24544681832323678,0.8234375,0.24544681832323678,4163.26054725647,5077.009621243434
1541,0.1765625,0.25027328812719907,0.8234375,0.25027328812719907,4166.173828506469,5080.689652947809
1542,0.1828125,0.259375,0.8171875,0.259375,4169.0871097564695,5084.380448311137
1543,0.18828125,0.26457051724209557,0.81171875,0.26457051724209557,4172.103516006469,5088.203101448159
1544,0.1703125,0.24760325734302246,0.8296875,0.24760325734302244,4175.2101566314695,5092.135483194472
1545,0.17109375,0.24514823321818985,0.82890625,0.24514823321818985,4178.020508193969,5095.7103439553775
1546,0.171875,0.24160716760373646,0.828125,0.24160716760373646,4180.84335975647,5099.294678817107
1547,0.16171875,0.22534153765728587,0.83828125,0.2253415376572859,4183.67929725647,5102.886521989098
1548,0.1609375,0.2239123014709107,0.8390625,0.22391230147091074,4186.347656631469,5106.262264776055
1549,0.15859375,0.21414802123764767,0.84140625,0.21414802123764767,4189.0031253814695,5109.621403196243
1550,0.16171875,0.21372007283184702,0.83828125,0.21372007283184702,4191.61992225647,5112.916439612185
1551,0.15703125,0.20747152477810057,0.84296875,0.20747152477810057,4194.2882816314695,5116.264127926994
1552,0.1640625,0.2159276634879723,0.8359375,0.2159276634879723,4196.87929725647,5119.514856139619
1553,0.15859375,0.20660480845081994,0.84140625,0.20660480845081994,4199.58632850647,5122.908933091183
1554,0.16171875,0.20784186822558154,0.83828125,0.20784186822558154,4202.203125381469,5126.183534533788
1555,0.165625,0.21353436217181768,0.834375,0.21353436217181768,4204.87148475647,5129.51321897072
1556,0.16875,0.21501271764711966,0.83125,0.21501271764711966,4207.60429725647,5132.925860414426
1557,0.17265625,0.2192850599106104,0.82734375,0.2192850599106104,4210.388672256469,5136.393519243548
1558,0.17109375,0.21617344201184843,0.82890625,0.21617344201184843,4213.2375003814695,5139.938690276602
1559,0.16328125,0.20274001979135742,0.83671875,0.20274001979135742,4216.060547256469,5143.447008399454
1560,0.153125,0.19165958999617003,0.846875,0.19165958999617003,4218.75468788147,5146.7760563848105
1561,0.16015625,0.2003415053103076,0.83984375,0.2003415053103076,4221.281250381469,5149.907171355595
1562,0.15234375,0.19152579175205098,0.84765625,0.19152579175205098,4223.9240238189695,5153.181720529027
1563,0.15078125,0.18765618495003036,0.84921875,0.18765618495003036,4226.437500381469,5156.30100830367
1564,0.1625,0.2,0.8375,0.2,4228.92539100647,5159.378134533076
1565,0.1453125,0.18042308675547872,0.8546875,0.18042308675547872,4231.6066410064695,5162.676477841855
1566,0.1515625,0.1908777780986435,0.8484375,0.19087777809864354,4234.00429725647,5165.639254207125
1567,0.16328125,0.2069118169655856,0.83671875,0.2069118169655856,4236.5050785064695,5168.744545295871
1568,0.16796875,0.212465530292563,0.83203125,0.212465530292563,4239.199219131469,5172.095800044807
1569,0.1640625,0.20634467524023972,0.8359375,0.20634467524023972,4241.970703506469,5175.541646083382
1570,0.16796875,0.21128443691206883,0.83203125,0.21128443691206883,4244.67753944397,5178.901689883367
1571,0.16015625,0.20387481797968576,0.83984375,0.20387481797968576,4247.449219131469,5182.342367215076
1572,0.15859375,0.19751260837918677,0.84140625,0.19751260837918677,4250.091797256469,5185.633692377034
1573,0.165625,0.21000372020514302,0.834375,0.21000372020514302,4252.70859413147,5188.871394335892
1574,0.16484375,0.207000292496774,0.83515625,0.207000292496774,4255.441406631469,5192.271728529254
1575,0.1609375,0.2020615189042065,0.8390625,0.20206151890420648,4258.1613285064695,5195.646648533985
1576,0.1671875,0.20902489385238304,0.8328125,0.20902489385238304,4260.81699256897,5198.9416909657075
1577,0.1625,0.20054856409982097,0.8375,0.20054856409982097,4263.5753910064695,5202.3595607248935
1578,0.171875,0.21121220538388638,0.828125,0.21121220538388638,4266.25664100647,5205.6636206803405
1579,0.171875,0.21194781197266463,0.828125,0.21194781197266463,4269.09257850647,5209.1483096523225
1580,0.17421875,0.21635970844290764,0.82578125,0.21635970844290764,4271.92832069397,5212.641124381761
1581,0.16875,0.20997174754148473,0.83125,0.20997174754148473,4274.80312538147,5216.194304656431
1582,0.1703125,0.21327695737438446,0.8296875,0.21327695737438446,4277.58750038147,5219.63839601046
1583,0.17734375,0.22247937053241584,0.82265625,0.2224793705324159,4280.3976566314695,5223.1224287278455
1584,0.18046875,0.2273209288374038,0.81953125,0.2273209288374038,4283.32382850647,5226.752473752024
1585,0.18046875,0.2273209288374038,0.81953125,0.2273209288374038,4286.30156288147,5230.451203736839
1586,0.17421875,0.2217924582379888,0.82578125,0.2217924582379888,4289.279297256469,5234.150007823862
1587,0.1765625,0.22422555521031717,0.8234375,0.22422555521031717,4292.15371131897,5237.731100452378
1588,0.17265625,0.21995205443459717,0.82734375,0.21995205443459717,4295.06718788147,5241.358654783535
1589,0.16796875,0.2118614025872811,0.83203125,0.2118614025872811,4297.916016006469,5244.908721046494
1590,0.16796875,0.21021287573552672,0.83203125,0.21021287573552672,4300.687500381469,5248.353033478711
1591,0.16796875,0.21128443691206883,0.83203125,0.21128443691206883,4303.458984756469,5251.788878566844
1592,0.17109375,0.21301637627774067,0.82890625,0.21301637627774067,4306.230469131469,5255.230463784183
1593,0.17421875,0.2152567053978807,0.82578125,0.2152567053978807,4309.05351600647,5258.723693564523
1594,0.171875,0.2129389996645166,0.828125,0.2129389996645166,4311.92832069397,5262.268747805454
1595,0.17578125,0.21608307321780204,0.82421875,0.21608307321780204,4314.76406288147,5265.770413910826
1596,0.178125,0.2181716685390773,0.821875,0.21817166853907727,4317.66445350647,5269.335342589118
1597,0.178125,0.21821362812620115,0.821875,0.21821362812620115,4320.603516006469,5272.923248138943
1598,0.1890625,0.23176410336670988,0.8109375,0.23176410336670988,4323.54257850647,5276.508318333726
1599,0.1875,0.2297592362466088,0.8125,0.2297592362466088,4326.662109756469,5280.330995473807
1600,0.1859375,0.22820792585244493,0.8140625,0.22820792585244493,4329.755859756469,5284.11932679918
1601,0.1796875,0.22316963839196408,0.8203125,0.22316963839196408,4332.82402381897,5287.884927541732
1602,0.18046875,0.22521690933409066,0.81953125,0.22521690933409064,4335.78867225647,5291.549757941482
1603,0.1828125,0.2298309501024612,0.8171875,0.2298309501024612,4338.76640663147,5295.23771639244
1604,0.18125,0.22639541252529832,0.81875,0.22639541252529832,4341.78281288147,5298.982969467892
1605,0.178125,0.2288622504641165,0.821875,0.2288622504641165,4344.77324256897,5302.687938657189
1606,0.16484375,0.21301637627774067,0.83515625,0.21301637627774067,4347.71250038147,5306.359167257059
1607,0.1640625,0.2141679712792625,0.8359375,0.2141679712792625,4350.43242225647,5309.761122638661
1608,0.1609375,0.20972452169453146,0.8390625,0.20972452169453146,4353.13945350647,5313.1546881176455
1609,0.15703125,0.20841079289170703,0.84296875,0.20841079289170703,4355.794922256469,5316.482552210643
1610,0.15078125,0.19763617734046063,0.84921875,0.19763617734046063,4358.3859378814695,5319.741996955568
1611,0.15234375,0.2094274654414984,0.84765625,0.2094274654414984,4360.87382850647,5322.864053984996
1612,0.15078125,0.20550884827362056,0.84921875,0.20550884827362056,4363.38750038147,5326.046937155066
1613,0.153125,0.20352124812289257,0.846875,0.20352124812289257,4365.87539100647,5329.192810067595
1614,0.15703125,0.2145580486721484,0.84296875,0.2145580486721484,4368.40195350647,5332.373008538771
1615,0.16015625,0.21799535007942256,0.83984375,0.21799535007942256,4370.99296913147,5335.65130073656
1616,0.16171875,0.22302737710312606,0.83828125,0.22302737710312606,4373.63554725647,5338.99291203937
1617,0.15703125,0.2227645021934599,0.84296875,0.22276450219345992,4376.3039066314695,5342.375247173218
1618,0.14296875,0.2016714821653027,0.85703125,0.2016714821653027,4378.89492225647,5345.675418290976
1619,0.1421875,0.20022875101836649,0.8578125,0.20022875101836649,4381.253906631469,5348.67771006199
1620,0.1484375,0.20348525745124632,0.8515625,0.20348525745124632,4383.60000038147,5351.663141032818
1621,0.14609375,0.1971414367750981,0.85390625,0.1971414367750981,4386.04941444397,5354.766083763694
1622,0.15234375,0.20723015209544193,0.84765625,0.20723015209544193,4388.45976600647,5357.811098446838
1623,0.1578125,0.21276121353379943,0.8421875,0.21276121353379945,4390.97343788147,5360.991611807875
1624,0.16328125,0.22039559603131817,0.83671875,0.22039559603131817,4393.5773441314695,5364.28110624902
1625,0.16484375,0.21727179119710868,0.83515625,0.2172717911971087,4396.271484756469,5367.685657437237
1626,0.16953125,0.2200519292405772,0.83046875,0.2200519292405772,4398.9914066314695,5371.1067138477065
1627,0.17265625,0.22210595374167708,0.82734375,0.22210595374167708,4401.78867225647,5374.613250581516
1628,0.16328125,0.20893727565049278,0.83671875,0.20893727565049278,4404.63730506897,5378.176521594151
1629,0.159375,0.2026195634680916,0.840625,0.2026195634680916,4407.33183631897,5381.5425269505795
1630,0.1625,0.2056721308068378,0.8375,0.2056721308068378,4409.9611331939695,5384.821266977664
1631,0.15,0.18961373668757492,0.85,0.18961373668757495,4412.642578506469,5388.160709189419
1632,0.13671875,0.16781424580097484,0.86328125,0.16781424580097484,4415.11757850647,5391.241901677974
1633,0.11875,0.14552236189843815,0.88125,0.14552236189843812,4417.37343788147,5394.010709795591
1634,0.11015625,0.13559583499779776,0.88984375,0.1355958349977978,4419.33261756897,5396.397110885196
1635,0.115625,0.14266318096525465,0.884375,0.14266318096525465,4421.150391006469,5398.600039146677
1636,0.1078125,0.1343341144195137,0.8921875,0.1343341144195137,4423.05820350647,5400.908404252626
1637,0.10546875,0.13175127489895497,0.89453125,0.13175127489895497,4424.8371097564695,5403.0501051821075
1638,0.11015625,0.1373845395914329,0.88984375,0.13738453959143293,4426.577148818969,5405.1428402063575
1639,0.11015625,0.1365378267184592,0.88984375,0.1365378267184592,4428.39492225647,5407.330620451878
1640,0.10625,0.1316214980540793,0.89375,0.1316214980540793,4430.21250038147,5409.524330552994
1641,0.1078125,0.13390178303517844,0.8921875,0.13390178303517844,4431.96562538147,5411.640903191309
1642,0.109375,0.13540665027058307,0.890625,0.13540665027058307,4433.7443363189695,5413.785688440755
1643,0.11328125,0.14114487238295267,0.88671875,0.14114487238295267,4435.54921913147,5415.965587622226
1644,0.12421875,0.15476639402257197,0.87578125,0.15476639402257195,4437.41835975647,5418.216367018902
1645,0.1234375,0.15318477787259085,0.8765625,0.15318477787259085,4439.4679691314695,5420.6845808732505
1646,0.125,0.15436361294035586,0.875,0.15436361294035586,4441.50468788147,5423.141641110637
1647,0.128125,0.1581601986515571,0.871875,0.1581601986515571,4443.56718788147,5425.6364143381
1648,0.125,0.15359065040107422,0.875,0.15359065040107422,4445.68125038147,5428.1941662087775
1649,0.12421875,0.1521814038820118,0.87578125,0.15218140388201182,4447.74375038147,5430.698026624057
1650,0.125,0.15359065040107422,0.875,0.15359065040107422,4449.79335975647,5433.196851194819
1651,0.12265625,0.1502683147115519,0.87734375,0.1502683147115519,4451.85585975647,5435.700803400289
1652,0.125,0.15311304162488903,0.875,0.15311304162488903,4453.879883193969,5438.168338165203
1653,0.1296875,0.16038284275445425,0.8703125,0.16038284275445425,4455.94218788147,5440.684195332565
1654,0.13203125,0.1625,0.86796875,0.1625,4458.082031631469,5443.324935341756
1655,0.13125,0.1616753413963459,0.86875,0.1616753413963459,4460.26054725647,5446.005359825688
1656,0.1296875,0.15931371370663605,0.8703125,0.15931371370663608,4462.42636756897,5448.671767347097
1657,0.125,0.15469933666834193,0.875,0.15469933666834193,4464.56621131897,5451.300427772702
1658,0.12890625,0.1604132845963825,0.87109375,0.1604132845963825,4466.62851600647,5453.846497206576
1659,0.128125,0.15885331283923543,0.871875,0.15885331283923543,4468.75566444397,5456.4792869492285
1660,0.1203125,0.14867169025868712,0.8796875,0.1486716902586871,4470.86953163147,5459.091374494872
1661,0.128125,0.15787050295455768,0.871875,0.15787050295455768,4472.8546878814695,5461.540188726113
1662,0.1296875,0.15914121946992552,0.8703125,0.15914121946992552,4474.968750381469,5464.143418841597
1663,0.11953125,0.14702452495247179,0.88046875,0.14702452495247179,4477.1085941314695,5466.769052230375
1664,0.121875,0.15056858383308253,0.878125,0.15056858383308253,4479.081055068969,5469.194770767488
1665,0.11953125,0.14826470205345574,0.88046875,0.14826470205345574,4481.091797256469,5471.674864094723
1666,0.11953125,0.15014641291919031,0.88046875,0.15014641291919031,4483.06406288147,5474.112491210677
1667,0.1375,0.17058106691724317,0.8625,0.17058106691724317,4485.0363285064695,5476.562259762551
1668,0.14609375,0.18157298807917438,0.85390625,0.18157298807917438,4487.30507850647,5479.366571455547
1669,0.14296875,0.1778026139606783,0.85703125,0.1778026139606783,4489.71562538147,5482.348632391255
1670,0.14765625,0.18652742551364934,0.85234375,0.18652742551364931,4492.07460975647,5485.26768737552
1671,0.14609375,0.18407682456993332,0.85390625,0.18407682456993332,4494.51113319397,5488.299786485744
1672,0.14375,0.18044000041565061,0.85625,0.18044000041565061,4496.92148475647,5491.296924734103
1673,0.1546875,0.1940521837032503,0.8453125,0.1940521837032503,4499.29335975647,5494.24251536823
1674,0.15625,0.1949214835917914,0.84375,0.1949214835917914,4501.845703506469,5497.41160116861
1675,0.15859375,0.19707950687793493,0.84140625,0.19707950687793493,4504.423828506469,5500.606096821453
1676,0.16484375,0.2087619289256305,0.83515625,0.2087619289256305,4507.04082069397,5503.843473418199
1677,0.16015625,0.20456222311316427,0.83984375,0.20456222311316427,4509.76054725647,5507.230883125778
1678,0.16171875,0.209392489941139,0.83828125,0.20939248994113902,4512.403320693969,5510.530474164865
1679,0.16796875,0.21994650450450445,0.83203125,0.21994650450450445,4515.071289443969,5513.873250079806
1680,0.16484375,0.21819684525961872,0.83515625,0.21819684525961872,4517.8429691314695,5517.355126214086
1681,0.1625,0.21070009788796967,0.8375,0.21070009788796967,4520.56289100647,5520.7801898756015
1682,0.15546875,0.19767940822832306,0.84453125,0.19767940822832306,4523.24394569397,5524.140992691308
1683,0.1484375,0.1850589802519051,0.8515625,0.1850589802519051,4525.809570693969,5527.340781171214
1684,0.14609375,0.18407682456993332,0.85390625,0.18407682456993332,4528.25839881897,5530.3747164974175
1685,0.14296875,0.1778026139606783,0.85703125,0.1778026139606783,4530.66933631897,5533.373279655177
1686,0.1375,0.16885485746825585,0.8625,0.16885485746825585,4533.02812538147,5536.292669843345
1687,0.1421875,0.17421349487589932,0.8578125,0.17421349487589932,4535.296875381469,5539.078760532682
1688,0.1421875,0.17414341140099157,0.8578125,0.17414341140099157,4537.64316444397,5541.950186192778
1689,0.14296875,0.17513945336502568,0.85703125,0.17513945336502568,4539.989258193969,5544.81518375025
1690,0.15,0.18397732536918782,0.85,0.18397732536918782,4542.34804725647,5547.6910575583415
1691,0.16171875,0.19871412805208388,0.83828125,0.1987141280520839,4544.8234378814695,5550.701509040989
1692,0.17109375,0.20957895849476396,0.82890625,0.20957895849476396,4547.491211318969,5553.939247218408
1693,0.17265625,0.21163657307398454,0.82734375,0.21163657307398454,4550.314453506469,5557.391665472758
1694,0.1859375,0.2283817048824183,0.8140625,0.2283817048824183,4553.1632816314695,5560.881506547026
1695,0.18984375,0.23290686007232592,0.81015625,0.23290686007232592,4556.23125038147,5564.649803856118
1696,0.1890625,0.23219822485324904,0.8109375,0.23219822485324904,4559.36386756897,5568.492381738421
1697,0.1890625,0.23314259316993108,0.8109375,0.2331425931699311,4562.48300819397,5572.3231704730815
1698,0.190625,0.23601509485624006,0.809375,0.23601509485624006,4565.6027347564695,5576.167085961123
1699,0.184375,0.22775012006034157,0.815625,0.22775012006034157,4568.748047256469,5580.051478298837
1700,0.1875,0.2330168985288406,0.8125,0.2330168985288406,4571.7902347564695,5583.803839912406
1701,0.196875,0.24238399287081644,0.803125,0.24238399287081644,4574.88418006897,5587.631757049335
1702,0.1953125,0.23966682195680528,0.8046875,0.23966682195680528,4578.13242225647,5591.629537658129
1703,0.19453125,0.23940437156618505,0.80546875,0.23940437156618505,4581.35527381897,5595.58384810421
1704,0.1984375,0.24548411592580688,0.8015625,0.24548411592580688,4584.56484413147,5599.532851637482
1705,0.196875,0.24293734724718632,0.803125,0.24293734724718635,4587.8390628814695,5603.574710163115
1706,0.20234375,0.24892836726908005,0.79765625,0.24892836726908005,4591.087891006469,5607.579405281815
1707,0.2015625,0.24765255320584725,0.7984375,0.24765255320584725,4594.42617225647,5611.685572592317
1708,0.19453125,0.23879171755946646,0.80546875,0.23879171755946646,4597.7521488189695,5615.7720751180705
1709,0.19296875,0.23706271421029076,0.80703125,0.23706271421029076,4600.96171913147,5619.711762188273
1710,0.1859375,0.22934178914885966,0.8140625,0.22934178914885966,4604.1457035064695,5623.623241991277
1711,0.18125,0.22309578327620852,0.81875,0.22309578327620852,4607.21367225647,5627.404021583642
1712,0.18984375,0.23324728696171365,0.81015625,0.23324728696171365,4610.20449256897,5631.084302668446
1713,0.18359375,0.22488603884801298,0.81640625,0.22488603884801298,4613.33652381897,5634.9323389420415
1714,0.18359375,0.2256176418467758,0.81640625,0.2256176418467758,4616.36601600647,5638.636571051635
1715,0.1859375,0.23033762159463878,0.8140625,0.23033762159463878,4619.39511756897,5642.358982077267
1716,0.18203125,0.2244459323812753,0.81796875,0.2244459323812753,4622.46347694397,5646.149524303512
1717,0.1828125,0.22554188219707666,0.8171875,0.22554188219707663,4625.466797256469,5649.849787352532
1718,0.178125,0.2195521008781287,0.821875,0.2195521008781287,4628.483398818969,5653.567782141318
1719,0.16796875,0.2065516260375357,0.83203125,0.2065516260375357,4631.42226600647,5657.187788276298
1720,0.16640625,0.20613159480050602,0.83359375,0.20613159480050602,4634.1935550689695,5660.5953233368855
1721,0.171875,0.2116740612430465,0.828125,0.2116740612430465,4636.9396488189695,5663.98769156175
1722,0.1765625,0.2182667653569251,0.8234375,0.2182667653569251,4639.775391006469,5667.478658697049
1723,0.16953125,0.20924669576244206,0.83046875,0.20924669576244206,4642.6886722564695,5671.0736451840285
1724,0.1625,0.2012170004000656,0.8375,0.2012170004000656,4645.48613319397,5674.522502318062
1725,0.16953125,0.2102941578182808,0.83046875,0.21029415781828084,4648.1671878814695,5677.83394348236
1726,0.17734375,0.2209929651029643,0.82265625,0.2209929651029643,4650.96445350647,5681.291965884857
1727,0.1859375,0.233024756430245,0.8140625,0.23302475643024495,4653.89043006897,5684.91653009158
1728,0.18984375,0.2451880655741629,0.81015625,0.24518806557416287,4656.95859413147,5688.725751574719
1729,0.19765625,0.25747610629435114,0.80234375,0.25747610629435114,4660.09121131897,5692.649734082044
1730,0.20234375,0.25975123315395443,0.79765625,0.25975123315395443,4663.352539443969,5696.743656895786
1731,0.19921875,0.2553624109721319,0.80078125,0.2553624109721319,4666.69082069397,5700.919161460869
1732,0.19375,0.2534141866589162,0.80625,0.2534141866589162,4669.97812538147,5705.029400961011
1733,0.19609375,0.25567771461353456,0.80390625,0.25567771461353456,4673.17519569397,5709.047071400529
1734,0.1984375,0.25337564750780606,0.8015625,0.25337564750780606,4676.41054725647,5713.110132090897
1735,0.1921875,0.2453348914940046,0.8078125,0.2453348914940046,4679.684570693969,5717.1999059757245
1736,0.19453125,0.24774865192620119,0.80546875,0.2477486519262012,4682.85585975647,5721.161233873224
1737,0.18984375,0.24155158448817926,0.81015625,0.24155158448817923,4686.065430068969,5725.167779490908
1738,0.20078125,0.2557875018325758,0.79921875,0.25578750183257587,4689.198242568969,5729.077546562093
1739,0.20546875,0.2594126478701453,0.79453125,0.2594126478701453,4692.5109378814695,5733.213479740699
1740,0.209375,0.2643535747819575,0.790625,0.2643535747819575,4695.90117225647,5737.4345534752365
1741,0.215625,0.27121192489108037,0.784375,0.2712119248910803,4699.3556644439695,5741.735752054293
1742,0.2109375,0.26257439422000006,0.7890625,0.26257439422000006,4702.91386756897,5746.160469493037
1743,0.2109375,0.265625,0.7890625,0.265625,4706.39414100647,5750.470807127901
1744,0.2109375,0.26302727921144414,0.7890625,0.26302727921144414,4709.87441444397,5754.800485033215
1745,0.2078125,0.2588096247727275,0.7921875,0.2588096247727275,4713.35488319397,5759.114351008757
1746,0.20234375,0.2515625,0.79765625,0.25156249999999997,4716.78359413147,5763.361807826598
1747,0.19375,0.24056411567397162,0.80625,0.24056411567397162,4720.12246131897,5767.494755334107
1748,0.184375,0.23285182134380009,0.815625,0.23285182134380009,4723.3195316314695,5771.449803842972
1749,0.19609375,0.2454468183232368,0.80390625,0.2454468183232368,4726.36171913147,5775.238449922129
1750,0.18515625,0.23535731644937233,0.81484375,0.23535731644937236,4729.59707069397,5779.25489854413
1751,0.18515625,0.2329068600723259,0.81484375,0.2329068600723259,4732.65214881897,5783.067538251129
1752,0.17734375,0.2209929651029643,0.82265625,0.2209929651029643,4735.7072269439695,5786.867197201054
1753,0.17734375,0.2214619835462737,0.82265625,0.2214619835462737,4738.63359413147,5790.4935579593875
1754,0.17734375,0.22420105548647623,0.82265625,0.22420105548647623,4741.5597660064695,5794.122942410931
1755,0.16953125,0.21431896133450254,0.83046875,0.21431896133450254,4744.48593788147,5797.768683781293
1756,0.17578125,0.22297811166401513,0.82421875,0.22297811166401513,4747.28300819397,5801.253640746894
1757,0.17578125,0.22297811166401513,0.82421875,0.22297811166401513,4750.183594131469,5804.871529509611
1758,0.171875,0.21937689190779644,0.828125,0.21937689190779644,4753.08378944397,5808.489068233129
1759,0.1578125,0.20145951826607744,0.8421875,0.20145951826607747,4755.91972694397,5812.033142213589
1760,0.1640625,0.21095196709648148,0.8359375,0.21095196709648148,4758.52382850647,5815.287741428078
1761,0.1640625,0.20881454840360142,0.8359375,0.20881454840360142,4761.2306644439695,5818.677614877874
1762,0.159375,0.20400051700302135,0.840625,0.20400051700302135,4763.93789100647,5822.058272018775
1763,0.159375,0.19915593372405452,0.840625,0.19915593372405455,4766.56777381897,5825.3478450594985
1764,0.15390625,0.19455478020341727,0.84609375,0.19455478020341727,4769.19687538147,5828.610135466302
1765,0.15234375,0.1927012949165106,0.84765625,0.1927012949165106,4771.7365238189695,5831.77479279586
1766,0.13984375,0.17932027693138888,0.86015625,0.17932027693138886,4774.2501956939695,5834.907815813741
1767,0.1421875,0.18561224177536081,0.8578125,0.18561224177536081,4776.557617568969,5837.795761873224
1768,0.1453125,0.19278679427511367,0.8546875,0.19278679427511367,4778.9035160064695,5840.745730380137
1769,0.13984375,0.18711549115786752,0.86015625,0.18711549115786752,4781.30136756897,5843.772505414139
1770,0.15390625,0.21113416757775136,0.84609375,0.21113416757775139,4783.6085941314695,5846.690544594855
1771,0.14921875,0.20954983372100297,0.85078125,0.20954983372100297,4786.14824256897,5849.919228260046
1772,0.15625,0.2153757617514097,0.84375,0.2153757617514097,4788.610351943969,5853.063557694027
1773,0.15703125,0.209375,0.84296875,0.209375,4791.188476943969,5856.344843467707
1774,0.16171875,0.2119132524466084,0.83828125,0.21191325244660844,4793.779297256469,5859.620024863286
1775,0.14921875,0.19584926242840436,0.85078125,0.19584926242840436,4796.44804725647,5862.980355295399
1776,0.153125,0.1990486406085834,0.846875,0.19904864060858343,4798.90996131897,5866.081598934039
1777,0.15859375,0.20660480845081994,0.84140625,0.20660480845081994,4801.43632850647,5869.256607822751
1778,0.1609375,0.21058129646736198,0.8390625,0.21058129646736198,4804.05351600647,5872.547603239625
1779,0.159375,0.2125,0.840625,0.2125,4806.70859413147,5875.8901900570545
1780,0.15625,0.20521758650880778,0.84375,0.20521758650880778,4809.33828163147,5879.215544269616
1781,0.15,0.19809887446045726,0.85,0.19809887446045726,4811.91660194397,5882.464707993477
1782,0.1515625,0.19563099032361922,0.8484375,0.19563099032361922,4814.3917972564695,5885.588223550053
1783,0.1421875,0.18035880038135094,0.8578125,0.18035880038135096,4816.89238319397,5888.725717119309
1784,0.14921875,0.1862326963438483,0.85078125,0.1862326963438483,4819.2384769439695,5891.654068330838
1785,0.1578125,0.197280707962981,0.8421875,0.19728070796298103,4821.70058631897,5894.7086256466955
1786,0.15390625,0.1928532675701918,0.84609375,0.19285326757019183,4824.30449256897,5897.941408576851
1787,0.159375,0.19781830066534542,0.840625,0.19781830066534545,4826.84414100647,5901.097546049171
1788,0.159375,0.1957557470420728,0.840625,0.1957557470420728,4829.473633193969,5904.351239342612
1789,0.15546875,0.1913089676250175,0.84453125,0.1913089676250175,4832.10332069397,5907.581082651357
1790,0.159375,0.19675095298371492,0.840625,0.19675095298371492,4834.66855506897,5910.737438311528
1791,0.171875,0.2114288259379501,0.828125,0.2114288259379501,4837.29824256897,5913.981066188316
1792,0.178125,0.2195521008781287,0.821875,0.2195521008781287,4840.13418006897,5917.469501240742
1793,0.18125,0.22265762060981653,0.81875,0.22265762060981653,4843.0734378814695,5921.0909450190475
1794,0.1796875,0.220749787655617,0.8203125,0.220749787655617,4846.06386756897,5924.764442543331
1795,0.17890625,0.21953542033405452,0.82109375,0.21953542033405452,4849.02890663147,5928.406954544507
1796,0.18125,0.2228631166209429,0.81875,0.2228631166209429,4851.9806644439695,5932.028140580714
1797,0.1828125,0.22402130897528477,0.8171875,0.22402130897528477,4854.97128944397,5935.7053498319265
1798,0.19140625,0.2345051721844318,0.80859375,0.2345051721844318,4857.98769569397,5939.396790350362
1799,0.1828125,0.22402130897528477,0.8171875,0.22402130897528477,4861.14589881897,5943.259558921757
1800,0.1828125,0.22438881834190177,0.8171875,0.2243888183419018,4864.16250038147,5946.951277192228
1801,0.19140625,0.235362502987413,0.80859375,0.235362502987413,4867.178711318969,5950.611511354009
1802,0.19375,0.23750000000000002,0.80625,0.23750000000000002,4870.3371097564695,5954.436786766966
1803,0.190625,0.23379354958622148,0.809375,0.23379354958622148,4873.53398475647,5958.324505183465
1804,0.1875,0.2302899200260945,0.8125,0.2302899200260945,4876.67910194397,5962.145645143025
1805,0.18671875,0.23014940799402464,0.81328125,0.2301494079940246,4879.7726566314695,5965.897108771447
1806,0.190625,0.23638977759861993,0.809375,0.23638977759861993,4882.8537113189695,5969.62141240211
1807,0.1953125,0.24377003122820493,0.8046875,0.24377003122820493,4885.999023818969,5973.408797714835
1808,0.19140625,0.2409241241423324,0.80859375,0.2409241241423324,4889.221680068969,5977.277155643255
1809,0.1953125,0.2458642282846368,0.8046875,0.2458642282846368,4892.379883193969,5981.055164872891
1810,0.18203125,0.23379616021494024,0.81796875,0.23379616021494024,4895.60234413147,5984.910188743383
1811,0.1828125,0.23913652857076226,0.8171875,0.23913652857076226,4898.60625038147,5988.480120296682
1812,0.16953125,0.2235194342780958,0.83046875,0.22351943427809584,4901.62246131897,5992.046935791293
1813,0.1625,0.21070009788796967,0.8375,0.21070009788796967,4904.41972694397,5995.348584313135
1814,0.15390625,0.19395780187002018,0.84609375,0.19395780187002015,4907.10097694397,5998.527569387721
1815,0.15,0.1902403906903053,0.85,0.19024039069030532,4909.64023475647,6001.565191304643
1816,0.14765625,0.18485108026462815,0.85234375,0.18485108026462815,4912.1154300689695,6004.519837472515
1817,0.14921875,0.18838333591376918,0.85078125,0.18838333591376918,4914.5519535064695,6007.442376767959
1818,0.1515625,0.19642495684580155,0.8484375,0.19642495684580155,4917.0138675689695,6010.386079433178
1819,0.146875,0.19550927587489295,0.853125,0.19550927587489295,4919.5148441314695,6013.352849272495
1820,0.14453125,0.19437273913476139,0.85546875,0.19437273913476139,4921.93808631897,6016.208507886299
1821,0.159375,0.21450114728714156,0.840625,0.21450114728714156,4924.32304725647,6019.012824353181
1822,0.165625,0.22249308714682575,0.834375,0.22249308714682575,4926.9523441314695,6022.10437439995
1823,0.1671875,0.21776283956835932,0.8328125,0.21776283956835932,4929.685547256469,6025.320000360548
1824,0.16328125,0.2112035359404525,0.83671875,0.2112035359404525,4932.44394569397,6028.589664672491
1825,0.1578125,0.2021702320678665,0.8421875,0.2021702320678665,4935.1378910064695,6031.789172964254
1826,0.1609375,0.2073096594996842,0.8390625,0.2073096594996842,4937.74179725647,6034.89037732822
1827,0.1546875,0.20254725528873505,0.8453125,0.20254725528873505,4940.39726600647,6038.048325199029
1828,0.153125,0.19458301269156308,0.846875,0.19458301269156308,4942.94980506897,6041.071206044804
1829,0.1515625,0.19273929931386594,0.8484375,0.19273929931386594,4945.47636756897,6044.088420942204
1830,0.14296875,0.1816065996357236,0.85703125,0.18160659963572356,4947.97695350647,6047.074143126217
1831,0.13984375,0.18165364536667025,0.86015625,0.18165364536667028,4950.335937881469,6049.891944314086
1832,0.1390625,0.18574372781301393,0.8609375,0.18574372781301393,4952.6437503814695,6052.631532662971
1833,0.14609375,0.1922827507864395,0.85390625,0.1922827507864395,4954.93808631897,6055.337342854408
1834,0.1578125,0.20446672253694484,0.8421875,0.20446672253694487,4957.348633193969,6058.190172493311
1835,0.15546875,0.19906397173710264,0.84453125,0.19906397173710264,4959.95253944397,6061.284117232698
1836,0.16328125,0.2069118169655856,0.83671875,0.2069118169655856,4962.5177738189695,6064.342223767223
1837,0.165625,0.2057759704144291,0.834375,0.2057759704144291,4965.21171913147,6067.564050791192
1838,0.171875,0.2146519029804418,0.828125,0.2146519029804418,4967.94472694397,6070.857334972235
1839,0.16796875,0.20840493561213946,0.83203125,0.20840493561213946,4970.78085975647,6074.267207711423
1840,0.16640625,0.20834049466858334,0.83359375,0.20834049466858334,4973.5519535064695,6077.608783437309
1841,0.16640625,0.21331987974342664,0.83359375,0.21331987974342664,4976.297851943969,6080.9071842810845
1842,0.165625,0.21065664172564083,0.834375,0.21065664172564083,4979.04355506897,6084.180605795312
1843,0.1765625,0.22358496008229178,0.8234375,0.22358496008229176,4981.77617225647,6087.446109109966
1844,0.17734375,0.2275785407007875,0.82265625,0.2275785407007875,4984.689453506469,6090.932448888272
1845,0.1828125,0.2374460259393174,0.8171875,0.2374460259393174,4987.61601600647,6094.421345783478
1846,0.1875,0.24286699034656808,0.8125,0.24286699034656808,4990.63222694397,6098.006165232405
1847,0.184375,0.2376644167728943,0.815625,0.2376644167728943,4993.72636756897,6101.686637119255
1848,0.190625,0.24214213284763145,0.809375,0.24214213284763145,4996.76796913147,6105.30939993486
1849,0.190625,0.2414985159439391,0.809375,0.2414985159439391,4999.91347694397,6109.07167125163
1850,0.1859375,0.233024756430245,0.8140625,0.23302475643024495,5003.058594131469,6112.83675506254
1851,0.18203125,0.22862210393190333,0.81796875,0.22862210393190333,5006.126953506469,6116.523550682918
1852,0.18125,0.22547692509434306,0.81875,0.22547692509434308,5009.13046913147,6120.129830825369
1853,0.1796875,0.2217429184325849,0.8203125,0.2217429184325849,5012.121094131469,6123.734103787651
1854,0.16953125,0.20792994801434928,0.83046875,0.20792994801434928,5015.08554725647,6127.321708871238
1855,0.16640625,0.20398854900459487,0.83359375,0.20398854900459487,5017.8830081939695,6130.724978406321
1856,0.1703125,0.2093050256205044,0.8296875,0.2093050256205044,5020.62851600647,6134.067786222969
1857,0.165625,0.20308893910673717,0.834375,0.20308893910673717,5023.43886756897,6137.479299724788
1858,0.1515625,0.1857732993462731,0.8484375,0.1857732993462731,5026.17168006897,6140.805181885176
1859,0.14765625,0.18084545370287858,0.85234375,0.18084545370287858,5028.67226600647,6143.8684733550635
1860,0.14296875,0.1752091384246267,0.85703125,0.17520913842462668,5031.10878944397,6146.845971658773
1861,0.140625,0.17309580642847763,0.859375,0.17309580642847763,5033.46757850647,6149.734574221862
1862,0.14453125,0.17798102734210183,0.85546875,0.17798102734210183,5035.788086318969,6152.589919692336
1863,0.1484375,0.18194908285012046,0.8515625,0.18194908285012046,5038.17265663147,6155.524968368391
1864,0.15625,0.1914301643223972,0.84375,0.1914301643223972,5040.62187538147,6158.525500220571
1865,0.1546875,0.19075303077539818,0.8453125,0.19075303077539818,5043.200195693969,6161.668749999739
1866,0.16796875,0.20767147470524208,0.83203125,0.20767147470524208,5045.75234413147,6164.759036919081
1867,0.17421875,0.2152567053978807,0.82578125,0.2152567053978807,5048.52382850647,6168.1098362485745
1868,0.171875,0.21224996779298932,0.828125,0.21224996779298932,5051.3986331939695,6171.58689752119
1869,0.17421875,0.2133770961379173,0.82578125,0.2133770961379173,5054.234375381469,6175.017865702837
1870,0.175,0.21438729920986457,0.825,0.21438729920986457,5057.109375381469,6178.5281006601
1871,0.17109375,0.20972452169453146,0.82890625,0.20972452169453146,5059.99687538147,6182.061058498466
1872,0.165625,0.20308893910673717,0.834375,0.20308893910673717,5062.8195316314695,6185.519280580382
1873,0.159375,0.1951937138780345,0.840625,0.1951937138780345,5065.55234413147,6188.8692504355
1874,0.1625,0.19915899839230214,0.8375,0.19915899839230214,5068.18222694397,6192.081573104775
1875,0.1578125,0.19334319692421298,0.8421875,0.19334319692421298,5070.863281631469,6195.347538335666
1876,0.15859375,0.19424080978903482,0.84140625,0.19424080978903482,5073.46738319397,6198.522496849303
1877,0.16328125,0.20007322878136394,0.83671875,0.20007322878136394,5076.0841800689695,6201.720331387828
1878,0.16484375,0.20219740122588123,0.83515625,0.20219740122588123,5078.778320693969,6205.003838341915
1879,0.16171875,0.1983759747140515,0.83828125,0.1983759747140515,5081.4982425689695,6208.312883550855
1880,0.1625,0.19903637485551479,0.8375,0.19903637485551479,5084.16660194397,6211.558973760963
1881,0.15703125,0.19346627411192371,0.84296875,0.19346627411192371,5086.847656631469,6214.836850288643
1882,0.1359375,0.1683117863427128,0.8640625,0.1683117863427128,5089.4386722564695,6218.026965199669
1883,0.128125,0.15885331283923543,0.871875,0.15885331283923543,5091.681641006469,6220.796381726906
1884,0.12734375,0.15655439100756643,0.87265625,0.15655439100756643,5093.795898818969,6223.408561618406
1885,0.13359375,0.16362292301966738,0.86640625,0.16362292301966738,5095.89726600647,6225.9917111121695
1886,0.13203125,0.16208631236551096,0.86796875,0.16208631236551096,5098.10136756897,6228.682575858095
1887,0.13515625,0.1663090238268808,0.86484375,0.1663090238268808,5100.27968788147,6231.330071796727
1888,0.13828125,0.16947183578695313,0.86171875,0.1694718357869531,5102.5099613189695,6234.035183908141
1889,0.12890625,0.15811388300841897,0.87109375,0.15811388300841897,5104.79179725647,6236.81513036667
1890,0.14453125,0.17753465770800922,0.85546875,0.17753465770800922,5106.91855506897,6239.402662305013
1891,0.1375,0.17020495457682774,0.8625,0.17020495457682774,5109.30351600647,6242.29971643246
1892,0.1453125,0.18042308675547872,0.8546875,0.18042308675547872,5111.57207069397,6245.041393710523
1893,0.15703125,0.19375,0.84296875,0.19375,5113.969726943969,6247.934929842043
1894,0.1671875,0.20549102778466996,0.8328125,0.20549102778466996,5116.5607425689695,6251.0720862787175
1895,0.16796875,0.20881454840360142,0.83203125,0.20881454840360142,5119.319336318969,6254.421344371702
1896,0.16640625,0.2054494406326043,0.83359375,0.2054494406326043,5122.090820693969,6257.764426734743
1897,0.16796875,0.206787887625823,0.83203125,0.206787887625823,5124.83652381897,6261.0878182597735
1898,0.15078125,0.18467269399196515,0.84921875,0.18467269399196515,5127.60820350647,6264.448830994566
1899,0.15625,0.1914301643223972,0.84375,0.1914301643223972,5130.0958988189695,6267.489281964376
1900,0.15859375,0.19427222966432953,0.84140625,0.19427222966432953,5132.673828506469,6270.644301739367
1901,0.16953125,0.20792994801434928,0.83046875,0.2079299480143493,5135.29082069397,6273.836837310451
1902,0.171875,0.21051752172473673,0.828125,0.21051752172473673,5138.0880863189695,6277.267163748926
1903,0.16875,0.20669046244475092,0.83125,0.20669046244475092,5140.92421913147,6280.728877282678
1904,0.15625,0.19162137145944866,0.84375,0.19162137145944866,5143.70839881897,6284.1271814487645
1905,0.153125,0.1877992403805191,0.846875,0.1877992403805191,5146.28652381897,6287.265027389232
1906,0.1578125,0.19428793769654099,0.8421875,0.194287937696541,5148.81328163147,6290.340123690568
1907,0.1546875,0.191391899972282,0.8453125,0.191391899972282,5151.41738319397,6293.49815885488
1908,0.15859375,0.19564970890279904,0.84140625,0.19564970890279904,5153.96953163147,6296.584077030103
1909,0.15625,0.192653778877096,0.84375,0.192653778877096,5156.58652381897,6299.753580878421
1910,0.1609375,0.2005607373715005,0.8390625,0.2005607373715005,5159.16445350647,6302.876912697402
1911,0.1671875,0.20689706736533267,0.8328125,0.20689706736533267,5161.81992225647,6306.077643387247
1912,0.17109375,0.2130163762777407,0.82890625,0.21301637627774067,5164.578125381469,6309.412680025008
1913,0.16640625,0.20613159480050602,0.83359375,0.20613159480050602,5167.4015628814695,6312.817475518447
1914,0.16875,0.20720658848719073,0.83125,0.20720658848719073,5170.147461318969,6316.136206691143
1915,0.17109375,0.21085646591639062,0.82890625,0.21085646591639062,5172.93144569397,6319.520209426314
1916,0.16875,0.21042182336915533,0.83125,0.21042182336915533,5175.75449256897,6322.941949673197
1917,0.16640625,0.20834049466858334,0.83359375,0.20834049466858334,5178.539062881469,6326.2981869892
1918,0.1625,0.20086786798944475,0.8375,0.20086786798944475,5181.28496131897,6329.602981584814
1919,0.153125,0.1894978201144409,0.846875,0.18949782011444088,5183.965820693969,6332.84693479919
1920,0.14921875,0.18395741907096325,0.85078125,0.18395741907096325,5186.492187881469,6335.902272224605
1921,0.1359375,0.16656206027146458,0.8640625,0.16656206027146458,5188.95488319397,6338.88698378087
1922,0.14609375,0.17896594255262646,0.85390625,0.17896594255262646,5191.19765663147,6341.621486598338
1923,0.14375,0.17605707526254094,0.85625,0.1760570752625409,5193.608398818969,6344.562596471427
1924,0.1421875,0.17458097154329277,0.8578125,0.17458097154329277,5195.98007850647,6347.460286121186
1925,0.14140625,0.1731909847177387,0.85859375,0.1731909847177387,5198.32597694397,6350.3406094785505
1926,0.14921875,0.18275907338966785,0.85078125,0.18275907338966785,5200.65957069397,6353.190334633153
1927,0.15,0.18430878048128907,0.85,0.18430878048128907,5203.1212894439695,6356.199397548596
1928,0.14921875,0.1857732993462731,0.85078125,0.1857732993462731,5205.59628944397,6359.240351484119
1929,0.153125,0.19165958999617003,0.846875,0.19165958999617003,5208.05839881897,6362.286762949192
1930,0.146875,0.1847222630143021,0.853125,0.18472226301430208,5210.58535194397,6365.419508916452
1931,0.14453125,0.1806022909599986,0.85546875,0.1806022909599986,5213.00839881897,6368.428175245756
1932,0.15,0.18536545406979155,0.85,0.18536545406979155,5215.39335975647,6371.38326065176
1933,0.1546875,0.1925840674793089,0.8453125,0.1925840674793089,5217.868164443969,6374.435293638168
1934,0.15703125,0.1940647644795417,0.84296875,0.1940647644795417,5220.42050819397,6377.593470481281
1935,0.15234375,0.18998997712050497,0.84765625,0.18998997712050497,5223.01152381897,6380.788946494453
1936,0.15234375,0.19209855665452044,0.84765625,0.19209855665452044,5225.5255863189695,6383.901808766143
1937,0.165625,0.2076655965729519,0.834375,0.2076655965729519,5228.039062881469,6387.0253663466265
1938,0.16484375,0.205965713166051,0.83515625,0.205965713166051,5230.77226600647,6390.416009776609
1939,0.1640625,0.20432338797846908,0.8359375,0.20432338797846908,5233.49199256897,6393.785959840632
1940,0.178125,0.2221636546627846,0.821875,0.2221636546627846,5236.1984378814695,6397.135377842884
1941,0.17578125,0.21866627862167043,0.82421875,0.21866627862167043,5239.13808631897,6400.775498187172
1942,0.1796875,0.22610406204887165,0.8203125,0.22610406204887165,5242.0382816314695,6404.363147790398
1943,0.17578125,0.22809289157599805,0.82421875,0.22809289157599805,5245.0031253814695,6408.045520540986
1944,0.16640625,0.21728864551271426,0.83359375,0.21728864551271426,5247.9035160064695,6411.676612497322
1945,0.165625,0.2195521008781287,0.834375,0.2195521008781287,5250.64902381897,6415.118574989668
1946,0.1671875,0.22039559603131817,0.8328125,0.22039559603131817,5253.381836318969,6418.555321556114
1947,0.1625,0.21699350598721842,0.8375,0.21699350598721842,5256.1408206939695,6422.02134763037
1948,0.1703125,0.2277394001375256,0.8296875,0.2277394001375256,5258.8214847564695,6425.39767151315
1949,0.16953125,0.2326708881392341,0.83046875,0.23267088813923414,5261.63222694397,6428.938946064458
1950,0.16328125,0.22361225683367628,0.83671875,0.22361225683367628,5264.42929725647,6432.479878401505
1951,0.15390625,0.21003278203949496,0.84609375,0.21003278203949496,5267.1232425689695,6435.889314821594
1952,0.1421875,0.18925932420061897,0.8578125,0.18925932420061897,5269.66289100647,6439.101758457372
1953,0.1359375,0.18325933639244688,0.8640625,0.18325933639244688,5272.008789443969,6442.055646154689
1954,0.13828125,0.18536545406979155,0.86171875,0.18536545406979155,5274.251953506469,6444.887107455917
1955,0.13984375,0.18915932438026944,0.86015625,0.18915932438026944,5276.53359413147,6447.764375400765
1956,0.1453125,0.19679747977775275,0.8546875,0.19679747977775275,5278.84121131897,6450.679449965005
1957,0.14453125,0.19646534761249881,0.85546875,0.19646534761249881,5281.23867225647,6453.708875054395
1958,0.1453125,0.20007322878136394,0.8546875,0.20007322878136394,5283.62343788147,6456.72451758933
1959,0.14921875,0.20602497193908315,0.85078125,0.20602497193908315,5286.02109413147,6459.763596198266
1960,0.15,0.20744504637523886,0.85,0.20744504637523886,5288.48300819397,6462.885937082477
1961,0.1546875,0.2082525885193267,0.8453125,0.2082525885193267,5290.958008193969,6466.026020894128
1962,0.1625,0.21699350598721842,0.8375,0.21699350598721842,5293.510742568969,6469.249279232379
1963,0.165625,0.2195521008781287,0.834375,0.2195521008781287,5296.19179725647,6472.629461640855
1964,0.1734375,0.22934178914885964,0.8265625,0.22934178914885966,5298.9250003814695,6476.0705455886655
1965,0.1734375,0.22339652159193302,0.8265625,0.22339652159193302,5301.78652381897,6479.671609569325
1966,0.1765625,0.22422555521031717,0.8234375,0.22422555521031717,5304.64804725647,6483.251543263517
1967,0.17890625,0.22546068289449048,0.82109375,0.22546068289449048,5307.56113319397,6486.882386298985
1968,0.17109375,0.21258614981637444,0.82890625,0.21258614981637444,5310.51328163147,6490.553436850388
1969,0.1671875,0.20571367293978055,0.8328125,0.20571367293978055,5313.33652381897,6494.045698799012
1970,0.1609375,0.19786457647845912,0.8390625,0.19786457647845912,5316.09511756897,6497.439250357195
1971,0.1625,0.19926623208662325,0.8375,0.19926623208662325,5318.75039100647,6500.703495517861
1972,0.15234375,0.18668442414607064,0.84765625,0.18668442414607064,5321.431641006469,6503.990334078212
1973,0.15234375,0.18668442414607064,0.84765625,0.18668442414607064,5323.94511756897,6507.052467539818
1974,0.146875,0.18003702418704048,0.853125,0.18003702418704048,5326.458984756469,6510.115048806258
1975,0.15390625,0.1886941142431316,0.84609375,0.1886941142431316,5328.88261756897,6513.06596529733
1976,0.14921875,0.18295934273425338,0.85078125,0.18295934273425338,5331.42168006897,6516.1563328878565
1977,0.14921875,0.18369179562857454,0.85078125,0.18369179562857454,5333.88418006897,6519.153213669756
1978,0.15234375,0.1867824812783576,0.84765625,0.1867824812783576,5336.34609413147,6522.137225772847
1979,0.14453125,0.17774081375699843,0.85546875,0.17774081375699843,5338.85996131897,6525.19691714447
1980,0.1421875,0.17555714881485174,0.8578125,0.17555714881485174,5341.244141006469,6528.089093031287
1981,0.153125,0.18833473047509056,0.846875,0.18833473047509056,5343.590820693969,6530.927932083242
1982,0.146875,0.18015564017676494,0.853125,0.18015564017676494,5346.117187881469,6533.9923827014045
1983,0.1484375,0.18194908285012046,0.8515625,0.18194908285012046,5348.54062538147,6536.940201987984
1984,0.146875,0.17988440298563965,0.853125,0.17988440298563962,5350.98984413147,6539.92255274229
1985,0.153125,0.1875553303777981,0.846875,0.18755533037779812,5353.4132816314695,6542.88248919765
1986,0.15390625,0.18853231445497612,0.84609375,0.18853231445497612,5355.9396488189695,6545.971190437957
1987,0.146875,0.18030803179039198,0.853125,0.18030803179039195,5358.479492568969,6549.068793062762
1988,0.1484375,0.1824013806742564,0.8515625,0.1824013806742564,5360.9025394439695,6552.043353148903
1989,0.14921875,0.18425578773134915,0.85078125,0.18425578773134915,5363.3517581939695,6555.052895383701
1990,0.15625,0.1932863656356159,0.84375,0.1932863656356159,5365.81425819397,6558.089218006676
1991,0.16875,0.21042182336915533,0.83125,0.21042182336915533,5368.39218788147,6561.271078950504
1992,0.165625,0.20937791509164713,0.834375,0.20937791509164713,5371.17656288147,6564.720128204795
1993,0.16171875,0.20506287145653646,0.83828125,0.20506287145653648,5373.9093753814695,6568.121436844615
1994,0.1578125,0.19779052998058325,0.8421875,0.19779052998058325,5376.57773475647,6571.445549341871
1995,0.14609375,0.18297935761309253,0.85390625,0.18297935761309253,5379.181641006469,6574.677312439859
1996,0.14453125,0.17927942793653154,0.85546875,0.17927942793653154,5381.59238319397,6577.668704112424
1997,0.14140625,0.17417495245442155,0.85859375,0.17417495245442152,5383.97734413147,6580.61644343913
1998,0.13828125,0.1703698298004961,0.86171875,0.17036982980049606,5386.31035194397,6583.488639256948
1999,0.14609375,0.1804602947153473,0.85390625,0.1804602947153473,5388.591797256469,6586.297860946483
2000,0.15546875,0.19216844417723739,0.84453125,0.19216844417723739,5391.00234413147,6589.270766978017
2001,0.1546875,0.19048086251478127,0.8453125,0.19048086251478127,5393.567383193969,6592.435426035272
2002,0.16171875,0.19917432102620558,0.83828125,0.19917432102620558,5396.11992225647,6595.577270537853
2003,0.16171875,0.19917432102620558,0.83828125,0.19917432102620558,5398.7882816314695,6598.862068637985
2004,0.16015625,0.19785840699538143,0.83984375,0.19785840699538143,5401.45664100647,6602.146868308911
2005,0.159375,0.19675095298371492,0.840625,0.19675095298371492,5404.09902381897,6605.406003828406
2006,0.165625,0.20338925119091225,0.834375,0.20338925119091225,5406.72890663147,6608.648402551575
2007,0.16015625,0.19680678381664082,0.83984375,0.19680678381664082,5409.46171913147,6612.004365591737
2008,0.15,0.18430878048128907,0.85,0.18430878048128907,5412.10429725647,6615.251598274425
2009,0.15546875,0.19044561231490736,0.84453125,0.19044561231490736,5414.579101943969,6618.292334048882
2010,0.16328125,0.20083444091153788,0.83671875,0.20083444091153788,5417.1447269439695,6621.430414581596
2011,0.1640625,0.20276410246885418,0.8359375,0.20276410246885418,5419.83828163147,6624.7429252348475
2012,0.15546875,0.19216844417723739,0.84453125,0.19216844417723739,5422.54550819397,6628.082831622412
2013,0.15234375,0.18727199678876177,0.84765625,0.18727199678876177,5425.11074256897,6631.247734045648
2014,0.1546875,0.191391899972282,0.8453125,0.191391899972282,5427.625000381469,6634.33827033347
2015,0.159375,0.19558418603794378,0.840625,0.19558418603794378,5430.17714881897,6637.488789543119
2016,0.146875,0.17990136729087136,0.853125,0.17990136729087136,5432.80644569397,6640.715234024704
2017,0.15078125,0.18536545406979155,0.84921875,0.18536545406979155,5435.23027381897,6643.678553402031
2018,0.14921875,0.18458674282027948,0.85078125,0.18458674282027948,5437.7179691314695,6646.7366023308105
2019,0.140625,0.17436057848070188,0.859375,0.17436057848070188,5440.18007850647,6649.775609759617
2020,0.13359375,0.16440440563972122,0.86640625,0.16440440563972122,5442.50039100647,6652.64296831119
2021,0.12421875,0.15476639402257197,0.87578125,0.15476639402257197,5444.70468788147,6655.3549239352615
2022,0.11953125,0.14961702411908212,0.88046875,0.14961702411908212,5446.753906631469,6657.8927278358915
2023,0.1,0.1286953767623375,0.9,0.1286953767623375,5448.726562881469,6660.3400889752365
2024,0.10078125,0.134375,0.89921875,0.134375,5450.37656288147,6662.404096422857
2025,0.09296875,0.13012914258535635,0.90703125,0.13012914258535632,5452.03945350647,6664.500707624562
2026,0.0953125,0.13444765477686846,0.9046875,0.13444765477686846,5453.5734378814695,6666.452223785402
2027,0.09140625,0.1261083673373817,0.90859375,0.1261083673373817,5455.14609413147,6668.455694590149
2028,0.096875,0.13376040409300877,0.903125,0.13376040409300877,5456.654297256469,6670.369821545665
2029,0.1,0.13607213160673276,0.9,0.13607213160673276,5458.25273475647,6672.398867497219
2030,0.10546875,0.14161974559979268,0.89453125,0.14161974559979268,5459.90273475647,6674.48790996474
2031,0.11015625,0.14591608515256296,0.88984375,0.14591608515256296,5461.64296913147,6676.685657439922
2032,0.10234375,0.13919410907075053,0.89765625,0.13919410907075055,5463.46054725647,6678.9749502393715
2033,0.10390625,0.13987648010834416,0.89609375,0.13987648010834416,5465.149414443969,6681.113274776123
2034,0.10390625,0.13696629375506955,0.89609375,0.13696629375506955,5466.86367225647,6683.279652766817
2035,0.10625,0.13919410907075053,0.89375,0.13919410907075053,5468.57793006897,6685.436749070246
2036,0.1109375,0.14375000000000002,0.8890625,0.14375000000000002,5470.33144569397,6687.640367489544
2037,0.10859375,0.13910638352534366,0.89140625,0.13910638352534366,5472.16191444397,6689.934809376014
2038,0.103125,0.13032130515815518,0.896875,0.13032130515815515,5473.95351600647,6692.1741124875625
2039,0.11015625,0.13840257742361592,0.88984375,0.13840257742361592,5475.65507850647,6694.29254953207
2040,0.10390625,0.13039153778140666,0.89609375,0.13039153778140664,5477.4728519439695,6696.551378391114
2041,0.10703125,0.13317047345414074,0.89296875,0.13317047345414074,5479.18710975647,6698.6806438170825
2042,0.10234375,0.1275233587671294,0.89765625,0.1275233587671294,5480.9533206939695,6700.86715679293
2043,0.09921875,0.12292218384510585,0.90078125,0.12292218384510585,5482.6417972564695,6702.958705715762
2044,0.10078125,0.1266589138937722,0.89921875,0.1266589138937722,5484.279297256469,6704.981777005703
2045,0.1046875,0.13217678739097874,0.8953125,0.13217678739097877,5485.94199256897,6707.048119466106
2046,0.103125,0.1297345547165442,0.896875,0.1297345547165442,5487.6691410064695,6709.197929432301
2047,0.1046875,0.13159831015014972,0.8953125,0.13159831015014972,5489.37089881897,6711.313618481158
2048,0.1078125,0.13533000031173797,0.8921875,0.13533000031173797,5491.09804725647,6713.460280750909
2049,0.11328125,0.14213597967703323,0.88671875,0.14213597967703323,5492.8771488189695,6715.670398997445
2050,0.10625,0.1360003446686809,0.89375,0.13600034466868088,5494.74648475647,6717.992336285961
2051,0.109375,0.13966687487554091,0.890625,0.13966687487554091,5496.4992191314695,6720.182889433492
2052,0.10234375,0.12970632393507264,0.89765625,0.12970632393507264,5498.303711318969,6722.436702226242
2053,0.1,0.12726464183935773,0.9,0.12726464183935773,5499.9923831939695,6724.5411759311055
2054,0.09453125,0.1244715391665902,0.90546875,0.1244715391665902,5501.6427738189695,6726.6005994317975
2055,0.09140625,0.11831746886026594,0.90859375,0.11831746886026594,5503.20253944397,6728.5634932783605
2056,0.09609375,0.12454997114612272,0.90390625,0.1245499711461227,5504.71074256897,6730.454097754408
2057,0.10234375,0.1351901149770204,0.89765625,0.1351901149770204,5506.29628944397,6732.442244737353
2058,0.1109375,0.14727339584935223,0.8890625,0.14727339584935223,5507.98515663147,6734.569325783681
2059,0.1125,0.1455601049073028,0.8875,0.1455601049073028,5509.81523475647,6736.876847971074
2060,0.1125,0.1447822988576297,0.8875,0.1447822988576297,5511.67168006897,6739.203831022274
2061,0.11796875,0.1501220206823436,0.88203125,0.1501220206823436,5513.52793006897,6741.527522293632
2062,0.1203125,0.15194057226429022,0.8796875,0.15194057226429022,5515.47441444397,6743.95671303725
2063,0.11796875,0.14885631704768193,0.88203125,0.14885631704768193,5517.45957069397,6746.428333807997
2064,0.1234375,0.15565511756765338,0.8765625,0.15565511756765338,5519.40605506897,6748.851169514312
2065,0.11875,0.1507144443973437,0.88125,0.1507144443973437,5521.44296913147,6751.386013228986
2066,0.115625,0.14770791093616142,0.884375,0.14770791093616145,5523.40214881897,6753.8291605007435
2067,0.11953125,0.1491266895335976,0.88046875,0.1491266895335976,5525.31015663147,6756.213101826671
2068,0.12578125,0.15582755392580608,0.87421875,0.15582755392580608,5527.28203163147,6758.657408852666
2069,0.12734375,0.15810616241547956,0.87265625,0.15810616241547953,5529.357422256469,6761.221819693282
2070,0.12109375,0.1505604763251299,0.87890625,0.1505604763251299,5531.45878944397,6763.821126136402
2071,0.12421875,0.15357872828373725,0.87578125,0.15357872828373725,5533.457031631469,6766.294479444489
2072,0.1234375,0.15360257159305635,0.8765625,0.15360257159305635,5535.50644569397,6768.823918438906
2073,0.1140625,0.14048169781816774,0.8859375,0.14048169781816777,5537.54335975647,6771.346151289203
2074,0.1125,0.13798299402689088,0.8875,0.13798299402689085,5539.42519569397,6773.663035030097
2075,0.10625,0.13012914258535632,0.89375,0.13012914258535632,5541.28164100647,6775.939262840968
2076,0.10078125,0.1244715391665902,0.89921875,0.1244715391665902,5543.03476600647,6778.079761242349
2077,0.09296875,0.11625672023586421,0.90703125,0.11625672023586421,5544.697266006469,6780.088818838945
2078,0.0921875,0.11738524981870592,0.9078125,0.11738524981870592,5546.231445693969,6781.931616031123
2079,0.09296875,0.11936518284240175,0.90703125,0.11936518284240175,5547.75253944397,6783.747379319136
2080,0.09296875,0.11735404831640876,0.90703125,0.11735404831640874,5549.28671913147,6785.574334444069
2081,0.08828125,0.11179248004114589,0.91171875,0.11179248004114588,5550.8205081939695,6787.410489033139
2082,0.08515625,0.1063877783159325,0.91484375,0.10638777831593252,5552.277344131469,6789.152690130862
2083,0.0921875,0.11387506003017078,0.9078125,0.11387506003017078,5553.68222694397,6790.841038311049
2084,0.096875,0.12171965259613995,0.903125,0.12171965259613995,5555.20351600647,6792.679538635629
2085,0.10703125,0.13317047345414074,0.89296875,0.13317047345414074,5556.80156288147,6794.595904290286
2086,0.11328125,0.13966687487554091,0.88671875,0.13966687487554091,5558.56796913147,6796.72264759533
2087,0.1265625,0.15549819130780912,0.8734375,0.15549819130780912,5560.43710975647,6798.984373021343
2088,0.13984375,0.17181106765499712,0.86015625,0.17181106765499712,5562.525391006469,6801.518453049412
2089,0.1390625,0.17038774140728258,0.8609375,0.17038774140728258,5564.83281288147,6804.318560650466
2090,0.1390625,0.1704772712123232,0.8609375,0.1704772712123232,5567.12734413147,6807.114007956664
2091,0.1421875,0.17414341140099157,0.8578125,0.17414341140099157,5569.42168006897,6809.906049985863
2092,0.15078125,0.18467269399196515,0.84921875,0.18467269399196515,5571.76796913147,6812.771057940341
2093,0.1546875,0.1897102797277338,0.8453125,0.1897102797277338,5574.255859756469,6815.810531996401
2094,0.16171875,0.1985297521783574,0.83828125,0.1985297521783574,5576.80800819397,6818.914319167729
2095,0.16015625,0.19662061938858294,0.83984375,0.19662061938858294,5579.47617225647,6822.155025315055
2096,0.15,0.18397732536918782,0.85,0.18397732536918782,5582.11894569397,6825.364808024806
2097,0.15234375,0.1869131441004083,0.84765625,0.1869131441004083,5584.59414100647,6828.374660233487
2098,0.14375,0.17621301141126042,0.85625,0.17621301141126042,5587.1076175689695,6831.429758266859
2099,0.14453125,0.17712162576179116,0.85546875,0.17712162576179116,5589.479492568969,6834.316654313358
2100,0.14375,0.17607440832109872,0.85625,0.17607440832109872,5591.8644535064695,6837.221091650389
2101,0.14296875,0.1752091384246267,0.85703125,0.17520913842462668,5594.236328506469,6840.1142907635885
2102,0.14765625,0.18084545370287858,0.85234375,0.18084545370287858,5596.59531288147,6842.987059483492
2103,0.14609375,0.17893183496097056,0.85390625,0.17893183496097054,5599.03164100647,6845.963683821861
2104,0.153125,0.18753905843183707,0.846875,0.18753905843183707,5601.44218788147,6848.905702051208
2105,0.15625,0.19214620999547455,0.84375,0.19214620999547455,5603.968750381469,6851.9909639346715
2106,0.1515625,0.18564183425348932,0.8484375,0.18564183425348932,5606.546875381469,6855.117313570457
2107,0.15625,0.1914301643223972,0.84375,0.1914301643223972,5609.04746131897,6858.167733064355
2108,0.165625,0.2029085385093491,0.834375,0.2029085385093491,5611.62578163147,6861.3225040518
2109,0.16640625,0.2044368694579087,0.83359375,0.2044368694579087,5614.358398818969,6864.65316463138
2110,0.16796875,0.2065516260375357,0.83203125,0.2065516260375357,5617.10410194397,6867.985812206392
2111,0.16796875,0.2059005088173655,0.83203125,0.2059005088173655,5619.87578163147,6871.347129870993
2112,0.16875,0.2067347523095718,0.83125,0.2067347523095718,5622.64726600647,6874.720678762179
2113,0.1671875,0.20482164020648552,0.8328125,0.20482164020648552,5625.431641006469,6878.127100663947
2114,0.171875,0.21121220538388638,0.828125,0.21121220538388638,5628.19023475647,6881.48960518234
2115,0.16484375,0.20298071798818723,0.83515625,0.20298071798818723,5631.02617225647,6884.931044501103
2116,0.1625,0.20025923141175042,0.8375,0.20025923141175042,5633.74589881897,6888.225934409195
2117,0.15546875,0.19375,0.84453125,0.19375,5636.42734413147,6891.472624912629
2118,0.165625,0.20500333457653805,0.834375,0.20500333457653805,5638.99257850647,6894.560409041649
2119,0.16484375,0.20504501220768573,0.83515625,0.20504501220768573,5641.72519569397,6897.860450796221
2120,0.16796875,0.2097187011063868,0.83203125,0.2097187011063868,5644.445312881469,6901.137547898206
2121,0.1734375,0.2131195013953439,0.8265625,0.21311950139534394,5647.216797256469,6904.4713442469765
2122,0.16875,0.20680854767302292,0.83125,0.20680854767302292,5650.078125381469,6907.944243992198
2123,0.16484375,0.20189531631516366,0.83515625,0.2018953163151637,5652.86269569397,6911.335668770242
2124,0.16328125,0.20007322878136394,0.83671875,0.20007322878136394,5655.58242225647,6914.655648973782
2125,0.1609375,0.1976639697109086,0.8390625,0.1976639697109086,5658.2765628814695,6917.9381823669255
2126,0.16484375,0.20234827456331322,0.83515625,0.20234827456331322,5660.93222694397,6921.163076613478
2127,0.1640625,0.20093470546268258,0.8359375,0.20093470546268258,5663.652344131469,6924.46820629941
2128,0.1796875,0.22008521077073762,0.8203125,0.22008521077073762,5666.35918006897,6927.773990385669
2129,0.18671875,0.22871285559080407,0.81328125,0.22871285559080407,5669.324219131469,6931.398231105778
2130,0.18828125,0.2306791941745072,0.81171875,0.2306791941745072,5672.40488319397,6935.165221171367
2131,0.19140625,0.23445311198350513,0.80859375,0.23445311198350513,5675.51152381897,6938.966979126012
2132,0.1921875,0.23570456216416347,0.8078125,0.23570456216416347,5678.66972694397,6942.81948475495
2133,0.1953125,0.2395267143243108,0.8046875,0.2395267143243108,5681.840820693969,6946.707613989405
2134,0.2015625,0.24691208186695726,0.7984375,0.24691208186695726,5685.0636722564695,6950.658932906063
2135,0.20390625,0.2497606275891979,0.79609375,0.2497606275891979,5688.38945350647,6954.726819036246
2136,0.20390625,0.2497606275891979,0.79609375,0.2497606275891979,5691.75351600647,6958.839938772262
2137,0.1953125,0.23941201982017318,0.8046875,0.23941201982017318,5695.1183597564695,6962.954021467168
2138,0.196875,0.2412355282252699,0.803125,0.2412355282252699,5698.3410160064695,6966.877684046878
2139,0.196875,0.2412355282252699,0.803125,0.2412355282252699,5701.58925819397,6970.835694965784
2140,0.184375,0.225825849833727,0.815625,0.22582584983372694,5704.83769569397,6974.793946545102
2141,0.1859375,0.2277259995243736,0.8140625,0.22772599952437356,5707.87968788147,6978.51218580869
2142,0.178125,0.2181716685390773,0.821875,0.21817166853907727,5710.94804725647,6982.259710146058
2143,0.17734375,0.21723245937531985,0.82265625,0.21723245937531985,5713.88710975647,6985.852324606754
2144,0.184375,0.225825849833727,0.815625,0.22582584983372694,5716.81308631897,6989.430506487852
2145,0.18828125,0.2305998038404413,0.81171875,0.2305998038404413,5719.85527381897,6993.149039767453
2146,0.1921875,0.23543251006790672,0.8078125,0.23543251006790675,5722.961914443969,6996.944828593202
2147,0.1921875,0.23667362399911612,0.8078125,0.23667362399911615,5726.1330081939695,7000.823898548101
2148,0.1890625,0.23344346126926535,0.8109375,0.23344346126926538,5729.30429725647,7004.727510732112
2149,0.1890625,0.23344346126926535,0.8109375,0.23344346126926538,5732.423828506469,7008.573960242445
2150,0.1984375,0.24752682935391063,0.8015625,0.24752682935391063,5735.5431644439695,7012.42015409022
2151,0.2015625,0.25083600453657967,0.7984375,0.25083600453657967,5738.8175785064695,7016.477079258825
2152,0.2,0.24704553050121145,0.8,0.24704553050121145,5742.14335975647,7020.593706525302
2153,0.21484375,0.26465816691063965,0.78515625,0.26465816691063965,5745.44316444397,7024.663433454251
2154,0.21484375,0.2636183394725223,0.78515625,0.2636183394725223,5748.98789100647,7029.027682331419
2155,0.21640625,0.26779444950838693,0.78359375,0.26779444950838693,5752.53281288147,7033.376969628175
2156,0.2109375,0.2603333199957316,0.7890625,0.2603333199957316,5756.1037113189695,7037.785414286851
2157,0.215625,0.26603139866964015,0.784375,0.26603139866964015,5759.58437538147,7042.076001456839
2158,0.221875,0.2742554729684077,0.778125,0.2742554729684077,5763.14199256897,7046.460578819255
2159,0.22265625,0.2739281312566309,0.77734375,0.2739281312566309,5766.8029300689695,7050.9775178632935
2160,0.22578125,0.2767478192664759,0.77421875,0.2767478192664759,5770.4767581939695,7055.496433515028
2161,0.22578125,0.277980123783608,0.77421875,0.277980123783608,5774.2023441314695,7060.060235527247
2162,0.23046875,0.28452949100225094,0.76953125,0.28452949100225094,5777.92753944397,7064.644959270948
2163,0.2453125,0.30371841078024064,0.7546875,0.30371841078024064,5781.73027381897,7069.333516427218
2164,0.2453125,0.3033665274877899,0.7546875,0.3033665274877899,5785.77812538147,7074.332109313636
2165,0.2453125,0.30303437756197726,0.7546875,0.30303437756197726,5789.82558631897,7079.327233661598
2166,0.23359375,0.2870538317872625,0.76640625,0.2870538317872625,5793.8732425689695,7084.319530129297
2167,0.23671875,0.2918321703051259,0.76328125,0.2918321703051259,5797.727539443969,7089.0558091660505
2168,0.23984375,0.2946835233029665,0.76015625,0.2946835233029665,5801.63320350647,7093.867079465951
2169,0.2296875,0.2831360373124551,0.7703125,0.2831360373124552,5805.59062538147,7098.729305181115
2170,0.23671875,0.2905115706064907,0.76328125,0.29051157060649063,5809.38066444397,7103.397793249886
2171,0.23671875,0.2913088392818694,0.76328125,0.2913088392818694,5813.28671913147,7108.191142400871
2172,0.2296875,0.28407221174267466,0.7703125,0.2840722117426747,5817.19218788147,7112.996038936706
2173,0.2265625,0.27837067800865806,0.7734375,0.27837067800865806,5820.98222694397,7117.67376436079
2174,0.2359375,0.29001742606587455,0.7640625,0.29001742606587455,5824.72050819397,7122.266827754651
2175,0.23359375,0.28803025150363976,0.76640625,0.2880302515036398,5828.61308631897,7127.051347450392
2176,0.23203125,0.28744904439743746,0.76796875,0.2874490443974375,5832.46757850647,7131.800144348202
2177,0.23125,0.28631933180563446,0.76875,0.28631933180563446,5836.2960941314695,7136.529505649059
2178,0.2265625,0.2788088502899433,0.7734375,0.2788088502899433,5840.1115238189695,7141.241300047474
2179,0.21953125,0.27036668532060304,0.78046875,0.2703666853206031,5843.85019569397,7145.840979167135
2180,0.2125,0.2616732703021556,0.7875,0.2616732703021556,5847.47207069397,7150.299553713873
2181,0.228125,0.2800931067297087,0.771875,0.2800931067297087,5850.9787113189695,7154.615863971004
2182,0.2265625,0.2785788957761786,0.7734375,0.2785788957761786,5854.74257850647,7159.237132309957
2183,0.215625,0.2670275471510384,0.784375,0.2670275471510384,5858.48105506897,7163.833484579118
2184,0.2296875,0.28342690512171737,0.7703125,0.2834269051217174,5862.03886756897,7168.227647327796
2185,0.22265625,0.2757270219347389,0.77734375,0.2757270219347389,5865.8283206939695,7172.898571503768
2186,0.20390625,0.25265194994794715,0.79609375,0.25265194994794715,5869.5021488189695,7177.435934077413
2187,0.20234375,0.2519988451734452,0.79765625,0.2519988451734452,5872.86679725647,7181.592765677453
2188,0.1890625,0.23490305097928163,0.8109375,0.23490305097928166,5876.2052738189695,7185.72679204743
2189,0.184375,0.2271597730673281,0.815625,0.2271597730673281,5879.32460975647,7189.585518927047
2190,0.19140625,0.23468729194398233,0.80859375,0.23468729194398233,5882.36699256897,7193.331837729448
2191,0.19609375,0.2404219922864795,0.80390625,0.24042199228647948,5885.52519569397,7197.2025828368405
2192,0.18671875,0.23075855719506913,0.81328125,0.23075855719506913,5888.760742568969,7201.167878452856
2193,0.17890625,0.2203679008357388,0.82109375,0.2203679008357388,5891.8419925689695,7204.969295420618
2194,0.17890625,0.221280012088756,0.82109375,0.221280012088756,5894.79355506897,7208.603185220689
2195,0.17578125,0.21684437824163208,0.82421875,0.21684437824163208,5897.74589881897,7212.247234394238
2196,0.17421875,0.21635970844290764,0.82578125,0.21635970844290764,5900.64609413147,7215.821412744761
2197,0.17109375,0.21258614981637444,0.82890625,0.21258614981637444,5903.5207035064695,7219.376715559965
2198,0.171875,0.21374006281725708,0.828125,0.21374006281725708,5906.34355506897,7222.868848278296
2199,0.16953125,0.2102941578182808,0.83046875,0.21029415781828084,5909.1798831939695,7226.378975411638
2200,0.178125,0.22016284810907585,0.821875,0.22016284810907585,5911.97695350647,7229.836562236443
2201,0.19296875,0.2380390674999589,0.80703125,0.2380390674999589,5914.916016006469,7233.4629000245895
2202,0.20234375,0.24819170230640267,0.79765625,0.24819170230640267,5918.10000038147,7237.386751610407
2203,0.20234375,0.24789642336820839,0.79765625,0.24789642336820836,5921.4386722564695,7241.480994548432
2204,0.19296875,0.2375,0.80703125,0.23750000000000002,5924.777344131469,7245.566007203038
2205,0.18671875,0.22908616010139068,0.81328125,0.22908616010139068,5927.96132850647,7249.483716492539
2206,0.1859375,0.22784657666947733,0.8140625,0.22784657666947727,5931.0421878814695,7253.26311731289
2207,0.18828125,0.2306791941745072,0.81171875,0.2306791941745072,5934.11015663147,7257.019046656415
2208,0.190625,0.2341066171707348,0.809375,0.23410661717073483,5937.216797256469,7260.805164310202
2209,0.19765625,0.24208163008580394,0.80234375,0.24208163008580388,5940.362305068969,7264.624948530456
2210,0.19375,0.23730717912786584,0.80625,0.23730717912786584,5943.62343788147,7268.605981086565
2211,0.19375,0.23734575583418385,0.80625,0.23734575583418382,5946.82011756897,7272.512986318175
2212,0.19609375,0.2404219922864795,0.80390625,0.24042199228647948,5950.01738319397,7276.423774397047
2213,0.19296875,0.2363665387168835,0.80703125,0.2363665387168835,5953.252930068969,7280.389021622481
2214,0.19765625,0.2424595246505074,0.80234375,0.24245952465050738,5956.43691444397,7284.282059889881
2215,0.196875,0.2415768511260961,0.803125,0.2415768511260961,5959.698242568969,7288.281877238984
2216,0.19609375,0.24032042412162977,0.80390625,0.24032042412162974,5962.9464847564695,7292.267230459875
2217,0.19765625,0.24223285865567457,0.80234375,0.24223285865567454,5966.18203163147,7296.229407137727
2218,0.196875,0.24174101990172248,0.803125,0.2417410199017225,5969.44316444397,7300.222857328604
2219,0.19296875,0.23659882482009498,0.80703125,0.236598824820095,5972.69199256897,7304.212029454404
2220,0.1875,0.22997165671148478,0.8125,0.22997165671148478,5975.875976943969,7308.114318950714
2221,0.1828125,0.22438881834190177,0.8171875,0.2243888183419018,5978.96953163147,7311.907687373968
2222,0.184375,0.2261499476633258,0.815625,0.2261499476633258,5981.98613319397,7315.610199904236
2223,0.18671875,0.22924596166017844,0.81328125,0.22924596166017844,5985.02812538147,7319.340645352573
2224,0.190625,0.2336760411071276,0.809375,0.2336760411071276,5988.10918006897,7323.1233631561045
2225,0.190625,0.23346699110902167,0.809375,0.23346699110902164,5991.25449256897,7326.976892017914
2226,0.184375,0.22581233566282422,0.815625,0.22581233566282422,5994.399414443969,7330.8176519229155
2227,0.1875,0.23011758203687957,0.8125,0.23011758203687957,5997.44199256897,7334.533434686976
2228,0.18828125,0.23155069133183342,0.81171875,0.23155069133183342,6000.53574256897,7338.330146427261
2229,0.19453125,0.23993916058294862,0.80546875,0.23993916058294862,6003.64238319397,7342.150279613261
2230,0.20234375,0.24819170230640267,0.79765625,0.24819170230640267,6006.85195350647,7346.10535737364
2231,0.203125,0.24882536546742978,0.796875,0.24882536546742978,6010.1906253814695,7350.199645575576
2232,0.2109375,0.25835643377899453,0.7890625,0.25835643377899453,6013.5421878814695,7354.298928266041
2233,0.209375,0.25653804314004774,0.790625,0.25653804314004774,6017.02285194397,7358.55279290612
2234,0.203125,0.24877630200141654,0.796875,0.24877630200141654,6020.47714881897,7362.7806259570125
2235,0.2046875,0.25088466520370467,0.7953125,0.2508846652037047,6023.829101943969,7366.874274084567
2236,0.2,0.24574504064171873,0.8,0.24574504064171873,6027.2062503814695,7371.010989807643
2237,0.1953125,0.2393227749818224,0.8046875,0.2393227749818224,6030.50625038147,7375.06572700649
2238,0.2,0.2450610773677146,0.8,0.2450610773677146,6033.72890663147,7379.010679238189
2239,0.1875,0.2296928145643655,0.8125,0.2296928145643655,6037.02910194397,7383.0319303628885
2240,0.1828125,0.22423916501137797,0.8171875,0.22423916501137797,6040.12265663147,7386.816188641721
2241,0.18984375,0.23369171231828056,0.81015625,0.23369171231828056,6043.13925819397,7390.4850075845725
2242,0.18515625,0.2279804764804434,0.81484375,0.22798047648044337,6046.271484756469,7394.28136682102
2243,0.18828125,0.23205097769671215,0.81171875,0.23205097769671215,6049.32675819397,7397.9837576243235
2244,0.19453125,0.23940437156618505,0.80546875,0.23940437156618505,6052.43300819397,7401.745442552067
2245,0.19375,0.2391390808713624,0.80625,0.2391390808713624,6055.64296913147,7405.636881268011
2246,0.17734375,0.2205506248574236,0.82265625,0.22055062485742358,6058.839844131469,7409.504869916298
2247,0.17734375,0.22247937053241584,0.82265625,0.22247937053241587,6061.76601600647,7413.031650428036
2248,0.18203125,0.23101233564195223,0.81796875,0.23101233564195225,6064.69218788147,7416.546422812199
2249,0.17109375,0.2144726909334846,0.82890625,0.2144726909334846,6067.69570350647,7420.140654568452
2250,0.1609375,0.1986496159620627,0.8390625,0.1986496159620627,6070.5187503814695,7423.5328197050485
2251,0.1515625,0.18760413774754542,0.8484375,0.18760413774754542,6073.17421913147,7426.7460873187465
2252,0.1515625,0.18760413774754542,0.8484375,0.18760413774754542,6075.67519569397,7429.767636424942
2253,0.146875,0.1823110108783888,0.853125,0.1823110108783888,6078.175781631469,7432.7888150206645
2254,0.14140625,0.17636880968938357,0.85859375,0.17636880968938357,6080.59941444397,7435.713015367306
2255,0.13203125,0.1646270050181622,0.86796875,0.1646270050181622,6082.9328128814695,7438.522571801225
2256,0.1234375,0.15246589654534223,0.8765625,0.15246589654534223,6085.11113319397,7441.145826038027
2257,0.12109375,0.14831409343855356,0.87890625,0.14831409343855356,6087.1476566314695,7443.609405412984
2258,0.1234375,0.1511996300425368,0.8765625,0.1511996300425368,6089.14589881897,7446.048631269642
2259,0.128125,0.15709536937199964,0.871875,0.15709536937199964,6091.182617568969,7448.539365283995
2260,0.1234375,0.1513610129789042,0.8765625,0.1513610129789042,6093.29628944397,7451.130072867223
2261,0.1109375,0.13809795408287193,0.8890625,0.1380979540828719,6095.333008193969,7453.626786685502
2262,0.10703125,0.13412949957503756,0.89296875,0.13412949957503756,6097.16367225647,7455.892713409995
2263,0.11484375,0.14186949328520207,0.88515625,0.1418694932852021,6098.92949256897,7458.083931401075
2264,0.1140625,0.14108864539492538,0.8859375,0.14108864539492538,6100.8244144439695,7460.420950725198
2265,0.11484375,0.14130909991486748,0.88515625,0.14130909991486748,6102.70683631897,7462.744110139258
2266,0.12109375,0.1494619255446015,0.87890625,0.1494619255446015,6104.6017581939695,7465.0751482917385
2267,0.11328125,0.13966687487554091,0.88671875,0.13966687487554091,6106.599609756469,7467.5378733484495
2268,0.1125,0.14043824404564806,0.8875,0.14043824404564806,6108.468750381469,7469.840325986511
2269,0.11015625,0.13787236511534862,0.88984375,0.13787236511534862,6110.32480506897,7472.14034280829
2270,0.10625,0.1360003446686809,0.89375,0.13600034466868088,6112.142578506469,7474.395065551952
2271,0.10703125,0.1358925931572431,0.89296875,0.1358925931572431,6113.8957035064695,7476.584358091659
2272,0.10703125,0.1336280109576581,0.89296875,0.13362801095765814,6115.662109756469,7478.785401175496
2273,0.1109375,0.14083317924054686,0.8890625,0.14083317924054686,6117.427734756469,7480.973497608748
2274,0.1109375,0.14083317924054686,0.8890625,0.14083317924054686,6119.25859413147,7483.25480759005
2275,0.11484375,0.14577379737113252,0.88515625,0.14577379737113252,6121.088867568969,7485.53540550568
2276,0.11171875,0.1434950184239857,0.88828125,0.1434950184239857,6122.9835941314695,7487.896303916664
2277,0.11328125,0.14213597967703323,0.88671875,0.14213597967703323,6124.82695350647,7490.200495910519
2278,0.11484375,0.14400453009367448,0.88515625,0.1440045300936745,6126.69609413147,7492.521088062825
2279,0.11796875,0.14828116767647873,0.88203125,0.14828116767647873,6128.590820693969,7494.873060041358
2280,0.11796875,0.14566489528623566,0.88203125,0.14566489528623566,6130.5373050689695,7497.291168466126
2281,0.1203125,0.14902023771957956,0.8796875,0.14902023771957953,6132.48418006897,7499.691736990759
2282,0.11328125,0.13997244427475716,0.88671875,0.13997244427475716,6134.4689456939695,7502.143026902955
2283,0.11875,0.14677523207271723,0.88125,0.14677523207271723,6136.3380863189695,7504.448658068677
2284,0.11796875,0.14566489528623566,0.88203125,0.14566489528623566,6138.29765663147,7506.866182806055
2285,0.11796875,0.14679186476947556,0.88203125,0.14679186476947556,6140.244141006469,7509.266238656324
2286,0.121875,0.15171947412288575,0.878125,0.15171947412288575,6142.1906253814695,7511.675370953885
2287,0.12578125,0.15547463870757186,0.87421875,0.15547463870757183,6144.20175819397,7514.165007042852
2288,0.11640625,0.14346949534221554,0.88359375,0.1434694953422155,6146.277344131469,7516.725758029927
2289,0.11640625,0.1428299360253305,0.88359375,0.14282993602533048,6148.1974613189695,7519.090618615137
2290,0.11953125,0.14652551505625225,0.88046875,0.14652551505625222,6150.11855506897,7521.447566059169
2291,0.11328125,0.13997244427475716,0.88671875,0.13997244427475716,6152.090820693969,7523.863939811961
2292,0.11171875,0.13696629375506955,0.88828125,0.13696629375506955,6153.959961318969,7526.169544256407
2293,0.11875,0.14577379737113252,0.88125,0.14577379737113252,6155.80332069397,7528.428567963538
2294,0.13046875,0.161164887905989,0.86953125,0.161164887905989,6157.76250038147,7530.83352312571
2295,0.13359375,0.1646640756585965,0.86640625,0.1646640756585965,6159.91543006897,7533.488742631372
2296,0.13984375,0.17181106765499712,0.86015625,0.17181106765499712,6162.11992225647,7536.203958277198
2297,0.15234375,0.18661902410057235,0.84765625,0.18661902410057235,6164.42734413147,7539.0388080078355
2298,0.15859375,0.19427222966432953,0.84140625,0.19427222966432953,6166.94082069397,7542.113233362037
2299,0.16640625,0.20380894469453495,0.83359375,0.20380894469453495,6169.557617568969,7545.304750717584
2300,0.16328125,0.20007322878136394,0.83671875,0.20007322878136394,6172.30332069397,7548.65977194473
2301,0.16640625,0.20398854900459487,0.83359375,0.20398854900459487,6174.99746131897,7551.95782590242
2302,0.17421875,0.21354865334098927,0.82578125,0.21354865334098927,6177.74277381897,7555.321452019769
2303,0.17578125,0.21608307321780204,0.82421875,0.21608307321780204,6180.61757850647,7558.843260654315
2304,0.1828125,0.22525755658107235,0.8171875,0.22525755658107233,6183.51816444397,7562.408651804258
2305,0.18359375,0.2254281949840126,0.81640625,0.2254281949840126,6186.53457069397,7566.122993779121
2306,0.184375,0.22593393410049098,0.815625,0.22593393410049098,6189.56386756897,7569.842542329102
2307,0.18125,0.2219850079397255,0.81875,0.2219850079397255,6192.60605506897,7573.567252268093
2308,0.18359375,0.22488603884801298,0.81640625,0.22488603884801298,6195.596680068969,7577.219921805846
2309,0.19296875,0.23634071505720294,0.80703125,0.23634071505720297,6198.625976943969,7580.924410607888
2310,0.19453125,0.2382543529901395,0.80546875,0.2382543529901395,6201.80996131897,7584.814726799367
2311,0.1921875,0.235393619815831,0.8078125,0.23539361981583104,6205.01933631897,7588.736155689812
2312,0.18671875,0.22868616766488087,0.81328125,0.22868616766488084,6208.190430068969,7592.612254767848
2313,0.1859375,0.22773940013752564,0.8140625,0.22773940013752558,6211.27128944397,7596.373673696866
2314,0.1875,0.2296928145643655,0.8125,0.2296928145643655,6214.33925819397,7600.11785328424
2315,0.18359375,0.22488603884801298,0.81640625,0.22488603884801298,6217.43339881897,7603.891046771583
2316,0.178125,0.21821362812620115,0.821875,0.21821362812620115,6220.46250038147,7607.586209171975
2317,0.1796875,0.22012680560730216,0.8203125,0.22012680560730216,6223.40195350647,7611.18253141455
2318,0.18203125,0.22294526198991088,0.81796875,0.22294526198991088,6226.366211318969,7614.797058253294
2319,0.19375,0.23811597751935928,0.80625,0.23811597751935926,6229.370117568969,7618.467608993941
2320,0.1921875,0.2364285039922217,0.8078125,0.23642850399222173,6232.5666019439695,7622.347770070099
2321,0.1921875,0.235393619815831,0.8078125,0.23539361981583104,6235.738281631469,7626.194753068596
2322,0.1953125,0.23922074011255798,0.8046875,0.23922074011255798,6238.90898475647,7630.064497995213
2323,0.19296875,0.23649561471885688,0.80703125,0.23649561471885688,6242.131836318969,7634.004056713377
2324,0.18515625,0.22717589378882172,0.81484375,0.22717589378882172,6245.315430068969,7637.88208779373
2325,0.1875,0.2297592362466088,0.8125,0.2297592362466088,6248.37089881897,7641.597754713688
2326,0.178125,0.21850711962799976,0.821875,0.21850711962799976,6251.46464881897,7645.367637676188
2327,0.17109375,0.20972452169453146,0.82890625,0.20972452169453146,6254.403320693969,7648.971973040951
2328,0.16328125,0.2013504213740314,0.83671875,0.2013504213740314,6257.22695350647,7652.43138082608
2329,0.16484375,0.2042397296989496,0.83515625,0.20423972969894963,6259.920898818969,7655.750308614688
2330,0.165625,0.2029085385093491,0.834375,0.2029085385093491,6262.64043006897,7659.109391018479
2331,0.1515625,0.185888255033434,0.8484375,0.185888255033434,6265.37363319397,7662.453878620444
2332,0.146875,0.18071378116548004,0.853125,0.18071378116548004,6267.87460975647,7665.496724493791
2333,0.15390625,0.18898500477881833,0.84609375,0.18898500477881836,6270.29765663147,7668.435516858981
2334,0.15859375,0.1947115755579262,0.84140625,0.1947115755579262,6272.8371097564695,7671.52095518266
2335,0.15546875,0.19044561231490736,0.84453125,0.19044561231490736,6275.45371131897,7674.700586774265
2336,0.15390625,0.18882345425025993,0.84609375,0.18882345425025993,6278.01894569397,7677.829478754882
2337,0.15703125,0.1923589174564049,0.84296875,0.1923589174564049,6280.5587894439695,7680.945273651514
2338,0.15625,0.1919396267384617,0.84375,0.1919396267384617,6283.14980506897,7684.114598162634
2339,0.1625,0.20086786798944475,0.8375,0.20086786798944475,6285.72812538147,7687.281789517626
2340,0.16484375,0.20298071798818723,0.83515625,0.20298071798818723,6288.4093753814695,7690.589615403292
2341,0.16640625,0.2054494406326043,0.83359375,0.20544944063260429,6291.12871131897,7693.936498836545
2342,0.165625,0.20466066140840306,0.834375,0.20466066140840306,6293.87480506897,7697.322093203445
2343,0.16640625,0.20692951509813676,0.83359375,0.20692951509813676,6296.6076175689695,7700.692914209402
2344,0.165625,0.20820862152688346,0.834375,0.20820862152688346,6299.35293006897,7704.089399708768
2345,0.16171875,0.20860399085348294,0.83828125,0.20860399085348297,6302.0861331939695,7707.484629595208
2346,0.16171875,0.209392489941139,0.83828125,0.20939248994113902,6304.75429725647,7710.822754167661
2347,0.16640625,0.215625,0.83359375,0.215625,6307.422851943969,7714.16457657219
2348,0.1703125,0.2205506248574236,0.8296875,0.2205506248574236,6310.1681644439695,7717.603138191662
2349,0.16796875,0.21824718998763765,0.83203125,0.21824718998763765,6312.97832069397,7721.12255572673
2350,0.17578125,0.22809289157599805,0.82421875,0.22809289157599805,6315.750000381469,7724.596661356282
2351,0.184375,0.23617020808624442,0.815625,0.23617020808624442,6318.65019569397,7728.230728519595
2352,0.1875,0.23983229817937365,0.8125,0.23983229817937365,6321.692383193969,7732.030867922408
2353,0.19140625,0.24943784452494372,0.80859375,0.24943784452494372,6324.786133193969,7735.8940805421435
2354,0.19140625,0.24779299261177665,0.80859375,0.24779299261177665,6327.94472694397,7739.856313483647
2355,0.184375,0.23844640792665553,0.815625,0.2384464079266555,6331.102539443969,7743.811592537094
2356,0.1984375,0.25337564750780606,0.8015625,0.25337564750780606,6334.14531288147,7747.622018025042
2357,0.19921875,0.25464435984329203,0.80078125,0.25464435984329203,6337.41933631897,7751.708911308608
2358,0.2,0.25452928367871547,0.8,0.25452928367871547,6340.706055068969,7755.812864379528
2359,0.19609375,0.25097952636868615,0.80390625,0.25097952636868615,6344.00664100647,7759.929347118893
2360,0.1984375,0.2571416461250005,0.8015625,0.2571416461250005,6347.24199256897,7763.970835689115
2361,0.2,0.264131832613943,0.8,0.264131832613943,6350.5158206939695,7768.073133072138
2362,0.1984375,0.25965722597301233,0.8015625,0.2596572259730124,6353.816406631469,7772.226746436569
2363,0.19765625,0.25583522071100767,0.80234375,0.2558352207110076,6357.09062538147,7776.339129838494
2364,0.2015625,0.2592125809241808,0.7984375,0.2592125809241808,6360.35195350647,7780.425167821596
2365,0.21171875,0.27453351770548895,0.78828125,0.27453351770548895,6363.67753944397,7784.585215769137
2366,0.20234375,0.2637155635101956,0.79765625,0.2637155635101956,6367.1710941314695,7788.9643871061735
2367,0.2,0.2650660479307469,0.8,0.26506604793074684,6370.50937538147,7793.154181374199
2368,0.20078125,0.26836363943118297,0.79921875,0.268363639431183,6373.80898475647,7797.31080973116
2369,0.20234375,0.2672560219153163,0.79765625,0.2672560219153163,6377.122070693969,7801.49193984356
2370,0.20390625,0.27386573609389325,0.79609375,0.27386573609389325,6380.460937881469,7805.695461017019
2371,0.20390625,0.27488900458867027,0.79609375,0.27488900458867027,6383.825195693969,7809.945904914494
2372,0.2015625,0.2717649741447102,0.7984375,0.2717649741447102,6387.19023475647,7814.200740936246
2373,0.19765625,0.26587304594956596,0.80234375,0.2658730459495659,6390.515625381469,7818.405835012219
2374,0.190625,0.2544933117060741,0.809375,0.2544933117060741,6393.77695350647,7822.528331047722
2375,0.19921875,0.2592761483317546,0.80078125,0.2592761483317546,6396.92226600647,7826.498390886766
2376,0.19921875,0.2627835150485091,0.80078125,0.2627835150485091,6400.20957069397,7830.62472362129
2377,0.20390625,0.2681224504540789,0.79609375,0.2681224504540789,6403.49648475647,7834.763287926476
2378,0.19921875,0.265625,0.80078125,0.265625,6406.86074256897,7838.996599097023
2379,0.19921875,0.26465816691063965,0.80078125,0.26465816691063965,6410.14785194397,7843.145457715903
2380,0.19921875,0.26465816691063965,0.80078125,0.26465816691063965,6413.4347660064695,7847.291162458054
2381,0.2015625,0.2697361087421834,0.7984375,0.2697361087421834,6416.72207069397,7851.437535304698
2382,0.196875,0.2665608514017015,0.803125,0.26656085140170155,6420.04843788147,7855.639909732514
2383,0.203125,0.2705088701468494,0.796875,0.2705088701468494,6423.29648475647,7859.753294654547
2384,0.2109375,0.2774922577748792,0.7890625,0.2774922577748792,6426.64785194397,7863.983532110647
2385,0.2125,0.2839884048029074,0.7875,0.28398840480290743,6430.12871131897,7868.365685342654
2386,0.21875,0.29199316732695135,0.78125,0.29199316732695135,6433.634766006469,7872.794891548851
2387,0.21875,0.2864216359069702,0.78125,0.2864216359069702,6437.24394569397,7877.353639589965
2388,0.20859375,0.27436894924991057,0.79140625,0.27436894924991057,6440.85332069397,7881.893384730463
2389,0.2078125,0.27579784829653764,0.7921875,0.27579784829653764,6444.29531288147,7886.227349316196
2390,0.2109375,0.27933374975108183,0.7890625,0.27933374975108183,6447.72402381897,7890.553534751056
2391,0.21171875,0.2816446883375399,0.78828125,0.2816446883375399,6451.20449256897,7894.943132884739
2392,0.2203125,0.28998585633613233,0.7796875,0.2899858563361324,6454.69785194397,7899.35364063701
2393,0.2171875,0.2882971286277406,0.7828125,0.28829712862774054,6458.3332035064695,7903.932797199084
2394,0.2140625,0.28673471515496685,0.7859375,0.2867347151549669,6461.91679725647,7908.4556334227445
2395,0.2078125,0.27579784829653764,0.7921875,0.27579784829653764,6465.44902381897,7912.922724232577
2396,0.20546875,0.2708087929587036,0.79453125,0.2708087929587036,6468.87753944397,7917.250147187626
2397,0.1984375,0.25965722597301233,0.8015625,0.2596572259730124,6472.26816444397,7921.523369910367
2398,0.20078125,0.2594597000258421,0.79921875,0.2594597000258422,6475.541992568969,7925.64249962635
2399,0.20078125,0.2571914869071292,0.79921875,0.2571914869071292,6478.85507850647,7929.798091800959
2400,0.2109375,0.2709034364399979,0.7890625,0.2709034364399979,6482.16835975647,7933.944126133982
2401,0.20078125,0.25511850034591765,0.79921875,0.25511850034591765,6485.648437881469,7938.302109344429
2402,0.19140625,0.24274130230298674,0.80859375,0.24274130230298674,6488.96132850647,7942.437901740201
2403,0.18515625,0.23040385738958452,0.81484375,0.23040385738958452,6492.11992225647,7946.378588095642
2404,0.19453125,0.24024421981860455,0.80546875,0.2402442198186046,6495.17441444397,7950.162144347643
2405,0.19765625,0.24346437592335765,0.80234375,0.2434643759233576,6498.38418006897,7954.121865566724
2406,0.1984375,0.24364981915650993,0.8015625,0.24364981915650996,6501.6457035064695,7958.1380388540265
2407,0.19296875,0.2363665387168835,0.80703125,0.2363665387168835,6504.91972694397,7962.157792765674
2408,0.19140625,0.23468729194398233,0.80859375,0.23468729194398233,6508.103516006469,7966.048981893548
2409,0.190625,0.23379354958622148,0.809375,0.23379354958622148,6511.2619144439695,7969.919181991188
2410,0.1890625,0.23239528471846194,0.8109375,0.23239528471846194,6514.407226943969,7973.7751110104955
2411,0.1984375,0.24405029578961793,0.8015625,0.24405029578961793,6517.52695350647,7977.6098295484935
2412,0.196875,0.2413240657031536,0.803125,0.24132406570315362,6520.800781631469,7981.636069833599
2413,0.1953125,0.23922074011255798,0.8046875,0.23922074011255798,6524.049805068969,7985.615267833395
2414,0.1875,0.22965295233378777,0.8125,0.22965295233378777,6527.2726566314695,7989.55243357757
2415,0.1875,0.2296928145643655,0.8125,0.2296928145643655,6530.366211318969,7993.331838355905
2416,0.19296875,0.23641817757418737,0.80703125,0.2364181775741874,6533.459961318969,7997.114808792148
2417,0.18671875,0.22884624853545232,0.81328125,0.2288462485354523,6536.64414100647,8000.993102335138
2418,0.1796875,0.22008521077073762,0.8203125,0.22008521077073762,6539.7248050689695,8004.741775329679
2419,0.18046875,0.22119724830171372,0.81953125,0.22119724830171372,6542.68984413147,8008.364305486933
2420,0.18046875,0.22111445353594597,0.81953125,0.22111445353594594,6545.66738319397,8012.010494353425
2421,0.17109375,0.20972452169453148,0.82890625,0.20972452169453146,6548.6447269439695,8015.636358247348
2422,0.1765625,0.2165965431395432,0.8234375,0.2165965431395432,6551.467773818969,8019.070618149008
2423,0.178125,0.2183813858539688,0.821875,0.2183813858539688,6554.38144569397,8022.610576640374
2424,0.1796875,0.2201961128744102,0.8203125,0.2201961128744102,6557.320312881469,8026.184522267774
2425,0.1796875,0.22008521077073762,0.8203125,0.22008521077073762,6560.285156631469,8029.7936039555125
2426,0.18125,0.22203999147113115,0.81875,0.22203999147113115,6563.2501956939695,8033.409669409144
2427,0.1796875,0.22008521077073762,0.8203125,0.22008521077073762,6566.2404300689695,8037.053055803526
2428,0.18125,0.22265762060981653,0.81875,0.22265762060981653,6569.20566444397,8040.669364441161
2429,0.16875,0.20720658848719073,0.83125,0.20720658848719073,6572.19589881897,8044.296193866875
2430,0.18203125,0.22310946199399523,0.81796875,0.22310946199399523,6574.98085975647,8047.675880828777
2431,0.1859375,0.2277394001375256,0.8140625,0.2277394001375256,6577.98418006897,8051.330433002518
2432,0.184375,0.22582584983372694,0.815625,0.22582584983372694,6581.05214881897,8055.07880004171
2433,0.1921875,0.23549731288275882,0.8078125,0.23549731288275882,6584.09453163147,8058.789298063831
2434,0.19296875,0.23659882482009498,0.80703125,0.236598824820095,6587.26543006897,8062.669973970612
2435,0.19765625,0.24278655749443792,0.80234375,0.2427865574944379,6590.4494144439695,8066.571565420589
2436,0.2140625,0.2621835890649909,0.7859375,0.2621835890649909,6593.710937881469,8070.577709534347
2437,0.22109375,0.27080879295870364,0.77890625,0.2708087929587036,6597.24296913147,8074.8925931340245
2438,0.225,0.27556759606310754,0.775,0.27556759606310754,6600.8908206939695,8079.350549494573
2439,0.228125,0.2795696329852368,0.771875,0.2795696329852368,6604.60390663147,8083.883194936957
2440,0.234375,0.287432057189173,0.765625,0.287432057189173,6608.367187881469,8088.463903561635
2441,0.2296875,0.2814821090839967,0.7703125,0.2814821090839967,6612.2345706939695,8093.165107809856
2442,0.2265625,0.2774922577748792,0.7734375,0.2774922577748792,6616.024414443969,8097.7783192647485
2443,0.2265625,0.2774922577748792,0.7734375,0.2774922577748792,6619.762695693969,8102.345083542077
2444,0.22734375,0.2790539262400728,0.77265625,0.2790539262400728,6623.500976943969,8106.911861196359
2445,0.2359375,0.2890582769961794,0.7640625,0.2890582769961794,6627.2521488189695,8111.466434525506
2446,0.23125,0.28349150188431577,0.76875,0.28349150188431577,6631.14492225647,8116.208732660831
2447,0.234375,0.2881107642904027,0.765625,0.2881107642904027,6634.96035194397,8120.882813050798
2448,0.23828125,0.29258829463300473,0.76171875,0.29258829463300473,6638.82793006897,8125.637102759634
2449,0.2359375,0.29165434311762783,0.7640625,0.29165434311762783,6642.75957069397,8130.4646211273375
2450,0.2421875,0.29835159103815756,0.7578125,0.29835159103815756,6646.65214881897,8135.26904065117
2451,0.23828125,0.29433535428359603,0.76171875,0.29433535428359603,6650.64804725647,8140.189812576156
2452,0.22734375,0.28177468420042634,0.77265625,0.2817746842004264,6654.58046913147,8145.041290585164
2453,0.23046875,0.2859417690938139,0.76953125,0.2859417690938139,6658.3312503814695,8149.677665448214
2454,0.23203125,0.2910782755548754,0.76796875,0.2910782755548754,6662.1339847564695,8154.380717349601
2455,0.23359375,0.29294687418327237,0.76640625,0.29294687418327237,6665.96250038147,8159.138314552058
2456,0.2265625,0.28720900694768436,0.7734375,0.28720900694768436,6669.81679725647,8163.927436641955
2457,0.2265625,0.2899163908299684,0.7734375,0.2899163908299684,6673.55507850647,8168.589844590827
2458,0.225,0.2911202098146056,0.775,0.2911202098146056,6677.292969131469,8173.265039570022
2459,0.21640625,0.2748801230195628,0.78359375,0.2748801230195628,6681.00546913147,8177.922664435807
2460,0.23125,0.29097131583821967,0.76875,0.29097131583821967,6684.577148818969,8182.3804358685775
2461,0.22890625,0.29162295059288457,0.77109375,0.29162295059288457,6688.39218788147,8187.126954145553
2462,0.23125,0.29275930012981655,0.76875,0.29275930012981655,6692.1691410064695,8191.845355287238
2463,0.23359375,0.29923404823816424,0.76640625,0.29923404823816424,6695.984375381469,8196.602218753986
2464,0.2328125,0.2965623353529575,0.7671875,0.29656233535295745,6699.8390628814695,8201.425763693867
2465,0.2296875,0.2902887840151596,0.7703125,0.2902887840151596,6703.68046913147,8206.224833926788
2466,0.2375,0.30017084978808317,0.7625,0.30017084978808317,6707.4699222564695,8210.947175382114
2467,0.24765625,0.3103008557734735,0.75234375,0.3103008557734735,6711.38906288147,8215.831340548193
2468,0.240625,0.30328805215195176,0.759375,0.30328805215195176,6715.47500038147,8220.90735083347
2469,0.234375,0.299087152850135,0.765625,0.299087152850135,6719.44570350647,8225.851247740848
2470,0.240625,0.30929607579146556,0.759375,0.30929607579146556,6723.31308631897,8230.685825265668
2471,0.23515625,0.3057114205525368,0.76484375,0.30571142055253675,6727.283203506469,8235.659425395814
2472,0.23203125,0.30560359076342675,0.76796875,0.30560359076342675,6731.1632816314695,8240.535059746824
2473,0.23359375,0.3064890648538704,0.76640625,0.3064890648538704,6734.99179725647,8245.36147574822
2474,0.234375,0.31153170296636745,0.765625,0.31153170296636745,6738.84609413147,8250.216230921795
2475,0.23515625,0.31485828905636265,0.76484375,0.31485828905636265,6742.71328163147,8255.10223010943
2476,0.23515625,0.3128942825160761,0.76484375,0.31289428251607604,6746.59355506897,8260.01298687814
2477,0.228125,0.3044931271032648,0.771875,0.3044931271032648,6750.47343788147,8264.916846757375
2478,0.23046875,0.3038249007446559,0.76953125,0.3038249007446559,6754.2375003814695,8269.677936070086
2479,0.22890625,0.3039213122874077,0.77109375,0.3039213122874077,6758.03984413147,8274.474015887123
2480,0.221875,0.29267589529631577,0.778125,0.29267589529631577,6761.81699256897,8279.246493828687
2481,0.22265625,0.29310934126619026,0.77734375,0.29310934126619026,6765.47812538147,8283.8657413006
2482,0.22734375,0.29935640599876934,0.77265625,0.2993564059987693,6769.15214881897,8288.499132494342
2483,0.2234375,0.2926654680208702,0.7765625,0.29266546802087023,6772.90312538147,8293.230169886501
2484,0.2234375,0.29355046414543445,0.7765625,0.29355046414543445,6776.589844131469,8297.87435922504
2485,0.2265625,0.2980138517911122,0.7734375,0.2980138517911122,6780.27675819397,8302.522437447715
2486,0.23671875,0.30670008380541736,0.76328125,0.3067000838054173,6784.01503944397,8307.236921263844
2487,0.2453125,0.314771044644953,0.7546875,0.31477104464495304,6787.92070350647,8312.143741865098
2488,0.25234375,0.32059438815854213,0.74765625,0.32059438815854213,6791.96835975647,8317.215276030693
2489,0.25625,0.32247365444715015,0.74375,0.32247365444715015,6796.13222694397,8322.416527554476
2490,0.2484375,0.3125937359417172,0.7515625,0.31259373594171713,6800.36015663147,8327.680395226027
2491,0.253125,0.3147419578003543,0.746875,0.3147419578003543,6804.45937538147,8332.783754885793
2492,0.253125,0.31392643196694986,0.746875,0.31392643196694986,6808.6359378814695,8337.957061921748
2493,0.2640625,0.3261248562667372,0.7359375,0.3261248562667372,6812.812500381469,8343.123392189389
2494,0.26875,0.3328381738923587,0.73125,0.3328381738923587,6817.16953163147,8348.499443982731
2495,0.2671875,0.3299206817554789,0.7328125,0.3299206817554789,6821.60390663147,8353.980387462829
2496,0.265625,0.32905374513519825,0.734375,0.32905374513519825,6826.01250038147,8359.419372390676
2497,0.26328125,0.32763728634917305,0.73671875,0.32763728634917305,6830.39531288147,8364.837422633307
2498,0.26171875,0.3266708851236976,0.73828125,0.3266708851236976,6834.7394535064695,8370.22057896262
2499,0.25546875,0.3158569692123319,0.74453125,0.3158569692123319,6839.0578128814695,8375.579329050786
2500,0.2578125,0.3192245242380353,0.7421875,0.3192245242380353,6843.27304725647,8380.784179843353
