t,fC_mean,fC_std,fD_mean,fD_std,avgR_mean,avgR_std
0,0.496875,0.015896085897949847,0.503125,0.015896085897949847,0.0,0.0
1,0.34453125,0.022289597840136104,0.65546875,0.0222895978401361,9.9375,0.31792171795899693
2,0.25703125,0.015108655942041966,0.74296875,0.015108655942041966,16.828125,0.7338761603635862
3,0.2171875,0.038795965681047304,0.7828125,0.038795965681047304,21.96875,0.930179754133576
4,0.1828125,0.05543022429708363,0.8171875,0.05543022429708362,26.3125,1.626351601361157
5,0.15234375,0.050931268790645697,0.84765625,0.050931268790645697,29.96875,2.6380812451950755
6,0.14921875,0.05727154002534767,0.85078125,0.057271540025347664,33.015625,3.5796598782216726
7,0.14921875,0.06391942865338364,0.85078125,0.06391942865338364,36.0,4.640493474567117
8,0.153125,0.08353897153798938,0.846875,0.08353897153798938,38.984375,5.884425617148202
9,0.15703125,0.08884980084037893,0.84296875,0.08884980084037893,42.046875,7.515836145682661
10,0.16171875,0.09018616812945875,0.83828125,0.09018616812945875,45.1875,9.259259512442126
11,0.17265625,0.10450660677380641,0.82734375,0.10450660677380641,48.421875,11.040298165980392
12,0.18046875,0.11362824012156925,0.81953125,0.11362824012156926,51.875,13.08494632440271
13,0.18671875,0.11557220078267091,0.81328125,0.11557220078267091,55.484375,15.236370061673155
14,0.18671875,0.11381608657171446,0.81328125,0.11381608657171446,59.21875,17.450404051554223
15,0.18359375,0.11081639516560715,0.81640625,0.11081639516560715,62.953125,19.643452710127107
16,0.18515625,0.1109705056535294,0.81484375,0.11097050565352941,66.625,21.67511353776492
17,0.18125,0.11171055476934576,0.81875,0.11171055476934576,70.328125,23.69356988522941
18,0.19375,0.1210962701350665,0.80625,0.1210962701350665,73.953125,25.72444499522779
19,0.2,0.12491207845420715,0.8,0.12491207845420713,77.828125,27.827129228394185
20,0.21328125,0.135532802763759,0.78671875,0.135532802763759,81.828125,29.88840736023333
21,0.21796875,0.14197270864500686,0.78203125,0.14197270864500683,86.09375,32.18533821623986
22,0.23203125,0.1546717163664708,0.76796875,0.15467171636647084,90.453125,34.560910621231464
23,0.240625,0.15744852829575767,0.759375,0.15744852829575767,95.09375,37.17500446578655
24,0.2625,0.16738452176052598,0.7375,0.16738452176052598,99.90625,39.924532078895425
25,0.27578125,0.17494767632959576,0.72421875,0.17494767632959576,105.15625,43.02050859946044
26,0.2890625,0.17679395780293228,0.7109375,0.17679395780293228,110.671875,46.346094217514704
27,0.30703125,0.18993535598493766,0.69296875,0.18993535598493766,116.453125,49.810176780829636
28,0.315625,0.19356089561814907,0.684375,0.19356089561814907,122.59375,53.55475075215083
29,0.3296875,0.19656784074620395,0.6703125,0.19656784074620395,128.90625,57.38881914188512
30,0.3484375,0.20437416379798354,0.6515625,0.2043741637979835,135.5,61.3087568938973
31,0.3640625,0.21219820020884955,0.6359375,0.21219820020884955,142.46875,65.39430433197145
32,0.37734375,0.2223970530801836,0.62265625,0.2223970530801836,149.75,69.60639198153787
33,0.37265625,0.21623272600805596,0.62734375,0.21623272600805596,157.296875,73.97325517015423
34,0.38515625,0.2276187662174958,0.61484375,0.2276187662174958,164.75,78.19517785543908
35,0.3921875,0.22630103447206112,0.6078125,0.22630103447206112,172.453125,82.63987904985704
36,0.4015625,0.2270388311707383,0.5984375,0.2270388311707383,180.296875,87.06635568903036
37,0.41484375,0.23107573670498163,0.58515625,0.23107573670498163,188.328125,91.49287561915682
38,0.43828125,0.2445250099044063,0.56171875,0.24452500990440632,196.625,95.97563116408118
39,0.46875,0.25968778203955806,0.53125,0.25968778203955806,205.390625,100.67510156050875
40,0.47109375,0.25907126417623977,0.52890625,0.25907126417623977,214.765625,105.74873715631904
41,0.4859375,0.26030518447103584,0.5140625,0.26030518447103584,224.1875,110.83457593484196
42,0.4953125,0.2606074821750615,0.5046875,0.2606074821750615,233.90625,115.94103768187517
43,0.49921875,0.26225341841194366,0.50078125,0.2622534184119437,243.8125,121.0411821383016
44,0.50546875,0.26166160756786616,0.49453125,0.26166160756786616,253.796875,126.14023500342287
45,0.50859375,0.26236975935690454,0.49140625,0.2623697593569045,263.90625,131.18598699401454
46,0.5171875,0.2663203215525901,0.4828125,0.2663203215525901,274.078125,136.15741371146026
47,0.5328125,0.27301977020332246,0.4671875,0.27301977020332246,284.421875,141.16737074302972
48,0.546875,0.27906048781469406,0.453125,0.27906048781469406,295.078125,146.3644801007275
49,0.54453125,0.27654042991034783,0.45546875,0.27654042991034783,306.015625,151.649419341845
50,0.54453125,0.275124261698237,0.45546875,0.275124261698237,316.90625,156.87702003181505
51,0.55,0.27832024396928984,0.45,0.27832024396928984,327.796875,162.0209992538583
52,0.55546875,0.2820020327663881,0.44453125,0.282002032766388,338.796875,167.30117046997907
53,0.57265625,0.2880641543671305,0.42734375,0.2880641543671305,349.90625,172.70262668999854
54,0.571875,0.28723663208668215,0.428125,0.28723663208668215,361.359375,178.17913513994492
55,0.575,0.28879210326158505,0.425,0.28879210326158505,372.796875,183.6298727761397
56,0.59296875,0.29760805876290547,0.40703125,0.29760805876290547,384.296875,189.12730681631817
57,0.5984375,0.30122633465137144,0.4015625,0.3012263346513714,396.15625,194.76039716710247
58,0.621875,0.313819479981127,0.378125,0.313819479981127,408.125,200.44483611262913
59,0.62578125,0.3162316261954993,0.37421875,0.3162316261954993,420.5625,206.36972968929152
60,0.6203125,0.31282600183148934,0.3796875,0.3128260018314894,433.078125,212.31259889238203
61,0.62265625,0.31595357278601865,0.37734375,0.31595357278601865,445.484375,218.20466287947136
62,0.6296875,0.31990637363238794,0.3703125,0.31990637363238794,457.9375,224.10825674701837
63,0.62578125,0.31682938527699733,0.37421875,0.3168293852769973,470.53125,230.17286302907212
64,0.6328125,0.32030297241927835,0.3671875,0.32030297241927835,483.046875,236.25061487188503
65,0.625,0.31722021075173473,0.375,0.31722021075173473,495.703125,242.37157319328415
66,0.621875,0.31355680680500303,0.378125,0.31355680680500303,508.203125,248.46630630951503
67,0.615625,0.31101797011487137,0.384375,0.31101797011487137,520.640625,254.50936734510628
68,0.62109375,0.3142237614592904,0.37890625,0.3142237614592904,532.953125,260.5575517864887
69,0.62265625,0.3156443372789222,0.37734375,0.3156443372789222,545.375,266.62271905523403
70,0.63828125,0.32404080207012514,0.36171875,0.32404080207012514,557.828125,272.65220896002523
71,0.63203125,0.32244336954339753,0.36796875,0.32244336954339753,570.59375,278.85848943309264
72,0.628125,0.3208779308154037,0.371875,0.3208779308154037,583.234375,285.05568689101125
73,0.6453125,0.3290760028093814,0.3546875,0.3290760028093814,595.796875,291.2322679352663
74,0.6390625,0.32548791500223173,0.3609375,0.32548791500223173,608.703125,297.59227741024927
75,0.63828125,0.3280096523446375,0.36171875,0.3280096523446375,621.484375,303.92755789697446
76,0.64140625,0.3276354234558971,0.35859375,0.3276354234558971,634.25,310.32097168697766
77,0.64609375,0.3295412145838135,0.35390625,0.3295412145838135,647.078125,316.698297316922
78,0.65078125,0.3332798215510879,0.34921875,0.3332798215510879,660.0,323.0502814965497
79,0.65859375,0.33576121828335836,0.34140625,0.33576121828335836,673.015625,329.4428987475011
80,0.65390625,0.3306137019572465,0.34609375,0.3306137019572465,686.1875,335.9241000234465
81,0.6484375,0.32863613462973756,0.3515625,0.32863613462973756,699.265625,342.3829621541316
82,0.6515625,0.3288440781500786,0.3484375,0.3288440781500786,712.234375,348.7576745067322
83,0.65625,0.33171400285110064,0.34375,0.33171400285110064,725.265625,355.15156384391895
84,0.65859375,0.3319678248245604,0.34140625,0.3319678248245604,738.390625,361.60374319113976
85,0.671875,0.3378398173506196,0.328125,0.3378398173506196,751.5625,368.0813024521128
86,0.66328125,0.3338178038569468,0.33671875,0.3338178038569468,765.0,374.61850060574125
87,0.66015625,0.33333841955754967,0.33984375,0.33333841955754967,778.265625,381.0647776246104
88,0.659375,0.33334208159093115,0.340625,0.33334208159093115,791.46875,387.50349796808285
89,0.63984375,0.3231996407988412,0.36015625,0.3231996407988412,804.65625,393.9381296599759
90,0.634375,0.32244526243321514,0.365625,0.32244526243321514,817.453125,400.20047954509624
91,0.63671875,0.3252008844304932,0.36328125,0.3252008844304932,830.140625,406.4735364569799
92,0.6296875,0.32296349626834764,0.3703125,0.32296349626834764,842.875,412.77237811269845
93,0.63125,0.32120303036981146,0.36875,0.32120303036981146,855.46875,419.05528750318257
94,0.62421875,0.31675231846033897,0.37578125,0.31675231846033897,868.09375,425.28220926760065
95,0.6203125,0.3153715721424888,0.3796875,0.3153715721424888,880.578125,431.51265382391307
96,0.62421875,0.3165595693349042,0.37578125,0.3165595693349042,892.984375,437.7118722464228
97,0.62734375,0.318004259380869,0.37265625,0.318004259380869,905.46875,443.97377995232586
98,0.634375,0.31938317932285504,0.365625,0.31938317932285504,918.015625,450.25584523898743
99,0.63984375,0.3226609790815663,0.36015625,0.3226609790815664,930.703125,456.53055639878175
100,0.63828125,0.3238618140648493,0.36171875,0.3238618140648493,943.5,462.90724363627913
101,0.63125,0.3214404682198167,0.36875,0.3214404682198167,956.265625,469.3040303995042
102,0.628125,0.3198682132193273,0.371875,0.3198682132193273,968.890625,475.65915767211266
103,0.6328125,0.32369592634813155,0.3671875,0.32369592634813155,981.453125,482.01799414512266
104,0.63046875,0.32024198919040114,0.36953125,0.32024198919040114,994.109375,488.43232812760897
105,0.63125,0.31984149822118924,0.36875,0.31984149822118924,1006.71875,494.8161871665389
106,0.62421875,0.31825175519940185,0.37578125,0.31825175519940185,1019.34375,501.19053233977917
107,0.62109375,0.3142431849648851,0.37890625,0.3142431849648851,1031.828125,507.4950151771813
108,0.61875,0.31376307243683094,0.38125,0.31376307243683094,1044.25,513.6951232856898
109,0.61015625,0.310731322975533,0.38984375,0.31073132297553296,1056.625,519.9072755745129
110,0.6046875,0.30687714803219707,0.3953125,0.3068771480321971,1068.828125,526.0474414390125
111,0.615625,0.3123398026889144,0.384375,0.3123398026889144,1080.921875,532.1483612846786
112,0.59140625,0.29936863902428057,0.40859375,0.29936863902428057,1093.234375,538.3529220245244
113,0.5984375,0.30036395565942164,0.4015625,0.3003639556594216,1105.0625,544.2888592509381
114,0.5890625,0.29727974054856987,0.4109375,0.29727974054856987,1117.03125,550.257905174502
115,0.6,0.3016434476849282,0.4,0.3016434476849282,1128.8125,556.1507227944991
116,0.5921875,0.29701476972955404,0.4078125,0.29701476972955404,1140.8125,562.1413778676477
117,0.58828125,0.2952525567469738,0.41171875,0.2952525567469738,1152.65625,568.0553407170709
118,0.58828125,0.2956863539662847,0.41171875,0.2956863539662847,1164.421875,573.9345823220241
119,0.58671875,0.29478499513946604,0.41328125,0.294784995139466,1176.1875,579.833571976827
120,0.59296875,0.297956500469238,0.40703125,0.297956500469238,1187.921875,585.7143796020858
121,0.590625,0.2996315282716006,0.409375,0.2996315282716006,1199.78125,591.6401234234636
122,0.60625,0.3068174748781839,0.39375,0.3068174748781839,1211.59375,597.549468810559
123,0.60703125,0.3078521548060854,0.39296875,0.3078521548060854,1223.71875,603.6138837892357
124,0.60703125,0.3094736269559169,0.39296875,0.3094736269559169,1235.859375,609.6771025990674
125,0.60625,0.3074533914118122,0.39375,0.30745339141181216,1248.0,615.7444831703225
126,0.59140625,0.30134990887359664,0.40859375,0.30134990887359664,1260.125,621.8054169613674
127,0.5921875,0.30141066449592485,0.4078125,0.30141066449592485,1271.953125,627.7433250373167
128,0.5734375,0.29312391724213666,0.4265625,0.2931239172421367,1283.796875,633.7086509563169
129,0.57734375,0.2943498695483404,0.42265625,0.2943498695483404,1295.265625,639.5122702870182
130,0.58515625,0.299529660598287,0.41484375,0.299529660598287,1306.8125,645.3379845149459
131,0.5828125,0.2955087806700928,0.4171875,0.29550878067009273,1318.515625,651.2489709534816
132,0.5875,0.2959958198870805,0.4125,0.2959958198870805,1330.171875,657.0837679664595
133,0.58984375,0.29680303404046426,0.41015625,0.29680303404046426,1341.921875,662.9296561505649
134,0.59609375,0.3018558320777901,0.40390625,0.3018558320777901,1353.71875,668.7540442342666
135,0.59609375,0.3035395039673584,0.40390625,0.3035395039673584,1365.640625,674.6384618439855
136,0.6,0.3112141514245054,0.4,0.3112141514245054,1377.5625,680.5775860149506
137,0.5984375,0.3100430760142452,0.4015625,0.3100430760142452,1389.5625,686.5432077967672
138,0.60546875,0.31244140075580573,0.39453125,0.31244140075580573,1401.53125,692.4880812517868
139,0.61640625,0.3139458738680125,0.38359375,0.31394587386801254,1413.640625,698.4910224878297
140,0.6140625,0.31635705636096534,0.3859375,0.31635705636096534,1425.96875,704.627278122426
141,0.61484375,0.3175048443282008,0.38515625,0.3175048443282008,1438.25,710.7675116143156
142,0.621875,0.32151451294031813,0.378125,0.32151451294031813,1450.546875,716.9228661411865
143,0.63046875,0.3242855729330246,0.36953125,0.3242855729330246,1462.984375,723.1317952225021
144,0.63046875,0.32649894716522443,0.36953125,0.32649894716522443,1475.59375,729.4510350256554
145,0.64296875,0.3304475096601955,0.35703125,0.3304475096601955,1488.203125,735.8000999655919
146,0.6421875,0.33127763740837535,0.3578125,0.33127763740837535,1501.0625,742.2513239004908
147,0.64375,0.3308056424048341,0.35625,0.3308056424048342,1513.90625,748.6974692027649
148,0.646875,0.3278700646550017,0.353125,0.3278700646550017,1526.78125,755.151485216708
149,0.64375,0.3312850069945439,0.35625,0.3312850069945439,1539.71875,761.6233283180612
150,0.65078125,0.33182070530446106,0.34921875,0.33182070530446106,1552.59375,768.0771197699243
151,0.6390625,0.32699395839697865,0.3609375,0.32699395839697865,1565.609375,774.5848519504456
152,0.63828125,0.32676989526748784,0.36171875,0.32676989526748784,1578.390625,780.9701195543391
153,0.6328125,0.3218522443412505,0.3671875,0.3218522443412505,1591.15625,787.3707551431457
154,0.62421875,0.31649207940819785,0.37578125,0.31649207940819785,1603.8125,793.7191068053058
155,0.628125,0.32085890895084246,0.371875,0.32085890895084246,1616.296875,799.9855812299252
156,0.62421875,0.31965824951716015,0.37578125,0.31965824951716015,1628.859375,806.3096356336224
157,0.62265625,0.3177930641795459,0.37734375,0.3177930641795459,1641.34375,812.5784463332217
158,0.6328125,0.3209121673302915,0.3671875,0.3209121673302915,1653.796875,818.8282712467668
159,0.62578125,0.31843389656940574,0.37421875,0.31843389656940574,1666.453125,825.1684925005468
160,0.60859375,0.31469347375164136,0.39140625,0.3146934737516414,1678.96875,831.4479020176377
161,0.60703125,0.3173606362444782,0.39296875,0.3173606362444782,1691.140625,837.5762858796617
162,0.59609375,0.3081394995320707,0.40390625,0.3081394995320707,1703.28125,843.7171217552532
163,0.590625,0.30703621974349377,0.409375,0.3070362197434937,1715.203125,849.7014477408926
164,0.58359375,0.30586311659588833,0.41640625,0.30586311659588833,1727.015625,855.6732224244363
165,0.58125,0.30594093141589435,0.41875,0.3059409314158944,1738.6875,861.6086687393964
166,0.5765625,0.3092664740205847,0.4234375,0.3092664740205847,1750.3125,867.5219090578131
167,0.57265625,0.3119780797838608,0.42734375,0.3119780797838608,1761.84375,873.402656952608
168,0.56796875,0.31370470913145376,0.43203125,0.31370470913145376,1773.296875,879.2866529559096
169,0.57890625,0.3160192463482248,0.42109375,0.3160192463482248,1784.65625,885.1286770308279
170,0.5890625,0.3156714074793598,0.4109375,0.3156714074793598,1796.234375,891.0821570677596
171,0.59140625,0.3176009466738489,0.40859375,0.3176009466738489,1808.015625,897.1113726519168
172,0.58828125,0.3093158087315454,0.41171875,0.3093158087315454,1819.84375,903.1827849701334
173,0.6015625,0.31065863751471645,0.3984375,0.31065863751471645,1831.609375,909.1894255990298
174,0.6015625,0.30971414491834237,0.3984375,0.30971414491834237,1843.640625,915.3021969909207
175,0.60625,0.3141693692550644,0.39375,0.3141693692550644,1855.671875,921.3900559773294
176,0.61953125,0.3174663952442447,0.38046875,0.3174663952442447,1867.796875,927.5568262999443
177,0.61640625,0.31859677689832333,0.38359375,0.31859677689832333,1880.1875,933.8435081714207
178,0.61796875,0.31606752702646473,0.38203125,0.3160675270264647,1892.515625,940.124001493204
179,0.62890625,0.32042680887177655,0.37109375,0.32042680887177655,1904.875,946.3796141208016
180,0.625,0.31878446504848695,0.375,0.31878446504848695,1917.453125,952.7361535192501
181,0.634375,0.32135501080386164,0.365625,0.32135501080386164,1929.953125,959.0464046893958
182,0.640625,0.3241293174847425,0.359375,0.3241293174847425,1942.640625,965.4294292749503
183,0.64375,0.324791474569646,0.35625,0.3247914745696461,1955.453125,971.8681526085148
184,0.646875,0.32604062666234557,0.353125,0.32604062666234557,1968.328125,978.3243439538118
185,0.64765625,0.3266933051426062,0.35234375,0.3266933051426062,1981.265625,984.8227669607454
186,0.6453125,0.3263100848646499,0.3546875,0.32631008486464985,1994.21875,991.3404553620819
187,0.6484375,0.32715630820756003,0.3515625,0.32715630820756003,2007.125,997.8493479925025
188,0.653125,0.3286027028618678,0.346875,0.3286027028618678,2020.09375,1004.3735371605713
189,0.65234375,0.32762238290637286,0.34765625,0.32762238290637286,2033.15625,1010.9263590962622
190,0.64375,0.3226231444880776,0.35625,0.3226231444880776,2046.203125,1017.455376593674
191,0.63671875,0.3200646907267342,0.36328125,0.3200646907267342,2059.078125,1023.8805665461091
192,0.6359375,0.3199254521320162,0.3640625,0.31992545213201623,2071.8125,1030.2594442473883
193,0.65078125,0.3263119553241959,0.34921875,0.3263119553241959,2084.53125,1036.6296636554023
194,0.653125,0.3279891832010242,0.346875,0.3279891832010242,2097.546875,1043.1238503588631
195,0.65234375,0.3276689539144272,0.34765625,0.3276689539144272,2110.609375,1049.6617635558102
196,0.6609375,0.33271895692442144,0.3390625,0.3327189569244214,2123.65625,1056.1623153785508
197,0.6546875,0.32924474120230834,0.3453125,0.32924474120230834,2136.875,1062.7452772955814
198,0.6578125,0.33175631999914484,0.3421875,0.33175631999914484,2149.96875,1069.2604462222798
199,0.66015625,0.33375014630146604,0.33984375,0.33375014630146604,2163.125,1075.8027821011444
200,0.65390625,0.3304475096601955,0.34609375,0.3304475096601955,2176.328125,1082.374581134793
201,0.659375,0.3334793788133683,0.340625,0.3334793788133683,2189.40625,1088.882757988449
202,0.66171875,0.3334446021970891,0.33828125,0.3334446021970891,2202.59375,1095.4497622623435
203,0.65,0.33101959852760227,0.35,0.33101959852760227,2215.828125,1102.0505463626798
204,0.65390625,0.3321516325885664,0.34609375,0.3321516325885664,2228.828125,1108.5259746283716
205,0.65,0.32961529126297373,0.35,0.32961529126297373,2241.90625,1115.046980862802
206,0.659375,0.33396404360630655,0.340625,0.33396404360630655,2254.90625,1121.5165833715273
207,0.65703125,0.334539241205348,0.34296875,0.33453924120534795,2268.09375,1128.0412447267554
208,0.66171875,0.33613366365740577,0.33828125,0.33613366365740577,2281.234375,1134.5439928787882
209,0.66015625,0.3338415721753359,0.33984375,0.3338415721753359,2294.46875,1141.078850631881
210,0.6640625,0.334051756726222,0.3359375,0.334051756726222,2307.671875,1147.5866559055573
211,0.6734375,0.33782717070363805,0.3265625,0.33782717070363805,2320.953125,1154.1843302790585
212,0.678125,0.3401049642665481,0.321875,0.3401049642665481,2334.421875,1160.889283992018
213,0.6875,0.3440783233191609,0.3125,0.3440783233191609,2347.984375,1167.6283245523273
214,0.678125,0.34083100135459365,0.321875,0.34083100135459365,2361.734375,1174.4760357266102
215,0.665625,0.33402983060555386,0.334375,0.33402983060555386,2375.296875,1181.2672053558495
216,0.6625,0.3326382319568438,0.3375,0.3326382319568438,2388.609375,1187.905150252365
217,0.66015625,0.33248590195675964,0.33984375,0.33248590195675964,2401.859375,1194.484895683334
218,0.66484375,0.3362226260930026,0.33515625,0.3362226260930025,2415.0625,1201.0527175653422
219,0.67265625,0.33988774858859655,0.32734375,0.3398877485885965,2428.359375,1207.6985726103828
220,0.67734375,0.34284860509505505,0.32265625,0.34284860509505505,2441.8125,1214.4165118918093
221,0.67734375,0.34281299851832486,0.32265625,0.34281299851832486,2455.359375,1221.178566512119
222,0.66640625,0.3375198923535841,0.33359375,0.3375198923535841,2468.90625,1227.9354278784624
223,0.66015625,0.3372792970503081,0.33984375,0.3372792970503081,2482.234375,1234.5621600595011
224,0.675,0.34299811235358857,0.325,0.3429981123535886,2495.4375,1241.1229062262025
225,0.67890625,0.34308707383749537,0.32109375,0.34308707383749537,2508.9375,1247.7916367527073
226,0.68046875,0.3433627079616393,0.31953125,0.3433627079616393,2522.515625,1254.5502098377356
227,0.68203125,0.34324892457042017,0.31796875,0.34324892457042017,2536.125,1261.3147946609001
228,0.67421875,0.34025747087224256,0.32578125,0.34025747087224256,2549.765625,1268.091742533035
229,0.67265625,0.3384481040582515,0.32734375,0.33844810405825143,2563.25,1274.8294832744423
230,0.67265625,0.33748191502471653,0.32734375,0.33748191502471653,2576.703125,1281.5411439408729
231,0.6734375,0.3377097149365117,0.3265625,0.3377097149365117,2590.15625,1288.236885227611
232,0.67265625,0.3385382612008206,0.32734375,0.33853826120082053,2603.625,1294.946999284925
233,0.67109375,0.3377259804791823,0.32890625,0.3377259804791823,2617.078125,1301.6324848006373
234,0.67578125,0.34051209424648193,0.32421875,0.34051209424648193,2630.5,1308.287432991779
235,0.6734375,0.33901749413286186,0.3265625,0.33901749413286186,2644.015625,1315.0074825639658
236,0.66171875,0.33368247502772,0.33828125,0.33368247502772,2657.484375,1321.668425791573
237,0.66484375,0.33367150001442286,0.33515625,0.33367150001442286,2670.71875,1328.2157417530575
238,0.6765625,0.33962726581872077,0.3234375,0.33962726581872077,2684.015625,1334.8175464550272
239,0.6703125,0.33545204749989976,0.3296875,0.33545204749989976,2697.546875,1341.5651156290016
240,0.67578125,0.33818290285177044,0.32421875,0.33818290285177044,2710.953125,1348.2243597845302
241,0.66484375,0.3336074719074799,0.33515625,0.3336074719074799,2724.46875,1354.9296247724224
242,0.64453125,0.32331859227297,0.35546875,0.32331859227297,2737.765625,1361.5395380135749
243,0.6671875,0.3339366285315224,0.3328125,0.3339366285315224,2750.65625,1367.9385040916725
244,0.67734375,0.33905349930449763,0.32265625,0.33905349930449763,2764.0,1374.5666765711453
245,0.66875,0.3351225580384734,0.33125,0.3351225580384734,2777.546875,1381.3231992411186
246,0.66484375,0.3327556436176177,0.33515625,0.33275564361761767,2790.921875,1388.0007079724533
247,0.66875,0.3348948208253227,0.33125,0.3348948208253227,2804.21875,1394.6208225784997
248,0.6671875,0.3344571306843748,0.3328125,0.3344571306843749,2817.59375,1401.2759021008653
249,0.66328125,0.33264557139976325,0.33671875,0.33264557139976325,2830.9375,1407.9426991333735
250,0.6609375,0.33211304139648745,0.3390625,0.33211304139648745,2844.203125,1414.5530808198862
251,0.66796875,0.33504605560280815,0.33203125,0.33504605560280815,2857.421875,1421.1728735188344
252,0.671875,0.3371163907873659,0.328125,0.3371163907873659,2870.78125,1427.8557109009103
253,0.6578125,0.3305952402721869,0.3421875,0.3305952402721869,2884.21875,1434.5885793808077
254,0.6640625,0.3336312552101871,0.3359375,0.3336312552101871,2897.375,1441.1794287999305
255,0.6640625,0.33344826306433956,0.3359375,0.33344826306433956,2910.65625,1447.8405716102795
256,0.6671875,0.3352045055587335,0.3328125,0.3352045055587335,2923.9375,1454.493961682314
257,0.6609375,0.3323610494439744,0.3390625,0.3323610494439744,2937.28125,1461.1545447062144
258,0.64609375,0.32491547879313937,0.35390625,0.32491547879313937,2950.5,1467.7575217242543
259,0.63671875,0.3213872973872412,0.36328125,0.3213872973872412,2963.421875,1474.216226481677
260,0.63671875,0.3202648592620255,0.36328125,0.3202648592620255,2976.15625,1480.568186304459
261,0.64453125,0.32427992645725856,0.35546875,0.32427992645725856,2988.890625,1486.9083229439009
262,0.646875,0.32579717437099576,0.353125,0.32579717437099576,3001.78125,1493.3549322292008
263,0.65,0.32805616837574475,0.35,0.32805616837574475,3014.71875,1499.835621364315
264,0.6421875,0.324172624731022,0.3578125,0.324172624731022,3027.71875,1506.3460042991346
265,0.64453125,0.3249286279804382,0.35546875,0.3249286279804382,3040.5625,1512.7985859074029
266,0.65,0.32740434254240586,0.35,0.32740434254240586,3053.453125,1519.2806440197178
267,0.65234375,0.32864542062837265,0.34765625,0.32864542062837265,3066.453125,1525.8092608155926
268,0.66640625,0.3351881176574581,0.33359375,0.3351881176574581,3079.5,1532.3397362800497
269,0.665625,0.3349604250178296,0.334375,0.3349604250178296,3092.828125,1539.0021525288005
270,0.6546875,0.32905930969488617,0.3453125,0.32905930969488617,3106.140625,1545.6235994041874
271,0.65625,0.33027568976538374,0.34375,0.33027568976538374,3119.234375,1552.1533047182086
272,0.63046875,0.3168216794389235,0.36953125,0.3168216794389235,3132.359375,1558.717568233428
273,0.63671875,0.32075046278220704,0.36328125,0.32075046278220704,3144.96875,1565.0253620274218
274,0.62890625,0.31724907037885863,0.37109375,0.31724907037885863,3157.703125,1571.394753456752
275,0.6296875,0.3170989716358285,0.3703125,0.3170989716358285,3170.28125,1577.7039681242982
276,0.62734375,0.316185300941157,0.37265625,0.316185300941157,3182.875,1584.0232015124298
277,0.63203125,0.3177047045557793,0.36796875,0.3177047045557793,3195.421875,1590.3256338190715
278,0.640625,0.32233545644929446,0.359375,0.32233545644929446,3208.0625,1596.6605511276791
279,0.6484375,0.3256229006650177,0.3515625,0.3256229006650177,3220.875,1603.0960435372197
280,0.65,0.32870670164011717,0.35,0.32870670164011717,3233.84375,1609.6008188052208
281,0.6546875,0.3327941602928152,0.3453125,0.3327941602928152,3246.84375,1616.1396458785573
282,0.6375,0.32381281063003825,0.3625,0.3238128106300382,3259.9375,1622.7430491048078
283,0.6421875,0.32488730017115164,0.3578125,0.32488730017115164,3272.6875,1629.1772403482532
284,0.65,0.3290778575476098,0.35,0.3290778575476098,3285.53125,1635.6396087425555
285,0.6546875,0.33079826213929087,0.3453125,0.33079826213929087,3298.53125,1642.1876251783967
286,0.6546875,0.3301703366019955,0.3453125,0.3301703366019955,3311.625,1648.774942801994
287,0.6484375,0.32768758046441887,0.3515625,0.32768758046441887,3324.71875,1655.34115512294
288,0.63984375,0.3240577537019829,0.36015625,0.3240577537019829,3337.6875,1661.8708459131515
289,0.640625,0.3256229006650177,0.359375,0.3256229006650177,3350.484375,1668.3252220076033
290,0.64453125,0.32597884445351666,0.35546875,0.32597884445351666,3363.296875,1674.8029176557704
291,0.653125,0.3300483067152822,0.346875,0.3300483067152822,3376.1875,1681.3046861749676
292,0.6578125,0.3334262972579172,0.3421875,0.3334262972579172,3389.25,1687.8911031155305
293,0.66484375,0.3358230182839988,0.33515625,0.3358230182839988,3402.40625,1694.5438107533544
294,0.65390625,0.33115785864712616,0.34609375,0.33115785864712616,3415.703125,1701.2537390606872
295,0.6578125,0.33326150756106687,0.3421875,0.33326150756106687,3428.78125,1707.8643573439717
296,0.6453125,0.3267213280027415,0.3546875,0.3267213280027415,3441.9375,1714.5143813817497
297,0.65859375,0.3332248765614221,0.34140625,0.3332248765614221,3454.84375,1721.0339115221916
298,0.653125,0.33034405892285246,0.346875,0.3303440589228524,3468.015625,1727.685223625413
299,0.6625,0.33657824069505,0.3375,0.33657824069505,3481.078125,1734.2683753824153
300,0.675,0.33972609313883295,0.325,0.33972609313883295,3494.328125,1740.968583263396
301,0.68515625,0.34479245342307013,0.31484375,0.34479245342307013,3507.828125,1747.7524199623856
302,0.675,0.3420180088231832,0.325,0.3420180088231832,3521.53125,1754.6242875969203
303,0.67734375,0.3434089216954038,0.32265625,0.3434089216954038,3535.03125,1761.4350142909934
304,0.67734375,0.3415822987171247,0.32265625,0.3415822987171247,3548.578125,1768.277648804542
305,0.675,0.3421875,0.325,0.3421875,3562.125,1775.1020384953404
306,0.6921875,0.3519043476882248,0.3078125,0.35190434768822476,3575.625,1781.9263689817983
307,0.6875,0.349586460492072,0.3125,0.349586460492072,3589.46875,1788.9310284662668
308,0.68046875,0.34845326477789673,0.31953125,0.3484532647778967,3603.21875,1795.8814769624623
309,0.6765625,0.3422855881104622,0.3234375,0.34228558811046217,3616.828125,1802.7915545509293
310,0.66640625,0.33853104951300256,0.33359375,0.33853104951300256,3630.359375,1809.6252698245291
311,0.659375,0.3363678203200701,0.340625,0.3363678203200702,3643.6875,1816.3726874587423
312,0.6609375,0.3383669420909791,0.3390625,0.33836694209097906,3656.875,1823.0602290195495
313,0.66015625,0.33830921506810896,0.33984375,0.33830921506810896,3670.09375,1829.7775893171245
314,0.665625,0.3384408904493147,0.334375,0.3384408904493147,3683.296875,1836.4924077625617
315,0.671875,0.3417645073959919,0.328125,0.3417645073959919,3696.609375,1843.2378642537567
316,0.67421875,0.3463731589404338,0.32578125,0.3463731589404338,3710.046875,1850.04445852935
317,0.67734375,0.3454733081449637,0.32265625,0.3454733081449637,3723.53125,1856.911009464458
318,0.68125,0.34806068470077883,0.31875,0.34806068470077883,3737.078125,1863.7794791169217
319,0.67734375,0.34676940960456704,0.32265625,0.34676940960456704,3750.703125,1870.6953235768628
320,0.66796875,0.3435368657436928,0.33203125,0.3435368657436928,3764.25,1877.579411706899
321,0.66484375,0.34104403697506575,0.33515625,0.3410440369750657,3777.609375,1884.3829482626734
322,0.67109375,0.3416877057800734,0.32890625,0.34168770578007346,3790.90625,1891.1455220955863
323,0.68046875,0.3448349356032535,0.31953125,0.34483493560325346,3804.328125,1897.9393929873327
324,0.68203125,0.3465140999791711,0.31796875,0.3465140999791711,3817.9375,1904.8128839985504
325,0.6671875,0.3401659751136201,0.3328125,0.3401659751136201,3831.578125,1911.7119555712934
326,0.66171875,0.33913449696433123,0.33828125,0.33913449696433123,3844.921875,1918.469769718621
327,0.6546875,0.3347599273873368,0.3453125,0.3347599273873368,3858.15625,1925.182781374075
328,0.66640625,0.3389724822902296,0.33359375,0.3389724822902296,3871.25,1931.8172906446391
329,0.6734375,0.34177879416462487,0.3265625,0.34177879416462487,3884.578125,1938.5566351377818
330,0.671875,0.3404224598522768,0.328125,0.3404224598522768,3898.046875,1945.341673978025
331,0.665625,0.33824245591642543,0.334375,0.33824245591642543,3911.484375,1952.1167841512054
332,0.6703125,0.3420465605869689,0.3296875,0.3420465605869689,3924.796875,1958.8417602001205
333,0.67734375,0.34283080226895457,0.32265625,0.34283080226895457,3938.203125,1965.6376129861621
334,0.67578125,0.3424602936609951,0.32421875,0.3424602936609951,3951.75,1972.4725196616334
335,0.6890625,0.34944326535665987,0.3109375,0.34944326535665987,3965.265625,1979.2973166444149
336,0.68671875,0.35057500200563363,0.31328125,0.35057500200563363,3979.046875,1986.240189732499
337,0.68828125,0.350844753438932,0.31171875,0.350844753438932,3992.78125,1993.1925495422618
338,0.68984375,0.3516892132755496,0.31015625,0.3516892132755496,4006.546875,2000.1644746823322
339,0.68984375,0.3504635602045525,0.31015625,0.3504635602045525,4020.34375,2007.1565688055375
340,0.68515625,0.3485600961455571,0.31484375,0.3485600961455571,4034.140625,2014.1274639202875
341,0.69296875,0.35265109239693276,0.30703125,0.35265109239693276,4047.84375,2021.0635921358416
342,0.690625,0.35164408775511213,0.309375,0.35164408775511213,4061.703125,2028.075363775307
343,0.684375,0.34897834986124143,0.315625,0.34897834986124143,4075.515625,2035.0638232371086
344,0.67578125,0.3472741931592024,0.32421875,0.3472741931592024,4089.203125,2041.9941254324856
345,0.67734375,0.3461351908033911,0.32265625,0.3461351908033911,4102.71875,2048.867949386548
346,0.6796875,0.3473269156401862,0.3203125,0.3473269156401862,4116.265625,2055.7391286917646
347,0.68046875,0.3487421594100719,0.31953125,0.34874215941007186,4129.859375,2062.6318503073553
348,0.67265625,0.34248168005292634,0.32734375,0.34248168005292634,4143.46875,2069.532727325822
349,0.67109375,0.33962726581872077,0.32890625,0.33962726581872077,4156.921875,2076.3345909308773
350,0.67734375,0.3417877230917606,0.32265625,0.3417877230917606,4170.34375,2083.0996892682997
351,0.6765625,0.3416698424649153,0.3234375,0.3416698424649152,4183.890625,2089.9137543181732
352,0.68515625,0.34395058068438406,0.31484375,0.34395058068438406,4197.421875,2096.7226384893893
353,0.6765625,0.33895267518582145,0.3234375,0.33895267518582145,4211.125,2103.568978025798
354,0.675,0.33782536400113594,0.325,0.33782536400113594,4224.65625,2110.3219521436104
355,0.68125,0.3407414508511182,0.31875,0.3407414508511182,4238.15625,2117.043016633659
356,0.67421875,0.3375198923535841,0.32578125,0.3375198923535841,4251.78125,2123.806545837126
357,0.68515625,0.3439239616634031,0.31484375,0.3439239616634031,4265.265625,2130.4933107311817
358,0.6765625,0.3392766460841727,0.3234375,0.3392766460841727,4278.96875,2137.3369451925814
359,0.66640625,0.33461403547127994,0.33359375,0.33461403547127994,4292.5,2144.0858639276858
360,0.6640625,0.3341065657325893,0.3359375,0.3341065657325893,4305.828125,2150.757143549067
361,0.66953125,0.3371489783370995,0.33046875,0.3371489783370995,4319.109375,2157.41265110965
362,0.67578125,0.3411030905157193,0.32421875,0.3411030905157193,4332.5,2164.1429565368653
363,0.671875,0.3386968794835214,0.328125,0.3386968794835214,4346.015625,2170.9538441113204
364,0.66875,0.3369298569667357,0.33125,0.33692985696673566,4359.453125,2177.715486745442
365,0.6703125,0.33751989235358415,0.3296875,0.33751989235358415,4372.828125,2184.435827903962
366,0.68359375,0.3437588777262705,0.31640625,0.3437588777262705,4386.234375,2191.181711647172
367,0.6890625,0.3463379147189562,0.3109375,0.3463379147189562,4399.90625,2198.056679214406
368,0.69140625,0.34716872417727235,0.30859375,0.34716872417727235,4413.6875,2204.9809139887557
369,0.6921875,0.3477168135449809,0.3078125,0.34771681354498085,4427.515625,2211.9024486588037
370,0.69375,0.34878766037698355,0.30625,0.34878766037698355,4441.359375,2218.82404068803
371,0.69140625,0.34827455550990943,0.30859375,0.34827455550990943,4455.234375,2225.786842415754
372,0.69375,0.3492336056683621,0.30625,0.3492336056683621,4469.0625,2232.739804296821
373,0.69765625,0.3505854478582932,0.30234375,0.3505854478582932,4482.9375,2239.720991796467
374,0.68515625,0.344039295879664,0.31484375,0.344039295879664,4496.890625,2246.7291087241206
375,0.68671875,0.34560402004588286,0.31328125,0.34560402004588286,4510.59375,2253.608974438105
376,0.68203125,0.3422873712704721,0.31796875,0.3422873712704721,4524.328125,2260.5208132569733
377,0.68125,0.34256364885320945,0.31875,0.34256364885320945,4537.96875,2267.3616318380377
378,0.6828125,0.3438511924919339,0.3171875,0.34385119249193397,4551.59375,2274.2125335925
379,0.6734375,0.3410637226247098,0.3265625,0.3410637226247098,4565.25,2281.089127675295
380,0.6765625,0.3414107193643383,0.3234375,0.3414107193643383,4578.71875,2287.89752010443
381,0.6609375,0.33507702297848624,0.3390625,0.33507702297848624,4592.25,2294.7161992408983
382,0.6625,0.33596111835579273,0.3375,0.33596111835579273,4605.46875,2301.400995691266
383,0.66640625,0.3376826039576587,0.33359375,0.3376826039576587,4618.71875,2308.101790644547
384,0.65703125,0.3327189569244214,0.34296875,0.3327189569244214,4632.046875,2314.8374880737106
385,0.65390625,0.3300316627802551,0.34609375,0.3300316627802551,4645.1875,2321.475687294446
386,0.6359375,0.3231524256978044,0.3640625,0.32315242569780445,4658.265625,2328.061241471746
387,0.6328125,0.32114031748695926,0.3671875,0.32114031748695926,4670.984375,2334.502077050673
388,0.6328125,0.321168824860851,0.3671875,0.321168824860851,4683.640625,2340.901334760188
389,0.6390625,0.32468998134278027,0.3609375,0.32468998134278027,4696.296875,2347.307835314846
390,0.64765625,0.3276913056473653,0.35234375,0.3276913056473653,4709.078125,2353.7782311479095
391,0.634375,0.32212331137993566,0.365625,0.32212331137993566,4722.03125,2360.3158285591517
392,0.63984375,0.3274863576595596,0.36015625,0.32748635765955963,4734.71875,2366.712001851309
393,0.646875,0.33460491511445256,0.353125,0.33460491511445256,4747.515625,2373.1715244525953
394,0.6515625,0.33761752872610895,0.3484375,0.33761752872610895,4760.453125,2379.7284618725084
395,0.6546875,0.3349604250178295,0.3453125,0.3349604250178295,4773.484375,2386.3091325054484
396,0.640625,0.3263811547916408,0.359375,0.3263811547916408,4786.578125,2392.920722359204
397,0.63203125,0.3290481804814076,0.36796875,0.32904818048140766,4799.390625,2399.41715863913
398,0.62734375,0.3251314337598719,0.37265625,0.3251314337598719,4812.03125,2405.8933344636057
399,0.628125,0.3238881974588222,0.371875,0.32388819745882225,4824.578125,2412.3055239579353
400,0.62734375,0.3226912435624416,0.37265625,0.3226912435624416,4837.140625,2418.7102278908706
401,0.6375,0.32530784698881765,0.3625,0.32530784698881765,4849.6875,2425.109107262786
402,0.6375,0.3261136269097782,0.3625,0.3261136269097782,4862.4375,2431.5812743258953
403,0.64765625,0.33224166127139293,0.35234375,0.33224166127139293,4875.1875,2438.0678623383697
404,0.6453125,0.3280450051298221,0.3546875,0.3280450051298221,4888.140625,2444.6695467631394
405,0.6421875,0.33114864310174214,0.3578125,0.33114864310174214,4901.046875,2451.2142765754893
406,0.64296875,0.3316183093934953,0.35703125,0.3316183093934953,4913.890625,2457.7763791648067
407,0.64375,0.33022394153437756,0.35625,0.33022394153437756,4926.75,2464.3457438664122
408,0.64375,0.3331222883332411,0.35625,0.3331222883332411,4939.625,2470.900181321513
409,0.63984375,0.3327464723235244,0.36015625,0.33274647232352444,4952.5,2477.4843759361656
410,0.64296875,0.33131448369996597,0.35703125,0.33131448369996597,4965.296875,2484.0451753350762
411,0.6453125,0.332764814658942,0.3546875,0.332764814658942,4978.15625,2490.605396919404
412,0.63515625,0.3280096523446375,0.36484375,0.3280096523446375,4991.0625,2497.185402717803
413,0.63515625,0.32577843973608045,0.36484375,0.32577843973608045,5003.765625,2503.6716336064883
414,0.61953125,0.32136450719451737,0.38046875,0.32136450719451737,5016.46875,2510.133161269475
415,0.62109375,0.32136830567220687,0.37890625,0.32136830567220687,5028.859375,2516.4632466961752
416,0.60859375,0.3155940578892448,0.39140625,0.31559405788924483,5041.28125,2522.803067305542
417,0.62421875,0.3227271789472495,0.37578125,0.32272717894724956,5053.453125,2529.0252078524495
418,0.628125,0.3229162466395118,0.371875,0.3229162466395118,5065.9375,2535.3862723073753
419,0.6359375,0.3247726819205627,0.3640625,0.32477268192056274,5078.5,2541.757039174163
420,0.63828125,0.32282361730614595,0.36171875,0.32282361730614595,5091.21875,2548.1807185930465
421,0.62734375,0.31722598288719983,0.37265625,0.31722598288719983,5103.984375,2554.590090363845
422,0.63125,0.31732216968721233,0.36875,0.31732216968721233,5116.53125,2560.8801285329314
423,0.62421875,0.31417908283930995,0.37578125,0.31417908283931,5129.15625,2567.1800457324825
424,0.6234375,0.31434610950749814,0.3765625,0.31434610950749814,5141.640625,2573.4465642865566
425,0.625,0.3159477774045499,0.375,0.3159477774045499,5154.109375,2579.7164219873266
426,0.621875,0.3173779446742086,0.378125,0.31737794467420855,5166.609375,2586.023715802198
427,0.60859375,0.31674268378981546,0.39140625,0.31674268378981546,5179.046875,2592.330636399988
428,0.61875,0.32171567658803946,0.38125,0.32171567658803946,5191.21875,2598.5586020148685
429,0.61875,0.32089885356409426,0.38125,0.32089885356409426,5203.59375,2604.8917291146972
430,0.6203125,0.32057344553842104,0.3796875,0.32057344553842104,5215.96875,2611.2226568548067
431,0.6078125,0.31978424428139823,0.3921875,0.31978424428139823,5228.375,2617.553192455128
432,0.59609375,0.3124765616210278,0.40390625,0.3124765616210278,5240.53125,2623.799086996903
433,0.5859375,0.3048677351532956,0.4140625,0.3048677351532956,5252.453125,2629.924951493537
434,0.58515625,0.30500184105489425,0.41484375,0.30500184105489436,5264.171875,2635.911891639833
435,0.584375,0.30376060938261895,0.415625,0.30376060938261895,5275.875,2641.9077008488935
436,0.59453125,0.3053318507173793,0.40546875,0.3053318507173793,5287.5625,2647.8968854575182
437,0.60078125,0.30919541820768465,0.39921875,0.30919541820768465,5299.453125,2653.9491878150016
438,0.60078125,0.309027582709052,0.39921875,0.30902758270905206,5311.46875,2660.0594275698286
439,0.60703125,0.3127499000799201,0.39296875,0.3127499000799201,5323.484375,2666.1633086842635
440,0.6046875,0.31146704279907367,0.3953125,0.3114670427990737,5335.625,2672.3512358838025
441,0.59765625,0.30562755622652876,0.40234375,0.30562755622652876,5347.71875,2678.5294356232116
442,0.59296875,0.30184369985246506,0.40703125,0.30184369985246506,5359.671875,2684.600731468712
443,0.596875,0.3076716841608519,0.403125,0.3076716841608519,5371.53125,2690.6047158243823
444,0.590625,0.30749309252912493,0.409375,0.30749309252912493,5383.46875,2696.6874869631724
445,0.59921875,0.30825832244949203,0.40078125,0.30825832244949203,5395.28125,2702.7341139886416
446,0.60078125,0.30731439711128894,0.39921875,0.30731439711128894,5407.265625,2708.8304721513064
447,0.60703125,0.31613703824943545,0.39296875,0.31613703824943545,5419.28125,2714.940892326779
448,0.61796875,0.3149455092998232,0.38203125,0.3149455092998232,5431.421875,2721.1744978867523
449,0.60703125,0.31106702704160083,0.39296875,0.31106702704160083,5443.78125,2727.442878820116
450,0.59921875,0.30711771206249244,0.40078125,0.30711771206249244,5455.921875,2733.6043585461484
451,0.59375,0.3011412212837193,0.40625,0.3011412212837193,5467.90625,2739.6917891634043
452,0.58359375,0.2968297662907984,0.41640625,0.2968297662907984,5479.78125,2745.6798787517146
453,0.59453125,0.30180325557906923,0.40546875,0.30180325557906923,5491.453125,2751.569215192686
454,0.60390625,0.3061423599099772,0.39609375,0.3061423599099772,5503.34375,2757.5608173044548
455,0.61171875,0.3111749250572337,0.38828125,0.3111749250572337,5515.421875,2763.603911310968
456,0.59609375,0.3060925137162374,0.40390625,0.3060925137162374,5527.65625,2769.7529900654613
457,0.59765625,0.3072309703474326,0.40234375,0.3072309703474326,5539.578125,2775.8013445655993
458,0.59296875,0.30341682151476873,0.40703125,0.30341682151476873,5551.53125,2781.859220320052
459,0.59765625,0.3072508359172925,0.40234375,0.3072508359172925,5563.390625,2787.849728709078
460,0.59921875,0.30868372897068935,0.40078125,0.30868372897068935,5575.34375,2793.903509921899
461,0.61484375,0.31740871288549244,0.38515625,0.31740871288549244,5587.328125,2799.970242761798
462,0.603125,0.30960179502770163,0.396875,0.30960179502770163,5599.625,2806.2116647228454
463,0.62421875,0.31882658393709895,0.37578125,0.31882658393709895,5611.6875,2812.312379419042
464,0.6171875,0.3114141290398125,0.3828125,0.3114141290398125,5624.171875,2818.5881785589927
465,0.6203125,0.3131770010463332,0.3796875,0.3131770010463332,5636.515625,2824.793984727443
466,0.62890625,0.3183150371732774,0.37109375,0.3183150371732774,5648.921875,2831.0472999321514
467,0.6265625,0.3191155226510848,0.3734375,0.3191155226510848,5661.5,2837.397186927963
468,0.64609375,0.3271152618439715,0.35390625,0.3271152618439715,5674.03125,2843.747510987922
469,0.646875,0.32734841136299253,0.353125,0.32734841136299253,5686.953125,2850.272742140626
470,0.64453125,0.3244210588687177,0.35546875,0.3244210588687177,5699.890625,2856.8121192796843
471,0.65703125,0.3310730659537257,0.34296875,0.33107306595372565,5712.78125,2863.290063765425
472,0.65,0.32787006465500174,0.35,0.32787006465500174,5725.921875,2869.897938216837
473,0.665625,0.33741137435906776,0.334375,0.33741137435906776,5738.921875,2876.4381055904832
474,0.6609375,0.3331589306125156,0.3390625,0.3331589306125156,5752.234375,2883.172719957212
475,0.6578125,0.3331607626206904,0.3421875,0.3331607626206904,5765.453125,2889.8289011006723
476,0.66015625,0.33458120102319705,0.33984375,0.33458120102319705,5778.609375,2896.4608435911973
477,0.65859375,0.33166431930963725,0.34140625,0.33166431930963725,5791.8125,2903.1262115679656
478,0.653125,0.3296967563866454,0.346875,0.32969675638664536,5804.984375,2909.736777402645
479,0.6421875,0.3257597040237251,0.3578125,0.3257597040237251,5818.046875,2916.305125239143
480,0.6390625,0.3237864210932494,0.3609375,0.3237864210932494,5830.890625,2922.7669784891978
481,0.64765625,0.3274677196639006,0.35234375,0.3274677196639006,5843.671875,2929.2030586973706
482,0.659375,0.33251710776007454,0.340625,0.33251710776007454,5856.625,2935.6966528240523
483,0.6578125,0.3313144836999659,0.3421875,0.3313144836999659,5869.8125,2942.2749097477704
484,0.65859375,0.3337099109818286,0.34140625,0.3337099109818286,5882.96875,2948.8248834678834
485,0.65234375,0.33300867164478615,0.34765625,0.33300867164478615,5896.140625,2955.387696565667
486,0.6515625,0.3311928753809855,0.3484375,0.3311928753809855,5909.1875,2961.8853465575507
487,0.6453125,0.32640359471155495,0.3546875,0.3264035947115549,5922.21875,2968.3732333289477
488,0.65625,0.331078596573948,0.34375,0.331078596573948,5935.125,2974.7830896009514
489,0.6546875,0.3308720573868017,0.3453125,0.3308720573868017,5948.25,2981.321022313085
490,0.65,0.32652698670534874,0.35,0.32652698670534874,5961.34375,2987.8400962765677
491,0.6421875,0.3243984818090245,0.3578125,0.3243984818090245,5974.34375,2994.3150116779893
492,0.65,0.32998542522265284,0.35,0.32998542522265284,5987.1875,3000.718937699165
493,0.6546875,0.3337190557986238,0.3453125,0.3337190557986238,6000.1875,3007.193233166363
494,0.64921875,0.3292706932800503,0.35078125,0.3292706932800503,6013.28125,3013.7467268329124
495,0.65703125,0.33105462988568823,0.34296875,0.3310546298856882,6026.265625,3020.2691047063586
496,0.6453125,0.32653446350940507,0.3546875,0.32653446350940507,6039.40625,3026.800491417257
497,0.64453125,0.3243834295629171,0.35546875,0.3243834295629171,6052.3125,3033.230893345205
498,0.64140625,0.3235582504067081,0.35859375,0.32355825040670805,6065.203125,3039.6356884752395
499,0.65703125,0.3335525808905547,0.34296875,0.3335525808905546,6078.03125,3045.989468832465
500,0.6609375,0.33654922501675,0.3390625,0.33654922501674994,6091.171875,3052.4857078423856
501,0.65078125,0.3331057979925447,0.34921875,0.3331057979925447,6104.390625,3059.0492175240292
502,0.64609375,0.33099193957330747,0.35390625,0.33099193957330747,6117.40625,3065.5098930352315
503,0.65234375,0.33548297739974825,0.34765625,0.33548297739974825,6130.328125,3071.92837941605
504,0.64140625,0.32715071127941175,0.35859375,0.3271507112794117,6143.375,3078.39640158207
505,0.634375,0.3254222767468831,0.365625,0.3254222767468831,6156.203125,3084.7640231650266
506,0.62734375,0.31938317932285504,0.37265625,0.31938317932285504,6168.890625,3091.043748252891
507,0.6140625,0.3126503544546607,0.3859375,0.3126503544546607,6181.4375,3097.2285023866248
508,0.6125,0.311907641703638,0.3875,0.311907641703638,6193.71875,3103.2906680191663
509,0.62578125,0.3181174790368332,0.37421875,0.3181174790368332,6205.96875,3109.3752746545106
510,0.61640625,0.31417908283930995,0.38359375,0.31417908283931,6218.484375,3115.5709477664614
511,0.6125,0.31035789257625623,0.3875,0.31035789257625623,6230.8125,3121.637987436944
512,0.6125,0.3113886488377507,0.3875,0.3113886488377507,6243.0625,3127.6546999109414
513,0.61328125,0.30997022916523775,0.38671875,0.30997022916523775,6255.3125,3133.689014695031
514,0.60859375,0.30786008515436036,0.39140625,0.30786008515436036,6267.578125,3139.7528402645357
515,0.5984375,0.3014288887946874,0.4015625,0.3014288887946873,6279.75,3145.7539487776216
516,0.59296875,0.2979462580000796,0.40703125,0.2979462580000796,6291.71875,3151.6516778254295
517,0.6046875,0.3046614572203465,0.3953125,0.3046614572203465,6303.578125,3157.5063315671623
518,0.6125,0.3082860412070663,0.3875,0.3082860412070664,6315.671875,3163.4775549579385
519,0.6203125,0.31294304531236194,0.3796875,0.31294304531236194,6327.921875,3169.5503899317337
520,0.61484375,0.3112337627541797,0.38515625,0.3112337627541797,6340.328125,3175.6772951159323
521,0.61875,0.31168448276562466,0.38125,0.31168448276562466,6352.625,3181.7305619961953
522,0.61328125,0.3086876834885059,0.38671875,0.3086876834885059,6365.0,3187.8144062157326
523,0.61484375,0.31016313751798424,0.38515625,0.31016313751798424,6377.265625,3193.872752884982
524,0.628125,0.31572940723624404,0.371875,0.31572940723624404,6389.5625,3199.962819303042
525,0.61171875,0.3074057433029269,0.38828125,0.3074057433029269,6402.125,3206.169951105383
526,0.60625,0.30794928750019057,0.39375,0.3079492875001905,6414.359375,3212.224148920831
527,0.5953125,0.30569345156238625,0.4046875,0.30569345156238625,6426.484375,3218.21863825522
528,0.6046875,0.3085630918315167,0.3953125,0.3085630918315167,6438.390625,3224.1159488094077
529,0.609375,0.31044244509852387,0.390625,0.31044244509852387,6450.484375,3230.136253067184
530,0.61171875,0.31238865203761007,0.38828125,0.31238865203761007,6462.671875,3236.2155102238294
531,0.62265625,0.3154605852707672,0.37734375,0.3154605852707672,6474.90625,3242.338745869831
532,0.6234375,0.3154799326274573,0.3765625,0.3154799326274573,6487.359375,3248.585094425365
533,0.61953125,0.31260349848590147,0.38046875,0.31260349848590147,6499.828125,3254.8045321463574
534,0.62734375,0.3183783065690092,0.37265625,0.3183783065690092,6512.21875,3260.991662448494
535,0.634375,0.3212125312536468,0.365625,0.3212125312536468,6524.765625,3267.256954292254
536,0.63984375,0.3225096140766582,0.36015625,0.3225096140766582,6537.453125,3273.5696216624283
537,0.646875,0.3271059324066517,0.353125,0.3271059324066517,6550.25,3279.9211172155115
538,0.6484375,0.32679230849367463,0.3515625,0.32679230849367463,6563.1875,3286.3555853259586
539,0.64375,0.32398240632690994,0.35625,0.32398240632691,6576.15625,3292.7903849232443
540,0.65546875,0.32912236812943146,0.34453125,0.32912236812943146,6589.03125,3299.20143428738
541,0.66875,0.33473075409106795,0.33125,0.3347307540910679,6602.140625,3305.733871576401
542,0.6671875,0.3341193532070538,0.3328125,0.3341193532070539,6615.515625,3312.3850557150236
543,0.67421875,0.3373932846332674,0.32578125,0.3373932846332674,6628.859375,3319.021757426355
544,0.678125,0.33970093982152155,0.321875,0.33970093982152155,6642.34375,3325.7034452521048
545,0.67421875,0.3373028214518447,0.32578125,0.3373028214518447,6655.90625,3332.454232970612
546,0.66484375,0.3325446398605757,0.33515625,0.3325446398605757,6669.390625,3339.1733180897018
547,0.66328125,0.3318372595066368,0.33671875,0.3318372595066368,6682.6875,3345.7960374941745
548,0.659375,0.32982631852328737,0.340625,0.3298263185232874,6695.953125,3352.395219032184
549,0.65703125,0.3289739761031638,0.34296875,0.3289739761031638,6709.140625,3358.9697913321625
550,0.65390625,0.32802825954862486,0.34609375,0.32802825954862486,6722.28125,3365.5248238341296
551,0.65078125,0.32634936226381694,0.34921875,0.32634936226381694,6735.359375,3372.064231903365
552,0.6484375,0.3246373427332028,0.3515625,0.3246373427332028,6748.375,3378.5741937272196
553,0.64921875,0.3265625,0.35078125,0.3265625,6761.34375,3385.052447779613
554,0.65234375,0.3305527744835157,0.34765625,0.3305527744835157,6774.328125,3391.549382057926
555,0.6421875,0.32575033576344936,0.3578125,0.32575033576344936,6787.375,3398.116499782453
556,0.64609375,0.3268726099339007,0.35390625,0.3268726099339007,6800.21875,3404.593756382117
557,0.65234375,0.3304142611697852,0.34765625,0.3304142611697852,6813.140625,3411.1111203951705
558,0.66171875,0.3331149593937129,0.33828125,0.3331149593937129,6826.1875,3417.6980258499198
559,0.65234375,0.3283109592101671,0.34765625,0.3283109592101671,6839.421875,3424.324698409413
560,0.65234375,0.3281436006632615,0.34765625,0.3281436006632615,6852.46875,3430.8493734554777
561,0.64140625,0.3229445972463776,0.35859375,0.32294459724637753,6865.515625,3437.376553039078
562,0.6390625,0.3204325232449493,0.3609375,0.3204325232449493,6878.34375,3443.8080028577197
563,0.6328125,0.31779690534502536,0.3671875,0.31779690534502536,6891.125,3450.204931781453
564,0.61796875,0.3105053529631172,0.38203125,0.3105053529631172,6903.78125,3456.5563214024655
565,0.621875,0.31105525408478474,0.378125,0.31105525408478474,6916.140625,3462.755748607129
566,0.61875,0.3097988731368708,0.38125,0.3097988731368708,6928.578125,3468.937996524364
567,0.6328125,0.31726830867185585,0.3671875,0.31726830867185585,6940.953125,3475.094221688007
568,0.6234375,0.3132471536931741,0.3765625,0.3132471536931741,6953.609375,3481.391359338246
569,0.62734375,0.3151411823988576,0.37265625,0.3151411823988576,6966.078125,3487.58131954643
570,0.6296875,0.3164920794081978,0.3703125,0.3164920794081978,6978.625,3493.794659402626
571,0.6265625,0.3146663194212641,0.3734375,0.3146663194212641,6991.21875,3500.0223358662297
572,0.62734375,0.3144722917295338,0.37265625,0.3144722917295338,7003.75,3506.2538498474855
573,0.63203125,0.31692569244422264,0.36796875,0.3169256924442227,7016.296875,3512.519558511494
574,0.6328125,0.3178833192973485,0.3671875,0.3178833192973485,7028.9375,3518.820121900659
575,0.63046875,0.3176682010171934,0.36953125,0.3176682010171934,7041.59375,3525.1151956465374
576,0.6375,0.32039252049244216,0.3625,0.32039252049244216,7054.203125,3531.3734766160965
577,0.640625,0.32178586447842145,0.359375,0.32178586447842145,7066.953125,3537.7007572644156
578,0.6484375,0.3251351882294502,0.3515625,0.3251351882294502,7079.765625,3544.093263522685
579,0.6515625,0.32586086407295833,0.3484375,0.32586086407295833,7092.734375,3550.5665618540725
580,0.64375,0.32199823187111604,0.35625,0.32199823187111604,7105.765625,3557.0536607711542
581,0.64453125,0.3225625999079481,0.35546875,0.3225625999079481,7118.640625,3563.4676182489147
582,0.64609375,0.3235224073335184,0.35390625,0.3235224073335184,7131.53125,3569.879350981824
583,0.64609375,0.32333369409075663,0.35390625,0.32333369409075663,7144.453125,3576.2976826246013
584,0.6453125,0.32364312606152323,0.3546875,0.32364312606152323,7157.375,3582.719214401023
585,0.6359375,0.3201352405868885,0.3640625,0.3201352405868885,7170.28125,3589.1066767797092
586,0.63828125,0.3212410322191889,0.36171875,0.3212410322191889,7183.0,3595.3798310323946
587,0.63359375,0.32017336917383526,0.36640625,0.3201733691738352,7195.765625,3601.668979377716
588,0.6375,0.32235817799751104,0.3625,0.322358177997511,7208.4375,3607.9178237522565
589,0.62734375,0.3160115207551775,0.37265625,0.3160115207551775,7221.1875,3614.204185303648
590,0.62109375,0.3116688164893546,0.37890625,0.3116688164893546,7233.734375,3620.400614419172
591,0.6171875,0.30935921676911454,0.3828125,0.30935921676911454,7246.15625,3626.548958330491
592,0.6296875,0.31585503683948907,0.3703125,0.315855036839489,7258.5,3632.6558734380856
593,0.63046875,0.31707202331449874,0.36953125,0.31707202331449874,7271.09375,3638.88985508512
594,0.63984375,0.3226136851464147,0.36015625,0.32261368514641475,7283.703125,3645.1501687092955
595,0.6390625,0.3206895646493662,0.3609375,0.3206895646493662,7296.5,3651.4954748207915
596,0.64296875,0.3235695684470343,0.35703125,0.3235695684470343,7309.28125,3657.850109735631
597,0.63359375,0.31882658393709895,0.36640625,0.31882658393709895,7322.140625,3664.230837217815
598,0.628125,0.3168197529501199,0.371875,0.3168197529501199,7334.8125,3670.5068659955277
599,0.61796875,0.31421793417348093,0.38203125,0.31421793417348093,7347.375,3676.7375395274426
600,0.61875,0.31297424951483627,0.38125,0.31297424951483627,7359.734375,3682.8836141442252
601,0.6140625,0.3110846856414263,0.3859375,0.3110846856414262,7372.109375,3689.0190253818027
602,0.6015625,0.3042565060674545,0.3984375,0.3042565060674545,7384.390625,3695.1171319259074
603,0.59609375,0.3042625241362301,0.40390625,0.3042625241362301,7396.421875,3701.061188615368
604,0.5984375,0.30367821618347113,0.4015625,0.3036782161834711,7408.34375,3706.936840012228
605,0.60625,0.30452118858443167,0.39375,0.30452118858443167,7420.3125,3712.8261197381917
606,0.60390625,0.3045031493576873,0.39609375,0.3045031493576873,7432.4375,3718.8324033674785
607,0.596875,0.3016211892372202,0.403125,0.30162118923722026,7444.515625,3724.794744305655
608,0.59375,0.3002176131315,0.40625,0.3002176131315,7456.453125,3730.6874734963185
609,0.58671875,0.29677629938221145,0.41328125,0.2967762993822114,7468.328125,3736.557372443061
610,0.6078125,0.30790171613174716,0.3921875,0.30790171613174716,7480.0625,3742.3420588515446
611,0.6046875,0.3050618693652568,0.3953125,0.3050618693652568,7492.21875,3748.3150210555027
612,0.6015625,0.3058571300204967,0.3984375,0.3058571300204967,7504.3125,3754.258261136092
613,0.5875,0.3021791784014494,0.4125,0.3021791784014494,7516.34375,3760.1447087787765
614,0.58203125,0.2998005521905355,0.41796875,0.2998005521905355,7528.09375,3765.8672930348994
615,0.56875,0.2961195156995313,0.43125,0.2961195156995313,7539.734375,3771.5361380122067
616,0.57890625,0.30510188167745705,0.42109375,0.30510188167745705,7551.109375,3777.0516114408974
617,0.584375,0.3011675684679129,0.415625,0.3011675684679129,7562.6875,3782.653889242417
618,0.5828125,0.29908103064324393,0.4171875,0.2990810306432439,7574.375,3788.3477283298835
619,0.596875,0.3066781923643659,0.403125,0.3066781923643659,7586.03125,3794.0521030739474
620,0.5921875,0.3050938796348183,0.4078125,0.3050938796348183,7597.96875,3799.8886535393212
621,0.58671875,0.30115540851547895,0.41328125,0.3011554085154789,7609.8125,3805.688084420272
622,0.58984375,0.3015766674133213,0.41015625,0.3015766674133213,7621.546875,3811.422918231601
623,0.5828125,0.2988768853192314,0.4171875,0.29887688531923134,7633.34375,3817.196357055832
624,0.59375,0.3096254510240962,0.40625,0.3096254510240962,7645.0,3822.8896726453863
625,0.59140625,0.3061423599099772,0.40859375,0.3061423599099772,7656.875,3828.663516969319
626,0.596875,0.3082266408170699,0.403125,0.3082266408170699,7668.703125,3834.4220700554242
627,0.59765625,0.30958602335921914,0.40234375,0.30958602335921914,7680.640625,3840.2375673557576
628,0.59453125,0.3026816990462093,0.40546875,0.30268169904620923,7692.59375,3846.0528138690856
629,0.6015625,0.30673391295938407,0.3984375,0.30673391295938407,7704.484375,3851.8840093370827
630,0.590625,0.3019447868350686,0.409375,0.30194478683506853,7716.515625,3857.77898445091
631,0.6015625,0.3074097142607484,0.3984375,0.3074097142607484,7728.328125,3863.572858243653
632,0.60078125,0.3057713095599389,0.39921875,0.3057713095599389,7740.359375,3869.475545543426
633,0.603125,0.3067299332525683,0.396875,0.3067299332525683,7752.375,3875.385646321517
634,0.60625,0.3099150904380908,0.39375,0.3099150904380908,7764.4375,3881.335839177586
635,0.60234375,0.30803846401464213,0.39765625,0.30803846401464213,7776.5625,3887.28957523095
636,0.6015625,0.3077272248629864,0.3984375,0.3077272248629864,7788.609375,3893.2080915538827
637,0.58828125,0.2998880813372299,0.41171875,0.2998880813372299,7800.640625,3899.1292620842164
638,0.5953125,0.30250217909855626,0.4046875,0.30250217909855626,7812.40625,3904.9147365976705
639,0.60390625,0.30648109902977705,0.39609375,0.30648109902977705,7824.3125,3910.7708874443197
640,0.615625,0.3116061435079145,0.384375,0.3116061435079145,7836.390625,3916.716845540986
641,0.603125,0.30660056466027585,0.396875,0.30660056466027585,7848.703125,3922.782744985436
642,0.6015625,0.30833157375624054,0.3984375,0.30833157375624054,7860.765625,3928.7114386107683
643,0.60703125,0.3092072619771001,0.39296875,0.3092072619771001,7872.796875,3934.6066177975667
644,0.603125,0.3089307890480892,0.396875,0.3089307890480892,7884.9375,3940.5760846488233
645,0.6015625,0.3077272248629864,0.3984375,0.3077272248629864,7897.0,3946.5019075318264
646,0.59453125,0.30309479553124136,0.40546875,0.30309479553124136,7909.03125,3952.400711069081
647,0.609375,0.31090412823429187,0.390625,0.31090412823429187,7920.921875,3958.241377584578
648,0.62109375,0.3184779782908859,0.37890625,0.3184779782908859,7933.109375,3964.2252009500744
649,0.625,0.318334211045365,0.375,0.318334211045365,7945.53125,3970.309795724187
650,0.6296875,0.31901796334611005,0.3703125,0.31901796334611,7958.03125,3976.447009742373
651,0.62578125,0.31651136371286104,0.37421875,0.316511363712861,7970.625,3982.650294914434
652,0.625,0.31646893669146264,0.375,0.31646893669146264,7983.140625,3988.8152361674074
653,0.63203125,0.3197059806486266,0.36796875,0.31970598064862665,7995.640625,3994.970495053456
654,0.63046875,0.3201085478738033,0.36953125,0.3201085478738033,8008.28125,4001.199760867631
655,0.63125,0.31978424428139823,0.36875,0.31978424428139823,8020.890625,4007.4079256690156
656,0.62265625,0.31450140351435635,0.37734375,0.31450140351435635,8033.515625,4013.625447572112
657,0.62734375,0.3153928601760034,0.37265625,0.3153928601760034,8045.96875,4019.7667376961417
658,0.64140625,0.32316186926987533,0.35859375,0.32316186926987533,8058.515625,4025.9722118982095
659,0.6484375,0.32589457711141034,0.3515625,0.32589457711141034,8071.34375,4032.309683699146
660,0.65390625,0.3291613099511393,0.34609375,0.3291613099511393,8084.3125,4038.7286562347076
661,0.64296875,0.3224263330349663,0.35703125,0.3224263330349663,8097.390625,4045.1960672095943
662,0.63671875,0.3188323269908103,0.36328125,0.3188323269908103,8110.25,4051.5724201454914
663,0.6359375,0.3197823356401976,0.3640625,0.3197823356401976,8122.984375,4057.900140262183
664,0.6453125,0.3252234057872757,0.3546875,0.3252234057872757,8135.703125,4064.198461958224
665,0.65078125,0.32950416999922016,0.34921875,0.32950416999922016,8148.609375,4070.5832843589315
666,0.64765625,0.32643164244218115,0.35234375,0.32643164244218115,8161.625,4077.025087363123
667,0.6359375,0.31940037815021444,0.3640625,0.3194003781502145,8174.578125,4083.452114735747
668,0.64140625,0.32245283388136786,0.35859375,0.3224528338813678,8187.296875,4089.7672009908806
669,0.6296875,0.31973461590727864,0.3703125,0.3197346159072786,8200.125,4096.125726319971
670,0.6203125,0.3188552981712473,0.3796875,0.3188552981712473,8212.71875,4102.3355415553
671,0.621875,0.3175509770837983,0.378125,0.3175509770837983,8225.125,4108.428375284611
672,0.6359375,0.32475388818399853,0.3640625,0.32475388818399853,8237.5625,4114.553545929888
673,0.63671875,0.3238373132743508,0.36328125,0.3238373132743508,8250.28125,4120.825598977406
674,0.640625,0.3231675352806575,0.359375,0.3231675352806575,8263.015625,4127.12284645685
675,0.63828125,0.3202133993038861,0.36171875,0.3202133993038861,8275.828125,4133.477841233075
676,0.628125,0.31595164100400713,0.371875,0.31595164100400713,8288.59375,4139.823170594254
677,0.63359375,0.32120113015932084,0.36640625,0.32120113015932084,8301.15625,4146.082529073755
678,0.63984375,0.32446244606464086,0.36015625,0.324462446064641,8313.828125,4152.385176474913
679,0.625,0.319061964372714,0.375,0.319061964372714,8326.625,4158.766693226659
680,0.61953125,0.31748562036826955,0.38046875,0.31748562036826955,8339.125,4165.004625890757
681,0.6296875,0.32406717089208525,0.3703125,0.32406717089208525,8351.515625,4171.191081171483
682,0.62890625,0.32178586447842145,0.37109375,0.32178586447842145,8364.109375,4177.470063255335
683,0.63125,0.3214404682198167,0.36875,0.3214404682198167,8376.6875,4183.739816135929
684,0.64140625,0.32388819745882225,0.35859375,0.3238881974588222,8389.3125,4190.041636083032
685,0.64296875,0.3268912818602692,0.35703125,0.3268912818602692,8402.140625,4196.438667110054
686,0.65078125,0.3294856461450559,0.34921875,0.3294856461450559,8415.0,4202.842509094292
687,0.65078125,0.3313973728773359,0.34921875,0.3313973728773359,8428.015625,4209.334420217818
688,0.6625,0.33998829540974645,0.3375,0.33998829540974645,8441.03125,4215.824521374144
689,0.67109375,0.3419823157662908,0.32890625,0.3419823157662908,8454.28125,4222.462911970779
690,0.66796875,0.33793013677940886,0.33203125,0.33793013677940886,8467.703125,4229.177613049001
691,0.65546875,0.33407368140782207,0.34453125,0.33407368140782207,8481.0625,4235.865839547392
692,0.65234375,0.33246754423364394,0.34765625,0.33246754423364394,8494.171875,4242.409280171855
693,0.653125,0.33312228833324103,0.346875,0.33312228833324103,8507.21875,4248.9014882020165
694,0.65390625,0.33290418338089417,0.34609375,0.33290418338089417,8520.28125,4255.388226301211
695,0.66171875,0.33677765581036545,0.33828125,0.33677765581036545,8533.359375,4261.895646821322
696,0.66171875,0.33436769851841247,0.33828125,0.33436769851841247,8546.59375,4268.470575476764
697,0.6625,0.33548843532136097,0.3375,0.33548843532136097,8559.828125,4275.061968837685
698,0.65078125,0.33131448369996597,0.34921875,0.33131448369996597,8573.078125,4281.6737289170505
699,0.64609375,0.33084438609790556,0.35390625,0.33084438609790556,8586.09375,4288.169160153754
700,0.63828125,0.3298374214812124,0.36171875,0.3298374214812124,8599.015625,4294.6040173705915
701,0.63828125,0.3309366147296941,0.36171875,0.3309366147296941,8611.78125,4300.952281283635
702,0.640625,0.3293689219078661,0.359375,0.3293689219078661,8624.546875,4307.31847298692
703,0.64765625,0.33077796555998107,0.35234375,0.33077796555998107,8637.359375,4313.7399707395725
704,0.63828125,0.32677923429855515,0.36171875,0.32677923429855515,8650.3125,4320.231413683003
705,0.63515625,0.32289923508058205,0.36484375,0.32289923508058205,8663.078125,4326.638419284707
706,0.64609375,0.32852096643992906,0.35390625,0.32852096643992906,8675.78125,4333.0060901577035
707,0.64609375,0.3283630089169607,0.35390625,0.3283630089169607,8688.703125,4339.485774108656
708,0.64921875,0.3285005291567275,0.35078125,0.3285005291567275,8701.625,4345.978035096699
709,0.66328125,0.33677584347752737,0.33671875,0.33677584347752737,8714.609375,4352.490723207285
710,0.65703125,0.33395490549810763,0.34296875,0.33395490549810763,8727.875,4359.148579861507
711,0.6671875,0.33868246270935704,0.3328125,0.33868246270935704,8741.015625,4365.761704586093
712,0.66015625,0.33509159487090245,0.33984375,0.33509159487090245,8754.359375,4372.481690782761
713,0.6609375,0.3352864330501608,0.3390625,0.3352864330501608,8767.5625,4379.139068130555
714,0.65,0.33056754581136666,0.35,0.33056754581136666,8780.78125,4385.796217554353
715,0.66640625,0.33798973438090546,0.33359375,0.33798973438090546,8793.78125,4392.3514651114165
716,0.67109375,0.340112142581311,0.32890625,0.340112142581311,8807.109375,4399.062165622546
717,0.678125,0.3420108705098056,0.321875,0.3420108705098056,8820.53125,4405.811180054914
718,0.6765625,0.3424460353243632,0.3234375,0.3424460353243632,8834.09375,4412.6215326637
719,0.67421875,0.3404188739856017,0.32578125,0.3404188739856017,8847.625,4419.425158539693
720,0.66953125,0.3389274644697225,0.33046875,0.3389274644697225,8861.109375,4426.195584477801
721,0.66953125,0.33773682373909863,0.33046875,0.33773682373909863,8874.5,4432.9276431335775
722,0.6640625,0.3360555751797238,0.3359375,0.3360555751797238,8887.890625,4439.649603411763
723,0.6640625,0.3364549067807973,0.3359375,0.3364549067807973,8901.171875,4446.323326692323
724,0.65078125,0.3295689952896813,0.34921875,0.3295689952896813,8914.453125,4453.006429616628
725,0.64609375,0.3268259254509578,0.35390625,0.3268259254509578,8927.46875,4459.54438749554
726,0.646875,0.3263774146549896,0.353125,0.3263774146549896,8940.390625,4466.036876616759
727,0.64609375,0.3258440062457034,0.35390625,0.3258440062457034,8953.328125,4472.5414760382955
728,0.6375,0.3222445542354052,0.3625,0.32224455423540516,8966.25,4479.035511554863
729,0.634375,0.3214404682198167,0.365625,0.3214404682198167,8979.0,4485.439942528195
730,0.6328125,0.3190810933612723,0.3671875,0.3190810933612723,8991.6875,4491.833089443326
731,0.6453125,0.32445304034732825,0.3546875,0.3244530403473282,9004.34375,4498.2013551143245
732,0.64453125,0.3249192357580957,0.35546875,0.3249192357580957,9017.25,4504.682579287548
733,0.66640625,0.33715802987527227,0.33359375,0.33715802987527227,9030.140625,4511.169173075365
734,0.6609375,0.3334976808390127,0.3390625,0.3334976808390127,9043.46875,4517.885903399157
735,0.6640625,0.3335031712508518,0.3359375,0.3335031712508518,9056.6875,4524.536712730238
736,0.66015625,0.332843675183073,0.33984375,0.332843675183073,9069.96875,4531.196478563223
737,0.6484375,0.3271656362083662,0.3515625,0.3271656362083662,9083.171875,4537.828644047104
738,0.646875,0.32670451457509736,0.353125,0.32670451457509736,9096.140625,4544.345161384727
739,0.65546875,0.3331772502409566,0.34453125,0.3331772502409566,9109.078125,4550.853006784055
740,0.6515625,0.33145077936342976,0.3484375,0.33145077936342976,9122.1875,4557.471882091505
741,0.65078125,0.33163671412593937,0.34921875,0.33163671412593937,9135.21875,4564.046235849145
742,0.64140625,0.32731857749274634,0.35859375,0.32731857749274634,9148.234375,4570.604709301758
743,0.64375,0.32710406648725726,0.35625,0.32710406648725726,9161.0625,4577.063050789058
744,0.63828125,0.3270592812281896,0.36171875,0.3270592812281896,9173.9375,4583.531096064883
745,0.62890625,0.32299751172125923,0.37109375,0.32299751172125923,9186.703125,4589.972300433849
746,0.6375,0.3241330835619453,0.3625,0.32413308356194526,9199.28125,4596.3216907079795
747,0.63359375,0.3213151228982617,0.36640625,0.32131512289826164,9212.03125,4602.736337174962
748,0.6296875,0.3216568587262286,0.3703125,0.3216568587262286,9224.703125,4609.118847066836
749,0.6203125,0.3174740854335595,0.3796875,0.3174740854335595,9237.296875,4615.455608086253
750,0.621875,0.31585503683948907,0.378125,0.315855036839489,9249.703125,4621.696252829471
751,0.61953125,0.31868488918326515,0.38046875,0.31868488918326515,9262.140625,4627.946654649473
752,0.61875,0.31420045166760185,0.38125,0.31420045166760185,9274.53125,4634.190079756386
753,0.6109375,0.31224208106451634,0.3890625,0.31224208106451634,9286.90625,4640.396787212645
754,0.60078125,0.307185274661319,0.39921875,0.307185274661319,9299.125,4646.524539259995
755,0.6,0.30827812181636405,0.4,0.30827812181636405,9311.140625,4652.556868701758
756,0.5875,0.30320754352938684,0.4125,0.30320754352938684,9323.140625,4658.595192331657
757,0.58515625,0.3020660465599783,0.41484375,0.3020660465599784,9334.890625,4664.51726075474
758,0.590625,0.3048717391687035,0.409375,0.3048717391687035,9346.59375,4670.422700847306
759,0.59609375,0.306281886095146,0.40390625,0.306281886095146,9358.40625,4676.390049547601
760,0.61484375,0.3120465460071622,0.38515625,0.3120465460071622,9370.328125,4682.403317072384
761,0.60703125,0.3103598591756028,0.39296875,0.3103598591756028,9382.625,4688.577149052491
762,0.6,0.3056734847788977,0.4,0.3056734847788977,9394.765625,4694.691641304421
763,0.596875,0.303818874007401,0.403125,0.303818874007401,9406.765625,4700.729601158008
764,0.5859375,0.30029892334035263,0.4140625,0.30029892334035263,9418.703125,4706.724250517567
765,0.59296875,0.30088167966203927,0.40703125,0.30088167966203927,9430.421875,4712.618604639354
766,0.6015625,0.30517789061771006,0.3984375,0.30517789061771006,9442.28125,4718.5829992696
767,0.596875,0.30371841078024064,0.403125,0.30371841078024064,9454.3125,4724.634029725874
768,0.596875,0.3044009068800141,0.403125,0.30440090688001414,9466.25,4730.639367020148
769,0.603125,0.30727665923805536,0.396875,0.30727665923805536,9478.1875,4736.651677582604
770,0.6125,0.30960968056066174,0.3875,0.3096096805606618,9490.25,4742.719841259421
771,0.62890625,0.3156288675505617,0.37109375,0.3156288675505617,9502.5,4748.878654132962
772,0.63515625,0.3186370050945512,0.36484375,0.3186370050945512,9515.078125,4755.181431017594
773,0.65390625,0.3282793535761502,0.34609375,0.3282793535761502,9527.78125,4761.552825913501
774,0.65,0.32780490339148377,0.35,0.32780490339148377,9540.859375,4768.114443794433
775,0.65390625,0.33079826213929087,0.34609375,0.33079826213929087,9553.859375,4774.657014483557
776,0.64921875,0.3280450051298221,0.35078125,0.3280450051298221,9566.9375,4781.2468115287575
777,0.63125,0.31917289654766273,0.36875,0.31917289654766273,9579.921875,4787.786083723467
778,0.6171875,0.31145332528024966,0.3828125,0.31145332528024966,9592.546875,4794.147874164445
779,0.62421875,0.3172432986634627,0.37578125,0.31724329866346274,9604.890625,4800.3604696597395
780,0.615625,0.31231048941217937,0.384375,0.31231048941217937,9617.375,4806.665561470261
781,0.6125,0.3097870519859166,0.3875,0.3097870519859166,9629.6875,4812.8742658343435
782,0.625,0.31451498809178396,0.375,0.31451498809178396,9641.9375,4819.038807462753
783,0.634375,0.31980333006689443,0.365625,0.31980333006689443,9654.4375,4825.310879263943
784,0.61796875,0.31335235321539395,0.38203125,0.3133523532153939,9667.125,4831.687759466713
785,0.615625,0.31180195474752076,0.384375,0.31180195474752076,9679.484375,4837.914463783617
786,0.6234375,0.3138700436436631,0.3765625,0.3138700436436631,9691.796875,4844.12123753781
787,0.63828125,0.32024198919040114,0.36171875,0.32024198919040114,9704.265625,4850.386446276488
788,0.653125,0.32798918320102416,0.346875,0.32798918320102416,9717.03125,4856.782356247501
789,0.6546875,0.32931888456991804,0.3453125,0.32931888456991804,9730.09375,4863.331049795227
790,0.63515625,0.3205467893157331,0.36484375,0.3205467893157331,9743.1875,4869.911864035792
791,0.62890625,0.3179985013722549,0.37109375,0.3179985013722549,9755.890625,4876.3013333722165
792,0.62890625,0.3188993216420349,0.37109375,0.3188993216420349,9768.46875,4882.641956671693
793,0.63203125,0.3212486320496167,0.36796875,0.3212486320496167,9781.046875,4888.991023616622
794,0.61875,0.3158859533864635,0.38125,0.3158859533864635,9793.6875,4895.3763978534025
795,0.6125,0.31626057603363245,0.3875,0.3162605760336325,9806.0625,4901.641327565855
796,0.61484375,0.31575067114437777,0.38515625,0.31575067114437777,9818.3125,4907.86528062792
797,0.61796875,0.3151295616488558,0.38203125,0.31512956164885575,9830.609375,4914.100086650768
798,0.621875,0.31461588373264787,0.378125,0.31461588373264787,9842.96875,4920.3512232022595
799,0.6125,0.3113984491622028,0.3875,0.31139844916220283,9855.40625,4926.615680314778
800,0.62109375,0.31772967824473053,0.37890625,0.31772967824473053,9867.65625,4932.795675751322
801,0.63046875,0.32177258686260085,0.36953125,0.32177258686260085,9880.078125,4939.087997947075
802,0.6328125,0.3232902744632136,0.3671875,0.3232902744632136,9892.6875,4945.46935587537
803,0.6390625,0.32553479136741287,0.3609375,0.32553479136741287,9905.34375,4951.871952749362
804,0.62578125,0.3185392992336267,0.37421875,0.3185392992336267,9918.125,4958.331619233335
805,0.61640625,0.31463528303120264,0.38359375,0.3146352830312027,9930.640625,4964.651135966702
806,0.61328125,0.3141169107096114,0.38671875,0.3141169107096114,9942.96875,4970.890170228332
807,0.61484375,0.3133056022330673,0.38515625,0.3133056022330673,9955.234375,4977.106368436823
808,0.6140625,0.3126893957318108,0.3859375,0.3126893957318108,9967.53125,4983.3223000809785
809,0.63046875,0.3195646758189178,0.36953125,0.3195646758189178,9979.8125,4989.522130947496
810,0.63359375,0.3205068008248811,0.36640625,0.3205068008248811,9992.421875,4995.871048349655
811,0.63203125,0.3199445294939812,0.36796875,0.3199445294939812,10005.09375,5002.253287533201
812,0.6171875,0.3144082363146678,0.3828125,0.3144082363146678,10017.734375,5008.612751241059
813,0.61484375,0.3124472611747861,0.38515625,0.3124472611747861,10030.078125,5014.832394295057
814,0.6234375,0.31783147374532467,0.3765625,0.31783147374532467,10042.375,5021.010029885903
815,0.625,0.31997886587925617,0.375,0.31997886587925617,10054.84375,5027.273779136225
816,0.628125,0.31727215619047006,0.371875,0.31727215619047006,10067.34375,5033.533501598927
817,0.64296875,0.32334313236869594,0.35703125,0.32334313236869594,10079.90625,5039.825505557195
818,0.6421875,0.32293703732790546,0.3578125,0.32293703732790546,10092.765625,5046.262714068158
819,0.6390625,0.3203086890017191,0.3609375,0.3203086890017191,10105.609375,5052.678820698652
820,0.6375,0.3195818648787428,0.3625,0.31958186487874274,10118.390625,5059.069545336452
821,0.65,0.32613421376884855,0.35,0.32613421376884855,10131.140625,5065.422009398701
822,0.646875,0.3246335825059154,0.353125,0.3246335825059154,10144.140625,5071.890393923034
823,0.64296875,0.3235789998448988,0.35703125,0.3235789998448988,10157.078125,5078.313062527275
824,0.63359375,0.32052584358558356,0.36640625,0.32052584358558356,10169.9375,5084.705358956637
825,0.63125,0.3187710624168621,0.36875,0.3187710624168621,10182.609375,5091.024069686275
826,0.640625,0.32295971655242856,0.359375,0.32295971655242856,10195.234375,5097.308473050615
827,0.64765625,0.32648773067490605,0.35234375,0.32648773067490605,10208.046875,5103.697957300713
828,0.65078125,0.32806547079051157,0.34921875,0.32806547079051157,10221.0,5110.150282445682
829,0.65078125,0.32943006833298477,0.34921875,0.32943006833298477,10234.015625,5116.642120889609
830,0.64296875,0.3250375579260034,0.35703125,0.3250375579260034,10247.03125,5123.146477181787
831,0.63984375,0.32314298184975326,0.36015625,0.3231429818497533,10259.890625,5129.582876779173
832,0.6390625,0.3224831178963094,0.3609375,0.3224831178963094,10272.6875,5135.99318440303
833,0.65,0.3268632735707317,0.35,0.3268632735707317,10285.46875,5142.398431986847
834,0.6390625,0.32322985484404126,0.3609375,0.32322985484404126,10298.46875,5148.902637988825
835,0.63828125,0.32232220147315327,0.36171875,0.32232220147315327,10311.25,5155.282575438246
836,0.63515625,0.32020386877444973,0.36484375,0.32020386877444973,10324.015625,5161.651154251283
837,0.63359375,0.3192570262783969,0.36640625,0.3192570262783968,10336.71875,5167.988983567723
838,0.63359375,0.3194481478121684,0.36640625,0.3194481478121684,10349.390625,5174.3033221044
839,0.63203125,0.31881701195101714,0.36796875,0.3188170119510172,10362.0625,5180.63299124165
840,0.6328125,0.3184300630878388,0.3671875,0.3184300630878388,10374.703125,5186.953020249686
841,0.621875,0.31529414899522795,0.378125,0.31529414899522795,10387.359375,5193.280246882143
842,0.6078125,0.3079215384284201,0.3921875,0.3079215384284201,10399.796875,5199.497298746098
843,0.5984375,0.3016818902264851,0.4015625,0.30168189022648506,10411.953125,5205.582724485785
844,0.58984375,0.2978294689551808,0.41015625,0.2978294689551808,10423.921875,5211.564136656891
845,0.59765625,0.30137421259229363,0.40234375,0.30137421259229363,10435.71875,5217.454773636414
846,0.61015625,0.30860265018811,0.38984375,0.30860265018811,10447.671875,5223.43362398899
847,0.60078125,0.3067179938222976,0.39921875,0.30671799382229764,10459.875,5229.546177178119
848,0.5953125,0.30358976933828813,0.4046875,0.30358976933828813,10471.890625,5235.590084574174
849,0.59375,0.3005833358602486,0.40625,0.3005833358602486,10483.796875,5241.578636073728
850,0.5953125,0.3025526168082173,0.4046875,0.3025526168082173,10495.671875,5247.535823902923
851,0.60078125,0.3021872576265832,0.39921875,0.3021872576265832,10507.578125,5253.507627303564
852,0.59765625,0.3024355884419854,0.40234375,0.3024355884419854,10519.59375,5259.531881619269
853,0.5984375,0.3012162033687348,0.4015625,0.3012162033687348,10531.546875,5265.547258652748
854,0.609375,0.3061363787952601,0.390625,0.3061363787952601,10543.515625,5271.550708062646
855,0.61484375,0.3081394995320707,0.38515625,0.3081394995320707,10555.703125,5277.661142148827
856,0.603125,0.3022700572335937,0.396875,0.3022700572335937,10568.0,5283.820564913899
857,0.60625,0.304220395154771,0.39375,0.30422039515477095,10580.0625,5289.865707890847
858,0.5921875,0.2988278696894334,0.4078125,0.2988278696894334,10592.1875,5295.948386410449
859,0.5984375,0.30113514083692555,0.4015625,0.30113514083692555,10604.03125,5301.90737775427
860,0.60078125,0.30193467965977344,0.39921875,0.30193467965977344,10616.0,5307.912528587186
861,0.6078125,0.30561357660144123,0.3921875,0.30561357660144123,10628.015625,5313.930659980617
862,0.58828125,0.2974767749600378,0.41171875,0.2974767749600378,10640.171875,5319.998762408808
863,0.59921875,0.30205796409277974,0.40078125,0.30205796409277974,10651.9375,5325.872017342999
864,0.6140625,0.30860265018811,0.3859375,0.30860265018811,10663.921875,5331.836679691741
865,0.62421875,0.3131770010463332,0.37578125,0.3131770010463332,10676.203125,5337.943650280904
866,0.6265625,0.3137533459731944,0.3734375,0.3137533459731944,10688.6875,5344.173042556637
867,0.6328125,0.3170854977614476,0.3671875,0.3170854977614476,10701.21875,5350.427594441343
868,0.63203125,0.317127842296092,0.36796875,0.31712784229609203,10713.875,5356.736720474553
869,0.62890625,0.315493475071197,0.37109375,0.315493475071197,10726.515625,5363.047665752815
870,0.628125,0.31517797861386987,0.371875,0.31517797861386987,10739.09375,5369.315531231684
871,0.63359375,0.31722405885371463,0.36640625,0.31722405885371463,10751.65625,5375.585489868682
872,0.6328125,0.31748946525337657,0.3671875,0.31748946525337657,10764.328125,5381.901823500032
873,0.640625,0.32103576879181234,0.359375,0.32103576879181234,10776.984375,5388.212670516527
874,0.64140625,0.3212296321364205,0.35859375,0.3212296321364204,10789.796875,5394.616390213358
875,0.64765625,0.3247256955397124,0.35234375,0.3247256955397124,10802.625,5401.012315956091
876,0.64609375,0.3250469467294302,0.35390625,0.3250469467294302,10815.578125,5407.46088015532
877,0.64453125,0.32326195417281167,0.35546875,0.32326195417281167,10828.5,5413.863876767856
878,0.6359375,0.3199731434042551,0.3640625,0.3199731434042551,10841.390625,5420.258953009144
879,0.65078125,0.3263774146549896,0.34921875,0.3263774146549896,10854.109375,5426.555991439013
880,0.66875,0.3353137377656558,0.33125,0.33531373776565576,10867.125,5433.013767662417
881,0.65390625,0.32724584603933476,0.34609375,0.32724584603933476,10880.5,5439.650449540264
882,0.64453125,0.32284630449816987,0.35546875,0.32284630449816987,10893.578125,5446.156268782957
883,0.6328125,0.3175086889805144,0.3671875,0.3175086889805144,10906.46875,5452.563643294748
884,0.63515625,0.3188572123615836,0.36484375,0.3188572123615836,10919.125,5458.843417880522
885,0.61328125,0.3085888053401322,0.38671875,0.3085888053401322,10931.828125,5465.142760449158
886,0.615625,0.3095426471273789,0.384375,0.3095426471273789,10944.09375,5471.217089186986
887,0.62734375,0.3173798677748007,0.37265625,0.3173798677748007,10956.40625,5477.314837767795
888,0.63515625,0.3200322707116815,0.36484375,0.3200322707116815,10968.953125,5483.504116796647
889,0.63359375,0.3181078857135186,0.36640625,0.31810788571351856,10981.65625,5489.7858452279215
890,0.64765625,0.3270200890952649,0.35234375,0.3270200890952649,10994.328125,5496.0703443442635
891,0.64296875,0.32742298414569954,0.35703125,0.32742298414569954,11007.28125,5502.484136804144
892,0.640625,0.32832025440585444,0.359375,0.32832025440585444,11020.140625,5508.831546110116
893,0.6359375,0.32508262170946634,0.3640625,0.32508262170946634,11032.953125,5515.149728638097
894,0.6328125,0.3240351513291035,0.3671875,0.3240351513291035,11045.671875,5521.422122062395
895,0.6265625,0.3227763472011232,0.3734375,0.3227763472011232,11058.328125,5527.65889088363
896,0.6328125,0.3249192357580957,0.3671875,0.3249192357580957,11070.859375,5533.817663433528
897,0.625,0.32441165195145966,0.375,0.32441165195145966,11083.515625,5540.037850481314
898,0.6203125,0.322358177997511,0.3796875,0.32235817799751104,11096.015625,5546.168863723986
899,0.61484375,0.3205563096497244,0.38515625,0.3205563096497244,11108.421875,5552.257857213431
900,0.62421875,0.3245940974894645,0.37578125,0.32459409748946455,11120.71875,5558.291090539246
901,0.61484375,0.3197556134671446,0.38515625,0.3197556134671446,11133.203125,5564.431656570555
902,0.615625,0.31846456276071755,0.384375,0.31846456276071755,11145.5,5570.472029754511
903,0.61484375,0.318387891744292,0.38515625,0.318387891744292,11157.8125,5576.526617109267
904,0.62578125,0.3245752934124068,0.37421875,0.3245752934124068,11170.109375,5582.587048650627
905,0.6328125,0.32684833483494297,0.3671875,0.32684833483494297,11182.625,5588.758219981094
906,0.63203125,0.3250732339364086,0.36796875,0.3250732339364086,11195.28125,5594.992037082763
907,0.63046875,0.32699395839697865,0.36953125,0.32699395839697865,11207.921875,5601.217776308713
908,0.6328125,0.323582772327074,0.3671875,0.323582772327074,11220.53125,5607.420226597633
909,0.63046875,0.32339031962649256,0.36953125,0.32339031962649256,11233.1875,5613.668866966525
910,0.64140625,0.3276540519120357,0.35859375,0.32765405191203567,11245.796875,5619.8919796374175
911,0.64296875,0.3290871310819522,0.35703125,0.3290871310819522,11258.625,5626.229801023575
912,0.640625,0.32540727185809015,0.359375,0.32540727185809015,11271.484375,5632.587071815405
913,0.65234375,0.32896098861605155,0.34765625,0.32896098861605155,11284.296875,5638.931163613256
914,0.6546875,0.33018882204448563,0.3453125,0.33018882204448563,11297.34375,5645.411921998515
915,0.6609375,0.3346669286395057,0.3390625,0.3346669286395057,11310.4375,5651.907339234169
916,0.65390625,0.3296430657260213,0.34609375,0.3296430657260213,11323.65625,5658.469678503107
917,0.64921875,0.3293818933102197,0.35078125,0.3293818933102197,11336.734375,5664.971492879441
918,0.653125,0.3328198355999083,0.346875,0.33281983559990824,11349.71875,5671.424760366657
919,0.66015625,0.3340608921850925,0.33984375,0.3340608921850925,11362.78125,5677.90973867041
920,0.65859375,0.33290418338089417,0.34140625,0.33290418338089417,11375.984375,5684.4702931471
921,0.66328125,0.3352227133983093,0.33671875,0.33522271339830934,11389.15625,5691.024828802874
922,0.66015625,0.33423441846161656,0.33984375,0.33423441846161656,11402.421875,5697.629072119124
923,0.64609375,0.3276279717768692,0.35390625,0.3276279717768692,11415.625,5704.18608665012
924,0.6484375,0.32761306791033995,0.3515625,0.32761306791033995,11428.546875,5710.604156353897
925,0.64921875,0.3272533064195074,0.35078125,0.32725330641950734,11441.515625,5717.041487997816
926,0.6609375,0.3322232900522253,0.3390625,0.33222329005222523,11454.5,5723.498347513029
927,0.6546875,0.3296986076327894,0.3453125,0.3296986076327894,11467.71875,5730.078806688384
928,0.66015625,0.3320909872732547,0.33984375,0.3320909872732547,11480.8125,5736.595025732408
929,0.66171875,0.3330783122771205,0.33828125,0.3330783122771205,11494.015625,5743.178535142664
930,0.66953125,0.3367504697936589,0.33046875,0.3367504697936589,11507.25,5749.7720697011655
931,0.66875,0.336585494223793,0.33125,0.33658549422379297,11520.640625,5756.437754258474
932,0.665625,0.3348784177690465,0.334375,0.3348784177690465,11534.015625,5763.098188176435
933,0.65859375,0.3310656916497087,0.34140625,0.3310656916497087,11547.328125,5769.723007222975
934,0.653125,0.32763542345589713,0.346875,0.3276354234558971,11560.5,5776.263072439763
935,0.640625,0.3215961322305121,0.359375,0.3215961322305121,11573.5625,5782.755707342372
936,0.64921875,0.3264129442228816,0.35078125,0.32641294422288153,11586.375,5789.122225484755
937,0.64765625,0.32553291644240834,0.35234375,0.32553291644240834,11599.359375,5795.564664362619
938,0.65546875,0.32858412818770627,0.34453125,0.32858412818770627,11612.3125,5801.9910583111605
939,0.65234375,0.327873787764629,0.34765625,0.327873787764629,11625.421875,5808.510250450613
940,0.6359375,0.322329775811978,0.3640625,0.322329775811978,11638.46875,5814.981968119143
941,0.6421875,0.3247275751254811,0.3578125,0.3247275751254811,11651.1875,5821.268758567385
942,0.64375,0.32640359471155495,0.35625,0.32640359471155495,11664.03125,5827.625806704541
943,0.6390625,0.3245771738691355,0.3609375,0.3245771738691355,11676.90625,5833.997579098716
944,0.63203125,0.3238693523967265,0.36796875,0.3238693523967265,11689.6875,5840.318660664457
945,0.63515625,0.32589083139047503,0.36484375,0.32589083139047503,11702.328125,5846.553446529417
946,0.63984375,0.32775648949525016,0.36015625,0.32775648949525016,11715.03125,5852.8160440933125
947,0.64375,0.3283053819664323,0.35625,0.3283053819664323,11727.828125,5859.137084419807
948,0.64140625,0.3305287696678233,0.35859375,0.3305287696678233,11740.703125,5865.501192628185
949,0.628125,0.3250169016037859,0.371875,0.3250169016037859,11753.53125,5871.827580843988
950,0.6390625,0.33017957945260634,0.3609375,0.33017957945260634,11766.09375,5878.023515953433
951,0.64296875,0.33050291637801776,0.35703125,0.33050291637801776,11778.875,5884.334720595346
952,0.6296875,0.32296349626834764,0.3703125,0.3229634962683476,11791.734375,5890.684625527145
953,0.63984375,0.32706674586389856,0.36015625,0.32706674586389856,11804.328125,5896.901538965519
954,0.64765625,0.3311007181310167,0.35234375,0.33110071813101677,11817.125,5903.231211491561
955,0.6421875,0.32594701268476906,0.3578125,0.32594701268476906,11830.078125,5909.632935564227
956,0.6421875,0.3253847632275135,0.3578125,0.3253847632275135,11842.921875,5915.992629350322
957,0.64921875,0.33135869384154537,0.35078125,0.3313586938415453,11855.765625,5922.352584097902
958,0.65703125,0.33651295190062896,0.34296875,0.33651295190062896,11868.75,5928.772990868018
959,0.65234375,0.3330361631077022,0.34765625,0.3330361631077022,11881.890625,5935.270382030839
960,0.65703125,0.33601379947481325,0.34296875,0.3360137994748132,11894.9375,5941.72993455899
961,0.6625,0.33864822041094506,0.3375,0.33864822041094506,11908.078125,5948.243545235644
962,0.6703125,0.3429376053626592,0.3296875,0.3429376053626592,11921.328125,5954.80867185163
963,0.6625,0.33804390490086494,0.3375,0.33804390490086494,11934.734375,5961.449914615794
964,0.65625,0.3361463740182616,0.34375,0.3361463740182616,11947.984375,5968.020520376972
965,0.67421875,0.34431416772150114,0.32578125,0.34431416772150114,11961.109375,5974.528359188372
966,0.6734375,0.3426883463649953,0.3265625,0.3426883463649953,11974.59375,5981.224235715474
967,0.67734375,0.3431600050450227,0.32265625,0.3431600050450227,11988.0625,5987.900897575017
968,0.67734375,0.34355107880779534,0.32265625,0.34355107880779534,12001.609375,5994.622729288633
969,0.6671875,0.3420001627603779,0.3328125,0.3420001627603779,12015.15625,6001.344054985399
970,0.66328125,0.3408829298674253,0.33671875,0.34088292986742535,12028.5,6007.954950440577
971,0.65546875,0.3401839173980011,0.34453125,0.3401839173980011,12041.765625,6014.529302121175
972,0.65,0.3406518768066235,0.35,0.3406518768066235,12054.875,6021.014727285709
973,0.6546875,0.34025747087224256,0.3453125,0.34025747087224256,12067.875,6027.4480832674435
974,0.66796875,0.3431546691407899,0.33203125,0.3431546691407899,12080.96875,6033.936376633882
975,0.67265625,0.34417941928048223,0.32734375,0.34417941928048223,12094.328125,6040.555356112044
976,0.6703125,0.34375532666327513,0.3296875,0.34375532666327513,12107.78125,6047.222834916596
977,0.66328125,0.3397710051453773,0.33671875,0.3397710051453773,12121.1875,6053.8708710170895
978,0.67265625,0.3434426893375007,0.32734375,0.3434426893375006,12134.453125,6060.455228218602
979,0.6828125,0.3479624704754451,0.3171875,0.3479624704754451,12147.90625,6067.144993734697
980,0.6796875,0.34343024901353697,0.3203125,0.34343024901353697,12161.5625,6073.941869091403
981,0.68046875,0.3434693456572944,0.31953125,0.3434693456572944,12175.15625,6080.720392012762
982,0.671875,0.34094201131295776,0.328125,0.34094201131295776,12188.765625,6087.5082892252985
983,0.66640625,0.3405802006090122,0.33359375,0.3405802006090122,12202.203125,6094.20688199111
984,0.6703125,0.3445799639597462,0.3296875,0.3445799639597462,12215.53125,6100.840149382731
985,0.67421875,0.3437375707980217,0.32578125,0.3437375707980217,12228.9375,6107.513448525986
986,0.6734375,0.34234977601953387,0.3265625,0.34234977601953387,12242.421875,6114.225451245018
987,0.68359375,0.3490622901745117,0.31640625,0.3490622901745117,12255.890625,6120.931861013319
988,0.671875,0.3447340318772938,0.328125,0.3447340318772938,12269.5625,6127.729891010822
989,0.6703125,0.3455263054159191,0.3296875,0.3455263054159191,12283.0,6134.407743083145
990,0.675,0.34560402004588286,0.325,0.34560402004588286,12296.40625,6141.063418469798
991,0.678125,0.3445356788264098,0.321875,0.3445356788264098,12309.90625,6147.779967898283
992,0.67890625,0.3456923109184307,0.32109375,0.3456923109184307,12323.46875,6154.53082725347
993,0.68046875,0.3459041170658785,0.31953125,0.3459041170658785,12337.046875,6161.282720680829
994,0.68203125,0.34512862751624934,0.31796875,0.34512862751624934,12350.65625,6168.060513606503
995,0.67890625,0.34282012012952945,0.32109375,0.34282012012952945,12364.296875,6174.858419943542
996,0.67265625,0.3409724432138908,0.32734375,0.34097244321389075,12377.875,6181.626663471596
997,0.67421875,0.3428308022689545,0.32578125,0.3428308022689545,12391.328125,6188.328834362879
998,0.6765625,0.34487033342257783,0.3234375,0.34487033342257783,12404.8125,6195.037901110162
999,0.68359375,0.3472829807952011,0.31640625,0.3472829807952011,12418.34375,6201.7732464112505
1000,0.69453125,0.35276184313039016,0.30546875,0.35276184313039016,12432.015625,6208.587336688206
1001,0.690625,0.3506011160537356,0.309375,0.3506011160537356,12445.90625,6215.52391108407
1002,0.6875,0.34918466696094347,0.3125,0.34918466696094347,12459.71875,6222.422308377105
1003,0.69296875,0.3510551895268748,0.30703125,0.3510551895268748,12473.46875,6229.293782940382
1004,0.69765625,0.3524952903054167,0.30234375,0.3524952903054167,12487.328125,6236.217330072022
1005,0.69140625,0.34895736162800034,0.30859375,0.34895736162800034,12501.28125,6243.194994492628
1006,0.69453125,0.34982557037400797,0.30546875,0.34982557037400797,12515.109375,6250.112031534977
1007,0.69296875,0.3487526601601054,0.30703125,0.3487526601601054,12529.0,6257.068750941123
1008,0.690625,0.34780456808116395,0.309375,0.34780456808116395,12542.859375,6264.005756633739
1009,0.69140625,0.348694902121647,0.30859375,0.348694902121647,12556.671875,6270.91845607283
1010,0.68984375,0.3508464930974086,0.31015625,0.3508464930974086,12570.5,6277.83412844257
1011,0.6859375,0.3471124609501581,0.3140625,0.3471124609501581,12584.296875,6284.737287737564
1012,0.67578125,0.3406106648359678,0.32421875,0.3406106648359678,12598.015625,6291.606233550132
1013,0.67890625,0.34077548281456516,0.32109375,0.34077548281456516,12611.53125,6298.371068708212
1014,0.684375,0.34392218698875043,0.315625,0.3439221869887504,12625.109375,6305.155771139984
1015,0.69296875,0.3478063229460471,0.30703125,0.3478063229460471,12638.796875,6311.99062235514
1016,0.68359375,0.34419360581110453,0.31640625,0.34419360581110453,12652.65625,6318.911920874474
1017,0.6828125,0.3431404396571832,0.3171875,0.3431404396571832,12666.328125,6325.72845958737
1018,0.66875,0.3377079076056334,0.33125,0.3377079076056333,12679.984375,6332.532941144767
1019,0.6625,0.33477815940653144,0.3375,0.33477815940653144,12693.359375,6339.193130702033
1020,0.675,0.342437123562487,0.325,0.342437123562487,12706.609375,6345.784486455174
1021,0.68203125,0.3451197850248881,0.31796875,0.3451197850248881,12720.109375,6352.502460929337
1022,0.684375,0.34505611239786055,0.315625,0.34505611239786055,12733.75,6359.295726241158
1023,0.67734375,0.3422873712704721,0.32265625,0.3422873712704721,12747.4375,6366.109400368559
1024,0.66953125,0.33858513342751034,0.33046875,0.33858513342751034,12760.984375,6372.854012769036
1025,0.665625,0.33743850712944723,0.334375,0.33743850712944723,12774.375,6379.522164271678
1026,0.65390625,0.3324087927067363,0.34609375,0.3324087927067363,12787.6875,6386.147426969125
1027,0.6625,0.3361608995564847,0.3375,0.3361608995564847,12800.765625,6392.653823241846
1028,0.678125,0.34352442883021433,0.321875,0.34352442883021433,12814.015625,6399.242560883854
1029,0.66796875,0.33800237494542845,0.33203125,0.33800237494542845,12827.578125,6405.989061949482
1030,0.65078125,0.32853025569382494,0.34921875,0.32853025569382494,12840.9375,6412.638957246548
1031,0.6546875,0.33069676678567633,0.3453125,0.33069676678567633,12853.953125,6419.117239106521
1032,0.66640625,0.33579757260234183,0.33359375,0.33579757260234183,12867.046875,6425.635799151695
1033,0.653125,0.3282496043171644,0.346875,0.3282496043171644,12880.375,6432.276862301621
1034,0.6640625,0.33293534997897867,0.3359375,0.33293534997897867,12893.4375,6438.7869784538025
1035,0.67109375,0.3363768928783605,0.32890625,0.33637689287836053,12906.71875,6445.412549602261
1036,0.6796875,0.34115676668230543,0.3203125,0.34115676668230543,12920.140625,6452.099131986765
1037,0.6828125,0.3422142540910957,0.3171875,0.3422142540910957,12933.734375,6458.870426478236
1038,0.67734375,0.3397638196232789,0.32265625,0.3397638196232789,12947.390625,6465.672382997596
1039,0.66796875,0.33536470061989976,0.33203125,0.33536470061989976,12960.9375,6472.422665708275
1040,0.66953125,0.33660544062188,0.33046875,0.33660544062188,12974.296875,6479.083832766151
1041,0.6625,0.3331882415345341,0.3375,0.3331882415345341,12987.6875,6485.748765547791
1042,0.65625,0.33063585461860456,0.34375,0.33063585461860456,13000.9375,6492.3446605902345
1043,0.6640625,0.3333750380811752,0.3359375,0.3333750380811752,13014.0625,6498.86621196464
1044,0.665625,0.33418510963237125,0.334375,0.33418510963237125,13027.34375,6505.477903762925
1045,0.671875,0.33670878030484297,0.328125,0.33670878030484297,13040.65625,6512.100185026657
1046,0.66640625,0.33423076620521486,0.33359375,0.33423076620521486,13054.09375,6518.796979059804
1047,0.66484375,0.3337995193834542,0.33515625,0.3337995193834542,13067.421875,6525.438786020267
1048,0.6640625,0.33381414704237,0.3359375,0.33381414704237,13080.71875,6532.064467458297
1049,0.6734375,0.33865723187778674,0.3265625,0.33865723187778674,13094.0,6538.684290959148
1050,0.67578125,0.3399559800317903,0.32421875,0.3399559800317903,13107.46875,6545.403927916889
1051,0.671875,0.33716165042250135,0.328125,0.33716165042250135,13120.984375,6552.136615637716
1052,0.6609375,0.33253546274702045,0.3390625,0.3325354627470204,13134.421875,6558.832325656314
1053,0.67265625,0.33983387198287784,0.32734375,0.33983387198287784,13147.640625,6565.417136315721
1054,0.665625,0.3367595320430811,0.334375,0.3367595320430811,13161.09375,6572.123696740187
1055,0.68671875,0.3460452491410986,0.31328125,0.34604524914109863,13174.40625,6578.759216865753
1056,0.6875,0.3455298382782954,0.3125,0.3455298382782954,13188.140625,6585.611882964777
1057,0.6890625,0.34517283657520764,0.3109375,0.34517283657520764,13201.890625,6592.466249328483
1058,0.69453125,0.34861962728918466,0.30546875,0.34861962728918466,13215.671875,6599.348606142172
1059,0.69375,0.3480606847007789,0.30625,0.3480606847007789,13229.5625,6606.285630595139
1060,0.70390625,0.35283969392540715,0.29609375,0.35283969392540715,13243.4375,6613.200502128123
1061,0.6984375,0.3501046160613996,0.3015625,0.3501046160613996,13257.515625,6620.217588858249
1062,0.690625,0.34560402004588286,0.309375,0.34560402004588286,13271.484375,6627.184905779423
1063,0.67890625,0.33995957078103417,0.32109375,0.33995957078103417,13285.296875,6634.077938290188
1064,0.67265625,0.3368120882814333,0.32734375,0.3368120882814333,13298.875,6640.849232537724
1065,0.66015625,0.33061739417055025,0.33984375,0.33061739417055025,13312.328125,6647.554787427891
1066,0.6546875,0.328558121879714,0.3453125,0.328558121879714,13325.53125,6654.13862427397
1067,0.6546875,0.3275813949425394,0.3453125,0.3275813949425394,13338.625,6660.662181956719
1068,0.6453125,0.32286899009602177,0.3546875,0.32286899009602177,13351.71875,6667.19456841376
1069,0.64609375,0.32325817794662987,0.35390625,0.32325817794662987,13364.625,6673.6350339531045
1070,0.64296875,0.3219432573257281,0.35703125,0.3219432573257281,13377.546875,6680.080094018334
1071,0.65,0.32579717437099576,0.35,0.32579717437099576,13390.40625,6686.491684608592
1072,0.6515625,0.32715071127941175,0.3484375,0.32715071127941175,13403.40625,6692.968400475654
1073,0.6484375,0.32531347562293667,0.3515625,0.32531347562293667,13416.4375,6699.453427850185
1074,0.6484375,0.3265213789899522,0.3515625,0.3265213789899522,13429.40625,6705.911220291661
1075,0.64765625,0.3261416995772313,0.35234375,0.3261416995772313,13442.375,6712.362475604715
1076,0.6515625,0.3281008175612719,0.3484375,0.3281008175612719,13455.328125,6718.80366065054
1077,0.653125,0.3296504718542808,0.346875,0.3296504718542808,13468.359375,6725.2848755807245
1078,0.66484375,0.33481279750780135,0.33515625,0.33481279750780135,13481.421875,6731.777068392503
1079,0.67890625,0.34134814293840826,0.32109375,0.34134814293840826,13494.71875,6738.393334864889
1080,0.675,0.34026464596968486,0.325,0.3402646459696849,13508.296875,6745.150491633612
1081,0.66953125,0.33682296096206094,0.33046875,0.33682296096206094,13521.796875,6751.865031516003
1082,0.68046875,0.3424995010260964,0.31953125,0.3424995010260964,13535.1875,6758.5282806619825
1083,0.68359375,0.3459711619801208,0.31640625,0.3459711619801208,13548.796875,6765.30157959648
1084,0.67421875,0.34261709620124764,0.32578125,0.34261709620124764,13562.46875,6772.099284183875
1085,0.67890625,0.3431849048344784,0.32109375,0.34318490483447844,13575.953125,6778.799789990367
1086,0.6734375,0.3395571708352291,0.3265625,0.3395571708352291,13589.53125,6785.553574470672
1087,0.68828125,0.3463273407531161,0.31171875,0.34632734075311605,13603.0,6792.253775376852
1088,0.69375,0.34870890494884843,0.30625,0.34870890494884843,13616.765625,6799.1063673134995
1089,0.68671875,0.346186323680074,0.31328125,0.346186323680074,13630.640625,6806.018685879364
1090,0.69140625,0.3486423865106981,0.30859375,0.3486423865106981,13644.375,6812.857588092165
1091,0.68125,0.34484555533057115,0.31875,0.34484555533057115,13658.203125,6819.744971197088
1092,0.69375,0.3498709304425705,0.30625,0.3498709304425705,13671.828125,6826.5378004746
1093,0.6828125,0.34359371447248566,0.3171875,0.34359371447248566,13685.703125,6833.458703614438
1094,0.6859375,0.3469893533354086,0.3140625,0.3469893533354086,13699.359375,6840.280127320433
1095,0.6890625,0.34646125380859694,0.3109375,0.34646125380859694,13713.078125,6847.122736739328
1096,0.6734375,0.339413340951155,0.3265625,0.339413340951155,13726.859375,6853.99765491028
1097,0.67265625,0.33804209935672214,0.32734375,0.33804209935672214,13740.328125,6860.722441936634
1098,0.671875,0.3368356453125545,0.328125,0.3368356453125545,13753.78125,6867.440456554131
1099,0.6796875,0.3406465016149439,0.3203125,0.3406465016149439,13767.21875,6874.155501683688
1100,0.6796875,0.34118360159890454,0.3203125,0.34118360159890454,13780.8125,6880.948546133102
1101,0.6765625,0.33973507601512093,0.3234375,0.33973507601512093,13794.40625,6887.746511794855
1102,0.6671875,0.3348401408461581,0.3328125,0.3348401408461581,13807.9375,6894.5096098456415
1103,0.6765625,0.3393396045077851,0.3234375,0.33933960450778505,13821.28125,6901.175754424534
1104,0.67890625,0.3409634929367439,0.32109375,0.3409634929367439,13834.8125,6907.93613353511
1105,0.675,0.3387185034942363,0.325,0.3387185034942364,13848.390625,6914.716867268839
1106,0.67421875,0.3383326678590541,0.32578125,0.3383326678590541,13861.890625,6921.452306401104
1107,0.6859375,0.34352442883021433,0.3140625,0.34352442883021433,13875.375,6928.174947208037
1108,0.68671875,0.3437091595057149,0.31328125,0.3437091595057149,13889.09375,6935.02050788779
1109,0.68515625,0.3435688443110783,0.31484375,0.3435688443110783,13902.828125,6941.874259933167
1110,0.6859375,0.3436576580515848,0.3140625,0.3436576580515848,13916.53125,6948.719168137155
1111,0.684375,0.34292692655013984,0.315625,0.3429269265501398,13930.25,6955.5722581242935
1112,0.66953125,0.3364149949513621,0.33046875,0.3364149949513621,13943.9375,6962.410048650315
1113,0.684375,0.3435670678020887,0.315625,0.3435670678020887,13957.328125,6969.094992231214
1114,0.66875,0.3378072964446594,0.33125,0.33780729644465934,13971.015625,6975.938283069828
1115,0.68046875,0.34340714435910474,0.31953125,0.34340714435910474,13984.390625,6982.637670074466
1116,0.67578125,0.340995712835037,0.32421875,0.340995712835037,13998.0,6989.44778179461
1117,0.6671875,0.33620447240574447,0.3328125,0.33620447240574447,14011.515625,6996.20520842259
1118,0.6625,0.3352245341278738,0.3375,0.3352245341278738,14024.859375,7002.877283136966
1119,0.66015625,0.33426180911263254,0.33984375,0.33426180911263254,14038.109375,7009.505928579629
1120,0.659375,0.33379951938345415,0.340625,0.33379951938345415,14051.3125,7016.112739066068
1121,0.6640625,0.3354374912660703,0.3359375,0.3354374912660703,14064.5,7022.715452074132
1122,0.66796875,0.3368900014053178,0.33203125,0.3368900014053178,14077.78125,7029.363626575944
1123,0.6609375,0.3334153138120308,0.3390625,0.3334153138120308,14091.140625,7036.047975932861
1124,0.659375,0.331026973858438,0.340625,0.33102697385843805,14104.359375,7042.664486182868
1125,0.66953125,0.33636056209724563,0.33046875,0.33636056209724563,14117.546875,7049.2620079992685
1126,0.6625,0.33224349833743927,0.3375,0.33224349833743927,14130.9375,7055.965481040062
1127,0.6609375,0.33194759975691196,0.3390625,0.3319475997569119,14144.1875,7062.594128693801
1128,0.66484375,0.33459397035810434,0.33515625,0.3345939703581043,14157.40625,7069.212011454362
1129,0.6625,0.3352609466426861,0.3375,0.3352609466426861,14170.703125,7075.86989548508
1130,0.67578125,0.3397045332665948,0.32421875,0.3397045332665948,14183.953125,7082.5083737858085
1131,0.66640625,0.3348328495075939,0.33359375,0.3348328495075939,14197.46875,7089.27966688524
1132,0.65078125,0.32748822140078565,0.34921875,0.32748822140078565,14210.796875,7095.956064322613
1133,0.63984375,0.32271772265499304,0.36015625,0.32271772265499304,14223.8125,7102.483152884752
1134,0.61953125,0.312808441532114,0.38046875,0.312808441532114,14236.609375,7108.903338509361
1135,0.62734375,0.316330044835493,0.37265625,0.316330044835493,14249.0,7115.118517602588
1136,0.634375,0.3204325232449493,0.365625,0.3204325232449493,14261.546875,7121.41140891875
1137,0.646875,0.3257222293659507,0.353125,0.3257222293659507,14274.234375,7127.776238077178
1138,0.64375,0.32437778479055096,0.35625,0.32437778479055096,14287.171875,7134.260882245441
1139,0.6484375,0.3270350199854367,0.3515625,0.3270350199854367,14300.046875,7140.716878614314
1140,0.653125,0.3282124139515064,0.346875,0.3282124139515064,14313.015625,7147.217063100176
1141,0.63515625,0.32163978055815795,0.36484375,0.32163978055815795,14326.078125,7153.752961152574
1142,0.62890625,0.318631258520331,0.37109375,0.318631258520331,14338.78125,7160.118072320478
1143,0.6359375,0.323086312964508,0.3640625,0.323086312964508,14351.359375,7166.428317889548
1144,0.6359375,0.32180862483100886,0.3640625,0.32180862483100886,14364.078125,7172.818947513494
1145,0.6296875,0.31829969724400464,0.3703125,0.31829969724400453,14376.796875,7179.203771959423
1146,0.6171875,0.31162964735303184,0.3828125,0.31162964735303184,14389.390625,7185.526979433587
1147,0.62734375,0.31647472252930403,0.37265625,0.31647472252930403,14401.734375,7191.720256825998
1148,0.63671875,0.32077900480217686,0.36328125,0.32077900480217686,14414.28125,7198.019243940156
1149,0.6375,0.32130562504802185,0.3625,0.32130562504802185,14427.015625,7204.409532868405
1150,0.63984375,0.3249229926796117,0.36015625,0.3249229926796117,14439.765625,7210.810724271546
1151,0.62421875,0.31588402119092696,0.37578125,0.315884021190927,14452.5625,7217.248237390563
1152,0.625,0.3183917257336079,0.375,0.3183917257336079,14465.046875,7223.52327722567
1153,0.6203125,0.31590334261447756,0.3796875,0.3159033426144776,14477.546875,7229.816643270596
1154,0.61640625,0.31689680336723974,0.38359375,0.31689680336723974,14489.953125,7236.06057671727
1155,0.62734375,0.31903900807248475,0.37265625,0.31903900807248475,14502.28125,7242.273423404799
1156,0.61796875,0.31436358391299873,0.38203125,0.31436358391299873,14514.828125,7248.58452800738
1157,0.63125,0.3208893433928977,0.36875,0.3208893433928977,14527.1875,7254.80588844415
1158,0.63515625,0.3210509779906456,0.36484375,0.3210509779906456,14539.8125,7261.159748959001
1159,0.63515625,0.3211935292049406,0.36484375,0.3211935292049406,14552.515625,7267.539267549306
1160,0.64375,0.32477268192056274,0.35625,0.32477268192056274,14565.21875,7273.918231696466
1161,0.6484375,0.3265681070092807,0.3515625,0.3265681070092807,14578.09375,7280.379040351636
1162,0.6515625,0.3276913056473653,0.3484375,0.3276913056473653,14591.0625,7286.885682894058
1163,0.66015625,0.33147471740880935,0.33984375,0.33147471740880935,14604.09375,7293.419498255881
1164,0.6671875,0.3352045055587335,0.3328125,0.3352045055587335,14617.296875,7300.038553147607
1165,0.65859375,0.33056754581136666,0.34140625,0.33056754581136666,14630.640625,7306.727623763671
1166,0.65859375,0.33090894883921623,0.34140625,0.33090894883921623,14643.8125,7313.3281873426995
1167,0.653125,0.330777965559981,0.346875,0.330777965559981,14656.984375,7319.9335143358285
1168,0.65546875,0.3330764798154472,0.34453125,0.3330764798154472,14670.046875,7326.500303238879
1169,0.67421875,0.3403919787814484,0.32578125,0.3403919787814484,14683.15625,7333.097432237185
1170,0.67578125,0.33967758150192956,0.32421875,0.33967758150192956,14696.640625,7339.871889082569
1171,0.6734375,0.33907150045657775,0.3265625,0.33907150045657775,14710.15625,7346.650540555135
1172,0.6734375,0.3388374108855529,0.3265625,0.3388374108855529,14723.625,7353.410949802798
1173,0.6828125,0.3440463921070457,0.3171875,0.3440463921070457,14737.09375,7360.169119907016
1174,0.68671875,0.34461361685498587,0.31328125,0.34461361685498587,14750.75,7367.024147115285
1175,0.6734375,0.33952121907640026,0.3265625,0.33952121907640026,14764.484375,7373.90401823992
1176,0.67578125,0.3406823346242068,0.32421875,0.3406823346242068,14777.953125,7380.656079976796
1177,0.67734375,0.34128734342376366,0.32265625,0.34128734342376366,14791.46875,7387.42837340356
1178,0.67734375,0.34055331814563194,0.32265625,0.34055331814563194,14805.015625,7394.2152688364795
1179,0.675,0.34028258305138837,0.325,0.34028258305138837,14818.5625,7401.006468189817
1180,0.67734375,0.34080413867425374,0.32265625,0.34080413867425374,14832.0625,7407.77534605611
1181,0.684375,0.3436381209981294,0.315625,0.34363812099812935,14845.609375,7414.569171537327
1182,0.68515625,0.3444559512386889,0.31484375,0.3444559512386889,14859.296875,7421.42849890474
1183,0.69140625,0.3477220794416857,0.30859375,0.3477220794416857,14873.0,7428.289018389272
1184,0.68515625,0.3439683255539309,0.31484375,0.3439683255539309,14886.828125,7435.211021128515
1185,0.68359375,0.34293226599796645,0.31640625,0.34293226599796645,14900.53125,7442.062642047839
1186,0.68359375,0.34298565590451446,0.31640625,0.34298565590451446,14914.203125,7448.905816283575
1187,0.68515625,0.3441368561797036,0.31484375,0.3441368561797036,14927.875,7455.750689943028
1188,0.68203125,0.3422873712704721,0.31796875,0.3422873712704721,14941.578125,7462.607567240603
1189,0.67578125,0.33965961247070575,0.32421875,0.33965961247070575,14955.21875,7469.437432962499
1190,0.6734375,0.33835070736127476,0.3265625,0.33835070736127476,14968.734375,7476.199263217898
1191,0.6828125,0.3434515750073073,0.3171875,0.3434515750073073,14982.203125,7482.939483842406
1192,0.67890625,0.34140178057715226,0.32109375,0.34140178057715226,14995.859375,7489.769281111224
1193,0.671875,0.33786691571442,0.328125,0.33786691571442,15009.4375,7496.560771896556
1194,0.67421875,0.3381612445916149,0.32578125,0.3381612445916149,15022.875,7503.273726497394
1195,0.6671875,0.3354593253799557,0.3328125,0.3354593253799557,15036.359375,7510.012343655333
1196,0.6703125,0.33694072584710655,0.3296875,0.33694072584710655,15049.703125,7516.669657679243
1197,0.66875,0.337255771007888,0.33125,0.337255771007888,15063.109375,7523.358111341263
1198,0.659375,0.3357957549798687,0.340625,0.3357957549798687,15076.484375,7530.029934726096
1199,0.671875,0.34035970173112445,0.328125,0.34035970173112445,15089.671875,7536.599348819659
1200,0.66796875,0.3390030909934672,0.33203125,0.3390030909934672,15103.109375,7543.305105686795
1201,0.671875,0.33916509104619685,0.328125,0.33916509104619685,15116.46875,7549.964672025169
1202,0.67109375,0.3375632897833753,0.32890625,0.3375632897833753,15129.90625,7556.671409523105
1203,0.6671875,0.3374005206399732,0.3328125,0.3374005206399732,15143.328125,7563.369125645113
1204,0.66640625,0.3394493041355734,0.33359375,0.3394493041355734,15156.671875,7570.013377830144
1205,0.6546875,0.3355339145488873,0.3453125,0.3355339145488873,15170.0,7576.643806115349
1206,0.63828125,0.33378306250093037,0.36171875,0.33378306250093037,15183.09375,7583.157724246594
1207,0.62265625,0.3324546932243174,0.37734375,0.3324546932243174,15195.859375,7589.4872095231585
1208,0.62109375,0.33610097766519514,0.37890625,0.33610097766519514,15208.3125,7595.654366020539
1209,0.6125,0.33397318146447036,0.3875,0.3339731814644703,15220.734375,7601.807177877436
1210,0.60625,0.3318924342172099,0.39375,0.3318924342172099,15232.984375,7607.8804996383415
1211,0.61328125,0.3346632811031859,0.38671875,0.3346632811031859,15245.109375,7613.886361374576
1212,0.6078125,0.3307059949231719,0.3921875,0.3307059949231719,15257.375,7619.970582375599
1213,0.609375,0.32999837239181956,0.390625,0.32999837239181956,15269.53125,7626.010133045746
1214,0.60546875,0.32879396093906593,0.39453125,0.32879396093906593,15281.71875,7632.066167452625
1215,0.6046875,0.32590768679566307,0.3953125,0.32590768679566307,15293.828125,7638.074799839893
1216,0.59296875,0.32238657768081785,0.40703125,0.3223865776808179,15305.921875,7644.073720244157
1217,0.5921875,0.32012761432454556,0.4078125,0.32012761432454556,15317.78125,7649.954226463854
1218,0.5984375,0.31950546197893864,0.4015625,0.3195054619789386,15329.625,7655.831914190635
1219,0.6015625,0.32326195417281167,0.3984375,0.32326195417281167,15341.59375,7661.77654293998
1220,0.60625,0.3208589089508424,0.39375,0.3208589089508424,15353.625,7667.756655816126
1221,0.6109375,0.32014667963977855,0.3890625,0.32014667963977855,15365.75,7673.790984591339
1222,0.61640625,0.3231807555861735,0.38359375,0.3231807555861735,15377.96875,7679.878900367922
1223,0.6203125,0.32735586940572026,0.3796875,0.3273558694057203,15390.296875,7686.022019921791
1224,0.63046875,0.33086283388097554,0.36953125,0.33086283388097554,15402.703125,7692.202920999422
1225,0.63671875,0.33207260771836483,0.36328125,0.33207260771836483,15415.3125,7698.487968711423
1226,0.6390625,0.3307429048983893,0.3609375,0.3307429048983893,15428.046875,7704.838114053373
1227,0.63359375,0.33040871942943634,0.36640625,0.33040871942943634,15440.828125,7711.220411571689
1228,0.63359375,0.3321497950144257,0.36640625,0.33214979501442565,15453.5,7717.544430365657
1229,0.6421875,0.3362516699540316,0.3578125,0.3362516699540316,15466.171875,7723.869778989866
1230,0.6296875,0.33148760640953834,0.3703125,0.3314876064095383,15479.015625,7730.273548981941
1231,0.63046875,0.33017033660199546,0.36953125,0.33017033660199546,15491.609375,7736.548331267068
1232,0.6296875,0.3323335021339633,0.3703125,0.3323335021339633,15504.21875,7742.8325513321515
1233,0.6390625,0.3386392087043008,0.3609375,0.3386392087043008,15516.8125,7749.106527441265
1234,0.646875,0.3389814851369098,0.353125,0.3389814851369098,15529.59375,7755.473898897757
1235,0.64140625,0.33514077033017037,0.35859375,0.3351407703301703,15542.53125,7761.929894366387
1236,0.64140625,0.33499504427304594,0.35859375,0.33499504427304594,15555.359375,7768.329458115446
1237,0.63203125,0.3314599865085528,0.36796875,0.33145998650855285,15568.1875,7774.727009940707
1238,0.63828125,0.335015085364637,0.36171875,0.335015085364637,15580.828125,7781.040724877812
1239,0.640625,0.3332010642521269,0.359375,0.3332010642521269,15593.59375,7787.418537802509
1240,0.63515625,0.33079826213929087,0.36484375,0.33079826213929087,15606.40625,7793.817826551796
1241,0.6390625,0.33392017840626975,0.3609375,0.33392017840626975,15619.109375,7800.168684730728
1242,0.63359375,0.32850052915672756,0.36640625,0.3285005291567275,15631.890625,7806.553594539274
1243,0.63046875,0.32662043445431427,0.36953125,0.32662043445431427,15644.5625,7812.896925948036
1244,0.63203125,0.326394244932413,0.36796875,0.326394244932413,15657.171875,7819.213050430801
1245,0.63828125,0.32865099210161375,0.36171875,0.32865099210161375,15669.8125,7825.546801544545
1246,0.6421875,0.3308720573868017,0.3578125,0.3308720573868017,15682.578125,7831.937981364849
1247,0.646875,0.33326150756106676,0.353125,0.33326150756106676,15695.421875,7838.365376710159
1248,0.6359375,0.3293818933102198,0.3640625,0.32938189331021983,15708.359375,7844.838441506609
1249,0.63203125,0.32690808568216084,0.36796875,0.32690808568216084,15721.078125,7851.201483677813
1250,0.63359375,0.3281287202170057,0.36640625,0.3281287202170057,15733.71875,7857.519323298901
1251,0.634375,0.3267698952674879,0.365625,0.3267698952674879,15746.390625,7863.852859470996
1252,0.62890625,0.32713765140801204,0.37109375,0.32713765140801204,15759.078125,7870.200053234333
1253,0.62265625,0.3244455155771535,0.37734375,0.3244455155771535,15771.65625,7876.49303700649
1254,0.62578125,0.32536412894824474,0.37421875,0.3253641289482447,15784.109375,7882.730088859354
1255,0.6296875,0.3253359891856033,0.3703125,0.3253359891856033,15796.625,7889.00114082892
1256,0.61328125,0.31951119283015733,0.38671875,0.31951119283015733,15809.21875,7895.312331473875
1257,0.6078125,0.31665788604876877,0.3921875,0.31665788604876877,15821.484375,7901.461972399129
1258,0.6140625,0.32209299353505816,0.3859375,0.3220929935350581,15833.640625,7907.561222266111
1259,0.603125,0.3164940078915397,0.396875,0.3164940078915397,15845.921875,7913.738608623929
1260,0.596875,0.3128260018314894,0.403125,0.3128260018314894,15857.984375,7919.806046147452
1261,0.58828125,0.3097496153649751,0.41171875,0.3097496153649751,15869.921875,7925.815504330858
1262,0.59765625,0.31049159295683837,0.40234375,0.31049159295683837,15881.6875,7931.735154740191
1263,0.60234375,0.310013545570996,0.39765625,0.310013545570996,15893.640625,7937.74251668763
1264,0.60234375,0.3120543697619054,0.39765625,0.3120543697619054,15905.6875,7943.7951327949295
1265,0.5859375,0.3045171799597274,0.4140625,0.3045171799597274,15917.734375,7949.849435361772
1266,0.57421875,0.300207447806929,0.42578125,0.300207447806929,15929.453125,7955.742717067702
1267,0.57578125,0.29995930713598473,0.42421875,0.29995930713598473,15940.9375,7961.507665732882
1268,0.58671875,0.30509187909136487,0.41328125,0.3050918790913648,15952.453125,7967.2835312105735
1269,0.584375,0.30356966418867515,0.415625,0.30356966418867515,15964.1875,7973.1814255616855
1270,0.59921875,0.3069785657725145,0.40078125,0.3069785657725145,15975.875,7979.063286726942
1271,0.5953125,0.3053138593879665,0.4046875,0.3053138593879665,15987.859375,7985.074552065922
1272,0.6046875,0.3064492336627716,0.3953125,0.30644923366277166,15999.765625,7991.056343003144
1273,0.60859375,0.3086125389849706,0.39140625,0.30861253898497065,16011.859375,7997.121111241913
1274,0.6125,0.31167273313224725,0.3875,0.31167273313224725,16024.03125,8003.225703071036
1275,0.61484375,0.3113612062882112,0.38515625,0.3113612062882112,16036.28125,8009.368134812215
1276,0.6171875,0.31575453715564405,0.3828125,0.31575453715564405,16048.578125,8015.543879249603
1277,0.62734375,0.31691798894785067,0.37265625,0.31691798894785067,16060.921875,8021.754933332806
1278,0.6109375,0.30908880386043586,0.3890625,0.30908880386043586,16073.46875,8028.052610824619
1279,0.61015625,0.30921515757135026,0.38984375,0.30921515757135026,16085.6875,8034.186310928502
1280,0.61328125,0.3109532031210645,0.38671875,0.3109532031210645,16097.890625,8040.315203964429
1281,0.61328125,0.3121971188458103,0.38671875,0.3121971188458103,16110.15625,8046.46731931478
1282,0.62265625,0.3154896058608746,0.37734375,0.3154896058608746,16122.421875,8052.626068502193
1283,0.61796875,0.31170210638524726,0.38203125,0.3117021063852472,16134.875,8058.870884806896
1284,0.60859375,0.3083652239279342,0.39140625,0.3083652239279342,16147.234375,8065.065935650292
1285,0.60859375,0.31160418477412977,0.39140625,0.31160418477412977,16159.40625,8071.172348403714
1286,0.603125,0.3081394995320707,0.396875,0.3081394995320707,16171.578125,8077.289082324192
1287,0.603125,0.30519389008771947,0.396875,0.30519389008771947,16183.640625,8083.345128461379
1288,0.61796875,0.3138486523190756,0.38203125,0.31384865231907555,16195.703125,8089.398536306591
1289,0.6234375,0.31792747735824123,0.3765625,0.31792747735824123,16208.0625,8095.601473562666
1290,0.6125,0.31680048741775163,0.3875,0.3168004874177517,16220.53125,8101.855869417117
1291,0.615625,0.31840706122921486,0.384375,0.31840706122921486,16232.78125,8108.002721920601
1292,0.61171875,0.316127384826908,0.38828125,0.316127384826908,16245.09375,8114.193655725576
1293,0.6078125,0.31639756932536633,0.3921875,0.31639756932536633,16257.328125,8120.34656561548
1294,0.6109375,0.3158086563441145,0.3890625,0.3158086563441145,16269.484375,8126.461665039673
1295,0.61171875,0.31449169988550574,0.38828125,0.31449169988550574,16281.703125,8132.613769095711
1296,0.60390625,0.311459204290867,0.39609375,0.311459204290867,16293.9375,8138.766712625388
1297,0.61484375,0.31811939766678016,0.38515625,0.31811939766678016,16306.015625,8144.839095950624
1298,0.62265625,0.3228519760470733,0.37734375,0.3228519760470733,16318.3125,8151.028958662884
1299,0.6109375,0.3170623983589429,0.3890625,0.3170623983589429,16330.765625,8157.312294088124
1300,0.61171875,0.3177546499708934,0.38828125,0.3177546499708934,16342.984375,8163.4769394371815
1301,0.625,0.32089314749519815,0.375,0.32089314749519815,16355.21875,8169.646482165228
1302,0.6140625,0.3174933100919215,0.3859375,0.31749331009192144,16367.71875,8175.9424524838805
1303,0.61015625,0.314683776045493,0.38984375,0.31468377604549297,16380.0,8182.13341997343
1304,0.61953125,0.31762977170756523,0.38046875,0.31762977170756523,16392.203125,8188.282747859084
1305,0.63125,0.32397487062560115,0.36875,0.32397487062560115,16404.59375,8194.52013364438
1306,0.63125,0.323428064475897,0.36875,0.323428064475897,16417.21875,8200.880365011459
1307,0.61640625,0.3178775590980354,0.38359375,0.31787755909803544,16429.84375,8207.243407092403
1308,0.62265625,0.31952647459756756,0.37734375,0.31952647459756756,16442.171875,8213.465267039917
1309,0.6265625,0.3220569873873256,0.3734375,0.3220569873873256,16454.625,8219.743162188448
1310,0.6171875,0.3187748917976838,0.3828125,0.3187748917976838,16467.15625,8226.064368465677
1311,0.60546875,0.31188415880840276,0.39453125,0.31188415880840276,16479.5,8232.290311389419
1312,0.6015625,0.3096353071558539,0.3984375,0.3096353071558539,16491.609375,8238.39484164813
1313,0.58125,0.30191446429411095,0.41875,0.30191446429411095,16503.640625,8244.461548050616
1314,0.584375,0.30166368121220694,0.415625,0.30166368121220694,16515.265625,8250.335532742412
1315,0.58828125,0.3063516253578149,0.41171875,0.3063516253578149,16526.953125,8256.233895795942
1316,0.590625,0.30966881565734866,0.409375,0.30966881565734866,16538.71875,8262.18121232244
1317,0.59375,0.31049159295683837,0.40625,0.31049159295683837,16550.53125,8268.155637445363
1318,0.61015625,0.3160868372328639,0.38984375,0.3160868372328639,16562.40625,8274.151520682168
1319,0.60625,0.31484859642671903,0.39375,0.31484859642671903,16574.609375,8280.312210904767
1320,0.60078125,0.3099347839667242,0.39921875,0.3099347839667242,16586.734375,8286.431063728569
1321,0.6140625,0.3153715721424888,0.3859375,0.31537157214248873,16598.75,8292.487543004145
1322,0.621875,0.3214290752104187,0.378125,0.3214290752104187,16611.03125,8298.675436036512
1323,0.61640625,0.31723367890444737,0.38359375,0.31723367890444737,16623.46875,8304.943292244827
1324,0.615625,0.3171201437103531,0.384375,0.3171201437103531,16635.796875,8311.153472852995
1325,0.60546875,0.3111298086209356,0.39453125,0.3111298086209356,16648.109375,8317.35577766902
1326,0.6015625,0.3097042912955437,0.3984375,0.3097042912955437,16660.21875,8323.449148697733
1327,0.5875,0.3005488144108208,0.4125,0.3005488144108208,16672.25,8329.50074917271
1328,0.5828125,0.3013377562791875,0.4171875,0.30133775627918746,16684.0,8335.400967591622
1329,0.58125,0.2966425899493783,0.41875,0.2966425899493783,16695.65625,8341.256554746975
1330,0.57734375,0.29542615207209566,0.42265625,0.29542615207209566,16707.28125,8347.08990378182
1331,0.5921875,0.301228360867009,0.4078125,0.301228360867009,16718.828125,8352.887905381185
1332,0.5984375,0.3034168215147687,0.4015625,0.3034168215147687,16730.671875,8358.833119790806
1333,0.6109375,0.30846615241789493,0.3890625,0.30846615241789493,16742.640625,8364.839968360964
1334,0.6328125,0.3200170130975461,0.3671875,0.3200170130975461,16754.859375,8370.975555686819
1335,0.6296875,0.3195054619789386,0.3703125,0.3195054619789386,16767.515625,8377.33085880408
1336,0.6359375,0.32099203833097634,0.3640625,0.3209920383309764,16780.109375,8383.669017664874
1337,0.63359375,0.32030678348557495,0.36640625,0.32030678348557495,16792.828125,8390.057174309577
1338,0.62109375,0.3145343936132025,0.37890625,0.3145343936132025,16805.5,8396.415270723424
1339,0.615625,0.31361714380853767,0.384375,0.31361714380853767,16817.921875,8402.657376265568
1340,0.6171875,0.3126464500588084,0.3828125,0.3126464500588084,16830.234375,8408.853440371084
1341,0.61015625,0.31197612338526803,0.38984375,0.31197612338526803,16842.578125,8415.057682993354
1342,0.6046875,0.3117314768705191,0.3953125,0.31173147687051916,16854.78125,8421.198622740847
1343,0.60078125,0.3101710087798342,0.39921875,0.3101710087798342,16866.875,8427.287660307456
1344,0.6078125,0.31353928743560194,0.3921875,0.31353928743560194,16878.890625,8433.351522604082
1345,0.60859375,0.31980142153960167,0.39140625,0.31980142153960167,16891.046875,8439.478883769414
1346,0.60703125,0.3171490124432835,0.39296875,0.3171490124432835,16903.21875,8445.6262143109
1347,0.615625,0.32060390707908565,0.384375,0.32060390707908565,16915.359375,8451.750618775535
1348,0.6234375,0.3232015292594158,0.3765625,0.3232015292594158,16927.671875,8457.95156559998
1349,0.61171875,0.317437555375069,0.38828125,0.317437555375069,16940.140625,8464.223934016383
1350,0.61484375,0.31793707612513517,0.38515625,0.31793707612513517,16952.375,8470.384528119088
1351,0.6234375,0.32145945567151235,0.3765625,0.32145945567151235,16964.671875,8476.568789369787
1352,0.62421875,0.3208493975956633,0.37578125,0.3208493975956633,16977.140625,8482.84792521729
1353,0.6078125,0.32081325187424065,0.3921875,0.32081325187424065,16989.625,8489.126108639151
1354,0.596875,0.3182805212927348,0.403125,0.3182805212927348,17001.78125,8495.252498494885
1355,0.5765625,0.3102811854793971,0.4234375,0.3102811854793971,17013.71875,8501.270621454138
1356,0.58359375,0.3080602587918069,0.41640625,0.3080602587918069,17025.25,8507.089574916003
1357,0.59765625,0.3112867071728248,0.40234375,0.3112867071728248,17036.921875,8512.969741077435
1358,0.58984375,0.3053078620425619,0.41015625,0.3053078620425619,17048.875,8518.973021257554
1359,0.590625,0.3028530513353382,0.409375,0.3028530513353382,17060.671875,8524.89818696649
1360,0.59921875,0.3094539040794283,0.40078125,0.3094539040794283,17072.484375,8530.829540119656
1361,0.59921875,0.30904930773159,0.40078125,0.30904930773159,17084.46875,8536.858670806963
1362,0.596875,0.30731439711128894,0.403125,0.30731439711128894,17096.453125,8542.89361029484
1363,0.603125,0.3068294104374204,0.396875,0.3068294104374204,17108.390625,8548.898590796516
1364,0.61015625,0.3122303524142872,0.38984375,0.3122303524142872,17120.453125,8554.959192375094
1365,0.61328125,0.3118058697180427,0.38671875,0.3118058697180427,17132.65625,8561.106636458882
1366,0.62421875,0.31484859642671903,0.37578125,0.3148485964267191,17144.921875,8567.276115348512
1367,0.6171875,0.31509663386312936,0.3828125,0.31509663386312936,17157.40625,8573.542360336956
1368,0.6171875,0.3123143980080409,0.3828125,0.3123143980080409,17169.75,8579.753676841396
1369,0.61875,0.31332508265677517,0.38125,0.31332508265677517,17182.09375,8585.943485894182
1370,0.61015625,0.30661848049020957,0.38984375,0.3066184804902095,17194.46875,8592.137503747294
1371,0.61875,0.31115531001916874,0.38125,0.31115531001916874,17206.671875,8598.250651249866
1372,0.609375,0.3068731701829357,0.390625,0.3068731701829357,17219.046875,8604.448196889165
1373,0.615625,0.31064488429817255,0.384375,0.31064488429817255,17231.234375,8610.549829437978
1374,0.61015625,0.3101021284643577,0.38984375,0.31010212846435764,17243.546875,8616.704686241856
1375,0.6203125,0.3125332013612714,0.3796875,0.3125332013612714,17255.75,8622.803851346096
1376,0.62890625,0.31588981774208075,0.37109375,0.31588981774208075,17268.15625,8629.007844948548
1377,0.62578125,0.31401391104236925,0.37421875,0.31401391104236925,17280.734375,8635.293636748613
1378,0.62578125,0.3134886704242675,0.37421875,0.3134886704242675,17293.25,8641.564899660192
1379,0.625,0.31430144827955375,0.375,0.31430144827955375,17305.765625,8647.818624452399
1380,0.625,0.3144955813729741,0.375,0.3144955813729741,17318.265625,8654.071914800741
1381,0.6265625,0.31526704640173703,0.3734375,0.31526704640173703,17330.765625,8660.327997197506
1382,0.63125,0.317341403548686,0.36875,0.317341403548686,17343.296875,8666.598491906838
1383,0.6234375,0.3167831474368547,0.3765625,0.3167831474368547,17355.921875,8672.917999552003
1384,0.625,0.3184492300342003,0.375,0.3184492300342003,17368.390625,8679.164504607968
1385,0.63359375,0.32107759235502564,0.36640625,0.3210775923550256,17380.890625,8685.445851264856
1386,0.634375,0.32026104769683594,0.365625,0.32026104769683594,17393.5625,8691.806432303967
1387,0.63515625,0.32047061646214153,0.36484375,0.32047061646214153,17406.25,8698.159471458199
1388,0.6203125,0.3141207968282266,0.3796875,0.3141207968282266,17418.953125,8704.521933530215
1389,0.6296875,0.3159323225342336,0.3703125,0.31593232253423353,17431.359375,8710.738850397493
1390,0.64296875,0.3222369778934054,0.35703125,0.3222369778934054,17443.953125,8717.04331366572
1391,0.65078125,0.3260219060172567,0.34921875,0.3260219060172567,17456.8125,8723.485150998282
1392,0.65859375,0.32995767957800287,0.34140625,0.32995767957800287,17469.828125,8730.004447581065
1393,0.6546875,0.3287252693882462,0.3453125,0.3287252693882462,17483.0,8736.597587798857
1394,0.65078125,0.3257878071882065,0.34921875,0.3257878071882065,17496.09375,8743.158309171708
1395,0.66015625,0.33022024492185514,0.33984375,0.33022024492185514,17509.109375,8749.66751329796
1396,0.65703125,0.32869556048777876,0.34296875,0.3286955604877787,17522.3125,8756.269190874982
1397,0.653125,0.32697342566904425,0.346875,0.32697342566904425,17535.453125,8762.822918109245
1398,0.6390625,0.3197269800890675,0.3609375,0.3197269800890675,17548.515625,8769.343478501985
1399,0.64453125,0.32290301550446227,0.35546875,0.32290301550446227,17561.296875,8775.72401646631
1400,0.63671875,0.32042680887177655,0.36328125,0.32042680887177655,17574.1875,8782.155660119799
1401,0.64375,0.3238881974588222,0.35625,0.32388819745882225,17586.921875,8788.499419407268
1402,0.63359375,0.31825175519940185,0.36640625,0.31825175519940185,17599.796875,8794.907471826426
1403,0.63203125,0.3171182190347158,0.36796875,0.3171182190347159,17612.46875,8801.225415944396
1404,0.63984375,0.3225758450058684,0.36015625,0.3225758450058684,17625.109375,8807.533958502561
1405,0.6421875,0.32265341251778973,0.3578125,0.32265341251778973,17637.90625,8813.925080419176
1406,0.64140625,0.3224717617239919,0.35859375,0.3224717617239919,17650.75,8820.330708655918
1407,0.62578125,0.31563273505373296,0.37421875,0.31563273505373296,17663.578125,8826.73516982926
1408,0.63515625,0.3200322707116815,0.36484375,0.3200322707116815,17676.09375,8832.984418518634
1409,0.63046875,0.3171875,0.36953125,0.3171875,17688.796875,8839.316962126293
1410,0.63984375,0.3225001514050032,0.36015625,0.3225001514050032,17701.40625,8845.608378066769
1411,0.63125,0.3178506767876623,0.36875,0.3178506767876623,17714.203125,8852.014770192107
1412,0.6359375,0.3200398992459768,0.3640625,0.3200398992459768,17726.828125,8858.336465060618
1413,0.63984375,0.3224149748625597,0.36015625,0.3224149748625597,17739.546875,8864.708104821693
1414,0.63046875,0.31779306417954595,0.36953125,0.31779306417954595,17752.34375,8871.12402254302
1415,0.62734375,0.3158956141868703,0.37265625,0.3158956141868703,17764.953125,8877.446961662396
1416,0.62578125,0.3170700983467615,0.37421875,0.3170700983467615,17777.5,8883.726548178556
1417,0.62421875,0.3162123248309591,0.37578125,0.3162123248309591,17790.015625,8890.000898074952
1418,0.62890625,0.3195971432669181,0.37109375,0.3195971432669181,17802.5,8896.256699817231
1419,0.615625,0.313208181940343,0.384375,0.313208181940343,17815.078125,8902.566683392273
1420,0.62890625,0.3216530636561309,0.37109375,0.3216530636561309,17827.390625,8908.722981309658
1421,0.63046875,0.3228992350805821,0.36953125,0.3228992350805821,17839.96875,8915.027485098326
1422,0.6359375,0.32761679394053506,0.3640625,0.32761679394053506,17852.578125,8921.332766879752
1423,0.640625,0.3304234971971576,0.359375,0.3304234971971576,17865.296875,8927.69011213322
1424,0.64765625,0.33345192389139844,0.35234375,0.3334519238913985,17878.109375,8934.087787006432
1425,0.63828125,0.32749753994782155,0.36171875,0.32749753994782155,17891.0625,8940.566531342809
1426,0.65078125,0.3304567447582966,0.34921875,0.3304567447582966,17903.828125,8946.959352362792
1427,0.659375,0.33498593428959816,0.340625,0.3349859342895982,17916.84375,8953.475838948403
1428,0.65390625,0.33313328144021426,0.34609375,0.33313328144021426,17930.03125,8960.074168933701
1429,0.65546875,0.3334244667087285,0.34453125,0.3334244667087285,17943.109375,8966.625376940347
1430,0.65546875,0.3334702274238661,0.34453125,0.3334702274238661,17956.21875,8973.192793818656
1431,0.6515625,0.3330123373043032,0.3484375,0.3330123373043032,17969.328125,8979.749658927676
1432,0.65390625,0.3331057979925447,0.34609375,0.3331057979925447,17982.359375,8986.258058015801
1433,0.6484375,0.33275197513031385,0.3515625,0.33275197513031385,17995.4375,8992.788123348915
1434,0.64375,0.32971526838034815,0.35625,0.32971526838034815,18008.40625,8999.252236134418
1435,0.63828125,0.3278886797803867,0.36171875,0.3278886797803867,18021.28125,9005.659218267501
1436,0.640625,0.32751990337897785,0.359375,0.32751990337897785,18034.046875,9012.015980062526
1437,0.6296875,0.32224455423540516,0.3703125,0.32224455423540516,18046.859375,9018.391142943896
1438,0.62734375,0.3228897838272372,0.37265625,0.3228897838272372,18059.453125,9024.666372896554
1439,0.628125,0.32428369078536,0.371875,0.32428369078536,18072.0,9030.911585976826
1440,0.61953125,0.32535662524950987,0.38046875,0.32535662524950987,18084.5625,9037.154363420006
1441,0.6140625,0.3220740434327563,0.3859375,0.32207404343275625,18096.953125,9043.294916094084
1442,0.60703125,0.32054678931573316,0.39296875,0.32054678931573316,18109.234375,9049.379023795422
1443,0.625,0.32510702865075836,0.375,0.32510702865075836,18121.375,9055.37670190362
1444,0.63125,0.3273577338898533,0.36875,0.3273577338898533,18133.875,9061.563715454318
1445,0.64609375,0.3295689952896813,0.35390625,0.3295689952896813,18146.5,9067.823299885658
1446,0.6484375,0.3296467688109501,0.3515625,0.3296467688109501,18159.421875,9074.24831067613
1447,0.6484375,0.3281343004634307,0.3515625,0.3281343004634307,18172.390625,9080.69489423618
1448,0.64921875,0.3289832525657651,0.35078125,0.3289832525657651,18185.359375,9087.149678464011
1449,0.65234375,0.3292855221204312,0.34765625,0.3292855221204312,18198.34375,9093.615542981499
1450,0.65078125,0.330151850124492,0.34921875,0.330151850124492,18211.390625,9100.106190411067
1451,0.653125,0.3281566205002193,0.346875,0.3281566205002193,18224.40625,9106.571039778863
1452,0.64921875,0.3273651917201949,0.35078125,0.3273651917201949,18237.46875,9113.076923020173
1453,0.6296875,0.31753175591682953,0.3703125,0.3175317559168295,18250.453125,9119.542077249847
1454,0.6203125,0.3139944733540305,0.3796875,0.3139944733540306,18263.046875,9125.819772011195
1455,0.609375,0.30921120979942657,0.390625,0.30921120979942657,18275.453125,9131.98898626224
1456,0.6125,0.31114354040277775,0.3875,0.3111435404027778,18287.640625,9138.046641347022
1457,0.63046875,0.3227007006306308,0.36953125,0.3227007006306308,18299.890625,9144.125626896688
1458,0.625,0.3190428342372306,0.375,0.3190428342372306,18312.5,9150.379044349662
1459,0.6171875,0.31397114653957453,0.3828125,0.31397114653957453,18325.0,9156.582061224883
1460,0.62890625,0.3176528298512387,0.37109375,0.3176528298512387,18337.34375,9162.71576501365
1461,0.63203125,0.31950546197893864,0.36796875,0.3195054619789387,18349.921875,9168.971355888165
1462,0.6203125,0.3170700983467615,0.3796875,0.3170700983467615,18362.5625,9175.252442909312
1463,0.6296875,0.3209730232287832,0.3703125,0.3209730232287832,18374.96875,9181.398909164072
1464,0.62421875,0.319992217922952,0.37578125,0.319992217922952,18387.5625,9187.637925383717
1465,0.63515625,0.32369215518471406,0.36484375,0.32369215518471406,18400.046875,9193.816469024889
1466,0.6265625,0.3194691642005532,0.3734375,0.3194691642005532,18412.75,9200.113055972506
1467,0.621875,0.3148679813876365,0.378125,0.31486798138763644,18425.28125,9206.319763371746
1468,0.62578125,0.3166848696111404,0.37421875,0.3166848696111404,18437.71875,9212.49160889946
1469,0.62890625,0.31776809547215407,0.37109375,0.31776809547215407,18450.234375,9218.712899157335
1470,0.63671875,0.32111180758226565,0.36328125,0.32111180758226565,18462.8125,9224.97176777311
1471,0.628125,0.3177815404045285,0.371875,0.31778154040452855,18475.546875,9231.30598641621
1472,0.634375,0.3232015292594158,0.365625,0.3232015292594158,18488.109375,9237.548850645739
1473,0.6234375,0.3186753129411266,0.3765625,0.3186753129411266,18500.796875,9243.84204051118
1474,0.6265625,0.32161131492941136,0.3734375,0.32161131492941136,18513.265625,9250.035290974696
1475,0.6359375,0.3240577537019829,0.3640625,0.3240577537019829,18525.796875,9256.252529355876
1476,0.653125,0.330251664809392,0.346875,0.330251664809392,18538.515625,9262.580216815897
1477,0.64375,0.3245470852540121,0.35625,0.3245470852540121,18551.578125,9269.085371229496
1478,0.64140625,0.3232657303548816,0.35859375,0.32326573035488154,18564.453125,9275.497311912757
1479,0.64375,0.325054457576919,0.35625,0.325054457576919,18577.28125,9281.881199391068
1480,0.6484375,0.32685767162482204,0.3515625,0.32685767162482204,18590.15625,9288.292847241268
1481,0.6546875,0.3294300683329847,0.3453125,0.3294300683329847,18603.125,9294.751953623858
1482,0.64375,0.324688101539385,0.35625,0.32468810153938504,18616.21875,9301.276715147134
1483,0.646875,0.32646155736548826,0.353125,0.32646155736548826,18629.09375,9307.690280012159
1484,0.63203125,0.3179351563949401,0.36796875,0.3179351563949401,18642.03125,9314.136490804498
1485,0.64453125,0.3235544776386196,0.35546875,0.3235544776386196,18654.671875,9320.432510543367
1486,0.6390625,0.32178207092980643,0.3609375,0.32178207092980643,18667.5625,9326.854447259864
1487,0.64375,0.3250075119324167,0.35625,0.3250075119324167,18680.34375,9333.218928530023
1488,0.6421875,0.3240973040616043,0.3578125,0.3240973040616043,18693.21875,9339.621421104326
1489,0.64609375,0.3265363326836694,0.35390625,0.3265363326836694,18706.0625,9346.013555594045
1490,0.65625,0.3316679998271992,0.34375,0.3316679998271992,18718.984375,9352.445307771828
1491,0.65078125,0.32923547210735055,0.34921875,0.32923547210735055,18732.109375,9358.985310778262
1492,0.63984375,0.3225001514050032,0.36015625,0.3225001514050032,18745.125,9365.465277015364
1493,0.646875,0.3272738215880931,0.353125,0.3272738215880931,18757.921875,9371.835198835959
1494,0.6375,0.32161890601008675,0.3625,0.3216189060100867,18770.859375,9378.26913222818
1495,0.63828125,0.3242385159637501,0.36171875,0.3242385159637501,18783.609375,9384.609527564973
1496,0.64921875,0.33105462988568823,0.35078125,0.3310546298856881,18796.375,9390.94735454418
1497,0.64296875,0.3272644966708885,0.35703125,0.3272644966708885,18809.359375,9397.39466983091
1498,0.64296875,0.32676989526748784,0.35703125,0.32676989526748784,18822.21875,9403.787298901878
1499,0.64921875,0.3271786949627069,0.35078125,0.32717869496270685,18835.078125,9410.174743391957
1500,0.65703125,0.3319567931222375,0.34296875,0.3319567931222375,18848.0625,9416.636976348613
1501,0.63984375,0.322755546161681,0.36015625,0.322755546161681,18861.203125,9423.169131246357
1502,0.65625,0.3298596262758979,0.34375,0.3298596262758979,18874.0,9429.536203399957
1503,0.6453125,0.32496995053389166,0.3546875,0.32496995053389166,18887.125,9436.078805113308
1504,0.63671875,0.3214632530272706,0.36328125,0.3214632530272706,18900.03125,9442.50061039679
1505,0.63828125,0.32273852613222365,0.36171875,0.32273852613222365,18912.765625,9448.83710442595
1506,0.63046875,0.32099393977924257,0.36953125,0.32099393977924257,18925.53125,9455.184146004945
1507,0.628125,0.32196031939607866,0.371875,0.3219603193960787,18938.140625,9461.451746630039
1508,0.62421875,0.3211061052975714,0.37578125,0.3211061052975714,18950.703125,9467.690253325261
1509,0.6234375,0.3195551259417145,0.3765625,0.3195551259417145,18963.1875,9473.889345179572
1510,0.61484375,0.31479237328952236,0.38515625,0.31479237328952236,18975.65625,9480.083678649637
1511,0.61796875,0.31410136575435327,0.38203125,0.31410136575435327,18987.953125,9486.186821819241
1512,0.63515625,0.32126953065630887,0.36484375,0.32126953065630887,19000.3125,9492.32393664806
1513,0.6296875,0.3205163223466552,0.3703125,0.3205163223466552,19013.015625,9498.642003910718
1514,0.63125,0.32200960474320484,0.36875,0.32200960474320484,19025.609375,9504.902436924285
1515,0.6296875,0.3216568587262286,0.3703125,0.3216568587262286,19038.234375,9511.172238996794
1516,0.6265625,0.32319208684619743,0.3734375,0.32319208684619743,19050.828125,9517.42475880691
1517,0.63359375,0.3239541465431489,0.36640625,0.3239541465431489,19063.359375,9523.638177874378
1518,0.62890625,0.3189088911576079,0.37109375,0.3189088911576079,19076.03125,9529.923286044364
1519,0.63828125,0.32410672010253816,0.36171875,0.32410672010253816,19088.609375,9536.172076087243
1520,0.6203125,0.31685828050072323,0.3796875,0.31685828050072323,19101.375,9542.517431586326
1521,0.6078125,0.3109983451774704,0.3921875,0.3109983451774704,19113.78125,9548.679421666324
1522,0.60859375,0.3085927610743648,0.39140625,0.30859276107436484,19125.9375,9554.708956179915
1523,0.61796875,0.31361519763477663,0.38203125,0.31361519763477663,19138.109375,9560.75732721639
1524,0.6234375,0.31884764129498433,0.3765625,0.31884764129498433,19150.46875,9566.905919218998
1525,0.6125,0.31300155064012863,0.3875,0.3130015506401287,19162.9375,9573.098378398709
1526,0.63046875,0.32052774779943,0.36953125,0.32052774779943,19175.1875,9579.191769916904
1527,0.62265625,0.3171201437103531,0.37734375,0.3171201437103531,19187.796875,9585.471757914544
1528,0.61640625,0.31249414057006736,0.38359375,0.31249414057006736,19200.25,9591.662737671826
1529,0.6109375,0.30980872375144636,0.3890625,0.30980872375144636,19212.578125,9597.795528598694
1530,0.6078125,0.3066503282700428,0.3921875,0.3066503282700428,19224.796875,9603.872614386311
1531,0.61171875,0.30914803859255685,0.38828125,0.30914803859255685,19236.953125,9609.919999153828
1532,0.5984375,0.3022680380008363,0.4015625,0.30226803800083624,19249.1875,9616.00691723059
1533,0.5921875,0.297599855221949,0.4078125,0.297599855221949,19261.15625,9621.969381641682
1534,0.59296875,0.2980896205422121,0.40703125,0.29808962054221216,19273.0,9627.87192766235
1535,0.59609375,0.29905245868722596,0.40390625,0.29905245868722596,19284.859375,9633.79138976467
1536,0.60078125,0.3014693832920683,0.39921875,0.30146938329206835,19296.78125,9639.745941030666
1537,0.59375,0.29834136213300194,0.40625,0.29834136213300194,19308.796875,9645.743819911218
1538,0.59375,0.29948482784504293,0.40625,0.29948482784504293,19320.671875,9651.66275200382
1539,0.58671875,0.2953021658244738,0.41328125,0.2953021658244737,19332.546875,9657.574066356829
1540,0.59140625,0.29962338013225037,0.40859375,0.29962338013225037,19344.28125,9663.419300089174
1541,0.5953125,0.3018558320777901,0.4046875,0.3018558320777901,19356.109375,9669.303558410373
1542,0.59609375,0.3032075435293868,0.40390625,0.3032075435293868,19368.015625,9675.235130505429
1543,0.61171875,0.3104680029558199,0.38828125,0.3104680029558199,19379.9375,9681.175056122327
1544,0.6234375,0.3188476412949844,0.3765625,0.3188476412949844,19392.171875,9687.263110813343
1545,0.625,0.31567720793458465,0.375,0.31567720793458465,19404.640625,9693.473920477254
1546,0.621875,0.31271867349104693,0.378125,0.3127186734910469,19417.140625,9699.713449627407
1547,0.6203125,0.3122987633310849,0.3796875,0.3122987633310849,19429.578125,9705.931502290156
1548,0.615625,0.3097200569415468,0.384375,0.3097200569415468,19441.984375,9712.133327241409
1549,0.61171875,0.3078125,0.38828125,0.3078125,19454.296875,9718.28708553895
1550,0.61796875,0.31347893544662614,0.38203125,0.31347893544662614,19466.53125,9724.402036866297
1551,0.62265625,0.31560566153627534,0.37734375,0.31560566153627534,19478.890625,9730.558491582355
1552,0.615625,0.31306199465920487,0.384375,0.31306199465920487,19491.34375,9736.76694584076
1553,0.6328125,0.3215486816758856,0.3671875,0.3215486816758856,19503.65625,9742.90872786419
1554,0.6296875,0.320706693418028,0.3703125,0.320706693418028,19516.3125,9749.213699438751
1555,0.61953125,0.31627215522691055,0.38046875,0.31627215522691055,19528.90625,9755.490589813986
1556,0.6203125,0.31664632096098166,0.3796875,0.31664632096098166,19541.296875,9761.665184251793
1557,0.6046875,0.3108491551631193,0.3953125,0.3108491551631193,19553.703125,9767.847141878776
1558,0.60625,0.31087860623159647,0.39375,0.31087860623159647,19565.796875,9773.876618007973
1559,0.5984375,0.3097082327822834,0.4015625,0.3097082327822833,19577.921875,9779.928521779353
1560,0.609375,0.31602504041907026,0.390625,0.31602504041907026,19589.890625,9785.901108825838
1561,0.609375,0.31443735402998,0.390625,0.31443735402998,19602.078125,9791.99269250834
1562,0.61328125,0.31535802446386235,0.38671875,0.31535802446386235,19614.265625,9798.076193132292
1563,0.61875,0.3198033300668944,0.38125,0.3198033300668944,19626.53125,9804.196245611414
1564,0.62578125,0.32085890895084246,0.37421875,0.32085890895084246,19638.90625,9810.386026764729
1565,0.61484375,0.31635898566739024,0.38515625,0.31635898566739024,19651.421875,9816.635409855026
1566,0.61796875,0.31807910400755657,0.38203125,0.31807910400755657,19663.71875,9822.77073580681
1567,0.615625,0.3163493390176041,0.384375,0.3163493390176041,19676.078125,9828.941467402728
1568,0.63203125,0.32408600445136476,0.36796875,0.32408600445136476,19688.390625,9835.087822414673
1569,0.6171875,0.32009329389550634,0.3828125,0.32009329389550634,19701.03125,9841.404753165323
1570,0.61484375,0.32052774779943,0.38515625,0.32052774779943,19713.375,9847.57233891759
1571,0.6203125,0.3257297246424173,0.3796875,0.32572972464241734,19725.671875,9853.726431231129
1572,0.63828125,0.3295504750793116,0.36171875,0.3295504750793116,19738.078125,9859.94209400684
1573,0.64140625,0.33101775466921707,0.35859375,0.33101775466921707,19750.84375,9866.333444630027
1574,0.63203125,0.3277378668616124,0.36796875,0.32773786686161244,19763.671875,9872.76762160712
1575,0.62890625,0.3292206410126042,0.37109375,0.3292206410126042,19776.3125,9879.105964939536
1576,0.609375,0.325069478751274,0.390625,0.325069478751274,19788.890625,9885.42020899952
1577,0.61640625,0.329539362453486,0.38359375,0.329539362453486,19801.078125,9891.545951692948
1578,0.6078125,0.3284001822281772,0.3921875,0.3284001822281772,19813.40625,9897.747161157984
1579,0.61796875,0.3330123373043032,0.38203125,0.3330123373043032,19825.5625,9903.870458541463
1580,0.6125,0.32747703879432527,0.3875,0.32747703879432527,19837.921875,9910.106188235794
1581,0.6140625,0.3200589697862333,0.3859375,0.32005896978623327,19850.171875,9916.283017482534
1582,0.61953125,0.3236167226876958,0.38046875,0.3236167226876958,19862.453125,9922.453259305657
1583,0.61171875,0.32324873718817526,0.38828125,0.32324873718817526,19874.84375,9928.684743821183
1584,0.62578125,0.3254954156743225,0.37421875,0.3254954156743225,19887.078125,9934.841087706853
1585,0.61953125,0.3224831178963094,0.38046875,0.3224831178963094,19899.59375,9941.137185995436
1586,0.61953125,0.32240740252532196,0.38046875,0.32240740252532196,19911.984375,9947.37288918458
1587,0.6265625,0.32788867978038677,0.3734375,0.32788867978038677,19924.375,9953.606842241754
1588,0.62109375,0.323129759998789,0.37890625,0.323129759998789,19936.90625,9959.920924915337
1589,0.62109375,0.318765318259374,0.37890625,0.318765318259374,19949.328125,9966.170906281064
1590,0.62109375,0.318334211045365,0.37890625,0.318334211045365,19961.75,9972.410462795671
1591,0.62734375,0.3228897838272372,0.37265625,0.3228897838272372,19974.171875,9978.649936963073
1592,0.62734375,0.32355070482653875,0.37265625,0.32355070482653875,19986.71875,9984.945524461555
1593,0.61640625,0.3185871980076648,0.38359375,0.31858719800766483,19999.265625,9991.246907889628
1594,0.6265625,0.3219337780070227,0.3734375,0.3219337780070227,20011.59375,9997.4442959286
1595,0.6390625,0.32761865693974146,0.3609375,0.32761865693974146,20024.125,10003.743220362332
1596,0.625,0.3234129670647499,0.375,0.3234129670647499,20036.90625,10010.173925343406
1597,0.62578125,0.3261697698285358,0.37421875,0.3261697698285358,20049.40625,10016.463645124539
1598,0.6390625,0.3326382319568438,0.3609375,0.3326382319568438,20061.921875,10022.769006424938
1599,0.63984375,0.3324161372154637,0.36015625,0.3324161372154637,20074.703125,10029.215657156541
1600,0.64765625,0.33405541093974966,0.35234375,0.33405541093974966,20087.5,10035.670584936288
1601,0.63671875,0.3318059897647268,0.36328125,0.3318059897647268,20100.453125,10042.196645300799
1602,0.6453125,0.3328656794367286,0.3546875,0.3328656794367286,20113.1875,10048.623682917896
1603,0.63828125,0.3309273930231902,0.36171875,0.3309273930231902,20126.09375,10055.129887315292
1604,0.6453125,0.33498593428959816,0.3546875,0.33498593428959816,20138.859375,10061.567676820267
1605,0.64140625,0.3377079076056334,0.35859375,0.33770790760563335,20151.765625,10068.076198381981
1606,0.63671875,0.33510070198188185,0.36328125,0.33510070198188185,20164.59375,10074.555732464978
1607,0.63125,0.3351608027080061,0.36875,0.3351608027080061,20177.328125,10080.991194344395
1608,0.63046875,0.33255565206255333,0.36953125,0.33255565206255333,20189.953125,10087.377574453621
1609,0.63046875,0.32686327357073175,0.36953125,0.32686327357073175,20202.5625,10093.750288482
1610,0.6375,0.33150601839842214,0.3625,0.3315060183984221,20215.171875,10100.108460630703
1611,0.6453125,0.3344936267376779,0.3546875,0.33449362673767785,20227.921875,10106.543517281229
1612,0.65390625,0.33754701640104895,0.34609375,0.33754701640104895,20240.828125,10113.055012991908
1613,0.65390625,0.3361064255513051,0.34609375,0.3361064255513051,20253.90625,10119.64776529078
1614,0.64921875,0.33142315639337877,0.35078125,0.3314231563933787,20266.984375,10126.235991495989
1615,0.65703125,0.3357412217299955,0.34296875,0.3357412217299955,20279.96875,10132.76027244154
1616,0.659375,0.3352591261108711,0.340625,0.33525912611087116,20293.109375,10139.358611386273
1617,0.6453125,0.33070414931627334,0.3546875,0.3307041493162733,20306.296875,10145.97354490086
1618,0.6546875,0.3339384562731957,0.3453125,0.3339384562731957,20319.203125,10152.460471914632
1619,0.64765625,0.33297567889318136,0.35234375,0.33297567889318136,20332.296875,10159.034946366899
1620,0.64921875,0.3353137377656558,0.35078125,0.33531373776565576,20345.25,10165.553970653711
1621,0.6453125,0.33246203671904406,0.3546875,0.33246203671904406,20358.234375,10172.095835568414
1622,0.67109375,0.34232124954583965,0.32890625,0.34232124954583965,20371.140625,10178.59212552084
1623,0.671875,0.3415680037296746,0.328125,0.3415680037296746,20384.5625,10185.338388937698
1624,0.6828125,0.3467500478776102,0.3171875,0.3467500478776102,20398.0,10192.090817440601
1625,0.684375,0.3473480023918735,0.315625,0.3473480023918735,20411.65625,10198.948585252741
1626,0.6828125,0.3452152719454558,0.3171875,0.3452152719454558,20425.34375,10205.82404667451
1627,0.68203125,0.34586176621321557,0.31796875,0.34586176621321557,20439.0,10212.679507033348
1628,0.6859375,0.347937912587325,0.3140625,0.347937912587325,20452.640625,10219.533558739515
1629,0.6875,0.349638834303521,0.3125,0.349638834303521,20466.359375,10226.426822128042
1630,0.68671875,0.3484707803613167,0.31328125,0.3484707803613167,20480.109375,10233.334257388327
1631,0.690625,0.3509838988694852,0.309375,0.3509838988694852,20493.84375,10240.228118191393
1632,0.69453125,0.3518262899233796,0.30546875,0.35182628992337966,20507.65625,10247.169965638683
1633,0.696875,0.3536103550564166,0.303125,0.3536103550564166,20521.546875,10254.146953770056
1634,0.6796875,0.34463664062676214,0.3203125,0.34463664062676214,20535.484375,10261.15155270109
1635,0.678125,0.3440570361736917,0.321875,0.3440570361736917,20549.078125,10267.985403385643
1636,0.68984375,0.34901507623238853,0.31015625,0.34901507623238853,20562.640625,10274.806291822375
1637,0.69375,0.35006277338857383,0.30625,0.35006277338857383,20576.4375,10281.736157127607
1638,0.6765625,0.3442060185457613,0.3234375,0.34420601854576127,20590.3125,10288.703089655655
1639,0.66796875,0.34314577578268396,0.33203125,0.34314577578268396,20603.84375,10295.509360715576
1640,0.6609375,0.3407396596009921,0.3390625,0.34073965960099206,20617.203125,10302.242471183572
1641,0.65546875,0.33927664608417274,0.34453125,0.33927664608417274,20630.421875,10308.910003509063
1642,0.6671875,0.34613342746602066,0.3328125,0.34613342746602066,20643.53125,10315.529251628874
1643,0.6625,0.3441989256093415,0.3375,0.3441989256093415,20656.875,10322.269257508822
1644,0.66953125,0.3451816777075516,0.33046875,0.3451816777075516,20670.125,10328.962657455082
1645,0.6609375,0.3439044397385341,0.3390625,0.343904439738534,20683.515625,10335.721070934158
1646,0.66484375,0.34603643007275986,0.33515625,0.3460364300727598,20696.734375,10342.403093292227
1647,0.67421875,0.348682649186549,0.32578125,0.348682649186549,20710.03125,10349.124957891028
1648,0.6671875,0.3450030428987185,0.3328125,0.3450030428987185,20723.515625,10355.934422644501
1649,0.659375,0.34424148103566043,0.340625,0.3442414810356605,20736.859375,10362.67085042736
1650,0.66328125,0.34742706631212544,0.33671875,0.34742706631212544,20750.046875,10369.339543098133
1651,0.65859375,0.34114424299883767,0.34140625,0.34114424299883767,20763.3125,10376.049193889909
1652,0.65,0.3366145067757404,0.35,0.3366145067757404,20776.484375,10382.698201378964
1653,0.6453125,0.3402736146287279,0.3546875,0.3402736146287278,20789.484375,10389.260397775819
1654,0.6484375,0.3395248144235926,0.3515625,0.3395248144235926,20802.390625,10395.795093285651
1655,0.63671875,0.3377314021526574,0.36328125,0.3377314021526574,20815.359375,10402.35484375582
1656,0.6390625,0.3393953579299148,0.3609375,0.3393953579299148,20828.09375,10408.806157012332
1657,0.6359375,0.3328656794367287,0.3640625,0.3328656794367287,20840.875,10415.281078531882
1658,0.64375,0.33700230954790944,0.35625,0.3370023095479095,20853.59375,10421.711704586518
1659,0.64375,0.339564360730223,0.35625,0.339564360730223,20866.46875,10428.220538969004
1660,0.6375,0.3386103696313434,0.3625,0.3386103696313434,20879.34375,10434.735633952989
1661,0.6328125,0.34103150915183045,0.3671875,0.34103150915183045,20892.09375,10441.195021409076
1662,0.63984375,0.34249059065542226,0.36015625,0.34249059065542226,20904.75,10447.615236356722
1663,0.64140625,0.34051567913148284,0.35859375,0.34051567913148284,20917.546875,10454.107167820193
1664,0.64140625,0.33913269722650596,0.35859375,0.33913269722650596,20930.375,10460.609202209385
1665,0.653125,0.3457805792469771,0.346875,0.3457805792469771,20943.203125,10467.109649588272
1666,0.65234375,0.3420679728458585,0.34765625,0.3420679728458585,20956.265625,10473.728260523707
1667,0.65625,0.33935399336459854,0.34375,0.33935399336459854,20969.3125,10480.324034758427
1668,0.659375,0.3421518246243179,0.340625,0.3421518246243179,20982.4375,10486.944482712594
1669,0.653125,0.3379788992350336,0.346875,0.33797889923503355,20995.625,10493.600033826422
1670,0.646875,0.33530645672559756,0.353125,0.33530645672559756,21008.6875,10500.188198462207
1671,0.6375,0.33257216968182257,0.3625,0.33257216968182257,21021.625,10506.721289343937
1672,0.640625,0.3330361631077022,0.359375,0.3330361631077022,21034.375,10513.16359275491
1673,0.64296875,0.3310380365465954,0.35703125,0.3310380365465954,21047.1875,10519.631161217887
1674,0.640625,0.32938745232628397,0.359375,0.32938745232628397,21060.046875,10526.115119004502
1675,0.63671875,0.32971156606475754,0.36328125,0.32971156606475754,21072.859375,10532.573821955459
1676,0.62265625,0.3223127332993144,0.37734375,0.3223127332993144,21085.59375,10538.993108162027
1677,0.628125,0.32469750044753193,0.371875,0.32469750044753193,21098.046875,10545.264017706006
1678,0.63203125,0.32488542150945315,0.36796875,0.32488542150945315,21110.609375,10551.59637324731
1679,0.64609375,0.32972637507769226,0.35390625,0.32972637507769226,21123.25,10557.959408155433
1680,0.63984375,0.3264596877630912,0.36015625,0.3264596877630912,21136.171875,10564.449874918617
1681,0.64296875,0.3285859857023729,0.35703125,0.3285859857023729,21148.96875,10570.86579695654
1682,0.6390625,0.3275068582297171,0.3609375,0.3275068582297171,21161.828125,10577.324589663383
1683,0.6390625,0.3292818149729423,0.3609375,0.3292818149729423,21174.609375,10583.749763673488
1684,0.64375,0.3277658004152889,0.35625,0.3277658004152889,21187.390625,10590.183910135285
1685,0.63515625,0.3247275751254811,0.36484375,0.3247275751254811,21200.265625,10596.653186104659
1686,0.63203125,0.32474449090785207,0.36796875,0.32474449090785207,21212.96875,10603.034770997427
1687,0.625,0.3234129670647499,0.375,0.3234129670647499,21225.609375,10609.400894942624
1688,0.63828125,0.3290036598628122,0.36171875,0.3290036598628122,21238.109375,10615.708030129552
1689,0.64765625,0.333726371471637,0.35234375,0.333726371471637,21250.875,10622.143817322325
1690,0.64140625,0.3322967688349151,0.35859375,0.3322967688349151,21263.828125,10628.67426439687
1691,0.63671875,0.3272402506425898,0.36328125,0.3272402506425898,21276.65625,10635.150257036621
1692,0.64453125,0.33141026488610004,0.35546875,0.33141026488610004,21289.390625,10641.575737330437
1693,0.634375,0.3293930112485312,0.365625,0.3293930112485312,21302.28125,10648.080982820295
1694,0.634375,0.33242715367430503,0.365625,0.33242715367430503,21314.96875,10654.49430077166
1695,0.64609375,0.3372756777659782,0.35390625,0.3372756777659782,21327.65625,10660.91601898118
1696,0.6453125,0.3342198091965451,0.3546875,0.3342198091965451,21340.578125,10667.453831242918
1697,0.6390625,0.32877168417079355,0.3609375,0.32877168417079355,21353.484375,10673.973498564013
1698,0.64921875,0.33227840066256936,0.35078125,0.33227840066256936,21366.265625,10680.419527124888
1699,0.6421875,0.32780490339148377,0.3578125,0.32780490339148377,21379.25,10686.964995815104
1700,0.6421875,0.3266578060687131,0.3578125,0.3266578060687131,21392.09375,10693.440942599866
1701,0.64921875,0.3283611501409309,0.35078125,0.3283611501409309,21404.9375,10699.903826004334
1702,0.64765625,0.3264596877630912,0.35234375,0.3264596877630912,21417.921875,10706.427698193298
1703,0.6390625,0.32357899984489874,0.3609375,0.32357899984489874,21430.875,10712.931303808364
1704,0.65078125,0.3295041699992202,0.34921875,0.3295041699992202,21443.65625,10719.361086170347
1705,0.65625,0.3328620121621345,0.34375,0.3328620121621345,21456.671875,10725.907018004898
1706,0.65703125,0.3322232900522253,0.34296875,0.33222329005222523,21469.796875,10732.508608282384
1707,0.6453125,0.32565476411473704,0.3546875,0.325654764114737,21482.9375,10739.114222944881
1708,0.6515625,0.32993733128902675,0.3484375,0.3299373312890268,21495.84375,10745.59465664429
1709,0.653125,0.33004830671528224,0.346875,0.3300483067152822,21508.875,10752.146827739725
1710,0.66171875,0.33262905742546,0.33828125,0.33262905742546,21521.9375,10758.708159587915
1711,0.66328125,0.3342015467171344,0.33671875,0.3342015467171345,21535.171875,10765.344753178375
1712,0.65859375,0.3342764165421336,0.34140625,0.3342764165421336,21548.4375,10772.005438496222
1713,0.65234375,0.3314194731567534,0.34765625,0.3314194731567534,21561.609375,10778.628440171296
1714,0.6546875,0.3342216353896019,0.3453125,0.3342216353896019,21574.65625,10785.174680761143
1715,0.653125,0.3329756788931813,0.346875,0.3329756788931813,21587.75,10791.755952873782
1716,0.6375,0.32627267342190186,0.3625,0.3262726734219018,21600.8125,10798.32762756558
1717,0.64453125,0.3266708851236976,0.35546875,0.3266708851236976,21613.5625,10804.747681796422
1718,0.6453125,0.32814732066939084,0.3546875,0.32814732066939073,21626.453125,10811.217313684474
1719,0.65234375,0.3321093658109855,0.34765625,0.3321093658109855,21639.359375,10817.705023641365
1720,0.653125,0.33127579498621684,0.346875,0.33127579498621684,21652.40625,10824.26331227294
1721,0.64375,0.3269360901326894,0.35625,0.3269360901326894,21665.46875,10830.819641713555
1722,0.64140625,0.32579530095598375,0.35859375,0.3257953009559837,21678.34375,10837.262405190937
1723,0.64140625,0.32378453604403346,0.35859375,0.32378453604403346,21691.171875,10843.685954984681
1724,0.6328125,0.3207124028042882,0.3671875,0.3207124028042882,21704.0,10850.098975665534
1725,0.62578125,0.3200303635496951,0.37421875,0.32003036354969505,21716.65625,10856.442543179573
1726,0.62578125,0.3206210404238936,0.37421875,0.32062104042389356,21729.171875,10862.71149941988
1727,0.62734375,0.3202038687744497,0.37265625,0.3202038687744497,21741.6875,10868.984277637863
1728,0.6328125,0.3227895835283025,0.3671875,0.3227895835283025,21754.234375,10875.28401696742
1729,0.62890625,0.3175086889805144,0.37109375,0.3175086889805144,21766.890625,10881.640312903844
1730,0.63125,0.31843581329288323,0.36875,0.31843581329288323,21779.46875,10887.948324491483
1731,0.6234375,0.31442376609839784,0.3765625,0.31442376609839784,21792.09375,10894.284587383352
1732,0.63203125,0.3171470879428424,0.36796875,0.3171470879428424,21804.5625,10900.544848073572
1733,0.63984375,0.32175172093071236,0.36015625,0.32175172093071236,21817.203125,10906.880755779848
1734,0.628125,0.3159130028831118,0.371875,0.3159130028831118,21830.0,10913.295227705094
1735,0.63515625,0.3198701213481028,0.36484375,0.3198701213481028,21842.5625,10919.582680845826
1736,0.65,0.32746026416860874,0.35,0.32746026416860874,21855.265625,10925.952520623096
1737,0.64296875,0.32276689234937805,0.35703125,0.32276689234937805,21868.265625,10932.476192371852
1738,0.64765625,0.32513894265567456,0.35234375,0.32513894265567456,21881.125,10938.923692006942
1739,0.6484375,0.325294713130455,0.3515625,0.325294713130455,21894.078125,10945.409710868274
1740,0.6484375,0.3247313342643808,0.3515625,0.3247313342643808,21907.046875,10951.900282077728
1741,0.64375,0.32313353772569786,0.35625,0.32313353772569786,21920.015625,10958.385475626503
1742,0.6375,0.319992217922952,0.3625,0.31999221792295196,21932.890625,10964.822219096246
1743,0.64375,0.3235582504067081,0.35625,0.3235582504067081,21945.640625,10971.195847033487
1744,0.64765625,0.3250262910038971,0.35234375,0.3250262910038971,21958.515625,10977.629734260467
1745,0.63359375,0.317829553377278,0.36640625,0.317829553377278,21971.46875,10984.105981369668
1746,0.63671875,0.3192914365973115,0.36328125,0.3192914365973115,21984.140625,10990.446653972194
1747,0.63828125,0.32044204697378587,0.36171875,0.32044204697378587,21996.875,10996.822633702399
1748,0.64921875,0.3253547492977857,0.35078125,0.3253547492977857,22009.640625,11003.217632052034
1749,0.65234375,0.3267269322863513,0.34765625,0.3267269322863513,22022.625,11009.710899844034
1750,0.64140625,0.3225380004259188,0.35859375,0.32253800042591874,22035.671875,11016.223271497382
1751,0.63125,0.3196697056386873,0.36875,0.3196697056386873,22048.5,11022.610717953836
1752,0.62578125,0.3173010110929762,0.37421875,0.3173010110929762,22061.125,11028.895043049664
1753,0.61875,0.3133835166622919,0.38125,0.3133835166622919,22073.640625,11035.124225462381
1754,0.6171875,0.31266597155051107,0.3828125,0.31266597155051107,22086.015625,11041.281771458343
1755,0.62421875,0.31646315074783987,0.37578125,0.31646315074783987,22098.359375,11047.417957727264
1756,0.6125,0.30929410242821476,0.3875,0.30929410242821476,22110.84375,11053.6204669883
1757,0.6265625,0.3169372473377025,0.3734375,0.3169372473377025,22123.09375,11059.699362737698
1758,0.62890625,0.3165267903106702,0.37109375,0.3165267903106702,22135.625,11065.913778973334
1759,0.61953125,0.3115179882948174,0.38046875,0.3115179882948174,22148.203125,11072.161732567354
1760,0.6203125,0.31174126641736094,0.3796875,0.31174126641736094,22160.59375,11078.318127129176
1761,0.61484375,0.30914803859255685,0.38515625,0.30914803859255685,22173.0,11084.483916837838
1762,0.6171875,0.31021626465963226,0.3828125,0.31021626465963226,22185.296875,11090.600784019245
1763,0.6328125,0.3181616045983943,0.3671875,0.3181616045983943,22197.640625,11096.74902326145
1764,0.6359375,0.3210110523068092,0.3640625,0.3210110523068092,22210.296875,11103.051799448225
1765,0.640625,0.3255385411850262,0.359375,0.3255385411850262,22223.015625,11109.388400747896
1766,0.63828125,0.3251032738559779,0.36171875,0.3251032738559779,22235.828125,11115.762429810926
1767,0.634375,0.3221801496494236,0.365625,0.3221801496494236,22248.59375,11122.101985601688
1768,0.63125,0.3202515185853925,0.36875,0.3202515185853925,22261.28125,11128.408806515934
1769,0.63515625,0.3219811718097815,0.36484375,0.3219811718097815,22273.90625,11134.684945386098
1770,0.6359375,0.32316186926987533,0.3640625,0.32316186926987533,22286.609375,11141.004885331506
1771,0.6296875,0.3210870969505393,0.3703125,0.3210870969505393,22299.328125,11147.330425344733
1772,0.63203125,0.3242366335429265,0.36796875,0.3242366335429265,22311.921875,11153.594935462512
1773,0.628125,0.32285008554184247,0.371875,0.32285008554184247,22324.5625,11159.873283142635
1774,0.64765625,0.3289832525657651,0.35234375,0.32898325256576516,22337.125,11166.107650912978
1775,0.63828125,0.32385239090324774,0.36171875,0.32385239090324774,22350.078125,11172.548872268255
1776,0.640625,0.3250882542431747,0.359375,0.3250882542431747,22362.84375,11178.90004931165
1777,0.640625,0.3246091399668223,0.359375,0.3246091399668223,22375.65625,11185.271918885748
1778,0.62578125,0.31585503683948907,0.37421875,0.31585503683948907,22388.46875,11191.647363633027
1779,0.6328125,0.3176143986817978,0.3671875,0.3176143986817978,22400.984375,11197.875488700936
1780,0.634375,0.3186561595934951,0.365625,0.3186561595934951,22413.640625,11204.178490238062
1781,0.6296875,0.3162509263820424,0.3703125,0.3162509263820424,22426.328125,11210.495351581572
1782,0.63046875,0.31627215522691055,0.36953125,0.31627215522691055,22438.921875,11216.768294615775
1783,0.640625,0.3220702532784967,0.359375,0.3220702532784967,22451.53125,11223.053147415236
1784,0.64296875,0.32409730406160436,0.35703125,0.32409730406160436,22464.34375,11229.441670382175
1785,0.6515625,0.32871412886522694,0.3484375,0.32871412886522694,22477.203125,11235.848762578078
1786,0.659375,0.3322600314747848,0.340625,0.33226003147478483,22490.234375,11242.337084546016
1787,0.6484375,0.3283388440077948,0.3515625,0.3283388440077948,22503.421875,11248.910494487378
1788,0.63828125,0.32182000440366504,0.36171875,0.32182000440366504,22516.390625,11255.377311265283
1789,0.646875,0.32595637529238475,0.353125,0.32595637529238475,22529.15625,11261.736085054295
1790,0.653125,0.3294467426610863,0.346875,0.32944674266108626,22542.09375,11268.177885959598
1791,0.65390625,0.33013336261180115,0.34609375,0.33013336261180115,22555.15625,11274.686053196538
1792,0.6578125,0.33315160247907405,0.3421875,0.33315160247907405,22568.234375,11281.199626207652
1793,0.67109375,0.3385292465670433,0.32890625,0.3385292465670433,22581.390625,11287.75553349233
1794,0.671875,0.3377585092146088,0.328125,0.3377585092146088,22594.8125,11294.437375167567
1795,0.6703125,0.3375379752940771,0.3296875,0.3375379752940771,22608.25,11301.13165607798
1796,0.665625,0.33510616612966854,0.334375,0.33510616612966854,22621.65625,11307.815715830515
1797,0.66640625,0.3347052253709598,0.33359375,0.3347052253709598,22634.96875,11314.461977825382
1798,0.66328125,0.3329665136597823,0.33671875,0.3329665136597823,22648.296875,11321.113617098365
1799,0.6546875,0.32800034834680436,0.3453125,0.32800034834680436,22661.5625,11327.728334973302
1800,0.659375,0.3300483067152822,0.340625,0.33004830671528224,22674.65625,11334.261634026903
1801,0.65546875,0.3280915161486959,0.34453125,0.32809151614869597,22687.84375,11340.837094970037
1802,0.6546875,0.32826076060523135,0.3453125,0.32826076060523135,22700.953125,11347.37426428897
1803,0.67265625,0.33657642728843923,0.32734375,0.33657642728843923,22714.046875,11353.902278800138
1804,0.66875,0.3346030910132556,0.33125,0.3346030910132556,22727.5,11360.61272733682
1805,0.6609375,0.330962434140946,0.3390625,0.33096243414094595,22740.875,11367.297564265255
1806,0.646875,0.3250281688513705,0.353125,0.3250281688513705,22754.09375,11373.89908526779
1807,0.6390625,0.3214119849391121,0.3609375,0.3214119849391121,22767.03125,11380.35180710236
1808,0.653125,0.32889975498337637,0.346875,0.3288997549833763,22779.8125,11386.711310953831
1809,0.6578125,0.3316643193096372,0.3421875,0.3316643193096372,22792.875,11393.211900755965
1810,0.66015625,0.3316495968309399,0.33984375,0.3316495968309399,22806.03125,11399.75457964224
1811,0.66328125,0.3330764798154472,0.33671875,0.3330764798154472,22819.234375,11406.328016364185
1812,0.6640625,0.33368613328527,0.3359375,0.33368613328527,22832.5,11412.932464915863
1813,0.65859375,0.3325923567691386,0.34140625,0.3325923567691386,22845.78125,11419.540817195144
1814,0.65,0.3273950213427199,0.35,0.3273950213427199,22858.953125,11426.088463669
1815,0.646875,0.3266578060687131,0.353125,0.3266578060687131,22871.953125,11432.555296303068
1816,0.65234375,0.32963751102062855,0.34765625,0.32963751102062855,22884.890625,11438.978658751448
1817,0.65703125,0.33208547351359713,0.34296875,0.3320854735135971,22897.9375,11445.455468987599
1818,0.6609375,0.33496771357942096,0.3390625,0.33496771357942096,22911.078125,11451.97778354399
1819,0.66015625,0.3335397716867885,0.33984375,0.3335397716867885,22924.296875,11458.532547179226
1820,0.65078125,0.3290778575476098,0.34921875,0.3290778575476098,22937.5,11465.086181849074
1821,0.6546875,0.3294856461450559,0.3453125,0.3294856461450559,22950.515625,11471.54514640022
1822,0.67109375,0.33841203447591073,0.32890625,0.3384120344759108,22963.609375,11478.053776855837
1823,0.66015625,0.3332376978693287,0.33984375,0.3332376978693287,22977.03125,11484.72109565659
1824,0.68125,0.3436398971397966,0.31875,0.3436398971397966,22990.234375,11491.27783205066
1825,0.671875,0.34000983728875406,0.328125,0.34000983728875406,23003.859375,11498.05046363754
1826,0.6796875,0.3440428440116507,0.3203125,0.3440428440116507,23017.296875,11504.719249773689
1827,0.6796875,0.34505257468518474,0.3203125,0.34505257468518474,23030.890625,11511.464664611944
1828,0.6765625,0.34289132810647893,0.3234375,0.34289132810647893,23044.484375,11518.206790234219
1829,0.6859375,0.3469893533354085,0.3140625,0.3469893533354085,23058.015625,11524.917931238268
1830,0.68203125,0.3439062145047687,0.31796875,0.3439062145047687,23071.734375,11531.7260125116
1831,0.68046875,0.3434515750073072,0.31953125,0.3434515750073072,23085.375,11538.501791387118
1832,0.67734375,0.34254583121733506,0.32265625,0.34254583121733506,23098.984375,11545.260050399369
1833,0.67421875,0.3399613661414338,0.32578125,0.3399613661414338,23112.53125,11551.985498773238
1834,0.6796875,0.34238899604014,0.3203125,0.34238899604014,23126.015625,11558.684868156397
1835,0.68203125,0.34322225113164645,0.31796875,0.34322225113164645,23139.609375,11565.444864005178
1836,0.6859375,0.3444825291515159,0.3140625,0.3444825291515159,23153.25,11572.226094985226
1837,0.68828125,0.34704036035992986,0.31171875,0.34704036035992986,23166.96875,11579.052178884423
1838,0.690625,0.3482079540976556,0.309375,0.3482079540976556,23180.734375,11585.89263252017
1839,0.6890625,0.34806945248039217,0.3109375,0.34806945248039217,23194.546875,11592.756037602245
1840,0.69140625,0.34972610655965475,0.30859375,0.34972610655965475,23208.328125,11599.602411294003
1841,0.68125,0.3440038125470051,0.31875,0.3440038125470051,23222.15625,11606.47173947612
1842,0.68046875,0.3432560371373678,0.31953125,0.3432560371373677,23235.78125,11613.244595783897
1843,0.6875,0.3460858139609308,0.3125,0.3460858139609308,23249.390625,11620.007162793787
1844,0.690625,0.3471898205367994,0.309375,0.3471898205367994,23263.140625,11626.844368076518
1845,0.67578125,0.3408435365475631,0.32421875,0.3408435365475631,23276.953125,11633.7153617267
1846,0.67578125,0.34091515737973577,0.32421875,0.34091515737973577,23290.46875,11640.433931003206
1847,0.675,0.3408918822597936,0.325,0.34089188225979367,23303.984375,11647.148530188724
1848,0.6734375,0.3388374108855529,0.3265625,0.3388374108855529,23317.484375,11653.853592824491
1849,0.68046875,0.3432915977616551,0.31953125,0.3432915977616551,23330.953125,11660.551109248085
1850,0.68046875,0.3442503460873351,0.31953125,0.3442503460873351,23344.5625,11667.312453776276
1851,0.68828125,0.3479624704754451,0.31171875,0.3479624704754451,23358.171875,11674.071388641984
1852,0.70234375,0.3539019384395203,0.29765625,0.3539019384395203,23371.9375,11680.910865529173
1853,0.70859375,0.3562243000598429,0.29140625,0.3562243000598429,23385.984375,11687.896036655693
1854,0.7078125,0.3577016067242709,0.2921875,0.3577016067242709,23400.15625,11694.94682742879
1855,0.7015625,0.35412779351616136,0.2984375,0.35412779351616136,23414.3125,11701.98238585194
1856,0.6875,0.3478624739480388,0.3125,0.3478624739480388,23428.34375,11708.95891072085
1857,0.6875,0.34723904039130593,0.3125,0.34723904039130593,23442.09375,11715.791271326118
1858,0.69453125,0.3519910582360367,0.30546875,0.3519910582360367,23455.84375,11722.62666757347
1859,0.6859375,0.3483849455882099,0.3140625,0.3483849455882099,23469.734375,11729.531159728882
1860,0.68828125,0.35077516002508646,0.31171875,0.3507751600250864,23483.453125,11736.347284879934
1861,0.6953125,0.35376049012714805,0.3046875,0.35376049012714805,23497.21875,11743.183674123437
1862,0.690625,0.3526320536116576,0.309375,0.35263205361165767,23511.125,11750.094425692727
1863,0.69296875,0.35187139207741797,0.30703125,0.35187139207741797,23524.9375,11756.956761052155
1864,0.68203125,0.3472267360817712,0.31796875,0.3472267360817712,23538.796875,11763.845116927483
1865,0.6890625,0.3495655087703519,0.3109375,0.3495655087703519,23552.4375,11770.6207518668
1866,0.68125,0.3461263740267057,0.31875,0.3461263740267057,23566.21875,11777.470111635552
1867,0.68125,0.3485951156965628,0.31875,0.3485951156965628,23579.84375,11784.239810862722
1868,0.67734375,0.3471388354732872,0.32265625,0.3471388354732872,23593.46875,11791.004724620188
1869,0.66640625,0.3431244307827701,0.33359375,0.3431244307827701,23607.015625,11797.72702608149
1870,0.659375,0.34035432192514464,0.340625,0.34035432192514464,23620.34375,11804.335945977151
1871,0.66015625,0.34198766996231017,0.33984375,0.34198766996231017,23633.53125,11810.877160701308
1872,0.66796875,0.3454150017551351,0.33203125,0.3454150017551351,23646.734375,11817.430029141377
1873,0.67265625,0.34563933910128775,0.32734375,0.34563933910128775,23660.09375,11824.060561008246
1874,0.6671875,0.3418216508877473,0.3328125,0.3418216508877473,23673.546875,11830.740582110293
1875,0.671875,0.34413153542195896,0.328125,0.34413153542195896,23686.890625,11837.369173973477
1876,0.66640625,0.3433200436090937,0.33359375,0.3433200436090937,23700.328125,11844.043430298987
1877,0.66875,0.3429269265501398,0.33125,0.3429269265501398,23713.65625,11850.65922505408
1878,0.66328125,0.3406680018727911,0.33671875,0.3406680018727911,23727.03125,11857.30046846305
1879,0.65234375,0.3376952560186477,0.34765625,0.3376952560186477,23740.296875,11863.8931448633
1880,0.65625,0.33867885841992706,0.34375,0.33867885841992706,23753.34375,11870.374659077741
1881,0.65078125,0.335361060672859,0.34921875,0.335361060672859,23766.46875,11876.894756054156
1882,0.65234375,0.3354647836863804,0.34765625,0.3354647836863804,23779.484375,11883.36039310522
1883,0.65078125,0.33405723803152354,0.34921875,0.33405723803152354,23792.53125,11889.843790204679
1884,0.64921875,0.3357048613086352,0.35078125,0.3357048613086352,23805.546875,11896.309818484187
1885,0.65078125,0.3385130196212917,0.34921875,0.3385130196212917,23818.53125,11902.75713421038
1886,0.65,0.33841383804633346,0.35,0.33841383804633346,23831.546875,11909.216094452859
1887,0.65390625,0.34054435685292894,0.34609375,0.34054435685292894,23844.546875,11915.67556276972
1888,0.64609375,0.33502419455540816,0.35390625,0.33502419455540816,23857.625,11922.175164103011
1889,0.6421875,0.33447720400649134,0.3578125,0.33447720400649134,23870.546875,11928.602817420875
1890,0.6421875,0.33313328144021426,0.3578125,0.33313328144021426,23883.390625,11934.990673517643
1891,0.646875,0.3371761322226486,0.353125,0.3371761322226486,23896.234375,11941.37639996678
1892,0.65,0.33648755839276584,0.35,0.33648755839276584,23909.171875,11947.806439870432
1893,0.6546875,0.3356703152601895,0.3453125,0.3356703152601895,23922.171875,11954.269327924261
1894,0.65390625,0.33339883796475656,0.34609375,0.33339883796475656,23935.265625,11960.784254672284
1895,0.65078125,0.333655036817594,0.34921875,0.333655036817594,23948.34375,11967.293872993097
1896,0.66171875,0.3363787073606547,0.33828125,0.3363787073606547,23961.359375,11973.776228264447
1897,0.67890625,0.3443921558793841,0.32109375,0.34439215587938415,23974.59375,11980.362715682544
1898,0.67734375,0.34412798820442514,0.32265625,0.34412798820442514,23988.171875,11987.120008783613
1899,0.66953125,0.3402843767075562,0.33046875,0.3402843767075562,24001.71875,11993.858414842696
1900,0.659375,0.33700230954790944,0.340625,0.3370023095479095,24015.109375,12000.517066964729
1901,0.66875,0.33974405865390056,0.33125,0.3397440586539005,24028.296875,12007.067571883705
1902,0.66015625,0.3349185127105547,0.33984375,0.3349185127105547,24041.671875,12013.715583677194
1903,0.6609375,0.33597746855258015,0.3390625,0.33597746855258015,24054.875,12020.280769366998
1904,0.65859375,0.3357612182833583,0.34140625,0.3357612182833583,24068.09375,12026.852035722404
1905,0.6609375,0.33584119259052336,0.3390625,0.33584119259052336,24081.265625,12033.397970535387
1906,0.65234375,0.33510070198188185,0.34765625,0.33510070198188185,24094.484375,12039.968995378185
1907,0.64140625,0.3318556520960958,0.35859375,0.3318556520960958,24107.53125,12046.443914101204
1908,0.65,0.33559757511322247,0.35,0.33559757511322247,24120.359375,12052.8078962978
1909,0.6484375,0.33336588382736465,0.3515625,0.33336588382736465,24133.359375,12059.261022091105
1910,0.64375,0.3349859342895982,0.35625,0.3349859342895982,24146.328125,12065.696540212184
1911,0.64765625,0.33514077033017037,0.35234375,0.33514077033017037,24159.203125,12072.077462930567
1912,0.64375,0.3334702274238661,0.35625,0.3334702274238662,24172.15625,12078.50386196308
1913,0.65546875,0.33959132148068805,0.34453125,0.33959132148068805,24185.03125,12084.892478717713
1914,0.665625,0.3434266945524911,0.334375,0.3434266945524911,24198.140625,12091.39902409408
1915,0.67421875,0.3456587630434819,0.32578125,0.3456587630434819,24211.453125,12098.015796501604
1916,0.68046875,0.3460452491410986,0.31953125,0.3460452491410985,24224.9375,12104.7192633022
1917,0.678125,0.3468310079085707,0.321875,0.3468310079085707,24238.546875,12111.489719642415
1918,0.68203125,0.3469453757437906,0.31796875,0.3469453757437906,24252.109375,12118.229756210945
1919,0.67109375,0.34181272284688297,0.32890625,0.34181272284688297,24265.75,12125.011300594766
1920,0.6671875,0.34021082905034783,0.3328125,0.34021082905034783,24279.171875,12131.68104890108
1921,0.6671875,0.3389706816922003,0.3328125,0.33897068169220035,24292.515625,12138.315876306246
1922,0.67109375,0.33907870064982704,0.32890625,0.33907870064982704,24305.859375,12144.9570077549
1923,0.67421875,0.33941334095115505,0.32578125,0.33941334095115505,24319.28125,12151.640508863016
1924,0.67265625,0.33907870064982704,0.32734375,0.339078700649827,24332.765625,12158.357899225704
1925,0.67578125,0.34161267357930386,0.32421875,0.34161267357930386,24346.21875,12165.058777400838
1926,0.6859375,0.3462057169335885,0.3140625,0.3462057169335885,24359.734375,12171.785911359624
1927,0.6921875,0.3493279681000006,0.3078125,0.3493279681000005,24373.453125,12178.621712449296
1928,0.68203125,0.3460822867740416,0.31796875,0.3460822867740416,24387.296875,12185.519481967527
1929,0.68359375,0.34488449153303485,0.31640625,0.34488449153303485,24400.9375,12192.312518382165
1930,0.68125,0.344889800674614,0.31875,0.344889800674614,24414.609375,12199.127387085835
1931,0.67265625,0.34000445194695617,0.32734375,0.3400044519469561,24428.234375,12205.914622388727
1932,0.67890625,0.34337159570118053,0.32109375,0.3433715957011806,24441.6875,12212.61658517311
1933,0.69453125,0.3499476802412755,0.30546875,0.3499476802412755,24455.265625,12219.383658001958
1934,0.6875,0.3474674698128229,0.3125,0.3474674698128229,24469.15625,12226.30894399626
1935,0.6859375,0.3457470399367144,0.3140625,0.3457470399367144,24482.90625,12233.160693090267
1936,0.68125,0.3436576580515848,0.31875,0.3436576580515848,24496.625,12240.000527315815
1937,0.68359375,0.34468091278837154,0.31640625,0.34468091278837154,24510.25,12246.793510051193
1938,0.67890625,0.34402865126414256,0.32109375,0.34402865126414256,24523.921875,12253.608934610378
1939,0.690625,0.3477168135449809,0.309375,0.3477168135449809,24537.5,12260.373493323961
1940,0.69140625,0.3490622901745117,0.30859375,0.3490622901745117,24551.3125,12267.260980904939
1941,0.6828125,0.3431937971786131,0.3171875,0.3431937971786131,24565.140625,12274.153721682653
1942,0.6734375,0.3409563325458629,0.3265625,0.3409563325458629,24578.796875,12280.960997871869
1943,0.66796875,0.33905709961137076,0.33203125,0.33905709961137076,24592.265625,12287.669990141381
1944,0.67109375,0.34208938376449943,0.32890625,0.3420893837644995,24605.625,12294.317605434666
1945,0.68203125,0.34629385439789423,0.31796875,0.34629385439789423,24619.046875,12300.994555093243
1946,0.678125,0.345331942325967,0.321875,0.345331942325967,24632.6875,12307.787347493182
1947,0.66875,0.34047982858294995,0.33125,0.34047982858294995,24646.25,12314.538328263925
1948,0.6609375,0.33721957389158924,0.3390625,0.3372195738915892,24659.625,12321.19000029776
1949,0.6640625,0.33520086387213416,0.3359375,0.33520086387213416,24672.84375,12327.761754847363
1950,0.665625,0.33675046979365897,0.334375,0.33675046979365897,24686.125,12334.38044594667
1951,0.6625,0.33559757511322247,0.3375,0.33559757511322247,24699.4375,12341.011364057364
1952,0.6640625,0.33530099584179585,0.3359375,0.33530099584179585,24712.6875,12347.607870990323
1953,0.665625,0.33559757511322247,0.334375,0.33559757511322247,24725.96875,12354.220947562473
1954,0.65,0.3302627534677881,0.35,0.3302627534677881,24739.28125,12360.85186068014
1955,0.65,0.3282979454940664,0.35,0.3282979454940664,24752.28125,12367.32062994911
1956,0.6546875,0.32925401003632443,0.3453125,0.32925401003632443,24765.28125,12373.79412336104
1957,0.653125,0.32891831183346265,0.346875,0.32891831183346265,24778.375,12380.319869821682
1958,0.6578125,0.33036438216006275,0.3421875,0.33036438216006275,24791.4375,12386.83029678172
1959,0.65703125,0.3296412141679571,0.34296875,0.3296412141679571,24804.59375,12393.39090684716
1960,0.64765625,0.32676802742924527,0.35234375,0.32676802742924527,24817.734375,12399.942296343024
1961,0.65,0.32771179339665213,0.35,0.32771179339665213,24830.6875,12406.397452524241
1962,0.63984375,0.32297294536462334,0.36015625,0.3229729453646234,24843.6875,12412.881535964118
1963,0.640625,0.323846736874675,0.359375,0.323846736874675,24856.484375,12419.26354861043
1964,0.6359375,0.3229445972463776,0.3640625,0.3229445972463776,24869.296875,12425.650276836464
1965,0.63203125,0.32094449846312995,0.36796875,0.32094449846312995,24882.015625,12431.979413382473
1966,0.63046875,0.3226061174733827,0.36953125,0.3226061174733827,24894.65625,12438.274400318445
1967,0.6328125,0.32136830567220687,0.3671875,0.32136830567220687,24907.265625,12444.5494941286
1968,0.64296875,0.3258440062457034,0.35703125,0.3258440062457034,24919.921875,12450.853412152837
1969,0.6515625,0.32795196330312615,0.3484375,0.32795196330312615,24932.78125,12457.258495359838
1970,0.64921875,0.32710406648725726,0.35078125,0.3271040664872572,24945.8125,12463.758183162085
1971,0.64765625,0.3263194370551653,0.35234375,0.3263194370551653,24958.796875,12470.233608634053
1972,0.665625,0.33416684525660234,0.334375,0.33416684525660234,24971.75,12476.688758812466
1973,0.66015625,0.33045120373040704,0.33984375,0.33045120373040704,24985.0625,12483.327218468616
1974,0.65390625,0.3272924706254713,0.34609375,0.3272924706254713,24998.265625,12489.916746733425
1975,0.6625,0.3316643193096372,0.3375,0.3316643193096372,25011.34375,12496.448267126494
1976,0.659375,0.3300852902328806,0.340625,0.3300852902328806,25024.59375,12503.061826707908
1977,0.6671875,0.33407368140782207,0.3328125,0.33407368140782207,25037.78125,12509.647754528614
1978,0.65546875,0.32813802057499375,0.34453125,0.32813802057499375,25051.125,12516.31407236203
1979,0.65078125,0.32605934623259153,0.34921875,0.32605934623259153,25064.234375,12522.870222199494
1980,0.6625,0.3323077892509819,0.3375,0.3323077892509819,25077.25,12529.380332233739
1981,0.65703125,0.329539362453486,0.34296875,0.329539362453486,25090.5,12536.01093851183
1982,0.66328125,0.33263639707081066,0.33671875,0.33263639707081066,25103.640625,12542.581853422551
1983,0.6671875,0.33487659515764157,0.3328125,0.33487659515764157,25116.90625,12549.208809313282
1984,0.6671875,0.33510434475697265,0.3328125,0.33510434475697265,25130.25,12555.878193323095
1985,0.67890625,0.340551525905956,0.32109375,0.340551525905956,25143.59375,12562.542026321184
1986,0.675,0.3383759610486906,0.325,0.3383759610486906,25157.171875,12569.324430888311
1987,0.67578125,0.33837235349445294,0.32421875,0.33837235349445294,25170.671875,12576.063349828763
1988,0.66171875,0.33150785954106726,0.33828125,0.33150785954106726,25184.1875,12582.808975070908
1989,0.6734375,0.33734805607487944,0.3265625,0.33734805607487944,25197.421875,12589.411550039562
1990,0.67890625,0.3400044519469561,0.32109375,0.3400044519469561,25210.890625,12596.13349523516
1991,0.68828125,0.34477298067442147,0.31171875,0.3447729806744214,25224.46875,12602.91013673234
1992,0.69375,0.34703332535399245,0.30625,0.34703332535399245,25238.234375,12609.781351936772
1993,0.6921875,0.3466356155965512,0.3078125,0.34663561559655115,25252.109375,12616.710839003148
1994,0.69140625,0.34653523619088866,0.30859375,0.34653523619088866,25265.953125,12623.626977222457
1995,0.6953125,0.3491409658898537,0.3046875,0.3491409658898537,25279.78125,12630.533408688181
1996,0.690625,0.3465915931205993,0.309375,0.3465915931205993,25293.6875,12637.473677932992
1997,0.70078125,0.3513245722663375,0.29921875,0.3513245722663375,25307.5,12644.367415045332
1998,0.69609375,0.34852332182993867,0.30390625,0.3485233218299386,25321.515625,12651.363232363816
1999,0.70625,0.3533409875964364,0.29375,0.3533409875964364,25335.4375,12658.311292461387
2000,0.70625,0.35375531411644545,0.29375,0.35375531411644545,25349.5625,12665.364404143535
2001,0.69453125,0.3477870189453238,0.30546875,0.3477870189453238,25363.6875,12672.41651320614
2002,0.69453125,0.34799755016648465,0.30546875,0.34799755016648465,25377.578125,12679.35142480525
2003,0.6921875,0.3477168135449809,0.3078125,0.34771681354498085,25391.46875,12686.281210741303
2004,0.70546875,0.3548423395502572,0.29453125,0.3548423395502572,25405.3125,12693.180737366238
2005,0.6984375,0.3507055528012424,0.3015625,0.3507055528012424,25419.421875,12700.216049216539
2006,0.6890625,0.34683100790857063,0.3109375,0.34683100790857063,25433.390625,12707.180315718035
2007,0.68671875,0.3457276209541624,0.31328125,0.34572762095416243,25447.171875,12714.046023496912
2008,0.69140625,0.34759040809101016,0.30859375,0.34759040809101016,25460.90625,12720.887114543428
2009,0.68984375,0.34760445541142737,0.31015625,0.34760445541142737,25474.734375,12727.778409782877
2010,0.696875,0.3522614579621577,0.303125,0.3522614579621577,25488.53125,12734.64950647384
2011,0.6859375,0.34659335412699416,0.3140625,0.34659335412699416,25502.46875,12741.586774964306
2012,0.6890625,0.3470597058909677,0.3109375,0.3470597058909677,25516.1875,12748.416737864574
2013,0.6796875,0.34324359004848876,0.3203125,0.34324359004848876,25529.96875,12755.281451949895
2014,0.67421875,0.3403023127492671,0.32578125,0.3403023127492671,25543.5625,12762.04992459409
2015,0.6734375,0.3391164991562634,0.3265625,0.3391164991562634,25557.046875,12768.76350144982
2016,0.6625,0.334942202919959,0.3375,0.334942202919959,25570.515625,12775.474715850367
2017,0.665625,0.3371308745316869,0.334375,0.3371308745316869,25583.765625,12782.076846287326
2018,0.67109375,0.3395823348017017,0.32890625,0.3395823348017017,25597.078125,12788.71251130376
2019,0.67265625,0.33990570555946104,0.32734375,0.339905705559461,25610.5,12795.40532193252
2020,0.675,0.34133920251250804,0.325,0.3413392025125081,25623.953125,12802.115129007674
2021,0.68125,0.34320446768744867,0.31875,0.34320446768744867,25637.453125,12808.848474956463
2022,0.68359375,0.34412266730956564,0.31640625,0.34412266730956564,25651.078125,12815.64254795647
2023,0.684375,0.3451268590361014,0.315625,0.34512685903610135,25664.75,12822.458943696913
2024,0.69453125,0.3501133326554774,0.30546875,0.35011333265547745,25678.4375,12829.27826223987
2025,0.69140625,0.3492283625634522,0.30859375,0.3492283625634522,25692.328125,12836.20649780902
2026,0.69609375,0.3497295969969156,0.30390625,0.3497295969969155,25706.15625,12843.102103146106
2027,0.6921875,0.3479624704754451,0.3078125,0.3479624704754451,25720.078125,12850.047155627697
2028,0.69375,0.3489713539237497,0.30625,0.3489713539237497,25733.921875,12856.950831879205
2029,0.68359375,0.34568877971648865,0.31640625,0.34568877971648865,25747.796875,12863.869413121078
2030,0.67734375,0.3416448322545652,0.32265625,0.3416448322545652,25761.46875,12870.681184814299
2031,0.68515625,0.3452523986158532,0.31484375,0.3452523986158532,25775.015625,12877.430312512402
2032,0.675,0.34206261990679426,0.325,0.34206261990679426,25788.71875,12884.260175975436
2033,0.68125,0.34698935333540853,0.31875,0.34698935333540853,25802.21875,12890.982382508046
2034,0.67265625,0.3422766721710669,0.32734375,0.3422766721710669,25815.84375,12897.7643835948
2035,0.67734375,0.3441102515682655,0.32265625,0.3441102515682655,25829.296875,12904.461772018556
2036,0.67578125,0.3411209835097,0.32421875,0.3411209835097,25842.84375,12911.203656225824
2037,0.67578125,0.3414250209370646,0.32421875,0.3414250209370646,25856.359375,12917.936561382636
2038,0.68046875,0.34375355111802114,0.31953125,0.34375355111802114,25869.875,12924.674442035946
2039,0.684375,0.345939405482557,0.315625,0.345939405482557,25883.484375,12931.459060526853
2040,0.684375,0.34555103469404486,0.315625,0.34555103469404486,25897.171875,12938.28492725704
2041,0.68671875,0.3467412467352276,0.31328125,0.3467412467352276,25910.859375,12945.106896375702
2042,0.68125,0.3443230309017609,0.31875,0.3443230309017609,25924.59375,12951.952989178379
2043,0.68515625,0.34512862751624934,0.31484375,0.34512862751624934,25938.21875,12958.749209989455
2044,0.6828125,0.3435670678020887,0.3171875,0.34356706780208873,25951.921875,12965.583715287368
2045,0.67734375,0.34258146556239,0.32265625,0.34258146556239,25965.578125,12972.396842351425
2046,0.675,0.34082025653652837,0.325,0.34082025653652837,25979.125,12979.151245618514
2047,0.6828125,0.34409960914773646,0.3171875,0.34409960914773646,25992.625,12985.879235840446
2048,0.67734375,0.34129628520813843,0.32265625,0.34129628520813843,26006.28125,12992.685164626648
2049,0.67265625,0.33962726581872077,0.32734375,0.3396272658187207,26019.828125,12999.437562521485
2050,0.66796875,0.3384084273062286,0.33203125,0.3384084273062286,26033.28125,13006.141946782056
2051,0.67421875,0.34201087050980555,0.32578125,0.34201087050980555,26046.640625,13012.79772479634
2052,0.6703125,0.3398356680073473,0.3296875,0.3398356680073473,26060.125,13019.518761770189
2053,0.67109375,0.3396721908923735,0.32890625,0.3396721908923735,26073.53125,13026.200479856214
2054,0.66875,0.33811431360192373,0.33125,0.3381143136019237,26086.953125,13032.893074341055
2055,0.66796875,0.33912009879429145,0.33203125,0.33912009879429145,26100.328125,13039.562188728978
2056,0.665625,0.3391524938173093,0.334375,0.3391524938173093,26113.6875,13046.220443666667
2057,0.66015625,0.33795722790114285,0.33984375,0.33795722790114285,26127.0,13052.857143398032
2058,0.6609375,0.3389076547342948,0.3390625,0.3389076547342948,26140.203125,13059.433195293133
2059,0.665625,0.33872931498192627,0.334375,0.33872931498192627,26153.421875,13066.01577886297
2060,0.67265625,0.3431404396571832,0.32734375,0.3431404396571832,26166.734375,13072.649830927576
2061,0.67421875,0.34256364885320945,0.32578125,0.34256364885320945,26180.1875,13079.353543755846
2062,0.67421875,0.342608188888926,0.32578125,0.342608188888926,26193.671875,13086.071344184918
2063,0.66328125,0.33867345191386056,0.33671875,0.33867345191386056,26207.15625,13092.79319171563
2064,0.65078125,0.3324546932243174,0.34921875,0.3324546932243174,26220.421875,13099.402538726034
2065,0.6421875,0.3298189163436885,0.3578125,0.3298189163436885,26233.4375,13105.8879088148
2066,0.63359375,0.3289646993789759,0.36640625,0.3289646993789759,26246.28125,13112.2860161505
2067,0.628125,0.32919653905854634,0.371875,0.32919653905854634,26258.953125,13118.595724233555
2068,0.6359375,0.33018697354680726,0.3640625,0.33018697354680726,26271.515625,13124.846206744047
2069,0.64296875,0.33597928519199666,0.35703125,0.33597928519199666,26284.234375,13131.178866213952
2070,0.64921875,0.33581393076188787,0.35078125,0.3358139307618878,26297.09375,13137.584177689554
2071,0.65390625,0.3342216353896019,0.34609375,0.3342216353896019,26310.078125,13144.050577392598
2072,0.6328125,0.32599756757144677,0.3671875,0.32599756757144677,26323.15625,13150.56400330345
2073,0.63359375,0.3278216603820208,0.36640625,0.32782166038202076,26335.8125,13156.863390039442
2074,0.63203125,0.3306672350150526,0.36796875,0.33066723501505263,26348.484375,13163.172830897352
2075,0.6296875,0.3263194370551653,0.3703125,0.3263194370551653,26361.125,13169.47072266894
2076,0.6375,0.32924288740419283,0.3625,0.32924288740419283,26373.71875,13175.74303226002
2077,0.63828125,0.3279538243983442,0.36171875,0.3279538243983442,26386.46875,13182.089729153015
2078,0.63203125,0.32704808395517315,0.36796875,0.3270480839551732,26399.234375,13188.444021435696
2079,0.6375,0.32919653905854634,0.3625,0.3291965390585463,26411.875,13194.73513658789
2080,0.63515625,0.32713391992042035,0.36484375,0.32713391992042035,26424.625,13201.08325590724
2081,0.6484375,0.3328253371937374,0.3515625,0.3328253371937374,26437.328125,13207.404973952911
2082,0.64453125,0.33005385450710917,0.35546875,0.33005385450710917,26450.296875,13213.85963786875
2083,0.64375,0.33239777563936856,0.35625,0.3323977756393686,26463.1875,13220.27500506221
2084,0.65625,0.33647304695640184,0.34375,0.33647304695640184,26476.0625,13226.68314536309
2085,0.646875,0.3328216694746227,0.353125,0.3328216694746227,26489.1875,13233.220405435259
2086,0.64453125,0.33192553464124297,0.35546875,0.33192553464124297,26502.125,13239.659075392281
2087,0.628125,0.3261604133465234,0.371875,0.3261604133465234,26515.015625,13246.072394685676
2088,0.62890625,0.3265494166039422,0.37109375,0.3265494166039422,26527.578125,13252.31964171671
2089,0.6234375,0.3225020439615461,0.3765625,0.3225020439615461,26540.15625,13258.575983006922
2090,0.62265625,0.3230504175289439,0.37734375,0.3230504175289439,26552.625,13264.778255937761
2091,0.63984375,0.3303717721181699,0.36015625,0.3303717721181699,26565.078125,13270.970233004555
2092,0.6421875,0.3300594022056863,0.3578125,0.3300594022056863,26577.875,13277.333764375475
2093,0.63125,0.3259095595646513,0.36875,0.3259095595646513,26590.71875,13283.723688327458
2094,0.6359375,0.32474449090785207,0.3640625,0.32474449090785207,26603.34375,13290.005434782297
2095,0.6328125,0.3223449239556907,0.3671875,0.3223449239556907,26616.0625,13296.33887878877
2096,0.6390625,0.32553479136741287,0.3609375,0.32553479136741287,26628.71875,13302.642365533002
2097,0.63984375,0.3268707426826008,0.36015625,0.3268707426826008,26641.5,13309.011136084084
2098,0.62578125,0.32149552874029214,0.37421875,0.32149552874029214,26654.296875,13315.387911157879
2099,0.61328125,0.31573520662593996,0.38671875,0.31573520662593996,26666.8125,13321.621790161931
2100,0.62734375,0.32236953817106384,0.37265625,0.32236953817106384,26679.078125,13327.725748837664
2101,0.62890625,0.3205410769796127,0.37109375,0.3205410769796127,26691.625,13333.968623187195
2102,0.63125,0.32219909351110065,0.36875,0.32219909351110065,26704.203125,13340.233984445911
2103,0.62734375,0.3183112022602645,0.37265625,0.3183112022602645,26716.828125,13346.523499692046
2104,0.62265625,0.3188093541552302,0.37734375,0.3188093541552302,26729.375,13352.779162675743
2105,0.62109375,0.31722983091916185,0.37890625,0.31722983091916185,26741.828125,13358.988849919935
2106,0.61953125,0.3154992787977098,0.38046875,0.3154992787977098,26754.25,13365.181222320509
2107,0.621875,0.31542962703172794,0.378125,0.3154296270317279,26766.640625,13371.360801726256
2108,0.63125,0.3182344942952838,0.36875,0.3182344942952838,26779.078125,13377.5652506227
2109,0.61953125,0.3127206252442026,0.38046875,0.3127206252442026,26791.703125,13383.863799592951
2110,0.61875,0.3119780797838608,0.38125,0.3119780797838608,26804.09375,13390.045573228084
2111,0.62421875,0.3145576786586603,0.37578125,0.3145576786586603,26816.46875,13396.221456533927
2112,0.625,0.3163435508865322,0.375,0.3163435508865322,26828.953125,13402.448142135701
2113,0.62734375,0.3167446107473653,0.37265625,0.3167446107473653,26841.453125,13408.679097988437
2114,0.640625,0.32193756976799864,0.359375,0.32193756976799864,26854.0,13414.935194784708
2115,0.63984375,0.32205509221540807,0.36015625,0.32205509221540807,26866.8125,13421.327328610936
2116,0.65234375,0.3287846791357149,0.34765625,0.3287846791357149,26879.609375,13427.709335567562
2117,0.64921875,0.32748635765955963,0.35078125,0.3274863576595596,26892.65625,13434.214785822844
2118,0.63984375,0.32347335248150655,0.36015625,0.3234733524815066,26905.640625,13440.688304750942
2119,0.6375,0.3254297789318381,0.3625,0.32542977893183805,26918.4375,13447.067281171589
2120,0.64296875,0.3290964043549777,0.35703125,0.3290964043549777,26931.1875,13453.416634505957
2121,0.64453125,0.3268203228648733,0.35546875,0.3268203228648733,26944.046875,13459.818538300744
2122,0.659375,0.33369893687087165,0.340625,0.33369893687087165,26956.9375,13466.243397246566
2123,0.64765625,0.3292058092497002,0.35234375,0.3292058092497002,26970.125,13472.820279300111
2124,0.6484375,0.32924844876722653,0.3515625,0.32924844876722653,26983.078125,13479.275279554598
2125,0.63125,0.3225209689161698,0.36875,0.3225209689161698,26996.046875,13485.737884178297
2126,0.62578125,0.31817503290248905,0.37421875,0.31817503290248905,27008.671875,13492.024019981647
2127,0.62109375,0.31645929339332096,0.37890625,0.31645929339332096,27021.1875,13498.258320032122
2128,0.6296875,0.3216189060100867,0.3703125,0.3216189060100867,27033.609375,13504.445261462028
2129,0.628125,0.3200398992459768,0.371875,0.3200398992459768,27046.203125,13510.715936930137
2130,0.628125,0.31840514433265676,0.371875,0.3184051443326568,27058.765625,13516.973014008196
2131,0.62578125,0.3190944829709533,0.37421875,0.3190944829709533,27071.328125,13523.233116866153
2132,0.62578125,0.3170027171117781,0.37421875,0.3170027171117781,27083.84375,13529.466545141155
2133,0.63828125,0.3234752393441421,0.36171875,0.3234752393441421,27096.359375,13535.705527689504
2134,0.6359375,0.32300129099490454,0.3640625,0.32300129099490454,27109.125,13542.068630348263
2135,0.63359375,0.3232940503144931,0.36640625,0.3232940503144931,27121.84375,13548.406720517021
2136,0.63125,0.3212410322191889,0.36875,0.3212410322191889,27134.515625,13554.717926064555
2137,0.62890625,0.31885146975609974,0.37109375,0.31885146975609974,27147.140625,13561.007860440091
2138,0.6265625,0.3183974766310186,0.3734375,0.3183974766310186,27159.71875,13567.278326563131
2139,0.64765625,0.3289090335392903,0.35234375,0.3289090335392903,27172.25,13573.526715129276
2140,0.6390625,0.32559103409703255,0.3609375,0.32559103409703255,27185.203125,13579.990397755257
2141,0.621875,0.31981096406217063,0.378125,0.31981096406217063,27197.984375,13586.366226109925
2142,0.62265625,0.3218958579406933,0.37734375,0.3218958579406933,27210.421875,13592.572718202002
2143,0.62890625,0.3193487788893595,0.37109375,0.3193487788893595,27222.875,13598.78792443179
2144,0.63359375,0.32181810783616577,0.36640625,0.3218181078361657,27235.453125,13605.065653786742
2145,0.64375,0.3268147201827436,0.35625,0.32681472018274366,27248.125,13611.386046789874
2146,0.64453125,0.32738010687120256,0.35546875,0.32738010687120256,27261.0,13617.807307000123
2147,0.65703125,0.33135869384154537,0.34296875,0.33135869384154537,27273.890625,13624.235967629897
2148,0.646875,0.32575970402372517,0.353125,0.32575970402372517,27287.03125,13630.795783945017
2149,0.63359375,0.3192379078318786,0.36640625,0.31923790783187855,27299.96875,13637.25191001569
2150,0.64453125,0.3236110645416037,0.35546875,0.3236110645416037,27312.640625,13643.57676283242
2151,0.64375,0.32357711358731783,0.35625,0.32357711358731783,27325.53125,13650.01324443468
2152,0.63046875,0.318368721105144,0.36953125,0.318368721105144,27338.40625,13656.439194162847
2153,0.63203125,0.3190562254525055,0.36796875,0.3190562254525055,27351.015625,13662.730057871939
2154,0.62890625,0.31628566374995565,0.37109375,0.31628566374995565,27363.65625,13669.035604744378
2155,0.62890625,0.3160153835753095,0.37109375,0.3160153835753095,27376.234375,13675.31419443101
2156,0.62734375,0.31670606936874446,0.37265625,0.31670606936874446,27388.8125,13681.592279348915
2157,0.6265625,0.3170046424886787,0.3734375,0.3170046424886787,27401.359375,13687.855055736654
2158,0.63125,0.3177258362665051,0.36875,0.3177258362665051,27413.890625,13694.109159591386
2159,0.6453125,0.3242083959190061,0.3546875,0.3242083959190061,27426.515625,13700.414234228581
2160,0.65,0.326760555969505,0.35,0.326760555969505,27439.421875,13706.859100212068
2161,0.66171875,0.3341942414459366,0.33828125,0.3341942414459366,27452.421875,13713.348404577637
2162,0.6546875,0.3305952402721869,0.3453125,0.3305952402721869,27465.65625,13719.951972063265
2163,0.659375,0.3342928491373619,0.340625,0.3342928491373619,27478.75,13726.48405320498
2164,0.6578125,0.33355441073665176,0.3421875,0.33355441073665176,27491.9375,13733.059401971796
2165,0.65078125,0.32876240173851234,0.34921875,0.32876240173851234,27505.09375,13739.621952671905
2166,0.6375,0.32445304034732825,0.3625,0.32445304034732825,27518.109375,13746.116361820703
2167,0.65078125,0.3314434134631808,0.34921875,0.3314434134631808,27530.859375,13752.472513847852
2168,0.6578125,0.3314986537255845,0.3421875,0.3314986537255845,27543.875,13758.961199613888
2169,0.665625,0.3355066277521578,0.334375,0.3355066277521578,27557.03125,13765.525540485613
2170,0.68125,0.34244781764890836,0.31875,0.34244781764890836,27570.34375,13772.1681127334
2171,0.6828125,0.3428824279180839,0.3171875,0.34288242791808393,27583.96875,13778.96999691128
2172,0.67265625,0.3389256636325287,0.32734375,0.3389256636325287,27597.625,13785.790204287914
2173,0.67734375,0.34125157394325667,0.32265625,0.34125157394325667,27611.078125,13792.50566779624
2174,0.67734375,0.3420465605869689,0.32265625,0.3420465605869689,27624.625,13799.269300794149
2175,0.67578125,0.34030589984416965,0.32421875,0.34030589984416965,27638.171875,13806.029899590212
2176,0.68515625,0.34617927131852505,0.31484375,0.34617927131852505,27651.6875,13812.777183446175
2177,0.684375,0.34476412906144976,0.315625,0.34476412906144976,27665.390625,13819.61911002584
2178,0.69140625,0.3484497615555577,0.30859375,0.3484497615555577,27679.078125,13826.45294246557
2179,0.69296875,0.3508551912604045,0.30703125,0.3508551912604045,27692.90625,13833.357477933718
2180,0.68671875,0.34589529439918665,0.31328125,0.3458952943991867,27706.765625,13840.273667609898
2181,0.68671875,0.3477255899951857,0.31328125,0.3477255899951857,27720.5,13847.132196765764
2182,0.6796875,0.34515869029241464,0.3203125,0.34515869029241464,27734.234375,13853.990503095607
2183,0.66875,0.3430425959793478,0.33125,0.3430425959793477,27747.828125,13860.778928099688
2184,0.65859375,0.3393863660619707,0.34140625,0.3393863660619707,27761.203125,13867.454058230333
2185,0.65,0.3350970591671912,0.35,0.3350970591671912,27774.375,13874.030129918936
2186,0.6734375,0.34224278948302916,0.3265625,0.34224278948302916,27787.375,13880.51970775669
2187,0.67109375,0.3421250656512542,0.32890625,0.3421250656512542,27800.84375,13887.245246471473
2188,0.67890625,0.34190199276437394,0.32109375,0.34190199276437394,27814.265625,13893.945146708551
2189,0.675,0.34132132095816253,0.325,0.3413213209581626,27827.84375,13900.725748217194
2190,0.6796875,0.34321691619513744,0.3203125,0.34321691619513744,27841.34375,13907.468184389447
2191,0.67890625,0.34200016276037787,0.32109375,0.34200016276037787,27854.9375,13914.257268727355
2192,0.66796875,0.33690811815408217,0.33203125,0.33690811815408217,27868.515625,13921.03938771374
2193,0.67109375,0.3375452081990277,0.32890625,0.3375452081990277,27881.875,13927.713114071908
2194,0.68203125,0.343577726718242,0.31796875,0.343577726718242,27895.296875,13934.424548174551
2195,0.6796875,0.341639472685571,0.3203125,0.341639472685571,27908.9375,13941.244223508593
2196,0.67890625,0.3405067168482143,0.32109375,0.3405067168482143,27922.53125,13948.03832206133
2197,0.671875,0.33801140363066895,0.328125,0.33801140363066895,27936.109375,13954.827245199396
2198,0.67109375,0.3371290640976761,0.32890625,0.3371290640976761,27949.546875,13961.544033533432
2199,0.66875,0.3360773691382313,0.33125,0.3360773691382313,27962.96875,13968.254775635029
2200,0.6734375,0.3380800137587624,0.3265625,0.3380800137587624,27976.34375,13974.937992982825
2201,0.66953125,0.3370131760916404,0.33046875,0.3370131760916404,27989.8125,13981.668226834501
2202,0.67109375,0.3363678203200702,0.32890625,0.3363678203200702,28003.203125,13988.360737696526
2203,0.67578125,0.33887703741088004,0.32421875,0.33887703741088004,28016.625,13995.071643218842
2204,0.67578125,0.33879597819890067,0.32421875,0.33879597819890067,28030.140625,14001.83056926941
2205,0.66484375,0.3329848438743121,0.33515625,0.3329848438743121,28043.65625,14008.589852628982
2206,0.665625,0.33360930145249995,0.334375,0.33360930145249995,28056.953125,14015.239711555536
2207,0.66640625,0.33463227543921253,0.33359375,0.33463227543921253,28070.265625,14021.900491988472
2208,0.68203125,0.34311553664090316,0.31796875,0.34311553664090316,28083.59375,14028.569335905378
2209,0.67890625,0.3404529381941064,0.32109375,0.3404529381941064,28097.234375,14035.395160313527
2210,0.68828125,0.3453920298687782,0.31171875,0.3453920298687782,28110.8125,14042.18711651204
2211,0.68515625,0.34374644884529354,0.31484375,0.34374644884529354,28124.578125,14049.07403711337
2212,0.68984375,0.34595881257745115,0.31015625,0.34595881257745115,28138.28125,14055.9319909176
2213,0.6796875,0.3403507353405822,0.3203125,0.3403507353405822,28152.078125,14062.837044103295
2214,0.66328125,0.33185565209609585,0.33671875,0.33185565209609585,28165.671875,14069.637859450888
2215,0.6671875,0.33405541093974966,0.3328125,0.33405541093974966,28178.9375,14076.273328611423
2216,0.66875,0.3352682286710896,0.33125,0.3352682286710895,28192.28125,14082.94706699549
2217,0.6796875,0.3412819782406844,0.3203125,0.3412819782406844,28205.65625,14089.639348964427
2218,0.67109375,0.3365582926849374,0.32890625,0.3365582926849374,28219.25,14096.443618929568
2219,0.66875,0.33585027937497686,0.33125,0.3358502793749768,28232.671875,14103.161209532094
2220,0.66484375,0.3339823190726195,0.33515625,0.33398231907261944,28246.046875,14109.855629324175
2221,0.66796875,0.33602833074385263,0.33203125,0.33602833074385263,28259.34375,14116.50982719071
2222,0.66875,0.33767175895664564,0.33125,0.33767175895664564,28272.703125,14123.194840455359
2223,0.66015625,0.33336588382736465,0.33984375,0.33336588382736465,28286.078125,14129.889681647459
2224,0.64921875,0.3278402782558528,0.35078125,0.32784027825585277,28299.28125,14136.498569834803
2225,0.640625,0.32527594955571953,0.359375,0.32527594955571953,28312.265625,14142.995440129762
2226,0.640625,0.3265774518108224,0.359375,0.3265774518108224,28325.078125,14149.403321793925
2227,0.6390625,0.32557228760004286,0.3609375,0.32557228760004286,28337.890625,14155.808719753666
2228,0.6390625,0.32288978382723726,0.3609375,0.32288978382723726,28350.671875,14162.19975484021
2229,0.64453125,0.32563227259153077,0.35546875,0.32563227259153077,28363.453125,14168.58918421984
2230,0.640625,0.32291246637053206,0.359375,0.32291246637053206,28376.34375,14175.03360072007
2231,0.64296875,0.32288978382723726,0.35703125,0.32288978382723726,28389.15625,14181.438337448273
2232,0.63359375,0.3184051443326568,0.36640625,0.31840514433265676,28402.015625,14187.863982149553
2233,0.6328125,0.3175086889805144,0.3671875,0.3175086889805144,28414.6875,14194.192478086961
2234,0.640625,0.3232336314011121,0.359375,0.3232336314011121,28427.34375,14200.513954167292
2235,0.6359375,0.3197918787322858,0.3640625,0.3197918787322858,28440.15625,14206.910674752979
2236,0.63828125,0.3209844324252735,0.36171875,0.3209844324252735,28452.875,14213.26490745845
2237,0.6359375,0.3195818648787428,0.3640625,0.3195818648787428,28465.640625,14219.640467944246
2238,0.63359375,0.3177335201764995,0.36640625,0.3177335201764995,28478.359375,14225.989199304577
2239,0.63046875,0.3154896058608746,0.36953125,0.3154896058608746,28491.03125,14232.318861375858
2240,0.63828125,0.3196792520930159,0.36171875,0.3196792520930159,28503.640625,14238.62291827713
2241,0.6328125,0.3180848605570925,0.3671875,0.3180848605570925,28516.40625,14245.004930028736
2242,0.62890625,0.3163724904829353,0.37109375,0.3163724904829353,28529.0625,14251.329133806366
2243,0.62578125,0.3155360332533354,0.37421875,0.3155360332533354,28541.640625,14257.615373037957
2244,0.61953125,0.31213455194134626,0.38046875,0.31213455194134626,28554.15625,14263.874417285433
2245,0.621875,0.31401391104236925,0.378125,0.31401391104236925,28566.546875,14270.070040591214
2246,0.62265625,0.3135003519984068,0.37734375,0.3135003519984068,28578.984375,14276.291360239235
2247,0.6078125,0.3069885068848262,0.3921875,0.3069885068848262,28591.4375,14282.518599170264
2248,0.6140625,0.3094913764701288,0.3859375,0.30949137647012875,28603.59375,14288.595055059155
2249,0.61484375,0.3103303588768347,0.38515625,0.3103303588768347,28615.875,14294.729042617613
2250,0.6203125,0.312679635869527,0.3796875,0.312679635869527,28628.171875,14300.868703348415
2251,0.628125,0.31693532155137744,0.371875,0.31693532155137744,28640.578125,14307.062395753926
2252,0.6265625,0.31644579228222486,0.3734375,0.31644579228222486,28653.140625,14313.333015588532
2253,0.62265625,0.3144140600734563,0.37734375,0.3144140600734563,28665.671875,14319.586614734886
2254,0.6234375,0.3145111068438204,0.3765625,0.3145111068438204,28678.125,14325.801767501122
2255,0.6171875,0.3134360979529958,0.3828125,0.3134360979529958,28690.59375,14332.024677158483
2256,0.628125,0.3196964349924393,0.371875,0.3196964349924394,28702.9375,14338.182284622091
2257,0.640625,0.32615667067856363,0.359375,0.32615667067856363,28715.5,14344.447421991728
2258,0.65078125,0.32883665386005106,0.34921875,0.32883665386005106,28728.3125,14350.840460334326
2259,0.653125,0.32908527639598983,0.346875,0.3290852763959897,28741.328125,14357.337435942352
2260,0.65546875,0.3293911582848726,0.34453125,0.32939115828487264,28754.390625,14363.861013880432
2261,0.646875,0.32605934623259153,0.353125,0.32605934623259153,28767.5,14370.412465164154
2262,0.64921875,0.3270107569427189,0.35078125,0.3270107569427189,28780.4375,14376.874527541237
2263,0.6484375,0.3270910047534554,0.3515625,0.3270910047534554,28793.421875,14383.362655607167
2264,0.6640625,0.33450822404408087,0.3359375,0.33450822404408087,28806.390625,14389.841933380498
2265,0.65234375,0.33089419275181453,0.34765625,0.33089419275181453,28819.671875,14396.47459570113
2266,0.64140625,0.3287326961938453,0.35859375,0.32873269619384526,28832.71875,14402.9893168308
2267,0.63984375,0.327057415042642,0.36015625,0.327057415042642,28845.546875,14409.392418255575
2268,0.6359375,0.326618565761348,0.3640625,0.326618565761348,28858.34375,14415.77681001384
2269,0.62578125,0.3232090829913742,0.37421875,0.32320908299137413,28871.0625,14422.118693566772
2270,0.62578125,0.31922834817924617,0.37421875,0.3192283481792461,28883.578125,14428.356564601301
2271,0.6328125,0.3245339206076924,0.3671875,0.3245339206076924,28896.09375,14434.600021333425
2272,0.62578125,0.32280281931273463,0.37421875,0.32280281931273463,28908.75,14440.911156224618
2273,0.6375,0.32678670533124504,0.3625,0.32678670533124504,28921.265625,14447.150780932956
2274,0.64296875,0.32772110558655665,0.35703125,0.32772110558655665,28934.015625,14453.509655236126
2275,0.65546875,0.3334976808390127,0.34453125,0.33349768083901277,28946.875,14459.92643581899
2276,0.653125,0.3349312691853733,0.346875,0.3349312691853733,28959.984375,14466.466616057827
2277,0.646875,0.33479639043286447,0.353125,0.33479639043286447,28973.046875,14472.980724179815
2278,0.66328125,0.34060528899391007,0.33671875,0.3406052889939101,28985.984375,14479.429109276594
2279,0.6625,0.3401318821657638,0.3375,0.3401318821657638,28999.25,14486.046086315057
2280,0.66484375,0.3397710051453773,0.33515625,0.3397710051453773,29012.5,14492.656546991739
2281,0.6515625,0.335832105560204,0.3484375,0.33583210556020404,29025.796875,14499.29053477165
2282,0.646875,0.3332248765614221,0.353125,0.3332248765614221,29038.828125,14505.788826785832
2283,0.6625,0.3383326678590541,0.3375,0.3383326678590541,29051.765625,14512.240458539296
2284,0.66796875,0.3408524899745856,0.33203125,0.3408524899745856,29065.015625,14518.849973036804
2285,0.6640625,0.3395697530515638,0.3359375,0.3395697530515638,29078.375,14525.516278693769
2286,0.665625,0.34025747087224256,0.334375,0.34025747087224256,29091.65625,14532.142986708217
2287,0.6625,0.3389634792044343,0.3375,0.3389634792044343,29104.96875,14538.78766159494
2288,0.65625,0.33480003651900186,0.34375,0.33480003651900186,29118.21875,14545.400356026294
2289,0.66328125,0.33730101194074413,0.33671875,0.33730101194074413,29131.34375,14551.955560701283
2290,0.66484375,0.3359683852081547,0.33515625,0.3359683852081547,29144.609375,14558.582304630596
2291,0.66484375,0.33633152763958213,0.33515625,0.33633152763958213,29157.90625,14565.226070067294
2292,0.67265625,0.3394564963152495,0.32734375,0.33945649631524943,29171.203125,14571.86946646032
2293,0.6734375,0.34061604059318024,0.3265625,0.34061604059318024,29184.65625,14578.59456066523
2294,0.678125,0.34284860509505505,0.321875,0.34284860509505505,29198.125,14585.325129502626
2295,0.671875,0.34089725358236606,0.328125,0.34089725358236606,29211.6875,14592.103068841026
2296,0.68203125,0.3455792945593312,0.31796875,0.3455792945593312,29225.125,14598.82083991771
2297,0.66796875,0.3374059475431635,0.33203125,0.3374059475431635,29238.765625,14605.64132741048
2298,0.67265625,0.3383218436960212,0.32734375,0.33832184369602114,29252.125,14612.318983237092
2299,0.66796875,0.3365274616162476,0.33203125,0.3365274616162476,29265.578125,14619.04609330659
2300,0.665625,0.335743039647697,0.334375,0.335743039647697,29278.9375,14625.724240347467
2301,0.6671875,0.33682114887299613,0.3328125,0.33682114887299613,29292.25,14632.378366023904
2302,0.66171875,0.3349057557498452,0.33828125,0.3349057557498452,29305.59375,14639.050368280676
2303,0.671875,0.34078981104560624,0.328125,0.34078981104560624,29318.828125,14645.663662455503
2304,0.671875,0.3415858723705139,0.328125,0.3415858723705139,29332.265625,14652.380204983308
2305,0.6609375,0.3358230182839988,0.3390625,0.3358230182839988,29345.703125,14659.100463997585
2306,0.6640625,0.33921907387133315,0.3359375,0.33921907387133315,29358.921875,14665.711847791139
2307,0.653125,0.33632245385752946,0.346875,0.3363224538575294,29372.203125,14672.356923777805
2308,0.64921875,0.33608644953716893,0.35078125,0.3360864495371689,29385.265625,14678.893053825432
2309,0.64453125,0.3360646561675298,0.35546875,0.3360646561675298,29398.25,14685.39069275408
2310,0.63671875,0.33053430939540906,0.36328125,0.33053430939540906,29411.140625,14691.845274665366
2311,0.64296875,0.33306914986793656,0.35703125,0.33306914986793656,29423.875,14698.219235018372
2312,0.64453125,0.3331277849320738,0.35546875,0.3331277849320738,29436.734375,14704.65371456378
2313,0.646875,0.3370131760916404,0.353125,0.3370131760916404,29449.625,14711.10347659289
2314,0.65234375,0.3410583539238557,0.34765625,0.3410583539238557,29462.5625,14717.580036718231
2315,0.653125,0.34257077564807686,0.346875,0.3425707756480768,29475.609375,14724.114063984913
2316,0.653125,0.3378885928407099,0.346875,0.3378885928407098,29488.671875,14730.654866647748
2317,0.65625,0.3383001943309743,0.34375,0.3383001943309743,29501.734375,14737.19173346689
2318,0.64453125,0.33141026488610004,0.35546875,0.33141026488610004,29514.859375,14743.759814586469
2319,0.65,0.33514259150490705,0.35,0.33514259150490705,29527.75,14750.210095365484
2320,0.65390625,0.3374475509014327,0.34609375,0.3374475509014327,29540.75,14756.713505400474
2321,0.66015625,0.3370620712031391,0.33984375,0.3370620712031391,29553.828125,14763.257661994307
2322,0.6625,0.339862607235446,0.3375,0.339862607235446,29567.03125,14769.862739023334
2323,0.66328125,0.3373372003185388,0.33671875,0.33733720031853887,29580.28125,14776.493523287249
2324,0.65546875,0.3346213315777627,0.34453125,0.3346213315777627,29593.546875,14783.128498713411
2325,0.66640625,0.3374927661261794,0.33359375,0.3374927661261794,29606.65625,14789.686014523875
2326,0.6515625,0.32892758986591564,0.3484375,0.3289275898659157,29619.984375,14796.351339351182
2327,0.65078125,0.32905003537646066,0.34921875,0.32905003537646066,29633.015625,14802.869604302155
2328,0.66015625,0.33375014630146604,0.33984375,0.33375014630146604,29646.03125,14809.380653584856
2329,0.6703125,0.3369044948822663,0.3296875,0.3369044948822663,29659.234375,14815.98929064963
2330,0.67421875,0.34012290976939497,0.32578125,0.34012290976939497,29672.640625,14822.696575292352
2331,0.67890625,0.3427399934717278,0.32109375,0.3427399934717278,29686.125,14829.443594197206
2332,0.67265625,0.33896167855857984,0.32734375,0.33896167855857984,29699.703125,14836.236616044047
2333,0.66796875,0.3380565434398512,0.33203125,0.3380565434398512,29713.15625,14842.967412890092
2334,0.6609375,0.33516808691218647,0.3390625,0.33516808691218647,29726.515625,14849.655362293977
2335,0.6625,0.3343403165423294,0.3375,0.3343403165423294,29739.734375,14856.27242917099
2336,0.671875,0.3397135167129798,0.328125,0.3397135167129798,29752.984375,14862.903529316785
2337,0.665625,0.33724853189543313,0.334375,0.33724853189543313,29766.421875,14869.628875135968
2338,0.66640625,0.33772778771334466,0.33359375,0.33772778771334466,29779.734375,14876.291691356691
2339,0.66328125,0.33801501503723913,0.33671875,0.33801501503723913,29793.0625,14882.96263862918
2340,0.66015625,0.3364004803848012,0.33984375,0.3364004803848012,29806.328125,14889.604862009513
2341,0.66015625,0.3357194059497455,0.33984375,0.3357194059497455,29819.53125,14896.217107745635
2342,0.65546875,0.33411021934666263,0.34453125,0.33411021934666263,29832.734375,14902.827152300588
2343,0.66640625,0.3377006781853939,0.33359375,0.3377006781853939,29845.84375,14909.393494817312
2344,0.665625,0.3357248600277093,0.334375,0.3357248600277093,29859.171875,14916.06926328414
2345,0.66015625,0.33189795118379384,0.33984375,0.33189795118379384,29872.484375,14922.734343171009
2346,0.65234375,0.32801337386987744,0.34765625,0.32801337386987744,29885.6875,14929.342454673155
2347,0.640625,0.323129759998789,0.359375,0.323129759998789,29898.734375,14935.86933726535
2348,0.64375,0.3235865447652683,0.35625,0.3235865447652683,29911.546875,14942.281544655943
2349,0.64375,0.3247068990836197,0.35625,0.3247068990836197,29924.421875,14948.72459454043
2350,0.64609375,0.32535662524950987,0.35390625,0.32535662524950987,29937.296875,14955.170407601852
2351,0.646875,0.32589083139047503,0.353125,0.32589083139047503,29950.21875,14961.638158560556
2352,0.64921875,0.3260761929269753,0.35078125,0.3260761929269752,29963.15625,14968.11416818943
2353,0.65,0.32736705615123374,0.35,0.32736705615123374,29976.140625,14974.610936244539
2354,0.64453125,0.3246185411611989,0.35546875,0.3246185411611989,29989.140625,14981.117512109071
2355,0.64609375,0.32827005722232727,0.35390625,0.32827005722232727,30002.03125,14987.570385800893
2356,0.6359375,0.3216189060100867,0.3640625,0.32161890601008675,30014.953125,14994.042786014974
2357,0.6421875,0.32530972321101165,0.3578125,0.32530972321101165,30027.671875,15000.413734398295
2358,0.6359375,0.3215429871387728,0.3640625,0.3215429871387728,30040.515625,15006.84800393419
2359,0.63671875,0.31995979056457236,0.36328125,0.31995979056457236,30053.234375,15013.218527946334
2360,0.653125,0.3286955604877787,0.346875,0.3286955604877787,30065.96875,15019.59278958459
2361,0.65078125,0.326695173408064,0.34921875,0.326695173408064,30079.03125,15026.132337820382
2362,0.6359375,0.3194481478121684,0.3640625,0.31944814781216846,30092.046875,15032.646555315243
2363,0.6421875,0.3222369778934054,0.3578125,0.3222369778934054,30104.765625,15039.00916930479
2364,0.6421875,0.32357899984489874,0.3578125,0.32357899984489874,30117.609375,15045.43169565737
2365,0.66171875,0.3331607626206904,0.33828125,0.3331607626206904,30130.453125,15051.861171547493
2366,0.66796875,0.3362189954339656,0.33203125,0.3362189954339656,30143.6875,15058.48531603307
2367,0.66328125,0.33497682405839657,0.33671875,0.3349768240583966,30157.046875,15065.17034383513
2368,0.65234375,0.3337592900158361,0.34765625,0.3337592900158361,30170.3125,15071.810641255395
2369,0.64921875,0.3308148675052256,0.35078125,0.3308148675052256,30183.359375,15078.348698065356
2370,0.6421875,0.32770248094212684,0.3578125,0.32770248094212684,30196.34375,15084.852500421495
2371,0.6453125,0.33004830671528224,0.3546875,0.3300483067152822,30209.1875,15091.285711796016
2372,0.66015625,0.33509159487090245,0.33984375,0.33509159487090245,30222.09375,15097.753562865553
2373,0.6546875,0.33227105310931765,0.3453125,0.33227105310931765,30235.296875,15104.365978575403
2374,0.6453125,0.3286955604877787,0.3546875,0.32869556048777865,30248.390625,15110.919725489754
2375,0.6515625,0.3301962159317169,0.3484375,0.3301962159317169,30261.296875,15117.385926233272
2376,0.65390625,0.33107490950406526,0.34609375,0.33107490950406526,30274.328125,15123.914735777196
2377,0.6625,0.33406637334050104,0.3375,0.33406637334050104,30287.40625,15130.464110535251
2378,0.6515625,0.32832397241044553,0.3484375,0.3283239724104456,30300.65625,15137.095573583745
2379,0.6453125,0.32711339597779393,0.3546875,0.32711339597779393,30313.6875,15143.615928007419
2380,0.65234375,0.333622107986716,0.34765625,0.333622107986716,30326.59375,15150.079838012225
2381,0.64140625,0.3284076163854913,0.35859375,0.32840761638549126,30339.640625,15156.62067165931
2382,0.63671875,0.32544478278292466,0.36328125,0.32544478278292466,30352.46875,15163.05352054442
2383,0.64453125,0.3325960270170105,0.35546875,0.3325960270170105,30365.203125,15169.439418353266
2384,0.64921875,0.33258134578250176,0.35078125,0.3325813457825017,30378.09375,15175.907403722756
2385,0.64765625,0.3315428393087008,0.35234375,0.3315428393087008,30391.078125,15182.41946356305
2386,0.646875,0.32918912271766365,0.353125,0.32918912271766365,30404.03125,15188.914939602515
2387,0.6484375,0.3326327272683793,0.3515625,0.3326327272683793,30416.96875,15195.399770507747
2388,0.6515625,0.3314876064095383,0.3484375,0.33148760640953834,30429.9375,15201.90318320708
2389,0.653125,0.3337995193834542,0.346875,0.33379951938345415,30442.96875,15208.435479492515
2390,0.659375,0.338258695841659,0.340625,0.338258695841659,30456.03125,15214.986307130608
2391,0.6578125,0.3374204188582843,0.3421875,0.3374204188582843,30469.21875,15221.600952483304
2392,0.65078125,0.3309273930231902,0.34921875,0.3309273930231902,30482.375,15228.199354489621
2393,0.6578125,0.3334812090611329,0.3421875,0.3334812090611329,30495.390625,15234.72262736394
2394,0.65625,0.33087574671714004,0.34375,0.33087574671714004,30508.546875,15241.315598508543
2395,0.6515625,0.32999282366723526,0.3484375,0.32999282366723526,30521.671875,15247.889912338973
2396,0.65078125,0.3294485953121139,0.34921875,0.3294485953121139,30534.703125,15254.420080126187
2397,0.63984375,0.3261510565960963,0.36015625,0.3261510565960963,30547.71875,15260.942399901307
2398,0.6421875,0.32582527430357516,0.3578125,0.32582527430357516,30560.515625,15267.359400305786
2399,0.6421875,0.32637741465498954,0.3578125,0.32637741465498954,30573.359375,15273.798112990322
2400,0.63515625,0.3241443815310162,0.36484375,0.3241443815310162,30586.203125,15280.238102089344
2401,0.6328125,0.32329971400872753,0.3671875,0.32329971400872753,30598.90625,15286.609600117557
2402,0.621875,0.3170893474982643,0.378125,0.31708934749826423,30611.5625,15292.95750813763
2403,0.621875,0.31616406626445553,0.378125,0.3161640662644555,30624.0,15299.194391752171
2404,0.61640625,0.3137222192631166,0.38359375,0.3137222192631166,30636.4375,15305.430824263281
2405,0.62578125,0.31927614358009115,0.37421875,0.31927614358009115,30648.765625,15311.612704314774
2406,0.62578125,0.3193143747498302,0.37421875,0.31931437474983015,30661.28125,15317.88871034388
2407,0.63125,0.3218768962322785,0.36875,0.3218768962322785,30673.796875,15324.166201047423
2408,0.62734375,0.3215828467809656,0.37265625,0.3215828467809656,30686.421875,15330.498400795614
2409,0.634375,0.32334313236869594,0.365625,0.32334313236869594,30698.96875,15336.793872660624
2410,0.63984375,0.3286027028618678,0.36015625,0.3286027028618678,30711.65625,15343.155457342651
2411,0.64765625,0.3321865445658884,0.35234375,0.3321865445658885,30724.453125,15349.577306676962
2412,0.63984375,0.3273651917201949,0.36015625,0.32736519172019496,30737.40625,15356.074729711763
2413,0.6359375,0.3306210863426212,0.3640625,0.3306210863426212,30750.203125,15362.493664229649
2414,0.63671875,0.3266054846112126,0.36328125,0.3266054846112126,30762.921875,15368.8811942855
2415,0.6375,0.3277006184194653,0.3625,0.3277006184194653,30775.65625,15375.26953862123
2416,0.63203125,0.3261791260421565,0.36796875,0.32617912604215654,30788.40625,15381.66482312487
2417,0.63984375,0.32975228925001415,0.36015625,0.32975228925001415,30801.046875,15388.00393279273
2418,0.6359375,0.3298263185232873,0.3640625,0.32982631852328737,30813.84375,15394.41896966476
2419,0.63046875,0.32942080445267874,0.36953125,0.32942080445267874,30826.5625,15400.80162470752
2420,0.6359375,0.3331955688621549,0.3640625,0.3331955688621549,30839.171875,15407.136084479931
2421,0.646875,0.33412117994916907,0.353125,0.33412117994916907,30851.890625,15413.525187780875
2422,0.64453125,0.3327611462727432,0.35546875,0.3327611462727432,30864.828125,15420.018956858738
2423,0.64609375,0.3310011594815417,0.35390625,0.3310011594815417,30877.71875,15426.486953612623
2424,0.64609375,0.33113021124155223,0.35390625,0.33113021124155223,30890.640625,15432.969296829904
2425,0.6515625,0.3333054594465488,0.3484375,0.3333054594465488,30903.5625,15439.450277284684
2426,0.6359375,0.3269640921846388,0.3640625,0.32696409218463884,30916.59375,15445.985007773106
2427,0.615625,0.31939273434128085,0.384375,0.31939273434128085,30929.3125,15452.366695515473
2428,0.61953125,0.3193736240185623,0.38046875,0.3193736240185623,30941.625,15458.550243580437
2429,0.625,0.32388442853412236,0.375,0.32388442853412236,30954.015625,15464.770784795664
2430,0.6296875,0.32362426672860145,0.3703125,0.32362426672860145,30966.515625,15471.047956018425
2431,0.63359375,0.3248196615046571,0.36640625,0.3248196615046571,30979.109375,15477.369622489228
2432,0.63828125,0.32826076060523135,0.36171875,0.32826076060523135,30991.78125,15483.730199932343
2433,0.6390625,0.3269752923339545,0.3609375,0.3269752923339545,31004.546875,15490.13982420551
2434,0.63203125,0.3220361398828166,0.36796875,0.3220361398828166,31017.328125,15496.555308178447
2435,0.61640625,0.31532318490320377,0.38359375,0.31532318490320377,31029.96875,15502.897913843424
2436,0.62265625,0.3190677031896992,0.37734375,0.3190677031896992,31042.296875,15509.085861575426
2437,0.62265625,0.3202133993038861,0.37734375,0.3202133993038861,31054.75,15515.336376296484
2438,0.6203125,0.3187021256940013,0.3796875,0.3187021256940013,31067.203125,15521.58991453832
2439,0.62421875,0.3187308511405038,0.37578125,0.3187308511405038,31079.609375,15527.819958499462
2440,0.63125,0.32151641129866915,0.36875,0.32151641129866915,31092.09375,15534.085610847415
2441,0.64140625,0.3287698277053036,0.35859375,0.32876982770530355,31104.71875,15540.41763766429
2442,0.64609375,0.33101959852760227,0.35390625,0.33101959852760227,31117.546875,15546.855370794769
2443,0.63828125,0.3252534318371983,0.36171875,0.3252534318371983,31130.46875,15553.339383364624
2444,0.63203125,0.3233412447351482,0.36796875,0.32334124473514825,31143.234375,15559.742456072865
2445,0.6390625,0.330225789825121,0.3609375,0.330225789825121,31155.875,15566.085555306983
2446,0.6375,0.3271786949627069,0.3625,0.32717869496270685,31168.65625,15572.504131490638
2447,0.64140625,0.32570161646628343,0.35859375,0.3257016164662834,31181.40625,15578.904351665422
2448,0.64921875,0.3277099309269174,0.35078125,0.3277099309269174,31194.234375,15585.337011254987
2449,0.64921875,0.3278495867962929,0.35078125,0.3278495867962929,31207.21875,15591.844150787967
2450,0.6453125,0.32469750044753193,0.3546875,0.32469750044753193,31220.203125,15598.351857031617
2451,0.646875,0.324962437733194,0.353125,0.324962437733194,31233.109375,15604.814925633731
2452,0.640625,0.3232336314011121,0.359375,0.3232336314011121,31246.046875,15611.284986811725
2453,0.63125,0.3196697056386873,0.36875,0.3196697056386873,31258.859375,15617.697922311665
2454,0.62890625,0.32068385485650036,0.37109375,0.32068385485650036,31271.484375,15624.01815469823
2455,0.628125,0.32285008554184247,0.371875,0.32285008554184247,31284.0625,15630.314415832874
2456,0.6328125,0.3259694824912679,0.3671875,0.3259694824912679,31296.625,15636.605325156946
2457,0.64140625,0.33043642720177663,0.35859375,0.3304364272017765,31309.28125,15642.942267885115
2458,0.64140625,0.3267773665136939,0.35859375,0.3267773665136938,31322.109375,15649.363512369606
2459,0.640625,0.32607244929233137,0.359375,0.32607244929233137,31334.9375,15655.78607996859
2460,0.64921875,0.3306118558351318,0.35078125,0.3306118558351318,31347.75,15662.195031401574
2461,0.6640625,0.3355648369028331,0.3359375,0.3355648369028331,31360.734375,15668.693138063083
2462,0.65078125,0.329791156690488,0.34921875,0.329791156690488,31374.015625,15675.34016648318
2463,0.6578125,0.3330508242933802,0.3421875,0.3330508242933802,31387.03125,15681.852676943106
2464,0.6578125,0.3339932838724081,0.3421875,0.3339932838724081,31400.1875,15688.440036233935
2465,0.66328125,0.33572304201156644,0.33671875,0.33572304201156644,31413.34375,15695.026575559517
2466,0.66875,0.33796083988662795,0.33125,0.33796083988662795,31426.609375,15701.664638997576
2467,0.66796875,0.34267409751741523,0.33203125,0.34267409751741523,31439.984375,15708.359024285122
2468,0.6734375,0.34515515363112426,0.3265625,0.34515515363112426,31453.34375,15715.047614294119
2469,0.68359375,0.35139753073886987,0.31640625,0.35139753073886987,31466.8125,15721.790725353661
2470,0.6921875,0.35211241712963637,0.3078125,0.35211241712963626,31480.484375,15728.634632675627
2471,0.68984375,0.3515329848721525,0.31015625,0.3515329848721525,31494.328125,15735.565254493338
2472,0.68515625,0.3489975879662351,0.31484375,0.3489975879662351,31508.125,15742.476216567686
2473,0.67734375,0.34693657955651636,0.32265625,0.34693657955651636,31521.828125,15749.339711373244
2474,0.6765625,0.34521527194545576,0.3234375,0.34521527194545576,31535.375,15756.125973238799
2475,0.67890625,0.34563050967579523,0.32109375,0.3456305096757953,31548.90625,15762.902739142683
2476,0.66875,0.34114245386366826,0.33125,0.34114245386366815,31562.484375,15769.701468334479
2477,0.66015625,0.3376771815006901,0.33984375,0.3376771815006901,31575.859375,15776.39609008688
2478,0.65859375,0.33681390041924486,0.34140625,0.33681390041924486,31589.0625,15783.003892095769
2479,0.65390625,0.334969535695039,0.34609375,0.334969535695039,31602.234375,15789.598720994132
2480,0.646875,0.3312868493654706,0.353125,0.3312868493654706,31615.3125,15796.142471115327
2481,0.64609375,0.32962454967735644,0.35390625,0.32962454967735644,31628.25,15802.616966108464
2482,0.65,0.3319402448813265,0.35,0.3319402448813265,31641.171875,15809.090155212745
2483,0.6328125,0.32241118871617186,0.3671875,0.32241118871617186,31654.171875,15815.60155913287
2484,0.64921875,0.32997432724474945,0.35078125,0.3299743272447494,31666.828125,15821.943115317283
2485,0.640625,0.3262689320416901,0.359375,0.3262689320416901,31679.8125,15828.441639817775
2486,0.65234375,0.32972082177578654,0.34765625,0.32972082177578654,31692.625,15834.860859707263
2487,0.65234375,0.330358839582998,0.34765625,0.330358839582998,31705.671875,15841.398909754427
2488,0.65390625,0.3305306162540015,0.34609375,0.3305306162540015,31718.71875,15847.935681277551
2489,0.646875,0.3289665547447415,0.353125,0.3289665547447415,31731.796875,15854.488127010953
2490,0.6515625,0.3312665827217182,0.3484375,0.3312665827217183,31744.734375,15860.964285408005
2491,0.65078125,0.3311947182644222,0.34921875,0.3311947182644222,31757.765625,15867.487635532272
2492,0.64296875,0.32676989526748784,0.35703125,0.32676989526748784,31770.78125,15874.008083937899
2493,0.6484375,0.33108781406901705,0.3515625,0.33108781406901705,31783.640625,15880.446355555003
2494,0.64921875,0.33142315639337877,0.35078125,0.33142315639337877,31796.609375,15886.942023618529
2495,0.64453125,0.33189795118379384,0.35546875,0.33189795118379384,31809.59375,15893.44588303963
2496,0.640625,0.32733349476775975,0.359375,0.32733349476775975,31822.484375,15899.905052767193
2497,0.6421875,0.327217868098802,0.3578125,0.327217868098802,31835.296875,15906.328174338227
2498,0.6375,0.3268147201827436,0.3625,0.3268147201827436,31848.140625,15912.766939578416
2499,0.63515625,0.3241349665841376,0.36484375,0.3241349665841376,31860.890625,15919.160492857758
2500,0.62890625,0.3230447494639868,0.37109375,0.3230447494639868,31873.59375,15925.53253607606
