t,fC_mean,fC_std,fD_mean,fD_std,avgR_mean,avgR_std
0,0.49326171875,0.02016288234208642,0.50673828125,0.02016288234208642,0.0,0.0
1,0.3455078125,0.0208481799312389,0.6544921875,0.020848179931238903,8.632080078125,0.3528504409865123
2,0.25380859375,0.023561075587436878,0.74619140625,0.023561075587436878,14.678466796875,0.694169594627638
3,0.19765625,0.02798903768386384,0.80234375,0.02798903768386384,19.1201171875,1.0667896070760068
4,0.1640625,0.024441390954626028,0.8359375,0.024441390954626028,22.5791015625,1.4479203075482083
5,0.14052734375,0.027856691377774957,0.85947265625,0.027856691377774957,25.4501953125,1.7976176178588763
6,0.12919921875,0.028501742393369705,0.87080078125,0.028501742393369705,27.909423828125,2.231601848161906
7,0.1232421875,0.03166774011766795,0.8767578125,0.03166774011766795,30.17041015625,2.6820189007086706
8,0.11865234375,0.0326885972139733,0.88134765625,0.0326885972139733,32.327148246765134,3.1760841607577173
9,0.1171875,0.034188057011001666,0.8828125,0.034188057011001666,34.403564453125,3.6805703385773962
10,0.11689453125,0.039303577374814214,0.88310546875,0.039303577374814214,36.454345703125,4.204590956572932
11,0.12001953125,0.04363049124448809,0.87998046875,0.04363049124448809,38.5,4.802573283171041
12,0.1228515625,0.046791103306427946,0.8771484375,0.046791103306427946,40.600341987609866,5.436816171496393
13,0.1271484375,0.050090707516386584,0.8728515625,0.050090707516386584,42.750244140625,6.148451018651814
14,0.13212890625,0.05302662436206317,0.86787109375,0.05302662436206317,44.975342178344725,6.9408338895356145
15,0.13544921875,0.052402474783194354,0.86455078125,0.052402474783194354,47.287598037719725,7.808760513010637
16,0.1341796875,0.0516862713115373,0.8658203125,0.051686271311537295,49.657958984375,8.68098812504736
17,0.1365234375,0.04926523102839618,0.8634765625,0.04926523102839618,52.006103515625,9.542358619401144
18,0.141796875,0.051237061891081036,0.858203125,0.05123706189108104,54.39526443481445,10.376311832208419
19,0.1466796875,0.05396212570629689,0.8533203125,0.05396212570629689,56.876709365844725,11.244144584835023
20,0.151953125,0.05261161927664037,0.848046875,0.05261161927664036,59.443603897094725,12.155959373770354
21,0.15517578125,0.0545975299262508,0.84482421875,0.0545975299262508,62.102783584594725,13.057294825247304
22,0.158984375,0.05732812819399011,0.841015625,0.0573281281939901,64.818359375,13.982752666458333
23,0.159765625,0.060402107676937954,0.840234375,0.060402107676937954,67.6005859375,14.963604474713174
24,0.16806640625,0.06075042963072263,0.83193359375,0.06075042963072263,70.39648513793945,15.99343376116298
25,0.17421875,0.06138097344753655,0.82578125,0.061380973447536555,73.33764686584473,17.024641047120966
26,0.17939453125,0.06244817492442514,0.82060546875,0.06244817492442514,76.3864761352539,18.062296920904643
27,0.1826171875,0.06470859644292466,0.8173828125,0.06470859644292466,79.52587890625,19.10187147393781
28,0.18857421875,0.06578357248442408,0.81142578125,0.06578357248442407,82.7216796875,20.16637653609772
29,0.18984375,0.06600175519979089,0.81015625,0.0660017551997909,86.021728515625,21.242221032551445
30,0.19296875,0.06961212598029236,0.80703125,0.06961212598029236,89.3439956665039,22.32564984182592
31,0.196484375,0.06999412511968081,0.803515625,0.0699941251196808,92.72094802856445,23.47429910137044
32,0.19951171875,0.0693373816971073,0.80048828125,0.0693373816971073,96.15942459106445,24.63781986744893
33,0.203125,0.07213750255520594,0.796875,0.07213750255520594,99.65087890625,25.772972327061684
34,0.2072265625,0.07293660209253436,0.7927734375,0.07293660209253437,103.2055679321289,26.941674330775577
35,0.21103515625,0.07211826455650192,0.78896484375,0.07211826455650193,106.83203163146973,28.121440546433202
36,0.2140625,0.07306071267662537,0.7859375,0.07306071267662537,110.525146484375,29.278198462817652
37,0.218359375,0.07033446922409492,0.781640625,0.07033446922409492,114.2712417602539,30.443028339305297
38,0.22333984375,0.07134930299393068,0.77666015625,0.07134930299393069,118.0925308227539,31.553020579044635
39,0.23046875,0.06957211097478846,0.76953125,0.06957211097478846,122.00097694396973,32.666149803290914
40,0.2369140625,0.06802120596144426,0.7630859375,0.06802120596144426,126.0341796875,33.730145251518074
41,0.24248046875,0.06753838754452357,0.75751953125,0.06753838754452358,130.18017654418946,34.74511110687489
42,0.24619140625,0.06736646370961785,0.75380859375,0.06736646370961785,134.423583984375,35.76952067282648
43,0.24931640625,0.062348831466823185,0.75068359375,0.06234883146682318,138.73193359375,36.778982654910855
44,0.25556640625,0.06252753604838612,0.74443359375,0.06252753604838614,143.09497146606446,37.73318758281459
45,0.26025390625,0.06417174909536133,0.73974609375,0.06417174909536133,147.56738357543946,38.71955668766131
46,0.2658203125,0.06599684227989978,0.7341796875,0.0659968422798998,152.12182693481446,39.72542623434239
47,0.26884765625,0.06994403509266495,0.73115234375,0.06994403509266495,156.773681640625,40.76374356733858
48,0.27783203125,0.06895699982827982,0.72216796875,0.06895699982827982,161.478515625,41.85958628727529
49,0.284765625,0.06929493726152096,0.715234375,0.06929493726152096,166.3405776977539,42.96061347725475
50,0.29072265625,0.07070750860461207,0.70927734375,0.07070750860461206,171.3239761352539,44.06996092820937
51,0.29658203125,0.06965300796925455,0.70341796875,0.06965300796925455,176.4116241455078,45.20828230956275
52,0.3033203125,0.06946263731962987,0.6966796875,0.06946263731962987,181.601806640625,46.33493545740242
53,0.30810546875,0.06920273571891103,0.69189453125,0.06920273571891103,186.909912109375,47.45382151125505
54,0.31083984375,0.06342553537975071,0.68916015625,0.0634255353797507,192.3017578125,48.55456270184978
55,0.3091796875,0.06546058039346443,0.6908203125,0.06546058039346443,197.741455078125,49.578098601879134
56,0.31318359375,0.061276553879096786,0.68681640625,0.061276553879096786,203.152099609375,50.63303219041691
57,0.31474609375,0.06377192400755977,0.68525390625,0.06377192400755975,208.6328125,51.60676572730711
58,0.32216796875,0.06577197374191554,0.67783203125,0.06577197374191554,214.1408676147461,52.578220878197854
59,0.32666015625,0.06258120030384305,0.67333984375,0.06258120030384305,219.7788116455078,53.57684224883004
60,0.33486328125,0.06423146365654385,0.66513671875,0.06423146365654385,225.49535903930663,54.5150270628339
61,0.337109375,0.0645001603945135,0.662890625,0.0645001603945135,231.3554672241211,55.466315900707535
62,0.34189453125,0.0672105616534955,0.65810546875,0.0672105616534955,237.2548828125,56.42466252724221
63,0.34892578125,0.06763292857738826,0.65107421875,0.06763292857738826,243.238037109375,57.45597765098731
64,0.35419921875,0.06359521662640036,0.64580078125,0.06359521662640036,249.3442352294922,58.47753697144659
65,0.36279296875,0.06373931496028527,0.63720703125,0.06373931496028527,255.542724609375,59.44473355808863
66,0.36787109375,0.058100216411771884,0.63212890625,0.05810021641177188,261.8915985107422,60.39923703815784
67,0.37470703125,0.06340448130946322,0.62529296875,0.06340448130946322,268.32934417724607,61.24948799017236
68,0.37822265625,0.05738507603283231,0.62177734375,0.057385076032832306,274.88671875,62.18792139993636
69,0.38212890625,0.056046605607494825,0.61787109375,0.056046605607494825,281.505615234375,62.998903897472395
70,0.38779296875,0.05071444298395529,0.61220703125,0.05071444298395529,288.19287109375,63.79193175871435
71,0.39482421875,0.050034034589562834,0.60517578125,0.050034034589562834,294.979248046875,64.51403215206155
72,0.4005859375,0.05138018193528635,0.5994140625,0.051380181935286345,301.888671875,65.19647844939345
73,0.403125,0.05526998664139375,0.596875,0.05526998664139376,308.89892578125,65.87124991012438
74,0.40625,0.05858561141394782,0.59375,0.05858561141394782,315.95361328125,66.55921971852737
75,0.414453125,0.05552030504654074,0.585546875,0.05552030504654074,323.06298828125,67.25891759662228
76,0.41845703125,0.05962831768666295,0.58154296875,0.05962831768666295,330.3159149169922,67.87293190141396
77,0.42294921875,0.05953740446061808,0.57705078125,0.05953740446061808,337.63891448974607,68.49737328790465
78,0.43017578125,0.06333856694866367,0.56982421875,0.06333856694866367,345.0405242919922,69.12899365070174
79,0.430859375,0.06752391250339117,0.569140625,0.06752391250339115,352.56859588623047,69.78498126778712
80,0.4322265625,0.0651041341145752,0.5677734375,0.0651041341145752,360.108642578125,70.4860565709674
81,0.4369140625,0.06552028475856732,0.5630859375,0.06552028475856732,367.6726013183594,71.120079587096
82,0.44228515625,0.06853277394156738,0.55771484375,0.06853277394156738,375.31859436035154,71.81580981172254
83,0.44658203125,0.06818483577177284,0.55341796875,0.06818483577177284,383.05858917236327,72.58431852964058
84,0.45478515625,0.06712054087569833,0.54521484375,0.06712054087569833,390.87377166748047,73.34864361332627
85,0.4572265625,0.06611667100338849,0.5427734375,0.06611667100338849,398.83251953125,74.20149206829578
86,0.46025390625,0.06643360247802318,0.53974609375,0.06643360247802318,406.83397521972654,75.05336973900465
87,0.4619140625,0.06317385756226127,0.5380859375,0.06317385756226127,414.8884216308594,75.95315229523013
88,0.46318359375,0.06339094285741882,0.53681640625,0.06339094285741882,422.97191467285154,76.85283727994468
89,0.463671875,0.06610080257511415,0.536328125,0.06610080257511415,431.07762756347654,77.75713004057503
90,0.46259765625,0.06463493828567009,0.53740234375,0.0646349382856701,439.1918884277344,78.73747312929139
91,0.46640625,0.06445194127700887,0.53359375,0.06445194127700887,447.2873474121094,79.71427695539849
92,0.472265625,0.06660442625807965,0.527734375,0.06660442625807965,455.44945068359374,80.70881309649215
93,0.4751953125,0.06520220482965616,0.5248046875,0.06520220482965616,463.7141082763672,81.7582532506569
94,0.479296875,0.0674532580132462,0.520703125,0.0674532580132462,472.030029296875,82.78790984251732
95,0.48017578125,0.06732908013888673,0.51982421875,0.06732908013888673,480.41770935058594,83.82818759083328
96,0.4791015625,0.06689873675192909,0.5208984375,0.06689873675192909,488.82077941894534,84.89601804108938
97,0.47763671875,0.06129584951367049,0.52236328125,0.06129584951367049,497.2050537109375,85.92766809380826
98,0.480078125,0.05859895810187243,0.519921875,0.05859895810187243,505.56371154785154,86.87563424502603
99,0.48525390625,0.05871155150315163,0.51474609375,0.05871155150315163,513.9650848388671,87.78966451977274
100,0.48857421875,0.05550114934607527,0.51142578125,0.05550114934607527,522.4570190429688,88.7039100191278
101,0.491015625,0.05188810251980187,0.508984375,0.05188810251980187,531.0070678710938,89.58758945444218
102,0.5009765625,0.053588283248882866,0.4990234375,0.053588283248882866,539.5998352050781,90.41930260291308
103,0.50244140625,0.052015591118051825,0.49755859375,0.052015591118051825,548.3669250488281,91.25507578014432
104,0.50859375,0.055247550806503516,0.49140625,0.05524755080650352,557.1596618652344,92.06612075997238
105,0.51044921875,0.05869303112351431,0.48955078125,0.058693031123514317,566.0600433349609,92.94619028585164
106,0.510546875,0.05827517562178599,0.489453125,0.05827517562178599,574.9929107666015,93.87330332038388
107,0.51142578125,0.06120024548150988,0.48857421875,0.06120024548150988,583.9274780273438,94.79802575212558
108,0.51044921875,0.0637988363464808,0.48955078125,0.0637988363464808,592.8774261474609,95.75804445717145
109,0.51298828125,0.05942934460451394,0.48701171875,0.05942934460451395,601.8102874755859,96.77832011899869
110,0.5142578125,0.0622020485887146,0.4857421875,0.0622020485887146,610.7875823974609,97.73601837926631
111,0.516796875,0.061445573247221705,0.483203125,0.061445573247221705,619.7870849609375,98.75470582098531
112,0.51708984375,0.0639424758123479,0.48291015625,0.0639424758123479,628.8310333251953,99.76230353062621
113,0.515625,0.06659268406731375,0.484375,0.06659268406731375,637.8801147460938,100.79384051157908
114,0.52255859375,0.06407686398132062,0.47744140625,0.06407686398132062,646.903530883789,101.8275257696862
115,0.52099609375,0.06782611481720215,0.47900390625,0.06782611481720215,656.0483093261719,102.81492627609138
116,0.52158203125,0.06892961101750404,0.47841796875,0.06892961101750404,665.1657531738281,103.83626687433761
117,0.521484375,0.07388003507389213,0.478515625,0.07388003507389213,674.2934204101563,104.8831817601493
118,0.52353515625,0.07786755678417125,0.47646484375,0.07786755678417125,683.4194183349609,106.00222051742483
119,0.52275390625,0.07868942837704226,0.47724609375,0.07868942837704226,692.5812561035157,107.13566536904861
120,0.5201171875,0.07327759560784186,0.4798828125,0.07327759560784186,701.7294708251953,108.26812336781495
121,0.52001953125,0.07417794159757549,0.47998046875,0.07417794159757549,710.8315002441407,109.26640390342578
122,0.52333984375,0.07280658223085118,0.47666015625,0.07280658223085118,719.9318420410157,110.278306889322
123,0.52822265625,0.07419105414575795,0.47177734375,0.07419105414575795,729.0902893066407,111.22291095083384
124,0.5259765625,0.07616962136089242,0.4740234375,0.07616962136089242,738.3341918945313,112.1810154619113
125,0.52802734375,0.07622825687765952,0.47197265625,0.07622825687765952,747.5387573242188,113.0979679546001
126,0.5333984375,0.07645155984947573,0.4666015625,0.07645155984947573,756.7792663574219,114.0271905697661
127,0.5341796875,0.0788927123287934,0.4658203125,0.0788927123287934,766.113720703125,115.00717939619452
128,0.540625,0.08588110720755358,0.459375,0.08588110720755358,775.461865234375,116.00300917695176
129,0.5455078125,0.08652277616846582,0.4544921875,0.08652277616846582,784.9228149414063,117.11128469917708
130,0.54794921875,0.0845011016051587,0.45205078125,0.0845011016051587,794.4692077636719,118.2722425658171
131,0.54443359375,0.07886883443441994,0.45556640625,0.07886883443441994,804.0583190917969,119.45807881802746
132,0.540625,0.0768353020118611,0.459375,0.0768353020118611,813.585888671875,120.51686515853403
133,0.5375,0.07521331967830731,0.4625,0.07521331967830731,823.0468383789063,121.52691776806698
134,0.5400390625,0.07783393043871717,0.4599609375,0.07783393043871717,832.4530822753907,122.51589795545192
135,0.53955078125,0.07586734246666414,0.46044921875,0.07586734246666414,841.9037536621094,123.5848404994942
136,0.544140625,0.07702323701667792,0.455859375,0.07702323701667792,851.3458862304688,124.65701506118243
137,0.54609375,0.08100384323986676,0.45390625,0.08100384323986674,860.868359375,125.74951436004821
138,0.54375,0.07999686234996872,0.45625,0.07999686234996872,870.4249877929688,126.86771283516646
139,0.5423828125,0.0814059594674518,0.4576171875,0.0814059594674518,879.9406127929688,127.9269097120172
140,0.54287109375,0.08343919387983911,0.45712890625,0.08343919387983911,889.43232421875,128.95612838797783
141,0.5412109375,0.08051851085818908,0.4587890625,0.08051851085818908,898.9325744628907,129.9992481538549
142,0.54130859375,0.08250427466213138,0.45869140625,0.08250427466213138,908.4037536621094,130.99292076103617
143,0.54033203125,0.07981575013953646,0.45966796875,0.07981575013953646,917.8766662597657,132.0811309413927
144,0.5376953125,0.07344139575770496,0.4623046875,0.07344139575770496,927.3324645996094,133.05569613459636
145,0.54130859375,0.06879194887204648,0.45869140625,0.06879194887204648,936.7421447753907,133.95987236855694
146,0.54638671875,0.06891826498937352,0.45361328125,0.06891826498937352,946.2150634765625,134.80624227761382
147,0.54912109375,0.062289149340879195,0.45087890625,0.062289149340879195,955.776806640625,135.59468762440747
148,0.54873046875,0.058496745874912576,0.45126953125,0.058496745874912576,965.38642578125,136.30247076181922
149,0.54326171875,0.057469769699567165,0.45673828125,0.05746976969956717,974.9892211914063,136.99932568378068
150,0.53916015625,0.055820520933174536,0.46083984375,0.055820520933174536,984.4962951660157,137.68601643169828
151,0.53955078125,0.05627449350082517,0.46044921875,0.05627449350082517,993.9315979003907,138.27892610966867
152,0.54033203125,0.05684910782220477,0.45966796875,0.05684910782220478,1003.3737182617188,138.7992700936883
153,0.537890625,0.05185500897277337,0.462109375,0.05185500897277336,1012.8295288085938,139.3027190375981
154,0.540625,0.04886170720169387,0.459375,0.04886170720169387,1022.2426391601563,139.6836905330872
155,0.54150390625,0.048347734520115204,0.45849609375,0.048347734520115204,1031.7035827636719,140.0436745789485
156,0.53955078125,0.046401107965592485,0.46044921875,0.046401107965592485,1041.1798400878906,140.37965778163579
157,0.54677734375,0.04189316540605708,0.45322265625,0.04189316540605708,1050.6220336914062,140.63260822471818
158,0.5458984375,0.03597145135381668,0.4541015625,0.03597145135381668,1060.190625,140.8642412198705
159,0.5498046875,0.040319142348840875,0.4501953125,0.040319142348840875,1069.7438537597657,140.98953733848856
160,0.5490234375,0.042445769772523054,0.4509765625,0.04244576977252305,1079.3654479980469,141.21734742202094
161,0.54921875,0.0437194717707575,0.45078125,0.0437194717707575,1088.9733764648438,141.4136509174667
162,0.5552734375,0.04967853201302098,0.4447265625,0.04967853201302098,1098.58466796875,141.62159218569516
163,0.55556640625,0.04578703651703935,0.44443359375,0.04578703651703935,1108.301934814453,141.83623839826154
164,0.5529296875,0.042134569660187804,0.4470703125,0.042134569660187804,1118.0243896484376,141.97660400093784
165,0.55693359375,0.03753876272155276,0.44306640625,0.03753876272155276,1127.7006530761719,142.10906449746759
166,0.56396484375,0.04176503332241998,0.43603515625,0.04176503332241998,1137.4469665527345,142.1689914637562
167,0.56572265625,0.03383771447690444,0.43427734375,0.03383771447690443,1147.3163635253907,142.27273740117028
168,0.56162109375,0.03102165720818897,0.43837890625,0.03102165720818897,1157.21650390625,142.33834708324673
169,0.56171875,0.03232348115661479,0.43828125,0.032323481156614785,1167.0448791503907,142.40274247716027
170,0.562890625,0.0348297556328121,0.437109375,0.0348297556328121,1176.8749572753907,142.42699298002648
171,0.55751953125,0.02729295645036935,0.44248046875,0.02729295645036935,1186.725537109375,142.478093109157
172,0.56044921875,0.027463639236316426,0.43955078125,0.027463639236316426,1196.4821472167969,142.46775628207752
173,0.55986328125,0.029035454748398363,0.44013671875,0.029035454748398363,1206.2900024414062,142.49223398082893
174,0.5599609375,0.027825005966418945,0.4400390625,0.027825005966418945,1216.0875915527345,142.41328414305966
175,0.5638671875,0.027545987604467345,0.4361328125,0.027545987604467345,1225.8868774414063,142.46808321423808
176,0.56591796875,0.026447541045778983,0.43408203125,0.026447541045778983,1235.7546081542969,142.58984526860348
177,0.56650390625,0.025097656250000003,0.43349609375,0.025097656250000003,1245.6581604003907,142.7019683702992
178,0.568359375,0.029025435244166127,0.431640625,0.029025435244166127,1255.571954345703,142.7965147541609
179,0.56669921875,0.025889222589978955,0.43330078125,0.025889222589978955,1265.5182739257812,142.90575532934005
180,0.5666015625,0.02424079138140657,0.4333984375,0.02424079138140657,1275.4355163574219,142.9260873873465
181,0.5662109375,0.02205734547169746,0.4337890625,0.02205734547169746,1285.3510192871095,142.8609191890046
182,0.56494140625,0.023184877149607302,0.43505859375,0.023184877149607302,1295.259716796875,142.8308782091311
183,0.56787109375,0.018182167136571663,0.43212890625,0.018182167136571663,1305.1462158203126,142.7400752093578
184,0.56796875,0.019022675485251477,0.43203125,0.019022675485251477,1315.083935546875,142.61272406084004
185,0.57236328125,0.020787022298071167,0.42763671875,0.020787022298071167,1325.0234130859376,142.53985568244096
186,0.5705078125,0.022578665650966293,0.4294921875,0.022578665650966293,1335.0397705078126,142.44070605139314
187,0.571875,0.02133828169335572,0.428125,0.02133828169335572,1345.0236450195312,142.32973184497303
188,0.57119140625,0.019499241349550184,0.42880859375,0.019499241349550184,1355.0314453125,142.2346160833115
189,0.57353515625,0.01841564887961395,0.42646484375,0.01841564887961395,1365.0273193359376,142.13027928243426
190,0.57587890625,0.022898464487893514,0.42412109375,0.02289846448789351,1375.06416015625,142.024828377948
191,0.5779296875,0.030719992782274035,0.4220703125,0.030719992782274035,1385.1420654296876,141.96259967578433
192,0.575,0.032829933984546596,0.425,0.032829933984546596,1395.2558227539062,141.97093319383544
193,0.57890625,0.029587748739778787,0.42109375,0.029587748739778787,1405.318310546875,142.00232521810827
194,0.58427734375,0.02750389071598056,0.41572265625,0.027503890715980556,1415.4491821289062,141.9546381265728
195,0.5857421875,0.024961823879019487,0.4142578125,0.024961823879019487,1425.6740234375,141.95159213771814
196,0.5876953125,0.030645396388759908,0.4123046875,0.030645396388759905,1435.92451171875,141.89888228503568
197,0.59248046875,0.0355233921833475,0.40751953125,0.0355233921833475,1446.2092163085938,141.84996007340445
198,0.5935546875,0.03674730854169586,0.4064453125,0.03674730854169586,1456.577587890625,141.77315477737486
199,0.59091796875,0.03848065194797017,0.40908203125,0.03848065194797017,1466.9648193359376,141.7120710329251
200,0.58642578125,0.046869404776740835,0.41357421875,0.046869404776740835,1477.3058837890626,141.60884931413514
201,0.58623046875,0.04485612120432472,0.41376953125,0.04485612120432472,1487.5683471679688,141.3638828297196
202,0.5865234375,0.05099900727147325,0.4134765625,0.05099900727147325,1497.8273559570312,141.1146748202674
203,0.579296875,0.05044736993926505,0.420703125,0.05044736993926505,1508.0915161132812,140.93540774776983
204,0.579296875,0.04696605739121605,0.420703125,0.04696605739121605,1518.2292114257812,140.79970671222742
205,0.5767578125,0.046714405891260545,0.4232421875,0.046714405891260545,1528.3669067382812,140.56303534449324
206,0.57802734375,0.046506219427454754,0.42197265625,0.046506219427454754,1538.4601806640626,140.43896456843936
207,0.58232421875,0.04330710619964921,0.41767578125,0.04330710619964921,1548.5756591796876,140.43473597448556
208,0.583984375,0.03969699535770545,0.416015625,0.03969699535770545,1558.766357421875,140.4759372669582
209,0.5787109375,0.04235670278711617,0.4212890625,0.04235670278711617,1568.98603515625,140.53482009666814
210,0.578125,0.04087821103237067,0.421875,0.04087821103237067,1579.1135009765626,140.71076357372357
211,0.57626953125,0.03992086689193159,0.42373046875,0.03992086689193159,1589.2306884765626,140.86454136807367
212,0.5767578125,0.040658790034028926,0.4232421875,0.040658790034028926,1599.3154174804688,140.95125170576452
213,0.57314453125,0.037079680759409546,0.42685546875,0.037079680759409546,1609.40869140625,140.9119031918023
214,0.57099609375,0.0390259839087235,0.42900390625,0.0390259839087235,1619.4386840820312,140.87947264807804
215,0.56875,0.04032198062573354,0.43125,0.04032198062573354,1629.4311279296876,140.83600010275924
216,0.5669921875,0.04223494510922095,0.4330078125,0.04223494510922095,1639.3842529296876,140.82227574108518
217,0.56826171875,0.04835010150003283,0.43173828125,0.04835010150003283,1649.3066162109376,140.6326195799485
218,0.57568359375,0.04947086733096095,0.42431640625,0.04947086733096095,1659.2512084960938,140.4972251412157
219,0.5802734375,0.058656867046900936,0.4197265625,0.05865686704690093,1669.3256591796876,140.34300584573293
220,0.58076171875,0.05798684714250569,0.41923828125,0.057986847142505696,1679.48046875,140.06902624430418
221,0.5779296875,0.054085695439477104,0.4220703125,0.05408569543947711,1689.643798828125,139.86778418637354
222,0.574609375,0.050306145876903366,0.425390625,0.050306145876903366,1699.7575561523438,139.7385206836515
223,0.5689453125,0.04720586356256498,0.4310546875,0.04720586356256498,1709.813232421875,139.61452049163685
224,0.56923828125,0.04492283032272233,0.43076171875,0.04492283032272233,1719.7697631835938,139.4582223373547
225,0.570703125,0.042991382533805175,0.429296875,0.042991382533805175,1729.7314331054688,139.2592493613961
226,0.5708984375,0.0502321575618678,0.4291015625,0.0502321575618678,1739.71875,138.99575470369325
227,0.5744140625,0.04872410795785863,0.4255859375,0.04872410795785863,1749.70947265625,138.69701351515502
228,0.5734375,0.05358436791512317,0.4265625,0.053584367915123166,1759.76171875,138.36892362071572
229,0.5736328125,0.05250274651019012,0.4263671875,0.05250274651019012,1769.796875,137.99719902536685
230,0.57275390625,0.05162174404859026,0.42724609375,0.05162174404859026,1779.8354370117188,137.55924605933998
231,0.573828125,0.05048403104088182,0.426171875,0.05048403104088182,1789.8586547851562,137.09192340216845
232,0.57197265625,0.047241911180614514,0.42802734375,0.047241911180614514,1799.900634765625,136.6289637137774
233,0.56572265625,0.04611205691142544,0.43427734375,0.04611205691142545,1809.9101806640624,136.2517401045264
234,0.561328125,0.04813333810681208,0.438671875,0.04813333810681208,1819.810302734375,135.86657436943855
235,0.5591796875,0.05108495420754255,0.4408203125,0.05108495420754255,1829.633544921875,135.56203895396354
236,0.56044921875,0.0514889278916795,0.43955078125,0.0514889278916795,1839.419189453125,135.280082705983
237,0.5595703125,0.044612983517579766,0.4404296875,0.044612983517579766,1849.2270629882812,135.0421954301895
238,0.5564453125,0.04435314231156747,0.4435546875,0.04435314231156747,1859.0195434570312,134.89264354581275
239,0.56376953125,0.045998167084374895,0.43623046875,0.0459981670843749,1868.75732421875,134.70966931990404
240,0.5708984375,0.05178581200200525,0.4291015625,0.05178581200200525,1878.6233032226562,134.61938123611293
241,0.56962890625,0.05407555571335359,0.43037109375,0.05407555571335358,1888.6140258789062,134.46157315922153
242,0.565625,0.05420194601809457,0.434375,0.05420194601809457,1898.5825073242188,134.26353232201606
243,0.57099609375,0.04824861182553152,0.42900390625,0.04824861182553152,1908.4809692382812,133.91402417015908
244,0.57431640625,0.053860675509438315,0.42568359375,0.053860675509438315,1918.4734130859374,133.481647304764
245,0.57099609375,0.05009689479197141,0.42900390625,0.0500968947919714,1928.5239013671876,133.01917259535838
246,0.57021484375,0.051186130081494995,0.42978515625,0.051186130081494995,1938.5163696289062,132.65899111983924
247,0.5708984375,0.053899172995597766,0.4291015625,0.053899172995597766,1948.495166015625,132.37625599903546
248,0.56474609375,0.05299964026562948,0.43525390625,0.05299964026562947,1958.4858520507812,132.07293282765323
249,0.56083984375,0.053112881344103816,0.43916015625,0.053112881344103816,1968.3689453125,131.77124813788893
250,0.5580078125,0.05129175485602864,0.4419921875,0.05129175485602864,1978.1836059570312,131.57111980218698
251,0.55595703125,0.047368918801085055,0.44404296875,0.047368918801085055,1987.9487548828124,131.47421199224596
252,0.55751953125,0.05266099133072383,0.44248046875,0.05266099133072383,1997.6779907226562,131.3450383015203
253,0.55712890625,0.05113915715149243,0.44287109375,0.05113915715149243,2007.4346069335938,131.26789472855396
254,0.56162109375,0.05236861364353929,0.43837890625,0.05236861364353929,2017.1843505859374,131.28320290018047
255,0.56533203125,0.05472837827666689,0.43466796875,0.05472837827666689,2027.0126953125,131.2645277582173
256,0.5681640625,0.050703817165922656,0.4318359375,0.05070381716592265,2036.9060913085937,131.24023767457317
257,0.57197265625,0.044822091112358534,0.42802734375,0.044822091112358534,2046.8489501953125,131.13940285092173
258,0.57119140625,0.044705768399049065,0.42880859375,0.044705768399049065,2056.8584106445314,131.05197291487434
259,0.57392578125,0.0488477499624251,0.42607421875,0.04884774996242511,2066.854296875,130.95045664808674
260,0.56767578125,0.047695956339071685,0.43232421875,0.04769595633907169,2076.89794921875,130.92893882567915
261,0.56044921875,0.04924906448017923,0.43955078125,0.04924906448017923,2086.832312011719,131.0096511528903
262,0.55419921875,0.05170850024118262,0.44580078125,0.05170850024118262,2096.640185546875,131.0826470975701
263,0.5541015625,0.05357974033362564,0.4458984375,0.05357974033362564,2106.3386352539064,131.1100148246233
264,0.5560546875,0.05320822983953,0.4439453125,0.05320822983953,2116.03544921875,131.01491013896816
265,0.55029296875,0.054225605907721956,0.44970703125,0.054225605907721956,2125.76640625,130.81366273468964
266,0.54716796875,0.05546161444530697,0.45283203125,0.05546161444530697,2135.396533203125,130.63566984162927
267,0.54658203125,0.054762521783736896,0.45341796875,0.054762521783736896,2144.9719482421874,130.38197370737203
268,0.54443359375,0.05736213742688346,0.45556640625,0.05736213742688346,2154.5371704101562,130.2587529747553
269,0.54580078125,0.059385037828526374,0.45419921875,0.059385037828526374,2164.064794921875,130.21231515987
270,0.5478515625,0.0581313131862158,0.4521484375,0.0581313131862158,2173.616247558594,130.1817982791038
271,0.54853515625,0.05574461345566305,0.45146484375,0.055744613455663033,2183.203662109375,130.09781732997018
272,0.5517578125,0.05776761348687299,0.4482421875,0.05776761348687299,2192.803076171875,130.02541854900502
273,0.5525390625,0.05868775012010732,0.4474609375,0.05868775012010732,2202.4587524414064,129.95403709516316
274,0.5513671875,0.055712355695558574,0.4486328125,0.055712355695558574,2212.1282470703127,129.93093181544586
275,0.55048828125,0.052555124316463614,0.44951171875,0.052555124316463614,2221.777209472656,129.90013549242835
276,0.5515625,0.048445374863893095,0.4484375,0.048445374863893095,2231.4107177734377,129.9569268260253
277,0.55234375,0.04537433482962002,0.44765625,0.04537433482962002,2241.0630859375,130.06112839578196
278,0.550390625,0.04658766098711117,0.449609375,0.04658766098711117,2250.7290771484377,130.23467364693116
279,0.5513671875,0.04914778179700897,0.4486328125,0.04914778179700897,2260.360888671875,130.41228246207254
280,0.552734375,0.047681857873959774,0.447265625,0.047681857873959774,2270.0098388671877,130.6397454686962
281,0.55107421875,0.045308816694317425,0.44892578125,0.045308816694317425,2279.6827392578125,130.9143660933782
282,0.5578125,0.0456354667467674,0.4421875,0.04563546674676739,2289.3264892578127,131.22774969205622
283,0.56025390625,0.04520134281425624,0.43974609375,0.04520134281425624,2299.08828125,131.58570191697757
284,0.55966796875,0.043076148628776886,0.44033203125,0.043076148628776886,2308.892724609375,131.86027372077237
285,0.55576171875,0.04738180211335137,0.44423828125,0.04738180211335137,2318.6869140625,132.14909033831194
286,0.5546875,0.04446095054142315,0.4453125,0.04446095054142315,2328.4126953125,132.40869221739615
287,0.55,0.04996489245976243,0.45,0.049964892459762426,2338.1197509765625,132.6532315067942
288,0.55361328125,0.04893045917007857,0.44638671875,0.04893045917007857,2347.744775390625,132.91210756142593
289,0.5564453125,0.048592792268496145,0.4435546875,0.048592792268496145,2357.4329833984375,133.10414750530603
290,0.558984375,0.051617956683197345,0.441015625,0.051617956683197345,2367.170849609375,133.1915282172754
291,0.5591796875,0.044336797899140384,0.4408203125,0.044336797899140384,2376.952978515625,133.25162498135475
292,0.5625,0.04732047437338171,0.4375,0.04732047437338171,2386.7386474609375,133.30523585936842
293,0.56572265625,0.04862663505570605,0.43427734375,0.04862663505570605,2396.582373046875,133.39066285751144
294,0.5640625,0.049522792924500625,0.4359375,0.049522792924500625,2406.4825439453125,133.45216098675496
295,0.5658203125,0.05363666740061085,0.4341796875,0.05363666740061085,2416.3536865234373,133.5667713931331
296,0.56796875,0.051036393288920866,0.43203125,0.051036393288920866,2426.2554931640625,133.6353122307332
297,0.56669921875,0.04904453993650066,0.43330078125,0.04904453993650066,2436.194970703125,133.64016849097763
298,0.56171875,0.049471927581734104,0.43828125,0.049471927581734104,2446.11220703125,133.68557765416784
299,0.553515625,0.04179824399043092,0.446484375,0.04179824399043091,2455.94228515625,133.66373516397863
300,0.5501953125,0.05088106176456091,0.4498046875,0.05088106176456091,2465.628857421875,133.62403211148526
301,0.555859375,0.048400076899191555,0.444140625,0.048400076899191555,2475.2572509765623,133.57928268916413
302,0.54443359375,0.04751606318263305,0.45556640625,0.04751606318263305,2484.98486328125,133.62840358799386
303,0.54521484375,0.048388745782297245,0.45478515625,0.048388745782297245,2494.5123779296873,133.77281322430719
304,0.543359375,0.046867268242554216,0.456640625,0.046867268242554216,2504.0536865234376,133.87686997845128
305,0.54208984375,0.0503634593986805,0.45791015625,0.0503634593986805,2513.56240234375,134.14378904594378
306,0.53935546875,0.050523402617362705,0.46064453125,0.050523402617362705,2523.0489990234373,134.39594795122548
307,0.5375,0.051973313159367845,0.4625,0.051973313159367845,2532.487744140625,134.60814416871946
308,0.53701171875,0.050112882980820554,0.46298828125,0.050112882980820554,2541.8939453125,134.85720256629523
309,0.5396484375,0.052694936062406356,0.4603515625,0.052694936062406356,2551.2917236328126,135.06542266561047
310,0.540234375,0.05210086781663136,0.459765625,0.05210086781663136,2560.735595703125,135.32932901907208
311,0.5423828125,0.05285937153598865,0.4576171875,0.05285937153598865,2570.1896484375,135.66950162572257
312,0.54453125,0.05563355797931227,0.45546875,0.05563355797931227,2579.681396484375,135.99292181258016
313,0.548828125,0.059959665092362564,0.451171875,0.059959665092362564,2589.210693359375,136.3519210047471
314,0.561328125,0.06040463382554071,0.438671875,0.060404633825540704,2598.81513671875,136.88046851119904
315,0.56611328125,0.056056814120156326,0.43388671875,0.05605681412015633,2608.6384033203126,137.46528299496555
316,0.56845703125,0.0591952363288493,0.43154296875,0.0591952363288493,2618.54541015625,138.0490619863125
317,0.56806640625,0.05794242487348736,0.43193359375,0.05794242487348736,2628.4933837890626,138.64630496626293
318,0.56962890625,0.05431663098883747,0.43037109375,0.05431663098883747,2638.4346435546877,139.24969419496514
319,0.576171875,0.051528827191566096,0.423828125,0.051528827191566096,2648.403125,139.7722158221496
320,0.57646484375,0.05124869368214156,0.42353515625,0.05124869368214157,2658.4861083984374,140.21629454129103
321,0.5748046875,0.050591592951237954,0.4251953125,0.050591592951237954,2668.574267578125,140.69151709763432
322,0.57314453125,0.05135911073027728,0.42685546875,0.05135911073027728,2678.63330078125,141.19295061287127
323,0.5666015625,0.051602434819462493,0.4333984375,0.051602434819462493,2688.6633056640626,141.6867168598571
324,0.56640625,0.05059687080206579,0.43359375,0.05059687080206579,2698.5789306640627,142.1759108085366
325,0.5650390625,0.050551991505922336,0.4349609375,0.050551991505922336,2708.4910888671875,142.64459957136106
326,0.5591796875,0.05065752656376536,0.4408203125,0.05065752656376536,2718.379150390625,143.07530605983976
327,0.55947265625,0.0511898562456107,0.44052734375,0.0511898562456107,2728.1648193359374,143.54513781490547
328,0.55947265625,0.04831458462539458,0.44052734375,0.04831458462539458,2737.9555908203124,143.9922114343185
329,0.5572265625,0.044764926232548054,0.4427734375,0.044764926232548054,2747.7464111328127,144.41122057841906
330,0.5564453125,0.045484754754082854,0.4435546875,0.04548475475408285,2757.497900390625,144.77846975484135
331,0.5568359375,0.04586684417985972,0.4431640625,0.04586684417985972,2767.2356689453127,145.12542595759965
332,0.55615234375,0.054366121115287144,0.44384765625,0.054366121115287144,2776.9803466796875,145.53608694806164
333,0.55498046875,0.05261678512861184,0.44501953125,0.05261678512861184,2786.7130126953125,145.92520593252587
334,0.5580078125,0.04619089009357493,0.4419921875,0.04619089009357493,2796.4251953125,146.288523798775
335,0.55791015625,0.046045828008382465,0.44208984375,0.046045828008382465,2806.190283203125,146.57860774230028
336,0.5556640625,0.04915709493969468,0.4443359375,0.04915709493969468,2815.9537109375,146.8525772314644
337,0.5548828125,0.05030917897133217,0.4451171875,0.05030917897133217,2825.6778076171877,147.1370709552206
338,0.553515625,0.052491120087004066,0.446484375,0.052491120087004066,2835.3883056640625,147.4696882780398
339,0.551171875,0.05502338259173038,0.448828125,0.05502338259173038,2845.074853515625,147.784114207565
340,0.5552734375,0.05221678865631364,0.4447265625,0.05221678865631364,2854.7203857421873,148.17568704821892
341,0.551953125,0.05046249114634861,0.448046875,0.05046249114634862,2864.4376220703125,148.50935622939133
342,0.548046875,0.053423949191050715,0.451953125,0.053423949191050715,2874.09677734375,148.88921154651962
343,0.54619140625,0.055036986659088585,0.45380859375,0.05503698665908859,2883.68759765625,149.12922154648916
344,0.54697265625,0.05717095808079463,0.45302734375,0.05717095808079463,2893.24599609375,149.27832331784884
345,0.54404296875,0.05800230468906528,0.45595703125,0.05800230468906528,2902.818017578125,149.34595415481567
346,0.54482421875,0.056045584653959146,0.45517578125,0.056045584653959146,2912.338671875,149.39924545747053
347,0.5498046875,0.055766763809645445,0.4501953125,0.055766763809645445,2921.87314453125,149.54465522123854
348,0.54609375,0.05633132142456362,0.45390625,0.05633132142456361,2931.494775390625,149.7361826588897
349,0.5484375,0.05360821142354266,0.4515625,0.05360821142354266,2941.0513916015625,149.90502391105625
350,0.55,0.0504757184865979,0.45,0.050475718486597904,2950.6490234375,150.11439182796929
351,0.55302734375,0.039790697868230716,0.44697265625,0.03979069786823071,2960.274072265625,150.3170099030422
352,0.55537109375,0.037647845964757835,0.44462890625,0.037647845964757835,2969.9520751953123,150.4474146838982
353,0.555078125,0.03967104112455646,0.444921875,0.03967104112455646,2979.671044921875,150.69955556231417
354,0.55556640625,0.04329917784300163,0.44443359375,0.04329917784300163,2989.3848876953125,150.94232919408404
355,0.5619140625,0.04492229959038474,0.4380859375,0.04492229959038474,2999.1073486328123,151.23660482041305
356,0.55576171875,0.04388548444804111,0.44423828125,0.04388548444804111,3008.9408447265623,151.5068876787178
357,0.55830078125,0.04238112485839298,0.44169921875,0.04238112485839298,3018.666650390625,151.8425193698362
358,0.5607421875,0.038205441519746246,0.4392578125,0.03820544151974624,3028.436962890625,152.23499259924466
359,0.55390625,0.03787703122776264,0.44609375,0.03787703122776264,3038.24990234375,152.54780804373854
360,0.55859375,0.04035224315737641,0.44140625,0.04035224315737641,3047.94326171875,152.85142633317304
361,0.5611328125,0.03842546972559753,0.4388671875,0.03842546972559753,3057.718701171875,153.20617940635987
362,0.56123046875,0.035466969987341855,0.43876953125,0.03546696998734185,3067.538525390625,153.6002830273891
363,0.55693359375,0.03405683837875215,0.44306640625,0.03405683837875215,3077.3600341796873,153.97463759556214
364,0.5546875,0.029569048230899314,0.4453125,0.029569048230899314,3087.10634765625,154.39295901328424
365,0.55380859375,0.02750181018767006,0.44619140625,0.02750181018767006,3096.81337890625,154.7995677976464
366,0.5552734375,0.02412405883850705,0.4447265625,0.02412405883850705,3106.5051025390626,155.1500490026419
367,0.56083984375,0.016693506881331747,0.43916015625,0.016693506881331744,3116.22236328125,155.4334821709728
368,0.55595703125,0.01761091776252665,0.44404296875,0.01761091776252665,3126.0370849609376,155.59939921576338
369,0.5529296875,0.02629402465241628,0.4470703125,0.026294024652416276,3135.7663818359374,155.77145043122454
370,0.555859375,0.02927668575186203,0.444140625,0.029276685751862028,3145.442529296875,156.07610305224185
371,0.5568359375,0.03264641280513019,0.4431640625,0.03264641280513019,3155.1701171875,156.34830669343737
372,0.555859375,0.03161951938830912,0.444140625,0.03161951938830912,3164.914794921875,156.66184092105823
373,0.56181640625,0.03281322660095804,0.43818359375,0.03281322660095804,3174.6422607421873,156.95496611423602
374,0.5646484375,0.03204791868120104,0.4353515625,0.03204791868120105,3184.4740966796876,157.25991220589813
375,0.56298828125,0.03434460770262299,0.43701171875,0.03434460770262299,3194.3554443359376,157.51813544507218
376,0.561328125,0.03227033012757956,0.438671875,0.03227033012757956,3204.2078125,157.7320228968034
377,0.56279296875,0.03121656536595707,0.43720703125,0.03121656536595707,3214.0309814453126,157.84509766937202
378,0.559375,0.029413180597669026,0.440625,0.029413180597669026,3223.8798828125,157.928457085824
379,0.55810546875,0.029730675070726745,0.44189453125,0.029730675070726745,3233.668994140625,157.94696174941325
380,0.558984375,0.02635705823954883,0.441015625,0.02635705823954883,3243.435791015625,157.9457344315967
381,0.56064453125,0.025211394153072962,0.43935546875,0.025211394153072962,3253.2180419921874,157.93755362982836
382,0.55859375,0.030934071977061654,0.44140625,0.030934071977061654,3263.029345703125,157.86698906009752
383,0.551171875,0.03535965463322924,0.448828125,0.03535965463322924,3272.8046875,157.85824946478286
384,0.55380859375,0.03672303519709277,0.44619140625,0.03672303519709277,3282.4502685546877,157.87843470597696
385,0.558203125,0.03714584967327062,0.441796875,0.03714584967327062,3292.141943359375,157.85025699936364
386,0.557421875,0.039083978470044155,0.442578125,0.039083978470044155,3301.9104736328127,157.78636844165692
387,0.55869140625,0.040284712329683475,0.44130859375,0.040284712329683475,3311.6652587890626,157.72651399615933
388,0.55751953125,0.03324460299868295,0.44248046875,0.03324460299868295,3321.4424560546877,157.65207152989245
389,0.55712890625,0.030860765643112315,0.44287109375,0.030860765643112315,3331.199072265625,157.64661564651465
390,0.55673828125,0.033793719196817035,0.44326171875,0.033793719196817035,3340.948779296875,157.68589205168894
391,0.560546875,0.03060553730249183,0.439453125,0.03060553730249183,3350.6917236328127,157.6300901043002
392,0.555859375,0.03325707932448838,0.444140625,0.03325707932448838,3360.50126953125,157.56139231056787
393,0.5564453125,0.03818796430389791,0.4435546875,0.03818796430389791,3370.2288330078127,157.41918253604442
394,0.5568359375,0.04288833028355987,0.4431640625,0.042888330283559865,3379.9665771484374,157.2521872727452
395,0.56015625,0.04658561388869657,0.43984375,0.04658561388869657,3389.7112060546874,157.14970631311982
396,0.55380859375,0.04168549430174319,0.44619140625,0.04168549430174319,3399.514013671875,157.01508004922943
397,0.5501953125,0.045222752581794694,0.4498046875,0.045222752581794694,3409.2056396484377,156.92168805351582
398,0.5505859375,0.04789299864121745,0.4494140625,0.04789299864121745,3418.8340576171877,156.92917219605425
399,0.55146484375,0.04683643025830236,0.44853515625,0.04683643025830236,3428.4692626953124,157.06263576333393
400,0.55126953125,0.05040283055304324,0.44873046875,0.05040283055304324,3438.119970703125,157.12308464609666
401,0.55322265625,0.052530076630494874,0.44677734375,0.052530076630494874,3447.7671875,157.15554676343072
402,0.555078125,0.05917549747955757,0.444921875,0.05917549747955757,3457.4486083984375,157.27929049886038
403,0.55009765625,0.06212204138236842,0.44990234375,0.062122041382368424,3467.162451171875,157.46529557758143
404,0.5490234375,0.06224281802743264,0.4509765625,0.06224281802743264,3476.7891357421877,157.56788127070976
405,0.5576171875,0.06720708517234832,0.4423828125,0.06720708517234832,3486.3970703125,157.83314975671033
406,0.55927734375,0.06597841557214855,0.44072265625,0.06597841557214855,3496.1553466796877,158.15820414974158
407,0.56103515625,0.06733502891344455,0.43896484375,0.06733502891344455,3505.9427490234375,158.39469089925706
408,0.55859375,0.06915689912638756,0.44140625,0.06915689912638756,3515.7608642578125,158.57309537371964
409,0.560546875,0.0663272162960427,0.439453125,0.0663272162960427,3525.536279296875,158.75342953984392
410,0.5642578125,0.06360833677917149,0.4357421875,0.06360833677917149,3535.3458251953125,158.9456837693512
411,0.5615234375,0.061478468188311666,0.4384765625,0.061478468188311666,3545.2203369140625,159.1358350918632
412,0.56279296875,0.06112852233848069,0.43720703125,0.06112852233848069,3555.04697265625,159.32566776545718
413,0.5638671875,0.05996634493125341,0.4361328125,0.05996634493125341,3564.895849609375,159.534137947186
414,0.56318359375,0.06218955185155358,0.43681640625,0.06218955185155358,3574.763525390625,159.82727929370668
415,0.55888671875,0.06362670044790704,0.44111328125,0.06362670044790705,3584.619287109375,160.11010046369339
416,0.5583984375,0.06067086598600838,0.4416015625,0.06067086598600837,3594.3998046875,160.4687147370089
417,0.55888671875,0.060124931605056275,0.44111328125,0.060124931605056275,3604.171826171875,160.88136730764072
418,0.55751953125,0.056437286545528306,0.44248046875,0.056437286545528306,3613.952294921875,161.29323287517636
419,0.554296875,0.05486717136996061,0.445703125,0.05486717136996061,3623.70888671875,161.64731002613533
420,0.55439453125,0.05197854244899592,0.44560546875,0.05197854244899592,3633.40908203125,162.02539693077904
421,0.55263671875,0.05575385096639521,0.44736328125,0.05575385096639521,3643.11103515625,162.41126607818703
422,0.54931640625,0.05336938632863157,0.45068359375,0.05336938632863157,3652.7821533203123,162.79052319926703
423,0.54853515625,0.052256679710261156,0.45146484375,0.052256679710261156,3662.3951904296873,163.23454306962716
424,0.54580078125,0.05055246313416058,0.45419921875,0.05055246313416058,3671.9945556640623,163.70231688874452
425,0.5423828125,0.05019227252467661,0.4576171875,0.05019227252467661,3681.546044921875,164.14210982028126
426,0.5451171875,0.042506390259473045,0.4548828125,0.042506390259473045,3691.0378173828126,164.57385853818357
427,0.54248046875,0.04230499859217335,0.45751953125,0.04230499859217335,3700.57734375,164.98708003127453
428,0.54345703125,0.0452502645411056,0.45654296875,0.0452502645411056,3710.070751953125,165.4034948644503
429,0.54501953125,0.046465188562718064,0.45498046875,0.046465188562718064,3719.581201171875,165.79085175112218
430,0.5427734375,0.04808774620887549,0.4572265625,0.04808774620887549,3729.1191162109376,166.284184244748
431,0.54169921875,0.046242167866453424,0.45830078125,0.046242167866453424,3738.617724609375,166.7329960121153
432,0.5408203125,0.043194100125416794,0.4591796875,0.043194100125416794,3748.09736328125,167.17805584594973
433,0.5431640625,0.050153496687474035,0.4568359375,0.050153496687474035,3757.5617431640626,167.5343875635482
434,0.5439453125,0.05281930371762623,0.4560546875,0.05281930371762623,3767.06708984375,168.00295489523938
435,0.55078125,0.04795707436286447,0.44921875,0.04795707436286447,3776.5861572265626,168.55390322960326
436,0.54931640625,0.049258358473629645,0.45068359375,0.049258358473629645,3786.2248779296874,169.05644262319194
437,0.54697265625,0.044907967446335545,0.45302734375,0.044907967446335545,3795.837841796875,169.68895409545166
438,0.54951171875,0.04330270173627891,0.45048828125,0.04330270173627892,3805.4098876953126,170.29342098527187
439,0.5529296875,0.04360283213525062,0.4470703125,0.04360283213525062,3815.0263916015624,170.88126039420388
440,0.55341796875,0.04594215421389681,0.44658203125,0.04594215421389681,3824.7026123046876,171.46180578903363
441,0.5466796875,0.046336424214481364,0.4533203125,0.046336424214481364,3834.3874267578126,172.07373970009738
442,0.54619140625,0.04494957111565632,0.45380859375,0.044949571115656325,3843.9543212890626,172.61163411535668
443,0.5427734375,0.04527038721928911,0.4572265625,0.04527038721928911,3853.5126708984376,173.02422263765104
444,0.54345703125,0.04860937327351532,0.45654296875,0.04860937327351532,3863.01123046875,173.4259032758305
445,0.544921875,0.053447507400844065,0.455078125,0.053447507400844065,3872.5217041015626,173.83726995146833
446,0.5470703125,0.05195055503511999,0.4529296875,0.05195055503512,3882.057861328125,174.20832758610922
447,0.55029296875,0.05130672014327511,0.44970703125,0.05130672014327511,3891.6315185546873,174.57588667927266
448,0.54755859375,0.05788478971202092,0.45244140625,0.05788478971202092,3901.2616943359376,174.94825134730277
449,0.54755859375,0.05658343354536048,0.45244140625,0.05658343354536048,3910.8439697265626,175.44175673252937
450,0.54814453125,0.054908610623743546,0.45185546875,0.05490861062374355,3920.426220703125,175.94254953292557
451,0.54423828125,0.051514111557661516,0.45576171875,0.051514111557661516,3930.0188232421874,176.43216104160572
452,0.5482421875,0.04922146259886121,0.4517578125,0.04922146259886121,3939.543017578125,176.86074821631962
453,0.55068359375,0.04851746879673735,0.44931640625,0.04851746879673735,3949.137158203125,177.13258816725164
454,0.55283203125,0.04761671083257111,0.44716796875,0.04761671083257111,3958.7741943359374,177.36046677561473
455,0.55517578125,0.04792574368070497,0.44482421875,0.04792574368070497,3968.44873046875,177.55982832756683
456,0.5533203125,0.04438624279892012,0.4466796875,0.04438624279892012,3978.164404296875,177.72741881724198
457,0.55625,0.045694777549655494,0.44375,0.045694777549655494,3987.84736328125,177.86052051661562
458,0.559765625,0.04418079270279854,0.440234375,0.04418079270279853,3997.5817626953126,177.9445861326088
459,0.55791015625,0.04910672472490919,0.44208984375,0.0491067247249092,4007.37763671875,178.14954771101694
460,0.56103515625,0.04895540052787564,0.43896484375,0.04895540052787564,4017.1411865234377,178.3787934006869
461,0.562890625,0.04707233851967563,0.437109375,0.04707233851967563,4026.9591796875,178.58764002335852
462,0.56533203125,0.047044473100894865,0.43466796875,0.047044473100894865,4036.809912109375,178.6668986788739
463,0.56181640625,0.04516334979463826,0.43818359375,0.045163349794638256,4046.703076171875,178.73888851141731
464,0.5671875,0.0452914485042948,0.4328125,0.0452914485042948,4056.5350341796875,178.72380972526224
465,0.56494140625,0.044656250170847185,0.43505859375,0.044656250170847185,4066.4607666015627,178.75252092277918
466,0.5673828125,0.04208293247346727,0.4326171875,0.04208293247346727,4076.347119140625,178.80777943348488
467,0.56767578125,0.044751822322630495,0.43232421875,0.044751822322630495,4086.27646484375,178.85799426498528
468,0.56015625,0.047373247179603846,0.43984375,0.047373247179603846,4096.210766601563,178.8935338190925
469,0.56005859375,0.04813026696650042,0.43994140625,0.04813026696650042,4106.013427734375,178.89191227980436
470,0.5638671875,0.0500457554315923,0.4361328125,0.0500457554315923,4115.81455078125,178.88659692178746
471,0.5533203125,0.04665720889210544,0.4466796875,0.04665720889210544,4125.682104492187,178.9271140520558
472,0.5564453125,0.05067371426472321,0.4435546875,0.05067371426472321,4135.3653564453125,179.00634542272837
473,0.55908203125,0.04938211124249956,0.44091796875,0.04938211124249956,4145.103051757813,179.1207048319599
474,0.562890625,0.047387336835728724,0.437109375,0.047387336835728724,4154.8870849609375,179.17676136154043
475,0.56630859375,0.04974998911181767,0.43369140625,0.04974998911181767,4164.7376708984375,179.24181014376526
476,0.5623046875,0.051644924059895216,0.4376953125,0.051644924059895216,4174.647875976562,179.33467234197613
477,0.561328125,0.05184397309607664,0.438671875,0.05184397309607664,4184.4884765625,179.34143318092282
478,0.5587890625,0.05217037810914141,0.4412109375,0.05217037810914141,4194.311474609375,179.3942866534481
479,0.55498046875,0.04958408942834865,0.44501953125,0.049584089428348646,4204.0904541015625,179.4337719122186
480,0.55595703125,0.05374830021499263,0.44404296875,0.05374830021499263,4213.8025390625,179.42869673598537
481,0.558203125,0.056126777467852024,0.441796875,0.056126777467852024,4223.531909179687,179.4083509779007
482,0.55390625,0.05741622793235784,0.44609375,0.05741622793235784,4233.30029296875,179.39949762384722
483,0.55615234375,0.06159818438046471,0.44384765625,0.06159818438046471,4242.9937744140625,179.45084330818364
484,0.55419921875,0.06374230731102387,0.44580078125,0.06374230731102387,4252.7263671875,179.5444253094864
485,0.54970703125,0.0625769332410317,0.45029296875,0.0625769332410317,4262.424829101563,179.58319660376299
486,0.5458984375,0.07247120252426131,0.4541015625,0.07247120252426131,4272.04482421875,179.51741846786268
487,0.54462890625,0.06890414902993897,0.45537109375,0.06890414902993897,4281.598095703125,179.4292967268764
488,0.5396484375,0.07038462013093885,0.4603515625,0.07038462013093885,4291.128955078125,179.31005925451004
489,0.54765625,0.07055459623443881,0.45234375,0.07055459623443881,4300.572802734375,179.1426250199319
490,0.54677734375,0.0708266385972492,0.45322265625,0.0708266385972492,4310.156909179687,179.00793958276762
491,0.54853515625,0.07113646177916082,0.45146484375,0.07113646177916082,4319.725439453125,178.84160019087886
492,0.5513671875,0.07235952514290188,0.4486328125,0.07235952514290188,4329.32470703125,178.71047519925048
493,0.54853515625,0.07469656278778541,0.45146484375,0.07469656278778543,4338.973779296875,178.6289786163399
494,0.54697265625,0.0749659778993593,0.45302734375,0.0749659778993593,4348.573046875,178.63447431556864
495,0.5490234375,0.07130752115479956,0.4509765625,0.07130752115479956,4358.145166015625,178.6992966334214
496,0.54599609375,0.07235853666125919,0.45400390625,0.07235853666125919,4367.753100585937,178.7175788007258
497,0.54541015625,0.0730678263110467,0.45458984375,0.0730678263110467,4377.307958984375,178.82111559582398
498,0.5521484375,0.07325676938177049,0.4478515625,0.07325676938177049,4386.852612304688,178.95221441729043
499,0.55478515625,0.07262296837281108,0.44521484375,0.07262296837281108,4396.515283203125,179.03737118605244
500,0.555859375,0.07027831200089621,0.444140625,0.07027831200089621,4406.2239990234375,179.12534565746668
501,0.56142578125,0.07058790735093774,0.43857421875,0.07058790735093774,4415.951611328125,179.2457264030906
502,0.56611328125,0.06918592100745219,0.43388671875,0.06918592100745219,4425.776611328125,179.38456938179675
503,0.56884765625,0.06504265486043713,0.43115234375,0.06504265486043713,4435.683447265625,179.59566417993568
504,0.56689453125,0.06559018619446368,0.43310546875,0.06559018619446368,4445.63837890625,179.80587477495862
505,0.56513671875,0.06039555498655335,0.43486328125,0.06039555498655335,4455.55908203125,180.0801038031764
506,0.56962890625,0.061738602547803625,0.43037109375,0.061738602547803625,4465.44892578125,180.34811374673617
507,0.57314453125,0.0628870613557504,0.42685546875,0.0628870613557504,4475.417431640625,180.62653280029534
508,0.5810546875,0.06213884913856729,0.4189453125,0.06213884913856729,4485.4474609375,180.88125278289286
509,0.5873046875,0.06253081515731489,0.4126953125,0.06253081515731489,4495.61591796875,181.2119974907613
510,0.5814453125,0.05985332362635423,0.4185546875,0.05985332362635423,4505.893798828125,181.5860739780099
511,0.58623046875,0.05771153887534409,0.41376953125,0.05771153887534408,4516.0689453125,182.0275330362687
512,0.58818359375,0.055804459047070175,0.41181640625,0.055804459047070175,4526.328076171875,182.47972280119535
513,0.5849609375,0.05803772639884229,0.4150390625,0.05803772639884229,4536.6212890625,182.96400728618
514,0.584765625,0.06291033512955786,0.415234375,0.06291033512955786,4546.858056640625,183.44443480126074
515,0.589453125,0.06003945642762767,0.410546875,0.06003945642762767,4557.091552734375,183.9108365550185
516,0.58662109375,0.054779933741718516,0.41337890625,0.05477993374171851,4567.40693359375,184.35812084382783
517,0.586328125,0.04503467495433033,0.413671875,0.04503467495433033,4577.672705078125,184.72905680918143
518,0.5900390625,0.03875070878888056,0.4099609375,0.03875070878888056,4587.93359375,185.0330677573918
519,0.589453125,0.03542163290471966,0.410546875,0.03542163290471966,4598.259228515625,185.3324035948829
520,0.58955078125,0.03287420374845187,0.41044921875,0.03287420374845187,4608.574658203125,185.73439959870802
521,0.5919921875,0.033599427209240675,0.4080078125,0.033599427209240675,4618.89189453125,186.1967740432473
522,0.59619140625,0.0315121148442628,0.40380859375,0.0315121148442628,4629.25166015625,186.58879154808915
523,0.598046875,0.027869526552381656,0.401953125,0.027869526552381656,4639.68505859375,187.00437756542485
524,0.59677734375,0.030666083979944993,0.40322265625,0.030666083979944993,4650.15087890625,187.3740828043125
525,0.59697265625,0.032734660509271,0.40302734375,0.032734660509271006,4660.594580078125,187.72780416101594
526,0.59052734375,0.03158104078146919,0.40947265625,0.03158104078146919,4671.041357421875,188.08099448410073
527,0.58759765625,0.03382925828969154,0.41240234375,0.03382925828969155,4681.37568359375,188.38039677934447
528,0.58876953125,0.03609703148131014,0.41123046875,0.03609703148131014,4691.65869140625,188.7079797096109
529,0.590234375,0.03289783824555147,0.409765625,0.03289783824555147,4701.962255859375,189.0513396558498
530,0.58798828125,0.03317855823697845,0.41201171875,0.03317855823697845,4712.2912109375,189.38882536377474
531,0.58251953125,0.031094737588352094,0.41748046875,0.031094737588352094,4722.5810546875,189.77174247985704
532,0.582421875,0.0290753342377204,0.417578125,0.0290753342377204,4732.775048828125,190.171033083831
533,0.579296875,0.027823634972554134,0.420703125,0.027823634972554134,4742.967529296875,190.53987253961543
534,0.57197265625,0.027913463655502704,0.42802734375,0.027913463655502704,4753.10537109375,190.90169022095617
535,0.57236328125,0.02218087110757421,0.42763671875,0.02218087110757421,4763.11484375,191.16091520093659
536,0.5796875,0.021131693304467167,0.4203125,0.021131693304467167,4773.13115234375,191.25874998025023
537,0.57880859375,0.024751765949170963,0.42119140625,0.02475176594917096,4783.275732421875,191.33819936377287
538,0.5818359375,0.023513872962140615,0.4181640625,0.023513872962140615,4793.4048828125,191.3934936320665
539,0.5833984375,0.01904772576801739,0.4166015625,0.01904772576801739,4803.586962890625,191.39215790066132
540,0.5857421875,0.02367957666585741,0.4142578125,0.02367957666585741,4813.796435546875,191.50009678913514
541,0.58388671875,0.024357160251005535,0.41611328125,0.024357160251005535,4824.046875,191.48740909396707
542,0.58544921875,0.028240222150236825,0.41455078125,0.028240222150236825,4834.264892578125,191.41707228144784
543,0.5916015625,0.0243075802883104,0.4083984375,0.0243075802883104,4844.51025390625,191.28695133028089
544,0.58818359375,0.02684054983334815,0.41181640625,0.02684054983334815,4854.86328125,191.15274411526033
545,0.59033203125,0.023765807663355384,0.40966796875,0.023765807663355384,4865.156591796875,191.0006485637231
546,0.59091796875,0.019698744696110437,0.40908203125,0.019698744696110437,4875.4875,190.8473254649762
547,0.5916015625,0.021323080619128274,0.4083984375,0.021323080619128274,4885.828271484375,190.76916405526913
548,0.5919921875,0.01864595153884785,0.4080078125,0.018645951538847853,4896.1814453125,190.77797989103283
549,0.5916015625,0.020595052536103026,0.4083984375,0.02059505253610303,4906.54140625,190.8117536915423
550,0.591015625,0.025011441473650486,0.408984375,0.02501144147365049,4916.8943359375,190.84829278941388
551,0.584765625,0.023125362908892232,0.415234375,0.023125362908892236,4927.237109375,190.9276396169458
552,0.58466796875,0.02604347731335601,0.41533203125,0.02604347731335601,4937.47060546875,191.0665642149536
553,0.5826171875,0.030659085981526852,0.4173828125,0.030659085981526852,4947.702197265625,191.28778215455569
554,0.5814453125,0.036230863584438874,0.4185546875,0.036230863584438874,4957.898046875,191.4413444451599
555,0.573046875,0.03981405909672879,0.426953125,0.03981405909672879,4968.07333984375,191.61339927911249
556,0.57119140625,0.03953920548192138,0.42880859375,0.03953920548192138,4978.101708984375,191.89019804703344
557,0.5705078125,0.03592582181177715,0.4294921875,0.03592582181177715,4988.09755859375,192.1248513642222
558,0.5693359375,0.042511325897810384,0.4306640625,0.042511325897810384,4998.081396484375,192.3152547787211
559,0.56611328125,0.04546850250281653,0.43388671875,0.04546850250281653,5008.044921875,192.52221939574008
560,0.56640625,0.04230668927050721,0.43359375,0.04230668927050721,5017.951708984375,192.6046753406571
561,0.5677734375,0.0426193178030808,0.4322265625,0.0426193178030808,5027.86396484375,192.6686171528342
562,0.56240234375,0.041016671303618746,0.43759765625,0.041016671303618746,5037.8,192.5830100773297
563,0.5603515625,0.041008183848813946,0.4396484375,0.041008183848813946,5047.6419921875,192.45534123719125
564,0.55634765625,0.04695031790823754,0.44365234375,0.04695031790823753,5057.448046875,192.26408201032675
565,0.55458984375,0.05557395736258555,0.44541015625,0.05557395736258555,5067.18427734375,191.93330805559324
566,0.5537109375,0.056277459118062145,0.4462890625,0.056277459118062145,5076.889599609375,191.61080844264265
567,0.5546875,0.05034935022292834,0.4453125,0.05034935022292834,5086.5796875,191.2212042760347
568,0.559765625,0.048079812769977526,0.440234375,0.048079812769977526,5096.286669921875,190.81230785916847
569,0.5587890625,0.049595147443095115,0.4412109375,0.049595147443095115,5106.082373046875,190.34687446669642
570,0.56123046875,0.0484399610324895,0.43876953125,0.0484399610324895,5115.861279296875,189.8317375918168
571,0.558203125,0.0506462297548288,0.441796875,0.0506462297548288,5125.682861328125,189.37193600687567
572,0.55859375,0.044968555908632565,0.44140625,0.044968555908632565,5135.4513671875,188.95081533204112
573,0.559765625,0.0361375630323084,0.440234375,0.0361375630323084,5145.2267578125,188.6491915095547
574,0.5626953125,0.03558173513880796,0.4373046875,0.03558173513880796,5155.02265625,188.42585261902215
575,0.56591796875,0.035224678413867054,0.43408203125,0.035224678413867054,5164.869873046875,188.23338725917858
576,0.56103515625,0.0315121148442628,0.43896484375,0.0315121148442628,5174.773388671875,188.0718447372587
577,0.555078125,0.027386267167953563,0.444921875,0.027386267167953563,5184.59150390625,188.00592597707015
578,0.55732421875,0.028631939842175845,0.44267578125,0.028631939842175845,5194.305322265625,187.93087466442637
579,0.561328125,0.03458686044623513,0.438671875,0.03458686044623513,5204.058544921875,187.92654985185482
580,0.561328125,0.03282121814984696,0.438671875,0.03282121814984696,5213.8818359375,187.9181598061691
581,0.564453125,0.03498220808943455,0.435546875,0.03498220808943455,5223.70498046875,187.89968515050495
582,0.55703125,0.035649748119946444,0.44296875,0.035649748119946444,5233.58291015625,187.90038627444724
583,0.557421875,0.03355398263956996,0.442578125,0.03355398263956996,5243.331005859375,187.77451266852245
584,0.55703125,0.03343553769066773,0.44296875,0.03343553769066773,5253.08583984375,187.65665933032977
585,0.55419921875,0.031217176365259666,0.44580078125,0.031217176365259666,5262.834033203125,187.51653424342226
586,0.5544921875,0.03625086290055943,0.4455078125,0.036250862900559434,5272.532421875,187.3464975934994
587,0.55673828125,0.03568517588515015,0.44326171875,0.03568517588515015,5282.2361328125,187.17012552054047
588,0.55625,0.033764780834542485,0.44375,0.033764780834542485,5291.97900390625,187.029428534693
589,0.5595703125,0.03618292555284191,0.4404296875,0.03618292555284191,5301.7134765625,186.91613007352657
590,0.56416015625,0.034760824150613615,0.43583984375,0.034760824150613615,5311.505908203125,186.7679619614686
591,0.562890625,0.031149741515530672,0.437109375,0.031149741515530672,5321.378662109375,186.53888185050363
592,0.55947265625,0.03427010919024235,0.44052734375,0.03427010919024235,5331.229296875,186.27860740731373
593,0.562109375,0.03465957754961778,0.437890625,0.03465957754961778,5341.019970703125,186.07782895202303
594,0.56083984375,0.03849205053919464,0.43916015625,0.03849205053919464,5350.856884765625,185.9026984768237
595,0.5703125,0.03694711648429288,0.4296875,0.03694711648429288,5360.671630859375,185.7315815694433
596,0.565625,0.03972773397363216,0.434375,0.03972773397363216,5370.652099609375,185.5874752283674
597,0.56650390625,0.03499978746622134,0.43349609375,0.03499978746622134,5380.5505859375,185.40037039305182
598,0.56005859375,0.037592582855752295,0.43994140625,0.037592582855752295,5390.464404296875,185.28538641510661
599,0.55947265625,0.04190682184226031,0.44052734375,0.04190682184226031,5400.265380859375,185.10420647205518
600,0.555078125,0.034057258412648804,0.444921875,0.034057258412648804,5410.056103515625,184.857990347402
601,0.55419921875,0.031720247280316305,0.44580078125,0.031720247280316305,5419.769970703125,184.63863150359217
602,0.54951171875,0.02920575021013694,0.45048828125,0.029205750210136945,5429.4685546875,184.5349303500417
603,0.54375,0.0282758271302953,0.45625,0.0282758271302953,5439.0849609375,184.4904883190433
604,0.54384765625,0.031052384201139777,0.45615234375,0.031052384201139777,5448.60048828125,184.4300179604369
605,0.54775390625,0.028759558374147138,0.45224609375,0.028759558374147138,5458.11787109375,184.39967232569543
606,0.5533203125,0.028057101199774274,0.4466796875,0.028057101199774274,5467.703564453125,184.3367776613613
607,0.54912109375,0.028738327974170252,0.45087890625,0.028738327974170252,5477.38662109375,184.27428282809197
608,0.55009765625,0.02900916671571314,0.44990234375,0.029009166715713137,5486.99638671875,184.21317538370374
609,0.54833984375,0.032915371897539306,0.45166015625,0.032915371897539306,5496.62294921875,184.09442444161854
610,0.54873046875,0.033714609310823186,0.45126953125,0.033714609310823186,5506.21904296875,183.97883162678085
611,0.54931640625,0.036252046724614496,0.45068359375,0.036252046724614496,5515.821826171875,183.8085652345557
612,0.54873046875,0.039197642204843716,0.45126953125,0.039197642204843716,5525.434814453125,183.5218980247271
613,0.5478515625,0.03874627864565472,0.4521484375,0.03874627864565472,5535.037548828125,183.27718591234023
614,0.54365234375,0.0392452998171661,0.45634765625,0.0392452998171661,5544.624951171875,183.06454300910286
615,0.54736328125,0.03969759594919455,0.45263671875,0.03969759594919455,5554.13896484375,182.79627851748057
616,0.54453125,0.03889171650612722,0.45546875,0.03889171650612722,5563.7177734375,182.54435684033228
617,0.54248046875,0.03648019770819645,0.45751953125,0.03648019770819645,5573.247021484375,182.2787608570632
618,0.54296875,0.03427442228468948,0.45703125,0.03427442228468948,5582.740478515625,182.08117043611253
619,0.53955078125,0.032912474417613136,0.46044921875,0.032912474417613136,5592.2423828125,182.0594534237263
620,0.5451171875,0.033191059388634224,0.4548828125,0.03319105938863422,5601.6845703125,182.08542301090398
621,0.542578125,0.03126586511339583,0.457421875,0.03126586511339583,5611.224169921875,182.15275916390834
622,0.5365234375,0.02783871219155755,0.4634765625,0.02783871219155755,5620.719287109375,182.06899139500518
623,0.53505859375,0.03065675296040328,0.46494140625,0.03065675296040328,5630.10849609375,181.93468222023995
624,0.53935546875,0.029562758333718648,0.46064453125,0.029562758333718648,5639.472021484375,181.6758407850286
625,0.5384765625,0.03416070901675408,0.4615234375,0.03416070901675408,5648.91064453125,181.37076642664437
626,0.5349609375,0.035827468273800143,0.4650390625,0.03582746827380015,5658.333984375,181.04665082735087
627,0.532421875,0.03973493489700884,0.467578125,0.03973493489700885,5667.695849609375,180.68347347849885
628,0.53115234375,0.04031311034694206,0.46884765625,0.04031311034694206,5677.013134765625,180.28872833379015
629,0.528515625,0.047107982203706066,0.471484375,0.047107982203706066,5686.308251953125,179.91073624685194
630,0.52919921875,0.04886805008356407,0.47080078125,0.04886805008356407,5695.55732421875,179.46548156727235
631,0.53203125,0.04317422462390031,0.46796875,0.04317422462390031,5704.81826171875,179.0177687632284
632,0.53203125,0.04339235443416091,0.46796875,0.0433923544341609,5714.12880859375,178.55537202015623
633,0.53115234375,0.03988501711738509,0.46884765625,0.03988501711738509,5723.439501953125,178.10090170806188
634,0.5341796875,0.042295416805072907,0.4658203125,0.042295416805072907,5732.734765625,177.75529378766117
635,0.53720703125,0.04356267881425146,0.46279296875,0.04356267881425146,5742.0828125,177.3052312080029
636,0.53515625,0.045390725849715846,0.46484375,0.045390725849715846,5751.483984375,176.91251427332278
637,0.53642578125,0.045135890502461515,0.46357421875,0.045135890502461515,5760.84921875,176.4367334337436
638,0.53642578125,0.050364595536155236,0.46357421875,0.050364595536155236,5770.236669921875,176.0439225381094
639,0.5390625,0.04676704691602939,0.4609375,0.04676704691602939,5779.624072265625,175.6224574665165
640,0.5451171875,0.04273685650359177,0.4548828125,0.04273685650359177,5789.057666015625,175.32190669418665
641,0.54091796875,0.04319995061377069,0.45908203125,0.04319995061377069,5798.5970703125,175.01828306383965
642,0.5423828125,0.04232516961466494,0.4576171875,0.04232516961466494,5808.063330078125,174.68633356527923
643,0.54384765625,0.04528860580269344,0.45615234375,0.04528860580269344,5817.5548828125,174.40524983042556
644,0.5466796875,0.03826530280080768,0.4533203125,0.03826530280080768,5827.07236328125,174.02942998078612
645,0.54501953125,0.03774499337046084,0.45498046875,0.03774499337046084,5836.639306640625,173.6782140828191
646,0.54453125,0.038847553143716865,0.45546875,0.038847553143716865,5846.177099609375,173.29716808792685
647,0.53935546875,0.04380195802118049,0.46064453125,0.04380195802118049,5855.7064453125,172.92674933179208
648,0.54443359375,0.04070813402630143,0.45556640625,0.04070813402630143,5865.145068359375,172.55494678045537
649,0.54755859375,0.031556873386547196,0.45244140625,0.03155687338654719,5874.67265625,172.1610121490493
650,0.54404296875,0.031458199271280636,0.45595703125,0.031458199271280636,5884.255078125,171.82668590218097
651,0.55224609375,0.029091893580424195,0.44775390625,0.029091893580424195,5893.775634765625,171.459476631933
652,0.55458984375,0.027550314910805833,0.44541015625,0.027550314910805833,5903.439990234375,171.1487830714796
653,0.54970703125,0.028845646193512275,0.45029296875,0.028845646193512275,5913.145263671875,170.87345315924452
654,0.54716796875,0.03447708231147053,0.45283203125,0.03447708231147053,5922.765283203125,170.5898465763997
655,0.5431640625,0.03701107457387966,0.4568359375,0.03701107457387966,5932.340673828125,170.2507241537641
656,0.5408203125,0.03461166753129464,0.4591796875,0.03461166753129463,5941.8458984375,169.9532122234076
657,0.5396484375,0.03307996459516224,0.4603515625,0.03307996459516224,5951.3103515625,169.6559196008292
658,0.54375,0.031419826628597006,0.45625,0.03141982662859701,5960.7541015625,169.4300387345156
659,0.55341796875,0.028404542038604524,0.44658203125,0.02840454203860452,5970.26982421875,169.12128346232814
660,0.5462890625,0.02816227456183349,0.4537109375,0.02816227456183349,5979.95478515625,168.86028732913212
661,0.5443359375,0.02792080824766943,0.4556640625,0.02792080824766943,5989.514794921875,168.59966476205307
662,0.5451171875,0.03267561197094526,0.4548828125,0.03267561197094526,5999.04052734375,168.36947659946347
663,0.5474609375,0.03163881649924119,0.4525390625,0.03163881649924119,6008.580126953125,168.16686081761742
664,0.5482421875,0.03154825927962142,0.4517578125,0.03154825927962142,6018.16064453125,167.88393199049816
665,0.5474609375,0.03498275331910221,0.4525390625,0.03498275331910221,6027.754931640625,167.70350156886968
666,0.55126953125,0.03848015628045401,0.44873046875,0.03848015628045401,6037.33544921875,167.51781096418514
667,0.55,0.04009333212345563,0.45,0.04009333212345562,6046.982666015625,167.31413090712195
668,0.53935546875,0.04263687979527533,0.46064453125,0.042636879795275334,6056.607666015625,166.99720111992042
669,0.5408203125,0.039200926602369686,0.4591796875,0.039200926602369686,6066.046435546875,166.6617281856832
670,0.53818359375,0.03812960737560989,0.46181640625,0.03812960737560989,6075.51083984375,166.42239640863815
671,0.54140625,0.044295910483326505,0.45859375,0.044295910483326505,6084.928955078125,166.18676958805895
672,0.5427734375,0.04722121493193962,0.4572265625,0.04722121493193962,6094.403515625,165.83993944199878
673,0.541796875,0.044020768552637105,0.458203125,0.044020768552637105,6103.902197265625,165.49603385336974
674,0.54169921875,0.038126105620815386,0.45830078125,0.038126105620815386,6113.38359375,165.17675438658378
675,0.5419921875,0.037217154339745505,0.4580078125,0.037217154339745505,6122.86337890625,164.86162675479778
676,0.540625,0.038001207834422845,0.459375,0.038001207834422845,6132.34814453125,164.61364747284114
677,0.5435546875,0.038741847995840524,0.4564453125,0.038741847995840524,6141.809033203125,164.41699287882068
678,0.5466796875,0.04123083420758213,0.4533203125,0.04123083420758213,6151.321337890625,164.1049029024438
679,0.5478515625,0.04370812728343552,0.4521484375,0.04370812728343552,6160.888232421875,163.79031668300613
680,0.55126953125,0.044222757002910576,0.44873046875,0.044222757002910576,6170.4755859375,163.39722339708914
681,0.544140625,0.043216173295160504,0.455859375,0.043216173295160504,6180.122900390625,162.9562687605683
682,0.5453125,0.048623006667047546,0.4546875,0.048623006667047546,6189.645361328125,162.52477567174176
683,0.5462890625,0.04509393001739882,0.4537109375,0.04509393001739882,6199.188330078125,161.9576631013884
684,0.546875,0.04170962344577425,0.453125,0.04170962344577425,6208.7482421875,161.47527800815274
685,0.55341796875,0.04033108541566498,0.44658203125,0.04033108541566498,6218.31865234375,161.09033602706546
686,0.555078125,0.03690114274568607,0.444921875,0.03690114274568607,6228.00341796875,160.75863344255686
687,0.55009765625,0.04741922437119592,0.44990234375,0.04741922437119592,6237.717431640625,160.49271514855607
688,0.5529296875,0.04195765295048427,0.4470703125,0.041957652950484266,6247.344091796875,160.2117536100243
689,0.55966796875,0.04522117092609122,0.44033203125,0.04522117092609122,6257.0203125,159.93728806148079
690,0.56064453125,0.046861672096133185,0.43935546875,0.046861672096133185,6266.81455078125,159.64733245710593
691,0.5595703125,0.0446001557078017,0.4404296875,0.0446001557078017,6276.625732421875,159.31386903512805
692,0.55009765625,0.04188542478242403,0.44990234375,0.04188542478242403,6286.4181640625,158.91708857887215
693,0.54501953125,0.04340477019081409,0.45498046875,0.04340477019081409,6296.044921875,158.52278931785878
694,0.55458984375,0.03948369116845755,0.44541015625,0.03948369116845755,6305.5828125,158.10604666481828
695,0.55185546875,0.04422965734098532,0.44814453125,0.04422965734098532,6315.288134765625,157.67190700435796
696,0.55078125,0.04389537092754984,0.44921875,0.04389537092754984,6324.94560546875,157.27645079586793
697,0.5521484375,0.04462196079023898,0.4478515625,0.04462196079023898,6334.58427734375,156.86937480586113
698,0.55576171875,0.04452407511415041,0.44423828125,0.04452407511415041,6344.24677734375,156.3837212084759
699,0.553515625,0.04630760111362321,0.446484375,0.04630760111362321,6353.97265625,155.95174711364191
700,0.54990234375,0.04061243890092597,0.45009765625,0.04061243890092597,6363.659228515625,155.53452234479073
701,0.54619140625,0.045260379675647756,0.45380859375,0.04526037967564776,6373.28251953125,155.18623691390493
702,0.55048828125,0.04432356741666942,0.44951171875,0.044323567416669415,6382.840869140625,154.8636517919119
703,0.5474609375,0.0451932192147039,0.4525390625,0.0451932192147039,6392.474365234375,154.52132221284052
704,0.54833984375,0.04902742529223957,0.45166015625,0.04902742529223957,6402.055029296875,154.1566112504102
705,0.54638671875,0.04314649405618978,0.45361328125,0.04314649405618978,6411.65087890625,153.80938547585788
706,0.5447265625,0.04096863007109639,0.4552734375,0.0409686300710964,6421.212744140625,153.39296873319026
707,0.5484375,0.03919703395287869,0.4515625,0.03919703395287869,6430.745361328125,152.94787280021822
708,0.546875,0.03484563300685521,0.453125,0.03484563300685521,6440.34306640625,152.43256905041437
709,0.54697265625,0.03626835325564116,0.45302734375,0.03626835325564116,6449.91328125,152.00928785488912
710,0.54990234375,0.03245201089091796,0.45009765625,0.03245201089091796,6459.4853515625,151.51024097980147
711,0.55068359375,0.032224934854730145,0.44931640625,0.032224934854730145,6469.10869140625,151.07901643940409
712,0.54697265625,0.037427832780244925,0.45302734375,0.037427832780244925,6478.745556640625,150.65406982949958
713,0.54453125,0.03813148318339617,0.45546875,0.03813148318339617,6488.317626953125,150.16940964086226
714,0.54677734375,0.033031640114551175,0.45322265625,0.033031640114551175,6497.846923828125,149.6668863005724
715,0.545703125,0.03543939795953615,0.454296875,0.03543939795953615,6507.41552734375,149.26553394319242
716,0.54814453125,0.03646660120630985,0.45185546875,0.03646660120630985,6516.965234375,148.8628015637016
717,0.54833984375,0.03802892868743817,0.45166015625,0.03802892868743817,6526.5578125,148.509745224164
718,0.54765625,0.04181649291356036,0.45234375,0.041816492913560356,6536.15380859375,148.18531431197545
719,0.5474609375,0.0432523489077201,0.4525390625,0.0432523489077201,6545.737744140625,147.83502117529983
720,0.54794921875,0.04358894130204367,0.45205078125,0.04358894130204367,6555.318359375,147.53414633198028
721,0.54853515625,0.0465853068161757,0.45146484375,0.0465853068161757,6564.907421875,147.14366627097638
722,0.553125,0.04648519563351259,0.446875,0.04648519563351259,6574.5068359375,146.86049150029723
723,0.55166015625,0.042102077325960205,0.44833984375,0.042102077325960205,6584.186376953125,146.6454107714347
724,0.547265625,0.043876247812117124,0.452734375,0.043876247812117124,6593.840673828125,146.42183691506872
725,0.552734375,0.042193829097004074,0.447265625,0.042193829097004074,6603.417578125,146.16680053136446
726,0.5484375,0.0387122973714224,0.4515625,0.0387122973714224,6613.090576171875,145.84742965555992
727,0.54482421875,0.04001154256221582,0.45517578125,0.04001154256221582,6622.688330078125,145.51587589078855
728,0.5458984375,0.039008752085369414,0.4541015625,0.039008752085369414,6632.22275390625,145.113053606515
729,0.547265625,0.03798112581228669,0.452734375,0.03798112581228669,6641.77587890625,144.73809826795852
730,0.54697265625,0.03576526001376949,0.45302734375,0.03576526001376949,6651.353076171875,144.37062388165572
731,0.5455078125,0.03655319225810261,0.4544921875,0.03655319225810261,6660.925048828125,144.08555666471878
732,0.54501953125,0.038054499244106824,0.45498046875,0.038054499244106824,6670.47138671875,143.75954549679108
733,0.5462890625,0.036391074492715586,0.4537109375,0.036391074492715586,6680.009228515625,143.43476121011426
734,0.54638671875,0.036430493579236035,0.45361328125,0.036430493579236035,6689.56943359375,143.08107697430552
735,0.54990234375,0.03891194129589321,0.45009765625,0.03891194129589321,6699.131103515625,142.70377223520578
736,0.5513671875,0.04226880186766742,0.4486328125,0.04226880186766742,6708.754296875,142.2643500655318
737,0.5546875,0.04085254035810916,0.4453125,0.04085254035810916,6718.4033203125,141.82782771806532
738,0.5515625,0.04795269924358893,0.4484375,0.04795269924358893,6728.1103515625,141.47880725405818
739,0.5544921875,0.05317524049002388,0.4455078125,0.05317524049002388,6737.762744140625,141.0504455941801
740,0.5572265625,0.055558081675424364,0.4427734375,0.055558081675424364,6747.466357421875,140.56603618691526
741,0.5578125,0.05370347959586162,0.4421875,0.053703479595861615,6757.2177734375,140.11501905572857
742,0.55888671875,0.05018248635376198,0.44111328125,0.05018248635376198,6766.979443359375,139.72020837588795
743,0.55419921875,0.050357399565903314,0.44580078125,0.050357399565903314,6776.760009765625,139.31777920503023
744,0.5509765625,0.044552660697149304,0.4490234375,0.044552660697149304,6786.458544921875,138.89026234201236
745,0.56123046875,0.04475608417771657,0.43876953125,0.04475608417771657,6796.1005859375,138.5514899238437
746,0.56298828125,0.05049168115970202,0.43701171875,0.05049168115970202,6805.922119140625,138.32411388074263
747,0.5607421875,0.04990950979002367,0.4392578125,0.04990950979002367,6815.774462890625,138.16753579718883
748,0.56015625,0.04139104599988799,0.43984375,0.04139104599988799,6825.587353515625,138.09857549313344
749,0.5560546875,0.04213094806277173,0.4439453125,0.04213094806277173,6835.390185546875,138.0875568886425
750,0.554296875,0.04917687951177489,0.445703125,0.04917687951177489,6845.121142578125,138.2011043902367
751,0.55224609375,0.04895734853633321,0.44775390625,0.04895734853633321,6854.821337890625,138.364028414627
752,0.551171875,0.042500556493369514,0.448828125,0.042500556493369514,6864.48564453125,138.53370586057346
753,0.55244140625,0.040060612531407976,0.44755859375,0.040060612531407976,6874.1310546875,138.6988132678036
754,0.5529296875,0.03762187227448283,0.4470703125,0.03762187227448283,6883.79873046875,138.87769175611882
755,0.55234375,0.041314942072772684,0.44765625,0.041314942072772684,6893.475048828125,139.0981620476979
756,0.549609375,0.03937085326626873,0.450390625,0.03937085326626872,6903.14111328125,139.2197433198199
757,0.54873046875,0.037542319260717404,0.45126953125,0.037542319260717404,6912.759228515625,139.32564748306078
758,0.548828125,0.04007001471301904,0.451171875,0.04007001471301904,6922.361962890625,139.42392237074787
759,0.55048828125,0.03911629596453825,0.44951171875,0.03911629596453825,6931.966455078125,139.43136976318914
760,0.5515625,0.032202287258632736,0.4484375,0.032202287258632736,6941.600146484375,139.4275917259422
761,0.548828125,0.02445699350390395,0.451171875,0.02445699350390395,6951.25234375,139.50488211945256
762,0.5515625,0.02427617310381532,0.4484375,0.02427617310381532,6960.85693359375,139.52562696654041
763,0.55107421875,0.025734043251220046,0.44892578125,0.02573404325122005,6970.509326171875,139.49168598264572
764,0.5513671875,0.02771511214854181,0.4486328125,0.02771511214854181,6980.15302734375,139.4292176978252
765,0.55615234375,0.02744557630681995,0.44384765625,0.02744557630681995,6989.801953125,139.279738745721
766,0.5572265625,0.030343291384278836,0.4427734375,0.030343291384278836,6999.53466796875,139.12900435073684
767,0.55400390625,0.03156895939665569,0.44599609375,0.03156895939665568,7009.286083984375,139.0299173661987
768,0.555078125,0.041634559976930906,0.444921875,0.041634559976930906,7018.98095703125,138.95825876721045
769,0.55908203125,0.041469425014817485,0.44091796875,0.041469425014817485,7028.69501953125,138.89710511290158
770,0.55712890625,0.04804300432198456,0.44287109375,0.04804300432198456,7038.478955078125,138.9153121201997
771,0.5607421875,0.04988848648720841,0.4392578125,0.049888486487208394,7048.2287109375,138.80044303999915
772,0.55986328125,0.05391482962181568,0.44013671875,0.05391482962181568,7058.041650390625,138.746150888038
773,0.56484375,0.054647725491251575,0.43515625,0.054647725491251575,7067.839306640625,138.6951497238649
774,0.5619140625,0.0546285256790909,0.4380859375,0.0546285256790909,7077.7240234375,138.69445431406558
775,0.55751953125,0.054433089172849766,0.44248046875,0.054433089172849766,7087.557470703125,138.77935008927093
776,0.5595703125,0.059307180119860116,0.4404296875,0.059307180119860116,7097.31416015625,138.80688302960988
777,0.56142578125,0.058744029289561434,0.43857421875,0.058744029289561434,7107.10654296875,138.81128870703924
778,0.55927734375,0.06490585845696929,0.44072265625,0.0649058584569693,7116.9314453125,138.84461038014237
779,0.5607421875,0.06477164430336564,0.4392578125,0.06477164430336564,7126.718896484375,138.90758749628813
780,0.562890625,0.06168474636869566,0.437109375,0.06168474636869566,7136.5318359375,139.07032483677455
781,0.5580078125,0.05624898273819742,0.4419921875,0.05624898273819742,7146.3826171875,139.20849154629585
782,0.5615234375,0.05667933752476376,0.4384765625,0.05667933752476376,7156.147607421875,139.32677072789826
783,0.56533203125,0.053649556546187215,0.43466796875,0.053649556546187215,7165.974169921875,139.5375837859832
784,0.566015625,0.05576197528947117,0.433984375,0.05576197528947117,7175.867626953125,139.74380768369932
785,0.5724609375,0.051259392598721296,0.4275390625,0.051259392598721296,7185.77275390625,139.91718971441327
786,0.5703125,0.050828178436223066,0.4296875,0.050828178436223066,7195.790869140625,140.1470661838255
787,0.56806640625,0.05572065722185401,0.43193359375,0.055720657221854014,7205.771337890625,140.3917025751229
788,0.56875,0.05584742278160789,0.43125,0.05584742278160789,7215.712548828125,140.67899124093537
789,0.5640625,0.05367043927755849,0.4359375,0.05367043927755849,7225.66572265625,141.06821045870606
790,0.5626953125,0.058235886333353346,0.4373046875,0.058235886333353346,7235.536669921875,141.49655872875692
791,0.5609375,0.056770460028398015,0.4390625,0.056770460028398015,7245.383935546875,141.93554884016726
792,0.5611328125,0.053830123443490314,0.4388671875,0.053830123443490314,7255.200390625,142.36167793729916
793,0.55517578125,0.05354778131186064,0.44482421875,0.05354778131186064,7265.019970703125,142.73633484903942
794,0.5556640625,0.05369317888238779,0.4443359375,0.05369317888238779,7274.73564453125,143.05729591686924
795,0.55576171875,0.05741564658504091,0.44423828125,0.05741564658504091,7284.459765625,143.33792313087227
796,0.55869140625,0.06183337420164885,0.44130859375,0.06183337420164885,7294.18564453125,143.65360326211234
797,0.5630859375,0.05968738495980406,0.4369140625,0.05968738495980406,7303.9626953125,144.08038689711384
798,0.56142578125,0.0574621357847948,0.43857421875,0.0574621357847948,7313.81669921875,144.47527214727003
799,0.55888671875,0.06018992880795945,0.44111328125,0.06018992880795944,7323.641796875,144.876394355357
800,0.5580078125,0.059075493569073864,0.4419921875,0.059075493569073864,7333.42216796875,145.32572266110085
801,0.56025390625,0.057419965024570085,0.43974609375,0.057419965024570085,7343.1873046875,145.78892873466089
802,0.56513671875,0.05749797319903607,0.43486328125,0.057497973199036066,7352.991845703125,146.31792610435596
803,0.5677734375,0.06285937936940701,0.4322265625,0.06285937936940701,7362.881640625,146.84158904848573
804,0.56689453125,0.0671265081310809,0.43310546875,0.0671265081310809,7372.81767578125,147.33827202707053
805,0.565234375,0.06622332341745713,0.434765625,0.06622332341745713,7382.73837890625,147.93199093771028
806,0.5658203125,0.062468253656107205,0.4341796875,0.062468253656107205,7392.6298828125,148.56214290827938
807,0.56201171875,0.06582386222345735,0.43798828125,0.06582386222345735,7402.531689453125,149.11489775037998
808,0.56357421875,0.0607551389176852,0.43642578125,0.0607551389176852,7412.366943359375,149.6080889251252
809,0.56162109375,0.056200217364016446,0.43837890625,0.056200217364016446,7422.229541015625,150.06385206838388
810,0.562890625,0.05292788569350163,0.437109375,0.05292788569350163,7432.05791015625,150.50049180859784
811,0.5564453125,0.05085406438287713,0.4435546875,0.05085406438287712,7441.908447265625,150.8910106038569
812,0.55205078125,0.05341546926282107,0.44794921875,0.05341546926282108,7451.646240234375,151.23110997758357
813,0.5513671875,0.05389209506185717,0.4486328125,0.05389209506185717,7461.3072265625,151.57763912165916
814,0.55048828125,0.050860158794123686,0.44951171875,0.05086015879412368,7470.9560546875,151.96469185737266
815,0.55126953125,0.051756430553484806,0.44873046875,0.051756430553484806,7480.58955078125,152.27002818415048
816,0.55263671875,0.04970012384472159,0.44736328125,0.04970012384472159,7490.236767578125,152.5649431437691
817,0.55205078125,0.04549576104508297,0.44794921875,0.045495761045082975,7499.907958984375,152.77395542514435
818,0.5515625,0.04259603980914042,0.4484375,0.04259603980914042,7509.56884765625,153.0005837631932
819,0.55009765625,0.04628339644251363,0.44990234375,0.04628339644251363,7519.2212890625,153.15247488388442
820,0.55078125,0.04555431167847891,0.44921875,0.04555431167847891,7528.8478515625,153.37445444931836
821,0.555078125,0.04288477234089588,0.444921875,0.04288477234089588,7538.486376953125,153.63499562131327
822,0.55830078125,0.039506871844954175,0.44169921875,0.039506871844954175,7548.200390625,153.8793825345397
823,0.56357421875,0.04273607547033824,0.43642578125,0.04273607547033824,7557.970703125,154.07212007846354
824,0.5578125,0.038777770889218466,0.4421875,0.03877777088921846,7567.833251953125,154.21504251219014
825,0.565625,0.04462538022859722,0.434375,0.04462538022859722,7577.59482421875,154.28260382923875
826,0.56455078125,0.04554059726382064,0.43544921875,0.04554059726382064,7587.493310546875,154.4535150204926
827,0.558984375,0.04607719512032226,0.441015625,0.04607719512032226,7597.373095703125,154.60685020485562
828,0.5552734375,0.046503656059018295,0.4447265625,0.046503656059018295,7607.15517578125,154.87933290989247
829,0.56181640625,0.049027036253617005,0.43818359375,0.04902703625361702,7616.872412109375,155.0706639371425
830,0.5583984375,0.04647001156765142,0.4416015625,0.04647001156765142,7626.704296875,155.16551222572872
831,0.55771484375,0.04448764741020507,0.44228515625,0.04448764741020507,7636.476220703125,155.20510679436197
832,0.5560546875,0.04388276799223308,0.4439453125,0.04388276799223308,7646.2361328125,155.21502978095884
833,0.56337890625,0.04468656525601272,0.43662109375,0.04468656525601272,7655.967236328125,155.2322371813892
834,0.56259765625,0.04553850309663491,0.43740234375,0.04553850309663491,7665.826220703125,155.20789507262634
835,0.5583984375,0.044198057907038256,0.4416015625,0.04419805790703824,7675.671826171875,155.1906874887322
836,0.5576171875,0.042261581368491466,0.4423828125,0.042261581368491466,7685.4435546875,155.12587922962138
837,0.55634765625,0.04485186885482597,0.44365234375,0.04485186885482596,7695.201953125,155.09196757829423
838,0.55849609375,0.04545885325739684,0.44150390625,0.04545885325739684,7704.9380859375,155.04807289224362
839,0.55927734375,0.04310403507754025,0.44072265625,0.04310403507754025,7714.711669921875,155.11283204038293
840,0.56396484375,0.04284706224232709,0.43603515625,0.04284706224232709,7724.499267578125,155.24514589203903
841,0.562890625,0.0403787042672345,0.437109375,0.0403787042672345,7734.3685546875,155.3894753187638
842,0.564453125,0.04295765126547416,0.435546875,0.04295765126547416,7744.219140625,155.56100553632297
843,0.568359375,0.04472400374776915,0.431640625,0.04472400374776915,7754.097021484375,155.7041583280522
844,0.56337890625,0.041570947692067366,0.43662109375,0.041570947692067366,7764.043408203125,155.8827810036247
845,0.5595703125,0.041960380395668705,0.4404296875,0.041960380395668705,7773.902490234375,156.14054382423652
846,0.555078125,0.04164601131908147,0.444921875,0.04164601131908147,7783.694873046875,156.43225238980628
847,0.5548828125,0.0450105273330671,0.4451171875,0.04501052733306711,7793.408642578125,156.79573544097374
848,0.55546875,0.03570214201327334,0.44453125,0.03570214201327334,7803.119287109375,157.2098029588817
849,0.555859375,0.032850261939178754,0.444140625,0.032850261939178754,7812.83974609375,157.52498760535127
850,0.55234375,0.02819273527463458,0.44765625,0.02819273527463458,7822.5673828125,157.7140028118
851,0.54912109375,0.023237468336554712,0.45087890625,0.02323746833655471,7832.233544921875,157.9681459467099
852,0.54990234375,0.02496430710090549,0.45009765625,0.02496430710090549,7841.843017578125,158.13765889052684
853,0.5505859375,0.029299479050936213,0.4494140625,0.02929947905093621,7851.46630859375,158.36174209338688
854,0.54677734375,0.03497525566612963,0.45322265625,0.03497525566612963,7861.101611328125,158.54644123753025
855,0.54736328125,0.03507817393683947,0.45263671875,0.03507817393683947,7870.670068359375,158.63361662210036
856,0.53974609375,0.036148777089730265,0.46025390625,0.036148777089730265,7880.248828125,158.62800396451917
857,0.54287109375,0.03388671875,0.45712890625,0.03388671875,7889.694580078125,158.60132475077364
858,0.5484375,0.027218603122809795,0.4515625,0.027218603122809795,7899.1947265625,158.47015321107676
859,0.54853515625,0.025870797668357086,0.45146484375,0.025870797668357086,7908.7923828125,158.36780644480515
860,0.54638671875,0.029960740149692276,0.45361328125,0.029960740149692276,7918.391796875,158.34332213647198
861,0.54501953125,0.03181391229098975,0.45498046875,0.03181391229098975,7927.95361328125,158.24082331860154
862,0.54541015625,0.0333843000505951,0.45458984375,0.0333843000505951,7937.49140625,158.12963522245698
863,0.54814453125,0.02899930255972021,0.45185546875,0.028999302559720216,7947.035986328125,157.96237981342213
864,0.54912109375,0.02516065476043167,0.45087890625,0.02516065476043167,7956.6287109375,157.74591070067962
865,0.5451171875,0.02525429143412746,0.4548828125,0.02525429143412746,7966.238232421875,157.52815954872457
866,0.54814453125,0.026407123980081857,0.45185546875,0.026407123980081854,7975.77783203125,157.26834385772486
867,0.5453125,0.030509412970182767,0.4546875,0.030509412970182767,7985.37021484375,157.0055220533046
868,0.5470703125,0.03130732047668225,0.4529296875,0.03130732047668225,7994.91328125,156.6775883592751
869,0.550390625,0.02585660153178367,0.449609375,0.02585660153178367,8004.486865234375,156.40872992447532
870,0.550390625,0.025413901590329822,0.449609375,0.025413901590329822,8014.118798828125,156.21836989193798
871,0.54814453125,0.03050894409112947,0.45185546875,0.030508944091129475,8023.75068359375,156.02332645870163
872,0.55048828125,0.03321475554571965,0.44951171875,0.03321475554571965,8033.343212890625,155.84226797678548
873,0.53935546875,0.03495234378492479,0.46064453125,0.03495234378492479,8042.976708984375,155.72950897055765
874,0.53720703125,0.03637862438484706,0.46279296875,0.03637862438484706,8052.415380859375,155.63349324134708
875,0.54111328125,0.033567196309653574,0.45888671875,0.033567196309653574,8061.81650390625,155.57841496189914
876,0.54287109375,0.031171930069265268,0.45712890625,0.031171930069265268,8071.28583984375,155.57547699556167
877,0.541796875,0.03152285663962986,0.458203125,0.03152285663962986,8080.786279296875,155.54679884016164
878,0.541796875,0.0332197798302857,0.458203125,0.0332197798302857,8090.267626953125,155.490091857059
879,0.5455078125,0.03524619570284767,0.4544921875,0.03524619570284767,8099.748974609375,155.45073137348237
880,0.54404296875,0.030700273454175177,0.45595703125,0.030700273454175177,8109.295556640625,155.38785233899182
881,0.54267578125,0.03382925828969154,0.45732421875,0.03382925828969154,8118.816259765625,155.43782993216445
882,0.54228515625,0.03492504813778726,0.45771484375,0.03492504813778726,8128.312841796875,155.4755491818468
883,0.53818359375,0.0362104581700341,0.46181640625,0.0362104581700341,8137.80302734375,155.5030885094086
884,0.541015625,0.034979481813617805,0.458984375,0.034979481813617805,8147.22109375,155.5779661025182
885,0.53427734375,0.03900007218574299,0.46572265625,0.03900007218574299,8156.6888671875,155.6110438772158
886,0.5349609375,0.04495964784205979,0.4650390625,0.04495964784205979,8166.038720703125,155.65180075382986
887,0.54189453125,0.039100201532571356,0.45810546875,0.039100201532571356,8175.4005859375,155.6706797923989
888,0.53828125,0.03649992976769784,0.46171875,0.036499929767697836,8184.8837890625,155.6954541974196
889,0.54130859375,0.03698078563889262,0.45869140625,0.036980785638892615,8194.30361328125,155.68713838630987
890,0.54296875,0.03869948509327192,0.45703125,0.03869948509327192,8203.776513671875,155.6097621333446
891,0.5443359375,0.04013232278998477,0.4556640625,0.04013232278998477,8213.27841796875,155.56161151259832
892,0.548046875,0.043528404345476314,0.451953125,0.043528404345476314,8222.804296875,155.49366872980005
893,0.5474609375,0.0432170559874531,0.4525390625,0.0432170559874531,8232.395263671875,155.4632879460144
894,0.55009765625,0.04988705275757342,0.44990234375,0.04988705275757342,8241.975634765626,155.47533361838794
895,0.548046875,0.04965280148995404,0.451953125,0.04965280148995403,8251.6025390625,155.5331835195252
896,0.54521484375,0.04968016372358831,0.45478515625,0.0496801637235883,8261.19306640625,155.594873422864
897,0.54609375,0.048537808812072925,0.45390625,0.048537808812072925,8270.7345703125,155.67845582411348
898,0.54931640625,0.04674716047343519,0.45068359375,0.04674716047343519,8280.29111328125,155.73948643467196
899,0.55126953125,0.048585824596116205,0.44873046875,0.048585824596116205,8289.904296875,155.82399083139228
900,0.54951171875,0.04003203539706951,0.45048828125,0.04003203539706951,8299.551416015625,155.93497471265667
901,0.55048828125,0.039903185028454045,0.44951171875,0.039903185028454045,8309.167822265625,156.01977392557572
902,0.5451171875,0.03863980283066891,0.4548828125,0.0386398028306689,8318.8015625,156.1489789892133
903,0.54111328125,0.03713108431604646,0.45888671875,0.03713108431604646,8328.340966796875,156.23869147097056
904,0.5380859375,0.03068644684579059,0.4619140625,0.03068644684579059,8337.810302734375,156.36797037786795
905,0.5421875,0.03752796402012896,0.4578125,0.03752796402012896,8347.2267578125,156.48781679939376
906,0.54521484375,0.03586803855210367,0.45478515625,0.03586803855210367,8356.71513671875,156.56920207348452
907,0.54404296875,0.040376932859657884,0.45595703125,0.040376932859657884,8366.256103515625,156.54757108970503
908,0.55126953125,0.03671732148983223,0.44873046875,0.03671732148983223,8375.77724609375,156.59264147805945
909,0.555078125,0.038901523777945944,0.444921875,0.038901523777945944,8385.42431640625,156.61095048602348
910,0.545703125,0.03756606322793637,0.454296875,0.03756606322793636,8395.138134765624,156.53228301028227
911,0.54814453125,0.042306801979993876,0.45185546875,0.04230680197999388,8404.687939453124,156.45628166926056
912,0.54541015625,0.0451658836569018,0.45458984375,0.0451658836569018,8414.280517578125,156.35635518699
913,0.53984375,0.03963881502691877,0.46015625,0.039638815026918774,8423.825,156.17859260270322
914,0.54052734375,0.032886385610469686,0.45947265625,0.032886385610469686,8433.2724609375,155.9875105284296
915,0.5421875,0.03285606761618345,0.4578125,0.03285606761618345,8442.7314453125,155.82310385674202
916,0.548046875,0.03172190082102929,0.451953125,0.03172190082102929,8452.21982421875,155.58816125486658
917,0.546875,0.034979481813617805,0.453125,0.034979481813617805,8461.810791015625,155.27958025192905
918,0.54755859375,0.03412956704679621,0.45244140625,0.034129567046796205,8471.38125,154.84605740561923
919,0.5447265625,0.03271353192332552,0.4552734375,0.03271353192332552,8480.96318359375,154.43662703921558
920,0.5431640625,0.036523437500000006,0.4568359375,0.036523437500000006,8490.49580078125,154.12492467196216
921,0.5455078125,0.03661315018013721,0.4544921875,0.03661315018013721,8500.001171875,153.7493712992646
922,0.5498046875,0.036353842543475116,0.4501953125,0.036353842543475116,8509.54775390625,153.32714183850194
923,0.5509765625,0.03574752350879314,0.4490234375,0.03574752350879315,8519.169287109375,152.81005684895447
924,0.5568359375,0.03914736874289494,0.4431640625,0.039147368742894935,8528.81123046875,152.35791076391587
925,0.55576171875,0.03896827013443768,0.44423828125,0.03896827013443768,8538.55595703125,151.91123014606904
926,0.55966796875,0.03747875883606075,0.44033203125,0.03747875883606075,8548.28173828125,151.47528287502607
927,0.55537109375,0.03582280972926906,0.44462890625,0.03582280972926906,8558.0759765625,151.1360825101531
928,0.5533203125,0.036600124204664596,0.4466796875,0.036600124204664596,8567.79501953125,150.83318755991445
929,0.56015625,0.03423878818970115,0.43984375,0.03423878818970115,8577.47802734375,150.54286553246624
930,0.56318359375,0.03287420374845187,0.43681640625,0.03287420374845186,8587.28076171875,150.2880403918098
931,0.56396484375,0.032583399649810295,0.43603515625,0.032583399649810295,8597.13662109375,150.03888057187032
932,0.56708984375,0.03532956951415718,0.43291015625,0.03532956951415717,8607.005859375,149.83446320237516
933,0.563671875,0.03839716586144616,0.436328125,0.03839716586144616,8616.9298828125,149.5575524919341
934,0.56240234375,0.03763365768234278,0.43759765625,0.03763365768234278,8626.794140625,149.31810391333292
935,0.566015625,0.04011568506802,0.433984375,0.04011568506802,8636.6361328125,149.13265950001403
936,0.5671875,0.037667472718202935,0.4328125,0.037667472718202935,8646.54150390625,148.90967344641734
937,0.57275390625,0.031042554872508406,0.42724609375,0.031042554872508406,8656.4671875,148.72625544074742
938,0.57060546875,0.02838774971896232,0.42939453125,0.02838774971896232,8666.4904296875,148.66854038449065
939,0.566015625,0.02653016759239317,0.433984375,0.02653016759239317,8676.4759765625,148.58585346612873
940,0.56650390625,0.02651668412043942,0.43349609375,0.02651668412043942,8686.38125,148.6111536679089
941,0.57490234375,0.02989637279134547,0.42509765625,0.029896372791345466,8696.29501953125,148.6270170817323
942,0.57255859375,0.03087559527236441,0.42744140625,0.03087559527236441,8706.35556640625,148.56955123841936
943,0.5765625,0.028165660712281812,0.4234375,0.028165660712281812,8716.37548828125,148.46595358345803
944,0.58076171875,0.02955307895478926,0.41923828125,0.02955307895478926,8726.46533203125,148.4455561587545
945,0.58173828125,0.027319499570136626,0.41826171875,0.027319499570136626,8736.6287109375,148.4544298096306
946,0.5783203125,0.030843919191215284,0.4216796875,0.030843919191215284,8746.8091796875,148.50835446589704
947,0.57978515625,0.030185260950299823,0.42021484375,0.030185260950299823,8756.92978515625,148.5444575210525
948,0.5814453125,0.03604613759675967,0.4185546875,0.03604613759675967,8767.0759765625,148.51080141106723
949,0.5837890625,0.039703721463445654,0.4162109375,0.03970372146344565,8777.25107421875,148.54535271007927
950,0.58505859375,0.045907682745734486,0.41494140625,0.045907682745734486,8787.46748046875,148.56495764102576
951,0.58076171875,0.048569726433300646,0.41923828125,0.04856972643330065,8797.70625,148.76904616085824
952,0.584375,0.04932597756748751,0.415625,0.04932597756748751,8807.86943359375,149.03558390792702
953,0.59033203125,0.04588441025679918,0.40966796875,0.04588441025679918,8818.09599609375,149.376233491186
954,0.58681640625,0.0427606154083701,0.41318359375,0.0427606154083701,8828.42646484375,149.76668312048395
955,0.5892578125,0.04356869869926868,0.4107421875,0.04356869869926868,8838.695703125,150.09611515225242
956,0.59287109375,0.04135474114135118,0.40712890625,0.04135474114135118,8849.00810546875,150.27314690767517
957,0.58955078125,0.046605773888972586,0.41044921875,0.046605773888972586,8859.3833984375,150.43082462374113
958,0.5859375,0.04731039653823955,0.4140625,0.04731039653823955,8869.700390625,150.64398320017824
959,0.58232421875,0.045112642662053185,0.41767578125,0.04511264266205319,8879.95419921875,150.78930520693677
960,0.5845703125,0.03802127924966821,0.4154296875,0.03802127924966821,8890.14501953125,150.8798929802193
961,0.58203125,0.038711804669903746,0.41796875,0.038711804669903746,8900.37490234375,151.03665931873067
962,0.57890625,0.03833751047567717,0.42109375,0.03833751047567716,8910.5603515625,151.15123703892374
963,0.569921875,0.040253332912280386,0.430078125,0.040253332912280386,8920.6912109375,151.2993752043708
964,0.5708984375,0.03711759777320085,0.4291015625,0.03711759777320085,8930.66484375,151.4489734831485
965,0.57373046875,0.038554435195793,0.42626953125,0.038554435195793,8940.6556640625,151.6566142656254
966,0.576171875,0.03479907537525467,0.423828125,0.03479907537525467,8950.69609375,151.88278292069205
967,0.58056640625,0.03352113905143535,0.41943359375,0.03352113905143535,8960.77861328125,152.08100098790322
968,0.576953125,0.0375,0.423046875,0.0375,8970.93857421875,152.18349953687508
969,0.57607421875,0.0307468341965535,0.42392578125,0.0307468341965535,8981.035546875,152.33199413789092
970,0.58037109375,0.03248314640571382,0.41962890625,0.03248314640571383,8991.1166015625,152.43103382255273
971,0.58232421875,0.03557168283552208,0.41767578125,0.03557168283552208,9001.27314453125,152.5968685871587
972,0.57685546875,0.03834559424208106,0.42314453125,0.03834559424208107,9011.463671875,152.77792429172004
973,0.5703125,0.036740041200867025,0.4296875,0.036740041200867025,9021.55869140625,152.92303536294182
974,0.56904296875,0.0366257809500384,0.43095703125,0.03662578095003839,9031.53935546875,153.09783727266336
975,0.568359375,0.03468103296978858,0.431640625,0.03468103296978858,9041.49755859375,153.27265043301094
976,0.567578125,0.03469697839954646,0.432421875,0.03469697839954646,9051.44365234375,153.439703554106
977,0.57314453125,0.03725160346964369,0.42685546875,0.03725160346964369,9061.37646484375,153.64297700259297
978,0.5744140625,0.03366747904889542,0.4255859375,0.03366747904889542,9071.40625,153.7788620594205
979,0.57392578125,0.03727105506985961,0.42607421875,0.037271055069859615,9081.45859375,153.94184073172968
980,0.573828125,0.033939445875384076,0.426171875,0.033939445875384076,9091.50224609375,154.15707955626516
981,0.574609375,0.03557744650346665,0.425390625,0.03557744650346665,9101.54453125,154.38604938528854
982,0.5712890625,0.03136879276714309,0.4287109375,0.03136879276714309,9111.6,154.59795130548
983,0.5673828125,0.025224819204629594,0.4326171875,0.025224819204629594,9121.59755859375,154.76330125150074
984,0.5693359375,0.02930663899793814,0.4306640625,0.02930663899793814,9131.52666015625,154.9192153581095
985,0.562890625,0.031971648054125626,0.437109375,0.031971648054125626,9141.4900390625,154.97452427347528
986,0.56513671875,0.03584144027438606,0.43486328125,0.03584144027438606,9151.3408203125,155.06565692952253
987,0.5748046875,0.03987963687161305,0.4251953125,0.03987963687161305,9161.23046875,155.17164957969118
988,0.5759765625,0.03797007617282737,0.4240234375,0.03797007617282737,9171.289453125,155.3582518681598
989,0.57705078125,0.03398507654627904,0.42294921875,0.03398507654627904,9181.36904296875,155.62316354821638
990,0.57626953125,0.03590364935132868,0.42373046875,0.03590364935132868,9191.467578125,155.88663290818226
991,0.5751953125,0.03442711780602157,0.4248046875,0.03442711780602157,9201.5521484375,156.10709492360482
992,0.57119140625,0.029502694992844643,0.42880859375,0.029502694992844643,9211.61806640625,156.32062729116285
993,0.56953125,0.03443764267353612,0.43046875,0.03443764267353613,9221.6140625,156.5333264815677
994,0.57138671875,0.030199159127964684,0.42861328125,0.030199159127964684,9231.58076171875,156.72025044084455
995,0.57060546875,0.03588133029712808,0.42939453125,0.03588133029712808,9241.5798828125,156.9245435171156
996,0.573828125,0.036201897637805194,0.426171875,0.036201897637805194,9251.565625,157.2135965543656
997,0.5796875,0.036398935524603174,0.4203125,0.036398935524603174,9261.6076171875,157.56602895692518
998,0.57744140625,0.031809715284016535,0.42255859375,0.031809715284016535,9271.751953125,157.9180998323306
999,0.5720703125,0.030837734698704055,0.4279296875,0.03083773469870406,9281.857421875,158.24331710468746
1000,0.57119140625,0.027866959990398045,0.42880859375,0.027866959990398045,9291.86845703125,158.5507226373823
1001,0.569140625,0.030013373890728903,0.430859375,0.030013373890728907,9301.86455078125,158.78548103438757
1002,0.56337890625,0.029242951676913882,0.43662109375,0.029242951676913882,9311.82412109375,159.0339120786808
1003,0.559765625,0.03190476168786369,0.440234375,0.03190476168786369,9321.6833984375,159.36414120219735
1004,0.55947265625,0.033002755945896606,0.44052734375,0.033002755945896606,9331.47939453125,159.80821776992192
1005,0.560546875,0.03381783908286239,0.439453125,0.03381783908286239,9341.27021484375,160.26381544054266
1006,0.55625,0.032632972415516714,0.44375,0.032632972415516714,9351.07958984375,160.70597653082163
1007,0.557421875,0.031019658900143472,0.442578125,0.031019658900143472,9360.81396484375,161.13843121137117
1008,0.56123046875,0.028834403163341755,0.43876953125,0.028834403163341748,9370.56875,161.51840752387187
1009,0.56064453125,0.035722570820701564,0.43935546875,0.035722570820701564,9380.39033203125,161.90743469267238
1010,0.560546875,0.034667281023108176,0.439453125,0.034667281023108176,9390.20166015625,162.3143497279385
1011,0.55712890625,0.029614972312717223,0.44287109375,0.029614972312717223,9400.0111328125,162.68529864668037
1012,0.55625,0.027239617565904237,0.44375,0.027239617565904237,9409.76103515625,162.92728969073696
1013,0.553515625,0.028651085574369493,0.446484375,0.028651085574369493,9419.49521484375,163.1063486522191
1014,0.5541015625,0.02455506159236192,0.4458984375,0.02455506159236192,9429.18173828125,163.28195938668816
1015,0.55703125,0.015577319829367511,0.44296875,0.015577319829367511,9438.8783203125,163.4326043686834
1016,0.55732421875,0.017610917762526646,0.44267578125,0.017610917762526646,9448.62646484375,163.51616652485157
1017,0.555078125,0.016012051811765293,0.444921875,0.016012051811765293,9458.3794921875,163.59324638410143
1018,0.5556640625,0.021444387502819795,0.4443359375,0.021444387502819795,9468.093359375,163.7083575512577
1019,0.55390625,0.027523821136980032,0.44609375,0.02752382113698003,9477.81796875,163.8327791781414
1020,0.55732421875,0.026812109884345084,0.44267578125,0.026812109884345084,9487.51103515625,164.07982213070318
1021,0.55234375,0.02463648680176607,0.44765625,0.02463648680176607,9497.26416015625,164.34186994235608
1022,0.546484375,0.02233832019907509,0.453515625,0.02233832019907509,9506.93017578125,164.56240885131143
1023,0.550390625,0.022440547810495988,0.449609375,0.022440547810495988,9516.49375,164.8353483470851
1024,0.54892578125,0.026617195812388635,0.45107421875,0.026617195812388635,9526.125390625,165.0262434706977
1025,0.54716796875,0.027112758985929516,0.45283203125,0.027112758985929516,9535.7314453125,165.26339507703452
1026,0.54560546875,0.03205461347823832,0.45439453125,0.03205461347823832,9545.30712890625,165.49296765051952
1027,0.54375,0.03529648679373726,0.45625,0.03529648679373726,9554.85537109375,165.75505294373312
1028,0.54052734375,0.0430513455099806,0.45947265625,0.0430513455099806,9564.37060546875,166.01670054123684
1029,0.53896484375,0.04325951426381045,0.46103515625,0.04325951426381045,9573.82998046875,166.27249249968062
1030,0.5388671875,0.03952074959356794,0.4611328125,0.03952074959356793,9583.26181640625,166.5448047354732
1031,0.53974609375,0.04626484812992854,0.46025390625,0.04626484812992854,9592.6919921875,166.78903849716332
1032,0.5361328125,0.049472313121836135,0.4638671875,0.049472313121836135,9602.13759765625,167.02347696598
1033,0.53603515625,0.05178443080269948,0.46396484375,0.05178443080269948,9611.51982421875,167.21476910424533
1034,0.534375,0.05069253067282817,0.465625,0.05069253067282817,9620.90078125,167.45932485496513
1035,0.53505859375,0.04934579105999735,0.46494140625,0.04934579105999735,9630.25224609375,167.60832133031926
1036,0.53525390625,0.04780859438832829,0.46474609375,0.04780859438832829,9639.615625,167.7964336538012
1037,0.5349609375,0.050543690128604636,0.4650390625,0.050543690128604636,9648.98232421875,167.8516820467354
1038,0.5380859375,0.05015958115398262,0.4619140625,0.05015958115398262,9658.34453125,167.97344383760012
1039,0.5419921875,0.05280124521810098,0.4580078125,0.05280124521810098,9667.7607421875,168.04467352949854
1040,0.542578125,0.04678988039859521,0.457421875,0.04678988039859521,9677.24580078125,168.0125336263501
1041,0.53984375,0.05064924248357675,0.46015625,0.05064924248357675,9686.74091796875,167.93320052988886
1042,0.54130859375,0.05309312649653209,0.45869140625,0.05309312649653209,9696.18798828125,167.76708708448703
1043,0.54384765625,0.05587687184998153,0.45615234375,0.05587687184998153,9705.6609375,167.64068672849606
1044,0.55,0.05234375,0.45,0.05234375,9715.17822265625,167.61521762704731
1045,0.55869140625,0.05019464752113026,0.44130859375,0.05019464752113026,9724.8033203125,167.58499702171582
1046,0.55791015625,0.05351713971966751,0.44208984375,0.05351713971966751,9734.58037109375,167.51978701709686
1047,0.556640625,0.051879279638037755,0.443359375,0.051879279638037755,9744.34384765625,167.39961061993526
1048,0.557421875,0.05648179508717416,0.442578125,0.05648179508717416,9754.0849609375,167.30907655960542
1049,0.55498046875,0.05117234091510223,0.44501953125,0.05117234091510223,9763.83984375,167.10530711397843
1050,0.55888671875,0.048066422122610135,0.44111328125,0.04806642212261014,9773.551953125,166.94197973172703
1051,0.5576171875,0.051116307496628155,0.4423828125,0.051116307496628155,9783.33232421875,166.9136283279582
1052,0.5517578125,0.051309972889011485,0.4482421875,0.051309972889011485,9793.09052734375,166.917974702281
1053,0.55439453125,0.04403863788296493,0.44560546875,0.04403863788296493,9802.7466796875,166.89556354434075
1054,0.56015625,0.05000190731225441,0.43984375,0.05000190731225441,9812.4484375,166.9245510063857
1055,0.5599609375,0.04836932891802892,0.4400390625,0.04836932891802892,9822.25126953125,166.88795923385996
1056,0.55927734375,0.050264137670575845,0.44072265625,0.050264137670575845,9832.05048828125,166.78917888161465
1057,0.56455078125,0.042660135504413055,0.43544921875,0.042660135504413055,9841.8380859375,166.73753409153332
1058,0.56142578125,0.03955367466268197,0.43857421875,0.03955367466268197,9851.71728515625,166.7017916137733
1059,0.5580078125,0.03742464760083754,0.4419921875,0.03742464760083754,9861.54228515625,166.71186516374834
1060,0.55537109375,0.037703533956093827,0.44462890625,0.037703533956093827,9871.30732421875,166.67991043110956
1061,0.5564453125,0.03550929503918217,0.4435546875,0.03550929503918217,9881.0263671875,166.75487391999738
1062,0.54990234375,0.031915670141959285,0.45009765625,0.031915670141959285,9890.7640625,166.89685957887113
1063,0.55478515625,0.030883007416615475,0.44521484375,0.030883007416615475,9900.3875,167.076598068305
1064,0.55322265625,0.03364892022269541,0.44677734375,0.03364892022269541,9910.09609375,167.2800487320253
1065,0.550390625,0.03723047674201205,0.449609375,0.03723047674201205,9919.7775390625,167.52670612932295
1066,0.5482421875,0.03720997876284331,0.4517578125,0.03720997876284331,9929.40947265625,167.83740565234191
1067,0.5466796875,0.03280959343525486,0.4533203125,0.03280959343525486,9939.0037109375,168.19982366348532
1068,0.54765625,0.03522887463996597,0.45234375,0.03522887463996597,9948.570703125,168.5723951526275
1069,0.544140625,0.03930782340029463,0.455859375,0.03930782340029463,9958.15458984375,168.97372878911924
1070,0.54462890625,0.03906018059520312,0.45537109375,0.03906018059520313,9967.67705078125,169.37226389799812
1071,0.54814453125,0.040850322588577195,0.45185546875,0.040850322588577195,9977.2080078125,169.7731336159339
1072,0.54453125,0.03502089830188674,0.45546875,0.03502089830188674,9986.8005859375,170.2042158223305
1073,0.55380859375,0.03647287714469362,0.44619140625,0.03647287714469362,9996.3298828125,170.58581879953596
1074,0.5529296875,0.0355710125809648,0.4470703125,0.0355710125809648,10006.02119140625,170.97493609739433
1075,0.55439453125,0.03614350031964869,0.44560546875,0.03614350031964869,10015.69775390625,171.3727629235221
1076,0.5521484375,0.03159357033517164,0.4478515625,0.03159357033517164,10025.3994140625,171.74531406578993
1077,0.5505859375,0.033434396760204155,0.4494140625,0.033434396760204155,10035.06240234375,172.06018856639633
1078,0.54580078125,0.04025155598730829,0.45419921875,0.04025155598730829,10044.6970703125,172.3549294369105
1079,0.54208984375,0.040386379468905664,0.45791015625,0.040386379468905664,10054.248828125,172.59421054174285
1080,0.5474609375,0.04385668145563206,0.4525390625,0.04385668145563206,10063.73525390625,172.77534666883565
1081,0.55341796875,0.04479868042909831,0.44658203125,0.04479868042909832,10073.316015625,173.08272680071937
1082,0.55634765625,0.04830787295037174,0.44365234375,0.04830787295037174,10083.00048828125,173.3900673897096
1083,0.55634765625,0.05020148688314242,0.44365234375,0.05020148688314242,10092.73681640625,173.7283606386301
1084,0.5564453125,0.04966048363894482,0.4435546875,0.04966048363894482,10102.47294921875,174.11859748283473
1085,0.566015625,0.051632735072381045,0.433984375,0.051632735072381045,10112.2107421875,174.5075902369091
1086,0.5669921875,0.047262396583958526,0.4330078125,0.047262396583958526,10122.1158203125,174.89121381906077
1087,0.56650390625,0.04394845908873728,0.43349609375,0.04394845908873728,10132.03837890625,175.27909156750312
1088,0.56484375,0.03860622189041999,0.43515625,0.03860622189041999,10141.9521484375,175.67499879799306
1089,0.55986328125,0.03319465080278666,0.44013671875,0.03319465080278666,10151.83671875,175.99606680582468
1090,0.56015625,0.03472005879761952,0.43984375,0.03472005879761952,10161.634375,176.21006820688214
1091,0.56162109375,0.030441350109822483,0.43837890625,0.030441350109822483,10171.43720703125,176.38614330225505
1092,0.5640625,0.03142407570923427,0.4359375,0.03142407570923427,10181.26552734375,176.43670542039098
1093,0.56884765625,0.030138465499443278,0.43115234375,0.030138465499443278,10191.1365234375,176.43588716283966
1094,0.568359375,0.02549931663644697,0.431640625,0.02549931663644697,10201.09140625,176.39346679820474
1095,0.567578125,0.025725703656329427,0.432421875,0.025725703656329427,10211.0376953125,176.36674285647422
1096,0.56357421875,0.030709591250144906,0.43642578125,0.030709591250144906,10220.97021484375,176.29031282407126
1097,0.56279296875,0.03279287568852191,0.43720703125,0.03279287568852191,10230.8328125,176.18772950730224
1098,0.5591796875,0.030434300436619308,0.4408203125,0.030434300436619308,10240.68154296875,176.12010469988127
1099,0.558203125,0.03011614885530685,0.441796875,0.03011614885530685,10250.46728515625,176.09601944809006
1100,0.56298828125,0.03604362408976675,0.43701171875,0.03604362408976675,10260.23603515625,176.01449315102295
1101,0.56376953125,0.036991099550065444,0.43623046875,0.03699109955006544,10270.0880859375,175.94969132340225
1102,0.562109375,0.03805136652133041,0.437890625,0.03805136652133041,10279.9541015625,175.9258837682164
1103,0.5626953125,0.0400790577681416,0.4373046875,0.0400790577681416,10289.79111328125,175.86359373597554
1104,0.55576171875,0.03769442700546737,0.44423828125,0.03769442700546737,10299.6380859375,175.84501811181593
1105,0.56318359375,0.03089720905625329,0.43681640625,0.03089720905625329,10309.36396484375,175.71842311537688
1106,0.562109375,0.02964699642413471,0.437890625,0.02964699642413471,10319.21953125,175.68424311552707
1107,0.56279296875,0.03487039274457821,0.43720703125,0.03487039274457821,10329.056640625,175.61010011723013
1108,0.5638671875,0.033804300212999905,0.4361328125,0.033804300212999905,10338.90517578125,175.64110620540484
1109,0.5640625,0.03143924630928823,0.4359375,0.03143924630928823,10348.7728515625,175.60735488773733
1110,0.56298828125,0.031204954106144774,0.43701171875,0.031204954106144774,10358.64404296875,175.53118661136037
1111,0.56083984375,0.029117451880759076,0.43916015625,0.029117451880759076,10368.49619140625,175.4673815165934
1112,0.5572265625,0.027845562774182486,0.4427734375,0.027845562774182486,10378.31123046875,175.44278168267866
1113,0.55771484375,0.0309200414853231,0.44228515625,0.0309200414853231,10388.0626953125,175.53681323905826
1114,0.5578125,0.02998476277270101,0.4421875,0.02998476277270101,10397.8224609375,175.73584451919277
1115,0.56201171875,0.03618885539782769,0.43798828125,0.03618885539782769,10407.583984375,175.88563339146245
1116,0.559765625,0.03610059797050632,0.440234375,0.03610059797050632,10417.41943359375,176.00097566694518
1117,0.5615234375,0.031707467012605545,0.4384765625,0.031707467012605545,10427.21533203125,176.0434166482325
1118,0.562890625,0.02819273527463458,0.437109375,0.02819273527463458,10437.04189453125,176.14722199689808
1119,0.55712890625,0.03340714547479946,0.44287109375,0.03340714547479946,10446.892578125,176.25099686036344
1120,0.5560546875,0.03312318041140382,0.4439453125,0.03312318041140382,10456.64228515625,176.2602239405948
1121,0.55673828125,0.03403274776641209,0.44326171875,0.03403274776641209,10466.37314453125,176.26097874662284
1122,0.55361328125,0.03700244153189475,0.44638671875,0.03700244153189475,10476.1162109375,176.3416172540147
1123,0.553125,0.03197463079005223,0.446875,0.03197463079005223,10485.80400390625,176.50715627564932
1124,0.5580078125,0.03374217755122567,0.4419921875,0.03374217755122567,10495.48388671875,176.63631362762285
1125,0.561328125,0.03328287756437,0.438671875,0.03328287756437,10505.24921875,176.70510749365243
1126,0.5640625,0.030612391776426707,0.4359375,0.030612391776426707,10515.07216796875,176.74557571617478
1127,0.56240234375,0.039197642204843716,0.43759765625,0.039197642204843716,10524.943359375,176.7716550049561
1128,0.5646484375,0.040702393977360606,0.4353515625,0.040702393977360606,10534.785546875,176.76188491089505
1129,0.5697265625,0.03991310217331718,0.4302734375,0.03991310217331718,10544.6666015625,176.6987513827825
1130,0.5728515625,0.04303794145050242,0.4271484375,0.04303794145050242,10554.6369140625,176.57233974392318
1131,0.57431640625,0.042885328288894894,0.42568359375,0.042885328288894894,10564.66162109375,176.40700700257892
1132,0.57890625,0.04215493534829285,0.42109375,0.04215493534829285,10574.71279296875,176.1162029489518
1133,0.585546875,0.040503687561192346,0.414453125,0.040503687561192346,10584.843359375,175.82462730048198
1134,0.577734375,0.040915987608662066,0.422265625,0.040915987608662066,10595.09033203125,175.50745206061038
1135,0.57392578125,0.03901865214809581,0.42607421875,0.03901865214809581,10605.20068359375,175.2038409024636
1136,0.57021484375,0.03935546875,0.42978515625,0.03935546875,10615.2443359375,174.9456049009193
1137,0.5732421875,0.03870441339448174,0.4267578125,0.03870441339448174,10625.22294921875,174.7158850828079
1138,0.572265625,0.04175989529417511,0.427734375,0.04175989529417511,10635.25458984375,174.36519838195446
1139,0.5625,0.038173477120492315,0.4375,0.038173477120492315,10645.26953125,174.00257679522062
1140,0.56591796875,0.03750114439171792,0.43408203125,0.03750114439171792,10655.11318359375,173.69179104597373
1141,0.56748046875,0.03679826932237534,0.43251953125,0.03679826932237534,10665.0166015625,173.3571286661496
1142,0.56884765625,0.03342712241305528,0.43115234375,0.03342712241305528,10674.9474609375,173.12598433000593
1143,0.56572265625,0.0336511874982733,0.43427734375,0.0336511874982733,10684.90224609375,172.9958473448334
1144,0.56484375,0.028838206443517013,0.43515625,0.028838206443517013,10694.80244140625,172.82129617336855
1145,0.5642578125,0.029697135566243486,0.4357421875,0.029697135566243486,10704.68720703125,172.6220882112464
1146,0.56630859375,0.02888199071770128,0.43369140625,0.02888199071770128,10714.5619140625,172.47772486854223
1147,0.56875,0.02699696389541447,0.43125,0.02699696389541447,10724.4720703125,172.42882637212992
1148,0.57060546875,0.031423620478076605,0.42939453125,0.031423620478076605,10734.42529296875,172.3893929308772
1149,0.57587890625,0.029472293838891748,0.42412109375,0.02947229383889175,10744.410546875,172.31197230643247
1150,0.5763671875,0.026625614356174956,0.4236328125,0.026625614356174956,10754.4888671875,172.20404097747934
1151,0.5724609375,0.02858109991691953,0.4275390625,0.02858109991691953,10764.575,172.0917539153773
1152,0.5724609375,0.03234707580274113,0.4275390625,0.03234707580274114,10774.5931640625,171.9702352453496
1153,0.56806640625,0.032644221814825174,0.43193359375,0.032644221814825174,10784.61123046875,171.79150225872112
1154,0.56806640625,0.032003995884318515,0.43193359375,0.032003995884318515,10794.55234375,171.649577410028
1155,0.57001953125,0.03396149665437145,0.42998046875,0.03396149665437145,10804.49345703125,171.52828363353805
1156,0.5689453125,0.03631762280990456,0.4310546875,0.03631762280990456,10814.46884765625,171.33176449046604
1157,0.5697265625,0.041974469372483586,0.4302734375,0.041974469372483586,10824.42529296875,171.15349145518618
1158,0.5693359375,0.04583814191158112,0.4306640625,0.04583814191158112,10834.39560546875,170.97132987693246
1159,0.56708984375,0.04954368266802106,0.43291015625,0.04954368266802106,10844.3587890625,170.74100098651522
1160,0.568359375,0.05432532134788327,0.431640625,0.05432532134788327,10854.2826171875,170.5005207480032
1161,0.56826171875,0.05549152605128982,0.43173828125,0.05549152605128982,10864.22919921875,170.22289331283568
1162,0.56376953125,0.052322337767142485,0.43623046875,0.05232233776714249,10874.17373046875,170.02018843571943
1163,0.566015625,0.05195128932377274,0.433984375,0.05195128932377274,10884.03974609375,169.75387911124238
1164,0.56572265625,0.0544901748340229,0.43427734375,0.0544901748340229,10893.9447265625,169.54972482522263
1165,0.56171875,0.04902849513253428,0.43828125,0.04902849513253428,10903.8451171875,169.28301214981568
1166,0.5669921875,0.050102890960673996,0.4330078125,0.050102890960673996,10913.675,169.12094141892553
1167,0.573828125,0.04984717856546647,0.426171875,0.04984717856546647,10923.59765625,168.91128099146056
1168,0.5765625,0.05271664921996151,0.4234375,0.05271664921996151,10933.6392578125,168.7076762229739
1169,0.57138671875,0.057536771875017906,0.42861328125,0.057536771875017906,10943.72919921875,168.46629480137045
1170,0.56796875,0.05783229179800309,0.43203125,0.05783229179800309,10953.72861328125,168.33817885308653
1171,0.5671875,0.053978029090656125,0.4328125,0.053978029090656125,10963.66806640625,168.1627464603123
1172,0.56904296875,0.05665922714465741,0.43095703125,0.05665922714465741,10973.59375,168.05126065499525
1173,0.56845703125,0.051199170469478264,0.43154296875,0.051199170469478264,10983.5517578125,167.94240201916125
1174,0.5708984375,0.04811431369787152,0.4291015625,0.04811431369787152,10993.50009765625,167.93422843744844
1175,0.573046875,0.04929425941456539,0.426953125,0.04929425941456539,11003.49072265625,167.94133926690878
1176,0.57119140625,0.04683317225599362,0.42880859375,0.04683317225599362,11013.51884765625,167.90238386967303
1177,0.5701171875,0.05108047359524815,0.4298828125,0.05108047359524815,11023.5146484375,167.9074234930508
1178,0.5712890625,0.04845364209354036,0.4287109375,0.04845364209354036,11033.49169921875,167.86589101547355
1179,0.5705078125,0.0500144937489218,0.4294921875,0.0500144937489218,11043.4892578125,167.67313057281223
1180,0.572265625,0.051538080154917364,0.427734375,0.051538080154917364,11053.4732421875,167.517377344955
1181,0.57578125,0.050268216754950204,0.42421875,0.050268216754950204,11063.48779296875,167.36289164695128
1182,0.57900390625,0.051896648256122724,0.42099609375,0.051896648256122724,11073.5638671875,167.23914758640652
1183,0.57763671875,0.054091778362799235,0.42236328125,0.054091778362799235,11083.696484375,167.15104884275874
1184,0.57724609375,0.05372416385445521,0.42275390625,0.05372416385445521,11093.80546875,166.9149098468237
1185,0.57568359375,0.045393352065508055,0.42431640625,0.045393352065508055,11103.90703125,166.62092671079515
1186,0.5787109375,0.046139245291342675,0.4212890625,0.046139245291342675,11113.98125,166.35425987189765
1187,0.57958984375,0.04419471330052748,0.42041015625,0.04419471330052748,11124.108984375,166.02350083064738
1188,0.581640625,0.04528176152984879,0.418359375,0.04528176152984879,11134.25146484375,165.64688027622418
1189,0.5814453125,0.039388774097480414,0.4185546875,0.039388774097480414,11144.4302734375,165.30719982986193
1190,0.5787109375,0.037832691696932645,0.4212890625,0.037832691696932645,11154.60556640625,165.08352926783107
1191,0.58154296875,0.038224033492688804,0.41845703125,0.038224033492688804,11164.7330078125,164.91985897663278
1192,0.57939453125,0.04396494787026765,0.42060546875,0.04396494787026765,11174.9099609375,164.75203308205553
1193,0.57744140625,0.04475608417771657,0.42255859375,0.04475608417771657,11185.04970703125,164.5929357137069
1194,0.57626953125,0.04368291889233252,0.42373046875,0.04368291889233252,11195.1544921875,164.41413917185525
1195,0.5724609375,0.03893974853685218,0.4275390625,0.03893974853685218,11205.2390625,164.2420716210148
1196,0.57138671875,0.033493246507997815,0.42861328125,0.033493246507997815,11215.257421875,164.06302167781178
1197,0.5697265625,0.029941476322895823,0.4302734375,0.029941476322895823,11225.256640625,163.87147334269338
1198,0.56552734375,0.025612946443404266,0.43447265625,0.025612946443404266,11235.2267578125,163.7362183549023
1199,0.562890625,0.02394948602495208,0.437109375,0.02394948602495208,11245.12353515625,163.63314018444362
1200,0.55380859375,0.026916478993929797,0.44619140625,0.026916478993929797,11254.973828125,163.54233213681772
1201,0.55146484375,0.02761117138547947,0.44853515625,0.02761117138547947,11264.665625,163.55885213221976
1202,0.5541015625,0.03294129299495828,0.4458984375,0.03294129299495828,11274.31611328125,163.6771175085276
1203,0.55400390625,0.031176824726460103,0.44599609375,0.0311768247264601,11284.012890625,163.89016860768896
1204,0.5556640625,0.029851520585223126,0.4443359375,0.029851520585223126,11293.7080078125,164.07686926645744
1205,0.55712890625,0.030459515076833057,0.44287109375,0.030459515076833057,11303.43212890625,164.20438548831282
1206,0.555859375,0.026907088174735087,0.444140625,0.026907088174735087,11313.18193359375,164.44434571469446
1207,0.5515625,0.03649209049173576,0.4484375,0.03649209049173576,11322.909375,164.7294437005334
1208,0.557421875,0.03526134465328588,0.442578125,0.03526134465328588,11332.56181640625,165.08934128044177
1209,0.5578125,0.041523547742092604,0.4421875,0.041523547742092604,11342.316796875,165.37090857048656
1210,0.55654296875,0.04274723173402988,0.44345703125,0.04274723173402988,11352.07822265625,165.67675779088535
1211,0.5587890625,0.04045562649179654,0.4412109375,0.04045562649179654,11361.81787109375,166.04490211300484
1212,0.56259765625,0.03871044970839239,0.43740234375,0.03871044970839239,11371.596875,166.41635661396043
1213,0.5630859375,0.04431958674269164,0.4369140625,0.04431958674269164,11381.4421875,166.8050081721308
1214,0.5634765625,0.04626886756198762,0.4365234375,0.04626886756198762,11391.29599609375,167.16608407669565
1215,0.56318359375,0.046227729177911056,0.43681640625,0.046227729177911056,11401.15693359375,167.53713408878963
1216,0.5626953125,0.044646745784879864,0.4373046875,0.04464674578487985,11411.0126953125,167.89287398417613
1217,0.56318359375,0.042212019964893904,0.43681640625,0.042212019964893904,11420.859765625,168.26970445175002
1218,0.56298828125,0.042527587015355486,0.43701171875,0.042527587015355486,11430.71552734375,168.63975007776662
1219,0.5712890625,0.04501942533203375,0.4287109375,0.04501942533203375,11440.56748046875,169.05747630749087
1220,0.5755859375,0.044056283498754824,0.4244140625,0.044056283498754824,11450.56494140625,169.42972109409902
1221,0.57900390625,0.043140304724510616,0.42099609375,0.043140304724510616,11460.6376953125,169.74207635681782
1222,0.57939453125,0.03714032940070893,0.42060546875,0.037140329400708924,11470.7705078125,170.04939651169062
1223,0.5794921875,0.03765075896816565,0.4205078125,0.03765075896816565,11480.91025390625,170.35605451824074
1224,0.57607421875,0.04192047382960542,0.42392578125,0.04192047382960542,11491.0513671875,170.58009178168993
1225,0.57265625,0.04690794740537211,0.42734375,0.04690794740537211,11501.13232421875,170.81544498189788
1226,0.56943359375,0.04703028072739787,0.43056640625,0.04703028072739787,11511.15380859375,171.10200860604712
1227,0.5626953125,0.04367058221476516,0.4373046875,0.043670582214765157,11521.1189453125,171.4412186905547
1228,0.56103515625,0.04187904907691809,0.43896484375,0.04187904907691809,11530.96591796875,171.80722301254391
1229,0.553125,0.04167577008300769,0.446875,0.04167577008300769,11540.78408203125,172.07734847424666
1230,0.5564453125,0.044830069232847214,0.4435546875,0.04483006923284722,11550.46337890625,172.41134772716683
1231,0.5615234375,0.04780769673074848,0.4384765625,0.04780769673074848,11560.2017578125,172.83865039343547
1232,0.55673828125,0.0526410669006478,0.44326171875,0.0526410669006478,11570.028125,173.2841360680734
1233,0.559375,0.05269059235716769,0.440625,0.0526905923571677,11579.7708984375,173.63098693983716
1234,0.558203125,0.04809647148022042,0.441796875,0.04809647148022042,11589.56005859375,173.93270936962526
1235,0.55732421875,0.04710848831177358,0.44267578125,0.047108488311773576,11599.3287109375,174.23396453094776
1236,0.5615234375,0.0459607290068363,0.4384765625,0.0459607290068363,11609.08193359375,174.5591108810308
1237,0.5595703125,0.04423084322817938,0.4404296875,0.04423084322817938,11618.90869140625,174.96783043534072
1238,0.55673828125,0.038339127365314266,0.44326171875,0.038339127365314266,11628.70078125,175.33985710069035
1239,0.55654296875,0.0421699770104226,0.44345703125,0.0421699770104226,11638.44384765625,175.6217078095161
1240,0.55947265625,0.0474300833672843,0.44052734375,0.0474300833672843,11648.18349609375,175.8364559151264
1241,0.560546875,0.04102259985337922,0.439453125,0.04102259985337922,11657.97431640625,176.03011277475977
1242,0.56455078125,0.040734363949521415,0.43544921875,0.040734363949521415,11667.78359375,176.13330947529045
1243,0.5634765625,0.040620774269406704,0.4365234375,0.040620774269406704,11677.66337890625,176.22679477873024
1244,0.56201171875,0.04525658676513158,0.43798828125,0.04525658676513158,11687.52412109375,176.2792111895049
1245,0.56142578125,0.046627050114372064,0.43857421875,0.046627050114372064,11697.3591796875,176.2811449460327
1246,0.562890625,0.043073381131615095,0.437109375,0.043073381131615095,11707.1841796875,176.29938969498372
1247,0.55693359375,0.035131963182209625,0.44306640625,0.035131963182209625,11717.03486328125,176.30012720369044
1248,0.56103515625,0.03332997940992194,0.43896484375,0.03332997940992194,11726.78125,176.3923452471347
1249,0.55498046875,0.039008874323684044,0.44501953125,0.03900887432368405,11736.59931640625,176.5671428244453
1250,0.55244140625,0.04405379405488116,0.44755859375,0.04405379405488116,11746.3115234375,176.73789362365457
1251,0.5458984375,0.047185252559269315,0.4541015625,0.047185252559269315,11755.97890625,176.93764070376585
1252,0.54501953125,0.04815443451644545,0.45498046875,0.04815443451644545,11765.5322265625,177.23948449497416
1253,0.54296875,0.05114055577829107,0.45703125,0.05114055577829107,11775.07021484375,177.51040505897
1254,0.53466796875,0.04673287780873475,0.46533203125,0.04673287780873475,11784.5720703125,177.81923473713496
1255,0.5369140625,0.04437463894549418,0.4630859375,0.04437463894549418,11793.9287109375,178.2303566642317
1256,0.53837890625,0.04577162084768699,0.46162109375,0.04577162084768699,11803.3248046875,178.6851155931952
1257,0.53486328125,0.04869718772084221,0.46513671875,0.04869718772084221,11812.746484375,179.2095842168819
1258,0.53388671875,0.047443352098320325,0.46611328125,0.047443352098320325,11822.106640625,179.72830599032423
1259,0.540625,0.04443348643530997,0.459375,0.04443348643530997,11831.4494140625,180.19566269766077
1260,0.54296875,0.04434927181089054,0.45703125,0.04434927181089054,11840.9103515625,180.65992249204965
1261,0.53984375,0.03917415682549251,0.46015625,0.03917415682549251,11850.4123046875,181.05966637634904
1262,0.5400390625,0.04174619079390096,0.4599609375,0.04174619079390096,11859.8595703125,181.35317171108787
1263,0.54521484375,0.04784568283392689,0.45478515625,0.04784568283392689,11869.31005859375,181.63604234508657
1264,0.5458984375,0.04851068689643615,0.4541015625,0.04851068689643615,11878.85166015625,181.99450287295883
1265,0.54755859375,0.050290693213084055,0.45244140625,0.050290693213084055,11888.4044921875,182.2628518845403
1266,0.54208984375,0.04691048868178904,0.45791015625,0.04691048868178904,11897.987109375,182.56994175815316
1267,0.5431640625,0.049061551418974905,0.4568359375,0.049061551418974905,11907.47353515625,182.89430046234654
1268,0.53779296875,0.04661804981946077,0.46220703125,0.04661804981946077,11916.9791015625,183.24269080642281
1269,0.53837890625,0.049426123311963416,0.46162109375,0.049426123311963416,11926.390234375,183.59535460683017
1270,0.54189453125,0.050705039718517586,0.45810546875,0.050705039718517586,11935.81220703125,183.9314755261277
1271,0.53818359375,0.05004051474400245,0.46181640625,0.05004051474400245,11945.2951171875,184.25246572192978
1272,0.53623046875,0.04604251406250846,0.46376953125,0.04604251406250846,11954.71318359375,184.55604480705003
1273,0.53798828125,0.03944260863090006,0.46201171875,0.03944260863090006,11964.09716796875,184.90537431892196
1274,0.53720703125,0.0420045630383181,0.46279296875,0.0420045630383181,11973.51201171875,185.25222122932792
1275,0.54052734375,0.043053560655107355,0.45947265625,0.043053560655107355,11982.9130859375,185.69898461848462
1276,0.53671875,0.04618882541019459,0.46328125,0.04618882541019459,11992.372265625,186.11453525891528
1277,0.53798828125,0.04158929635041751,0.46201171875,0.04158929635041751,12001.76484375,186.51817332016498
1278,0.54091796875,0.04947125287932574,0.45908203125,0.04947125287932574,12011.1796875,186.93382776212448
1279,0.540625,0.052783541894437846,0.459375,0.052783541894437846,12020.64580078125,187.29632298619953
1280,0.54716796875,0.04820510736528478,0.45283203125,0.04820510736528478,12030.10654296875,187.69837196227837
1281,0.55380859375,0.047492374008773854,0.44619140625,0.047492374008773854,12039.68232421875,188.0839174437872
1282,0.55615234375,0.04850528035472055,0.44384765625,0.04850528035472055,12049.373828125,188.49136747319645
1283,0.56044921875,0.047432094019670065,0.43955078125,0.047432094019670065,12059.10625,188.8759167757134
1284,0.558984375,0.04916718218689392,0.441015625,0.04916718218689392,12068.9142578125,189.2444302256058
1285,0.5515625,0.05195606194706134,0.4484375,0.05195606194706134,12078.6966796875,189.6095592255894
1286,0.54892578125,0.04774272140231864,0.45107421875,0.04774272140231864,12088.34873046875,189.9363872933314
1287,0.55126953125,0.05094297040338841,0.44873046875,0.05094297040338841,12097.9548828125,190.19827241794914
1288,0.5509765625,0.05188810251980187,0.4490234375,0.05188810251980187,12107.6021484375,190.40020730504202
1289,0.55166015625,0.05277857305808724,0.44833984375,0.05277857305808724,12117.24423828125,190.58179601809334
1290,0.55224609375,0.054259011218984764,0.44775390625,0.054259011218984764,12126.8984375,190.72773482291674
1291,0.5453125,0.05293148924516424,0.4546875,0.05293148924516424,12136.56259765625,190.88456417394303
1292,0.5375,0.0602360975758878,0.4625,0.0602360975758878,12146.10576171875,190.9660827270919
1293,0.53896484375,0.05958223817614694,0.46103515625,0.05958223817614694,12155.51171875,191.02090826635992
1294,0.54140625,0.06372427627074684,0.45859375,0.06372427627074684,12164.94365234375,191.04727027201366
1295,0.5390625,0.06584957389259202,0.4609375,0.06584957389259202,12174.4181640625,191.1629039164722
1296,0.5322265625,0.06092372640813368,0.4677734375,0.06092372640813368,12183.85166015625,191.31790476093855
1297,0.52939453125,0.058176328904039454,0.47060546875,0.058176328904039454,12193.16611328125,191.37395128150897
1298,0.52666015625,0.04944155685812963,0.47333984375,0.04944155685812963,12202.430078125,191.41972450140068
1299,0.52880859375,0.050068712703856176,0.47119140625,0.050068712703856176,12211.64697265625,191.39966652085263
1300,0.524609375,0.05012877094800762,0.475390625,0.05012877094800762,12220.90087890625,191.4887903753596
1301,0.51953125,0.048469385296650465,0.48046875,0.048469385296650465,12230.08154296875,191.60185238317555
1302,0.513671875,0.04589012557716835,0.486328125,0.04589012557716835,12239.17294921875,191.78595500267298
1303,0.51748046875,0.04273161214931965,0.48251953125,0.04273161214931965,12248.16259765625,191.92948820844694
1304,0.51884765625,0.04564434738677132,0.48115234375,0.04564434738677132,12257.218359375,191.9690066307522
1305,0.5169921875,0.0414324983135691,0.4830078125,0.0414324983135691,12266.29833984375,191.86587030031708
1306,0.516796875,0.04338136407518138,0.483203125,0.04338136407518138,12275.34541015625,191.80128523634156
1307,0.51572265625,0.041593882250271066,0.48427734375,0.041593882250271066,12284.38955078125,191.75140821168597
1308,0.51552734375,0.042976406455645176,0.48447265625,0.042976406455645176,12293.41474609375,191.71184641553862
1309,0.5103515625,0.035985234941418164,0.4896484375,0.035985234941418164,12302.43642578125,191.77245601301416
1310,0.51181640625,0.030957031250000003,0.48818359375,0.030957031250000003,12311.3677734375,191.8288816257416
1311,0.51474609375,0.02864992054766811,0.48525390625,0.02864992054766811,12320.32412109375,191.88625840968308
1312,0.51416015625,0.029563403512966973,0.48583984375,0.029563403512966973,12329.33232421875,191.84800807308022
1313,0.51318359375,0.02925860130153303,0.48681640625,0.02925860130153303,12338.33017578125,191.83828964177764
1314,0.52041015625,0.029593066553040684,0.47958984375,0.029593066553040684,12347.3111328125,191.79927494212347
1315,0.52138671875,0.027075448477879738,0.47861328125,0.027075448477879738,12356.41806640625,191.8947638772097
1316,0.526953125,0.02423056037635828,0.473046875,0.02423056037635828,12365.54228515625,192.0452264701759
1317,0.53115234375,0.030697166893670358,0.46884765625,0.030697166893670358,12374.7640625,192.16682668420637
1318,0.5296875,0.03199848266818922,0.4703125,0.03199848266818922,12384.05927734375,192.43064899052752
1319,0.52861328125,0.03681277957933148,0.47138671875,0.03681277957933148,12393.32861328125,192.7508996065523
1320,0.530859375,0.036114860405238224,0.469140625,0.036114860405238224,12402.57939453125,193.0882213378529
1321,0.53544921875,0.03656062716390631,0.46455078125,0.03656062716390631,12411.8693359375,193.40773811639377
1322,0.53466796875,0.03746552472076881,0.46533203125,0.03746552472076881,12421.23974609375,193.67749096211628
1323,0.5400390625,0.0333492876654505,0.4599609375,0.0333492876654505,12430.59638671875,193.96534593810958
1324,0.54306640625,0.03077473682876724,0.45693359375,0.03077473682876724,12440.047265625,194.2502388265116
1325,0.5400390625,0.02640694340805558,0.4599609375,0.02640694340805558,12449.55078125,194.47655589752253
1326,0.5412109375,0.02261664776989853,0.4587890625,0.022616647769898534,12459.0013671875,194.60285850965965
1327,0.5392578125,0.024938890155488076,0.4607421875,0.024938890155488076,12468.47265625,194.65344152330667
1328,0.53984375,0.028912847642338216,0.46015625,0.028912847642338212,12477.90947265625,194.6566585500597
1329,0.540625,0.02869897710060576,0.459375,0.02869897710060576,12487.356640625,194.56703079090005
1330,0.541796875,0.033422985313487856,0.458203125,0.033422985313487856,12496.81767578125,194.45629424320035
1331,0.54296875,0.03756910949545184,0.45703125,0.03756910949545184,12506.29892578125,194.32592193414757
1332,0.53857421875,0.03271484375,0.46142578125,0.03271484375,12515.80126953125,194.2794896703047
1333,0.53564453125,0.03505913779173976,0.46435546875,0.03505913779173976,12525.2259765625,194.3465104252294
1334,0.53125,0.03259729932586201,0.46875,0.03259729932586201,12534.60009765625,194.45144557756407
1335,0.53662109375,0.0336063804835347,0.46337890625,0.0336063804835347,12543.89677734375,194.5991311048269
1336,0.5361328125,0.04149184107721134,0.4638671875,0.04149184107721134,12553.2875,194.68166041411314
1337,0.53212890625,0.03960186708460744,0.46787109375,0.03960186708460744,12562.669921875,194.8067852358166
1338,0.53916015625,0.039813220725729584,0.46083984375,0.039813220725729584,12571.98212890625,194.91503618900103
1339,0.536328125,0.041978104469863955,0.463671875,0.04197810446986396,12581.417578125,194.99730850279383
1340,0.54189453125,0.038232016530817405,0.45810546875,0.038232016530817405,12590.803125,195.0338694513194
1341,0.5388671875,0.03682249307276396,0.4611328125,0.036822493072763966,12600.28623046875,195.01950142325077
1342,0.53583984375,0.04129612511290642,0.46416015625,0.041296125112906416,12609.71630859375,194.99680526622842
1343,0.535546875,0.03705073491859254,0.464453125,0.03705073491859254,12619.09365234375,194.92900674238513
1344,0.533203125,0.033673710253059895,0.466796875,0.033673710253059895,12628.4658203125,194.81660248711322
1345,0.5310546875,0.03443487328344443,0.4689453125,0.03443487328344443,12637.7966796875,194.74645787192276
1346,0.53232421875,0.034898824231473155,0.46767578125,0.034898824231473155,12647.08994140625,194.64073740296686
1347,0.538671875,0.03579657746902759,0.461328125,0.03579657746902759,12656.40576171875,194.5319500520052
1348,0.54111328125,0.0378711138956883,0.45888671875,0.0378711138956883,12665.8326171875,194.3858410350221
1349,0.54375,0.030407967216090646,0.45625,0.03040796721609065,12675.3021484375,194.17703577346947
1350,0.5408203125,0.03221709141129761,0.4591796875,0.03221709141129761,12684.81767578125,193.96463256077098
1351,0.5474609375,0.028368090086508292,0.4525390625,0.028368090086508292,12694.28193359375,193.68955645239777
1352,0.5509765625,0.03200027084235968,0.4490234375,0.03200027084235968,12703.86259765625,193.53163500306036
1353,0.55048828125,0.03900642948460799,0.44951171875,0.03900642948460799,12713.5046875,193.50398675365034
1354,0.5525390625,0.04428858980608571,0.4474609375,0.0442885898060857,12723.1384765625,193.57025005272595
1355,0.5498046875,0.04148034717381421,0.4501953125,0.04148034717381421,12732.807421875,193.63960784460278
1356,0.540234375,0.04073050078071293,0.459765625,0.04073050078071293,12742.42890625,193.75564191014104
1357,0.53818359375,0.03754993928175486,0.46181640625,0.03754993928175486,12751.8833984375,193.84338917749238
1358,0.5396484375,0.03370258532831718,0.4603515625,0.03370258532831718,12761.3015625,193.91564347342967
1359,0.5412109375,0.02868435206210271,0.4587890625,0.028684352062102715,12770.74560546875,194.07284680400187
1360,0.5375,0.028310882050555555,0.4625,0.028310882050555555,12780.2166015625,194.2927239783888
1361,0.54482421875,0.03124526941733603,0.45517578125,0.03124526941733603,12789.62265625,194.44563984091232
1362,0.54775390625,0.03204985287732235,0.45224609375,0.03204985287732235,12799.1572265625,194.5226734807154
1363,0.54970703125,0.03139447195387582,0.45029296875,0.03139447195387582,12808.74306640625,194.51302917912994
1364,0.54765625,0.029987943133840265,0.45234375,0.029987943133840265,12818.36259765625,194.45648159125741
1365,0.55,0.03070136067608863,0.45,0.03070136067608863,12827.94658203125,194.44969159675892
1366,0.5478515625,0.029446233858960003,0.4521484375,0.029446233858960003,12837.571484375,194.3946421171378
1367,0.5490234375,0.03138034340392784,0.4509765625,0.03138034340392784,12847.158984375,194.4497387551524
1368,0.549609375,0.028998480395261664,0.450390625,0.028998480395261664,12856.766796875,194.54493773998544
1369,0.55634765625,0.03345792057705948,0.44365234375,0.03345792057705948,12866.38505859375,194.7034122666907
1370,0.55048828125,0.035023212909510215,0.44951171875,0.03502321290951021,12876.1212890625,194.75435859288388
1371,0.55576171875,0.030353504251353153,0.44423828125,0.030353504251353153,12885.7544921875,194.8922655308952
1372,0.55546875,0.021805133963988848,0.44453125,0.021805133963988848,12895.48046875,195.0101053157761
1373,0.55556640625,0.01697337545225357,0.44443359375,0.01697337545225357,12905.2013671875,195.10522892473955
1374,0.5462890625,0.01825518975866863,0.4537109375,0.01825518975866863,12914.92353515625,195.2241085611255
1375,0.55029296875,0.0163832730659212,0.44970703125,0.0163832730659212,12924.4833984375,195.25865920154976
1376,0.54775390625,0.015468269109475826,0.45224609375,0.015468269109475826,12934.11337890625,195.2685333875159
1377,0.54736328125,0.01661448256443122,0.45263671875,0.01661448256443122,12943.69921875,195.34024193212986
1378,0.54736328125,0.02116799181697396,0.45263671875,0.02116799181697396,12953.27802734375,195.38504073202543
1379,0.5470703125,0.02222532674508479,0.4529296875,0.02222532674508479,12962.85693359375,195.34050966650074
1380,0.54892578125,0.02268254300024598,0.45107421875,0.02268254300024598,12972.4306640625,195.24482177578923
1381,0.5486328125,0.02954258938215037,0.4513671875,0.029542589382150368,12982.03701171875,195.14565640748538
1382,0.54755859375,0.03589727389470249,0.45244140625,0.03589727389470249,12991.637890625,195.04066741646096
1383,0.54697265625,0.03770454570371632,0.45302734375,0.03770454570371632,13001.22021484375,194.86782571886678
1384,0.54169921875,0.032635456382677785,0.45830078125,0.032635456382677785,13010.79228515625,194.6494124437475
1385,0.5447265625,0.0344874536672283,0.4552734375,0.0344874536672283,13020.2720703125,194.41581418034326
1386,0.5455078125,0.03603555322443942,0.4544921875,0.03603555322443942,13029.80458984375,194.11658975811693
1387,0.54423828125,0.040043945014803836,0.45576171875,0.04004394501480383,13039.35107421875,193.87684222747424
1388,0.54404296875,0.04207488677111036,0.45595703125,0.04207488677111036,13048.875390625,193.69609784443236
1389,0.5390625,0.037158171043432275,0.4609375,0.037158171043432275,13058.395703125,193.4873776209045
1390,0.54130859375,0.037332414638478154,0.45869140625,0.037332414638478154,13067.82958984375,193.2921300892648
1391,0.53837890625,0.040434994556572394,0.46162109375,0.040434994556572394,13077.30234375,193.10633742453976
1392,0.544140625,0.035482427841776486,0.455859375,0.035482427841776486,13086.72392578125,192.82082114791257
1393,0.54501953125,0.03411391551211006,0.45498046875,0.03411391551211006,13096.24638671875,192.5471183945822
1394,0.54111328125,0.033077802322248176,0.45888671875,0.033077802322248176,13105.78427734375,192.25877261315065
1395,0.542578125,0.03224490481795147,0.457421875,0.03224490481795147,13115.25380859375,191.9845424789899
1396,0.54326171875,0.041887701584920875,0.45673828125,0.041887701584920875,13124.74892578125,191.8443890627967
1397,0.5419921875,0.041448147287595605,0.4580078125,0.041448147287595605,13134.255859375,191.7876223269569
1398,0.54267578125,0.03982902703623729,0.45732421875,0.03982902703623728,13143.7408203125,191.7413194828664
1399,0.5451171875,0.042468231894144635,0.4548828125,0.042468231894144635,13153.2376953125,191.71908068898725
1400,0.54990234375,0.04928777789106014,0.45009765625,0.04928777789106014,13162.77734375,191.71051238054952
1401,0.55185546875,0.04361081462740429,0.44814453125,0.04361081462740429,13172.400390625,191.61172662887867
1402,0.5552734375,0.04772224234621401,0.4447265625,0.04772224234621401,13182.058203125,191.50134900128387
1403,0.55078125,0.045915056831584734,0.44921875,0.045915056831584734,13191.7751953125,191.40637314090426
1404,0.55087890625,0.046841316836876985,0.44912109375,0.046841316836876985,13201.4138671875,191.37184529450738
1405,0.54794921875,0.04854890870302733,0.45205078125,0.04854890870302733,13211.054296875,191.43659841526306
1406,0.55185546875,0.04966557240827495,0.44814453125,0.04966557240827495,13220.64306640625,191.47647602188763
1407,0.5525390625,0.04831724929660052,0.4474609375,0.04831724929660052,13230.30087890625,191.58118255788773
1408,0.5482421875,0.04501984900240358,0.4517578125,0.04501984900240358,13239.97021484375,191.6095878082888
1409,0.5462890625,0.04607512534212977,0.4537109375,0.04607512534212977,13249.56455078125,191.68266918733283
1410,0.5486328125,0.046045310220061704,0.4513671875,0.046045310220061704,13259.124609375,191.70543918066917
1411,0.5544921875,0.04584188670484839,0.4455078125,0.04584188670484839,13268.7255859375,191.68229696490445
1412,0.5587890625,0.04759337232593913,0.4412109375,0.04759337232593913,13278.42890625,191.74720316382766
1413,0.56162109375,0.05289048435750318,0.43837890625,0.05289048435750318,13288.20771484375,191.84531741650133
1414,0.5607421875,0.050202911632949945,0.4392578125,0.05020291163294995,13298.0361328125,191.96799585218182
1415,0.55751953125,0.05466909916435776,0.44248046875,0.05466909916435776,13307.84912109375,192.0676095141978
1416,0.55849609375,0.05503941250886758,0.44150390625,0.05503941250886758,13317.60556640625,192.19083116299842
1417,0.55654296875,0.053546356510338095,0.44345703125,0.053546356510338095,13327.37958984375,192.1609743176456
1418,0.55205078125,0.05154557383763398,0.44794921875,0.05154557383763398,13337.11884765625,192.15505078350824
1419,0.55068359375,0.04778465108199829,0.44931640625,0.04778465108199829,13346.77978515625,192.09428950218944
1420,0.5525390625,0.042555720883129367,0.4474609375,0.04255572088312936,13356.4166015625,192.04343550143554
1421,0.5515625,0.04653768607898267,0.4484375,0.04653768607898267,13366.0859375,192.01714433976449
1422,0.5505859375,0.044135439407790536,0.4494140625,0.044135439407790536,13375.7384765625,191.9736758876342
1423,0.555859375,0.047543251022342144,0.444140625,0.047543251022342144,13385.373828125,191.9109584227886
1424,0.55546875,0.045016883226081134,0.44453125,0.045016883226081134,13395.1013671875,191.85687352389925
1425,0.5642578125,0.041440783800644004,0.4357421875,0.041440783800644004,13404.82197265625,191.84855653094522
1426,0.566796875,0.04237246057333775,0.433203125,0.04237246057333775,13414.69638671875,191.84555982773446
1427,0.57041015625,0.03788873726773121,0.42958984375,0.03788873726773121,13424.615234375,191.7306476351642
1428,0.5736328125,0.040785253335592235,0.4263671875,0.040785253335592235,13434.59755859375,191.71207564394592
1429,0.57626953125,0.038291836267427104,0.42373046875,0.038291836267427104,13444.6361328125,191.81703592604558
1430,0.5779296875,0.04766545441337566,0.4220703125,0.04766545441337567,13454.720703125,191.8421981487775
1431,0.5771484375,0.04892178517238639,0.4228515625,0.04892178517238639,13464.83447265625,191.94751568893466
1432,0.57685546875,0.049682083314468814,0.42314453125,0.049682083314468814,13474.93466796875,192.10869353640683
1433,0.57958984375,0.05221505357134097,0.42041015625,0.05221505357134097,13485.02978515625,192.2454315204525
1434,0.5775390625,0.06103351560294941,0.4224609375,0.06103351560294941,13495.172265625,192.38550945880863
1435,0.5794921875,0.061357663567136976,0.4205078125,0.061357663567136976,13505.279296875,192.56200050554182
1436,0.57353515625,0.056014266376698416,0.42646484375,0.056014266376698416,13515.42041015625,192.77268115741495
1437,0.5669921875,0.0551653232622179,0.4330078125,0.0551653232622179,13525.45732421875,192.98113793573305
1438,0.5724609375,0.05524755080650352,0.4275390625,0.05524755080650352,13535.37978515625,193.19323456197415
1439,0.57451171875,0.054068500869312835,0.42548828125,0.054068500869312835,13545.3978515625,193.32655664969366
1440,0.5712890625,0.05177255096758712,0.4287109375,0.05177255096758712,13555.45146484375,193.46907558105067
1441,0.5720703125,0.04486196752674913,0.4279296875,0.04486196752674913,13565.44912109375,193.60836267204962
1442,0.576171875,0.04398218938841537,0.423828125,0.04398218938841537,13575.46025390625,193.76991845602916
1443,0.5771484375,0.04264124120684289,0.4228515625,0.04264124120684289,13585.5431640625,193.85200208240593
1444,0.5728515625,0.039519301708399804,0.4271484375,0.039519301708399804,13595.643359375,193.9758865756052
1445,0.57568359375,0.040785370249534346,0.42431640625,0.040785370249534346,13605.66826171875,194.05313365406784
1446,0.57373046875,0.0429959297915244,0.42626953125,0.0429959297915244,13615.74267578125,194.14611556605084
1447,0.5642578125,0.04243678159484889,0.4357421875,0.0424367815948489,13625.783203125,194.2670907395359
1448,0.56357421875,0.038759690580441965,0.43642578125,0.038759690580441965,13635.65751953125,194.5324289961419
1449,0.56513671875,0.03784491544609487,0.43486328125,0.03784491544609487,13645.519921875,194.78217436521095
1450,0.56689453125,0.040981314704475094,0.43310546875,0.040981314704475094,13655.41005859375,194.8977121295444
1451,0.569921875,0.04046364063426457,0.430078125,0.04046364063426457,13665.33046875,194.88911777529776
1452,0.571484375,0.041690870248885126,0.428515625,0.041690870248885126,13675.3041015625,194.83160950022378
1453,0.57890625,0.042961647140211,0.42109375,0.042961647140211,13685.3052734375,194.7490964685912
1454,0.57578125,0.04839298294525606,0.42421875,0.04839298294525606,13695.43583984375,194.5741797015384
1455,0.5755859375,0.047266432069555844,0.4244140625,0.047266432069555844,13705.51220703125,194.33279190207523
1456,0.576953125,0.04534195567392233,0.423046875,0.04534195567392233,13715.58486328125,194.16482757499898
1457,0.5791015625,0.04828407847196339,0.4208984375,0.04828407847196339,13725.68134765625,194.13758703915994
1458,0.571875,0.04783402101950589,0.428125,0.04783402101950589,13735.81591796875,194.06245808636248
1459,0.57314453125,0.04284082965093771,0.42685546875,0.04284082965093771,13745.8234375,193.9355433844738
1460,0.57314453125,0.040633567493526535,0.42685546875,0.040633567493526535,13755.8537109375,193.8068908493822
1461,0.5716796875,0.0415910161221184,0.4283203125,0.0415910161221184,13765.8833984375,193.80405213457044
1462,0.57861328125,0.038018896323553805,0.42138671875,0.038018896323553805,13775.8876953125,193.87641666566213
1463,0.57578125,0.037150984074123546,0.42421875,0.037150984074123546,13786.013671875,193.93908987029806
1464,0.58271484375,0.036581489000919766,0.41728515625,0.036581489000919766,13796.0900390625,193.9759276850568
1465,0.582421875,0.03192388637813972,0.417578125,0.03192388637813972,13806.28740234375,194.01159833326577
1466,0.58369140625,0.027583525996001133,0.41630859375,0.02758352599600113,13816.4796875,194.0796341908491
1467,0.579296875,0.02906089860339351,0.420703125,0.02906089860339351,13826.69443359375,194.1265479446516
1468,0.57783203125,0.030708349040703315,0.42216796875,0.030708349040703315,13836.83193359375,194.16692035626005
1469,0.57177734375,0.03005290770212658,0.42822265625,0.03005290770212658,13846.94384765625,194.24114169600378
1470,0.5673828125,0.03295518641311922,0.4326171875,0.03295518641311922,13856.9498046875,194.35238096419144
1471,0.56552734375,0.036052089940625,0.43447265625,0.036052089940625,13866.879296875,194.60801365015791
1472,0.56259765625,0.032466701174906326,0.43740234375,0.032466701174906326,13876.7759765625,194.88958481742796
1473,0.56337890625,0.03720805649834171,0.43662109375,0.03720805649834171,13886.62138671875,195.14645240986314
1474,0.5615234375,0.04251805539038312,0.4384765625,0.04251805539038312,13896.48076171875,195.50682976788184
1475,0.56240234375,0.04166032107034907,0.43759765625,0.04166032107034907,13906.30712890625,195.98959509773906
1476,0.55576171875,0.04017329347851795,0.44423828125,0.04017329347851795,13916.14931640625,196.47496605149703
1477,0.55673828125,0.03696634132877301,0.44326171875,0.03696634132877301,13925.875,196.90892472768476
1478,0.5578125,0.04184157218707176,0.4421875,0.04184157218707176,13935.6181640625,197.34356575637878
1479,0.55087890625,0.04096548739899129,0.44912109375,0.04096548739899129,13945.37958984375,197.79541593377965
1480,0.55009765625,0.03917719976679526,0.44990234375,0.03917719976679527,13955.0201171875,198.2076379921006
1481,0.5486328125,0.037619337295787376,0.4513671875,0.03761933729578737,13964.64677734375,198.64511897979406
1482,0.55009765625,0.039269592643317176,0.44990234375,0.039269592643317176,13974.2478515625,198.89786795254523
1483,0.54833984375,0.03784037925772103,0.45166015625,0.03784037925772103,13983.87451171875,199.0981494754579
1484,0.54541015625,0.042137851463986346,0.45458984375,0.042137851463986346,13993.47041015625,199.3220074677901
1485,0.54677734375,0.04317345150289529,0.45322265625,0.04317345150289529,14003.01513671875,199.65978967153347
1486,0.54716796875,0.048845797583091224,0.45283203125,0.048845797583091224,14012.5837890625,199.9411373096389
1487,0.54794921875,0.052872450169615524,0.45205078125,0.052872450169615524,14022.1591796875,200.33145613936
1488,0.54599609375,0.0503786057916333,0.45400390625,0.0503786057916333,14031.74833984375,200.72848236043623
1489,0.5490234375,0.048616337570909156,0.4509765625,0.048616337570909156,14041.3029296875,201.08760277034153
1490,0.556640625,0.04298872050122021,0.443359375,0.04298872050122021,14050.91083984375,201.36867695597547
1491,0.550390625,0.05018277141484914,0.449609375,0.05018277141484914,14060.65224609375,201.64529556721632
1492,0.54931640625,0.050685851647683466,0.45068359375,0.050685851647683466,14070.283984375,201.9552171670295
1493,0.5525390625,0.04065785180117043,0.4474609375,0.04065785180117043,14079.896875,202.3291860521896
1494,0.55546875,0.04011711142884706,0.44453125,0.04011711142884706,14089.56640625,202.6477860155446
1495,0.5607421875,0.03968690406171671,0.4392578125,0.03968690406171671,14099.28701171875,203.0828278282891
1496,0.56669921875,0.03691367497316427,0.43330078125,0.036913674973164265,14109.10029296875,203.54627404765318
1497,0.5662109375,0.03751271350244349,0.4337890625,0.03751271350244349,14119.01728515625,203.9274147474595
1498,0.56103515625,0.03991322164196747,0.43896484375,0.03991322164196747,14128.9259765625,204.3261913585481
1499,0.5654296875,0.03917707805368107,0.4345703125,0.03917707805368107,14138.74404296875,204.8244208842066
1500,0.56640625,0.038623016010180464,0.43359375,0.038623016010180464,14148.63896484375,205.27167944026775
1501,0.572265625,0.03659699728066413,0.427734375,0.03659699728066413,14158.5513671875,205.70647475883126
1502,0.57265625,0.04159789449792088,0.42734375,0.04159789449792088,14168.56591796875,206.05094361150498
1503,0.567578125,0.04666252299486274,0.432421875,0.04666252299486274,14178.58740234375,206.4418363846207
1504,0.57412109375,0.046434391621078944,0.42587890625,0.046434391621078944,14188.51982421875,206.8656233307926
1505,0.5748046875,0.049002034047785324,0.4251953125,0.049002034047785324,14198.56708984375,207.26496111084592
1506,0.57412109375,0.048417117844983704,0.42587890625,0.048417117844983704,14208.626171875,207.61733792952276
1507,0.5728515625,0.05215465494303038,0.4271484375,0.05215465494303038,14218.67333984375,208.01141680014848
1508,0.57294921875,0.05405968101957758,0.42705078125,0.05405968101957758,14228.69833984375,208.3616786812902
1509,0.5767578125,0.053433587895907644,0.4232421875,0.053433587895907644,14238.72470703125,208.77212041297156
1510,0.58447265625,0.05477505895140491,0.41552734375,0.05477505895140491,14248.8181640625,209.25135904406312
1511,0.5900390625,0.05088218634460425,0.4099609375,0.05088218634460425,14259.04619140625,209.78284803534495
1512,0.586328125,0.04772623894963172,0.413671875,0.04772623894963172,14269.371875,210.24769307244165
1513,0.58037109375,0.04381501952149451,0.41962890625,0.04381501952149452,14279.63271484375,210.60519273232578
1514,0.57666015625,0.04760829826917692,0.42333984375,0.04760829826917692,14289.78896484375,210.86893460130466
1515,0.571484375,0.048042111044309346,0.428515625,0.048042111044309346,14299.88037109375,211.29588913538396
1516,0.5703125,0.051175974907321925,0.4296875,0.051175974907321925,14309.8814453125,211.67430152719257
1517,0.57314453125,0.050883404611603615,0.42685546875,0.050883404611603615,14319.8619140625,212.10148541893918
1518,0.578125,0.04812977160293597,0.421875,0.04812977160293597,14329.891796875,212.5764937219917
1519,0.57509765625,0.048130663253681205,0.42490234375,0.048130663253681205,14340.0091796875,212.95860541189785
1520,0.5765625,0.05055010494896685,0.4234375,0.05055010494896685,14350.07314453125,213.35586721232465
1521,0.5755859375,0.046141312193282595,0.4244140625,0.046141312193282595,14360.16298828125,213.79655829428123
1522,0.57392578125,0.04486249897282711,0.42607421875,0.04486249897282712,14370.2359375,214.17407823544383
1523,0.57275390625,0.03678997517747967,0.42724609375,0.03678997517747967,14380.27978515625,214.5548768914751
1524,0.5701171875,0.038170479085712465,0.4298828125,0.038170479085712465,14390.3029296875,214.85485071899018
1525,0.567578125,0.039436200732609325,0.432421875,0.039436200732609325,14400.27978515625,215.09569264556785
1526,0.5671875,0.041438482442633415,0.4328125,0.04143848244263341,14410.2125,215.34591741746308
1527,0.56884765625,0.04323481633905793,0.43115234375,0.04323481633905793,14420.13828125,215.3920949593999
1528,0.57236328125,0.041139716486419876,0.42763671875,0.041139716486419876,14430.09267578125,215.49906394093603
1529,0.57177734375,0.044291712007592084,0.42822265625,0.044291712007592084,14440.1091796875,215.60123269307292
1530,0.5728515625,0.047094618983563624,0.4271484375,0.047094618983563624,14450.115234375,215.6312951059682
1531,0.56669921875,0.05037027583913306,0.43330078125,0.05037027583913306,14460.14033203125,215.55865065186205
1532,0.56826171875,0.0456890377928719,0.43173828125,0.0456890377928719,14470.057421875,215.45322487728862
1533,0.56640625,0.05091066741979432,0.43359375,0.05091066741979432,14480.00205078125,215.34854024301993
1534,0.56240234375,0.0518984858650328,0.43759765625,0.0518984858650328,14489.9142578125,215.25689088014872
1535,0.5572265625,0.04947848135490316,0.4427734375,0.04947848135490316,14499.7564453125,215.14405885516933
1536,0.5505859375,0.045449097046732195,0.4494140625,0.045449097046732195,14509.5078125,214.99964850596595
1537,0.5529296875,0.049414062499999994,0.4470703125,0.049414062499999994,14519.14287109375,214.8813302080421
1538,0.55078125,0.048242582867813084,0.44921875,0.048242582867813084,14528.819140625,214.71788630851887
1539,0.553125,0.050009535833842794,0.446875,0.050009535833842794,14538.45771484375,214.54082538172585
1540,0.5521484375,0.05083605816318091,0.4478515625,0.05083605816318091,14548.1375,214.36317709205747
1541,0.5509765625,0.049201308293509514,0.4490234375,0.049201308293509514,14557.80009765625,214.1072531539472
1542,0.55439453125,0.05467537881853399,0.44560546875,0.054675378818533994,14567.44208984375,213.81697666509646
1543,0.5587890625,0.05563801473886385,0.4412109375,0.05563801473886385,14577.14384765625,213.45482861529783
1544,0.5546875,0.05353843035979505,0.4453125,0.05353843035979505,14586.92294921875,212.9964796551968
1545,0.5556640625,0.05147142169181421,0.4443359375,0.05147142169181421,14596.62998046875,212.48805919239047
1546,0.55615234375,0.0490099154969339,0.44384765625,0.0490099154969339,14606.3541015625,212.02860094576522
1547,0.55849609375,0.041582416552348275,0.44150390625,0.041582416552348275,14616.08662109375,211.52606589760327
1548,0.5626953125,0.033428691523782195,0.4373046875,0.033428691523782195,14625.8603515625,211.08512155197312
1549,0.5666015625,0.03569412752465164,0.4333984375,0.035694127524651634,14635.7076171875,210.73977044878902
1550,0.57255859375,0.031026575571977532,0.42744140625,0.031026575571977532,14645.62265625,210.34000576052648
1551,0.5732421875,0.02645745543778138,0.4267578125,0.02645745543778138,14655.64267578125,210.1021945473128
1552,0.57041015625,0.02197786396619566,0.42958984375,0.02197786396619566,14665.67431640625,209.88973561926792
1553,0.571875,0.025537436138564303,0.428125,0.025537436138564303,14675.6564453125,209.74749199696603
1554,0.5716796875,0.030011467331450468,0.4283203125,0.030011467331450468,14685.66435546875,209.68458985450542
1555,0.57138671875,0.028180047312386124,0.42861328125,0.028180047312386124,14695.66875,209.7079903390516
1556,0.57197265625,0.02229494540146043,0.42802734375,0.02229494540146043,14705.66826171875,209.81883622036736
1557,0.56708984375,0.02366446904827814,0.43291015625,0.02366446904827814,14715.67744140625,209.92173324485907
1558,0.5625,0.02492818053068279,0.4375,0.02492818053068279,14725.60146484375,210.12363519784728
1559,0.56005859375,0.024068848404129695,0.43994140625,0.024068848404129695,14735.4451171875,210.42382168471087
1560,0.55341796875,0.02624410653940724,0.44658203125,0.02624410653940724,14745.24619140625,210.72045249039624
1561,0.55576171875,0.026256458759454104,0.44423828125,0.026256458759454104,14754.9310546875,210.91902777922866
1562,0.5501953125,0.027862681861718624,0.4498046875,0.027862681861718624,14764.6568359375,211.03784744079545
1563,0.55341796875,0.023805100620492188,0.44658203125,0.023805100620492195,14774.2853515625,211.1873199316715
1564,0.555078125,0.022063397699955602,0.444921875,0.022063397699955602,14783.9701171875,211.29746607169642
1565,0.5568359375,0.025288255171311738,0.4431640625,0.02528825517131174,14793.6837890625,211.45259486789388
1566,0.5525390625,0.03168881361305792,0.4474609375,0.03168881361305792,14803.42861328125,211.61859495220997
1567,0.55322265625,0.029614972312717223,0.44677734375,0.029614972312717223,14813.0978515625,211.9286210665511
1568,0.550390625,0.03128416101589988,0.449609375,0.03128416101589988,14822.77939453125,212.23562866391123
1569,0.55537109375,0.03478550717467569,0.44462890625,0.03478550717467569,14832.41103515625,212.53971597853104
1570,0.55322265625,0.037506230154669494,0.44677734375,0.037506230154669494,14842.1302734375,212.87676326906237
1571,0.5521484375,0.039092273809309575,0.4478515625,0.039092273809309575,14851.81171875,213.19055080632
1572,0.55439453125,0.037950605915846494,0.44560546875,0.037950605915846494,14861.47431640625,213.52052219621172
1573,0.5578125,0.037560985566392556,0.4421875,0.037560985566392556,14871.176171875,213.78283868015077
1574,0.5533203125,0.040670516118530585,0.4466796875,0.040670516118530585,14880.93779296875,214.09800407251262
1575,0.553125,0.044937157726443376,0.446875,0.044937157726443376,14890.62099609375,214.40893814607963
1576,0.55078125,0.04554174901472618,0.44921875,0.04554174901472618,14900.30029296875,214.82651656656634
1577,0.5560546875,0.048859755380075136,0.4439453125,0.048859755380075136,14909.9390625,215.2216128560111
1578,0.55927734375,0.04760589440658558,0.44072265625,0.04760589440658559,14919.67021484375,215.682268683819
1579,0.5560546875,0.04904094246735005,0.4439453125,0.04904094246735005,14929.45751953125,216.13075544692822
1580,0.55615234375,0.04882861327880862,0.44384765625,0.04882861327880862,14939.18837890625,216.50029278462284
1581,0.55146484375,0.050551708526867335,0.44853515625,0.05055170852686733,14948.92099609375,216.87012100380022
1582,0.55263671875,0.048148492801008726,0.44736328125,0.048148492801008726,14958.57158203125,217.2335529633906
1583,0.54794921875,0.05395620491611874,0.45205078125,0.05395620491611874,14968.2427734375,217.48728474037895
1584,0.54814453125,0.051971202946140715,0.45185546875,0.051971202946140715,14977.83173828125,217.75754626500247
1585,0.55302734375,0.05042893483777017,0.44697265625,0.05042893483777017,14987.42421875,218.06303217037097
1586,0.5548828125,0.04737445502861022,0.4451171875,0.04737445502861023,14997.10234375,218.50469335050266
1587,0.55595703125,0.050347550782048736,0.44404296875,0.050347550782048736,15006.812890625,219.04458699350687
1588,0.55849609375,0.052811087865967256,0.44150390625,0.052811087865967256,15016.54169921875,219.6352626172482
1589,0.560546875,0.04710433806509525,0.439453125,0.04710433806509525,15026.31552734375,220.34447040516378
1590,0.55810546875,0.050552085831921986,0.44189453125,0.050552085831921986,15036.12509765625,221.03743086327714
1591,0.5572265625,0.05121732833406764,0.4427734375,0.05121732833406764,15045.8921875,221.7350665680581
1592,0.55751953125,0.04451336417812185,0.44248046875,0.04451336417812185,15055.64345703125,222.49395117197005
1593,0.551953125,0.04649873399549276,0.448046875,0.04649873399549276,15065.39990234375,223.19046077137108
1594,0.5515625,0.0457856826459054,0.4484375,0.04578568264590539,15075.0591796875,223.9231162820459
1595,0.553515625,0.03949902574327585,0.446484375,0.03949902574327586,15084.71142578125,224.6499720721564
1596,0.54990234375,0.04088392639683804,0.45009765625,0.04088392639683804,15094.3978515625,225.2609237952749
1597,0.55048828125,0.037009141978243974,0.44951171875,0.037009141978243974,15104.02138671875,225.8792140132511
1598,0.5501953125,0.03831611135864961,0.4498046875,0.03831611135864961,15113.655078125,226.38775031553175
1599,0.54931640625,0.04051793000607927,0.45068359375,0.04051793000607927,15123.28330078125,226.82040168301896
1600,0.5443359375,0.037133010565167116,0.4556640625,0.037133010565167116,15132.8962890625,227.21937791700068
1601,0.546875,0.040653629485348924,0.453125,0.040653629485348924,15142.422265625,227.5743029045987
1602,0.5435546875,0.031873061177248,0.4564453125,0.031873061177248,15151.9923828125,227.9476392234222
1603,0.54326171875,0.031060368240246716,0.45673828125,0.031060368240246713,15161.504296875,228.25954276050888
1604,0.54326171875,0.028110924483506102,0.45673828125,0.0281109244835061,15171.01171875,228.5020360037917
1605,0.547265625,0.03244833728074763,0.452734375,0.03244833728074763,15180.51875,228.7186162166358
1606,0.54599609375,0.03397665703489091,0.45400390625,0.03397665703489091,15190.09560546875,228.83181077668965
1607,0.54541015625,0.03718446863465446,0.45458984375,0.03718446863465446,15199.65087890625,228.89715944340426
1608,0.54873046875,0.043261718750000004,0.45126953125,0.043261718750000004,15209.1958984375,228.87678096092907
1609,0.55146484375,0.046536149114838415,0.44853515625,0.046536149114838415,15218.79833984375,228.7335998168668
1610,0.5486328125,0.045555986438563977,0.4513671875,0.04555598643856398,15228.4490234375,228.6084332164633
1611,0.5482421875,0.038048860157399514,0.4517578125,0.038048860157399514,15238.04990234375,228.43607746582052
1612,0.544140625,0.03876793231117174,0.455859375,0.03876793231117174,15247.64423828125,228.2813256196844
1613,0.5419921875,0.042828695756184094,0.4580078125,0.042828695756184094,15257.16669921875,228.14471229900172
1614,0.5396484375,0.040560157085167185,0.4603515625,0.040560157085167185,15266.65185546875,227.96812575058053
1615,0.54326171875,0.03606161164721741,0.45673828125,0.03606161164721741,15276.09560546875,227.76686282345779
1616,0.53818359375,0.03542499818229805,0.46181640625,0.03542499818229805,15285.60244140625,227.5105891282502
1617,0.5404296875,0.040041920629695624,0.4595703125,0.040041920629695624,15295.02060546875,227.21769435311538
1618,0.5431640625,0.038140485776579164,0.4568359375,0.03814048577657916,15304.4779296875,226.97524124025122
1619,0.5431640625,0.036819903058406725,0.4568359375,0.036819903058406725,15313.98349609375,226.80942925048737
1620,0.5390625,0.03720690309197088,0.4609375,0.03720690309197088,15323.48896484375,226.73159565412777
1621,0.539453125,0.031082313773144167,0.460546875,0.031082313773144167,15332.92255859375,226.57341459517872
1622,0.53681640625,0.026043477313356003,0.46318359375,0.02604347731335601,15342.36298828125,226.46357154702173
1623,0.539453125,0.027934467466845508,0.460546875,0.027934467466845508,15351.75712890625,226.33663794303368
1624,0.53583984375,0.031353740161178964,0.46416015625,0.031353740161178964,15361.1978515625,226.22468072845732
1625,0.5388671875,0.03302398827018825,0.4611328125,0.03302398827018825,15370.5748046875,226.14091384636248
1626,0.54150390625,0.03338715658350446,0.45849609375,0.03338715658350446,15380.0046875,226.0067292037858
1627,0.547265625,0.028838206443517016,0.452734375,0.028838206443517016,15389.48115234375,225.80321528535643
1628,0.54658203125,0.030989668816627545,0.45341796875,0.03098966881662755,15399.0580078125,225.58407423312278
1629,0.55478515625,0.034320163336589694,0.44521484375,0.034320163336589694,15408.6236328125,225.41526403294174
1630,0.5548828125,0.031261594528757944,0.4451171875,0.031261594528757944,15418.3322265625,225.2978201149884
1631,0.55458984375,0.03134887312669271,0.44541015625,0.03134887312669271,15428.04267578125,225.17201675816108
1632,0.5546875,0.02813788224938879,0.4453125,0.02813788224938879,15437.74794921875,225.07321179232645
1633,0.55517578125,0.03292695926754314,0.44482421875,0.03292695926754314,15447.45498046875,224.9837700947333
1634,0.5546875,0.026879428232560586,0.4453125,0.026879428232560586,15457.17060546875,224.8213778230196
1635,0.55048828125,0.021198605487951064,0.44951171875,0.021198605487951064,15466.8775390625,224.67785731657446
1636,0.5447265625,0.01980183657981233,0.4552734375,0.019801836579812333,15476.5111328125,224.6445956761329
1637,0.55,0.026060865318938947,0.45,0.026060865318938954,15486.04384765625,224.67357768316057
1638,0.54287109375,0.022707755638497067,0.45712890625,0.022707755638497067,15495.66904296875,224.78197961265369
1639,0.54306640625,0.024274798111709555,0.45693359375,0.024274798111709555,15505.1689453125,224.98423890499754
1640,0.54404296875,0.021339398992024593,0.45595703125,0.021339398992024593,15514.67275390625,225.17995953348262
1641,0.5447265625,0.019456889695956672,0.4552734375,0.019456889695956676,15524.19345703125,225.38524215980155
1642,0.54443359375,0.020336195989161057,0.45556640625,0.020336195989161057,15533.72607421875,225.56200167430987
1643,0.5431640625,0.026546697965124825,0.4568359375,0.026546697965124825,15543.2537109375,225.71468255485155
1644,0.54501953125,0.021450834970295485,0.45498046875,0.021450834970295485,15552.75927734375,225.9458399558513
1645,0.545703125,0.016935970223236216,0.454296875,0.016935970223236216,15562.2966796875,226.16104046719556
1646,0.54775390625,0.02106954810962839,0.45224609375,0.02106954810962839,15571.84658203125,226.31794640454584
1647,0.55400390625,0.020628597061449254,0.44599609375,0.020628597061449254,15581.43251953125,226.5339264483903
1648,0.557421875,0.0228432142870666,0.442578125,0.022843214287066604,15591.12734375,226.6546985304152
1649,0.5578125,0.029133005245406903,0.4421875,0.029133005245406907,15600.88232421875,226.7513771066833
1650,0.5568359375,0.03427664818560653,0.4431640625,0.03427664818560653,15610.64404296875,226.87059971275417
1651,0.55478515625,0.034942519808275965,0.44521484375,0.034942519808275965,15620.38857421875,226.95921220786315
1652,0.56103515625,0.03601980321649305,0.43896484375,0.03601980321649305,15630.0974609375,226.99082373032124
1653,0.5640625,0.03551574014224626,0.4359375,0.03551574014224626,15639.9154296875,226.99925382810787
1654,0.56572265625,0.03475259258012327,0.43427734375,0.034752592580123275,15649.78671875,227.05700923044378
1655,0.56591796875,0.037569744103428095,0.43408203125,0.037569744103428095,15659.68662109375,227.23071735371167
1656,0.56572265625,0.03990557492729957,0.43427734375,0.03990557492729958,15669.5904296875,227.38609522369393
1657,0.56328125,0.046866454299148964,0.43671875,0.046866454299148964,15679.4904296875,227.47851233432417
1658,0.5671875,0.046723795844778405,0.4328125,0.0467237958447784,15689.34775390625,227.65394038087726
1659,0.571875,0.05455340703155028,0.428125,0.05455340703155028,15699.27333984375,227.80454024338087
1660,0.5734375,0.04594786235166442,0.4265625,0.04594786235166442,15709.28154296875,227.93458643466118
1661,0.56845703125,0.036863003088518184,0.43154296875,0.036863003088518184,15719.31650390625,228.10136777795088
1662,0.5736328125,0.03253638944602787,0.4263671875,0.03253638944602787,15729.26455078125,228.256181871968
1663,0.5810546875,0.032327021451379785,0.4189453125,0.032327021451379785,15739.30302734375,228.43846783018893
1664,0.57841796875,0.032191179676274606,0.42158203125,0.032191179676274606,15749.4712890625,228.5636985324711
1665,0.57578125,0.03353521881364287,0.42421875,0.03353521881364287,15759.59375,228.74107318574053
1666,0.5763671875,0.03695434310228087,0.4236328125,0.03695434310228087,15769.67001953125,228.9192351167671
1667,0.57978515625,0.03807604539003421,0.42021484375,0.03807604539003421,15779.75615234375,229.09792578612422
1668,0.5818359375,0.041839292874314406,0.4181640625,0.041839292874314406,15789.90263671875,229.19107044604388
1669,0.57822265625,0.04110492974855679,0.42177734375,0.04110492974855679,15800.08466796875,229.40040712430607
1670,0.58076171875,0.04178968706446949,0.41923828125,0.04178968706446949,15810.20341796875,229.66656727723858
1671,0.58310546875,0.03832419963879352,0.41689453125,0.03832419963879352,15820.3669921875,229.90330773438492
1672,0.58251953125,0.046126945309852944,0.41748046875,0.046126945309852944,15830.57109375,230.11451683298236
1673,0.58125,0.04682370240001652,0.41875,0.046823702400016515,15840.76533203125,230.32577497220873
1674,0.57470703125,0.041960948591101214,0.42529296875,0.041960948591101214,15850.937109375,230.5939643000496
1675,0.578515625,0.042520746889202515,0.421484375,0.042520746889202515,15860.99443359375,230.85451512317803
1676,0.57744140625,0.04021742380322444,0.42255859375,0.04021742380322444,15871.1185546875,231.1604704085252
1677,0.57666015625,0.04510249439454931,0.42333984375,0.04510249439454931,15881.22353515625,231.43148533139697
1678,0.573046875,0.04493206406186316,0.426953125,0.04493206406186316,15891.3154296875,231.7152432642076
1679,0.57587890625,0.044454622427821784,0.42412109375,0.044454622427821784,15901.34384765625,232.04940926458747
1680,0.57666015625,0.04557367233376471,0.42333984375,0.04557367233376471,15911.42119140625,232.37998460921855
1681,0.576953125,0.04424119143987344,0.423046875,0.04424119143987344,15921.5126953125,232.66678316988757
1682,0.579296875,0.04058742252456418,0.420703125,0.04058742252456418,15931.60966796875,232.96998322784867
1683,0.580078125,0.03591838826053272,0.419921875,0.03591838826053272,15941.74716796875,233.23498846300896
1684,0.576953125,0.03711400053409133,0.423046875,0.03711400053409133,15951.89873046875,233.48441693426918
1685,0.57880859375,0.039872103307856524,0.42119140625,0.039872103307856524,15961.99521484375,233.78048014782902
1686,0.5806640625,0.040524872853893314,0.4193359375,0.040524872853893314,15972.12451171875,234.02201684756486
1687,0.57978515625,0.03802341121486917,0.42021484375,0.03802341121486918,15982.286328125,234.21926471098368
1688,0.5833984375,0.035700539259484146,0.4166015625,0.035700539259484146,15992.43251953125,234.3850252069155
1689,0.5802734375,0.035862055659607865,0.4197265625,0.035862055659607865,16002.64189453125,234.56843337564433
1690,0.5767578125,0.04295143472142585,0.4232421875,0.04295143472142585,16012.79619140625,234.68328634572984
1691,0.57177734375,0.04439279548685457,0.42822265625,0.04439279548685457,16022.8896484375,234.83453586352599
1692,0.573046875,0.04360501926473746,0.426953125,0.04360501926473746,16032.895703125,235.06522136951824
1693,0.57509765625,0.041123486337372214,0.42490234375,0.041123486337372214,16042.92421875,235.35782747844965
1694,0.57587890625,0.04248675420453902,0.42412109375,0.04248675420453902,16052.98818359375,235.6829552431835
1695,0.57890625,0.04784917085859972,0.42109375,0.047849170858599716,16063.0658203125,236.0207283203994
1696,0.5822265625,0.04389493640381008,0.4177734375,0.04389493640381008,16073.1966796875,236.43819781901
1697,0.58115234375,0.04719020406288863,0.41884765625,0.04719020406288863,16083.38564453125,236.89585831269613
1698,0.57890625,0.04651513884844206,0.42109375,0.04651513884844206,16093.5556640625,237.3844968192724
1699,0.5765625,0.04656718595338555,0.4234375,0.04656718595338555,16103.68662109375,237.95638081413216
1700,0.576953125,0.04733417678582978,0.423046875,0.04733417678582979,16113.7763671875,238.50029541293227
1701,0.573828125,0.04875032864973355,0.426171875,0.04875032864973355,16123.873046875,239.0006467914209
1702,0.57158203125,0.04523719581149671,0.42841796875,0.04523719581149671,16133.915625,239.53069455642157
1703,0.56630859375,0.04417140191563296,0.43369140625,0.04417140191563296,16143.91787109375,240.03033445360722
1704,0.565625,0.04506769810085018,0.434375,0.04506769810085018,16153.82822265625,240.51757243209934
1705,0.56767578125,0.04671614113352287,0.43232421875,0.04671614113352286,16163.72666015625,241.06889328471814
1706,0.56435546875,0.04641384897406069,0.43564453125,0.04641384897406069,16173.66123046875,241.64503623646323
1707,0.56455078125,0.04890121482791106,0.43544921875,0.04890121482791106,16183.537109375,242.21540119098938
1708,0.561328125,0.04656841470927646,0.438671875,0.04656841470927646,16193.4169921875,242.76208248064222
1709,0.565625,0.05176481379533423,0.434375,0.051764813795334236,16203.24013671875,243.2115787788233
1710,0.55849609375,0.05497353003506871,0.44150390625,0.05497353003506871,16213.13837890625,243.6386782134419
1711,0.55810546875,0.05182088212152065,0.44189453125,0.05182088212152065,16222.91220703125,244.12094839631672
1712,0.5515625,0.05680337608942139,0.4484375,0.0568033760894214,16232.67900390625,244.5461598932068
1713,0.55673828125,0.05623414557925034,0.44326171875,0.05623414557925034,16242.3314453125,244.97671760294077
1714,0.5572265625,0.05352631622221272,0.4427734375,0.05352631622221272,16252.07451171875,245.39211844977012
1715,0.55302734375,0.05359015183006058,0.44697265625,0.05359015183006058,16261.82587890625,245.8307011887949
1716,0.55107421875,0.04918046703735839,0.44892578125,0.04918046703735839,16271.50361328125,246.21557796415703
1717,0.54599609375,0.048436810888495246,0.45400390625,0.048436810888495246,16281.14775390625,246.5038502835651
1718,0.5435546875,0.054668663050476754,0.4564453125,0.054668663050476754,16290.70234375,246.7403592499094
1719,0.546875,0.05289688501543297,0.453125,0.05289688501543297,16300.21435546875,247.05753678418077
1720,0.5498046875,0.04739297152532219,0.4501953125,0.04739297152532219,16309.78525390625,247.31465069573875
1721,0.54892578125,0.04222647667804646,0.45107421875,0.04222647667804646,16319.40625,247.59472787787445
1722,0.54853515625,0.046850681354530896,0.45146484375,0.046850681354530896,16329.01220703125,247.7484101881528
1723,0.55068359375,0.04519374676549956,0.44931640625,0.04519374676549956,16338.61220703125,247.95777597546027
1724,0.54892578125,0.04973656876567792,0.45107421875,0.04973656876567792,16348.24931640625,248.13829811419043
1725,0.55078125,0.049089146078286114,0.44921875,0.049089146078286114,16357.85498046875,248.31455524524424
1726,0.55107421875,0.05178553576509119,0.44892578125,0.05178553576509119,16367.49404296875,248.35842906595846
1727,0.54375,0.05031107456249382,0.45625,0.05031107456249381,16377.13759765625,248.40267452976636
1728,0.54755859375,0.050830148482480124,0.45244140625,0.050830148482480124,16386.653515625,248.4806656225025
1729,0.54775390625,0.05373303877668523,0.45224609375,0.05373303877668523,16396.2353515625,248.57724205463091
1730,0.55126953125,0.05611666665518594,0.44873046875,0.05611666665518594,16405.82099609375,248.75374019247357
1731,0.54873046875,0.060497160159209966,0.45126953125,0.060497160159209966,16415.4685546875,248.976201706794
1732,0.54814453125,0.05309133023680492,0.45185546875,0.05309133023680492,16425.0712890625,249.34617934343353
1733,0.5431640625,0.05180901064471676,0.4568359375,0.05180901064471677,16434.6630859375,249.66285516221538
1734,0.54130859375,0.05008737558987739,0.45869140625,0.050087375589877386,16444.1693359375,249.96328384414625
1735,0.54111328125,0.048509605636299066,0.45888671875,0.048509605636299066,16453.64189453125,250.27926049902922
1736,0.5435546875,0.048807026691780636,0.4564453125,0.048807026691780636,16463.111328125,250.64069549462528
1737,0.541015625,0.049923265703438253,0.458984375,0.049923265703438253,16472.62373046875,251.10459977606158
1738,0.54140625,0.052360873481802656,0.45859375,0.052360873481802656,16482.09140625,251.53300599336322
1739,0.53544921875,0.0504497329266287,0.46455078125,0.0504497329266287,16491.566015625,252.01051793295102
1740,0.5314453125,0.049926704089595174,0.4685546875,0.049926704089595174,16500.93603515625,252.50360607074433
1741,0.53544921875,0.04770395361552078,0.46455078125,0.04770395361552078,16510.23671875,253.0023988885951
1742,0.53759765625,0.04724433356322224,0.46240234375,0.04724433356322224,16519.60703125,253.4707111718562
1743,0.540625,0.04808655627648179,0.459375,0.04808655627648179,16529.01533203125,253.9550933421941
1744,0.53740234375,0.04667733797042075,0.46259765625,0.04667733797042075,16538.47578125,254.47537784475287
1745,0.53369140625,0.0498740517279938,0.46630859375,0.0498740517279938,16547.88037109375,254.95214207782325
1746,0.535546875,0.05073841342296473,0.464453125,0.05073841342296473,16557.2193359375,255.48000001965283
1747,0.54755859375,0.051857307818141775,0.45244140625,0.051857307818141775,16566.5919921875,255.99478897282134
1748,0.543359375,0.04555682379551869,0.456640625,0.04555682379551869,16576.173828125,256.60991203411254
1749,0.5439453125,0.044469529596117836,0.4560546875,0.044469529596117836,16585.683203125,257.0935762390017
1750,0.5431640625,0.04680333062734425,0.4568359375,0.04680333062734425,16595.2021484375,257.5326826242973
1751,0.5419921875,0.04388233334369881,0.4580078125,0.04388233334369881,16604.7072265625,258.0518938648108
1752,0.53896484375,0.04756460915499446,0.46103515625,0.04756460915499446,16614.19228515625,258.50932540543533
1753,0.53603515625,0.04687591551840323,0.46396484375,0.04687591551840323,16623.62431640625,258.92830357189473
1754,0.53505859375,0.045143073776442735,0.46494140625,0.045143073776442735,16633.0044921875,259.4406346433207
1755,0.53662109375,0.042619429685803685,0.46337890625,0.042619429685803685,16642.3681640625,259.89613517479705
1756,0.541015625,0.0387585833487645,0.458984375,0.0387585833487645,16651.75888671875,260.3369658904216
1757,0.54091796875,0.035198135855471026,0.45908203125,0.035198135855471026,16661.2271484375,260.7815654956882
1758,0.54384765625,0.0400282235710127,0.45615234375,0.0400282235710127,16670.69287109375,261.1760454747375
1759,0.54580078125,0.045477730300082814,0.45419921875,0.045477730300082814,16680.21015625,261.6053914940681
1760,0.548828125,0.046045724451184114,0.451171875,0.046045724451184114,16689.76181640625,262.0388668141846
1761,0.54951171875,0.04834536742431069,0.45048828125,0.04834536742431069,16699.3662109375,262.4906999470077
1762,0.5509765625,0.04549733315501855,0.4490234375,0.04549733315501855,16708.9828125,262.9128447714345
1763,0.5505859375,0.04150057431478547,0.4494140625,0.04150057431478547,16718.62421875,263.3118261223352
1764,0.5521484375,0.03922378811638696,0.4478515625,0.03922378811638696,16728.25966796875,263.74326310813075
1765,0.550390625,0.03949757706176418,0.449609375,0.03949757706176418,16737.92265625,264.0665984972826
1766,0.55322265625,0.037620478057338605,0.44677734375,0.037620478057338605,16747.55458984375,264.4129728516725
1767,0.5615234375,0.03895982600053788,0.4384765625,0.03895982600053788,16757.235546875,264.7559720140455
1768,0.56259765625,0.03470426137301137,0.43740234375,0.03470426137301137,16767.062890625,265.1203109892021
1769,0.56044921875,0.0358451652214211,0.43955078125,0.0358451652214211,16776.9080078125,265.3885837543763
1770,0.56064453125,0.040965487398991286,0.43935546875,0.040965487398991286,16786.7154296875,265.62185536834886
1771,0.562109375,0.042126420628168806,0.437890625,0.042126420628168806,16796.526953125,265.84471399039427
1772,0.55810546875,0.04750401931622512,0.44189453125,0.04750401931622512,16806.3642578125,266.05253775801646
1773,0.56015625,0.045074892242184354,0.43984375,0.045074892242184354,16816.130859375,266.1913500666603
1774,0.560546875,0.04121510272197332,0.439453125,0.04121510272197332,16825.9333984375,266.3587559651655
1775,0.56455078125,0.04564100428981606,0.43544921875,0.04564100428981606,16835.7423828125,266.44163337588554
1776,0.5623046875,0.044245502480434025,0.4376953125,0.04424550248043403,16845.6224609375,266.45991608022314
1777,0.56513671875,0.046318411878330454,0.43486328125,0.046318411878330454,16855.4630859375,266.4811303870568
1778,0.56591796875,0.04748795607614671,0.43408203125,0.04748795607614671,16865.3533203125,266.55926314426404
1779,0.56796875,0.04858768928241687,0.43203125,0.04858768928241687,16875.2564453125,266.47536864838105
1780,0.56669921875,0.05204455139781873,0.43330078125,0.05204455139781873,16885.19609375,266.3229525949424
1781,0.5701171875,0.05551446454687086,0.4298828125,0.055514464546870854,16895.11328125,266.14521436414515
1782,0.5724609375,0.05113645303121132,0.4275390625,0.05113645303121132,16905.0900390625,265.87410747979084
1783,0.5767578125,0.050017163191943735,0.4232421875,0.050017163191943735,16915.108203125,265.63528395791957
1784,0.58125,0.045604109488576725,0.41875,0.045604109488576725,16925.2013671875,265.4725084004138
1785,0.5783203125,0.04457406110988907,0.4216796875,0.04457406110988907,16935.373046875,265.3716831109596
1786,0.578515625,0.04701151994790745,0.421484375,0.04701151994790745,16945.4931640625,265.11213950764375
1787,0.57470703125,0.04669000359988449,0.42529296875,0.04669000359988449,16955.617578125,264.8962127656748
1788,0.56728515625,0.05208741235654711,0.43271484375,0.05208741235654711,16965.6751953125,264.62743754472
1789,0.5671875,0.05233828387970565,0.4328125,0.052338283879705655,16975.6025390625,264.36719925177897
1790,0.56533203125,0.051156310997835124,0.43466796875,0.051156310997835124,16985.528125,264.2439755696957
1791,0.56298828125,0.04754816524523819,0.43701171875,0.04754816524523819,16995.4220703125,264.1843824401825
1792,0.5689453125,0.04781208511870652,0.4310546875,0.04781208511870652,17005.2736328125,264.1374828986165
1793,0.561328125,0.050077378480200205,0.438671875,0.05007737848020021,17015.230859375,264.0707905081461
1794,0.56328125,0.04213683300050562,0.43671875,0.04213683300050562,17025.0537109375,263.9816392976387
1795,0.56025390625,0.04394108052539512,0.43974609375,0.04394108052539512,17034.9109375,263.9779821725079
1796,0.5560546875,0.04590093078334408,0.4439453125,0.04590093078334408,17044.715625,263.97812182371234
1797,0.55556640625,0.050333152939092136,0.44443359375,0.050333152939092136,17054.446484375,264.03482204040523
1798,0.548828125,0.05635366424317777,0.451171875,0.05635366424317777,17064.16875,264.13368776417343
1799,0.54248046875,0.0555804779524155,0.45751953125,0.0555804779524155,17073.7734375,264.21360188310507
1800,0.53935546875,0.055415167919724735,0.46064453125,0.05541516791972473,17083.2662109375,264.2856102804458
1801,0.541796875,0.05394621763360854,0.458203125,0.05394621763360853,17092.7052734375,264.3324191911131
1802,0.54072265625,0.04911643398623737,0.45927734375,0.04911643398623737,17102.1869140625,264.41232063086477
1803,0.544140625,0.047499100526023116,0.455859375,0.047499100526023116,17111.6494140625,264.4753083993614
1804,0.5470703125,0.050701936258214356,0.4529296875,0.050701936258214356,17121.171875,264.60496896963986
1805,0.55322265625,0.045657299575386646,0.44677734375,0.045657299575386646,17130.745703125,264.72653959941385
1806,0.54609375,0.04537139222485767,0.45390625,0.04537139222485767,17140.426953125,264.9094594206127
1807,0.54365234375,0.04910672472490919,0.45634765625,0.04910672472490919,17149.983984375,265.16553353982437
1808,0.54375,0.043912313999614976,0.45625,0.043912313999614976,17159.4978515625,265.4491805719434
1809,0.54248046875,0.04620957128289998,0.45751953125,0.04620957128289998,17169.01328125,265.7459524868113
1810,0.55078125,0.04891203727240073,0.44921875,0.04891203727240073,17178.5068359375,266.01381187612014
1811,0.545703125,0.049758327074784676,0.454296875,0.049758327074784676,17188.1455078125,266.34806614133106
1812,0.54287109375,0.04889341338250361,0.45712890625,0.04889341338250361,17197.6951171875,266.7653413723774
1813,0.5404296875,0.0515754452263184,0.4595703125,0.0515754452263184,17207.194921875,267.16945720700994
1814,0.5458984375,0.05013866270700561,0.4541015625,0.05013866270700561,17216.65234375,267.48388919265886
1815,0.54267578125,0.05300863649069403,0.45732421875,0.05300863649069403,17226.20625,267.82192090793677
1816,0.54287109375,0.04961754438764147,0.45712890625,0.04961754438764147,17235.7029296875,268.23897331085965
1817,0.53818359375,0.048568548309453265,0.46181640625,0.048568548309453265,17245.203515625,268.58515681953764
1818,0.539453125,0.04759217003286885,0.460546875,0.04759217003286885,17254.62109375,268.9104074174282
1819,0.54462890625,0.0431195197562402,0.45537109375,0.043119519756240204,17264.06171875,269.2374816537478
1820,0.54111328125,0.03994713627908031,0.45888671875,0.03994713627908031,17273.59296875,269.5273221014177
1821,0.54482421875,0.034347939677410164,0.45517578125,0.034347939677410164,17283.0626953125,269.80282802987176
1822,0.54033203125,0.03652409027658631,0.45966796875,0.03652409027658631,17292.596875,270.00049259310396
1823,0.53798828125,0.030650530702560973,0.46201171875,0.030650530702560973,17302.0521484375,270.2188050947578
1824,0.54013671875,0.029964559602192055,0.45986328125,0.029964559602192055,17311.467578125,270.4324467231357
1825,0.54296875,0.028015602124572367,0.45703125,0.028015602124572367,17320.919921875,270.58793030892866
1826,0.549609375,0.02560307751277178,0.450390625,0.025603077512771782,17330.421484375,270.6823352262688
1827,0.55166015625,0.028766189660824722,0.44833984375,0.028766189660824722,17340.0396484375,270.726635969811
1828,0.54921875,0.022630979980610925,0.45078125,0.022630979980610925,17349.6939453125,270.6936109764047
1829,0.54384765625,0.027550314910805833,0.45615234375,0.027550314910805833,17359.30546875,270.5823879436977
1830,0.53935546875,0.02558910554098551,0.46064453125,0.02558910554098551,17368.8224609375,270.3794731534815
1831,0.53876953125,0.026829888385280352,0.46123046875,0.026829888385280352,17378.2607421875,270.1808605955213
1832,0.53505859375,0.03181391229098976,0.46494140625,0.03181391229098976,17387.690234375,269.91879101666206
1833,0.5384765625,0.0357219033972746,0.4615234375,0.0357219033972746,17397.053125,269.68498425321894
1834,0.54365234375,0.03180671708282567,0.45634765625,0.03180671708282567,17406.4765625,269.46089551808706
1835,0.53935546875,0.028148217684490724,0.46064453125,0.028148217684490728,17415.9900390625,269.2794473276031
1836,0.54326171875,0.03256817636052402,0.45673828125,0.03256817636052402,17425.42890625,269.12028805631127
1837,0.540625,0.03879104901131752,0.459375,0.03879104901131752,17434.936328125,268.93943101491544
1838,0.54169921875,0.03713519352671535,0.45830078125,0.03713519352671535,17444.396875,268.728031876318
1839,0.5443359375,0.0381239793984807,0.4556640625,0.0381239793984807,17453.876953125,268.51199245416456
1840,0.54541015625,0.04081809297943179,0.45458984375,0.04081809297943179,17463.4029296875,268.4133420721466
1841,0.54833984375,0.044807620497123675,0.45166015625,0.044807620497123675,17472.947265625,268.2091549283013
1842,0.54892578125,0.04207941975037583,0.45107421875,0.04207941975037583,17482.54296875,267.9771260093658
1843,0.552734375,0.039264613838701425,0.447265625,0.039264613838701425,17492.1494140625,267.7280126371697
1844,0.54677734375,0.03648594854911025,0.45322265625,0.03648594854911025,17501.8224609375,267.59822332344083
1845,0.54921875,0.038370829501596974,0.45078125,0.038370829501596974,17511.3916015625,267.44633251028324
1846,0.547265625,0.037209978762843314,0.452734375,0.037209978762843314,17521.0025390625,267.25618158947407
1847,0.54921875,0.03926267071929416,0.45078125,0.03926267071929416,17530.5796875,267.0476603511391
1848,0.54287109375,0.034707009267719545,0.45712890625,0.034707009267719545,17540.1908203125,266.8617947673418
1849,0.54921875,0.035097063894903927,0.45078125,0.035097063894903927,17549.691015625,266.5926920239033
1850,0.5486328125,0.03643455092991876,0.4513671875,0.03643455092991876,17559.3021484375,266.2748140361832
1851,0.54873046875,0.03945953014993109,0.45126953125,0.03945953014993109,17568.903125,266.09330458304845
1852,0.54453125,0.03807141149270506,0.45546875,0.03807141149270506,17578.50625,265.9686954589042
1853,0.5482421875,0.04108578448821099,0.4517578125,0.04108578448821099,17588.0353515625,265.9613218617475
1854,0.55087890625,0.03913920691199804,0.44912109375,0.03913920691199804,17597.6296875,266.05356646984313
1855,0.5521484375,0.042135475010904186,0.4478515625,0.042135475010904186,17607.2701171875,266.24183136357425
1856,0.5521484375,0.03580456902527857,0.4478515625,0.03580456902527857,17616.9322265625,266.43904537625224
1857,0.55302734375,0.038497005395724954,0.44697265625,0.038497005395724954,17626.5943359375,266.60442067499787
1858,0.553125,0.04018694109253652,0.446875,0.04018694109253652,17636.2728515625,266.64749268397856
1859,0.55107421875,0.043280672696116,0.44892578125,0.04328067269611599,17645.9533203125,266.71949511335777
1860,0.55390625,0.04615081874993187,0.44609375,0.04615081874993186,17655.5962890625,266.6754115710788
1861,0.55322265625,0.04157737064358194,0.44677734375,0.04157737064358194,17665.28984375,266.7031235942855
1862,0.54873046875,0.04173579521433432,0.45126953125,0.04173579521433432,17674.9712890625,266.7645132734681
1863,0.54599609375,0.03844345914966032,0.45400390625,0.03844345914966032,17684.5744140625,266.8487649390473
1864,0.54970703125,0.04082089656430241,0.45029296875,0.04082089656430241,17694.129296875,266.8594065468722
1865,0.5513671875,0.04200172493435165,0.4486328125,0.04200172493435165,17703.7490234375,266.6340437605856
1866,0.547265625,0.04193127850065174,0.452734375,0.04193127850065174,17713.398046875,266.4641783879263
1867,0.5408203125,0.0402760706280339,0.4591796875,0.0402760706280339,17722.9744140625,266.18437462259226
1868,0.53701171875,0.03967164210896834,0.46298828125,0.03967164210896834,17732.4390625,265.95048178169975
1869,0.5416015625,0.041903977118405406,0.4583984375,0.041903977118405406,17741.837109375,265.746228461646
1870,0.53701171875,0.04661273064652183,0.46298828125,0.04661273064652183,17751.3146484375,265.54484225173366
1871,0.53984375,0.04775740097769697,0.46015625,0.047757400977696964,17760.7126953125,265.29105330514403
1872,0.53466796875,0.04499876656431341,0.46533203125,0.04499876656431341,17770.1603515625,265.1154372091098
1873,0.5341796875,0.04441803041312447,0.4658203125,0.04441803041312447,17779.5166015625,264.9779272715158
1874,0.52802734375,0.048890682582510434,0.47197265625,0.04889068258251044,17788.8646484375,264.7921550154086
1875,0.52744140625,0.05032746844616959,0.47255859375,0.05032746844616959,17798.1052734375,264.5475814155789
1876,0.52841796875,0.05146299065686557,0.47158203125,0.05146299065686557,17807.3357421875,264.2809896690166
1877,0.526171875,0.04923231149972007,0.473828125,0.049232311499720065,17816.5828125,263.9582173867115
1878,0.52568359375,0.04328948565739082,0.47431640625,0.04328948565739082,17825.791015625,263.6666814780763
1879,0.52705078125,0.042806534177460956,0.47294921875,0.042806534177460956,17834.990234375,263.4087777861298
1880,0.519140625,0.03917513059242552,0.480859375,0.03917513059242552,17844.213671875,263.19459404075036
1881,0.51845703125,0.041938669566461965,0.48154296875,0.041938669566461965,17853.2982421875,262.99722647861637
1882,0.516796875,0.04385146228609607,0.483203125,0.04385146228609607,17862.371484375,262.8521284511016
1883,0.5146484375,0.04316803926816473,0.4853515625,0.04316803926816473,17871.41484375,262.8361583595469
1884,0.5181640625,0.039791057375625404,0.4818359375,0.039791057375625404,17880.4220703125,262.8784894775305
1885,0.52294921875,0.044918159662934574,0.47705078125,0.044918159662934574,17889.48984375,262.9583553671754
1886,0.5193359375,0.04357438946207035,0.4806640625,0.04357438946207035,17898.6412109375,263.0320460345022
1887,0.5216796875,0.04283493011308608,0.4783203125,0.04283493011308608,17907.7296875,263.17395065705756
1888,0.51728515625,0.04599402032216262,0.48271484375,0.04599402032216262,17916.8591796875,263.33776594947005
1889,0.51708984375,0.041199480968279974,0.48291015625,0.041199480968279974,17925.911328125,263.53480217033206
1890,0.51650390625,0.04484208692065316,0.48349609375,0.04484208692065316,17934.9599609375,263.7343543903734
1891,0.5119140625,0.046972148678390724,0.4880859375,0.046972148678390724,17943.9994140625,263.91010038475343
1892,0.5193359375,0.04266762382705269,0.4806640625,0.0426676238270527,17952.9580078125,264.10468436054975
1893,0.5255859375,0.041163702195234686,0.4744140625,0.041163702195234686,17962.0462890625,264.2765604391157
1894,0.53076171875,0.04557157968648959,0.46923828125,0.04557157968648959,17971.244140625,264.4026303026309
1895,0.52822265625,0.04651647148861333,0.47177734375,0.04651647148861333,17980.532421875,264.60336432823067
1896,0.5265625,0.046899001016937655,0.4734375,0.04689900101693765,17989.776171875,264.8199607998442
1897,0.52724609375,0.0491754250349518,0.47275390625,0.0491754250349518,17998.9908203125,264.9967490087503
1898,0.5255859375,0.04388407191200612,0.4744140625,0.04388407191200613,18008.2177734375,265.10346472119005
1899,0.53125,0.047741822506173114,0.46875,0.047741822506173114,18017.4154296875,265.2029151782891
1900,0.53203125,0.04643100271042305,0.46796875,0.046431002710423046,18026.7126953125,265.26205965353125
1901,0.53203125,0.05004880430639677,0.46796875,0.05004880430639677,18036.02265625,265.32746199685243
1902,0.52978515625,0.05216937269965949,0.47021484375,0.05216937269965949,18045.3330078125,265.4352067557755
1903,0.5259765625,0.05629643536898145,0.4740234375,0.05629643536898145,18054.6048828125,265.549424649152
1904,0.52353515625,0.05190951015240555,0.47646484375,0.05190951015240555,18063.808984375,265.71040167614615
1905,0.52431640625,0.05573160992076536,0.47568359375,0.05573160992076536,18072.97109375,265.9013130023584
1906,0.5197265625,0.05283699505909662,0.4802734375,0.052836995059096614,18082.146484375,266.15919973672186
1907,0.52490234375,0.05146076685702124,0.47509765625,0.05146076685702124,18091.241796875,266.44263767143485
1908,0.52236328125,0.04781258377367048,0.47763671875,0.04781258377367048,18100.427734375,266.7440340756768
1909,0.52421875,0.0505700988717873,0.47578125,0.0505700988717873,18109.569140625,267.14816528495646
1910,0.5294921875,0.0485967172777728,0.4705078125,0.0485967172777728,18118.7431640625,267.5712452215611
1911,0.52880859375,0.04860741131947539,0.47119140625,0.04860741131947539,18128.008984375,267.9691494567563
1912,0.53095703125,0.04549156848631102,0.46904296875,0.04549156848631102,18137.26328125,268.374892544274
1913,0.5275390625,0.0415786321781825,0.4724609375,0.04157863217818251,18146.5556640625,268.6464117638015
1914,0.52509765625,0.03621993824389547,0.47490234375,0.03621993824389547,18155.7869140625,268.9030128878376
1915,0.52568359375,0.03737581671903691,0.47431640625,0.03737581671903691,18164.9755859375,269.15703298538324
1916,0.52412109375,0.03989601447294198,0.47587890625,0.039896014472941964,18174.1759765625,269.50647373025186
1917,0.5306640625,0.0322892382949485,0.4693359375,0.0322892382949485,18183.3478515625,269.8716808112505
1918,0.52880859375,0.03431960758047124,0.47119140625,0.03431960758047124,18192.634375,270.134965204649
1919,0.5279296875,0.037192033763808634,0.4720703125,0.037192033763808634,18201.8888671875,270.40190117868787
1920,0.5314453125,0.03583013002730297,0.4685546875,0.03583013002730297,18211.126953125,270.7211396507417
1921,0.53359375,0.03684165351992268,0.46640625,0.03684165351992268,18220.427734375,271.1073860465294
1922,0.5365234375,0.03460725868247332,0.4634765625,0.03460725868247332,18229.765625,271.40485337710066
1923,0.53046875,0.03730110830342796,0.46953125,0.03730110830342796,18239.154296875,271.60111922200633
1924,0.53564453125,0.04007536939996867,0.46435546875,0.04007536939996867,18248.437109375,271.9006178029187
1925,0.53232421875,0.044793145207095535,0.46767578125,0.044793145207095535,18257.8119140625,272.17366377172345
1926,0.53955078125,0.04706636151078876,0.46044921875,0.04706636151078876,18267.1271484375,272.5943254601587
1927,0.53720703125,0.05670196368872269,0.46279296875,0.05670196368872269,18276.569140625,273.0286633408785
1928,0.53740234375,0.06168142228105848,0.46259765625,0.06168142228105848,18285.970703125,273.4671892210743
1929,0.53544921875,0.057073457332286706,0.46455078125,0.057073457332286706,18295.3751953125,273.891406590743
1930,0.543359375,0.056372614841796745,0.456640625,0.056372614841796745,18304.7455078125,274.30783031613083
1931,0.540625,0.05442564261201211,0.459375,0.05442564261201211,18314.2544921875,274.72980669846464
1932,0.541796875,0.04941599242772716,0.458203125,0.04941599242772716,18323.71484375,275.16249436839564
1933,0.54619140625,0.05064594730232039,0.45380859375,0.050645947302320395,18333.1966796875,275.5431538717238
1934,0.5515625,0.05526653556731489,0.4484375,0.05526653556731488,18342.7548828125,275.9504867829351
1935,0.5474609375,0.058546856234984984,0.4525390625,0.058546856234984984,18352.40703125,276.408415317643
1936,0.54609375,0.054889067704033456,0.45390625,0.05488906770403346,18361.9875,276.80967752264445
1937,0.5533203125,0.05071773371497975,0.4466796875,0.05071773371497975,18371.544921875,277.2239952584518
1938,0.5572265625,0.05047269540015702,0.4427734375,0.05047269540015702,18381.2271484375,277.5996789425387
1939,0.55869140625,0.04618521199218095,0.44130859375,0.04618521199218095,18390.9791015625,278.01967857893015
1940,0.55693359375,0.046124464243850326,0.44306640625,0.04612446424385031,18400.7560546875,278.41593467071164
1941,0.55556640625,0.038870254472272985,0.44443359375,0.038870254472272985,18410.5025390625,278.7955879601863
1942,0.5513671875,0.04048720244733783,0.4486328125,0.04048720244733783,18420.224609375,279.0632329690669
1943,0.5552734375,0.03700952850544455,0.4447265625,0.03700952850544455,18429.8736328125,279.33905257914535
1944,0.5578125,0.03557637426385267,0.4421875,0.03557637426385268,18439.5908203125,279.6120879045453
1945,0.558203125,0.038321088963846006,0.441796875,0.038321088963846006,18449.352734375,279.93802235525004
1946,0.5619140625,0.0386284478386315,0.4380859375,0.0386284478386315,18459.121484375,280.33313626751533
1947,0.5583984375,0.03800271355828382,0.4416015625,0.038002713558283815,18468.9544921875,280.7450734128973
1948,0.5572265625,0.03576725981956124,0.4427734375,0.03576725981956124,18478.7265625,281.0676116132445
1949,0.558203125,0.03728167238339939,0.441796875,0.03728167238339939,18488.4779296875,281.3773701687688
1950,0.56005859375,0.02710642685923756,0.43994140625,0.02710642685923756,18498.2462890625,281.6737260929336
1951,0.5634765625,0.02649347649658308,0.4365234375,0.02649347649658308,18508.0478515625,281.80162792947146
1952,0.56328125,0.030231826241083976,0.43671875,0.03023182624108398,18517.9083984375,281.9354761820302
1953,0.5626953125,0.033755176288526936,0.4373046875,0.033755176288526936,18527.7658203125,282.15929203209885
1954,0.5634765625,0.037334841379860914,0.4365234375,0.037334841379860914,18537.6126953125,282.4614466558781
1955,0.56533203125,0.042350510624100744,0.43466796875,0.042350510624100744,18547.473828125,282.74945859875777
1956,0.56640625,0.0436251357111965,0.43359375,0.0436251357111965,18557.3666015625,283.02742123888606
1957,0.56279296875,0.040616195898467586,0.43720703125,0.040616195898467586,18567.27890625,283.2771036805393
1958,0.55634765625,0.04470918142765157,0.44365234375,0.04470918142765156,18577.128125,283.5042719055935
1959,0.5587890625,0.047597379750171455,0.4412109375,0.047597379750171455,18586.8638671875,283.67374555216776
1960,0.55693359375,0.04575911784382132,0.44306640625,0.04575911784382133,18596.642578125,283.8128781945977
1961,0.55400390625,0.05336724196788503,0.44599609375,0.05336724196788503,18606.3892578125,283.8944406173345
1962,0.55546875,0.053322101046010345,0.44453125,0.053322101046010345,18616.0845703125,283.93415282607316
1963,0.55546875,0.05848753393652842,0.44453125,0.05848753393652841,18625.8048828125,283.9981791054418
1964,0.55322265625,0.060455844497543265,0.44677734375,0.060455844497543265,18635.52578125,284.00585046410464
1965,0.55009765625,0.06439250522859208,0.44990234375,0.06439250522859208,18645.2068359375,283.9683227394125
1966,0.55244140625,0.06552443291783686,0.44755859375,0.06552443291783686,18654.83359375,283.93015665536024
1967,0.5525390625,0.056650389783280894,0.4474609375,0.056650389783280894,18664.5017578125,283.86317484452616
1968,0.54658203125,0.05118165832647328,0.45341796875,0.05118165832647328,18674.1708984375,283.76773465329484
1969,0.54423828125,0.051267299058549876,0.45576171875,0.051267299058549876,18683.7357421875,283.768833442237
1970,0.5447265625,0.050773361767138474,0.4552734375,0.05077336176713847,18693.26015625,283.7548112594795
1971,0.54140625,0.0462857659691147,0.45859375,0.0462857659691147,18702.7931640625,283.59960737544213
1972,0.5412109375,0.04463606428509666,0.4587890625,0.04463606428509666,18712.267578125,283.46252958873976
1973,0.54140625,0.03817647491983365,0.45859375,0.03817647491983365,18721.7390625,283.3238933261904
1974,0.544140625,0.033949560112554296,0.455859375,0.033949560112554296,18731.2134765625,283.22475522064667
1975,0.54248046875,0.035687313794186395,0.45751953125,0.035687313794186395,18740.736328125,283.15139287208245
1976,0.54521484375,0.040700636657684114,0.45478515625,0.040700636657684114,18750.229296875,283.04188277036167
1977,0.5486328125,0.04615701762331386,0.4513671875,0.04615701762331386,18759.769921875,282.8977775405527
1978,0.54990234375,0.04504155677313842,0.45009765625,0.04504155677313842,18769.3712890625,282.72225185599854
1979,0.53994140625,0.05383410947887769,0.46005859375,0.05383410947887769,18778.9951171875,282.51928996469616
1980,0.53486328125,0.052777850279284194,0.46513671875,0.052777850279284194,18788.444140625,282.2635877383969
1981,0.53369140625,0.05810875122030923,0.46630859375,0.05810875122030923,18797.80390625,281.93486388347213
1982,0.5333984375,0.05925537909060978,0.4666015625,0.05925537909060979,18807.143359375,281.5710761423346
1983,0.53330078125,0.06258302895598505,0.46669921875,0.06258302895598505,18816.477734375,281.2361715963513
1984,0.5318359375,0.05757943678543012,0.4681640625,0.05757943678543012,18825.8099609375,280.8950385694081
1985,0.53701171875,0.05449962496847205,0.46298828125,0.05449962496847205,18835.1177734375,280.59350030301863
1986,0.53466796875,0.05623211046361663,0.46533203125,0.05623211046361663,18844.515625,280.3445723561859
1987,0.537109375,0.06105351286458027,0.462890625,0.06105351286458027,18853.871875,280.1536161299301
1988,0.539453125,0.061042890135012094,0.460546875,0.061042890135012094,18863.271484375,279.95917825262404
1989,0.53974609375,0.06022160930407665,0.46025390625,0.06022160930407665,18872.71171875,279.6814919254744
1990,0.532421875,0.05964678748945747,0.467578125,0.05964678748945747,18882.1576171875,279.3951737612353
1991,0.52978515625,0.06168636969523136,0.47021484375,0.06168636969523136,18891.4748046875,279.12406806356313
1992,0.5337890625,0.061500491752829456,0.4662109375,0.061500491752829456,18900.746484375,278.9140728039501
1993,0.53525390625,0.06788261480453,0.46474609375,0.06788261480453,18910.0875,278.60684039200135
1994,0.5330078125,0.06934666510321531,0.4669921875,0.0693466651032153,18919.454296875,278.1607318879407
1995,0.533984375,0.06278742503230643,0.466015625,0.06278742503230643,18928.782421875,277.70544093361457
1996,0.53447265625,0.05923646526024591,0.46552734375,0.05923646526024591,18938.1263671875,277.32482737913494
1997,0.533984375,0.057942013397049866,0.466015625,0.057942013397049866,18947.4806640625,277.08589123731986
1998,0.526953125,0.05689295893918217,0.473046875,0.05689295893918217,18956.8248046875,276.90465033984066
1999,0.53173828125,0.059015813874176516,0.46826171875,0.059015813874176516,18966.0462890625,276.77323829249394
2000,0.53232421875,0.05784919193003484,0.46767578125,0.05784919193003484,18975.3517578125,276.63875895603223
2001,0.53212890625,0.05654195675907854,0.46787109375,0.05654195675907854,18984.6669921875,276.56080592542867
2002,0.53173828125,0.05403180083153469,0.46826171875,0.05403180083153469,18993.9794921875,276.487297232977
2003,0.53212890625,0.051564811885908224,0.46787109375,0.051564811885908224,19003.28515625,276.42120392090277
2004,0.53564453125,0.046133147391089716,0.46435546875,0.046133147391089716,19012.5966796875,276.3124180246373
2005,0.53359375,0.04739136168237177,0.46640625,0.04739136168237177,19021.9708984375,276.211727516595
2006,0.53681640625,0.0438346044745299,0.46318359375,0.0438346044745299,19031.3091796875,276.1142518701136
2007,0.53369140625,0.04526712184296997,0.46630859375,0.04526712184296997,19040.703125,276.01511613943063
2008,0.5310546875,0.044810919357365836,0.4689453125,0.044810919357365836,19050.0427734375,275.97311870646627
2009,0.5310546875,0.05572022933836087,0.4689453125,0.05572022933836087,19059.3359375,276.0280591910076
2010,0.530859375,0.05777949860447368,0.469140625,0.05777949860447368,19068.6294921875,276.0493404196757
2011,0.5314453125,0.0555762739755366,0.4685546875,0.0555762739755366,19077.9197265625,276.04048599716947
2012,0.53623046875,0.05832531283507676,0.46376953125,0.05832531283507676,19087.2203125,276.0550148739016
2013,0.5365234375,0.06480608846059527,0.4634765625,0.06480608846059527,19096.6037109375,276.03684385021575
2014,0.5388671875,0.0642334680328514,0.4611328125,0.06423346803285142,19105.993359375,275.99929618082285
2015,0.54423828125,0.05969193846492335,0.45576171875,0.05969193846492335,19115.4232421875,275.88110809139306
2016,0.5392578125,0.05728485991761916,0.4607421875,0.05728485991761916,19124.947265625,275.8679801431506
2017,0.53662109375,0.055168867099975205,0.46337890625,0.055168867099975205,19134.384375,275.8143915727256
2018,0.5400390625,0.052491483451708024,0.4599609375,0.052491483451708024,19143.7755859375,275.7914508482815
2019,0.54228515625,0.04597535526372772,0.45771484375,0.04597535526372772,19153.226171875,275.72733364904127
2020,0.54052734375,0.05145520693693546,0.45947265625,0.05145520693693546,19162.716015625,275.66629918880795
2021,0.5384765625,0.0454016499089309,0.4615234375,0.0454016499089309,19172.175390625,275.63928081277464
2022,0.54033203125,0.04140682579935729,0.45966796875,0.04140682579935729,19181.5986328125,275.59813255686413
2023,0.54306640625,0.04336080462873997,0.45693359375,0.04336080462873997,19191.054296875,275.45200795404105
2024,0.5416015625,0.04696077763656037,0.4583984375,0.04696077763656037,19200.5580078125,275.3246534733474
2025,0.54453125,0.04548349672266957,0.45546875,0.04548349672266957,19210.0361328125,275.1887307535686
2026,0.542578125,0.04139334999523625,0.457421875,0.04139334999523625,19219.565625,275.0977015306029
2027,0.54296875,0.04299537527364862,0.45703125,0.04299537527364862,19229.0603515625,275.03487114870717
2028,0.546875,0.046935995471476234,0.453125,0.046935995471476234,19238.5625,274.97260888616665
2029,0.54541015625,0.04548779485302426,0.45458984375,0.04548779485302426,19248.133203125,274.83366365479594
2030,0.54541015625,0.04616414529867554,0.45458984375,0.04616414529867554,19257.6775390625,274.7323777625416
2031,0.5453125,0.041524466414815685,0.4546875,0.041524466414815685,19267.222265625,274.6385379179415
2032,0.54912109375,0.042342853607036386,0.45087890625,0.04234285360703638,19276.7650390625,274.51793759499395
2033,0.541796875,0.037705430960616015,0.458203125,0.03770543096061602,19286.3744140625,274.4139338175994
2034,0.5455078125,0.03352668633028117,0.4544921875,0.03352668633028117,19295.8560546875,274.3025660557865
2035,0.54794921875,0.03526039803456087,0.45205078125,0.03526039803456087,19305.4021484375,274.20314703018124
2036,0.5416015625,0.03321518622846192,0.4583984375,0.03321518622846192,19314.9916015625,274.1294526650284
2037,0.54521484375,0.03442448608635386,0.45478515625,0.03442448608635386,19324.469140625,274.1314638777578
2038,0.54033203125,0.03508578550296903,0.45966796875,0.03508578550296903,19334.010546875,274.1491397193659
2039,0.54248046875,0.029026256645132552,0.45751953125,0.029026256645132552,19343.4666015625,274.26340347050126
2040,0.53935546875,0.027735234636765655,0.46064453125,0.027735234636765655,19352.9603515625,274.32112172217825
2041,0.53837890625,0.030853966347617008,0.46162109375,0.030853966347617008,19362.398828125,274.45142528645454
2042,0.5392578125,0.029361257382111445,0.4607421875,0.02936125738211144,19371.8203125,274.64486137317886
2043,0.545703125,0.027433585684980305,0.454296875,0.027433585684980305,19381.2576171875,274.78625058428594
2044,0.54697265625,0.03178092087656831,0.45302734375,0.03178092087656831,19390.8072265625,274.96494089159904
2045,0.54111328125,0.030644307181303194,0.45888671875,0.030644307181303194,19400.3787109375,275.2298070438073
2046,0.54404296875,0.03324173421584316,0.45595703125,0.03324173421584316,19409.8484375,275.42208414645586
2047,0.5396484375,0.02852231299995124,0.4603515625,0.02852231299995124,19419.3693359375,275.56319845843467
2048,0.53916015625,0.028699807844947568,0.46083984375,0.028699807844947568,19428.8130859375,275.6973959846512
2049,0.54091796875,0.027598734387114705,0.45908203125,0.027598734387114705,19438.2484375,275.71819951367064
2050,0.544140625,0.02979972108031959,0.455859375,0.029799721080319592,19447.7146484375,275.8057961276738
2051,0.54609375,0.030747919772116293,0.45390625,0.030747919772116293,19457.237109375,275.9154707256895
2052,0.5470703125,0.03252935404387426,0.4529296875,0.03252935404387426,19466.7939453125,276.0309289081114
2053,0.54716796875,0.034410631612819376,0.45283203125,0.034410631612819376,19476.3673828125,276.12958673932184
2054,0.54970703125,0.03460519184122758,0.45029296875,0.03460519184122758,19485.943359375,276.2557832097012
2055,0.55419921875,0.03601980321649305,0.44580078125,0.03601980321649305,19495.5626953125,276.30938601247624
2056,0.5525390625,0.02801492129972325,0.4474609375,0.02801492129972325,19505.261328125,276.30210754662113
2057,0.548828125,0.029110736808926594,0.451171875,0.029110736808926594,19514.9306640625,276.3465309062673
2058,0.54736328125,0.03683142722420719,0.45263671875,0.03683142722420719,19524.5353515625,276.4406817851617
2059,0.54453125,0.03621243339008371,0.45546875,0.03621243339008371,19534.1142578125,276.57238109424173
2060,0.5408203125,0.03633757437589138,0.4591796875,0.03633757437589138,19543.6435546875,276.6997673191544
2061,0.53662109375,0.035780722268556435,0.46337890625,0.035780722268556435,19553.107421875,276.8078723774742
2062,0.53291015625,0.03683608766041769,0.46708984375,0.03683608766041769,19562.4984375,276.9444238605838
2063,0.53076171875,0.036836605450266895,0.46923828125,0.036836605450266895,19571.8244140625,277.0723304131174
2064,0.53115234375,0.035206263253717215,0.46884765625,0.035206263253717215,19581.1130859375,277.1769223470389
2065,0.531640625,0.028848125683807433,0.468359375,0.028848125683807433,19590.408203125,277.25710487721506
2066,0.539453125,0.025753121492385397,0.460546875,0.025753121492385397,19599.711328125,277.3295594669601
2067,0.536328125,0.02516728698100721,0.463671875,0.02516728698100721,19609.151953125,277.448892998631
2068,0.53916015625,0.03090152999892423,0.46083984375,0.03090152999892423,19618.537890625,277.6183682424852
2069,0.544921875,0.029407343812680318,0.455078125,0.029407343812680318,19627.973046875,277.88087117241014
2070,0.543359375,0.032090741247720114,0.456640625,0.032090741247720114,19637.5083984375,278.15005200804023
2071,0.54365234375,0.03031766552516054,0.45634765625,0.03031766552516054,19647.0173828125,278.46994888165744
2072,0.54189453125,0.03441451142761957,0.45810546875,0.03441451142761957,19656.531640625,278.71099327533165
2073,0.54306640625,0.032956488620784735,0.45693359375,0.032956488620784735,19666.0146484375,279.0884775477194
2074,0.54208984375,0.03866114612062544,0.45791015625,0.03866114612062544,19675.5185546875,279.32944179428745
2075,0.544140625,0.04532933415743331,0.455859375,0.04532933415743331,19685.0044921875,279.4537058412031
2076,0.5486328125,0.04779732257574849,0.4513671875,0.04779732257574849,19694.5279296875,279.6172827183746
2077,0.55234375,0.04543314690181986,0.44765625,0.04543314690181986,19704.12890625,279.8435754591644
2078,0.553125,0.04108578448821099,0.446875,0.04108578448821099,19713.79453125,280.06358602158724
2079,0.55712890625,0.04427663727656503,0.44287109375,0.04427663727656503,19723.4748046875,280.2680282176855
2080,0.560546875,0.04720141881329714,0.439453125,0.04720141881329714,19733.223828125,280.5461528516338
2081,0.5640625,0.039569946166863025,0.4359375,0.039569946166863025,19743.0337890625,280.7986661668083
2082,0.56640625,0.0380859375,0.43359375,0.0380859375,19752.905078125,280.90662593557107
2083,0.56318359375,0.03416866451718146,0.43681640625,0.03416866451718146,19762.816796875,280.977936246783
2084,0.55439453125,0.03131417360991776,0.44560546875,0.03131417360991777,19772.6724609375,281.05486989799556
2085,0.5603515625,0.0319465820776701,0.4396484375,0.0319465820776701,19782.3744140625,281.19087335859604
2086,0.56142578125,0.033954194797702855,0.43857421875,0.033954194797702855,19792.1806640625,281.1689231150755
2087,0.55771484375,0.02666373316206295,0.44228515625,0.02666373316206295,19802.00546875,281.1251845041419
2088,0.55478515625,0.02405378704113986,0.44521484375,0.02405378704113986,19811.7654296875,281.0047655461036
2089,0.55849609375,0.024462646970468217,0.44150390625,0.024462646970468217,19821.4734375,280.94241632075955
2090,0.55634765625,0.018860807426054043,0.44365234375,0.018860807426054043,19831.2482421875,280.8735223809538
2091,0.5568359375,0.01876830161489879,0.4431640625,0.01876830161489879,19840.983984375,280.78833769438245
2092,0.559765625,0.015617674063831096,0.440234375,0.015617674063831096,19850.72890625,280.7613151991665
2093,0.56181640625,0.020442837919241612,0.43818359375,0.020442837919241612,19860.5244140625,280.7226341725389
2094,0.56142578125,0.02506343423143829,0.43857421875,0.02506343423143829,19870.35703125,280.63829095481003
2095,0.56435546875,0.031239164381195467,0.43564453125,0.031239164381195467,19880.181640625,280.52436832648885
2096,0.560546875,0.03525377099177654,0.439453125,0.03525377099177654,19890.0572265625,280.32264524345317
2097,0.5615234375,0.03564921309149711,0.4384765625,0.03564921309149711,19899.8671875,280.0620741756022
2098,0.5646484375,0.03814548629916782,0.4353515625,0.03814548629916782,19909.6935546875,279.8016781163559
2099,0.561328125,0.04179139858982647,0.438671875,0.04179139858982647,19919.575,279.5097850938788
2100,0.56513671875,0.044312808015557224,0.43486328125,0.044312808015557224,19929.3984375,279.1049051338281
2101,0.5662109375,0.05080903686883921,0.4337890625,0.05080903686883921,19939.287890625,278.75132540427916
2102,0.56904296875,0.04415974160851334,0.43095703125,0.04415974160851334,19949.197265625,278.36091761364764
2103,0.5693359375,0.04416179318201177,0.4306640625,0.04416179318201177,19959.1548828125,278.12449294284505
2104,0.56982421875,0.042520859031289444,0.43017578125,0.042520859031289444,19969.1189453125,277.8541402608182
2105,0.5685546875,0.04675440215737712,0.4314453125,0.04675440215737712,19979.0904296875,277.54411897780165
2106,0.56591796875,0.04803109258701637,0.43408203125,0.04803109258701637,19989.03984375,277.3372043189384
2107,0.5640625,0.0453385902797461,0.4359375,0.0453385902797461,19998.94296875,277.20112496322537
2108,0.56875,0.0420788531546726,0.43125,0.0420788531546726,20008.8146484375,277.0898570977306
2109,0.56181640625,0.046308115969171726,0.43818359375,0.04630811596917173,20018.767578125,277.06430211874084
2110,0.55732421875,0.045917237672295816,0.44267578125,0.04591723767229581,20028.5998046875,277.02184818803056
2111,0.55537109375,0.042786478641231994,0.44462890625,0.042786478641231994,20038.3525390625,277.10945032807564
2112,0.55244140625,0.04059270895899759,0.44755859375,0.04059270895899759,20048.0716796875,277.1896249305447
2113,0.550390625,0.043678006473644365,0.449609375,0.043678006473644365,20057.7392578125,277.26214236783335
2114,0.55693359375,0.044975023755867205,0.44306640625,0.04497502375586721,20067.37109375,277.3833515149429
2115,0.55654296875,0.046800579758663995,0.44345703125,0.046800579758663995,20077.117578125,277.43133813596717
2116,0.55576171875,0.044973751465970144,0.44423828125,0.044973751465970144,20086.8568359375,277.3735822135788
2117,0.55263671875,0.04660454611807812,0.44736328125,0.04660454611807812,20096.5830078125,277.32527429141913
2118,0.55673828125,0.04276953553121268,0.44326171875,0.04276953553121268,20106.254296875,277.3237504422524
2119,0.5537109375,0.045110422923617735,0.4462890625,0.045110422923617735,20115.996875,277.28249224899236
2120,0.5556640625,0.041743906273101705,0.4443359375,0.041743906273101705,20125.68671875,277.2408237341456
2121,0.55341796875,0.04380195802118049,0.44658203125,0.04380195802118049,20135.4107421875,277.1803135932086
2122,0.55439453125,0.0466200954936067,0.44560546875,0.0466200954936067,20145.09609375,277.12683523710353
2123,0.55478515625,0.048566584706199116,0.44521484375,0.048566584706199116,20154.79765625,277.01462640286593
2124,0.54921875,0.05302869257607739,0.45078125,0.05302869257607739,20164.50625,276.95853182090036
2125,0.550390625,0.0592238258461201,0.449609375,0.0592238258461201,20174.1169921875,276.9352823824413
2126,0.54296875,0.05965510103169353,0.45703125,0.05965510103169353,20183.74921875,276.8780074933323
2127,0.54287109375,0.06072687771792787,0.45712890625,0.06072687771792787,20193.2517578125,276.861433742302
2128,0.5375,0.061560938471629974,0.4625,0.061560938471629974,20202.7515625,276.9042303134839
2129,0.536328125,0.06390450696736645,0.463671875,0.06390450696736645,20212.1576171875,276.9015192081109
2130,0.53818359375,0.06656897858088073,0.46181640625,0.06656897858088073,20221.54375,277.02581019355796
2131,0.53662109375,0.06848377353022012,0.46337890625,0.06848377353022012,20230.96171875,277.1556838144921
2132,0.5361328125,0.06422931073824595,0.4638671875,0.06422931073824595,20240.3525390625,277.2664185835036
2133,0.5365234375,0.05702690212450584,0.4634765625,0.05702690212450584,20249.7353515625,277.3472080003531
2134,0.5375,0.05376098520556927,0.4625,0.05376098520556927,20259.1240234375,277.46774807884543
2135,0.540234375,0.05477601653374119,0.459765625,0.05477601653374118,20268.5306640625,277.6608011465695
2136,0.54091796875,0.05258668917644501,0.45908203125,0.05258668917644501,20277.984765625,277.8713956320955
2137,0.54580078125,0.042285156250000004,0.45419921875,0.042285156250000004,20287.45078125,278.0256693890024
2138,0.54873046875,0.037539778909982294,0.45126953125,0.037539778909982294,20297.001953125,278.20009495632763
2139,0.55068359375,0.03561026820710884,0.44931640625,0.03561026820710884,20306.605078125,278.30986864149435
2140,0.5513671875,0.03354659208223737,0.4486328125,0.03354659208223737,20316.2419921875,278.3848040377712
2141,0.5529296875,0.03291406806313744,0.4470703125,0.03291406806313744,20325.890625,278.4814092981918
2142,0.5541015625,0.032150122411800396,0.4458984375,0.032150122411800396,20335.5669921875,278.6433133322895
2143,0.55927734375,0.03580150580622502,0.44072265625,0.03580150580622502,20345.2640625,278.722373267766
2144,0.55771484375,0.03413068473891302,0.44228515625,0.03413068473891302,20355.0509765625,278.8540837923045
2145,0.55498046875,0.04340828551208436,0.44501953125,0.04340828551208436,20364.8109375,278.9416185965006
2146,0.562890625,0.04721596370936324,0.437109375,0.04721596370936324,20374.5234375,279.0326511596949
2147,0.56689453125,0.0458261773274008,0.43310546875,0.0458261773274008,20384.37421875,279.21315201958464
2148,0.56865234375,0.04388244200623598,0.43134765625,0.04388244200623598,20394.29453125,279.3632863430307
2149,0.565625,0.04245026314769549,0.434375,0.04245026314769549,20404.245703125,279.4608113800547
2150,0.5609375,0.03751881445339499,0.4390625,0.03751881445339499,20414.1439453125,279.63323603697455
2151,0.559765625,0.03132559216693876,0.440234375,0.03132559216693876,20423.9607421875,279.80891798019127
2152,0.557421875,0.03222892983729108,0.442578125,0.03222892983729108,20433.757421875,279.94068317556446
2153,0.55947265625,0.03747621417683916,0.44052734375,0.03747621417683916,20443.511328125,280.080557388431
2154,0.5630859375,0.041444005487166806,0.4369140625,0.041444005487166806,20453.3017578125,280.2505292620327
2155,0.55947265625,0.04191819880714523,0.44052734375,0.04191819880714523,20463.15625,280.45414192431474
2156,0.55654296875,0.04516208281019469,0.44345703125,0.04516208281019469,20472.9470703125,280.6181268236202
2157,0.5560546875,0.045002899076536935,0.4439453125,0.045002899076536935,20482.6869140625,280.76871934077974
2158,0.558203125,0.04127799269179719,0.441796875,0.04127799269179719,20492.417578125,280.8353479008923
2159,0.560546875,0.04511676474369034,0.439453125,0.04511676474369034,20502.185546875,280.9538119140157
2160,0.5595703125,0.044817729139424764,0.4404296875,0.044817729139424764,20511.9958984375,281.13856541255035
2161,0.5552734375,0.04498170268742788,0.4447265625,0.04498170268742788,20521.7876953125,281.31752744442383
2162,0.55390625,0.04739458131359137,0.44609375,0.04739458131359138,20531.505078125,281.4784640395755
2163,0.55556640625,0.05174758522186273,0.44443359375,0.05174758522186273,20541.1984375,281.6202421734797
2164,0.55869140625,0.05018894734083057,0.44130859375,0.05018894734083057,20550.920703125,281.72009797556694
2165,0.56015625,0.054701797796131955,0.43984375,0.054701797796131955,20560.6982421875,281.86867033455445
2166,0.5556640625,0.04697661512033474,0.4443359375,0.04697661512033474,20570.5009765625,281.97392392937803
2167,0.55224609375,0.04894371084894401,0.44775390625,0.04894371084894401,20580.225,282.05161898506225
2168,0.55458984375,0.05131638484099805,0.44541015625,0.05131638484099805,20589.8892578125,282.0732318347736
2169,0.5576171875,0.050324720711082314,0.4423828125,0.050324720711082314,20599.59453125,282.05394217352074
2170,0.56435546875,0.050002384128950306,0.43564453125,0.050002384128950306,20609.353125,282.08879532818565
2171,0.56005859375,0.04664504549429702,0.43994140625,0.04664504549429702,20619.2291015625,282.12770368498303
2172,0.56572265625,0.04836311781886206,0.43427734375,0.04836311781886206,20629.030078125,282.2263789767461
2173,0.56396484375,0.04069407532705016,0.43603515625,0.04069407532705016,20638.9306640625,282.3298492083425
2174,0.56376953125,0.04008916929484791,0.43623046875,0.04008916929484791,20648.7994140625,282.4186782093587
2175,0.5583984375,0.04216850700935993,0.4416015625,0.04216850700935993,20658.6658203125,282.5238839677898
2176,0.55966796875,0.041717510990789006,0.44033203125,0.041717510990789006,20668.437890625,282.756529068446
2177,0.561328125,0.03848399753671972,0.438671875,0.03848399753671973,20678.2322265625,283.0193399762201
2178,0.5619140625,0.032283330682279454,0.4380859375,0.032283330682279454,20688.055078125,283.2273428974328
2179,0.56162109375,0.03442559420336681,0.43837890625,0.03442559420336681,20697.887890625,283.44932705591907
2180,0.565625,0.03266977422556236,0.434375,0.03266977422556236,20707.7166015625,283.64478820855544
2181,0.5646484375,0.03402812378030579,0.4353515625,0.03402812378030579,20717.6146484375,283.8192239153282
2182,0.56259765625,0.030975509567933893,0.43740234375,0.030975509567933893,20727.496484375,283.888697202697
2183,0.5607421875,0.03261133929607298,0.4392578125,0.03261133929607298,20737.3419921875,283.91960322477564
2184,0.5625,0.02169639699531065,0.4375,0.02169639699531065,20747.15546875,283.94734544515745
2185,0.56455078125,0.01856727574626109,0.43544921875,0.01856727574626109,20756.9986328125,283.89944372125984
2186,0.56728515625,0.024022048041627463,0.43271484375,0.024022048041627463,20766.8787109375,283.76615735195804
2187,0.56962890625,0.03282194455780559,0.43037109375,0.03282194455780559,20776.80546875,283.62421184405065
2188,0.5673828125,0.03240657583310157,0.4326171875,0.03240657583310157,20786.77421875,283.364973605775
2189,0.56669921875,0.03270259798794482,0.43330078125,0.03270259798794482,20796.7033203125,283.18722761879854
2190,0.56923828125,0.03221901545151619,0.43076171875,0.03221901545151619,20806.62109375,282.9788601086698
2191,0.5693359375,0.03485384260362523,0.4306640625,0.03485384260362523,20816.5828125,282.7712068602985
2192,0.5740234375,0.042432286792044846,0.4259765625,0.042432286792044846,20826.5462890625,282.52569935267104
2193,0.574609375,0.04048484688310476,0.425390625,0.04048484688310476,20836.591015625,282.2210454196908
2194,0.57490234375,0.04579661661502724,0.42509765625,0.04579661661502724,20846.6466796875,281.9592321274235
2195,0.57294921875,0.042012735706543215,0.42705078125,0.042012735706543215,20856.707421875,281.6658773892271
2196,0.57294921875,0.04391068514215327,0.42705078125,0.04391068514215327,20866.733984375,281.35975359166446
2197,0.57802734375,0.046218238440849255,0.42197265625,0.046218238440849255,20876.7611328125,281.1026729580826
2198,0.5783203125,0.044271359908020315,0.4216796875,0.044271359908020315,20886.8765625,280.7397011350479
2199,0.57822265625,0.0455385030966349,0.42177734375,0.0455385030966349,20896.9966796875,280.45300528013945
2200,0.57392578125,0.0484242082632525,0.42607421875,0.0484242082632525,20907.115625,280.24502380853403
2201,0.5755859375,0.053794679036832084,0.4244140625,0.053794679036832084,20917.1587890625,280.0243115988376
2202,0.58115234375,0.0483993872548559,0.41884765625,0.0483993872548559,20927.2326171875,279.85215576286197
2203,0.58076171875,0.047211620911041086,0.41923828125,0.047211620911041086,20937.4025390625,279.71769139902364
2204,0.5728515625,0.04433894882394598,0.4271484375,0.04433894882394598,20947.565625,279.55797705938676
2205,0.5763671875,0.042888330283559865,0.4236328125,0.042888330283559865,20957.5908203125,279.47387028093954
2206,0.5794921875,0.03656884293271391,0.4205078125,0.03656884293271391,20967.6767578125,279.29077828142835
2207,0.57919921875,0.036099673358992834,0.42080078125,0.036099673358992834,20977.8177734375,279.0883646640803
2208,0.57919921875,0.031187223322373062,0.42080078125,0.031187223322373062,20987.954296875,278.9352352202706
2209,0.5767578125,0.03297601556493845,0.4232421875,0.03297601556493845,20998.0904296875,278.833752839578
2210,0.5767578125,0.038499854149480234,0.4232421875,0.038499854149480234,21008.18359375,278.78404165374735
2211,0.575390625,0.04058272289362725,0.424609375,0.04058272289362725,21018.2763671875,278.6821701142411
2212,0.5751953125,0.040160353632733986,0.4248046875,0.040160353632733986,21028.3458984375,278.59752521887657
2213,0.57158203125,0.040371263833096006,0.42841796875,0.040371263833096,21038.41171875,278.57420489586224
2214,0.5740234375,0.04320293074662477,0.4259765625,0.043202930746624776,21048.4142578125,278.548088916597
2215,0.57177734375,0.04162780220749081,0.42822265625,0.04162780220749081,21058.459765625,278.44085833434326
2216,0.5724609375,0.037339438983644106,0.4275390625,0.037339438983644106,21068.4662109375,278.4238969659582
2217,0.57314453125,0.034827701995594616,0.42685546875,0.034827701995594616,21078.4841796875,278.4764057505789
2218,0.57021484375,0.036686660055134164,0.42978515625,0.036686660055134164,21088.5140625,278.5894875798921
2219,0.5716796875,0.03879350742407444,0.4283203125,0.03879350742407444,21098.4927734375,278.6921091141122
2220,0.56669921875,0.037332414638478154,0.43330078125,0.037332414638478154,21108.496875,278.81592649918406
2221,0.56611328125,0.04223009008305395,0.43388671875,0.04223009008305395,21118.4138671875,278.8868409730724
2222,0.566796875,0.04712498445788869,0.433203125,0.04712498445788869,21128.321875,278.92741062387336
2223,0.56767578125,0.04725603999532799,0.43232421875,0.04725603999532799,21138.2404296875,278.8875981834615
2224,0.5640625,0.04542894856449774,0.4359375,0.04542894856449774,21148.1744140625,278.86720639386414
2225,0.5609375,0.04228459241107916,0.4390625,0.04228459241107916,21158.045703125,278.8137642829995
2226,0.56103515625,0.04138194396418422,0.43896484375,0.04138194396418422,21167.86171875,278.75843565598393
2227,0.56484375,0.03500455554197777,0.43515625,0.03500455554197777,21177.6798828125,278.66428169389667
2228,0.56044921875,0.033609785644065616,0.43955078125,0.033609785644065616,21187.5650390625,278.610115447163
2229,0.56494140625,0.030425055056971163,0.43505859375,0.030425055056971163,21197.37265625,278.54989927992256
2230,0.56357421875,0.030362928464276268,0.43642578125,0.030362928464276268,21207.258984375,278.48437899052044
2231,0.5626953125,0.037632010481644815,0.4373046875,0.037632010481644815,21217.121484375,278.46255365624535
2232,0.56435546875,0.03828934564429332,0.43564453125,0.03828934564429332,21226.9685546875,278.40179246655657
2233,0.5654296875,0.042853182655105966,0.4345703125,0.042853182655105966,21236.8443359375,278.36011758537074
2234,0.55849609375,0.04698564821629754,0.44150390625,0.04698564821629754,21246.7396484375,278.2506079833182
2235,0.55537109375,0.04464514372283089,0.44462890625,0.04464514372283089,21256.513671875,278.10497275401946
2236,0.55576171875,0.044831451962690304,0.44423828125,0.044831451962690304,21266.2326171875,278.03733011274926
2237,0.55,0.04257140500295687,0.45,0.04257140500295687,21275.9587890625,278.02089652892266
2238,0.5505859375,0.04464888177819204,0.4494140625,0.04464888177819203,21285.58359375,277.9554446141932
2239,0.55634765625,0.0449516927194597,0.44365234375,0.0449516927194597,21295.218359375,277.91793572912667
2240,0.55576171875,0.039355468750000004,0.44423828125,0.039355468750000004,21304.9552734375,277.96988193113805
2241,0.5578125,0.03831262665022908,0.4421875,0.03831262665022908,21314.6810546875,277.9810368650621
2242,0.555859375,0.03695692369481495,0.444140625,0.03695692369481496,21324.442578125,277.97887101626236
2243,0.5583984375,0.03350563024777748,0.4416015625,0.03350563024777748,21334.16953125,277.9356643163898
2244,0.5599609375,0.039999027240368995,0.4400390625,0.039999027240368995,21343.9423828125,277.90364297501696
2245,0.56318359375,0.041212904462834155,0.43681640625,0.041212904462834155,21353.7416015625,277.8175933200041
2246,0.5669921875,0.038541941598822335,0.4330078125,0.038541941598822335,21363.597265625,277.8465226940716
2247,0.5634765625,0.04057144155828318,0.4365234375,0.04057144155828318,21373.519140625,277.8676073084351
2248,0.56689453125,0.03697872251145382,0.43310546875,0.03697872251145382,21383.3798828125,277.920839329917
2249,0.56181640625,0.03596628114660455,0.43818359375,0.035966281146604544,21393.300390625,278.0151953445499
2250,0.55615234375,0.03959175154197062,0.44384765625,0.03959175154197062,21403.13203125,278.0842198492439
2251,0.55869140625,0.046888120722291315,0.44130859375,0.046888120722291315,21412.865234375,278.1720046373663
2252,0.55947265625,0.04317345150289529,0.44052734375,0.04317345150289529,21422.6416015625,278.3478059532482
2253,0.55712890625,0.04184259783730468,0.44287109375,0.04184259783730468,21432.4330078125,278.52352394601076
2254,0.55810546875,0.045098265275770745,0.44189453125,0.045098265275770745,21442.182421875,278.58397776558166
2255,0.559375,0.046080506572058214,0.440625,0.04608050657205821,21451.9494140625,278.5540265994172
2256,0.55791015625,0.0411665980741313,0.44208984375,0.0411665980741313,21461.7380859375,278.51711706359026
2257,0.55390625,0.044578339959611406,0.44609375,0.04457833995961142,21471.50234375,278.584158533966
2258,0.5580078125,0.03975509054349007,0.4419921875,0.03975509054349007,21481.1953125,278.6178988004035
2259,0.56650390625,0.038931543179294724,0.43349609375,0.038931543179294724,21490.96015625,278.65253741992944
2260,0.56923828125,0.03472349206933626,0.43076171875,0.03472349206933626,21500.87421875,278.7357531439392
2261,0.5642578125,0.031340810438241405,0.4357421875,0.0313408104382414,21510.8361328125,278.8137598025249
2262,0.56162109375,0.030990899749919656,0.43837890625,0.030990899749919656,21520.7103515625,278.7728441767567
2263,0.56201171875,0.030860765643112315,0.43798828125,0.030860765643112315,21530.538671875,278.6870303790423
2264,0.5572265625,0.03030555252213487,0.4427734375,0.03030555252213487,21540.373828125,278.61766288506044
2265,0.55849609375,0.03134887312669271,0.44150390625,0.03134887312669271,21550.125,278.516079184741
2266,0.5580078125,0.04014657820660708,0.4419921875,0.04014657820660708,21559.8990234375,278.36076616784226
2267,0.55732421875,0.04046800060388425,0.44267578125,0.04046800060388425,21569.6638671875,278.1263216966406
2268,0.55439453125,0.041277646134858154,0.44560546875,0.041277646134858154,21579.417578125,277.8499364614285
2269,0.54990234375,0.0427561546490792,0.45009765625,0.0427561546490792,21589.11953125,277.5387073372551
2270,0.5498046875,0.04601050149214409,0.4501953125,0.04601050149214409,21598.742578125,277.33309651468636
2271,0.54638671875,0.0507385074023946,0.45361328125,0.0507385074023946,21608.3642578125,277.2270544812794
2272,0.54267578125,0.04753572826870472,0.45732421875,0.04753572826870472,21617.9259765625,277.10560925284415
2273,0.54677734375,0.050874032576077144,0.45322265625,0.050874032576077144,21627.4224609375,276.98716775944905
2274,0.544921875,0.048494957101309126,0.455078125,0.048494957101309126,21636.991015625,276.97230941163895
2275,0.54267578125,0.048284177228465675,0.45732421875,0.04828417722846567,21646.527734375,276.9165742610839
2276,0.5505859375,0.0538789984332297,0.4494140625,0.0538789984332297,21656.0234375,276.8743133591518
2277,0.54873046875,0.05509136933513023,0.45126953125,0.05509136933513023,21665.6591796875,277.02131022789774
2278,0.54599609375,0.05414147402495361,0.45400390625,0.05414147402495361,21675.2626953125,277.2468149485518
2279,0.54853515625,0.05178001071733855,0.45146484375,0.05178001071733856,21684.8171875,277.42135841170705
2280,0.5515625,0.053882538376495696,0.4484375,0.053882538376495696,21694.4166015625,277.61928497443597
2281,0.55458984375,0.05459927663358859,0.44541015625,0.05459927663358859,21704.0693359375,277.80980501942463
2282,0.55693359375,0.05533939375875845,0.44306640625,0.05533939375875845,21713.7740234375,278.1088916412633
2283,0.55595703125,0.05024705883927009,0.44404296875,0.05024705883927009,21723.5203125,278.44663118395613
2284,0.56083984375,0.05174684804264539,0.43916015625,0.051746848042645385,21733.25,278.8589837358861
2285,0.55185546875,0.04935931765512853,0.44814453125,0.04935931765512853,21743.064453125,279.3539755892526
2286,0.55517578125,0.044607104562679474,0.44482421875,0.044607104562679474,21752.721875,279.90884256708887
2287,0.55849609375,0.04548402090665373,0.44150390625,0.04548402090665373,21762.437109375,280.4182731399054
2288,0.55498046875,0.04393022744560801,0.44501953125,0.04393022744560801,21772.211328125,280.9681889509239
2289,0.56044921875,0.04359112912848541,0.43955078125,0.04359112912848541,21781.9232421875,281.4741307584082
2290,0.55283203125,0.04470363512384796,0.44716796875,0.04470363512384796,21791.73125,281.9349023964584
2291,0.54521484375,0.0441251744599176,0.45478515625,0.04412517445991759,21801.405859375,282.3915631638744
2292,0.5458984375,0.03869455616437295,0.4541015625,0.03869455616437295,21810.9470703125,282.96460916061955
2293,0.54482421875,0.041508961089239606,0.45517578125,0.041508961089239606,21820.5001953125,283.46409957339546
2294,0.54287109375,0.04835207389478509,0.45712890625,0.04835207389478509,21830.034375,283.9391482281818
2295,0.5421875,0.05093463913074192,0.4578125,0.05093463913074192,21839.5353515625,284.4277578261925
2296,0.53662109375,0.05723564414393612,0.46337890625,0.05723564414393612,21849.0228515625,284.9710344138552
2297,0.5287109375,0.057170541051840294,0.4712890625,0.057170541051840294,21858.4138671875,285.64672915881164
2298,0.5302734375,0.05909131190022645,0.4697265625,0.05909131190022645,21867.6662109375,286.37010865841734
2299,0.5380859375,0.0560584302975197,0.4619140625,0.0560584302975197,21876.94609375,287.10177041401124
2300,0.53798828125,0.05309923332508591,0.46201171875,0.05309923332508591,21886.3625,287.7882432584133
2301,0.53896484375,0.053601539868682366,0.46103515625,0.053601539868682366,21895.778125,288.416913124412
2302,0.53837890625,0.05036080831156253,0.46162109375,0.05036080831156253,21905.2091796875,289.09112388822547
2303,0.54130859375,0.04755378087813486,0.45869140625,0.04755378087813485,21914.6314453125,289.68693784268675
2304,0.5423828125,0.05056142323482647,0.4576171875,0.05056142323482647,21924.1037109375,290.2019993015171
2305,0.5431640625,0.05420018650599974,0.4568359375,0.05420018650599974,21933.595703125,290.75449301871726
2306,0.5408203125,0.05295058397469964,0.4591796875,0.05295058397469964,21943.1005859375,291.36319009845715
2307,0.54033203125,0.053301081840028186,0.45966796875,0.05330108184002819,21952.565234375,291.9710023697953
2308,0.54423828125,0.05574974559503509,0.45576171875,0.055749745595035066,21962.0208984375,292.61581370636463
2309,0.546484375,0.05187964728806833,0.453515625,0.05187964728806833,21971.545703125,293.26746049001616
2310,0.548828125,0.04974529240250717,0.451171875,0.04974529240250717,21981.1087890625,293.8824605977887
2311,0.55244140625,0.04577370434963392,0.44755859375,0.04577370434963392,21990.7130859375,294.46468054620743
2312,0.55458984375,0.04011627939119458,0.44541015625,0.04011627939119458,22000.3814453125,294.9071070922931
2313,0.5564453125,0.04403809649463852,0.4435546875,0.04403809649463853,22010.086328125,295.2282290072526
2314,0.55390625,0.03920335931202397,0.44609375,0.03920335931202397,22019.82421875,295.6377089186905
2315,0.5525390625,0.03698014092393249,0.4474609375,0.03698014092393249,22029.5173828125,296.00567472205495
2316,0.54638671875,0.03587920394881938,0.45361328125,0.03587920394881938,22039.18671875,296.24510702633086
2317,0.54794921875,0.031693778896299804,0.45205078125,0.031693778896299804,22048.7484375,296.37973383552725
2318,0.5462890625,0.029547108423853212,0.4537109375,0.029547108423853212,22058.3373046875,296.39280629180024
2319,0.5521484375,0.032238989081424176,0.4478515625,0.032238989081424176,22067.8974609375,296.3300482918287
2320,0.5529296875,0.032050894319194216,0.4470703125,0.03205089431919422,22077.5599609375,296.14828093624106
2321,0.553125,0.026762801770251,0.446875,0.026762801770251,22087.236328125,295.8885718317164
2322,0.5521484375,0.02744887715251015,0.4478515625,0.02744887715251015,22096.9162109375,295.6907435452909
2323,0.55556640625,0.025116648334512517,0.44443359375,0.025116648334512517,22106.578515625,295.53337844293543
2324,0.5546875,0.020269259865811885,0.4453125,0.020269259865811885,22116.301171875,295.30753851161387
2325,0.5529296875,0.024700661543045007,0.4470703125,0.024700661543045007,22126.008203125,295.11284174523064
2326,0.55283203125,0.0212543169012433,0.44716796875,0.0212543169012433,22135.6841796875,294.9030346618882
2327,0.55654296875,0.026033954750032846,0.44345703125,0.026033954750032846,22145.3591796875,294.7322171560993
2328,0.55546875,0.03193463898327626,0.44453125,0.03193463898327626,22155.0984375,294.5084249618415
2329,0.55751953125,0.034392335162002415,0.44248046875,0.034392335162002415,22164.819140625,294.225748431696
2330,0.5611328125,0.030169933950056654,0.4388671875,0.030169933950056654,22174.57578125,293.9500885095283
2331,0.5658203125,0.028924060180483286,0.4341796875,0.028924060180483286,22184.395703125,293.72211763839664
2332,0.5671875,0.0337975287442551,0.4328125,0.0337975287442551,22194.2974609375,293.52325527600874
2333,0.566015625,0.03531647516342408,0.433984375,0.03531647516342408,22204.2228515625,293.3051872201161
2334,0.56494140625,0.03233070884618941,0.43505859375,0.03233070884618941,22214.12890625,293.1199160202085
2335,0.5626953125,0.02867770185171911,0.4373046875,0.02867770185171911,22224.015625,292.96378838637133
2336,0.5677734375,0.024512302346140272,0.4322265625,0.024512302346140272,22233.862109375,292.8377004816743
2337,0.566015625,0.02889437044745373,0.433984375,0.02889437044745373,22243.7978515625,292.7881264338241
2338,0.56796875,0.0327176129891383,0.43203125,0.0327176129891383,22253.703125,292.7504751590876
2339,0.57041015625,0.032727084929958176,0.42958984375,0.032727084929958176,22263.643359375,292.7373146432164
2340,0.56982421875,0.027487242080151502,0.43017578125,0.027487242080151502,22273.625,292.7382419130627
2341,0.5732421875,0.028814386335011218,0.4267578125,0.028814386335011218,22283.597265625,292.73487063671513
2342,0.565234375,0.023125362908892236,0.434765625,0.023125362908892236,22293.628125,292.78625051729097
2343,0.56982421875,0.026562679514558846,0.43017578125,0.026562679514558846,22303.519921875,292.9280424411444
2344,0.56953125,0.026377312870672475,0.43046875,0.026377312870672475,22313.4921875,293.1121586467189
2345,0.56650390625,0.02673517090656651,0.43349609375,0.02673517090656651,22323.45859375,293.2148805586618
2346,0.5658203125,0.029989215183858182,0.4341796875,0.029989215183858182,22333.3724609375,293.3855543022589
2347,0.56943359375,0.027911413656945105,0.43056640625,0.027911413656945105,22343.2748046875,293.618420899056
2348,0.5712890625,0.026024978376777162,0.4287109375,0.026024978376777162,22353.239453125,293.76423841042987
2349,0.5732421875,0.03001400938357526,0.4267578125,0.03001400938357526,22363.2373046875,293.9059973010407
2350,0.57333984375,0.03527932558310367,0.42666015625,0.03527932558310367,22373.26875,294.10100339467374
2351,0.57119140625,0.0370153259291026,0.42880859375,0.0370153259291026,22383.302734375,294.3458976779843
2352,0.57158203125,0.04400830988007806,0.42841796875,0.04400830988007806,22393.2982421875,294.4978742086244
2353,0.57109375,0.04227015557395186,0.42890625,0.04227015557395186,22403.3013671875,294.6586111377926
2354,0.57109375,0.04773742765914099,0.42890625,0.04773742765914099,22413.2947265625,294.72604134709195
2355,0.57431640625,0.04388983042762663,0.42568359375,0.04388983042762663,22423.2892578125,294.7776742957677
2356,0.57109375,0.04539030564108824,0.42890625,0.04539030564108824,22433.339453125,294.9188826961713
2357,0.5669921875,0.04443777882076733,0.4330078125,0.04443777882076733,22443.3341796875,295.1217913486887
2358,0.5671875,0.047573330141189994,0.4328125,0.047573330141189994,22453.256640625,295.3505446713632
2359,0.56591796875,0.042775778510424,0.43408203125,0.042775778510424,22463.181640625,295.58099431274934
2360,0.5634765625,0.03984566478242175,0.4365234375,0.03984566478242175,22473.08515625,295.77060071949256
2361,0.5625,0.04607678117212175,0.4375,0.04607678117212175,22482.9462890625,295.89523197553353
2362,0.56376953125,0.04593385020178856,0.43623046875,0.04593385020178856,22492.78984375,295.9270345442774
2363,0.569140625,0.05148216694335616,0.430859375,0.05148216694335616,22502.655859375,296.00421987798995
2364,0.56748046875,0.051256880879784465,0.43251953125,0.051256880879784465,22512.616015625,296.25544445356223
2365,0.56845703125,0.0570039030378434,0.43154296875,0.0570039030378434,22522.546875,296.4973095969609
2366,0.5673828125,0.05360073922629677,0.4326171875,0.05360073922629677,22532.494921875,296.7472872194056
2367,0.56904296875,0.051565921554327626,0.43095703125,0.051565921554327626,22542.4244140625,296.94678835342023
2368,0.5693359375,0.052506015977859026,0.4306640625,0.052506015977859026,22552.3822265625,297.18485419833894
2369,0.56533203125,0.0503672464239321,0.43466796875,0.0503672464239321,22562.345703125,297.35904081028264
2370,0.56484375,0.04871314587516071,0.43515625,0.04871314587516071,22572.2388671875,297.43595164095393
2371,0.56279296875,0.04283548670797133,0.43720703125,0.04283548670797133,22582.1232421875,297.53817495176486
2372,0.563671875,0.041249334156557904,0.436328125,0.041249334156557904,22591.972265625,297.61014691610285
2373,0.564453125,0.04212143988804499,0.435546875,0.04212143988804499,22601.8369140625,297.7796374867103
2374,0.56328125,0.04380576802773808,0.43671875,0.04380576802773808,22611.714453125,297.9528139939491
2375,0.56064453125,0.049717390558537924,0.43935546875,0.049717390558537924,22621.571875,298.0566874188534
2376,0.56103515625,0.04707446574648918,0.43896484375,0.04707446574648918,22631.383203125,298.15607038962105
2377,0.56015625,0.051135334043059824,0.43984375,0.051135334043059824,22641.2015625,298.3141838287395
2378,0.5505859375,0.041415461829075684,0.4494140625,0.041415461829075684,22651.0041015625,298.52766708698135
2379,0.54951171875,0.04116196457010413,0.45048828125,0.04116196457010413,22660.6396484375,298.7440711792209
2380,0.54970703125,0.04503308669294974,0.45029296875,0.04503308669294974,22670.255859375,298.8974132128542
2381,0.55263671875,0.046645454399519955,0.44736328125,0.046645454399519955,22679.875390625,299.0677493521245
2382,0.54921875,0.03934759245781834,0.45078125,0.03934759245781834,22689.5466796875,299.2048750600702
2383,0.54482421875,0.043950629018680666,0.45517578125,0.043950629018680666,22699.158203125,299.31527430709696
2384,0.5490234375,0.0440164355012793,0.4509765625,0.04401643550127931,22708.6921875,299.49226173912035
2385,0.5470703125,0.04675440215737712,0.4529296875,0.04675440215737712,22718.3005859375,299.67196056880096
2386,0.5453125,0.047129031709582284,0.4546875,0.047129031709582284,22727.8740234375,299.8230338903129
2387,0.5451171875,0.04346262692204469,0.4548828125,0.04346262692204469,22737.4171875,299.98265876012437
2388,0.54453125,0.04492442248211503,0.45546875,0.04492442248211503,22746.9568359375,300.18547956362954
2389,0.54443359375,0.04162551118920577,0.45556640625,0.04162551118920577,22756.4859375,300.59810134024116
2390,0.54326171875,0.04864624328222718,0.45673828125,0.048646243282227185,22766.0138671875,300.98584877466465
2391,0.5416015625,0.04629606684875145,0.4583984375,0.04629606684875145,22775.520703125,301.4416759516662
2392,0.5388671875,0.0455978354492431,0.4611328125,0.04559783544924309,22784.998828125,301.8801841997712
2393,0.5380859375,0.04226835062260496,0.4619140625,0.04226835062260496,22794.4291015625,302.380573939547
2394,0.53935546875,0.04227297565614698,0.46064453125,0.04227297565614698,22803.8455078125,302.77978422977293
2395,0.53232421875,0.04629452186292241,0.46767578125,0.04629452186292241,22813.284375,303.0856183633856
2396,0.5283203125,0.048242582867813084,0.4716796875,0.048242582867813084,22822.599609375,303.40615760172386
2397,0.52626953125,0.05508098189066748,0.47373046875,0.05508098189066748,22831.8455078125,303.88637389997115
2398,0.5236328125,0.05779039114837372,0.4763671875,0.05779039114837372,22841.055078125,304.489382031355
2399,0.52685546875,0.05480116883862152,0.47314453125,0.05480116883862152,22850.218359375,305.06218627688474
2400,0.52607421875,0.0528013355259618,0.47392578125,0.05280133552596179,22859.437890625,305.5922245177378
2401,0.53212890625,0.04865486839846626,0.46787109375,0.04865486839846626,22868.64453125,306.10929627457665
2402,0.53544921875,0.0523860930938144,0.46455078125,0.0523860930938144,22877.956640625,306.6118700401002
2403,0.53330078125,0.05434892752816668,0.46669921875,0.05434892752816668,22887.32734375,307.07534504422057
2404,0.52646484375,0.0503672464239321,0.47353515625,0.0503672464239321,22896.659765625,307.5662887774603
2405,0.53037109375,0.048069199748670036,0.46962890625,0.048069199748670036,22905.8732421875,307.98408724122834
2406,0.53486328125,0.04700310051613492,0.46513671875,0.04700310051613492,22915.1546875,308.3935717359284
2407,0.53623046875,0.044201618016519714,0.46376953125,0.044201618016519714,22924.5150390625,308.9159601907101
2408,0.53935546875,0.04348072563316894,0.46064453125,0.04348072563316893,22933.8990234375,309.3833359091051
2409,0.540234375,0.0416588330852346,0.459765625,0.0416588330852346,22943.3373046875,309.79787597870103
2410,0.537890625,0.04925361488359572,0.462109375,0.049253614883595725,22952.7916015625,310.16704937813046
2411,0.54111328125,0.04704041857396953,0.45888671875,0.04704041857396953,22962.205078125,310.58942880246906
2412,0.5421875,0.045065581958364784,0.4578125,0.04506558195836479,22971.67421875,310.9219473696085
2413,0.5408203125,0.042524335289300816,0.4591796875,0.04252433528930082,22981.1625,311.20118834580006
2414,0.54140625,0.044064941338617276,0.45859375,0.044064941338617276,22990.626953125,311.52486167263606
2415,0.5376953125,0.04494352399535548,0.4623046875,0.04494352399535548,23000.101171875,311.8501638644768
2416,0.53701171875,0.04121845773357575,0.46298828125,0.04121845773357575,23009.51171875,312.1811045205224
2417,0.5330078125,0.04940441173050743,0.4669921875,0.04940441173050743,23018.908984375,312.4894170085446
2418,0.53056640625,0.04995582536516676,0.46943359375,0.04995582536516676,23028.2373046875,312.8009336219206
2419,0.52890625,0.05041219560118396,0.47109375,0.05041219560118396,23037.52109375,313.10609063505507
2420,0.526953125,0.053113150677608495,0.473046875,0.053113150677608495,23046.7771484375,313.4378799700273
2421,0.52939453125,0.04687388100877924,0.47060546875,0.04687388100877924,23055.9994140625,313.804951103993
2422,0.52646484375,0.04658203125,0.47353515625,0.04658203125,23065.26328125,314.12107803659103
2423,0.52109375,0.04768425790707493,0.47890625,0.04768425790707493,23074.4763671875,314.41325068475385
2424,0.5220703125,0.05242276277657356,0.4779296875,0.05242276277657356,23083.5955078125,314.7042137208757
2425,0.52548828125,0.05283816825492849,0.47451171875,0.05283816825492849,23092.732421875,315.00769039515075
2426,0.531640625,0.051531048054296535,0.468359375,0.051531048054296535,23101.927734375,315.2761646844841
2427,0.53642578125,0.05184259344630878,0.46357421875,0.05184259344630878,23111.231640625,315.6077981577699
2428,0.53662109375,0.04660413685392547,0.46337890625,0.04660413685392547,23120.619140625,315.93133110747624
2429,0.54404296875,0.045663983138564485,0.45595703125,0.045663983138564485,23130.009765625,316.20738245111113
2430,0.54345703125,0.04541015625,0.45654296875,0.04541015625,23139.5306640625,316.5204027575854
2431,0.54462890625,0.042589882443461284,0.45537109375,0.042589882443461284,23149.0408203125,316.85271443261803
2432,0.5412109375,0.039470042010474146,0.4587890625,0.03947004201047414,23158.5716796875,317.1080969180045
2433,0.5484375,0.03846267991939759,0.4515625,0.03846267991939759,23168.04375,317.2092286808258
2434,0.54814453125,0.041427549246218415,0.45185546875,0.04142754924621841,23177.6404296875,317.29548690410365
2435,0.5470703125,0.03904736034737376,0.4529296875,0.03904736034737376,23187.2337890625,317.32152868794657
2436,0.544140625,0.041156751254540554,0.455859375,0.041156751254540554,23196.8072265625,317.32881694185005
2437,0.5423828125,0.050011442782424184,0.4576171875,0.050011442782424184,23206.3294921875,317.2807795186285
2438,0.54755859375,0.05035133900381934,0.45244140625,0.05035133900381934,23215.821484375,317.2855117223982
2439,0.545703125,0.05355054175693219,0.454296875,0.053550541756932184,23225.4037109375,317.4486352418039
2440,0.54384765625,0.052166082133145386,0.45615234375,0.052166082133145386,23234.953125,317.57036490052946
2441,0.53701171875,0.049465469338320765,0.46298828125,0.049465469338320765,23244.4701171875,317.69273302816373
2442,0.53388671875,0.053193620233262066,0.46611328125,0.053193620233262066,23253.8681640625,317.7826366087077
2443,0.536328125,0.05380637827222194,0.463671875,0.05380637827222194,23263.21171875,317.9034947198735
2444,0.5373046875,0.04608464555211489,0.4626953125,0.04608464555211489,23272.59765625,318.16464660613394
2445,0.53828125,0.045152262475324806,0.46171875,0.045152262475324806,23281.99921875,318.42195217545503
2446,0.53662109375,0.045865700592542205,0.46337890625,0.045865700592542205,23291.4197265625,318.6474019480257
2447,0.53525390625,0.04477823928540488,0.46474609375,0.04477823928540488,23300.811328125,318.93645679253177
2448,0.53837890625,0.04318361141734148,0.46162109375,0.04318361141734148,23310.1779296875,319.1896003033473
2449,0.544921875,0.03837281778200879,0.455078125,0.03837281778200879,23319.5994140625,319.4687499121758
2450,0.5408203125,0.03809545153603479,0.4591796875,0.03809545153603478,23329.1353515625,319.7694586004628
2451,0.53955078125,0.03669913559397178,0.46044921875,0.03669913559397178,23338.599609375,320.0365729138967
2452,0.5416015625,0.0340824509734184,0.4583984375,0.0340824509734184,23348.041796875,320.25781812953386
2453,0.53896484375,0.037466033811643255,0.46103515625,0.037466033811643255,23357.519921875,320.4898259966333
2454,0.5361328125,0.037829666654614055,0.4638671875,0.037829666654614055,23366.9517578125,320.7207118720106
2455,0.52841796875,0.037241361704514045,0.47158203125,0.037241361704514045,23376.3345703125,320.90620070357244
2456,0.5283203125,0.04099004038354355,0.4716796875,0.04099004038354355,23385.5814453125,321.09657957624756
2457,0.52685546875,0.038643381430003336,0.47314453125,0.038643381430003336,23394.8271484375,321.2351523246287
2458,0.52744140625,0.04067110233400955,0.47255859375,0.04067110233400955,23404.047265625,321.34651804465506
2459,0.52666015625,0.038211057498597614,0.47333984375,0.03821105749859761,23413.2771484375,321.43095852344044
2460,0.53232421875,0.037448211513131394,0.46767578125,0.037448211513131394,23422.4943359375,321.4457557022427
2461,0.5328125,0.03920433235361838,0.4671875,0.03920433235361838,23431.809375,321.44165036406787
2462,0.5349609375,0.040681301131094,0.4650390625,0.040681301131094,23441.13359375,321.4004987267718
2463,0.53505859375,0.03750928128145055,0.46494140625,0.03750928128145055,23450.4955078125,321.28443027394235
2464,0.5287109375,0.04414710613370336,0.4712890625,0.04414710613370336,23459.8587890625,321.190448485776
2465,0.52587890625,0.04572617691218983,0.47412109375,0.04572617691218983,23469.111328125,321.10428867095635
2466,0.52529296875,0.047720743533638706,0.47470703125,0.047720743533638706,23478.3142578125,321.02119147973156
2467,0.52001953125,0.04708459407952657,0.47998046875,0.04708459407952657,23487.506640625,320.8948307523268
2468,0.5259765625,0.046887612235561156,0.4740234375,0.046887612235561156,23496.6072265625,320.8536122384916
2469,0.53369140625,0.0476823578908208,0.46630859375,0.0476823578908208,23505.81171875,320.91629177568547
2470,0.53525390625,0.04719626642105193,0.46474609375,0.04719626642105193,23515.1509765625,321.0495582234733
2471,0.537890625,0.045526669242375806,0.462109375,0.045526669242375806,23524.518359375,321.13086133645214
2472,0.54150390625,0.046238455491455936,0.45849609375,0.046238455491455936,23533.9314453125,321.2829735145019
2473,0.54482421875,0.04730525601562792,0.45517578125,0.04730525601562792,23543.4080078125,321.43758456916447
2474,0.54423828125,0.047619915227706415,0.45576171875,0.04761991522770642,23552.9421875,321.5906259755281
2475,0.54755859375,0.04683439403341885,0.45244140625,0.046834394033418845,23562.4662109375,321.7592234051109
2476,0.54658203125,0.04708216347830515,0.45341796875,0.04708216347830515,23572.0486328125,321.8991104623853
2477,0.54462890625,0.04842026927017536,0.45537109375,0.04842026927017537,23581.6134765625,321.93783567949856
2478,0.547265625,0.04909924728531359,0.452734375,0.04909924728531359,23591.144921875,322.0249631147391
2479,0.55185546875,0.04431582091118506,0.44814453125,0.04431582091118506,23600.721875,322.2016430640638
2480,0.55439453125,0.042157763137977936,0.44560546875,0.04215776313797794,23610.3794921875,322.4439995646729
2481,0.55205078125,0.040077273116250936,0.44794921875,0.040077273116250936,23620.081640625,322.626376113765
2482,0.54990234375,0.03803193788055238,0.45009765625,0.03803193788055238,23629.741796875,322.82093503323733
2483,0.5509765625,0.03687942736927917,0.4490234375,0.03687942736927917,23639.3650390625,322.95795900306337
2484,0.55546875,0.038197952263556045,0.44453125,0.03819795226355604,23649.0078125,323.1282369260413
2485,0.56484375,0.0310731077445167,0.43515625,0.0310731077445167,23658.728515625,323.34771956251194
2486,0.5658203125,0.02831761840633903,0.4341796875,0.02831761840633903,23668.612890625,323.48336859235803
2487,0.565234375,0.027741251348257303,0.434765625,0.027741251348257303,23678.51484375,323.49448980057673
2488,0.5625,0.029832346070503953,0.4375,0.029832346070503953,23688.406640625,323.61102738588164
2489,0.5703125,0.031641227810615714,0.4296875,0.031641227810615714,23698.2498046875,323.7363385149065
2490,0.5646484375,0.029519983796732933,0.4353515625,0.029519983796732933,23708.23046875,323.93966547253063
2491,0.56728515625,0.029033483971585644,0.43271484375,0.029033483971585644,23718.11171875,324.0957023373328
2492,0.56943359375,0.028733017923109408,0.43056640625,0.028733017923109408,23728.0390625,324.2201237004972
2493,0.5681640625,0.03362779887863425,0.4318359375,0.03362779887863425,23738.0044921875,324.29850413794685
2494,0.569140625,0.03556296854096003,0.430859375,0.03556296854096003,23747.9470703125,324.36425242405795
2495,0.57216796875,0.03766911836820309,0.42783203125,0.03766911836820309,23757.9072265625,324.3847227867221
2496,0.57197265625,0.037222407010000895,0.42802734375,0.037222407010000895,23767.9203125,324.4302498451985
2497,0.57470703125,0.03458534388079059,0.42529296875,0.03458534388079059,23777.9298828125,324.4958339811087
2498,0.57294921875,0.03605632212065124,0.42705078125,0.03605632212065124,23787.987109375,324.52588273285323
2499,0.576171875,0.03303900153695014,0.423828125,0.03303900153695014,23798.0138671875,324.5229355410444
2500,0.57822265625,0.0434289322780733,0.42177734375,0.0434289322780733,23808.096875,324.35226187413497
