type,step,episode_reward,mean_episode_fC,actor_loss,critic_loss,eval_reward,eval_mean_fC
train_episode,150,128.9349333333333,0.8615893333333334,,,,
train_episode,300,121.65973333333335,0.813322666666667,,,,
train_episode,450,126.70506666666665,0.8463680000000001,,,,
train_episode,600,128.60479999999998,0.8593386666666669,,,,
train_episode,750,127.87680000000009,0.8543786666666667,,,,
train_episode,900,112.88213333333337,0.7535466666666667,,,,
train_episode,1050,126.0586666666667,0.8426986666666665,,,,
train_episode,1200,124.81493333333336,0.8342186666666673,,,,
train_episode,1350,131.00853333333325,0.8752960000000004,,,,
train_episode,1500,131.44373333333334,0.877845333333333,,,,
train_episode,1650,125.57546666666661,0.8393066666666669,,,,
train_episode,1800,124.10079999999998,0.8285653333333336,,,,
train_episode,1950,124.30986666666666,0.8302293333333332,,,,
train_episode,2100,119.68693333333331,0.7991680000000001,,,,
train_episode,2250,123.81440000000002,0.8274133333333332,,,,
train_episode,2400,123.3882666666667,0.8245013333333335,,,,
train_episode,2550,124.1818666666667,0.8294933333333336,,,,
train_episode,2700,123.33760000000002,0.8240213333333332,,,,
train_episode,2850,113.2421333333333,0.7569280000000005,,,,
train_episode,3000,119.57440000000003,0.7986346666666666,,,,
train_episode,3150,118.19680000000001,0.7893226666666671,,,,
train_episode,3300,115.4709333333334,0.7713813333333335,,,,
train_episode,3450,114.28373333333336,0.7631786666666666,,,,
train_episode,3600,113.96693333333336,0.7604373333333334,,,,
train_episode,3750,113.96906666666673,0.7607360000000002,,,,
train_episode,3900,118.34133333333332,0.790464,,,,
train_episode,4050,119.5104,0.797728,,,,
train_episode,4200,114.39733333333334,0.7632106666666665,,,,
train_episode,4350,120.89226666666669,0.8071573333333332,,,,
train_episode,4500,117.1930666666667,0.782506666666667,,,,
train_episode,4650,115.85439999999996,0.7738346666666668,,,,
train_episode,4800,124.53226666666659,0.8305066666666658,,,,
train_episode,4950,119.64159999999997,0.7984000000000004,,,,
train_episode,5100,113.43039999999998,0.7569386666666663,,,,
train_episode,5250,114.19360000000003,0.7625493333333336,,,,
train_episode,5400,107.33333333333336,0.715882666666667,,,,
train_episode,5550,121.51786666666669,0.8112000000000004,,,,
train_episode,5700,119.0997333333333,0.7956266666666667,,,,
train_episode,5850,116.10346666666666,0.7754026666666668,,,,
train_episode,6000,111.63733333333333,0.7452693333333332,,,,
eval,6000,,,,,112.76693333333333,0.7530304000000001
train_episode,6150,116.93386666666665,0.7803626666666668,,,,
train_episode,6300,117.50986666666668,0.7850453333333334,,,,
train_episode,6450,115.71840000000005,0.7725653333333334,,,,
train_episode,6600,106.69173333333335,0.7123733333333333,,,,
train_episode,6750,112.03146666666665,0.7481920000000003,,,,
train_episode,6900,104.09706666666665,0.6950613333333334,,,,
train_episode,7050,125.19199999999994,0.8367679999999998,,,,
train_episode,7200,120.75786666666664,0.8067733333333332,,,,
train_episode,7350,107.01546666666674,0.7148266666666665,,,,
train_episode,7500,92.00426666666665,0.6136000000000004,,,,
train_episode,7650,115.22986666666661,0.7695253333333335,,,,
train_episode,7800,105.95839999999994,0.7079466666666665,,,,
train_episode,7950,74.09760000000001,0.4938240000000001,,,,
train_episode,8100,92.82400000000003,0.6192320000000002,,,,
train_episode,8250,104.2288,0.6959040000000003,,,,
train_episode,8400,107.23519999999999,0.7156906666666667,,,,
train_episode,8550,109.92106666666662,0.7344213333333335,,,,
train_episode,8700,106.75253333333342,0.7126826666666668,,,,
train_episode,8850,96.01759999999996,0.6405866666666666,,,,
train_episode,9000,102.96160000000005,0.6874346666666667,,,,
train_episode,9150,111.45439999999998,0.7443093333333337,,,,
train_episode,9300,112.88106666666663,0.7540373333333331,,,,
train_episode,9450,116.77120000000002,0.7795306666666673,,,,
train_episode,9600,102.27893333333333,0.6833600000000002,,,,
train_episode,9750,114.01333333333334,0.761728,,,,
train_episode,9900,113.73120000000002,0.7586773333333332,,,,
train_episode,10050,112.12799999999997,0.7495039999999996,,,,
train_episode,10200,104.38400000000001,0.6968853333333332,,,,
train_episode,10350,102.32160000000002,0.6826239999999999,,,,
train_episode,10500,97.60160000000005,0.6506986666666669,,,,
train_episode,10650,107.01066666666665,0.7140053333333335,,,,
train_episode,10800,107.41919999999999,0.7170560000000004,,,,
train_episode,10950,104.93599999999992,0.7002666666666664,,,,
train_episode,11100,109.20959999999995,0.7290346666666665,,,,
train_episode,11250,97.11146666666669,0.647626666666667,,,,
train_episode,11400,97.46133333333331,0.6508373333333335,,,,
train_episode,11550,107.14239999999998,0.7156906666666661,,,,
train_episode,11700,102.81813333333334,0.6868800000000002,,,,
train_episode,11850,108.12906666666662,0.7225599999999998,,,,
train_episode,12000,104.58933333333333,0.6986986666666669,,,,
eval,12000,,,,,106.11424000000002,0.7086954666666667
train_episode,12150,96.2362666666667,0.6426560000000003,,,,
train_episode,12300,102.86826666666668,0.6864746666666667,,,,
train_episode,12450,101.00533333333331,0.6739519999999998,,,,
train_episode,12600,112.83893333333339,0.753866666666667,,,,
train_episode,12750,97.60853333333334,0.6521599999999997,,,,
train_episode,12900,103.44319999999995,0.6907733333333337,,,,
train_episode,13050,105.648,0.7056213333333332,,,,
train_episode,13200,97.01333333333332,0.647264,,,,
train_episode,13350,104.21759999999996,0.6952213333333332,,,,
train_episode,13500,92.16480000000001,0.6148586666666662,,,,
train_episode,13650,87.64479999999998,0.5847786666666668,,,,
train_episode,13800,82.35146666666668,0.5491626666666665,,,,
train_episode,13950,73.7173333333333,0.4912640000000002,,,,
train_episode,14100,100.93813333333333,0.674304,,,,
train_episode,14250,108.69599999999996,0.7257066666666665,,,,
train_episode,14400,96.19839999999998,0.6425600000000002,,,,
train_episode,14550,114.22666666666659,0.7637013333333336,,,,
train_episode,14700,104.13119999999998,0.696128,,,,
train_episode,14850,102.6656,0.6864106666666666,,,,
train_episode,15000,104.66133333333329,0.6991679999999999,,,,
train_episode,15150,104.3376,0.696682666666667,,,,
train_episode,15300,86.41226666666664,0.5766293333333335,,,,
train_episode,15450,81.24319999999999,0.5421866666666667,,,,
train_episode,15600,87.79039999999999,0.5856640000000002,,,,
train_episode,15750,95.76373333333336,0.6398399999999997,,,,
train_episode,15900,100.33706666666664,0.6701226666666663,,,,
train_episode,16050,74.23306666666664,0.49497599999999997,,,,
train_episode,16200,68.54186666666662,0.45653333333333346,,,,
train_episode,16350,89.9136,0.5989973333333334,,,,
train_episode,16500,93.64106666666669,0.6247786666666671,,,,
train_episode,16650,76.8416,0.5124693333333332,,,,
train_episode,16800,95.52266666666668,0.6373866666666668,,,,
train_episode,16950,93.43680000000006,0.6238613333333334,,,,
train_episode,17100,89.41546666666669,0.5962666666666666,,,,
train_episode,17250,58.48533333333335,0.3879039999999998,,,,
train_episode,17400,68.24159999999999,0.4537493333333335,,,,
train_episode,17550,98.26453333333333,0.6557653333333333,,,,
train_episode,17700,81.71893333333331,0.5439893333333334,,,,
train_episode,17850,91.04853333333334,0.6085653333333334,,,,
train_episode,18000,102.5696,0.6843946666666664,,,,
eval,18000,,,,,78.45162666666667,0.5228757333333333
train_episode,18150,82.32373333333335,0.5487039999999997,,,,
train_episode,18300,67.52159999999999,0.4495466666666665,,,,
train_episode,18450,68.36106666666666,0.45499733333333303,,,,
train_episode,18600,89.3253333333333,0.595733333333333,,,,
train_episode,18750,79.02613333333336,0.5272639999999998,,,,
train_episode,18900,102.53973333333334,0.6847253333333334,,,,
train_episode,19050,107.0469333333333,0.7145279999999997,,,,
train_episode,19200,120.9477333333333,0.8080426666666662,,,,
train_episode,19350,76.48053333333328,0.5092159999999999,,,,
train_episode,19500,52.94186666666669,0.35188266666666657,,,,
train_episode,19650,48.98026666666669,0.324672,,,,
train_episode,19800,48.73546666666664,0.32344533333333336,,,,
train_episode,19950,81.42346666666667,0.5423466666666666,,,,
train_episode,20100,80.60800000000002,0.537152,,,,
train_episode,20250,73.33706666666663,0.48985599999999996,,,,
train_episode,20400,97.4192,0.6501226666666666,,,,
train_episode,20550,74.55146666666667,0.49663999999999986,,,,
train_episode,20700,74.7781333333333,0.498784,,,,
train_episode,20850,88.30506666666668,0.5890346666666666,,,,
train_episode,21000,77.37493333333335,0.5156373333333334,,,,
train_episode,21150,79.92106666666669,0.5316480000000001,,,,
train_episode,21300,75.75946666666667,0.5043946666666669,,,,
train_episode,21450,97.40693333333337,0.6494933333333338,,,,
train_episode,21600,62.452799999999996,0.4155946666666667,,,,
train_episode,21750,68.57439999999997,0.4561279999999998,,,,
train_episode,21900,69.91893333333333,0.46541866666666637,,,,
train_episode,22050,74.94719999999998,0.4985173333333331,,,,
train_episode,22200,80.18719999999995,0.5344853333333333,,,,
train_episode,22350,71.06026666666665,0.4733653333333331,,,,
train_episode,22500,71.19360000000005,0.47338666666666673,,,,
train_episode,22650,82.06773333333332,0.5471466666666663,,,,
train_episode,22800,82.53973333333336,0.5495466666666667,,,,
train_episode,22950,64.90453333333333,0.431808,,,,
train_episode,23100,52.84373333333335,0.35085866666666676,,,,
train_episode,23250,68.25279999999998,0.4544639999999998,,,,
train_episode,23400,100.30986666666668,0.6696213333333332,,,,
train_episode,23550,64.6858666666667,0.4299413333333332,,,,
train_episode,23700,64.104,0.4263786666666668,,,,
train_episode,23850,57.49066666666666,0.3808853333333333,,,,
train_episode,24000,69.89546666666668,0.46503466666666676,,,,
eval,24000,,,,,80.83210666666669,0.538464
train_episode,24150,67.22720000000002,0.4479146666666665,,,,
train_episode,24300,83.84373333333332,0.5585173333333332,,,,
train_episode,24450,70.68746666666667,0.4705386666666668,,,,
train_episode,24600,66.67413333333332,0.4438506666666666,,,,
train_episode,24750,80.90986666666669,0.5398400000000001,,,,
train_episode,24900,69.40320000000001,0.46210133333333336,,,,
train_episode,25050,86.84053333333334,0.5799360000000005,,,,
train_episode,25200,94.40799999999999,0.6296213333333333,,,,
train_episode,25350,72.9472,0.48489599999999966,,,,
train_episode,25500,60.89706666666664,0.40498133333333347,,,,
train_episode,25650,62.946666666666694,0.41859200000000024,,,,
train_episode,25800,88.37120000000004,0.5896000000000002,,,,
train_episode,25950,57.67520000000002,0.3837973333333334,,,,
train_episode,26100,87.99946666666669,0.5873386666666668,,,,
train_episode,26250,82.55146666666668,0.5511146666666666,,,,
train_episode,26400,84.8192,0.5651519999999997,,,,
train_episode,26550,50.363199999999985,0.3338666666666666,,,,
train_episode,26700,67.22986666666667,0.4474026666666667,,,,
train_episode,26850,68.04586666666664,0.45166933333333326,,,,
train_episode,27000,67.87786666666666,0.4527466666666667,,,,
train_episode,27150,68.6869333333333,0.4571733333333332,,,,
train_episode,27300,43.989866666666664,0.291072,,,,
train_episode,27450,71.01386666666666,0.4725333333333334,,,,
train_episode,27600,29.390933333333322,0.192768,,,,
train_episode,27750,48.624533333333346,0.32288000000000006,,,,
train_episode,27900,77.88799999999999,0.518538666666667,,,,
train_episode,28050,29.45333333333333,0.19354666666666667,,,,
train_episode,28200,16.669866666666664,0.1082773333333333,,,,
train_episode,28350,60.34506666666668,0.40161066666666667,,,,
train_episode,28500,72.92426666666667,0.4850880000000002,,,,
train_episode,28650,56.71786666666669,0.37719466666666657,,,,
train_episode,28800,75.9738666666667,0.504768,,,,
train_episode,28950,46.02826666666665,0.3041813333333334,,,,
train_episode,29100,76.65919999999998,0.5108693333333333,,,,
train_episode,29250,46.70933333333333,0.309056,,,,
train_episode,29400,64.81653333333331,0.43123200000000006,,,,
train_episode,29550,64.33760000000001,0.42817066666666675,,,,
train_episode,29700,66.17279999999997,0.4406293333333332,,,,
train_episode,29850,45.71093333333331,0.30201599999999973,,,,
train_episode,30000,57.77226666666666,0.38369066666666657,,,,
eval,30000,,,,,51.85973333333332,0.34437333333333336
train_episode,30150,52.91733333333334,0.3505493333333332,,,,
train_episode,30300,37.254399999999976,0.2454079999999999,,,,
train_episode,30450,76.11306666666668,0.5069546666666664,,,,
train_episode,30600,71.10133333333334,0.47301333333333323,,,,
train_episode,30750,65.84213333333331,0.43782399999999994,,,,
train_episode,30900,49.36106666666665,0.3274453333333333,,,,
train_episode,31050,37.063466666666685,0.2437973333333334,,,,
train_episode,31200,41.489066666666666,0.27408000000000005,,,,
train_episode,31350,89.54079999999998,0.5975039999999998,,,,
train_episode,31500,73.06933333333332,0.4864106666666667,,,,
train_episode,31650,59.39466666666667,0.39464533333333357,,,,
train_episode,31800,52.14986666666667,0.34594133333333343,,,,
train_episode,31950,52.96533333333331,0.3507946666666666,,,,
train_episode,32100,38.11306666666666,0.251296,,,,
train_episode,32250,43.38239999999999,0.2869013333333333,,,,
train_episode,32400,42.42186666666667,0.2802026666666668,,,,
train_episode,32550,42.09653333333334,0.2793173333333335,,,,
train_episode,32700,83.22720000000004,0.5550506666666668,,,,
train_episode,32850,25.367999999999995,0.16591999999999998,,,,
train_episode,33000,28.4170666666667,0.18595200000000017,,,,
train_episode,33150,48.72533333333334,0.3231573333333333,,,,
train_episode,33300,46.48480000000001,0.3072106666666668,,,,
train_episode,33450,24.75893333333335,0.16183466666666677,,,,
train_episode,33600,50.870400000000004,0.33780266666666653,,,,
train_episode,33750,56.651733333333354,0.37581866666666686,,,,
train_episode,33900,41.183999999999976,0.27205333333333326,,,,
train_episode,34050,50.35093333333335,0.3332800000000001,,,,
train_episode,34200,44.83093333333333,0.2966293333333334,,,,
train_episode,34350,58.65653333333335,0.3888,,,,
train_episode,34500,53.03840000000001,0.35228800000000005,,,,
train_episode,34650,55.36,0.367264,,,,
train_episode,34800,45.37440000000001,0.3002986666666666,,,,
train_episode,34950,38.22720000000002,0.2520426666666667,,,,
train_episode,35100,45.829866666666675,0.3034133333333334,,,,
train_episode,35250,37.27200000000001,0.24573866666666652,,,,
train_episode,35400,48.51893333333332,0.3214826666666666,,,,
train_episode,35550,37.0976,0.24455466666666661,,,,
train_episode,35700,49.895466666666685,0.3307626666666666,,,,
train_episode,35850,68.53066666666669,0.4546986666666668,,,,
train_episode,36000,18.05919999999999,0.11672533333333325,,,,
eval,36000,,,,,18.110719999999997,0.11702399999999998
train_episode,36150,41.92106666666666,0.27741866666666665,,,,
train_episode,36300,32.60266666666666,0.21379200000000018,,,,
train_episode,36450,32.032533333333326,0.20970666666666649,,,,
train_episode,36600,23.69386666666665,0.1540479999999999,,,,
train_episode,36750,42.38506666666666,0.2803413333333334,,,,
train_episode,36900,49.64799999999999,0.3290453333333332,,,,
train_episode,37050,59.30346666666667,0.3941653333333333,,,,
train_episode,37200,25.68533333333333,0.167968,,,,
train_episode,37350,35.90506666666666,0.23641599999999996,,,,
train_episode,37500,24.947200000000006,0.16313600000000003,,,,
train_episode,37650,57.72479999999999,0.383264,,,,
train_episode,37800,60.25706666666666,0.3998506666666668,,,,
train_episode,37950,49.689599999999984,0.32924800000000015,,,,
train_episode,38100,34.25973333333336,0.2253866666666667,,,,
train_episode,38250,49.64213333333331,0.3284586666666664,,,,
train_episode,38400,59.514666666666656,0.39597866666666653,,,,
train_episode,38550,72.79146666666666,0.4839573333333334,,,,
train_episode,38700,40.03466666666666,0.26460799999999995,,,,
train_episode,38850,44.87946666666667,0.29761066666666663,,,,
train_episode,39000,43.38933333333334,0.28639999999999993,,,,
train_episode,39150,23.888000000000005,0.15596800000000002,,,,
train_episode,39300,35.59520000000001,0.2343040000000001,,,,
train_episode,39450,73.40746666666666,0.48784,,,,
train_episode,39600,47.50880000000002,0.3139413333333334,,,,
train_episode,39750,46.07466666666665,0.30481066666666673,,,,
train_episode,39900,51.95946666666668,0.34377599999999997,,,,
train_episode,40050,35.53866666666665,0.2333973333333333,,,,
train_episode,40200,37.45013333333335,0.24605866666666662,,,,
train_episode,40350,34.4304,0.22593066666666667,,,,
train_episode,40500,25.127466666666674,0.16401066666666667,,,,
train_episode,40650,34.760000000000026,0.2280853333333334,,,,
train_episode,40800,14.657066666666665,0.09403733333333332,,,,
train_episode,40950,9.43733333333333,0.05930666666666666,,,,
train_episode,41100,69.04906666666665,0.4584106666666663,,,,
train_episode,41250,18.483199999999965,0.11931733333333312,,,,
train_episode,41400,41.653866666666666,0.27470933333333336,,,,
train_episode,41550,55.302400000000006,0.3666026666666665,,,,
train_episode,41700,44.876800000000024,0.2958400000000001,,,,
train_episode,41850,45.40373333333335,0.2993386666666668,,,,
train_episode,42000,32.27893333333333,0.2117546666666667,,,,
eval,42000,,,,,29.710613333333328,0.19451946666666659
train_episode,42150,24.54986666666666,0.15993599999999994,,,,
train_episode,42300,35.93439999999998,0.23708799999999988,,,,
train_episode,42450,50.407466666666636,0.33291733333333323,,,,
train_episode,42600,32.12906666666668,0.21086933333333346,,,,
train_episode,42750,47.429333333333346,0.31467733333333336,,,,
train_episode,42900,63.20799999999999,0.41971200000000025,,,,
train_episode,43050,59.97279999999998,0.39776,,,,
train_episode,43200,56.77226666666663,0.37634133333333336,,,,
train_episode,43350,31.165333333333326,0.2040213333333333,,,,
train_episode,43500,25.261866666666663,0.16474666666666665,,,,
train_episode,43650,60.65973333333332,0.40113066666666647,,,,
train_episode,43800,14.353066666666658,0.09198933333333327,,,,
train_episode,43950,10.942399999999997,0.06950399999999997,,,,
train_episode,44100,11.892799999999992,0.07574399999999996,,,,
train_episode,44250,21.385066666666688,0.13910400000000017,,,,
train_episode,44400,20.328,0.13192533333333334,,,,
train_episode,44550,21.228266666666666,0.1376,,,,
train_episode,44700,27.809600000000014,0.1817600000000001,,,,
train_episode,44850,15.822399999999996,0.1016213333333333,,,,
train_episode,45000,20.34079999999999,0.13186133333333325,,,,
train_episode,45150,53.6704,0.3553600000000001,,,,
train_episode,45300,35.531200000000005,0.23372800000000016,,,,
train_episode,45450,61.21866666666666,0.40493866666666656,,,,
train_episode,45600,22.01599999999999,0.14356266666666656,,,,
train_episode,45750,24.737599999999986,0.1615893333333332,,,,
train_episode,45900,47.00480000000001,0.31074133333333326,,,,
train_episode,46050,25.658133333333318,0.16751999999999992,,,,
train_episode,46200,15.926933333333332,0.10281599999999995,,,,
train_episode,46350,27.59946666666666,0.18062933333333328,,,,
train_episode,46500,29.46720000000001,0.1933653333333334,,,,
train_episode,46650,21.153599999999997,0.13745066666666667,,,,
train_episode,46800,15.174933333333335,0.09749333333333333,,,,
train_episode,46950,15.726933333333339,0.10129066666666665,,,,
train_episode,47100,35.60479999999998,0.23502933333333317,,,,
train_episode,47250,36.11786666666667,0.2374400000000001,,,,
train_episode,47400,60.85119999999999,0.40359466666666666,,,,
train_episode,47550,24.768533333333338,0.16154666666666667,,,,
train_episode,47700,42.829866666666675,0.2825173333333332,,,,
train_episode,47850,28.76213333333335,0.18868266666666678,,,,
train_episode,48000,40.65226666666664,0.26828799999999986,,,,
eval,48000,,,,,32.76245333333333,0.21541759999999996
train_episode,48150,37.078400000000016,0.24365866666666677,,,,
train_episode,48300,41.44480000000001,0.27253333333333335,,,,
train_episode,48450,41.98026666666663,0.27672533333333316,,,,
train_episode,48600,59.17706666666665,0.3919786666666666,,,,
train_episode,48750,62.09333333333333,0.4120640000000001,,,,
train_episode,48900,29.329599999999974,0.1924266666666665,,,,
train_episode,49050,40.592,0.2674240000000001,,,,
train_episode,49200,33.08586666666667,0.21696000000000001,,,,
train_episode,49350,40.95733333333332,0.27024,,,,
train_episode,49500,56.72373333333331,0.37612800000000013,,,,
train_episode,49650,28.080533333333303,0.18393599999999982,,,,
train_episode,49800,36.276799999999994,0.23834666666666646,,,,
train_episode,49950,38.441599999999994,0.25315200000000004,,,,
train_episode,50100,16.009600000000006,0.10307200000000005,,,,
train_episode,50250,16.457599999999985,0.10627199999999991,,,,
train_episode,50400,8.80586666666667,0.055168,,,,
train_episode,50550,14.470933333333342,0.09283200000000003,,,,
train_episode,50700,26.52693333333335,0.17321600000000006,,,,
train_episode,50850,39.241600000000005,0.25820799999999994,,,,
train_episode,51000,27.02666666666665,0.17663999999999988,,,,
train_episode,51150,25.32266666666666,0.1650666666666666,,,,
train_episode,51300,38.308800000000005,0.25210666666666665,,,,
train_episode,51450,40.0624,0.26395733333333343,,,,
train_episode,51600,30.31840000000001,0.19836800000000007,,,,
train_episode,51750,12.5872,0.080416,,,,
train_episode,51900,18.691200000000027,0.12092800000000013,,,,
train_episode,52050,16.103466666666662,0.10382933333333334,,,,
train_episode,52200,23.526399999999967,0.15302399999999983,,,,
train_episode,52350,19.98773333333331,0.1299946666666665,,,,
train_episode,52500,30.275200000000005,0.19825066666666671,,,,
train_episode,52650,48.61706666666665,0.3213759999999999,,,,
train_episode,52800,53.1568,0.3515733333333334,,,,
train_episode,52950,39.19946666666666,0.2579413333333333,,,,
train_episode,53100,40.28533333333337,0.26531200000000005,,,,
train_episode,53250,54.41226666666667,0.35896533333333314,,,,
train_episode,53400,28.15413333333331,0.18409599999999984,,,,
train_episode,53550,65.21279999999999,0.43244800000000005,,,,
train_episode,53700,53.087466666666685,0.3526186666666667,,,,
train_episode,53850,74.68319999999999,0.4963306666666665,,,,
train_episode,54000,43.88479999999998,0.28957866666666676,,,,
eval,54000,,,,,35.27584,0.23211093333333332
train_episode,54150,41.92960000000001,0.27675733333333324,,,,
train_episode,54300,34.94506666666665,0.22951466666666648,,,,
train_episode,54450,53.85653333333333,0.3563199999999998,,,,
train_episode,54600,64.36693333333335,0.42809599999999987,,,,
train_episode,54750,47.89759999999999,0.3175466666666665,,,,
train_episode,54900,84.16106666666666,0.5602346666666669,,,,
train_episode,55050,61.23040000000002,0.406314666666667,,,,
train_episode,55200,29.34933333333333,0.1920106666666667,,,,
train_episode,55350,28.142400000000013,0.18400000000000008,,,,
train_episode,55500,65.23413333333332,0.43285333333333315,,,,
train_episode,55650,42.263466666666694,0.27824000000000015,,,,
train_episode,55800,61.18559999999998,0.407264,,,,
train_episode,55950,52.63146666666667,0.3489279999999999,,,,
train_episode,56100,64.60533333333332,0.4283733333333332,,,,
train_episode,56250,59.194666666666656,0.3921599999999999,,,,
train_episode,56400,18.339733333333324,0.11835733333333323,,,,
train_episode,56550,29.431466666666687,0.1926506666666668,,,,
train_episode,56700,20.59039999999999,0.13377066666666657,,,,
train_episode,56850,22.60746666666664,0.14686933333333316,,,,
train_episode,57000,35.79413333333332,0.2353386666666667,,,,
train_episode,57150,41.113600000000034,0.27031466666666687,,,,
train_episode,57300,29.113599999999998,0.19106133333333333,,,,
train_episode,57450,49.76640000000001,0.32822399999999996,,,,
train_episode,57600,24.99466666666666,0.163008,,,,
train_episode,57750,31.83786666666665,0.20840533333333325,,,,
train_episode,57900,29.098666666666677,0.19079466666666675,,,,
train_episode,58050,56.60906666666666,0.374944,,,,
train_episode,58200,33.4544,0.21896533333333332,,,,
train_episode,58350,37.33173333333332,0.24525866666666668,,,,
train_episode,58500,52.235200000000006,0.34489599999999987,,,,
train_episode,58650,15.055466666666671,0.09681066666666671,,,,
train_episode,58800,46.85120000000001,0.3096533333333335,,,,
train_episode,58950,77.75733333333336,0.5178026666666671,,,,
train_episode,59100,33.994133333333316,0.22284799999999994,,,,
train_episode,59250,47.395733333333325,0.31303466666666663,,,,
train_episode,59400,58.57813333333334,0.38896000000000003,,,,
train_episode,59550,53.49973333333332,0.3554986666666664,,,,
train_episode,59700,55.27786666666662,0.3657386666666665,,,,
train_episode,59850,47.70453333333336,0.3147946666666667,,,,
train_episode,60000,62.50773333333332,0.4143359999999998,,,,
eval,60000,,,,,48.52458666666667,0.3205482666666667
train_episode,60150,41.70453333333335,0.2744426666666666,,,,
train_episode,60300,22.019200000000012,0.14328533333333346,,,,
train_episode,60450,43.564800000000005,0.28738133333333343,,,,
train_episode,60600,44.23093333333332,0.29285333333333324,,,,
train_episode,60750,58.73760000000001,0.390272,,,,
train_episode,60900,52.016533333333356,0.34503466666666666,,,,
train_episode,61050,58.58186666666668,0.38866133333333314,,,,
train_episode,61200,49.301333333333346,0.3258133333333335,,,,
train_episode,61350,59.0864,0.3918186666666668,,,,
train_episode,61500,67.92746666666665,0.4515626666666666,,,,
train_episode,61650,47.2256,0.31289600000000023,,,,
train_episode,61800,74.69866666666667,0.4966826666666668,,,,
train_episode,61950,60.17653333333331,0.3992426666666667,,,,
train_episode,62100,35.919999999999995,0.23691733333333337,,,,
train_episode,62250,83.12373333333328,0.5540053333333332,,,,
train_episode,62400,62.745066666666666,0.41694933333333317,,,,
train_episode,62550,83.19093333333335,0.554890666666667,,,,
train_episode,62700,77.44693333333336,0.5150826666666668,,,,
train_episode,62850,37.143466666666654,0.2440533333333332,,,,
train_episode,63000,68.10026666666668,0.4522986666666668,,,,
train_episode,63150,26.377066666666664,0.17206399999999997,,,,
train_episode,63300,68.09813333333334,0.45318399999999975,,,,
train_episode,63450,41.370666666666615,0.2732373333333331,,,,
train_episode,63600,56.39039999999998,0.3737706666666665,,,,
train_episode,63750,34.80693333333331,0.22871466666666662,,,,
train_episode,63900,69.62453333333336,0.46303999999999984,,,,
train_episode,64050,82.44640000000001,0.5495679999999998,,,,
train_episode,64200,76.9642666666667,0.5120213333333336,,,,
train_episode,64350,62.08426666666668,0.41187200000000007,,,,
train_episode,64500,65.81173333333334,0.4375786666666667,,,,
train_episode,64650,87.30986666666665,0.58192,,,,
train_episode,64800,66.68586666666664,0.4426560000000003,,,,
train_episode,64950,71.30453333333334,0.47449599999999986,,,,
train_episode,65100,69.42453333333334,0.4611946666666669,,,,
train_episode,65250,96.60746666666658,0.6440853333333334,,,,
train_episode,65400,104.94186666666664,0.7002346666666664,,,,
train_episode,65550,92.7333333333333,0.6185600000000001,,,,
train_episode,65700,100.28426666666665,0.6691519999999999,,,,
train_episode,65850,91.9770666666666,0.6137173333333331,,,,
train_episode,66000,98.35893333333331,0.6564160000000001,,,,
eval,66000,,,,,89.20256000000002,0.5948010666666665
train_episode,66150,96.88693333333336,0.6462933333333336,,,,
train_episode,66300,98.75839999999994,0.6580480000000002,,,,
train_episode,66450,102.72106666666673,0.6854720000000002,,,,
train_episode,66600,96.90613333333333,0.6462826666666664,,,,
train_episode,66750,94.9610666666667,0.6336533333333331,,,,
train_episode,66900,82.9882666666667,0.5527893333333338,,,,
train_episode,67050,84.3482666666667,0.5628480000000002,,,,
train_episode,67200,111.59946666666667,0.7454613333333331,,,,
train_episode,67350,110.66506666666666,0.738848,,,,
train_episode,67500,108.22133333333333,0.7221759999999999,,,,
train_episode,67650,99.10506666666662,0.661141333333334,,,,
train_episode,67800,93.81973333333332,0.6262506666666664,,,,
train_episode,67950,94.12213333333332,0.6279786666666666,,,,
train_episode,68100,102.97546666666662,0.6872959999999999,,,,
train_episode,68250,88.06880000000001,0.5878399999999999,,,,
train_episode,68400,92.05866666666662,0.6150399999999997,,,,
train_episode,68550,77.29866666666662,0.5159573333333333,,,,
train_episode,68700,89.47466666666666,0.597546666666667,,,,
train_episode,68850,67.39893333333335,0.44878933333333343,,,,
train_episode,69000,64.18453333333335,0.42755200000000004,,,,
train_episode,69150,97.87093333333333,0.6533226666666668,,,,
train_episode,69300,87.69386666666664,0.5850453333333335,,,,
train_episode,69450,97.30986666666668,0.6496533333333332,,,,
train_episode,69600,77.63626666666664,0.5176106666666666,,,,
train_episode,69750,78.88266666666671,0.5254826666666665,,,,
train_episode,69900,79.07306666666668,0.5271039999999999,,,,
train_episode,70050,74.70293333333336,0.4977813333333334,,,,
train_episode,70200,102.7498666666667,0.6862080000000003,,,,
train_episode,70350,105.72266666666668,0.7051413333333332,,,,
train_episode,70500,92.02559999999997,0.6128426666666671,,,,
train_episode,70650,87.67946666666664,0.584021333333334,,,,
train_episode,70800,101.74293333333328,0.6786026666666671,,,,
train_episode,70950,96.24000000000001,0.6426346666666669,,,,
train_episode,71100,87.38826666666671,0.5831040000000004,,,,
train_episode,71250,84.77226666666667,0.5647680000000003,,,,
train_episode,71400,106.5568000000001,0.7116693333333336,,,,
train_episode,71550,110.02026666666669,0.7339733333333331,,,,
train_episode,71700,95.20533333333339,0.6351786666666667,,,,
train_episode,71850,92.66506666666666,0.618176,,,,
train_episode,72000,85.14079999999996,0.5674880000000001,,,,
eval,72000,,,,,89.97408,0.6003008
train_episode,72150,86.80319999999998,0.579114666666667,,,,
train_episode,72300,69.23733333333334,0.45932800000000007,,,,
train_episode,72450,81.62346666666666,0.5446186666666669,,,,
train_episode,72600,99.68106666666662,0.6649173333333332,,,,
train_episode,72750,104.02880000000002,0.6940053333333334,,,,
train_episode,72900,109.56319999999994,0.7310079999999999,,,,
train_episode,73050,113.87573333333336,0.7601066666666673,,,,
train_episode,73200,84.81919999999997,0.5656426666666668,,,,
train_episode,73350,101.86559999999993,0.6800639999999998,,,,
train_episode,73500,98.06239999999997,0.6539413333333334,,,,
train_episode,73650,106.9941333333333,0.7141333333333332,,,,
train_episode,73800,102.41546666666666,0.683584,,,,
train_episode,73950,87.85280000000006,0.5855680000000002,,,,
train_episode,74100,89.42399999999996,0.5955199999999997,,,,
train_episode,74250,86.62399999999998,0.5773119999999999,,,,
train_episode,74400,104.02773333333332,0.6940266666666669,,,,
train_episode,74550,99.52800000000002,0.6642560000000001,,,,
train_episode,74700,108.71466666666659,0.7255893333333335,,,,
train_episode,74850,101.89440000000002,0.680448,,,,
train_episode,75000,100.24426666666665,0.6690346666666668,,,,
train_episode,75150,113.50933333333337,0.7575466666666671,,,,
train_episode,75300,99.82933333333331,0.6658346666666665,,,,
train_episode,75450,80.93813333333334,0.5395199999999998,,,,
train_episode,75600,102.08426666666668,0.6811840000000003,,,,
train_episode,75750,95.65066666666661,0.6381120000000001,,,,
train_episode,75900,94.42826666666666,0.6295146666666668,,,,
train_episode,76050,109.07413333333332,0.7288426666666661,,,,
train_episode,76200,112.33279999999999,0.7497813333333334,,,,
train_episode,76350,95.57546666666666,0.6371200000000001,,,,
train_episode,76500,98.71520000000001,0.6588906666666667,,,,
train_episode,76650,65.648,0.436149333333333,,,,
train_episode,76800,94.84320000000002,0.6327146666666663,,,,
train_episode,76950,97.97386666666665,0.6537386666666665,,,,
train_episode,77100,87.0069333333334,0.5797866666666668,,,,
train_episode,77250,69.2528,0.46099199999999996,,,,
train_episode,77400,108.17866666666666,0.7221866666666664,,,,
train_episode,77550,93.01760000000002,0.6196693333333334,,,,
train_episode,77700,90.93333333333332,0.6062080000000001,,,,
train_episode,77850,91.6069333333333,0.6110720000000003,,,,
train_episode,78000,91.42880000000001,0.6095040000000002,,,,
eval,78000,,,,,88.35594666666665,0.5890773333333332
train_episode,78150,102.15839999999996,0.6816533333333334,,,,
train_episode,78300,99.21600000000002,0.6626666666666667,,,,
train_episode,78450,83.46026666666666,0.5568213333333333,,,,
train_episode,78600,98.44319999999996,0.6570560000000001,,,,
train_episode,78750,108.96159999999996,0.7271893333333335,,,,
train_episode,78900,100.74986666666663,0.6726293333333334,,,,
train_episode,79050,96.16960000000003,0.6413973333333333,,,,
train_episode,79200,108.01813333333332,0.7208000000000004,,,,
train_episode,79350,90.78559999999997,0.6056320000000003,,,,
train_episode,79500,97.81653333333331,0.6529813333333331,,,,
train_episode,79650,92.7941333333333,0.6194666666666665,,,,
train_episode,79800,102.09653333333333,0.6810986666666663,,,,
train_episode,79950,107.59359999999998,0.7188373333333334,,,,
train_episode,80100,106.06079999999996,0.7078506666666669,,,,
train_episode,80250,89.68373333333335,0.5984000000000004,,,,
train_episode,80400,95.96373333333335,0.641205333333333,,,,
train_episode,80550,106.87253333333338,0.7132693333333333,,,,
train_episode,80700,115.55573333333335,0.771744,,,,
train_episode,80850,100.35733333333329,0.6698879999999997,,,,
train_episode,81000,105.48160000000004,0.7041386666666664,,,,
train_episode,81150,102.77013333333329,0.6863786666666668,,,,
train_episode,81300,99.13280000000005,0.6614506666666667,,,,
train_episode,81450,106.03466666666671,0.7078933333333335,,,,
train_episode,81600,102.53173333333332,0.6844480000000001,,,,
train_episode,81750,94.05439999999997,0.6275413333333334,,,,
train_episode,81900,106.75413333333334,0.7130986666666669,,,,
train_episode,82050,107.34986666666666,0.7160426666666669,,,,
train_episode,82200,104.94986666666665,0.7002666666666668,,,,
train_episode,82350,105.29706666666667,0.7029440000000006,,,,
train_episode,82500,110.8149333333334,0.7394559999999999,,,,
train_episode,82650,110.06186666666672,0.7346880000000005,,,,
train_episode,82800,103.11146666666663,0.6877120000000002,,,,
train_episode,82950,104.30293333333336,0.6962239999999998,,,,
train_episode,83100,109.44853333333329,0.7307520000000002,,,,
train_episode,83250,110.20373333333336,0.7365440000000002,,,,
train_episode,83400,102.59146666666666,0.6845439999999999,,,,
train_episode,83550,94.68426666666664,0.6322879999999997,,,,
train_episode,83700,109.26666666666661,0.7293013333333336,,,,
train_episode,83850,103.39146666666667,0.6901439999999998,,,,
train_episode,84000,98.73600000000003,0.6594559999999999,,,,
eval,84000,,,,,101.70144,0.6789269333333332
train_episode,84150,109.46560000000001,0.7310826666666669,,,,
train_episode,84300,112.28266666666663,0.7496213333333335,,,,
train_episode,84450,103.25706666666669,0.6897066666666664,,,,
train_episode,84600,101.7184,0.6791893333333338,,,,
train_episode,84750,107.80800000000004,0.7194986666666666,,,,
train_episode,84900,103.1472,0.6890453333333337,,,,
train_episode,85050,100.92586666666666,0.6741546666666667,,,,
train_episode,85200,88.63519999999997,0.5914986666666668,,,,
train_episode,85350,85.24533333333332,0.5687786666666664,,,,
train_episode,85500,76.60320000000002,0.5108266666666669,,,,
train_episode,85650,92.1674666666667,0.614826666666667,,,,
train_episode,85800,98.32480000000001,0.6565973333333333,,,,
train_episode,85950,113.72000000000003,0.7592319999999998,,,,
train_episode,86100,95.57546666666667,0.6378986666666665,,,,
train_episode,86250,94.5397333333333,0.6307093333333333,,,,
train_episode,86400,110.43253333333332,0.7373439999999999,,,,
train_episode,86550,98.02559999999995,0.6543786666666666,,,,
train_episode,86700,99.84213333333332,0.666784,,,,
train_episode,86850,96.36853333333335,0.6430399999999998,,,,
train_episode,87000,100.52373333333335,0.6709226666666669,,,,
train_episode,87150,101.22773333333333,0.6762453333333337,,,,
train_episode,87300,110.75093333333342,0.739424,,,,
train_episode,87450,94.848,0.6327679999999999,,,,
train_episode,87600,103.4490666666667,0.6908373333333339,,,,
train_episode,87750,108.37120000000002,0.7237226666666672,,,,
train_episode,87900,105.2522666666667,0.7022933333333332,,,,
train_episode,88050,116.84106666666673,0.7798293333333335,,,,
train_episode,88200,108.52266666666671,0.7239786666666671,,,,
train_episode,88350,108.70026666666664,0.7254506666666664,,,,
train_episode,88500,93.9301333333333,0.6271893333333334,,,,
train_episode,88650,116.24053333333332,0.7764266666666667,,,,
train_episode,88800,112.09973333333335,0.7477333333333335,,,,
train_episode,88950,117.5744,0.7853653333333335,,,,
train_episode,89100,96.4762666666667,0.6436266666666666,,,,
train_episode,89250,103.4533333333333,0.6906026666666668,,,,
train_episode,89400,102.74293333333335,0.6853440000000002,,,,
train_episode,89550,96.84320000000004,0.6462720000000003,,,,
train_episode,89700,106.71733333333337,0.7122240000000002,,,,
train_episode,89850,100.04639999999998,0.6671039999999999,,,,
train_episode,90000,105.13866666666668,0.7016639999999998,,,,
eval,90000,,,,,79.64885333333332,0.5309994666666666
train_episode,90150,92.8928,0.6199466666666666,,,,
train_episode,90300,107.85119999999999,0.7197439999999997,,,,
train_episode,90450,96.64906666666663,0.6446720000000002,,,,
train_episode,90600,99.35893333333335,0.6633706666666669,,,,
train_episode,90750,97.05866666666658,0.6481493333333334,,,,
train_episode,90900,98.41493333333331,0.6551146666666668,,,,
train_episode,91050,94.92853333333339,0.6335359999999999,,,,
train_episode,91200,98.26560000000003,0.6558613333333331,,,,
train_episode,91350,103.5088,0.6909440000000001,,,,
train_episode,91500,117.13440000000001,0.7823146666666667,,,,
train_episode,91650,106.93013333333334,0.7136213333333333,,,,
train_episode,91800,106.48426666666668,0.7103466666666663,,,,
train_episode,91950,99.6037333333333,0.665088,,,,
train_episode,92100,111.19093333333332,0.7420373333333331,,,,
train_episode,92250,113.72640000000006,0.7600000000000001,,,,
train_episode,92400,113.144,0.7555946666666666,,,,
train_episode,92550,107.8192,0.7201493333333332,,,,
train_episode,92700,115.13653333333339,0.7690346666666664,,,,
train_episode,92850,113.8949333333333,0.7607893333333333,,,,
train_episode,93000,108.59146666666672,0.7254293333333331,,,,
train_episode,93150,123.33653333333336,0.8236053333333326,,,,
train_episode,93300,110.08159999999998,0.7351786666666663,,,,
train_episode,93450,117.02720000000001,0.7815999999999999,,,,
train_episode,93600,99.42666666666668,0.6634773333333334,,,,
train_episode,93750,104.50879999999995,0.697504,,,,
train_episode,93900,112.81173333333335,0.7527466666666669,,,,
train_episode,94050,106.69226666666667,0.712629333333333,,,,
train_episode,94200,105.76586666666668,0.7062400000000001,,,,
train_episode,94350,106.47626666666666,0.7113493333333332,,,,
train_episode,94500,109.43680000000006,0.7306773333333331,,,,
train_episode,94650,113.33919999999995,0.7573333333333335,,,,
train_episode,94800,104.336,0.6963519999999996,,,,
train_episode,94950,105.47413333333334,0.7046079999999999,,,,
train_episode,95100,107.16533333333332,0.7152426666666671,,,,
train_episode,95250,111.35893333333338,0.7439040000000001,,,,
train_episode,95400,108.48533333333324,0.7237333333333335,,,,
train_episode,95550,112.48266666666669,0.751104,,,,
train_episode,95700,97.85706666666667,0.6528533333333334,,,,
train_episode,95850,109.97760000000002,0.7343146666666667,,,,
train_episode,96000,91.48159999999997,0.6110613333333333,,,,
eval,96000,,,,,110.42783999999997,0.7369365333333332
train_episode,96150,114.78986666666668,0.7663253333333333,,,,
train_episode,96300,114.4058666666667,0.7638720000000001,,,,
train_episode,96450,107.80906666666664,0.7198933333333333,,,,
train_episode,96600,100.42453333333334,0.6699840000000002,,,,
train_episode,96750,98.13653333333338,0.6553706666666668,,,,
train_episode,96900,110.59199999999997,0.7379839999999999,,,,
train_episode,97050,95.6554666666667,0.638112,,,,
train_episode,97200,117.22453333333334,0.7826773333333332,,,,
train_episode,97350,107.84160000000003,0.7202240000000004,,,,
train_episode,97500,99.24906666666662,0.6626559999999999,,,,
train_episode,97650,109.88906666666668,0.7334186666666667,,,,
train_episode,97800,91.14613333333335,0.6082026666666669,,,,
train_episode,97950,102.92479999999999,0.68672,,,,
train_episode,98100,103.41919999999999,0.6902186666666665,,,,
train_episode,98250,96.80906666666661,0.6452906666666662,,,,
train_episode,98400,97.14719999999996,0.6486079999999996,,,,
train_episode,98550,81.28906666666673,0.5420373333333336,,,,
train_episode,98700,101.09066666666668,0.6747733333333334,,,,
train_episode,98850,87.58666666666672,0.5840213333333334,,,,
train_episode,99000,71.25173333333333,0.47426133333333365,,,,
train_episode,99150,94.31253333333335,0.6294186666666667,,,,
train_episode,99300,103.70453333333329,0.6919680000000004,,,,
train_episode,99450,102.36906666666667,0.6835840000000001,,,,
train_episode,99600,90.43360000000001,0.6036906666666666,,,,
train_episode,99750,99.44853333333336,0.6636693333333336,,,,
train_episode,99900,87.51253333333331,0.5832533333333333,,,,
train_episode,100050,99.31039999999996,0.6625280000000001,,,,
train_episode,100200,105.58079999999998,0.7056533333333336,,,,
train_episode,100350,108.34453333333339,0.7228266666666666,,,,
train_episode,100500,104.21706666666671,0.6954133333333331,,,,
train_episode,100650,102.56533333333331,0.6849920000000002,,,,
train_episode,100800,99.0816,0.6605226666666665,,,,
train_episode,100950,91.18773333333334,0.6079679999999997,,,,
train_episode,101100,100.14773333333335,0.6685866666666668,,,,
train_episode,101250,99.87839999999997,0.6664746666666668,,,,
train_episode,101400,104.47093333333332,0.6982080000000002,,,,
train_episode,101550,84.06026666666665,0.5615253333333335,,,,
train_episode,101700,106.39519999999996,0.7106986666666667,,,,
train_episode,101850,113.19359999999996,0.7558933333333332,,,,
train_episode,102000,94.20320000000001,0.6289706666666667,,,,
eval,102000,,,,,102.30581333333335,0.6830421333333335
train_episode,102150,106.20160000000004,0.7093973333333334,,,,
train_episode,102300,94.93226666666668,0.6332479999999998,,,,
train_episode,102450,101.51413333333333,0.6778986666666668,,,,
train_episode,102600,109.03946666666666,0.7284480000000001,,,,
train_episode,102750,103.57599999999998,0.6913920000000002,,,,
train_episode,102900,78.11786666666664,0.5208426666666663,,,,
train_episode,103050,93.59733333333328,0.6237973333333332,,,,
train_episode,103200,91.95093333333331,0.6139413333333333,,,,
train_episode,103350,108.03039999999997,0.7214506666666668,,,,
train_episode,103500,78.34879999999997,0.5217813333333334,,,,
train_episode,103650,83.98560000000006,0.559872,,,,
train_episode,103800,94.66293333333333,0.6305066666666668,,,,
train_episode,103950,90.21759999999999,0.6021333333333335,,,,
train_episode,104100,102.96799999999998,0.6869973333333335,,,,
train_episode,104250,94.4069333333333,0.6305813333333332,,,,
train_episode,104400,101.20533333333337,0.6752320000000002,,,,
train_episode,104550,76.44959999999999,0.5084266666666667,,,,
train_episode,104700,69.48533333333332,0.46254933333333326,,,,
train_episode,104850,94.80106666666667,0.6326080000000001,,,,
train_episode,105000,107.46986666666658,0.7176106666666665,,,,
train_episode,105150,87.7221333333333,0.5849173333333335,,,,
train_episode,105300,94.05973333333334,0.6275413333333334,,,,
train_episode,105450,95.77173333333336,0.6391573333333338,,,,
train_episode,105600,56.94560000000002,0.3770773333333334,,,,
train_episode,105750,53.28213333333329,0.3540373333333331,,,,
train_episode,105900,72.91946666666668,0.48517333333333357,,,,
train_episode,106050,95.69973333333333,0.6383680000000002,,,,
train_episode,106200,93.5514666666667,0.624597333333333,,,,
train_episode,106350,114.3653333333333,0.7635306666666665,,,,
train_episode,106500,90.84053333333333,0.6062613333333331,,,,
train_episode,106650,89.4261333333333,0.5963200000000001,,,,
train_episode,106800,96.37440000000002,0.643104,,,,
train_episode,106950,91.33546666666666,0.6096000000000001,,,,
train_episode,107100,73.30879999999999,0.48822399999999977,,,,
train_episode,107250,82.0794666666667,0.5474346666666668,,,,
train_episode,107400,103.14559999999996,0.6880533333333333,,,,
train_episode,107550,76.20693333333338,0.5081600000000001,,,,
train_episode,107700,117.12426666666664,0.7817599999999997,,,,
train_episode,107850,79.3706666666667,0.528256,,,,
train_episode,108000,96.74613333333332,0.6453333333333333,,,,
eval,108000,,,,,81.1392,0.5402368
train_episode,108150,81.9717333333333,0.5457706666666667,,,,
train_episode,108300,62.379200000000026,0.4142720000000003,,,,
train_episode,108450,77.70026666666668,0.5169920000000002,,,,
train_episode,108600,51.91253333333337,0.3443413333333334,,,,
train_episode,108750,56.1216,0.3723413333333333,,,,
train_episode,108900,95.24586666666666,0.6352106666666668,,,,
train_episode,109050,89.65653333333334,0.5978773333333333,,,,
train_episode,109200,93.01546666666668,0.6210346666666666,,,,
train_episode,109350,77.62720000000002,0.5170133333333333,,,,
train_episode,109500,60.73333333333335,0.40384,,,,
train_episode,109650,81.6768,0.5438399999999998,,,,
train_episode,109800,91.92106666666665,0.6126613333333331,,,,
train_episode,109950,78.01333333333329,0.5196479999999997,,,,
train_episode,110100,98.17493333333329,0.6550399999999997,,,,
train_episode,110250,77.19466666666666,0.5141439999999999,,,,
train_episode,110400,84.21333333333334,0.5618453333333333,,,,
train_episode,110550,86.55146666666664,0.5769813333333336,,,,
train_episode,110700,88.72213333333336,0.5906880000000003,,,,
train_episode,110850,64.2773333333333,0.42706133333333335,,,,
train_episode,111000,46.76160000000001,0.3093546666666666,,,,
train_episode,111150,97.37226666666669,0.6493439999999999,,,,
train_episode,111300,70.81493333333333,0.47126400000000007,,,,
train_episode,111450,50.86399999999998,0.3368853333333334,,,,
train_episode,111600,56.15733333333333,0.3722773333333332,,,,
train_episode,111750,69.33440000000002,0.46151466666666685,,,,
train_episode,111900,86.73653333333327,0.5782186666666664,,,,
train_episode,112050,85.93226666666665,0.5727040000000001,,,,
train_episode,112200,55.98880000000001,0.371808,,,,
train_episode,112350,88.94026666666667,0.5938026666666668,,,,
train_episode,112500,71.97760000000002,0.47960533333333333,,,,
train_episode,112650,93.10079999999996,0.6205653333333334,,,,
train_episode,112800,90.43786666666672,0.6027840000000002,,,,
train_episode,112950,76.52373333333333,0.5102079999999999,,,,
train_episode,113100,93.47253333333333,0.62336,,,,
train_episode,113250,61.628799999999984,0.4099519999999997,,,,
train_episode,113400,79.99893333333333,0.532416,,,,
train_episode,113550,63.372266666666675,0.42098133333333343,,,,
train_episode,113700,83.78506666666665,0.5588266666666668,,,,
train_episode,113850,91.10079999999999,0.6084586666666667,,,,
train_episode,114000,106.3893333333333,0.7096,,,,
eval,114000,,,,,93.03690666666668,0.6203071999999997
train_episode,114150,72.94133333333333,0.48518399999999967,,,,
train_episode,114300,76.95146666666668,0.5125120000000002,,,,
train_episode,114450,85.08800000000001,0.5674559999999998,,,,
train_episode,114600,80.96959999999999,0.5393813333333329,,,,
train_episode,114750,57.08053333333334,0.3795413333333333,,,,
train_episode,114900,69.68266666666665,0.4631146666666666,,,,
train_episode,115050,100.45386666666666,0.6696213333333335,,,,
train_episode,115200,66.82400000000003,0.4448106666666668,,,,
train_episode,115350,79.0234666666666,0.5255039999999999,,,,
train_episode,115500,82.62346666666672,0.5498559999999998,,,,
train_episode,115650,64.41279999999998,0.42872533333333357,,,,
train_episode,115800,58.86293333333333,0.3904533333333333,,,,
train_episode,115950,61.18826666666666,0.4065066666666667,,,,
train_episode,116100,58.50773333333337,0.3880320000000003,,,,
train_episode,116250,64.24320000000002,0.42681600000000014,,,,
train_episode,116400,65.22453333333334,0.433536,,,,
train_episode,116550,57.73653333333335,0.3827733333333333,,,,
train_episode,116700,67.78559999999997,0.4507946666666664,,,,
train_episode,116850,51.339733333333335,0.3397333333333332,,,,
train_episode,117000,70.98399999999997,0.47224533333333324,,,,
train_episode,117150,74.2837333333333,0.4942186666666665,,,,
train_episode,117300,52.550400000000025,0.34828799999999993,,,,
train_episode,117450,58.947199999999995,0.39040000000000025,,,,
train_episode,117600,53.51573333333335,0.3545386666666665,,,,
train_episode,117750,43.225066666666656,0.28583466666666674,,,,
train_episode,117900,43.869333333333316,0.28968533333333324,,,,
train_episode,118050,37.48533333333335,0.24773333333333336,,,,
train_episode,118200,42.841600000000014,0.28226133333333336,,,,
train_episode,118350,57.462399999999974,0.38122666666666655,,,,
train_episode,118500,39.75733333333334,0.26166400000000006,,,,
train_episode,118650,31.853866666666665,0.20922666666666664,,,,
train_episode,118800,56.98933333333335,0.37759999999999994,,,,
train_episode,118950,36.23466666666668,0.23812266666666665,,,,
train_episode,119100,17.68640000000003,0.11409066666666684,,,,
train_episode,119250,82.78026666666665,0.5513386666666668,,,,
train_episode,119400,49.6186666666667,0.3283733333333334,,,,
train_episode,119550,45.69653333333333,0.30168533333333325,,,,
train_episode,119700,48.12800000000001,0.3181013333333332,,,,
train_episode,119850,44.29279999999997,0.29204266666666656,,,,
train_episode,120000,24.706666666666663,0.16100266666666666,,,,
eval,120000,,,,,36.45056000000001,0.23967573333333334
train_episode,120150,54.88693333333334,0.3636160000000002,,,,
train_episode,120300,44.081066666666665,0.291936,,,,
train_episode,120450,25.84053333333335,0.16912000000000016,,,,
train_episode,120600,28.09813333333333,0.18392533333333325,,,,
train_episode,120750,27.42720000000001,0.1792853333333334,,,,
train_episode,120900,43.727466666666686,0.2885226666666667,,,,
train_episode,121050,55.077333333333314,0.36475733333333327,,,,
train_episode,121200,37.754666666666694,0.24829866666666675,,,,
train_episode,121350,43.09066666666668,0.28462933333333335,,,,
train_episode,121500,44.21226666666663,0.29173333333333334,,,,
train_episode,121650,24.139200000000024,0.15736533333333352,,,,
train_episode,121800,39.8288,0.2627733333333332,,,,
train_episode,121950,42.27093333333335,0.27850666666666685,,,,
train_episode,122100,28.52533333333333,0.18714666666666666,,,,
train_episode,122250,50.65279999999999,0.33554133333333325,,,,
train_episode,122400,72.53119999999996,0.48214400000000013,,,,
train_episode,122550,74.72159999999998,0.4964693333333333,,,,
train_episode,122700,47.967999999999975,0.3162560000000001,,,,
train_episode,122850,28.500800000000012,0.18627200000000008,,,,
train_episode,123000,34.29546666666666,0.22492800000000016,,,,
train_episode,123150,32.01119999999998,0.21030399999999994,,,,
train_episode,123300,27.40106666666669,0.17892266666666679,,,,
train_episode,123450,27.60746666666667,0.18046933333333334,,,,
train_episode,123600,26.856533333333328,0.17546666666666663,,,,
train_episode,123750,28.265066666666645,0.18506666666666655,,,,
train_episode,123900,31.075199999999988,0.20425599999999994,,,,
train_episode,124050,33.13173333333335,0.2182720000000001,,,,
train_episode,124200,34.3488,0.22603733333333328,,,,
train_episode,124350,22.161600000000014,0.1441386666666667,,,,
train_episode,124500,23.49653333333332,0.15305599999999994,,,,
train_episode,124650,25.6138666666667,0.16707200000000022,,,,
train_episode,124800,35.16586666666667,0.2314773333333334,,,,
train_episode,124950,51.67040000000002,0.34224000000000016,,,,
train_episode,125100,47.2837333333333,0.31274666666666656,,,,
train_episode,125250,39.59306666666665,0.26093866666666665,,,,
train_episode,125400,51.11413333333333,0.3377706666666667,,,,
train_episode,125550,47.51946666666665,0.31385599999999997,,,,
train_episode,125700,32.82079999999999,0.21563733333333332,,,,
train_episode,125850,41.91093333333329,0.275936,,,,
train_episode,126000,32.66399999999999,0.21421866666666664,,,,
eval,126000,,,,,43.62186666666666,0.2877674666666667
train_episode,126150,28.90346666666668,0.18900266666666674,,,,
train_episode,126300,28.23146666666665,0.18457599999999985,,,,
train_episode,126450,34.01546666666669,0.22308266666666668,,,,
train_episode,126600,31.624533333333325,0.2073493333333333,,,,
train_episode,126750,33.23039999999999,0.21774933333333327,,,,
train_episode,126900,22.317866666666667,0.1450346666666667,,,,
train_episode,127050,24.963199999999986,0.1624639999999999,,,,
train_episode,127200,21.855466666666675,0.14198400000000005,,,,
train_episode,127350,19.814933333333332,0.128352,,,,
train_episode,127500,26.18186666666666,0.170624,,,,
train_episode,127650,56.20426666666668,0.3732373333333334,,,,
train_episode,127800,36.46506666666669,0.23989333333333326,,,,
train_episode,127950,26.930133333333316,0.1758186666666665,,,,
train_episode,128100,18.56106666666665,0.12011733333333324,,,,
train_episode,128250,18.65333333333333,0.12055466666666663,,,,
train_episode,128400,24.292266666666688,0.15829333333333348,,,,
train_episode,128550,34.11359999999998,0.22381866666666667,,,,
train_episode,128700,28.682666666666687,0.1874666666666668,,,,
train_episode,128850,13.533333333333333,0.08650666666666662,,,,
train_episode,129000,12.185599999999994,0.07781333333333332,,,,
train_episode,129150,24.08746666666665,0.15705599999999995,,,,
train_episode,129300,19.030399999999993,0.12332799999999997,,,,
train_episode,129450,12.875199999999992,0.08223999999999997,,,,
train_episode,129600,25.421866666666666,0.16560000000000002,,,,
train_episode,129750,31.42559999999999,0.2058986666666666,,,,
train_episode,129900,38.77760000000003,0.25560533333333335,,,,
train_episode,130050,45.093333333333305,0.29689599999999977,,,,
train_episode,130200,44.541866666666664,0.29307733333333325,,,,
train_episode,130350,24.478933333333323,0.15963733333333324,,,,
train_episode,130500,18.770666666666653,0.12154666666666661,,,,
train_episode,130650,18.59413333333333,0.12023466666666655,,,,
train_episode,130800,53.106133333333354,0.35173333333333334,,,,
train_episode,130950,36.81919999999999,0.24213333333333315,,,,
train_episode,131100,30.464000000000002,0.19965866666666665,,,,
train_episode,131250,19.425600000000006,0.12578133333333336,,,,
train_episode,131400,40.578133333333334,0.26660266666666654,,,,
train_episode,131550,27.410133333333345,0.17893333333333342,,,,
train_episode,131700,19.898666666666664,0.1292053333333333,,,,
train_episode,131850,67.21333333333337,0.4454933333333333,,,,
train_episode,132000,26.02559999999999,0.17019733333333328,,,,
eval,132000,,,,,18.15146666666666,0.11742079999999995
train_episode,132150,21.052800000000016,0.13688533333333341,,,,
train_episode,132300,26.597333333333356,0.17387733333333347,,,,
train_episode,132450,26.16479999999997,0.1705386666666665,,,,
train_episode,132600,30.89333333333331,0.20199466666666654,,,,
train_episode,132750,25.96906666666667,0.16992000000000002,,,,
train_episode,132900,34.21226666666666,0.22490666666666645,,,,
train_episode,133050,18.808000000000007,0.12155733333333342,,,,
train_episode,133200,30.82559999999999,0.20189866666666662,,,,
train_episode,133350,23.66986666666667,0.1540373333333333,,,,
train_episode,133500,26.272533333333353,0.17136000000000012,,,,
train_episode,133650,25.534400000000026,0.16679466666666687,,,,
train_episode,133800,30.316799999999972,0.19889066666666652,,,,
train_episode,133950,39.11840000000001,0.25704533333333335,,,,
train_episode,134100,26.538666666666657,0.17332266666666662,,,,
train_episode,134250,26.036800000000017,0.1701120000000001,,,,
train_episode,134400,16.206399999999988,0.10424533333333333,,,,
train_episode,134550,26.07093333333333,0.17012266666666664,,,,
train_episode,134700,27.902400000000007,0.18250666666666673,,,,
train_episode,134850,15.619199999999996,0.10061866666666662,,,,
train_episode,135000,25.008000000000003,0.16299733333333333,,,,
train_episode,135150,31.4816,0.20624000000000003,,,,
train_episode,135300,15.347200000000006,0.09927466666666658,,,,
train_episode,135450,39.892266666666686,0.2625280000000003,,,,
train_episode,135600,24.536533333333324,0.15977599999999995,,,,
train_episode,135750,35.480533333333334,0.23327999999999993,,,,
train_episode,135900,16.968533333333298,0.1096533333333331,,,,
train_episode,136050,28.26293333333332,0.18504533333333317,,,,
train_episode,136200,28.85173333333333,0.1889386666666667,,,,
train_episode,136350,26.478399999999997,0.1734613333333333,,,,
train_episode,136500,33.229866666666695,0.2182826666666668,,,,
train_episode,136650,33.44106666666666,0.21923199999999984,,,,
train_episode,136800,24.66293333333334,0.16082133333333337,,,,
train_episode,136950,32.39733333333332,0.21322666666666662,,,,
train_episode,137100,38.16320000000003,0.25107200000000013,,,,
train_episode,137250,48.86506666666667,0.32300799999999996,,,,
train_episode,137400,32.53866666666666,0.21338666666666664,,,,
train_episode,137550,39.6192,0.26083199999999995,,,,
train_episode,137700,24.67573333333333,0.16102399999999997,,,,
train_episode,137850,43.52213333333333,0.28697599999999995,,,,
train_episode,138000,33.53439999999999,0.220576,,,,
eval,138000,,,,,40.65589333333334,0.2680064
train_episode,138150,55.79626666666665,0.3693653333333332,,,,
train_episode,138300,37.30666666666665,0.24507733333333315,,,,
train_episode,138450,48.006400000000006,0.31792,,,,
train_episode,138600,53.35359999999999,0.35313066666666665,,,,
train_episode,138750,25.049066666666665,0.16385066666666667,,,,
train_episode,138900,20.4464,0.13258666666666669,,,,
train_episode,139050,50.8912,0.33693866666666666,,,,
train_episode,139200,27.037333333333315,0.17713066666666655,,,,
train_episode,139350,32.30666666666666,0.21202133333333334,,,,
train_episode,139500,31.264000000000006,0.2061546666666667,,,,
train_episode,139650,32.287466666666674,0.21208533333333335,,,,
train_episode,139800,44.24640000000003,0.29228800000000016,,,,
train_episode,139950,39.16799999999999,0.25798400000000005,,,,
train_episode,140100,35.26400000000003,0.2322453333333336,,,,
train_episode,140250,34.06506666666667,0.22354133333333337,,,,
train_episode,140400,30.53226666666666,0.19994666666666666,,,,
train_episode,140550,26.17439999999999,0.17102933333333323,,,,
train_episode,140700,31.61173333333333,0.207808,,,,
train_episode,140850,30.22613333333333,0.19758933333333326,,,,
train_episode,141000,28.932266666666678,0.1894720000000001,,,,
train_episode,141150,19.22933333333334,0.12445866666666665,,,,
train_episode,141300,25.401066666666654,0.1657599999999999,,,,
train_episode,141450,48.90719999999998,0.32379733333333327,,,,
train_episode,141600,35.38400000000001,0.23339733333333343,,,,
train_episode,141750,81.1589333333333,0.5400746666666666,,,,
train_episode,141900,56.7104,0.3761706666666667,,,,
train_episode,142050,58.29759999999996,0.38535466666666657,,,,
train_episode,142200,26.152533333333327,0.1708693333333333,,,,
train_episode,142350,61.89333333333334,0.4104533333333333,,,,
train_episode,142500,59.89653333333333,0.3980586666666666,,,,
train_episode,142650,75.22773333333332,0.5006506666666668,,,,
train_episode,142800,62.334399999999974,0.4129173333333333,,,,
train_episode,142950,41.18026666666667,0.271808,,,,
train_episode,143100,44.20639999999998,0.2912533333333335,,,,
train_episode,143250,26.18613333333332,0.17116799999999993,,,,
train_episode,143400,21.83040000000001,0.14215466666666673,,,,
train_episode,143550,41.89066666666669,0.27571199999999996,,,,
train_episode,143700,30.248533333333317,0.19811199999999993,,,,
train_episode,143850,42.541333333333384,0.28096,,,,
train_episode,144000,54.744533333333315,0.362592,,,,
eval,144000,,,,,55.26325333333333,0.36627626666666674
train_episode,144150,55.10666666666666,0.3649599999999999,,,,
train_episode,144300,48.50293333333335,0.32011733333333364,,,,
train_episode,144450,36.14666666666666,0.2380053333333333,,,,
train_episode,144600,30.260266666666663,0.19871999999999992,,,,
train_episode,144750,37.74026666666666,0.24868266666666652,,,,
train_episode,144900,43.56800000000001,0.28734933333333335,,,,
train_episode,145050,32.19679999999998,0.2116586666666665,,,,
train_episode,145200,50.46453333333336,0.3341333333333333,,,,
train_episode,145350,29.24853333333334,0.19117866666666664,,,,
train_episode,145500,47.71253333333336,0.31491200000000014,,,,
train_episode,145650,25.02666666666669,0.1636800000000001,,,,
train_episode,145800,55.894933333333334,0.3700266666666668,,,,
train_episode,145950,33.80320000000003,0.2220800000000003,,,,
train_episode,146100,16.87039999999999,0.10872533333333324,,,,
train_episode,146250,27.157333333333344,0.17737600000000006,,,,
train_episode,146400,41.17333333333333,0.2718186666666666,,,,
train_episode,146550,42.95733333333333,0.28380800000000017,,,,
train_episode,146700,32.36053333333333,0.2124160000000001,,,,
train_episode,146850,28.225066666666645,0.18474666666666653,,,,
train_episode,147000,29.305600000000005,0.1916906666666667,,,,
train_episode,147150,19.78666666666664,0.12850133333333322,,,,
train_episode,147300,25.3936,0.165408,,,,
train_episode,147450,35.29173333333332,0.2319786666666667,,,,
train_episode,147600,23.84586666666666,0.15534933333333328,,,,
train_episode,147750,28.87840000000001,0.18893866666666673,,,,
train_episode,147900,49.590399999999995,0.3273813333333332,,,,
train_episode,148050,26.99466666666665,0.17674666666666658,,,,
train_episode,148200,55.43146666666669,0.3674346666666669,,,,
train_episode,148350,43.154133333333355,0.2845120000000002,,,,
train_episode,148500,27.161600000000014,0.1775466666666667,,,,
train_episode,148650,20.377599999999983,0.13239466666666652,,,,
train_episode,148800,20.34346666666664,0.13212799999999983,,,,
train_episode,148950,11.72746666666667,0.07481599999999998,,,,
train_episode,149100,24.369599999999988,0.15846399999999994,,,,
train_episode,149250,40.82346666666665,0.2692373333333334,,,,
train_episode,149400,56.86986666666666,0.3762986666666668,,,,
train_episode,149550,34.75360000000001,0.22901333333333326,,,,
train_episode,149700,39.18666666666668,0.2583253333333333,,,,
train_episode,149850,44.71519999999999,0.29542399999999974,,,,
train_episode,150000,23.38346666666667,0.15237333333333336,,,,
eval,150000,,,,,30.420479999999998,0.1994837333333333
train_episode,150150,32.97813333333334,0.2160853333333334,,,,
train_episode,150300,30.099199999999968,0.19654399999999977,,,,
train_episode,150450,49.0122666666667,0.3242986666666668,,,,
train_episode,150600,57.83306666666666,0.38326400000000005,,,,
train_episode,150750,35.14240000000002,0.23044266666666663,,,,
train_episode,150900,11.917866666666672,0.0760106666666667,,,,
train_episode,151050,16.426666666666637,0.10585599999999998,,,,
train_episode,151200,21.686933333333336,0.14139733333333326,,,,
train_episode,151350,33.88800000000003,0.22253866666666686,,,,
train_episode,151500,23.98399999999997,0.15592533333333308,,,,
train_episode,151650,17.637333333333345,0.11433600000000005,,,,
train_episode,151800,20.91413333333332,0.13589333333333334,,,,
train_episode,151950,11.923733333333333,0.07580799999999996,,,,
train_episode,152100,31.437866666666658,0.20618666666666663,,,,
train_episode,152250,23.861333333333324,0.15541333333333326,,,,
train_episode,152400,45.77173333333334,0.3021973333333333,,,,
train_episode,152550,24.948800000000006,0.16300800000000007,,,,
train_episode,152700,27.870933333333326,0.1820053333333333,,,,
train_episode,152850,15.335466666666669,0.09876266666666667,,,,
train_episode,153000,22.76053333333333,0.1485333333333333,,,,
train_episode,153150,60.93066666666668,0.40427733333333343,,,,
train_episode,153300,33.76480000000001,0.22174933333333333,,,,
train_episode,153450,33.61226666666669,0.22073600000000013,,,,
train_episode,153600,32.75253333333334,0.21518933333333337,,,,
train_episode,153750,45.51199999999999,0.30052266666666694,,,,
train_episode,153900,49.31626666666666,0.3263146666666664,,,,
train_episode,154050,29.904533333333305,0.1960106666666665,,,,
train_episode,154200,29.32533333333333,0.19224533333333332,,,,
train_episode,154350,41.17386666666667,0.2711680000000001,,,,
train_episode,154500,26.43200000000001,0.17238400000000004,,,,
train_episode,154650,29.41866666666666,0.19300266666666666,,,,
train_episode,154800,41.857600000000026,0.27562666666666674,,,,
train_episode,154950,21.62666666666668,0.14048000000000008,,,,
train_episode,155100,16.323733333333337,0.10519466666666669,,,,
train_episode,155250,16.920533333333314,0.10921599999999991,,,,
train_episode,155400,25.108799999999977,0.1641813333333332,,,,
train_episode,155550,26.734933333333327,0.1746346666666666,,,,
train_episode,155700,23.283199999999994,0.152128,,,,
train_episode,155850,30.05333333333334,0.19690666666666662,,,,
train_episode,156000,30.63733333333333,0.20024533333333333,,,,
eval,156000,,,,,31.492693333333328,0.20645333333333332
train_episode,156150,32.636266666666664,0.21415466666666666,,,,
train_episode,156300,31.664533333333324,0.2074986666666666,,,,
train_episode,156450,42.850133333333346,0.2825173333333334,,,,
train_episode,156600,42.02293333333333,0.27684266666666674,,,,
train_episode,156750,23.618666666666662,0.1534933333333333,,,,
train_episode,156900,28.300266666666644,0.1853973333333332,,,,
train_episode,157050,50.19573333333331,0.3321386666666665,,,,
train_episode,157200,55.2373333333333,0.3671466666666667,,,,
train_episode,157350,78.92319999999997,0.5245013333333334,,,,
train_episode,157500,44.62239999999999,0.2937813333333334,,,,
train_episode,157650,38.980800000000016,0.25652266666666684,,,,
train_episode,157800,29.008533333333343,0.18965333333333334,,,,
train_episode,157950,23.56053333333334,0.15318400000000001,,,,
train_episode,158100,44.80266666666667,0.295872,,,,
train_episode,158250,46.232000000000006,0.30524799999999996,,,,
train_episode,158400,51.37546666666664,0.33958399999999983,,,,
train_episode,158550,39.550399999999996,0.26099200000000006,,,,
train_episode,158700,32.81119999999999,0.21541333333333332,,,,
train_episode,158850,22.510933333333337,0.1462826666666667,,,,
train_episode,159000,30.702400000000008,0.20157866666666674,,,,
train_episode,159150,31.098133333333323,0.2040213333333333,,,,
train_episode,159300,28.298666666666684,0.18484266666666674,,,,
train_episode,159450,25.948266666666647,0.1698453333333332,,,,
train_episode,159600,29.506666666666653,0.193344,,,,
train_episode,159750,36.736,0.2415466666666666,,,,
train_episode,159900,27.624533333333307,0.18035199999999987,,,,
train_episode,160050,26.892800000000026,0.17622400000000016,,,,
train_episode,160200,43.489066666666666,0.28753066666666677,,,,
train_episode,160350,55.61600000000002,0.36859733333333317,,,,
train_episode,160500,27.595733333333342,0.1801813333333334,,,,
train_episode,160650,34.52373333333333,0.22694399999999998,,,,
train_episode,160800,39.778666666666666,0.2623893333333333,,,,
train_episode,160950,34.9056,0.22926933333333332,,,,
train_episode,161100,37.68533333333335,0.24882133333333328,,,,
train_episode,161250,38.49813333333332,0.25437866666666653,,,,
train_episode,161400,30.49013333333334,0.19975466666666666,,,,
train_episode,161550,13.125866666666658,0.08394666666666661,,,,
train_episode,161700,22.055466666666646,0.14333866666666653,,,,
train_episode,161850,10.765866666666655,0.0680213333333333,,,,
train_episode,162000,53.566933333333346,0.3539946666666666,,,,
eval,162000,,,,,25.96896,0.16947413333333328
train_episode,162150,19.026133333333377,0.12316800000000029,,,,
train_episode,162300,20.054933333333356,0.1301013333333335,,,,
train_episode,162450,43.40266666666666,0.2865706666666666,,,,
train_episode,162600,39.92799999999997,0.2624853333333333,,,,
train_episode,162750,29.305600000000013,0.1918186666666667,,,,
train_episode,162900,34.08800000000001,0.22353066666666668,,,,
train_episode,163050,33.25706666666667,0.2183253333333334,,,,
train_episode,163200,40.680000000000014,0.26868266666666685,,,,
train_episode,163350,49.06186666666668,0.3246933333333334,,,,
train_episode,163500,43.180266666666675,0.2854186666666667,,,,
train_episode,163650,50.013333333333314,0.3306773333333333,,,,
train_episode,163800,31.91093333333334,0.20958933333333332,,,,
train_episode,163950,60.97600000000001,0.4042346666666666,,,,
train_episode,164100,28.74666666666666,0.18806399999999998,,,,
train_episode,164250,35.53066666666669,0.23324800000000007,,,,
train_episode,164400,23.56533333333335,0.1539306666666668,,,,
train_episode,164550,46.634133333333345,0.3090240000000001,,,,
train_episode,164700,44.87946666666667,0.2963093333333334,,,,
train_episode,164850,78.29706666666664,0.5214186666666668,,,,
train_episode,165000,39.585066666666656,0.2608639999999999,,,,
train_episode,165150,54.74986666666668,0.36197333333333354,,,,
train_episode,165300,28.428266666666655,0.18641066666666659,,,,
train_episode,165450,23.661333333333328,0.15391999999999995,,,,
train_episode,165600,31.689599999999995,0.20787199999999997,,,,
train_episode,165750,44.88586666666667,0.2968853333333332,,,,
train_episode,165900,55.55253333333337,0.3683733333333335,,,,
train_episode,166050,46.78720000000001,0.3095573333333334,,,,
train_episode,166200,38.51626666666664,0.2534826666666665,,,,
train_episode,166350,48.12213333333334,0.31755733333333347,,,,
train_episode,166500,33.059200000000004,0.21678933333333333,,,,
train_episode,166650,38.80586666666667,0.2560213333333332,,,,
train_episode,166800,30.968533333333333,0.2026026666666667,,,,
train_episode,166950,39.60320000000002,0.26077866666666677,,,,
train_episode,167100,59.5045333333333,0.3942186666666666,,,,
train_episode,167250,43.34613333333333,0.28610133333333326,,,,
train_episode,167400,57.62293333333332,0.38121599999999994,,,,
train_episode,167550,48.88373333333334,0.32370133333333334,,,,
train_episode,167700,57.42879999999998,0.380096,,,,
train_episode,167850,51.7664,0.34314666666666677,,,,
train_episode,168000,56.639999999999986,0.37477333333333324,,,,
eval,168000,,,,,37.02389333333333,0.24374826666666669
train_episode,168150,52.13173333333332,0.3450986666666664,,,,
train_episode,168300,43.3989333333333,0.2864746666666666,,,,
train_episode,168450,59.9968,0.3979093333333332,,,,
train_episode,168600,52.446933333333355,0.3466453333333336,,,,
train_episode,168750,63.0464,0.418688,,,,
train_episode,168900,55.445333333333295,0.36742400000000003,,,,
train_episode,169050,65.04053333333331,0.43170133333333305,,,,
train_episode,169200,58.42346666666667,0.38733866666666666,,,,
train_episode,169350,59.71893333333334,0.3963733333333335,,,,
train_episode,169500,48.67093333333331,0.3224640000000001,,,,
train_episode,169650,61.13493333333333,0.40583466666666673,,,,
train_episode,169800,69.77920000000002,0.4642453333333331,,,,
train_episode,169950,49.19626666666667,0.3254186666666667,,,,
train_episode,170100,59.61226666666666,0.39591466666666664,,,,
train_episode,170250,74.73760000000004,0.49688533333333357,,,,
train_episode,170400,58.38720000000003,0.3873493333333334,,,,
train_episode,170550,48.559466666666665,0.32180266666666657,,,,
train_episode,170700,59.79946666666665,0.39693866666666655,,,,
train_episode,170850,69.42079999999997,0.46181333333333335,,,,
train_episode,171000,57.89919999999998,0.38376533333333335,,,,
train_episode,171150,74.27786666666668,0.49391999999999997,,,,
train_episode,171300,71.2048,0.47292800000000007,,,,
train_episode,171450,76.9712,0.5120000000000001,,,,
train_episode,171600,54.02346666666667,0.3586026666666668,,,,
train_episode,171750,70.30986666666665,0.4674346666666666,,,,
train_episode,171900,41.33013333333333,0.272192,,,,
train_episode,172050,52.770133333333334,0.34938666666666685,,,,
train_episode,172200,64.62133333333333,0.427936,,,,
train_episode,172350,59.31839999999999,0.3942080000000001,,,,
train_episode,172500,58.38986666666665,0.3867306666666668,,,,
train_episode,172650,64.17226666666667,0.42592,,,,
train_episode,172800,51.28373333333333,0.33905066666666656,,,,
train_episode,172950,62.376533333333306,0.4140266666666667,,,,
train_episode,173100,54.856000000000044,0.3634346666666667,,,,
train_episode,173250,23.594133333333335,0.15436799999999998,,,,
train_episode,173400,54.62666666666667,0.36214400000000013,,,,
train_episode,173550,73.90346666666665,0.49161599999999994,,,,
train_episode,173700,41.73226666666667,0.27506133333333344,,,,
train_episode,173850,68.31946666666666,0.45462399999999975,,,,
train_episode,174000,64.42666666666666,0.42813866666666656,,,,
eval,174000,,,,,64.43391999999999,0.4280234666666667
train_episode,174150,63.55626666666663,0.422016,,,,
train_episode,174300,59.55520000000001,0.3950506666666667,,,,
train_episode,174450,53.50933333333333,0.35450666666666647,,,,
train_episode,174600,56.82613333333334,0.37720533333333306,,,,
train_episode,174750,62.36053333333334,0.41383466666666674,,,,
train_episode,174900,60.4496,0.401728,,,,
train_episode,175050,61.40000000000001,0.407424,,,,
train_episode,175200,57.70773333333336,0.38225066666666657,,,,
train_episode,175350,62.97226666666663,0.41852800000000023,,,,
train_episode,175500,55.33493333333334,0.36658133333333337,,,,
train_episode,175650,40.6,0.2679786666666667,,,,
train_episode,175800,77.72373333333333,0.5170879999999999,,,,
train_episode,175950,87.29653333333333,0.5819733333333335,,,,
train_episode,176100,67.09813333333335,0.4464853333333334,,,,
train_episode,176250,49.8096,0.3295146666666666,,,,
train_episode,176400,56.8832,0.3776533333333333,,,,
train_episode,176550,67.38133333333333,0.4476480000000001,,,,
train_episode,176700,68.88319999999997,0.45819733333333307,,,,
train_episode,176850,42.34826666666666,0.28016000000000013,,,,
train_episode,177000,55.30346666666666,0.36622933333333335,,,,
train_episode,177150,46.470400000000005,0.3074133333333333,,,,
train_episode,177300,37.803733333333334,0.2487039999999999,,,,
train_episode,177450,55.72746666666666,0.3692053333333334,,,,
train_episode,177600,58.26453333333334,0.38695466666666684,,,,
train_episode,177750,65.69600000000003,0.4363946666666667,,,,
train_episode,177900,65.88266666666667,0.437888,,,,
train_episode,178050,63.173866666666676,0.41992533333333343,,,,
train_episode,178200,52.78453333333333,0.3490133333333333,,,,
train_episode,178350,35.18400000000001,0.23187200000000005,,,,
train_episode,178500,36.33386666666667,0.2394453333333333,,,,
train_episode,178650,57.622400000000006,0.38204800000000005,,,,
train_episode,178800,55.077333333333314,0.36635733333333337,,,,
train_episode,178950,55.46613333333332,0.3681919999999999,,,,
train_episode,179100,65.00373333333336,0.4318933333333333,,,,
train_episode,179250,59.435733333333346,0.3943253333333334,,,,
train_episode,179400,45.58826666666667,0.3019413333333334,,,,
train_episode,179550,56.90826666666667,0.3778346666666666,,,,
train_episode,179700,58.116266666666654,0.385653333333333,,,,
train_episode,179850,40.84426666666667,0.26985599999999993,,,,
train_episode,180000,42.06346666666667,0.277408,,,,
eval,180000,,,,,49.04373333333333,0.3248426666666666
train_episode,180150,59.842666666666666,0.39720533333333335,,,,
train_episode,180300,49.86666666666667,0.33042133333333334,,,,
train_episode,180450,44.01386666666664,0.2908693333333331,,,,
train_episode,180600,23.2096,0.15117866666666668,,,,
train_episode,180750,28.894400000000008,0.18949333333333337,,,,
train_episode,180900,60.5344,0.40188800000000013,,,,
train_episode,181050,47.929066666666685,0.31760000000000016,,,,
train_episode,181200,65.01706666666666,0.4324906666666669,,,,
train_episode,181350,55.610666666666695,0.3683413333333334,,,,
train_episode,181500,29.836799999999997,0.19504000000000005,,,,
train_episode,181650,45.15146666666665,0.2979413333333333,,,,
train_episode,181800,42.02879999999997,0.27715199999999984,,,,
train_episode,181950,62.3594666666667,0.41456000000000004,,,,
train_episode,182100,44.25653333333333,0.29179733333333324,,,,
train_episode,182250,29.53813333333334,0.19463466666666676,,,,
train_episode,182400,43.97706666666666,0.29038933333333355,,,,
train_episode,182550,54.882666666666694,0.3643520000000003,,,,
train_episode,182700,29.667733333333352,0.19494400000000012,,,,
train_episode,182850,32.05706666666665,0.21045333333333327,,,,
train_episode,183000,42.40800000000001,0.2806719999999999,,,,
train_episode,183150,39.43573333333333,0.25997866666666664,,,,
train_episode,183300,27.71626666666666,0.18171733333333331,,,,
train_episode,183450,30.10560000000001,0.19751466666666675,,,,
train_episode,183600,38.80319999999997,0.25533866666666655,,,,
train_episode,183750,29.270933333333335,0.19172266666666665,,,,
train_episode,183900,36.668266666666675,0.24138666666666656,,,,
train_episode,184050,44.725333333333346,0.29501866666666676,,,,
train_episode,184200,30.604266666666675,0.20076800000000003,,,,
train_episode,184350,38.00479999999998,0.25097599999999987,,,,
train_episode,184500,49.753066666666676,0.32925866666666675,,,,
train_episode,184650,34.64746666666667,0.22790400000000013,,,,
train_episode,184800,33.49493333333333,0.220224,,,,
train_episode,184950,47.77120000000001,0.31574399999999997,,,,
train_episode,185100,38.96266666666667,0.2569173333333333,,,,
train_episode,185250,32.497066666666655,0.21294933333333327,,,,
train_episode,185400,40.35040000000001,0.26582399999999995,,,,
train_episode,185550,48.81173333333332,0.3226453333333334,,,,
train_episode,185700,31.7952,0.20873600000000003,,,,
train_episode,185850,24.820266666666658,0.16190933333333327,,,,
train_episode,186000,33.93866666666666,0.22314666666666663,,,,
eval,186000,,,,,35.84554666666667,0.23569919999999994
train_episode,186150,37.036799999999985,0.24401066666666651,,,,
train_episode,186300,39.56799999999999,0.2614186666666667,,,,
train_episode,186450,48.386666666666684,0.31917866666666667,,,,
train_episode,186600,41.08106666666666,0.2710079999999998,,,,
train_episode,186750,29.4464,0.19301333333333334,,,,
train_episode,186900,31.78453333333334,0.20881066666666673,,,,
train_episode,187050,41.19733333333333,0.27187199999999995,,,,
train_episode,187200,68.20106666666668,0.45330133333333333,,,,
train_episode,187350,39.49066666666668,0.2602133333333335,,,,
train_episode,187500,45.886399999999966,0.30309333333333316,,,,
train_episode,187650,41.4789333333333,0.27334399999999986,,,,
train_episode,187800,33.57973333333334,0.22006400000000004,,,,
train_episode,187950,27.696533333333324,0.18133333333333326,,,,
train_episode,188100,35.8032,0.23539200000000005,,,,
train_episode,188250,11.987199999999993,0.07671466666666665,,,,
train_episode,188400,36.53493333333332,0.24009600000000006,,,,
train_episode,188550,34.819199999999995,0.22934399999999996,,,,
train_episode,188700,13.98719999999999,0.08987733333333328,,,,
train_episode,188850,16.324266666666674,0.10521599999999998,,,,
train_episode,189000,16.784533333333314,0.10825599999999992,,,,
train_episode,189150,32.01973333333332,0.21026133333333324,,,,
train_episode,189300,37.251733333333334,0.24533333333333332,,,,
train_episode,189450,27.013333333333357,0.1766186666666668,,,,
train_episode,189600,36.06240000000001,0.23709866666666676,,,,
train_episode,189750,17.490666666666655,0.11309866666666663,,,,
train_episode,189900,39.98026666666668,0.2640533333333334,,,,
train_episode,190050,37.953066666666665,0.2504853333333334,,,,
train_episode,190200,37.49013333333335,0.24672000000000008,,,,
train_episode,190350,25.138133333333307,0.16380799999999981,,,,
train_episode,190500,17.953599999999984,0.11599999999999992,,,,
train_episode,190650,20.89759999999999,0.13567999999999988,,,,
train_episode,190800,16.04746666666666,0.10353066666666665,,,,
train_episode,190950,23.506666666666682,0.15276800000000013,,,,
train_episode,191100,15.076266666666655,0.09697066666666658,,,,
train_episode,191250,19.533333333333335,0.12665599999999996,,,,
train_episode,191400,31.262933333333333,0.2050346666666667,,,,
train_episode,191550,45.67466666666669,0.3020906666666666,,,,
train_episode,191700,40.47253333333334,0.2664533333333333,,,,
train_episode,191850,39.59840000000001,0.2608426666666668,,,,
train_episode,192000,39.29866666666664,0.2590933333333333,,,,
eval,192000,,,,,34.255786666666665,0.22508586666666663
train_episode,192150,39.96,0.26372266666666644,,,,
train_episode,192300,30.900799999999993,0.20251733333333333,,,,
train_episode,192450,23.336533333333325,0.15216,,,,
train_episode,192600,41.43466666666664,0.2728853333333333,,,,
train_episode,192750,31.38559999999999,0.20579199999999992,,,,
train_episode,192900,32.56586666666667,0.21374933333333326,,,,
train_episode,193050,14.10933333333332,0.09045333333333326,,,,
train_episode,193200,32.9808,0.21702399999999997,,,,
train_episode,193350,30.476799999999994,0.19983999999999993,,,,
train_episode,193500,26.3808,0.17241600000000004,,,,
train_episode,193650,19.732799999999987,0.12792533333333322,,,,
train_episode,193800,25.847466666666655,0.16897066666666657,,,,
train_episode,193950,15.963733333333336,0.10277333333333337,,,,
train_episode,194100,14.803200000000002,0.09486933333333336,,,,
train_episode,194250,35.113600000000005,0.23064533333333329,,,,
train_episode,194400,13.735466666666653,0.08805333333333323,,,,
train_episode,194550,29.412266666666678,0.19252266666666662,,,,
train_episode,194700,21.347733333333338,0.13893333333333335,,,,
train_episode,194850,28.43626666666666,0.1864,,,,
train_episode,195000,40.405866666666675,0.26594133333333336,,,,
train_episode,195150,22.054399999999998,0.1434773333333334,,,,
train_episode,195300,20.871999999999993,0.13539199999999993,,,,
train_episode,195450,25.243733333333324,0.16474666666666665,,,,
train_episode,195600,32.502400000000016,0.21355733333333343,,,,
train_episode,195750,21.755733333333307,0.14142933333333318,,,,
train_episode,195900,33.73973333333334,0.2219946666666667,,,,
train_episode,196050,43.98453333333333,0.29067733333333357,,,,
train_episode,196200,50.98933333333331,0.337472,,,,
train_episode,196350,39.873599999999996,0.2629653333333332,,,,
train_episode,196500,27.91146666666665,0.18351999999999996,,,,
train_episode,196650,36.72533333333332,0.24164266666666678,,,,
train_episode,196800,26.26933333333332,0.17128533333333326,,,,
train_episode,196950,17.850666666666662,0.11562666666666663,,,,
train_episode,197100,50.01439999999997,0.33070933333333347,,,,
train_episode,197250,32.438400000000016,0.21299200000000015,,,,
train_episode,197400,43.91199999999999,0.28977066666666634,,,,
train_episode,197550,65.7104,0.4364053333333329,,,,
train_episode,197700,60.89760000000003,0.40380800000000006,,,,
train_episode,197850,39.63306666666665,0.2610879999999999,,,,
train_episode,198000,41.564800000000005,0.2743999999999999,,,,
eval,198000,,,,,35.25290666666666,0.23207253333333333
train_episode,198150,45.95946666666665,0.3044373333333332,,,,
train_episode,198300,71.49386666666666,0.47531733333333326,,,,
train_episode,198450,42.74293333333336,0.28251733333333345,,,,
train_episode,198600,42.95733333333333,0.2837973333333334,,,,
train_episode,198750,27.81653333333333,0.18195199999999992,,,,
train_episode,198900,25.378133333333324,0.1660479999999999,,,,
train_episode,199050,51.52693333333333,0.34030933333333335,,,,
train_episode,199200,36.30080000000002,0.23943466666666674,,,,
train_episode,199350,40.96960000000002,0.2697813333333333,,,,
train_episode,199500,23.273600000000002,0.15168,,,,
train_episode,199650,25.73440000000001,0.16813866666666677,,,,
train_episode,199800,37.16693333333334,0.24470400000000012,,,,
train_episode,199950,28.098133333333344,0.18379733333333337,,,,
train_episode,200100,32.918400000000005,0.2164693333333334,,,,
train_episode,200250,45.9232,0.3031999999999999,,,,
train_episode,200400,27.52640000000001,0.1802026666666667,,,,
train_episode,200550,32.1216,0.21102933333333335,,,,
train_episode,200700,22.64213333333332,0.1477759999999999,,,,
train_episode,200850,31.875733333333315,0.2091199999999999,,,,
train_episode,201000,9.55946666666667,0.060341333333333365,,,,
train_episode,201150,15.59413333333333,0.10028799999999996,,,,
train_episode,201300,20.154666666666675,0.1307093333333334,,,,
train_episode,201450,24.37866666666667,0.15912533333333342,,,,
train_episode,201600,15.841066666666672,0.10220800000000003,,,,
train_episode,201750,11.284799999999981,0.07188266666666654,,,,
train_episode,201900,21.979733333333346,0.14332800000000015,,,,
train_episode,202050,31.213333333333317,0.20466133333333314,,,,
train_episode,202200,33.014933333333346,0.21675733333333344,,,,
train_episode,202350,17.985066666666654,0.11636266666666654,,,,
train_episode,202500,17.618666666666666,0.11404800000000004,,,,
train_episode,202650,31.52106666666667,0.20654933333333333,,,,
train_episode,202800,11.651200000000005,0.07428266666666666,,,,
train_episode,202950,32.358399999999996,0.2130026666666667,,,,
train_episode,203100,51.458666666666645,0.3402773333333334,,,,
train_episode,203250,24.09439999999998,0.1571413333333332,,,,
train_episode,203400,18.408533333333317,0.1195413333333332,,,,
train_episode,203550,28.274666666666693,0.18499200000000016,,,,
train_episode,203700,28.37493333333334,0.18551466666666666,,,,
train_episode,203850,15.362666666666659,0.09871999999999999,,,,
train_episode,204000,29.70826666666667,0.19450666666666663,,,,
eval,204000,,,,,26.080640000000006,0.17033173333333335
train_episode,204150,25.436799999999977,0.16622933333333317,,,,
train_episode,204300,35.30506666666663,0.23236266666666666,,,,
train_episode,204450,37.260266666666666,0.2447893333333334,,,,
train_episode,204600,21.267200000000006,0.138368,,,,
train_episode,204750,28.70666666666666,0.18799999999999992,,,,
train_episode,204900,27.400533333333335,0.17921066666666663,,,,
train_episode,205050,21.595199999999995,0.14003199999999996,,,,
train_episode,205200,19.567999999999998,0.12670933333333334,,,,
train_episode,205350,15.045333333333332,0.09719466666666664,,,,
train_episode,205500,24.588800000000006,0.16077866666666676,,,,
train_episode,205650,63.461866666666666,0.42099200000000003,,,,
train_episode,205800,42.69546666666665,0.28183466666666673,,,,
train_episode,205950,26.85653333333333,0.1752213333333333,,,,
train_episode,206100,34.38613333333335,0.22624,,,,
train_episode,206250,43.33653333333333,0.28567466666666663,,,,
train_episode,206400,22.003733333333333,0.14343466666666665,,,,
train_episode,206550,31.85386666666667,0.20914133333333332,,,,
train_episode,206700,36.84213333333332,0.2428266666666666,,,,
train_episode,206850,55.4570666666667,0.36784000000000006,,,,
train_episode,207000,55.03946666666664,0.3644373333333332,,,,
train_episode,207150,51.24799999999998,0.3394879999999998,,,,
train_episode,207300,47.55840000000001,0.31410133333333323,,,,
train_episode,207450,38.87893333333334,0.256224,,,,
train_episode,207600,40.040000000000006,0.26376533333333324,,,,
train_episode,207750,30.230933333333343,0.1981440000000001,,,,
train_episode,207900,15.647466666666656,0.10072533333333328,,,,
train_episode,208050,22.84586666666666,0.14917333333333324,,,,
train_episode,208200,35.073600000000006,0.23142399999999996,,,,
train_episode,208350,44.31999999999998,0.29187199999999985,,,,
train_episode,208500,31.965333333333305,0.2093119999999998,,,,
train_episode,208650,31.06346666666667,0.20373333333333332,,,,
train_episode,208800,35.94133333333333,0.23704533333333344,,,,
train_episode,208950,35.26773333333332,0.23213866666666655,,,,
train_episode,209100,50.14186666666663,0.33223466666666657,,,,
train_episode,209250,50.60480000000002,0.3349760000000001,,,,
train_episode,209400,41.92640000000001,0.2761920000000003,,,,
train_episode,209550,20.994666666666625,0.1365119999999997,,,,
train_episode,209700,23.96533333333333,0.15644799999999998,,,,
train_episode,209850,58.1456,0.3850986666666666,,,,
train_episode,210000,49.26346666666667,0.32633600000000007,,,,
eval,210000,,,,,68.20426666666665,0.4533077333333333
train_episode,210150,57.092266666666646,0.3789226666666664,,,,
train_episode,210300,57.239999999999974,0.37961599999999984,,,,
train_episode,210450,76.34560000000002,0.5085226666666665,,,,
train_episode,210600,57.67413333333334,0.3817813333333332,,,,
train_episode,210750,58.89706666666667,0.39055999999999985,,,,
train_episode,210900,72.96799999999999,0.4847999999999999,,,,
train_episode,211050,40.45546666666668,0.2667946666666667,,,,
train_episode,211200,44.63893333333332,0.2952959999999999,,,,
train_episode,211350,63.28693333333332,0.42082133333333344,,,,
train_episode,211500,67.46133333333336,0.4482453333333333,,,,
train_episode,211650,37.39573333333335,0.24617600000000014,,,,
train_episode,211800,33.88746666666665,0.22306133333333336,,,,
train_episode,211950,22.59626666666665,0.14721066666666657,,,,
train_episode,212100,44.536000000000016,0.2948373333333334,,,,
train_episode,212250,44.238399999999984,0.2914986666666668,,,,
train_episode,212400,27.19733333333334,0.17813333333333342,,,,
train_episode,212550,31.701866666666685,0.20872533333333346,,,,
train_episode,212700,67.24213333333334,0.44661333333333336,,,,
train_episode,212850,63.9797333333333,0.42523733333333336,,,,
train_episode,213000,48.61173333333336,0.3226026666666666,,,,
train_episode,213150,59.16959999999999,0.39320533333333346,,,,
train_episode,213300,51.61226666666667,0.341632,,,,
train_episode,213450,73.70079999999997,0.4900906666666666,,,,
train_episode,213600,50.27946666666667,0.33321599999999985,,,,
train_episode,213750,69.81973333333336,0.46396800000000005,,,,
train_episode,213900,70.7248,0.4706239999999999,,,,
train_episode,214050,68.32960000000001,0.4537386666666667,,,,
train_episode,214200,56.06346666666668,0.3718293333333332,,,,
train_episode,214350,82.65813333333331,0.5495360000000001,,,,
train_episode,214500,49.92319999999997,0.33020800000000006,,,,
train_episode,214650,55.90613333333333,0.37141333333333326,,,,
train_episode,214800,51.1306666666667,0.33931733333333336,,,,
train_episode,214950,44.8576,0.29599999999999993,,,,
train_episode,215100,28.949866666666686,0.18986666666666674,,,,
train_episode,215250,27.86186666666666,0.18251733333333334,,,,
train_episode,215400,62.43466666666669,0.4146346666666667,,,,
train_episode,215550,59.25653333333339,0.3924480000000001,,,,
train_episode,215700,64.50453333333333,0.4284159999999997,,,,
train_episode,215850,54.823466666666675,0.36354133333333327,,,,
train_episode,216000,59.59306666666664,0.3958613333333333,,,,
eval,216000,,,,,40.14272,0.26450133333333337
train_episode,216150,41.13173333333335,0.27223466666666674,,,,
train_episode,216300,50.83893333333335,0.33670399999999995,,,,
train_episode,216450,56.62026666666668,0.3758186666666666,,,,
train_episode,216600,60.27093333333333,0.3998293333333335,,,,
train_episode,216750,68.55520000000004,0.4570240000000001,,,,
train_episode,216900,64.92213333333332,0.4322879999999998,,,,
train_episode,217050,84.79093333333331,0.5654720000000001,,,,
train_episode,217200,54.46826666666665,0.3601706666666667,,,,
train_episode,217350,68.1728,0.4530773333333334,,,,
train_episode,217500,81.17493333333334,0.5401600000000002,,,,
train_episode,217650,77.8656,0.5185066666666666,,,,
train_episode,217800,59.020800000000015,0.39262933333333333,,,,
train_episode,217950,54.522133333333336,0.36206933333333347,,,,
train_episode,218100,54.01280000000003,0.35824000000000017,,,,
train_episode,218250,64.5104,0.42905600000000005,,,,
train_episode,218400,67.09386666666667,0.44541866666666674,,,,
train_episode,218550,80.73279999999998,0.5376853333333336,,,,
train_episode,218700,79.10933333333332,0.5261653333333336,,,,
train_episode,218850,59.16000000000001,0.3919893333333334,,,,
train_episode,219000,76.5792,0.5096533333333335,,,,
train_episode,219150,75.08426666666666,0.5002346666666665,,,,
train_episode,219300,77.0682666666667,0.5123200000000003,,,,
train_episode,219450,64.07413333333332,0.4260373333333334,,,,
train_episode,219600,41.896,0.27598933333333325,,,,
train_episode,219750,70.00853333333336,0.46568533333333356,,,,
train_episode,219900,56.95626666666667,0.3778560000000001,,,,
train_episode,220050,61.334933333333346,0.40692266666666677,,,,
train_episode,220200,73.72853333333336,0.4911360000000001,,,,
train_episode,220350,93.54506666666664,0.6242133333333335,,,,
train_episode,220500,93.73973333333335,0.6249386666666665,,,,
train_episode,220650,82.67893333333333,0.5512853333333332,,,,
train_episode,220800,82.01066666666667,0.5477546666666664,,,,
train_episode,220950,109.86559999999997,0.7339413333333336,,,,
train_episode,221100,89.4352,0.5962666666666666,,,,
train_episode,221250,79.64960000000002,0.5311253333333333,,,,
train_episode,221400,77.47786666666664,0.5159786666666667,,,,
train_episode,221550,77.67733333333334,0.5172693333333331,,,,
train_episode,221700,96.78720000000003,0.6458560000000001,,,,
train_episode,221850,74.11466666666668,0.4933440000000003,,,,
train_episode,222000,79.18026666666663,0.5283626666666668,,,,
eval,222000,,,,,87.37333333333333,0.5824362666666666
train_episode,222150,92.57653333333332,0.6171199999999997,,,,
train_episode,222300,102.48373333333339,0.6832320000000001,,,,
train_episode,222450,99.79253333333331,0.6658560000000001,,,,
train_episode,222600,77.1866666666667,0.5141013333333333,,,,
train_episode,222750,89.52213333333331,0.5967253333333333,,,,
train_episode,222900,77.48640000000005,0.5159360000000001,,,,
train_episode,223050,79.89760000000004,0.5326186666666667,,,,
train_episode,223200,96.13066666666664,0.6417920000000001,,,,
train_episode,223350,96.22933333333329,0.6413333333333331,,,,
train_episode,223500,72.4282666666667,0.4822719999999998,,,,
train_episode,223650,79.48373333333338,0.5296533333333335,,,,
train_episode,223800,85.38453333333327,0.5701546666666666,,,,
train_episode,223950,94.98879999999994,0.634293333333333,,,,
train_episode,224100,105.22453333333335,0.7017813333333334,,,,
train_episode,224250,101.9344,0.6802560000000001,,,,
train_episode,224400,88.79520000000002,0.5925759999999995,,,,
train_episode,224550,96.03413333333337,0.6403199999999999,,,,
train_episode,224700,85.02346666666662,0.5673706666666669,,,,
train_episode,224850,88.7093333333334,0.591178666666667,,,,
train_episode,225000,88.88479999999998,0.5935679999999999,,,,
train_episode,225150,89.3696,0.5965973333333335,,,,
train_episode,225300,85.8869333333333,0.5723093333333336,,,,
train_episode,225450,93.18346666666665,0.6215893333333335,,,,
train_episode,225600,94.17386666666667,0.6286399999999999,,,,
train_episode,225750,94.11413333333334,0.6277333333333334,,,,
train_episode,225900,109.24693333333332,0.7298986666666665,,,,
train_episode,226050,104.51519999999988,0.6977706666666662,,,,
train_episode,226200,87.31359999999997,0.5816533333333335,,,,
train_episode,226350,85.98880000000001,0.5741226666666668,,,,
train_episode,226500,102.10666666666667,0.6814186666666665,,,,
train_episode,226650,100.63839999999998,0.671530666666667,,,,
train_episode,226800,98.1482666666666,0.6549333333333333,,,,
train_episode,226950,91.89706666666665,0.6131626666666666,,,,
train_episode,227100,98.92213333333338,0.6606613333333335,,,,
train_episode,227250,108.42560000000003,0.7243413333333334,,,,
train_episode,227400,104.9386666666667,0.7001813333333334,,,,
train_episode,227550,104.7856,0.6992106666666664,,,,
train_episode,227700,90.59093333333327,0.6044693333333332,,,,
train_episode,227850,92.10986666666663,0.6149120000000001,,,,
train_episode,228000,103.16693333333333,0.6886293333333334,,,,
eval,228000,,,,,97.97824,0.6539989333333334
train_episode,228150,100.45013333333333,0.67088,,,,
train_episode,228300,104.53439999999999,0.6980373333333331,,,,
train_episode,228450,107.90080000000005,0.7204693333333335,,,,
train_episode,228600,101.80586666666666,0.6798613333333331,,,,
train_episode,228750,102.61866666666668,0.6853120000000004,,,,
train_episode,228900,107.30346666666664,0.7164799999999998,,,,
train_episode,229050,101.30560000000006,0.6762986666666672,,,,
train_episode,229200,105.17653333333334,0.702368,,,,
train_episode,229350,96.34773333333332,0.6431680000000002,,,,
train_episode,229500,111.48426666666668,0.7447359999999998,,,,
train_episode,229650,111.39253333333326,0.7437866666666666,,,,
train_episode,229800,104.77546666666663,0.6992320000000001,,,,
train_episode,229950,95.23573333333341,0.6355520000000001,,,,
train_episode,230100,111.48906666666672,0.745728,,,,
train_episode,230250,110.40159999999999,0.7368639999999996,,,,
train_episode,230400,115.70133333333334,0.7730346666666665,,,,
train_episode,230550,113.34560000000002,0.7572373333333332,,,,
train_episode,230700,101.71093333333339,0.6795200000000001,,,,
train_episode,230850,114.35946666666669,0.7643733333333335,,,,
train_episode,231000,118.89706666666667,0.7944640000000002,,,,
train_episode,231150,112.59573333333329,0.7523626666666667,,,,
train_episode,231300,111.88693333333337,0.7471253333333333,,,,
train_episode,231450,105.05120000000001,0.7013439999999997,,,,
train_episode,231600,106.61653333333334,0.7120426666666666,,,,
train_episode,231750,107.3744,0.7173439999999995,,,,
train_episode,231900,108.84639999999997,0.7272106666666666,,,,
train_episode,232050,124.19360000000003,0.830304,,,,
train_episode,232200,112.78613333333332,0.7538026666666668,,,,
train_episode,232350,110.80213333333332,0.7402453333333335,,,,
train_episode,232500,110.18133333333328,0.735957333333333,,,,
train_episode,232650,112.36479999999997,0.7506346666666666,,,,
train_episode,232800,106.27946666666668,0.7099093333333333,,,,
train_episode,232950,110.8192,0.7403306666666662,,,,
train_episode,233100,113.64906666666667,0.7590079999999998,,,,
train_episode,233250,110.61173333333335,0.7379306666666664,,,,
train_episode,233400,108.0549333333333,0.7220373333333332,,,,
train_episode,233550,115.9824,0.7746666666666667,,,,
train_episode,233700,119.12266666666672,0.7960639999999999,,,,
train_episode,233850,113.68640000000002,0.7595413333333335,,,,
train_episode,234000,111.97866666666665,0.7477653333333332,,,,
eval,234000,,,,,113.20906666666667,0.7562517333333334
train_episode,234150,111.5045333333333,0.7450239999999999,,,,
train_episode,234300,113.42346666666666,0.7571946666666669,,,,
train_episode,234450,109.68053333333334,0.7321706666666666,,,,
train_episode,234600,111.1370666666666,0.7420586666666668,,,,
train_episode,234750,115.72693333333335,0.7733226666666668,,,,
train_episode,234900,114.84533333333323,0.7668800000000001,,,,
train_episode,235050,114.25973333333329,0.7632960000000001,,,,
train_episode,235200,110.4512,0.7373439999999999,,,,
train_episode,235350,109.40480000000004,0.730592,,,,
train_episode,235500,115.8847999999999,0.7743253333333335,,,,
train_episode,235650,111.91146666666668,0.7473386666666664,,,,
train_episode,235800,110.43626666666668,0.7378453333333332,,,,
train_episode,235950,116.03893333333328,0.7747733333333336,,,,
train_episode,236100,109.40160000000002,0.7301333333333332,,,,
train_episode,236250,108.1856,0.7226240000000002,,,,
train_episode,236400,108.73653333333331,0.7264106666666666,,,,
train_episode,236550,114.41653333333336,0.763893333333333,,,,
train_episode,236700,117.30239999999992,0.7831039999999999,,,,
train_episode,236850,119.50080000000003,0.7984426666666667,,,,
train_episode,237000,124.43626666666667,0.8303786666666665,,,,
train_episode,237150,118.97546666666658,0.7947306666666666,,,,
train_episode,237300,118.47413333333333,0.792010666666667,,,,
train_episode,237450,114.30506666666668,0.763434666666666,,,,
train_episode,237600,116.81119999999999,0.7802133333333334,,,,
train_episode,237750,114.58666666666676,0.7650240000000001,,,,
train_episode,237900,118.59839999999997,0.791786666666667,,,,
train_episode,238050,112.93226666666662,0.7546666666666663,,,,
train_episode,238200,117.01920000000005,0.7812480000000003,,,,
train_episode,238350,113.40693333333333,0.7572053333333333,,,,
train_episode,238500,117.62986666666663,0.7855679999999999,,,,
train_episode,238650,123.13173333333327,0.8226879999999999,,,,
train_episode,238800,115.80000000000003,0.7734720000000002,,,,
train_episode,238950,122.32533333333333,0.8164053333333331,,,,
train_episode,239100,112.8304,0.7535893333333334,,,,
train_episode,239250,114.89706666666666,0.7671893333333335,,,,
train_episode,239400,119.42826666666664,0.7973013333333334,,,,
train_episode,239550,112.24106666666667,0.7495786666666668,,,,
train_episode,239700,118.72213333333335,0.7932053333333333,,,,
train_episode,239850,119.64693333333338,0.7984426666666671,,,,
train_episode,240000,116.53599999999997,0.7775786666666669,,,,
eval,240000,,,,,117.71776,0.7861567999999999
train_episode,240150,124.62186666666672,0.832256,,,,
train_episode,240300,125.50666666666672,0.8382293333333336,,,,
train_episode,240450,124.91039999999995,0.8338986666666668,,,,
train_episode,240600,117.47573333333335,0.7846720000000003,,,,
train_episode,240750,121.25119999999997,0.8093973333333336,,,,
train_episode,240900,122.37759999999999,0.8178666666666666,,,,
train_episode,241050,121.03679999999999,0.8092053333333337,,,,
train_episode,241200,127.28959999999995,0.8508373333333333,,,,
train_episode,241350,125.47466666666668,0.8387413333333334,,,,
train_episode,241500,126.11306666666668,0.8429226666666668,,,,
train_episode,241650,126.19999999999999,0.8433600000000002,,,,
train_episode,241800,127.2245333333334,0.8496426666666667,,,,
train_episode,241950,125.2506666666667,0.8373333333333332,,,,
train_episode,242100,126.67200000000003,0.8463679999999999,,,,
train_episode,242250,126.16319999999997,0.8435413333333335,,,,
train_episode,242400,121.86613333333331,0.8141226666666667,,,,
train_episode,242550,116.59520000000002,0.7792746666666668,,,,
train_episode,242700,119.66560000000004,0.7989866666666666,,,,
train_episode,242850,117.84800000000001,0.7870399999999997,,,,
train_episode,243000,122.87413333333332,0.8214506666666671,,,,
train_episode,243150,131.73813333333337,0.8805440000000007,,,,
train_episode,243300,129.93653333333336,0.8680533333333333,,,,
train_episode,243450,120.34453333333327,0.8038613333333333,,,,
train_episode,243600,130.7616,0.8741440000000001,,,,
train_episode,243750,129.0837333333333,0.862197333333334,,,,
train_episode,243900,124.4224,0.8311253333333333,,,,
train_episode,244050,122.0336,0.8150186666666672,,,,
train_episode,244200,120.1594666666667,0.8023253333333334,,,,
train_episode,244350,119.74346666666669,0.7995840000000004,,,,
train_episode,244500,121.86133333333332,0.813898666666667,,,,
train_episode,244650,122.14880000000008,0.8161280000000001,,,,
train_episode,244800,125.296,0.836970666666666,,,,
train_episode,244950,124.4666666666667,0.8317866666666667,,,,
train_episode,245100,128.33813333333336,0.8575253333333338,,,,
train_episode,245250,133.0485333333334,0.8894613333333332,,,,
train_episode,245400,129.10826666666668,0.8627733333333333,,,,
train_episode,245550,125.23146666666663,0.8359466666666668,,,,
train_episode,245700,122.31093333333335,0.8172266666666665,,,,
train_episode,245850,126.39360000000006,0.8447680000000003,,,,
train_episode,246000,131.32853333333335,0.877578666666667,,,,
eval,246000,,,,,126.11477333333332,0.8422890666666667
train_episode,246150,123.18773333333333,0.822752,,,,
train_episode,246300,112.84640000000003,0.7530880000000005,,,,
train_episode,246450,120.50880000000002,0.8049813333333332,,,,
train_episode,246600,125.02933333333334,0.835584,,,,
train_episode,246750,125.6912,0.8395306666666668,,,,
train_episode,246900,116.4416,0.7778026666666666,,,,
train_episode,247050,120.48640000000002,0.804650666666667,,,,
train_episode,247200,128.86186666666666,0.860704,,,,
train_episode,247350,122.69280000000005,0.8199893333333335,,,,
train_episode,247500,114.67786666666669,0.76544,,,,
train_episode,247650,115.23679999999997,0.769792,,,,
train_episode,247800,120.62826666666663,0.8057706666666669,,,,
train_episode,247950,124.79040000000009,0.8343040000000004,,,,
train_episode,248100,122.82079999999998,0.8204799999999999,,,,
train_episode,248250,127.66826666666668,0.8526506666666663,,,,
train_episode,248400,122.24586666666669,0.8162026666666669,,,,
train_episode,248550,119.74666666666663,0.7990826666666668,,,,
train_episode,248700,117.87893333333336,0.7870613333333334,,,,
train_episode,248850,117.36586666666672,0.7837013333333332,,,,
train_episode,249000,118.77226666666662,0.7929493333333331,,,,
train_episode,249150,114.3872,0.7629866666666663,,,,
train_episode,249300,121.1136,0.8085439999999997,,,,
train_episode,249450,122.61813333333336,0.818666666666667,,,,
train_episode,249600,129.15573333333336,0.8632,,,,
train_episode,249750,125.84480000000003,0.8413226666666666,,,,
train_episode,249900,132.28586666666664,0.8834346666666665,,,,
train_episode,250050,132.72959999999995,0.8868693333333334,,,,
train_episode,250200,131.51200000000006,0.8786773333333335,,,,
train_episode,250350,125.11733333333339,0.8353386666666663,,,,
train_episode,250500,117.87359999999998,0.7869759999999999,,,,
train_episode,250650,122.74239999999996,0.8197333333333332,,,,
train_episode,250800,125.55199999999992,0.8384106666666661,,,,
train_episode,250950,121.7445333333333,0.812117333333334,,,,
train_episode,251100,120.91573333333326,0.8068586666666665,,,,
train_episode,251250,120.93013333333333,0.8072106666666665,,,,
train_episode,251400,111.33813333333342,0.7434666666666668,,,,
train_episode,251550,124.83733333333336,0.8329386666666666,,,,
train_episode,251700,121.81066666666666,0.8135893333333332,,,,
train_episode,251850,114.17813333333332,0.761621333333333,,,,
train_episode,252000,105.84960000000002,0.7063679999999999,,,,
eval,252000,,,,,114.62165333333334,0.7642282666666665
train_episode,252150,118.16959999999996,0.7890026666666669,,,,
train_episode,252300,121.2602666666667,0.8097600000000001,,,,
train_episode,252450,121.48853333333335,0.8108906666666665,,,,
train_episode,252600,128.61546666666672,0.859168,,,,
train_episode,252750,122.45920000000007,0.8176533333333336,,,,
train_episode,252900,127.00373333333333,0.8482880000000002,,,,
train_episode,253050,124.46826666666664,0.8308906666666667,,,,
train_episode,253200,123.91200000000003,0.8275200000000001,,,,
train_episode,253350,122.58186666666663,0.8189119999999996,,,,
train_episode,253500,124.00319999999999,0.828512,,,,
train_episode,253650,126.83893333333333,0.8465066666666669,,,,
train_episode,253800,131.00533333333337,0.8752426666666666,,,,
train_episode,253950,127.25920000000002,0.8501973333333337,,,,
train_episode,254100,125.00693333333328,0.8347733333333331,,,,
train_episode,254250,122.12213333333337,0.8154560000000002,,,,
train_episode,254400,122.17066666666668,0.8157866666666668,,,,
train_episode,254550,123.08160000000002,0.8216640000000001,,,,
train_episode,254700,120.36853333333327,0.8028586666666668,,,,
train_episode,254850,122.84106666666665,0.8202773333333331,,,,
train_episode,255000,126.17653333333335,0.8420693333333336,,,,
train_episode,255150,134.5557333333334,0.8993813333333336,,,,
train_episode,255300,127.25493333333334,0.8498666666666665,,,,
train_episode,255450,127.12053333333338,0.8489706666666667,,,,
train_episode,255600,132.92213333333336,0.8879466666666666,,,,
train_episode,255750,132.09173333333334,0.8822613333333336,,,,
train_episode,255900,129.41333333333333,0.864544,,,,
train_episode,256050,127.73066666666662,0.8533013333333336,,,,
train_episode,256200,131.69013333333334,0.8792106666666671,,,,
train_episode,256350,129.74346666666668,0.8662399999999999,,,,
train_episode,256500,128.4693333333333,0.8577600000000001,,,,
train_episode,256650,124.69279999999996,0.8321706666666668,,,,
train_episode,256800,123.16800000000006,0.822112,,,,
train_episode,256950,125.6602666666667,0.8389440000000001,,,,
train_episode,257100,122.79306666666668,0.8201599999999999,,,,
train_episode,257250,123.05386666666668,0.8210773333333337,,,,
train_episode,257400,123.40373333333335,0.8236373333333333,,,,
train_episode,257550,125.16320000000003,0.835893333333333,,,,
train_episode,257700,130.64,0.8729493333333338,,,,
train_episode,257850,131.28533333333334,0.8768639999999998,,,,
train_episode,258000,128.61919999999995,0.8594239999999999,,,,
eval,258000,,,,,135.75872,0.9070869333333336
train_episode,258150,136.3882666666667,0.911114666666667,,,,
train_episode,258300,129.40266666666668,0.8643946666666666,,,,
train_episode,258450,133.07786666666672,0.889248,,,,
train_episode,258600,135.45920000000015,0.9048426666666666,,,,
train_episode,258750,131.4741333333333,0.8788586666666667,,,,
train_episode,258900,128.58666666666667,0.8584213333333333,,,,
train_episode,259050,131.96906666666663,0.8813866666666669,,,,
train_episode,259200,127.62559999999998,0.8520426666666664,,,,
train_episode,259350,127.60266666666668,0.8519573333333331,,,,
train_episode,259500,128.54720000000006,0.8588160000000001,,,,
train_episode,259650,128.63946666666664,0.8593920000000003,,,,
train_episode,259800,126.64533333333337,0.8460586666666666,,,,
train_episode,259950,128.4778666666666,0.8583146666666664,,,,
train_episode,260100,129.35893333333334,0.8642666666666664,,,,
train_episode,260250,133.5957333333333,0.8925866666666665,,,,
train_episode,260400,132.0245333333334,0.8822186666666666,,,,
train_episode,260550,134.3002666666667,0.8970026666666661,,,,
train_episode,260700,134.23786666666672,0.8965760000000003,,,,
train_episode,260850,131.94559999999993,0.8816960000000003,,,,
train_episode,261000,133.99146666666672,0.8949226666666668,,,,
train_episode,261150,133.30773333333335,0.8905173333333335,,,,
train_episode,261300,129.99626666666668,0.868650666666667,,,,
train_episode,261450,126.57440000000005,0.8452373333333328,,,,
train_episode,261600,128.17226666666664,0.8558933333333333,,,,
train_episode,261750,125.66986666666672,0.8389013333333333,,,,
train_episode,261900,125.81173333333338,0.8399466666666665,,,,
train_episode,262050,128.41973333333334,0.8574186666666667,,,,
train_episode,262200,133.26559999999998,0.8902506666666664,,,,
train_episode,262350,131.13493333333335,0.8756266666666668,,,,
train_episode,262500,132.29280000000003,0.8837653333333333,,,,
train_episode,262650,135.3808,0.9043413333333334,,,,
train_episode,262800,132.53813333333343,0.885365333333333,,,,
train_episode,262950,132.67946666666666,0.886176,,,,
train_episode,263100,128.74079999999998,0.8600320000000001,,,,
train_episode,263250,127.91200000000006,0.8546986666666665,,,,
train_episode,263400,124.89760000000004,0.8344640000000001,,,,
train_episode,263550,133.88106666666667,0.8944746666666663,,,,
train_episode,263700,132.8698666666666,0.8876160000000003,,,,
train_episode,263850,132.1914666666666,0.8832213333333334,,,,
train_episode,264000,134.44479999999987,0.8979733333333335,,,,
eval,264000,,,,,132.69877333333332,0.8864853333333335
train_episode,264150,134.3754666666667,0.8977813333333334,,,,
train_episode,264300,133.34346666666664,0.8906666666666666,,,,
train_episode,264450,134.10240000000002,0.8960640000000004,,,,
train_episode,264600,131.38346666666666,0.8778239999999999,,,,
train_episode,264750,131.6517333333333,0.8795413333333335,,,,
train_episode,264900,131.8245333333333,0.8804693333333335,,,,
train_episode,265050,125.42613333333333,0.8378239999999999,,,,
train_episode,265200,131.6464,0.8796160000000005,,,,
train_episode,265350,130.37333333333333,0.8712000000000001,,,,
train_episode,265500,131.2122666666667,0.8766720000000002,,,,
train_episode,265650,131.35253333333333,0.8770986666666666,,,,
train_episode,265800,122.93493333333332,0.8207786666666664,,,,
train_episode,265950,129.07733333333337,0.8621653333333335,,,,
train_episode,266100,130.4650666666667,0.8717333333333337,,,,
train_episode,266250,132.08800000000002,0.8827520000000006,,,,
train_episode,266400,125.01333333333339,0.8351360000000001,,,,
train_episode,266550,126.97706666666659,0.8484159999999998,,,,
train_episode,266700,129.35466666666665,0.8641493333333333,,,,
train_episode,266850,133.0757333333333,0.8890133333333339,,,,
train_episode,267000,135.02079999999992,0.9023573333333331,,,,
train_episode,267150,130.9893333333333,0.874602666666667,,,,
train_episode,267300,127.98026666666664,0.8553919999999999,,,,
train_episode,267450,129.76213333333337,0.8667733333333335,,,,
train_episode,267600,121.61280000000002,0.8116053333333332,,,,
train_episode,267750,125.5562666666667,0.8382080000000001,,,,
train_episode,267900,124.59946666666664,0.832064,,,,
train_episode,268050,119.82026666666663,0.800149333333333,,,,
train_episode,268200,128.21439999999998,0.8562986666666668,,,,
train_episode,268350,125.61386666666665,0.839104,,,,
train_episode,268500,127.69866666666663,0.8528213333333338,,,,
train_episode,268650,128.6149333333333,0.8586026666666665,,,,
train_episode,268800,123.12693333333331,0.8218133333333334,,,,
train_episode,268950,117.76266666666668,0.7859840000000003,,,,
train_episode,269100,121.48586666666667,0.8103359999999998,,,,
train_episode,269250,123.57493333333336,0.8248960000000003,,,,
train_episode,269400,122.74666666666664,0.8196373333333333,,,,
train_episode,269550,122.8858666666667,0.8206080000000002,,,,
train_episode,269700,121.60373333333338,0.8119146666666669,,,,
train_episode,269850,120.12106666666661,0.802112,,,,
train_episode,270000,127.4085333333333,0.8509546666666665,,,,
eval,270000,,,,,126.45386666666666,0.8448128
train_episode,270150,128.08159999999995,0.8557440000000001,,,,
train_episode,270300,123.5141333333333,0.8244160000000004,,,,
train_episode,270450,121.62666666666675,0.8121386666666669,,,,
train_episode,270600,124.20053333333333,0.8291626666666665,,,,
train_episode,270750,126.38560000000001,0.8445653333333332,,,,
train_episode,270900,129.11999999999998,0.8624106666666671,,,,
train_episode,271050,129.55253333333337,0.8654720000000001,,,,
train_episode,271200,130.83306666666667,0.8737493333333333,,,,
train_episode,271350,133.79253333333332,0.8942080000000007,,,,
train_episode,271500,133.48586666666662,0.8921279999999999,,,,
train_episode,271650,133.17279999999997,0.8898239999999998,,,,
train_episode,271800,130.04693333333333,0.8685866666666667,,,,
train_episode,271950,125.18613333333336,0.8361279999999995,,,,
train_episode,272100,122.60853333333343,0.8184426666666667,,,,
train_episode,272250,122.70453333333336,0.8199893333333332,,,,
train_episode,272400,127.30666666666662,0.8500373333333335,,,,
train_episode,272550,126.74453333333337,0.8465600000000001,,,,
train_episode,272700,126.89120000000001,0.847274666666667,,,,
train_episode,272850,128.41653333333338,0.8582826666666663,,,,
train_episode,273000,127.39626666666668,0.8514666666666663,,,,
train_episode,273150,125.0448,0.8354026666666668,,,,
train_episode,273300,125.75199999999995,0.8400853333333336,,,,
train_episode,273450,122.21013333333335,0.8159573333333341,,,,
train_episode,273600,123.288,0.8230613333333332,,,,
train_episode,273750,123.21013333333336,0.8217493333333334,,,,
train_episode,273900,117.0005333333334,0.7809599999999999,,,,
train_episode,274050,119.50720000000003,0.7975893333333325,,,,
train_episode,274200,119.05653333333336,0.7946453333333332,,,,
train_episode,274350,124.50186666666664,0.8315306666666666,,,,
train_episode,274500,126.21920000000001,0.842752,,,,
train_episode,274650,127.0954666666667,0.8485333333333333,,,,
train_episode,274800,124.50613333333337,0.8315199999999997,,,,
train_episode,274950,129.20053333333337,0.8629546666666672,,,,
train_episode,275100,127.46986666666662,0.8519786666666667,,,,
train_episode,275250,126.91786666666661,0.8479573333333335,,,,
train_episode,275400,128.61759999999998,0.8592853333333331,,,,
train_episode,275550,128.17226666666673,0.8559786666666668,,,,
train_episode,275700,130.9136,0.8747946666666665,,,,
train_episode,275850,130.29226666666665,0.8707733333333334,,,,
train_episode,276000,128.7397333333334,0.8604160000000004,,,,
eval,276000,,,,,127.23157333333329,0.850024533333333
train_episode,276150,127.98293333333334,0.8550080000000001,,,,
train_episode,276300,134.33386666666664,0.8978666666666667,,,,
train_episode,276450,134.39253333333332,0.8982613333333338,,,,
train_episode,276600,134.4170666666667,0.8986133333333334,,,,
train_episode,276750,134.4837333333333,0.8988160000000001,,,,
train_episode,276900,130.86026666666663,0.8741866666666668,,,,
train_episode,277050,122.3658666666667,0.8170026666666665,,,,
train_episode,277200,117.4661333333333,0.7840853333333335,,,,
train_episode,277350,123.09279999999995,0.8220053333333334,,,,
train_episode,277500,123.35519999999997,0.8240639999999997,,,,
train_episode,277650,123.75093333333338,0.8266880000000001,,,,
train_episode,277800,126.16053333333338,0.8426453333333334,,,,
train_episode,277950,121.9856,0.8152320000000002,,,,
train_episode,278100,126.06453333333337,0.8422720000000002,,,,
train_episode,278250,124.15520000000004,0.8292159999999996,,,,
train_episode,278400,120.95413333333337,0.8071786666666668,,,,
train_episode,278550,125.32479999999998,0.836842666666667,,,,
train_episode,278700,122.92639999999997,0.8209919999999999,,,,
train_episode,278850,117.71039999999994,0.7862933333333334,,,,
train_episode,279000,124.85066666666668,0.8342933333333331,,,,
train_episode,279150,122.23466666666664,0.8164480000000001,,,,
train_episode,279300,126.58506666666665,0.8454080000000002,,,,
train_episode,279450,125.35626666666671,0.8373973333333333,,,,
train_episode,279600,120.90880000000003,0.8074986666666669,,,,
train_episode,279750,126.17920000000002,0.8425599999999996,,,,
train_episode,279900,120.05386666666669,0.8016533333333332,,,,
train_episode,280050,119.05439999999997,0.7948160000000001,,,,
train_episode,280200,119.05599999999998,0.7948479999999999,,,,
train_episode,280350,120.72106666666669,0.8059093333333338,,,,
train_episode,280500,119.41813333333333,0.7974293333333334,,,,
train_episode,280650,116.62026666666668,0.7781333333333331,,,,
train_episode,280800,114.71306666666669,0.7661013333333339,,,,
train_episode,280950,113.57599999999994,0.7584426666666664,,,,
train_episode,281100,122.09440000000001,0.8154240000000004,,,,
train_episode,281250,112.01226666666668,0.7476693333333333,,,,
train_episode,281400,115.8997333333333,0.7737386666666668,,,,
train_episode,281550,104.82879999999999,0.6999146666666664,,,,
train_episode,281700,112.76266666666663,0.7523199999999999,,,,
train_episode,281850,111.41706666666663,0.7433493333333335,,,,
train_episode,282000,111.33546666666666,0.7434880000000001,,,,
eval,282000,,,,,113.24330666666665,0.7559765333333335
train_episode,282150,121.91733333333336,0.8141440000000001,,,,
train_episode,282300,119.06933333333336,0.7950079999999996,,,,
train_episode,282450,116.54239999999996,0.778144,,,,
train_episode,282600,107.93493333333336,0.7196799999999999,,,,
train_episode,282750,94.00053333333331,0.6264426666666665,,,,
train_episode,282900,97.06453333333334,0.6477866666666668,,,,
train_episode,283050,96.67253333333333,0.6442666666666665,,,,
train_episode,283200,105.46613333333327,0.7035839999999999,,,,
train_episode,283350,101.27199999999999,0.674858666666667,,,,
train_episode,283500,82.17546666666665,0.5466559999999997,,,,
train_episode,283650,87.48053333333331,0.5835413333333335,,,,
train_episode,283800,108.14826666666674,0.7214826666666667,,,,
train_episode,283950,113.72906666666672,0.7600000000000001,,,,
train_episode,284100,114.85706666666677,0.7669013333333337,,,,
train_episode,284250,106.05866666666667,0.7080640000000004,,,,
train_episode,284400,110.33866666666668,0.7365013333333333,,,,
train_episode,284550,114.92106666666666,0.767114666666667,,,,
train_episode,284700,115.41066666666671,0.7703466666666673,,,,
train_episode,284850,107.1952,0.7153386666666667,,,,
train_episode,285000,112.98933333333335,0.7541760000000004,,,,
train_episode,285150,108.16906666666665,0.7220053333333329,,,,
train_episode,285300,107.98079999999999,0.7204053333333333,,,,
train_episode,285450,114.71626666666674,0.7655573333333336,,,,
train_episode,285600,121.09119999999997,0.8086080000000003,,,,
train_episode,285750,117.66720000000005,0.7856746666666669,,,,
train_episode,285900,112.31146666666667,0.7493226666666665,,,,
train_episode,286050,118.13386666666668,0.7883199999999998,,,,
train_episode,286200,116.17226666666666,0.7756160000000001,,,,
train_episode,286350,118.1125333333333,0.788576,,,,
train_episode,286500,119.80746666666667,0.8002133333333338,,,,
train_episode,286650,115.07466666666669,0.768138666666667,,,,
train_episode,286800,120.17280000000002,0.8028693333333331,,,,
train_episode,286950,117.03520000000002,0.7814186666666665,,,,
train_episode,287100,116.4368,0.7770986666666666,,,,
train_episode,287250,118.93279999999999,0.7946773333333333,,,,
train_episode,287400,112.05333333333337,0.748053333333334,,,,
train_episode,287550,108.74986666666673,0.7260479999999997,,,,
train_episode,287700,105.53333333333333,0.7044479999999999,,,,
train_episode,287850,106.01920000000005,0.7074773333333331,,,,
train_episode,288000,111.29706666666668,0.7431893333333334,,,,
eval,288000,,,,,117.01888,0.7813866666666666
train_episode,288150,116.50239999999998,0.777930666666667,,,,
train_episode,288300,115.24319999999997,0.7691199999999998,,,,
train_episode,288450,119.77973333333331,0.8002346666666666,,,,
train_episode,288600,118.96906666666668,0.7944746666666664,,,,
train_episode,288750,111.13813333333331,0.7416213333333335,,,,
train_episode,288900,114.8533333333334,0.7674986666666668,,,,
train_episode,289050,119.35733333333339,0.7969279999999999,,,,
train_episode,289200,111.66986666666666,0.7459306666666664,,,,
train_episode,289350,118.65386666666669,0.7925013333333336,,,,
train_episode,289500,116.68480000000005,0.7788053333333331,,,,
train_episode,289650,117.16159999999995,0.7823999999999998,,,,
train_episode,289800,114.9424,0.7678079999999998,,,,
train_episode,289950,117.75573333333332,0.7867519999999999,,,,
train_episode,290100,119.05813333333333,0.7952106666666668,,,,
train_episode,290250,125.10613333333333,0.8350399999999998,,,,
train_episode,290400,111.09280000000001,0.7421439999999998,,,,
train_episode,290550,115.9381333333334,0.7747413333333335,,,,
train_episode,290700,118.95626666666669,0.7946239999999999,,,,
train_episode,290850,119.0474666666666,0.7943573333333334,,,,
train_episode,291000,102.81813333333338,0.6866559999999998,,,,
train_episode,291150,107.10933333333341,0.714848,,,,
train_episode,291300,107.60213333333333,0.7180480000000002,,,,
train_episode,291450,114.60800000000002,0.7648213333333328,,,,
train_episode,291600,110.35839999999999,0.7362666666666667,,,,
train_episode,291750,111.71733333333337,0.7461760000000001,,,,
train_episode,291900,106.30506666666662,0.7096746666666668,,,,
train_episode,292050,105.31519999999998,0.702762666666667,,,,
train_episode,292200,111.05600000000007,0.7413013333333335,,,,
train_episode,292350,104.88266666666664,0.7003093333333331,,,,
train_episode,292500,118.76746666666662,0.7931839999999998,,,,
train_episode,292650,113.5824,0.7580586666666668,,,,
train_episode,292800,111.55946666666667,0.7448533333333331,,,,
train_episode,292950,103.70400000000002,0.6922559999999998,,,,
train_episode,293100,104.91679999999991,0.6997973333333332,,,,
train_episode,293250,109.31306666666671,0.7298880000000006,,,,
train_episode,293400,115.53653333333328,0.7715946666666672,,,,
train_episode,293550,109.82933333333334,0.7331413333333335,,,,
train_episode,293700,96.77440000000001,0.6453013333333334,,,,
train_episode,293850,100.66346666666668,0.6711253333333331,,,,
train_episode,294000,98.90186666666663,0.6600213333333332,,,,
eval,294000,,,,,102.02559999999998,0.6808064
train_episode,294150,109.2458666666666,0.7290026666666666,,,,
train_episode,294300,98.21919999999999,0.6554346666666666,,,,
train_episode,294450,108.34186666666662,0.7232746666666663,,,,
train_episode,294600,111.97013333333328,0.747552,,,,
train_episode,294750,98.61813333333332,0.6583573333333333,,,,
train_episode,294900,108.5274666666667,0.723712,,,,
train_episode,295050,93.34613333333328,0.622837333333333,,,,
train_episode,295200,106.2496,0.7093013333333333,,,,
train_episode,295350,107.93066666666664,0.7204479999999999,,,,
train_episode,295500,96.84533333333331,0.6462613333333334,,,,
train_episode,295650,97.20320000000001,0.6491519999999998,,,,
train_episode,295800,98.45866666666667,0.6568640000000001,,,,
train_episode,295950,95.33066666666673,0.6361813333333332,,,,
train_episode,296100,102.88586666666663,0.6862186666666665,,,,
train_episode,296250,99.29600000000003,0.6619200000000005,,,,
train_episode,296400,96.67946666666671,0.6455466666666665,,,,
train_episode,296550,99.28906666666667,0.6624213333333332,,,,
train_episode,296700,95.4762666666667,0.6360106666666671,,,,
train_episode,296850,98.19040000000001,0.6551573333333335,,,,
train_episode,297000,102.02026666666663,0.6812586666666668,,,,
train_episode,297150,97.99306666666668,0.6539946666666667,,,,
train_episode,297300,96.04639999999999,0.641301333333333,,,,
train_episode,297450,91.82560000000001,0.6122239999999999,,,,
train_episode,297600,97.6986666666667,0.6513493333333333,,,,
train_episode,297750,81.44639999999995,0.5421973333333331,,,,
train_episode,297900,94.43200000000004,0.629482666666667,,,,
train_episode,298050,97.6213333333334,0.6518506666666666,,,,
train_episode,298200,111.42080000000001,0.7438613333333334,,,,
train_episode,298350,103.34933333333329,0.6899946666666668,,,,
train_episode,298500,96.97493333333335,0.6466133333333333,,,,
train_episode,298650,96.05813333333334,0.6413439999999998,,,,
train_episode,298800,110.4224,0.7373759999999997,,,,
train_episode,298950,108.73866666666673,0.7256853333333333,,,,
train_episode,299100,94.16426666666666,0.6286933333333338,,,,
train_episode,299250,110.34773333333337,0.7370240000000001,,,,
train_episode,299400,104.02773333333332,0.6941759999999998,,,,
train_episode,299550,107.03733333333332,0.7144426666666671,,,,
train_episode,299700,98.91306666666662,0.6600213333333332,,,,
train_episode,299850,104.70613333333336,0.6988693333333338,,,,
train_episode,300000,107.03146666666667,0.7146773333333337,,,,
eval,300000,,,,,103.97226666666668,0.6940074666666666
train_episode,300150,105.74133333333336,0.7054613333333335,,,,
train_episode,300300,111.83306666666671,0.746592,,,,
train_episode,300450,114.18880000000001,0.7627946666666673,,,,
train_episode,300600,112.51786666666669,0.7512639999999999,,,,
train_episode,300750,108.35360000000003,0.7232639999999995,,,,
train_episode,300900,107.1061333333333,0.7151359999999999,,,,
train_episode,301050,96.45653333333328,0.6441280000000004,,,,
train_episode,301200,89.83626666666662,0.5989760000000001,,,,
train_episode,301350,100.04160000000002,0.6682666666666665,,,,
train_episode,301500,115.0565333333333,0.7680533333333329,,,,
train_episode,301650,113.98773333333334,0.7604693333333336,,,,
train_episode,301800,104.56853333333333,0.6980906666666664,,,,
train_episode,301950,92.91626666666666,0.6198826666666668,,,,
train_episode,302100,108.69546666666666,0.7255893333333335,,,,
train_episode,302250,107.68533333333333,0.7195519999999999,,,,
train_episode,302400,112.1248,0.7482773333333331,,,,
train_episode,302550,108.91146666666668,0.7269013333333336,,,,
train_episode,302700,117.728,0.7863466666666663,,,,
train_episode,302850,113.69386666666662,0.7593813333333332,,,,
train_episode,303000,110.9328,0.7400106666666666,,,,
train_episode,303150,105.40960000000003,0.7035306666666666,,,,
train_episode,303300,110.61013333333334,0.7387626666666663,,,,
train_episode,303450,114.33066666666666,0.7626346666666665,,,,
train_episode,303600,105.35573333333336,0.7031040000000003,,,,
train_episode,303750,105.01760000000003,0.7017280000000002,,,,
train_episode,303900,112.32693333333334,0.7501013333333334,,,,
train_episode,304050,115.43413333333332,0.7707626666666667,,,,
train_episode,304200,107.15253333333335,0.7153706666666666,,,,
train_episode,304350,113.46986666666669,0.7573866666666669,,,,
train_episode,304500,115.3098666666667,0.7697706666666667,,,,
train_episode,304650,106.06506666666667,0.7080533333333338,,,,
train_episode,304800,104.83146666666669,0.6994666666666667,,,,
train_episode,304950,116.9072,0.7803306666666664,,,,
train_episode,305100,101.86079999999998,0.6793493333333336,,,,
train_episode,305250,100.94133333333338,0.6733760000000001,,,,
train_episode,305400,91.4250666666667,0.6094826666666666,,,,
train_episode,305550,101.9328,0.680181333333333,,,,
train_episode,305700,105.35253333333338,0.7034239999999999,,,,
train_episode,305850,104.86826666666667,0.6999786666666666,,,,
train_episode,306000,108.88426666666665,0.7269546666666665,,,,
eval,306000,,,,,106.14154666666666,0.7085461333333334
train_episode,306150,104.41546666666667,0.696576,,,,
train_episode,306300,107.7626666666667,0.7194133333333332,,,,
train_episode,306450,113.01706666666658,0.7546026666666663,,,,
train_episode,306600,106.08853333333336,0.708064,,,,
train_episode,306750,106.16479999999997,0.7084480000000005,,,,
train_episode,306900,105.37546666666664,0.7037333333333332,,,,
train_episode,307050,105.54719999999996,0.7042666666666662,,,,
train_episode,307200,107.57493333333332,0.7179093333333331,,,,
train_episode,307350,110.8282666666667,0.7400426666666671,,,,
train_episode,307500,112.73226666666666,0.7527359999999997,,,,
train_episode,307650,112.6576,0.7526293333333332,,,,
train_episode,307800,118.61866666666668,0.792341333333333,,,,
train_episode,307950,121.82560000000001,0.8135253333333332,,,,
train_episode,308100,111.5061333333333,0.7444693333333331,,,,
train_episode,308250,116.62613333333331,0.7790613333333335,,,,
train_episode,308400,118.40160000000006,0.7908053333333337,,,,
train_episode,308550,111.50719999999998,0.7449173333333331,,,,
train_episode,308700,110.02026666666671,0.734048,,,,
train_episode,308850,112.10506666666669,0.7484906666666669,,,,
train_episode,309000,113.61813333333332,0.758538666666667,,,,
train_episode,309150,113.68959999999998,0.7592000000000002,,,,
train_episode,309300,118.61119999999998,0.7917013333333336,,,,
train_episode,309450,118.98346666666667,0.7947733333333332,,,,
train_episode,309600,115.2250666666666,0.7694293333333332,,,,
train_episode,309750,117.8261333333333,0.7865813333333329,,,,
train_episode,309900,108.19466666666665,0.7223893333333334,,,,
train_episode,310050,107.34666666666668,0.7168746666666665,,,,
train_episode,310200,113.4053333333333,0.7564799999999999,,,,
train_episode,310350,107.38026666666661,0.7168639999999998,,,,
train_episode,310500,107.97493333333333,0.7211733333333336,,,,
train_episode,310650,117.65866666666663,0.7853973333333334,,,,
train_episode,310800,102.18346666666672,0.6821440000000002,,,,
train_episode,310950,113.12213333333331,0.7551040000000003,,,,
train_episode,311100,110.05546666666666,0.7349866666666666,,,,
train_episode,311250,110.89333333333337,0.740074666666667,,,,
train_episode,311400,106.0112,0.707573333333333,,,,
train_episode,311550,105.71466666666663,0.7057493333333338,,,,
train_episode,311700,112.70080000000004,0.7523946666666664,,,,
train_episode,311850,106.56640000000002,0.7114880000000002,,,,
train_episode,312000,109.84000000000005,0.7331839999999998,,,,
eval,312000,,,,,110.38058666666669,0.7369066666666668
train_episode,312150,112.69386666666666,0.7522773333333335,,,,
train_episode,312300,112.65866666666666,0.7522133333333332,,,,
train_episode,312450,112.94026666666664,0.7539093333333333,,,,
train_episode,312600,122.79893333333327,0.82,,,,
train_episode,312750,114.91893333333333,0.7673493333333334,,,,
train_episode,312900,115.01226666666662,0.7686826666666667,,,,
train_episode,313050,119.66346666666668,0.7994880000000001,,,,
train_episode,313200,120.16906666666671,0.8028480000000002,,,,
train_episode,313350,125.35679999999994,0.8376960000000001,,,,
train_episode,313500,122.70773333333327,0.8197546666666665,,,,
train_episode,313650,124.66133333333336,0.8330133333333333,,,,
train_episode,313800,124.03146666666669,0.8287359999999999,,,,
train_episode,313950,121.0058666666667,0.8079466666666665,,,,
train_episode,314100,112.37066666666666,0.7501760000000001,,,,
train_episode,314250,123.25226666666667,0.8237760000000004,,,,
train_episode,314400,114.30720000000004,0.7632960000000002,,,,
train_episode,314550,106.70186666666672,0.7121173333333336,,,,
train_episode,314700,105.47466666666668,0.7042346666666668,,,,
train_episode,314850,114.69813333333335,0.7657386666666665,,,,
train_episode,315000,121.4128,0.8107946666666663,,,,
train_episode,315150,119.67626666666665,0.7997653333333334,,,,
train_episode,315300,119.35466666666676,0.7973013333333336,,,,
train_episode,315450,115.20373333333339,0.769322666666667,,,,
train_episode,315600,117.52053333333326,0.7851306666666668,,,,
train_episode,315750,123.85919999999999,0.8273706666666668,,,,
train_episode,315900,115.93119999999998,0.7744639999999997,,,,
train_episode,316050,127.1685333333333,0.8495466666666668,,,,
train_episode,316200,127.71733333333333,0.8535253333333332,,,,
train_episode,316350,123.11466666666668,0.8228053333333333,,,,
train_episode,316500,109.97280000000002,0.7345386666666672,,,,
train_episode,316650,108.7914666666667,0.7268266666666666,,,,
train_episode,316800,115.60479999999997,0.7711680000000001,,,,
train_episode,316950,108.29493333333333,0.7230293333333331,,,,
train_episode,317100,121.89866666666671,0.8145919999999992,,,,
train_episode,317250,114.12640000000003,0.7619413333333334,,,,
train_episode,317400,116.4570666666667,0.7778880000000001,,,,
train_episode,317550,118.09333333333336,0.7887146666666667,,,,
train_episode,317700,102.30773333333333,0.6816533333333337,,,,
train_episode,317850,88.78666666666666,0.5922240000000002,,,,
train_episode,318000,104.95199999999993,0.7000213333333337,,,,
eval,318000,,,,,106.54389333333333,0.7110250666666666
train_episode,318150,110.44266666666668,0.7370880000000002,,,,
train_episode,318300,109.94346666666668,0.7344426666666667,,,,
train_episode,318450,114.19680000000004,0.7625600000000006,,,,
train_episode,318600,109.84586666666671,0.7334613333333333,,,,
train_episode,318750,105.74986666666663,0.7063146666666668,,,,
train_episode,318900,106.24106666666667,0.7090453333333332,,,,
train_episode,319050,106.21759999999993,0.7090026666666667,,,,
train_episode,319200,116.27946666666662,0.7767253333333335,,,,
train_episode,319350,117.51200000000006,0.7838293333333333,,,,
train_episode,319500,102.21439999999997,0.6822399999999998,,,,
train_episode,319650,104.0970666666667,0.6945173333333333,,,,
train_episode,319800,111.19360000000002,0.7424853333333336,,,,
train_episode,319950,110.64000000000001,0.7388160000000003,,,,
train_episode,320100,108.07253333333334,0.7213226666666667,,,,
train_episode,320250,114.5072,0.7646186666666672,,,,
train_episode,320400,119.35573333333333,0.7967466666666666,,,,
train_episode,320550,120.89226666666667,0.8072213333333336,,,,
train_episode,320700,114.61493333333327,0.7650133333333334,,,,
train_episode,320850,110.56693333333334,0.7381866666666668,,,,
train_episode,321000,114.55999999999997,0.765184,,,,
train_episode,321150,111.69653333333332,0.7458453333333332,,,,
train_episode,321300,111.67093333333334,0.7455680000000008,,,,
train_episode,321450,120.36746666666666,0.8041279999999996,,,,
train_episode,321600,119.25333333333329,0.7968746666666665,,,,
train_episode,321750,121.0106666666667,0.8078506666666664,,,,
train_episode,321900,110.33973333333336,0.7366186666666665,,,,
train_episode,322050,115.16959999999996,0.7688426666666669,,,,
train_episode,322200,114.39680000000003,0.7637013333333335,,,,
train_episode,322350,112.80053333333338,0.7528853333333336,,,,
train_episode,322500,108.96746666666665,0.7275200000000003,,,,
train_episode,322650,110.47093333333335,0.7373546666666667,,,,
train_episode,322800,112.7210666666666,0.7527573333333332,,,,
train_episode,322950,125.3946666666667,0.8380266666666666,,,,
train_episode,323100,116.88426666666666,0.7804693333333336,,,,
train_episode,323250,111.6304,0.7452906666666669,,,,
train_episode,323400,110.89973333333339,0.7406933333333332,,,,
train_episode,323550,116.58826666666666,0.7780799999999997,,,,
train_episode,323700,113.92693333333335,0.7613013333333335,,,,
train_episode,323850,122.28426666666671,0.8166613333333334,,,,
train_episode,324000,118.94346666666675,0.7949120000000006,,,,
eval,324000,,,,,124.71402666666668,0.8330048
train_episode,324150,121.64640000000003,0.8124693333333337,,,,
train_episode,324300,118.5792,0.7915733333333331,,,,
train_episode,324450,125.92853333333335,0.8414400000000004,,,,
train_episode,324600,122.25973333333334,0.8163946666666668,,,,
train_episode,324750,114.95733333333335,0.7677759999999998,,,,
train_episode,324900,122.72800000000002,0.8199359999999994,,,,
train_episode,325050,120.23680000000003,0.8029120000000005,,,,
train_episode,325200,111.38826666666667,0.7436799999999999,,,,
train_episode,325350,100.91040000000007,0.6731520000000001,,,,
train_episode,325500,104.92746666666666,0.7003733333333332,,,,
train_episode,325650,100.68533333333335,0.6715200000000002,,,,
train_episode,325800,112.42453333333336,0.7502933333333333,,,,
train_episode,325950,89.97386666666674,0.6000853333333337,,,,
train_episode,326100,116.77066666666667,0.7797546666666668,,,,
train_episode,326250,118.49119999999994,0.7911253333333332,,,,
train_episode,326400,96.66346666666662,0.6441813333333337,,,,
train_episode,326550,96.82026666666667,0.6458346666666669,,,,
train_episode,326700,99.1008,0.6610986666666666,,,,
train_episode,326850,97.1749333333333,0.6485226666666665,,,,
train_episode,327000,111.7456,0.7462293333333334,,,,
train_episode,327150,114.4032,0.7636586666666668,,,,
train_episode,327300,106.32426666666666,0.7094933333333333,,,,
train_episode,327450,107.42239999999998,0.7167573333333334,,,,
train_episode,327600,110.60266666666664,0.7382506666666664,,,,
train_episode,327750,110.88853333333334,0.7405973333333336,,,,
train_episode,327900,109.91093333333329,0.7330026666666662,,,,
train_episode,328050,106.80533333333332,0.7125546666666664,,,,
train_episode,328200,107.47306666666671,0.7176640000000001,,,,
train_episode,328350,111.1381333333333,0.7417279999999997,,,,
train_episode,328500,113.83893333333329,0.7605759999999998,,,,
train_episode,328650,113.92053333333331,0.7608319999999997,,,,
train_episode,328800,106.39733333333324,0.7102613333333331,,,,
train_episode,328950,110.61173333333332,0.7381013333333334,,,,
train_episode,329100,114.23946666666666,0.7627839999999999,,,,
train_episode,329250,111.47999999999999,0.7442879999999996,,,,
train_episode,329400,103.50346666666664,0.690592,,,,
train_episode,329550,105.93013333333334,0.7076266666666667,,,,
train_episode,329700,106.2874666666667,0.7092160000000002,,,,
train_episode,329850,111.66133333333337,0.7454506666666666,,,,
train_episode,330000,124.8629333333333,0.8349546666666664,,,,
eval,330000,,,,,126.05290666666667,0.8424896000000002
train_episode,330150,121.8821333333333,0.8145493333333332,,,,
train_episode,330300,111.33919999999998,0.7440106666666665,,,,
train_episode,330450,112.61920000000003,0.751914666666667,,,,
train_episode,330600,120.97973333333337,0.8084480000000002,,,,
train_episode,330750,106.62239999999998,0.7119679999999997,,,,
train_episode,330900,112.7178666666667,0.7524586666666664,,,,
train_episode,331050,110.16000000000001,0.7355946666666666,,,,
train_episode,331200,116.82346666666669,0.7799360000000003,,,,
train_episode,331350,114.01066666666665,0.7613866666666668,,,,
train_episode,331500,106.30613333333334,0.7101013333333334,,,,
train_episode,331650,109.58346666666668,0.7312853333333335,,,,
train_episode,331800,105.75093333333334,0.7059946666666665,,,,
train_episode,331950,108.88373333333335,0.727328,,,,
train_episode,332100,113.86773333333332,0.7601386666666663,,,,
train_episode,332250,118.76266666666672,0.7932906666666667,,,,
train_episode,332400,122.728,0.8202773333333333,,,,
train_episode,332550,115.39893333333335,0.7713706666666669,,,,
train_episode,332700,126.94613333333335,0.8486293333333331,,,,
train_episode,332850,123.66133333333337,0.8261546666666667,,,,
train_episode,333000,115.10773333333334,0.7687253333333339,,,,
train_episode,333150,111.06453333333334,0.7416640000000004,,,,
train_episode,333300,112.45226666666665,0.7509973333333335,,,,
train_episode,333450,121.51093333333331,0.8117120000000002,,,,
train_episode,333600,120.1765333333333,0.8028906666666665,,,,
train_episode,333750,115.7728,0.7730239999999998,,,,
train_episode,333900,117.3413333333333,0.7842559999999997,,,,
train_episode,334050,109.54666666666668,0.7316266666666668,,,,
train_episode,334200,117.43573333333333,0.7846080000000001,,,,
train_episode,334350,109.05440000000002,0.7279146666666667,,,,
train_episode,334500,109.84746666666665,0.7333866666666665,,,,
train_episode,334650,111.36106666666667,0.7434133333333336,,,,
train_episode,334800,111.77013333333333,0.7459733333333333,,,,
train_episode,334950,97.83573333333334,0.6526506666666666,,,,
train_episode,335100,100.83626666666667,0.6730666666666664,,,,
train_episode,335250,98.58559999999993,0.6577919999999999,,,,
train_episode,335400,103.93706666666672,0.6932800000000002,,,,
train_episode,335550,110.37973333333333,0.737098666666667,,,,
train_episode,335700,121.0421333333334,0.8083200000000003,,,,
train_episode,335850,116.05386666666666,0.7752853333333336,,,,
train_episode,336000,116.72160000000007,0.7793813333333329,,,,
eval,336000,,,,,116.26432,0.7764757333333335
train_episode,336150,117.79306666666663,0.7864960000000002,,,,
train_episode,336300,111.66933333333334,0.7459733333333335,,,,
train_episode,336450,119.48479999999996,0.7980479999999998,,,,
train_episode,336600,122.02026666666667,0.8151999999999999,,,,
train_episode,336750,115.60320000000006,0.7717759999999998,,,,
train_episode,336900,110.34826666666665,0.7368213333333332,,,,
train_episode,337050,109.4677333333333,0.7306879999999997,,,,
train_episode,337200,118.88906666666676,0.7942400000000002,,,,
train_episode,337350,116.11680000000001,0.7752959999999997,,,,
train_episode,337500,110.66560000000001,0.7389973333333334,,,,
train_episode,337650,118.6170666666667,0.7923946666666668,,,,
train_episode,337800,120.12479999999996,0.8021013333333332,,,,
train_episode,337950,114.50720000000003,0.7645226666666667,,,,
train_episode,338100,121.60906666666669,0.8118719999999996,,,,
train_episode,338250,116.6096,0.778848,,,,
train_episode,338400,112.91733333333333,0.7539520000000002,,,,
train_episode,338550,112.86773333333332,0.7535680000000003,,,,
train_episode,338700,106.39359999999999,0.7102506666666665,,,,
train_episode,338850,111.96746666666672,0.7477759999999998,,,,
train_episode,339000,116.1349333333334,0.7757333333333335,,,,
train_episode,339150,113.78666666666665,0.7599786666666667,,,,
train_episode,339300,117.23039999999997,0.7831146666666664,,,,
train_episode,339450,118.58773333333332,0.7923946666666668,,,,
train_episode,339600,119.48213333333338,0.7983146666666674,,,,
train_episode,339750,119.21706666666665,0.7966506666666668,,,,
train_episode,339900,121.45386666666671,0.8112533333333334,,,,
train_episode,340050,118.10826666666664,0.7881279999999999,,,,
train_episode,340200,113.19893333333333,0.7561066666666669,,,,
train_episode,340350,114.83786666666661,0.7673706666666664,,,,
train_episode,340500,119.49066666666668,0.7984213333333333,,,,
train_episode,340650,122.27573333333333,0.8171733333333329,,,,
train_episode,340800,124.4229333333333,0.8314346666666668,,,,
train_episode,340950,124.2336,0.8300480000000001,,,,
train_episode,341100,121.66879999999998,0.8130346666666666,,,,
train_episode,341250,121.16426666666672,0.8093013333333338,,,,
train_episode,341400,117.4357333333334,0.7840426666666668,,,,
train_episode,341550,120.58613333333331,0.8054720000000001,,,,
train_episode,341700,122.99093333333333,0.8216853333333332,,,,
train_episode,341850,117.98666666666661,0.7882773333333334,,,,
train_episode,342000,113.50880000000002,0.7578559999999996,,,,
eval,342000,,,,,116.18101333333334,0.7758805333333334
train_episode,342150,110.14080000000003,0.7354666666666664,,,,
train_episode,342300,107.45439999999992,0.7178666666666663,,,,
train_episode,342450,109.52,0.7311146666666667,,,,
train_episode,342600,98.06826666666672,0.6538880000000002,,,,
train_episode,342750,114.55893333333336,0.764608,,,,
train_episode,342900,108.05973333333341,0.7215360000000001,,,,
train_episode,343050,108.96320000000006,0.7273813333333335,,,,
train_episode,343200,109.90239999999999,0.7336319999999994,,,,
train_episode,343350,110.74133333333334,0.7390080000000002,,,,
train_episode,343500,112.92106666666668,0.7538986666666667,,,,
train_episode,343650,112.46879999999997,0.7510720000000002,,,,
train_episode,343800,118.7423999999999,0.7933653333333331,,,,
train_episode,343950,120.45759999999993,0.804490666666667,,,,
train_episode,344100,116.25973333333333,0.7767466666666667,,,,
train_episode,344250,117.05706666666661,0.7820693333333332,,,,
train_episode,344400,111.39893333333335,0.7436480000000001,,,,
train_episode,344550,100.39946666666667,0.6703039999999996,,,,
train_episode,344700,107.10773333333339,0.7147413333333333,,,,
train_episode,344850,103.32479999999994,0.6897066666666666,,,,
train_episode,345000,103.89866666666666,0.693226666666667,,,,
train_episode,345150,112.81546666666671,0.7531200000000005,,,,
train_episode,345300,117.71679999999998,0.7862293333333337,,,,
train_episode,345450,104.37599999999999,0.6960320000000003,,,,
train_episode,345600,101.98346666666671,0.6811946666666666,,,,
train_episode,345750,113.46986666666669,0.757696,,,,
train_episode,345900,107.14826666666666,0.7154666666666667,,,,
train_episode,346050,105.3285333333333,0.703264,,,,
train_episode,346200,115.18240000000006,0.7695360000000001,,,,
train_episode,346350,116.6725333333333,0.7786133333333333,,,,
train_episode,346500,104.8954666666667,0.6999466666666669,,,,
train_episode,346650,107.99786666666668,0.7212373333333336,,,,
train_episode,346800,121.94933333333331,0.8148266666666669,,,,
train_episode,346950,118.22186666666671,0.790346666666667,,,,
train_episode,347100,115.28106666666663,0.7698453333333326,,,,
train_episode,347250,115.71359999999996,0.7729599999999999,,,,
train_episode,347400,115.24159999999999,0.7700266666666667,,,,
train_episode,347550,118.57866666666663,0.7923946666666669,,,,
train_episode,347700,120.66720000000008,0.8066986666666669,,,,
train_episode,347850,122.78986666666671,0.8205653333333334,,,,
train_episode,348000,126.37439999999994,0.8446933333333327,,,,
eval,348000,,,,,125.5112533333333,0.8390762666666667
train_episode,348150,125.47040000000004,0.8388159999999999,,,,
train_episode,348300,130.02986666666666,0.8693546666666668,,,,
train_episode,348450,126.17066666666672,0.8433706666666669,,,,
train_episode,348600,121.57546666666671,0.8128426666666667,,,,
train_episode,348750,126.8432,0.8478506666666669,,,,
train_episode,348900,127.21226666666662,0.8503146666666663,,,,
train_episode,349050,117.90666666666664,0.788245333333333,,,,
train_episode,349200,125.3381333333333,0.8382400000000002,,,,
train_episode,349350,123.96426666666669,0.8279573333333332,,,,
train_episode,349500,117.94506666666668,0.7886080000000001,,,,
train_episode,349650,121.9221333333333,0.8146666666666667,,,,
train_episode,349800,121.23253333333341,0.8098133333333338,,,,
train_episode,349950,108.80319999999995,0.7265706666666668,,,,
train_episode,350100,120.55573333333338,0.8060053333333335,,,,
train_episode,350250,117.47573333333331,0.7849279999999997,,,,
train_episode,350400,120.22666666666665,0.803552,,,,
train_episode,350550,123.46293333333328,0.8249386666666668,,,,
train_episode,350700,124.41706666666673,0.8315200000000001,,,,
train_episode,350850,122.20000000000003,0.8166613333333336,,,,
train_episode,351000,120.8709333333333,0.8075199999999996,,,,
train_episode,351150,118.74559999999998,0.7933546666666665,,,,
train_episode,351300,103.82133333333334,0.692757333333333,,,,
train_episode,351450,105.85013333333337,0.7062400000000001,,,,
train_episode,351600,94.38186666666664,0.6286506666666665,,,,
train_episode,351750,99.15893333333337,0.6613440000000002,,,,
train_episode,351900,102.6816,0.6854506666666667,,,,
train_episode,352050,109.32533333333336,0.729333333333333,,,,
train_episode,352200,103.37493333333333,0.6895573333333335,,,,
train_episode,352350,68.4816,0.4553493333333334,,,,
train_episode,352500,65.35200000000005,0.43376000000000026,,,,
train_episode,352650,73.10613333333333,0.48689066666666664,,,,
train_episode,352800,87.41546666666667,0.5834773333333334,,,,
train_episode,352950,94.31999999999995,0.6292266666666667,,,,
train_episode,353100,94.25813333333336,0.6288746666666667,,,,
train_episode,353250,97.376,0.6499733333333332,,,,
train_episode,353400,107.21066666666668,0.7155733333333333,,,,
train_episode,353550,113.05333333333334,0.7545173333333335,,,,
train_episode,353700,110.19466666666666,0.7363946666666663,,,,
train_episode,353850,117.9482666666667,0.788096,,,,
train_episode,354000,106.38453333333337,0.7109546666666667,,,,
eval,354000,,,,,115.3838933333333,0.7708799999999999
train_episode,354150,117.82026666666667,0.7876693333333332,,,,
train_episode,354300,127.52480000000004,0.8521386666666665,,,,
train_episode,354450,121.16053333333339,0.8092693333333332,,,,
train_episode,354600,121.95359999999998,0.8148586666666667,,,,
train_episode,354750,123.19946666666667,0.8232106666666668,,,,
train_episode,354900,105.10026666666666,0.701536,,,,
train_episode,355050,106.39626666666665,0.7099946666666669,,,,
train_episode,355200,104.41226666666661,0.6975466666666666,,,,
train_episode,355350,110.51786666666665,0.7376746666666669,,,,
train_episode,355500,117.31306666666671,0.7839573333333337,,,,
train_episode,355650,120.78026666666673,0.807093333333334,,,,
train_episode,355800,119.05706666666667,0.7952960000000001,,,,
train_episode,355950,103.35893333333334,0.6898773333333333,,,,
train_episode,356100,89.83893333333332,0.5991466666666666,,,,
train_episode,356250,90.6805333333334,0.6045120000000004,,,,
train_episode,356400,105.59786666666666,0.7048533333333334,,,,
train_episode,356550,109.352,0.7309973333333334,,,,
train_episode,356700,118.84373333333333,0.7938239999999998,,,,
train_episode,356850,112.8421333333333,0.7536213333333334,,,,
train_episode,357000,111.36746666666664,0.7438186666666669,,,,
train_episode,357150,116.9855999999999,0.7809920000000002,,,,
train_episode,357300,113.69813333333336,0.7594240000000001,,,,
train_episode,357450,123.37013333333336,0.8243946666666669,,,,
train_episode,357600,119.58453333333338,0.7989439999999998,,,,
train_episode,357750,121.02666666666669,0.8085333333333334,,,,
train_episode,357900,118.22826666666671,0.7897599999999998,,,,
train_episode,358050,113.94293333333333,0.7607253333333329,,,,
train_episode,358200,120.88853333333331,0.8075946666666667,,,,
train_episode,358350,121.54879999999999,0.8115733333333338,,,,
train_episode,358500,119.25866666666673,0.796490666666667,,,,
train_episode,358650,108.48959999999997,0.7244480000000002,,,,
train_episode,358800,114.99946666666669,0.768170666666667,,,,
train_episode,358950,113.7893333333333,0.7596373333333334,,,,
train_episode,359100,104.93066666666668,0.7000213333333333,,,,
train_episode,359250,95.54720000000005,0.638357333333333,,,,
train_episode,359400,116.85866666666668,0.7808640000000006,,,,
train_episode,359550,120.62293333333338,0.8061120000000004,,,,
train_episode,359700,115.30613333333332,0.7700586666666671,,,,
train_episode,359850,107.1759999999999,0.7150613333333332,,,,
train_episode,360000,100.15573333333332,0.6677546666666665,,,,
eval,360000,,,,,94.01557333333332,0.6268970666666667
train_episode,360150,72.0682666666667,0.4797973333333335,,,,
train_episode,360300,73.37173333333332,0.4876373333333334,,,,
train_episode,360450,86.12319999999998,0.5741440000000004,,,,
train_episode,360600,103.32373333333331,0.6898559999999998,,,,
train_episode,360750,89.28373333333336,0.5945066666666671,,,,
train_episode,360900,99.64106666666667,0.6643626666666667,,,,
train_episode,361050,92.39093333333336,0.6162666666666667,,,,
train_episode,361200,90.03466666666667,0.6007146666666666,,,,
train_episode,361350,90.69866666666668,0.6053973333333335,,,,
train_episode,361500,94.95253333333336,0.6330880000000004,,,,
train_episode,361650,99.67573333333333,0.6646613333333333,,,,
train_episode,361800,91.66719999999995,0.6107413333333332,,,,
train_episode,361950,96.17013333333337,0.6411946666666666,,,,
train_episode,362100,92.45386666666664,0.6168746666666668,,,,
train_episode,362250,101.65600000000002,0.6778240000000002,,,,
train_episode,362400,103.47253333333337,0.6906880000000001,,,,
train_episode,362550,102.74240000000005,0.6854933333333333,,,,
train_episode,362700,93.68533333333332,0.62464,,,,
train_episode,362850,94.81493333333341,0.6317973333333332,,,,
train_episode,363000,98.34079999999999,0.6560426666666667,,,,
train_episode,363150,103.61173333333333,0.6911039999999998,,,,
train_episode,363300,108.944,0.7271999999999997,,,,
train_episode,363450,104.33439999999997,0.6964799999999998,,,,
train_episode,363600,104.34453333333332,0.6966719999999996,,,,
train_episode,363750,103.67413333333339,0.6919786666666667,,,,
train_episode,363900,103.93920000000006,0.6939520000000001,,,,
train_episode,364050,105.5717333333333,0.7049493333333331,,,,
train_episode,364200,109.39199999999997,0.7303679999999997,,,,
train_episode,364350,97.53386666666663,0.6508693333333332,,,,
train_episode,364500,91.90719999999999,0.612757333333333,,,,
train_episode,364650,73.55679999999997,0.4892586666666666,,,,
train_episode,364800,93.31893333333332,0.6233493333333332,,,,
train_episode,364950,100.37973333333332,0.6700693333333338,,,,
train_episode,365100,101.2464,0.6757013333333333,,,,
train_episode,365250,99.74933333333328,0.6658239999999997,,,,
train_episode,365400,98.08426666666668,0.6545813333333333,,,,
train_episode,365550,98.08000000000004,0.65424,,,,
train_episode,365700,94.04159999999999,0.6264853333333331,,,,
train_episode,365850,90.58239999999999,0.6040639999999997,,,,
train_episode,366000,94.05013333333332,0.6272319999999998,,,,
eval,366000,,,,,93.1914666666667,0.6211797333333333
train_episode,366150,86.64373333333332,0.5769706666666664,,,,
train_episode,366300,91.58560000000003,0.6110506666666666,,,,
train_episode,366450,102.4832,0.6837226666666665,,,,
train_episode,366600,91.0821333333334,0.6069226666666668,,,,
train_episode,366750,94.36906666666668,0.6294186666666666,,,,
train_episode,366900,89.49066666666673,0.5961706666666672,,,,
train_episode,367050,83.36106666666669,0.5555093333333339,,,,
train_episode,367200,96.47733333333328,0.6435626666666666,,,,
train_episode,367350,89.38613333333336,0.594944,,,,
train_episode,367500,79.05493333333331,0.5262826666666666,,,,
train_episode,367650,89.86133333333333,0.5995306666666667,,,,
train_episode,367800,83.77493333333331,0.5583040000000001,,,,
train_episode,367950,95.89493333333328,0.6397973333333336,,,,
train_episode,368100,86.97013333333328,0.5801386666666667,,,,
train_episode,368250,84.80800000000002,0.5650880000000001,,,,
train_episode,368400,92.02080000000001,0.6133546666666667,,,,
train_episode,368550,84.88160000000002,0.5653440000000002,,,,
train_episode,368700,82.04160000000005,0.5473386666666668,,,,
train_episode,368850,90.74026666666674,0.6047039999999999,,,,
train_episode,369000,93.09119999999996,0.6205973333333336,,,,
train_episode,369150,97.78720000000001,0.6527146666666667,,,,
train_episode,369300,99.04853333333334,0.6607040000000001,,,,
train_episode,369450,98.22613333333331,0.6553919999999998,,,,
train_episode,369600,109.05066666666674,0.7276906666666666,,,,
train_episode,369750,96.74986666666663,0.6448640000000003,,,,
train_episode,369900,99.24693333333337,0.6621653333333334,,,,
train_episode,370050,103.8815999999999,0.693536,,,,
train_episode,370200,104.18026666666672,0.695648,,,,
train_episode,370350,110.12586666666665,0.7354133333333335,,,,
train_episode,370500,113.73546666666667,0.7592533333333332,,,,
train_episode,370650,104.95893333333328,0.7005226666666666,,,,
train_episode,370800,103.46133333333333,0.6899520000000003,,,,
train_episode,370950,97.13013333333338,0.6481066666666664,,,,
train_episode,371100,99.68426666666666,0.6650986666666665,,,,
train_episode,371250,101.29599999999999,0.6760639999999999,,,,
train_episode,371400,108.22879999999995,0.7226773333333337,,,,
train_episode,371550,103.74346666666668,0.6922666666666671,,,,
train_episode,371700,113.69386666666668,0.7594133333333336,,,,
train_episode,371850,94.59733333333332,0.6312426666666666,,,,
train_episode,372000,112.27253333333331,0.7498133333333331,,,,
eval,372000,,,,,105.69194666666667,0.7053845333333333
train_episode,372150,107.73493333333332,0.7193600000000003,,,,
train_episode,372300,115.61653333333332,0.7724906666666671,,,,
train_episode,372450,99.74186666666664,0.6656213333333333,,,,
train_episode,372600,102.64266666666668,0.6846186666666667,,,,
train_episode,372750,97.22613333333337,0.6482026666666667,,,,
train_episode,372900,95.56320000000001,0.6372799999999998,,,,
train_episode,373050,91.5232,0.6101653333333329,,,,
train_episode,373200,86.39893333333329,0.575637333333333,,,,
train_episode,373350,91.22133333333335,0.6084053333333331,,,,
train_episode,373500,91.29066666666664,0.6086720000000002,,,,
train_episode,373650,91.2165333333333,0.6080746666666667,,,,
train_episode,373800,102.62773333333337,0.6849279999999998,,,,
train_episode,373950,103.93493333333326,0.6938880000000004,,,,
train_episode,374100,109.76959999999998,0.7324160000000002,,,,
train_episode,374250,109.53759999999996,0.7317653333333332,,,,
train_episode,374400,103.6810666666667,0.6920106666666668,,,,
train_episode,374550,97.55306666666667,0.6509333333333333,,,,
train_episode,374700,114.22346666666674,0.7626986666666666,,,,
train_episode,374850,107.59733333333338,0.7181440000000004,,,,
train_episode,375000,103.36960000000003,0.6895893333333334,,,,
train_episode,375150,99.21759999999999,0.6620159999999998,,,,
train_episode,375300,90.54240000000003,0.6029439999999998,,,,
train_episode,375450,78.03146666666667,0.5193813333333336,,,,
train_episode,375600,79.36533333333331,0.5288853333333334,,,,
train_episode,375750,86.87199999999996,0.5794346666666665,,,,
train_episode,375900,88.42666666666666,0.5891626666666664,,,,
train_episode,376050,95.27573333333336,0.6357759999999999,,,,
train_episode,376200,90.3349333333333,0.6020373333333334,,,,
train_episode,376350,92.33759999999997,0.6153066666666664,,,,
train_episode,376500,93.66506666666665,0.6242346666666672,,,,
train_episode,376650,101.76159999999996,0.6792853333333333,,,,
train_episode,376800,108.29599999999995,0.7222079999999997,,,,
train_episode,376950,103.58399999999996,0.6911360000000003,,,,
train_episode,377100,112.73066666666668,0.752330666666667,,,,
train_episode,377250,103.46186666666662,0.690176,,,,
train_episode,377400,93.86933333333334,0.6260479999999999,,,,
train_episode,377550,90.23093333333335,0.6021120000000002,,,,
train_episode,377700,100.01173333333334,0.6672746666666667,,,,
train_episode,377850,105.25279999999998,0.7016959999999999,,,,
train_episode,378000,105.81173333333331,0.7055999999999999,,,,
eval,378000,,,,,100.31136000000001,0.6688512
train_episode,378150,102.94666666666666,0.6864320000000002,,,,
train_episode,378300,107.62559999999992,0.7182080000000003,,,,
train_episode,378450,105.08213333333335,0.7010133333333332,,,,
train_episode,378600,107.39679999999998,0.7165973333333331,,,,
train_episode,378750,109.61226666666671,0.7310186666666667,,,,
train_episode,378900,111.52053333333333,0.7445866666666665,,,,
train_episode,379050,90.7488,0.604544,,,,
train_episode,379200,103.04533333333336,0.6877439999999998,,,,
train_episode,379350,98.8874666666666,0.659146666666667,,,,
train_episode,379500,102.24373333333338,0.6822186666666666,,,,
train_episode,379650,103.09066666666656,0.6876479999999998,,,,
train_episode,379800,106.15039999999996,0.7086399999999998,,,,
train_episode,379950,101.02400000000003,0.6741866666666668,,,,
train_episode,380100,101.15360000000004,0.6746453333333335,,,,
train_episode,380250,104.44799999999996,0.6971946666666666,,,,
train_episode,380400,104.76000000000003,0.6992960000000001,,,,
train_episode,380550,103.23306666666667,0.6890026666666667,,,,
train_episode,380700,103.45493333333334,0.69024,,,,
train_episode,380850,101.46133333333336,0.6769066666666665,,,,
train_episode,381000,96.4010666666667,0.6430933333333334,,,,
train_episode,381150,105.86293333333334,0.7061866666666666,,,,
train_episode,381300,110.78186666666663,0.7399893333333335,,,,
train_episode,381450,110.12159999999999,0.7351573333333331,,,,
train_episode,381600,109.0496,0.7280960000000001,,,,
train_episode,381750,110.52053333333333,0.7371413333333333,,,,
train_episode,381900,105.32693333333329,0.7026559999999998,,,,
train_episode,382050,98.61546666666672,0.6576639999999998,,,,
train_episode,382200,104.09386666666663,0.6944959999999999,,,,
train_episode,382350,103.85599999999994,0.6926613333333329,,,,
train_episode,382500,102.99306666666665,0.6872746666666661,,,,
train_episode,382650,100.70239999999995,0.671850666666667,,,,
train_episode,382800,94.61706666666664,0.6316693333333333,,,,
train_episode,382950,98.94346666666667,0.6594240000000001,,,,
train_episode,383100,100.46666666666661,0.6706453333333329,,,,
train_episode,383250,93.88746666666668,0.6267306666666667,,,,
train_episode,383400,97.37866666666662,0.6493119999999997,,,,
train_episode,383550,100.30560000000004,0.6689599999999999,,,,
train_episode,383700,97.48693333333335,0.6504213333333331,,,,
train_episode,383850,95.0293333333333,0.6342719999999997,,,,
train_episode,384000,89.50933333333336,0.5969919999999999,,,,
eval,384000,,,,,90.69162666666668,0.6047743999999999
train_episode,384150,90.33173333333336,0.6017066666666667,,,,
train_episode,384300,102.02133333333327,0.6812053333333336,,,,
train_episode,384450,104.10506666666663,0.695328,,,,
train_episode,384600,107.24320000000004,0.7157973333333335,,,,
train_episode,384750,105.39306666666671,0.7032746666666672,,,,
train_episode,384900,103.62559999999998,0.6918613333333336,,,,
train_episode,385050,106.50613333333341,0.71056,,,,
train_episode,385200,107.01386666666664,0.7142719999999999,,,,
train_episode,385350,100.99199999999995,0.6741226666666668,,,,
train_episode,385500,99.94453333333335,0.6668266666666667,,,,
train_episode,385650,104.82773333333333,0.699861333333333,,,,
train_episode,385800,107.04586666666665,0.7143360000000001,,,,
train_episode,385950,108.97226666666664,0.7273599999999998,,,,
train_episode,386100,104.69706666666666,0.6989653333333333,,,,
train_episode,386250,111.24000000000001,0.7422613333333329,,,,
train_episode,386400,113.2730666666667,0.7567146666666666,,,,
train_episode,386550,108.7013333333333,0.7255999999999999,,,,
train_episode,386700,98.73546666666664,0.6587306666666668,,,,
train_episode,386850,104.27306666666664,0.6957546666666666,,,,
train_episode,387000,99.70560000000002,0.6654293333333331,,,,
train_episode,387150,104.93919999999999,0.7005119999999999,,,,
train_episode,387300,111.67946666666667,0.745674666666667,,,,
train_episode,387450,107.8586666666666,0.719584,,,,
train_episode,387600,101.86293333333332,0.6796480000000004,,,,
train_episode,387750,105.36266666666668,0.7037546666666669,,,,
train_episode,387900,102.42239999999995,0.6840426666666667,,,,
train_episode,388050,104.7392,0.6990720000000001,,,,
train_episode,388200,101.28586666666662,0.6753386666666666,,,,
train_episode,388350,97.85386666666668,0.6531093333333334,,,,
train_episode,388500,98.9408,0.6603733333333334,,,,
train_episode,388650,97.35253333333337,0.6495786666666672,,,,
train_episode,388800,101.79999999999995,0.6791146666666664,,,,
train_episode,388950,104.68906666666666,0.6983253333333336,,,,
train_episode,389100,100.55146666666664,0.6710826666666667,,,,
train_episode,389250,103.03999999999996,0.6874773333333333,,,,
train_episode,389400,100.4485333333333,0.670432,,,,
train_episode,389550,106.8122666666667,0.712736,,,,
train_episode,389700,90.73973333333336,0.6050346666666667,,,,
train_episode,389850,96.52746666666667,0.6436159999999999,,,,
train_episode,390000,96.52800000000002,0.6441279999999997,,,,
eval,390000,,,,,96.97109333333336,0.6465919999999998
train_episode,390150,93.45759999999996,0.623498666666667,,,,
train_episode,390300,92.57973333333328,0.6176106666666663,,,,
train_episode,390450,90.4490666666667,0.6027840000000007,,,,
train_episode,390600,109.39786666666667,0.7304319999999994,,,,
train_episode,390750,98.40106666666671,0.6559680000000002,,,,
train_episode,390900,86.24213333333333,0.5748586666666667,,,,
train_episode,391050,88.1712,0.5879573333333332,,,,
train_episode,391200,90.06133333333337,0.5999786666666665,,,,
train_episode,391350,82.08533333333325,0.5469013333333334,,,,
train_episode,391500,101.46986666666666,0.6773866666666668,,,,
train_episode,391650,99.1786666666666,0.6620373333333334,,,,
train_episode,391800,93.75306666666667,0.62512,,,,
train_episode,391950,90.96799999999993,0.6064853333333332,,,,
train_episode,392100,82.22240000000002,0.5474666666666669,,,,
train_episode,392250,67.71840000000003,0.45025066666666685,,,,
train_episode,392400,64.21866666666664,0.4268373333333335,,,,
train_episode,392550,66.59626666666666,0.44273066666666683,,,,
train_episode,392700,91.77439999999999,0.6121706666666668,,,,
train_episode,392850,91.22453333333338,0.6083200000000003,,,,
train_episode,393000,88.25599999999994,0.5888320000000001,,,,
train_episode,393150,87.4608,0.5823999999999996,,,,
train_episode,393300,81.32693333333332,0.5417919999999999,,,,
train_episode,393450,88.46560000000001,0.5897386666666666,,,,
train_episode,393600,81.14400000000003,0.5404479999999996,,,,
train_episode,393750,81.7658666666666,0.5443520000000002,,,,
train_episode,393900,93.89226666666667,0.6265279999999998,,,,
train_episode,394050,98.1370666666667,0.6551466666666669,,,,
train_episode,394200,96.40053333333333,0.6434986666666666,,,,
train_episode,394350,94.72213333333326,0.6318186666666668,,,,
train_episode,394500,107.13813333333339,0.7155520000000001,,,,
train_episode,394650,104.09386666666663,0.6944426666666665,,,,
train_episode,394800,101.6704,0.6786986666666668,,,,
train_episode,394950,101.66026666666669,0.6781333333333333,,,,
train_episode,395100,98.9248,0.6597439999999999,,,,
train_episode,395250,100.51146666666664,0.6705386666666667,,,,
train_episode,395400,99.51253333333334,0.6641173333333332,,,,
train_episode,395550,95.38613333333332,0.6361173333333334,,,,
train_episode,395700,85.48266666666663,0.5692266666666664,,,,
train_episode,395850,87.21546666666664,0.5818666666666668,,,,
train_episode,396000,95.23999999999998,0.6348159999999998,,,,
eval,396000,,,,,87.44373333333333,0.5830400000000001
train_episode,396150,95.79040000000002,0.6392959999999998,,,,
train_episode,396300,87.79733333333338,0.5845333333333338,,,,
train_episode,396450,82.40693333333328,0.5492693333333332,,,,
train_episode,396600,77.31359999999995,0.5146773333333331,,,,
train_episode,396750,89.41973333333333,0.5966399999999997,,,,
train_episode,396900,92.61333333333334,0.6179946666666665,,,,
train_episode,397050,86.1872,0.574688,,,,
train_episode,397200,85.7568,0.5713813333333332,,,,
train_episode,397350,92.50400000000002,0.6166720000000001,,,,
train_episode,397500,81.85120000000002,0.545792,,,,
train_episode,397650,90.0368,0.5999786666666668,,,,
train_episode,397800,91.34079999999996,0.6097920000000001,,,,
train_episode,397950,92.14613333333337,0.6150400000000001,,,,
train_episode,398100,89.5061333333333,0.5964906666666664,,,,
train_episode,398250,88.84960000000002,0.5927359999999999,,,,
train_episode,398400,95.90293333333335,0.640064,,,,
train_episode,398550,95.01546666666665,0.6335893333333336,,,,
train_episode,398700,91.28586666666666,0.6090133333333331,,,,
train_episode,398850,93.35893333333334,0.6227946666666668,,,,
train_episode,399000,80.24159999999995,0.5344000000000001,,,,
train_episode,399150,74.1866666666667,0.4934826666666666,,,,
train_episode,399300,75.09333333333335,0.5004266666666668,,,,
train_episode,399450,71.30613333333329,0.4742506666666667,,,,
train_episode,399600,67.06720000000003,0.445696,,,,
train_episode,399750,47.42133333333333,0.31402666666666673,,,,
train_episode,399900,65.5338666666667,0.43547733333333355,,,,
train_episode,400050,56.98986666666666,0.3784533333333333,,,,
train_episode,400200,54.88159999999998,0.36380799999999996,,,,
train_episode,400350,67.29920000000003,0.44702933333333356,,,,
train_episode,400500,63.705599999999976,0.42327466666666663,,,,
train_episode,400650,50.443733333333306,0.334176,,,,
train_episode,400800,44.42986666666663,0.29379199999999966,,,,
train_episode,400950,67.19786666666664,0.44621866666666665,,,,
train_episode,401100,63.51466666666666,0.42218666666666654,,,,
train_episode,401250,62.424533333333336,0.414624,,,,
train_episode,401400,66.14293333333332,0.4386346666666665,,,,
train_episode,401550,49.23253333333337,0.3257386666666667,,,,
train_episode,401700,34.26880000000001,0.2248426666666667,,,,
train_episode,401850,39.539200000000015,0.26049066666666665,,,,
train_episode,402000,54.22133333333331,0.35897599999999996,,,,
eval,402000,,,,,39.895360000000004,0.263168
train_episode,402150,42.053333333333335,0.2779413333333333,,,,
train_episode,402300,39.79999999999998,0.2620693333333332,,,,
train_episode,402450,29.57759999999999,0.19403733333333326,,,,
train_episode,402600,29.443199999999983,0.19355733333333325,,,,
train_episode,402750,60.239999999999995,0.40019199999999994,,,,
train_episode,402900,71.51520000000006,0.47504,,,,
train_episode,403050,47.556799999999996,0.31394133333333346,,,,
train_episode,403200,57.76106666666664,0.38315733333333324,,,,
train_episode,403350,53.68746666666668,0.35556266666666675,,,,
train_episode,403500,52.13919999999999,0.3448746666666667,,,,
train_episode,403650,40.812266666666666,0.26899199999999995,,,,
train_episode,403800,41.529066666666665,0.2738773333333334,,,,
train_episode,403950,34.38559999999998,0.2263146666666665,,,,
train_episode,404100,49.22346666666667,0.32581333333333334,,,,
train_episode,404250,62.00266666666666,0.4120320000000001,,,,
train_episode,404400,79.10239999999997,0.5264533333333334,,,,
train_episode,404550,60.073600000000006,0.39860266666666655,,,,
train_episode,404700,41.990399999999994,0.27745066666666657,,,,
train_episode,404850,42.46986666666666,0.2801706666666667,,,,
train_episode,405000,51.82933333333332,0.3436586666666667,,,,
train_episode,405150,65.50240000000001,0.43536,,,,
train_episode,405300,68.78293333333333,0.4574720000000002,,,,
train_episode,405450,76.09760000000003,0.5065813333333335,,,,
train_episode,405600,73.08053333333336,0.48645333333333346,,,,
train_episode,405750,85.05599999999997,0.5668586666666672,,,,
train_episode,405900,76.53760000000001,0.5098560000000002,,,,
train_episode,406050,63.24320000000001,0.42068266666666665,,,,
train_episode,406200,79.94879999999993,0.5320639999999999,,,,
train_episode,406350,88.76053333333334,0.5924479999999999,,,,
train_episode,406500,95.17493333333331,0.6349119999999999,,,,
train_episode,406650,91.1125333333333,0.6069973333333333,,,,
train_episode,406800,69.82986666666672,0.464426666666667,,,,
train_episode,406950,36.511999999999986,0.23940266666666662,,,,
train_episode,407100,29.339200000000023,0.1923626666666668,,,,
train_episode,407250,47.95786666666668,0.317952,,,,
train_episode,407400,58.27253333333333,0.38668799999999975,,,,
train_episode,407550,56.49386666666667,0.37529599999999985,,,,
train_episode,407700,61.358399999999996,0.4071786666666666,,,,
train_episode,407850,82.90453333333335,0.5522559999999999,,,,
train_episode,408000,68.99680000000008,0.4589440000000001,,,,
eval,408000,,,,,65.59935999999999,0.43613653333333324
train_episode,408150,70.7648,0.47096533333333324,,,,
train_episode,408300,63.86720000000001,0.4236053333333336,,,,
train_episode,408450,55.62720000000003,0.3693120000000001,,,,
train_episode,408600,64.0469333333333,0.4254613333333331,,,,
train_episode,408750,70.95626666666665,0.4724906666666667,,,,
train_episode,408900,77.8682666666667,0.5181866666666666,,,,
train_episode,409050,76.51786666666666,0.5093866666666665,,,,
train_episode,409200,77.84160000000001,0.5186026666666665,,,,
train_episode,409350,83.80319999999996,0.5585066666666666,,,,
train_episode,409500,77.59146666666675,0.5165653333333335,,,,
train_episode,409650,64.67413333333329,0.4298666666666664,,,,
train_episode,409800,68.67093333333334,0.45626666666666676,,,,
train_episode,409950,57.93066666666666,0.3846933333333335,,,,
train_episode,410100,62.332800000000006,0.4142933333333333,,,,
train_episode,410250,66.69973333333333,0.4432320000000001,,,,
train_episode,410400,58.43253333333333,0.387776,,,,
train_episode,410550,53.114666666666665,0.3519999999999998,,,,
train_episode,410700,56.245866666666664,0.3737919999999999,,,,
train_episode,410850,55.84106666666665,0.37065600000000015,,,,
train_episode,411000,68.83573333333332,0.45746133333333316,,,,
train_episode,411150,66.24479999999998,0.44072533333333314,,,,
train_episode,411300,71.99093333333336,0.47943466666666645,,,,
train_episode,411450,75.96533333333335,0.5053653333333333,,,,
train_episode,411600,80.33759999999998,0.5356266666666665,,,,
train_episode,411750,77.94400000000003,0.5189013333333333,,,,
train_episode,411900,73.49119999999994,0.48870399999999997,,,,
train_episode,412050,75.29226666666663,0.5012159999999998,,,,
train_episode,412200,68.96000000000001,0.4584106666666667,,,,
train_episode,412350,70.1984,0.46682666666666656,,,,
train_episode,412500,75.25066666666662,0.5011199999999997,,,,
train_episode,412650,58.05599999999999,0.3855146666666667,,,,
train_episode,412800,61.26933333333332,0.40611199999999986,,,,
train_episode,412950,46.3861333333333,0.30769066666666656,,,,
train_episode,413100,52.273066666666665,0.3461333333333333,,,,
train_episode,413250,40.50773333333331,0.26706133333333326,,,,
train_episode,413400,36.404266666666665,0.23896533333333328,,,,
train_episode,413550,16.192533333333333,0.104384,,,,
train_episode,413700,31.05333333333334,0.2036160000000001,,,,
train_episode,413850,18.957866666666675,0.12261333333333342,,,,
train_episode,414000,26.962666666666657,0.1758933333333333,,,,
eval,414000,,,,,28.356906666666667,0.18558933333333333
train_episode,414150,43.939200000000014,0.290336,,,,
train_episode,414300,29.674133333333344,0.1949760000000001,,,,
train_episode,414450,47.17013333333333,0.3120746666666666,,,,
train_episode,414600,38.30400000000001,0.25223466666666683,,,,
train_episode,414750,39.90560000000001,0.26371199999999995,,,,
train_episode,414900,37.08213333333334,0.24343466666666685,,,,
train_episode,415050,40.1536,0.26542933333333313,,,,
train_episode,415200,57.66559999999998,0.3824959999999999,,,,
train_episode,415350,35.99413333333335,0.23676800000000006,,,,
train_episode,415500,36.34613333333334,0.2392426666666665,,,,
train_episode,415650,25.9552,0.16939733333333332,,,,
train_episode,415800,50.51146666666667,0.33421866666666666,,,,
train_episode,415950,61.74186666666667,0.4110613333333333,,,,
train_episode,416100,60.44213333333336,0.40081066666666676,,,,
train_episode,416250,45.544533333333305,0.3011839999999999,,,,
train_episode,416400,19.243199999999973,0.12494933333333312,,,,
train_episode,416550,28.155200000000008,0.18469333333333343,,,,
train_episode,416700,28.914666666666683,0.18942933333333342,,,,
train_episode,416850,26.735999999999994,0.17489066666666667,,,,
train_episode,417000,14.251733333333336,0.09150933333333336,,,,
train_episode,417150,10.707733333333328,0.06783999999999998,,,,
train_episode,417300,6.9605333333333315,0.04296533333333333,,,,
train_episode,417450,19.573333333333316,0.1268373333333332,,,,
train_episode,417600,34.71039999999999,0.22859733333333335,,,,
train_episode,417750,38.025066666666675,0.25076266666666663,,,,
train_episode,417900,36.27413333333334,0.23859199999999997,,,,
train_episode,418050,33.32426666666668,0.21825066666666676,,,,
train_episode,418200,6.071466666666668,0.037290666666666666,,,,
train_episode,418350,31.93280000000001,0.20952533333333342,,,,
train_episode,418500,10.07306666666666,0.06382933333333331,,,,
train_episode,418650,15.961066666666666,0.10274133333333331,,,,
train_episode,418800,17.446933333333313,0.1126826666666665,,,,
train_episode,418950,16.701866666666675,0.10757333333333326,,,,
train_episode,419100,8.145066666666668,0.051072000000000006,,,,
train_episode,419250,26.464000000000045,0.17312000000000022,,,,
train_episode,419400,17.664533333333328,0.11397333333333332,,,,
train_episode,419550,12.198933333333327,0.07784533333333328,,,,
train_episode,419700,13.76746666666667,0.08843733333333334,,,,
train_episode,419850,16.124266666666664,0.10393599999999992,,,,
train_episode,420000,19.739733333333323,0.12764799999999993,,,,
eval,420000,,,,,15.904,0.10236160000000001
train_episode,420150,9.309866666666672,0.05837866666666669,,,,
train_episode,420300,18.73439999999999,0.12127999999999989,,,,
train_episode,420450,13.454399999999996,0.08638933333333325,,,,
train_episode,420600,19.83999999999999,0.12875733333333328,,,,
train_episode,420750,11.526399999999992,0.07326933333333321,,,,
train_episode,420900,20.97386666666664,0.1362133333333331,,,,
train_episode,421050,23.267733333333357,0.1515733333333335,,,,
train_episode,421200,18.622933333333314,0.12031999999999984,,,,
train_episode,421350,35.96586666666667,0.23667200000000002,,,,
train_episode,421500,34.35999999999999,0.22577066666666656,,,,
train_episode,421650,33.762666666666675,0.22153600000000007,,,,
train_episode,421800,30.22666666666664,0.19787733333333316,,,,
train_episode,421950,42.66453333333331,0.28172800000000003,,,,
train_episode,422100,43.25226666666665,0.28532266666666656,,,,
train_episode,422250,30.15573333333332,0.1974186666666666,,,,
train_episode,422400,27.461866666666676,0.18008533333333343,,,,
train_episode,422550,24.08906666666665,0.15678933333333323,,,,
train_episode,422700,20.585066666666666,0.1335893333333333,,,,
train_episode,422850,28.114133333333324,0.18391466666666664,,,,
train_episode,423000,23.598399999999994,0.15343999999999994,,,,
train_episode,423150,21.77813333333331,0.1418559999999999,,,,
train_episode,423300,39.48799999999999,0.2600533333333334,,,,
train_episode,423450,33.78186666666666,0.22186666666666657,,,,
train_episode,423600,39.09226666666665,0.25746133333333343,,,,
train_episode,423750,41.82026666666666,0.2756266666666667,,,,
train_episode,423900,34.485866666666666,0.22675199999999995,,,,
train_episode,424050,42.411733333333316,0.27986133333333335,,,,
train_episode,424200,32.998933333333355,0.21673600000000012,,,,
train_episode,424350,23.75520000000002,0.15456000000000011,,,,
train_episode,424500,15.133866666666663,0.09724799999999997,,,,
train_episode,424650,18.066133333333337,0.11720533333333343,,,,
train_episode,424800,38.071999999999996,0.2506986666666669,,,,
train_episode,424950,21.865599999999972,0.14216533333333317,,,,
train_episode,425100,31.298666666666634,0.20518399999999978,,,,
train_episode,425250,35.33706666666668,0.23238399999999998,,,,
train_episode,425400,24.193066666666656,0.1583253333333333,,,,
train_episode,425550,23.304533333333325,0.15198933333333328,,,,
train_episode,425700,21.412800000000004,0.13929600000000006,,,,
train_episode,425850,25.83680000000001,0.16866133333333339,,,,
train_episode,426000,15.535466666666666,0.09973333333333331,,,,
eval,426000,,,,,13.890026666666667,0.08912213333333334
train_episode,426150,20.54453333333333,0.1335253333333333,,,,
train_episode,426300,15.974400000000003,0.10295466666666664,,,,
train_episode,426450,31.177599999999998,0.204384,,,,
train_episode,426600,43.21386666666667,0.28512000000000004,,,,
train_episode,426750,32.5616,0.21366400000000005,,,,
train_episode,426900,28.051733333333328,0.18410666666666664,,,,
train_episode,427050,44.80533333333334,0.29571200000000014,,,,
train_episode,427200,40.58986666666668,0.26773333333333343,,,,
train_episode,427350,29.973866666666687,0.19694933333333342,,,,
train_episode,427500,32.120000000000005,0.21153066666666676,,,,
train_episode,427650,28.89706666666665,0.18898133333333328,,,,
train_episode,427800,23.228266666666652,0.15169066666666658,,,,
train_episode,427950,24.83306666666668,0.1620480000000001,,,,
train_episode,428100,37.83786666666666,0.24864000000000006,,,,
train_episode,428250,45.61759999999998,0.30178133333333346,,,,
train_episode,428400,55.308266666666704,0.36625066666666695,,,,
train_episode,428550,61.89173333333332,0.4100586666666665,,,,
train_episode,428700,35.70026666666664,0.23534933333333327,,,,
train_episode,428850,42.34986666666668,0.2797013333333336,,,,
train_episode,429000,40.91199999999996,0.2689813333333332,,,,
train_episode,429150,16.39626666666666,0.10575999999999988,,,,
train_episode,429300,40.16426666666669,0.2641493333333335,,,,
train_episode,429450,45.68373333333334,0.3019200000000002,,,,
train_episode,429600,46.42346666666668,0.30714666666666657,,,,
train_episode,429750,56.862933333333295,0.3763839999999999,,,,
train_episode,429900,42.13120000000002,0.27780266666666675,,,,
train_episode,430050,40.52586666666666,0.26719999999999994,,,,
train_episode,430200,25.52853333333331,0.1665173333333331,,,,
train_episode,430350,26.819199999999984,0.17532799999999987,,,,
train_episode,430500,29.539200000000008,0.19347199999999998,,,,
train_episode,430650,34.924266666666675,0.22921599999999998,,,,
train_episode,430800,33.048533333333324,0.21695999999999988,,,,
train_episode,430950,23.341333333333345,0.15190400000000004,,,,
train_episode,431100,23.186133333333327,0.15133866666666662,,,,
train_episode,431250,35.99893333333335,0.236704,,,,
train_episode,431400,35.309333333333335,0.23223466666666656,,,,
train_episode,431550,37.297066666666666,0.245952,,,,
train_episode,431700,38.81226666666665,0.2558079999999999,,,,
train_episode,431850,54.48266666666665,0.36075733333333343,,,,
train_episode,432000,39.813866666666684,0.26296533333333344,,,,
eval,432000,,,,,32.71690666666668,0.2148757333333334
train_episode,432150,30.777066666666684,0.2017493333333335,,,,
train_episode,432300,31.765866666666643,0.20905599999999988,,,,
train_episode,432450,35.36960000000002,0.23306666666666667,,,,
train_episode,432600,50.16693333333337,0.3321386666666668,,,,
train_episode,432750,40.22719999999997,0.2656639999999999,,,,
train_episode,432900,52.45919999999999,0.3484373333333333,,,,
train_episode,433050,61.87786666666669,0.41033600000000015,,,,
train_episode,433200,47.68266666666666,0.3155093333333333,,,,
train_episode,433350,47.77439999999998,0.31586133333333327,,,,
train_episode,433500,54.67786666666667,0.3621759999999999,,,,
train_episode,433650,43.893333333333324,0.2896106666666665,,,,
train_episode,433800,40.99893333333329,0.27055999999999997,,,,
train_episode,433950,30.836266666666646,0.2023359999999999,,,,
train_episode,434100,46.6522666666667,0.30813866666666656,,,,
train_episode,434250,58.196800000000025,0.3859413333333336,,,,
train_episode,434400,44.62079999999999,0.295392,,,,
train_episode,434550,51.117333333333356,0.338464,,,,
train_episode,434700,45.946666666666665,0.30377600000000005,,,,
train_episode,434850,37.08906666666666,0.24456533333333322,,,,
train_episode,435000,48.74666666666667,0.32344533333333336,,,,
train_episode,435150,39.96853333333335,0.2643093333333333,,,,
train_episode,435300,44.45013333333331,0.29405866666666675,,,,
train_episode,435450,56.5189333333333,0.3750613333333334,,,,
train_episode,435600,60.47359999999998,0.4010773333333334,,,,
train_episode,435750,47.64266666666667,0.3155733333333335,,,,
train_episode,435900,45.61226666666668,0.3015573333333335,,,,
train_episode,436050,52.890133333333324,0.35089066666666663,,,,
train_episode,436200,62.07519999999999,0.4123626666666666,,,,
train_episode,436350,56.556799999999996,0.3754453333333334,,,,
train_episode,436500,67.07413333333335,0.44592000000000004,,,,
train_episode,436650,61.468800000000016,0.40823466666666675,,,,
train_episode,436800,51.881600000000006,0.344064,,,,
train_episode,436950,59.826666666666654,0.39757866666666675,,,,
train_episode,437100,62.47573333333333,0.4151253333333338,,,,
train_episode,437250,70.57546666666666,0.4693653333333333,,,,
train_episode,437400,66.44746666666663,0.4419733333333333,,,,
train_episode,437550,62.63520000000006,0.415744,,,,
train_episode,437700,46.938133333333326,0.31089066666666676,,,,
train_episode,437850,42.46453333333332,0.2805653333333332,,,,
train_episode,438000,40.659733333333335,0.2685226666666666,,,,
eval,438000,,,,,55.320106666666675,0.3668586666666667
train_episode,438150,50.10239999999999,0.33229866666666663,,,,
train_episode,438300,54.52853333333332,0.36172800000000016,,,,
train_episode,438450,52.23146666666668,0.3455680000000002,,,,
train_episode,438600,55.07146666666666,0.3654933333333334,,,,
train_episode,438750,56.781333333333336,0.3771520000000002,,,,
train_episode,438900,63.779200000000024,0.4241600000000002,,,,
train_episode,439050,63.88319999999999,0.4243946666666666,,,,
train_episode,439200,58.02826666666668,0.38498133333333323,,,,
train_episode,439350,67.5258666666667,0.4491733333333332,,,,
train_episode,439500,56.95573333333332,0.3774293333333336,,,,
train_episode,439650,53.176,0.35171200000000014,,,,
train_episode,439800,48.15893333333336,0.3185920000000001,,,,
train_episode,439950,52.90826666666666,0.3506346666666668,,,,
train_episode,440100,54.58826666666667,0.3620266666666666,,,,
train_episode,440250,55.788266666666615,0.3702399999999997,,,,
train_episode,440400,53.14186666666664,0.3528746666666666,,,,
train_episode,440550,57.326933333333315,0.38067199999999973,,,,
train_episode,440700,54.96533333333333,0.364416,,,,
train_episode,440850,46.517866666666684,0.3075733333333335,,,,
train_episode,441000,42.83200000000002,0.2829013333333333,,,,
train_episode,441150,47.832533333333345,0.31628799999999996,,,,
train_episode,441300,58.061333333333366,0.3850773333333335,,,,
train_episode,441450,54.27199999999999,0.3601919999999999,,,,
train_episode,441600,70.65546666666665,0.4701226666666667,,,,
train_episode,441750,62.74613333333331,0.4173119999999999,,,,
train_episode,441900,60.79679999999999,0.40420266666666665,,,,
train_episode,442050,56.04906666666665,0.372736,,,,
train_episode,442200,67.12853333333335,0.44650666666666666,,,,
train_episode,442350,61.89226666666665,0.41057066666666664,,,,
train_episode,442500,61.695999999999955,0.409632,,,,
train_episode,442650,58.0581333333333,0.38601600000000014,,,,
train_episode,442800,66.10986666666666,0.4392853333333333,,,,
train_episode,442950,64.1456,0.4269119999999999,,,,
train_episode,443100,65.13386666666666,0.43290666666666655,,,,
train_episode,443250,53.68640000000001,0.3560213333333334,,,,
train_episode,443400,50.32426666666667,0.3330133333333333,,,,
train_episode,443550,62.1818666666667,0.41335466666666665,,,,
train_episode,443700,67.95999999999998,0.4516693333333333,,,,
train_episode,443850,64.73066666666666,0.42877866666666675,,,,
train_episode,444000,47.76639999999999,0.31660800000000006,,,,
eval,444000,,,,,57.54527999999999,0.3821440000000001
train_episode,444150,63.634666666666654,0.42350933333333324,,,,
train_episode,444300,59.47733333333334,0.3947093333333334,,,,
train_episode,444450,62.94026666666664,0.4179306666666665,,,,
train_episode,444600,68.06933333333333,0.45234133333333326,,,,
train_episode,444750,70.95200000000001,0.47208533333333313,,,,
train_episode,444900,64.52426666666666,0.4286506666666665,,,,
train_episode,445050,58.41653333333333,0.38798933333333313,,,,
train_episode,445200,54.520533333333354,0.36155733333333356,,,,
train_episode,445350,65.12266666666667,0.43305600000000005,,,,
train_episode,445500,58.99626666666666,0.3917226666666667,,,,
train_episode,445650,63.64213333333334,0.4229440000000001,,,,
train_episode,445800,66.36800000000001,0.4410133333333333,,,,
train_episode,445950,69.0773333333333,0.4593599999999999,,,,
train_episode,446100,65.7616,0.4370986666666666,,,,
train_episode,446250,67.63199999999999,0.4495253333333333,,,,
train_episode,446400,70.88053333333335,0.47175466666666693,,,,
train_episode,446550,77.26880000000007,0.5143040000000001,,,,
train_episode,446700,70.91520000000001,0.4720853333333332,,,,
train_episode,446850,68.75199999999997,0.4575893333333329,,,,
train_episode,447000,69.95146666666666,0.46569600000000017,,,,
train_episode,447150,69.82186666666666,0.4639786666666667,,,,
train_episode,447300,68.17973333333333,0.45292800000000016,,,,
train_episode,447450,59.23786666666667,0.3937919999999998,,,,
train_episode,447600,69.83946666666668,0.46504533333333353,,,,
train_episode,447750,58.04693333333333,0.3848640000000002,,,,
train_episode,447900,67.49440000000003,0.4490240000000001,,,,
train_episode,448050,55.38933333333334,0.3672746666666668,,,,
train_episode,448200,58.277866666666675,0.387776,,,,
train_episode,448350,78.02186666666668,0.5192213333333333,,,,
train_episode,448500,63.79519999999999,0.4231573333333332,,,,
train_episode,448650,50.73920000000001,0.33657600000000004,,,,
train_episode,448800,62.250666666666675,0.4135999999999999,,,,
train_episode,448950,72.57066666666667,0.48212266666666675,,,,
train_episode,449100,72.46933333333337,0.4826346666666669,,,,
train_episode,449250,75.03360000000002,0.4999253333333335,,,,
train_episode,449400,73.72853333333336,0.49064533333333343,,,,
train_episode,449550,70.75200000000002,0.4713066666666668,,,,
train_episode,449700,79.07146666666662,0.526890666666667,,,,
train_episode,449850,79.07466666666667,0.5263466666666671,,,,
train_episode,450000,75.88159999999996,0.5050346666666672,,,,
eval,450000,,,,,77.05269333333331,0.5129194666666667
train_episode,450150,74.16586666666669,0.49378133333333313,,,,
train_episode,450300,73.58773333333326,0.4901226666666669,,,,
train_episode,450450,77.4826666666667,0.5156800000000001,,,,
train_episode,450600,73.14453333333336,0.487392,,,,
train_episode,450750,78.40639999999999,0.5221226666666666,,,,
train_episode,450900,71.67679999999999,0.47651200000000016,,,,
train_episode,451050,63.986666666666665,0.4248853333333333,,,,
train_episode,451200,70.05813333333334,0.46589866666666674,,,,
train_episode,451350,79.18079999999999,0.5273066666666671,,,,
train_episode,451500,72.21440000000001,0.4805333333333334,,,,
train_episode,451650,74.2752,0.49474133333333326,,,,
train_episode,451800,73.62826666666659,0.4907199999999998,,,,
train_episode,451950,76.33973333333331,0.508256,,,,
train_episode,452100,68.54293333333338,0.4562986666666667,,,,
train_episode,452250,69.19573333333331,0.4609173333333332,,,,
train_episode,452400,75.77919999999997,0.5051093333333334,,,,
train_episode,452550,70.46453333333335,0.46863999999999967,,,,
train_episode,452700,63.307733333333324,0.4214826666666666,,,,
train_episode,452850,65.41280000000003,0.434698666666667,,,,
train_episode,453000,68.0986666666667,0.45310933333333375,,,,
train_episode,453150,66.9472,0.4450133333333332,,,,
train_episode,453300,59.368533333333346,0.3941013333333334,,,,
train_episode,453450,66.4736,0.442528,,,,
train_episode,453600,68.5904,0.45710933333333337,,,,
train_episode,453750,63.873600000000025,0.4245866666666666,,,,
train_episode,453900,60.516266666666695,0.4015039999999999,,,,
train_episode,454050,55.692266666666676,0.3698986666666669,,,,
train_episode,454200,66.8192,0.4441706666666665,,,,
train_episode,454350,60.279999999999966,0.39999999999999986,,,,
train_episode,454500,66.91253333333334,0.44544,,,,
train_episode,454650,68.84533333333336,0.45801600000000015,,,,
train_episode,454800,75.07999999999998,0.49952000000000024,,,,
train_episode,454950,70.80693333333335,0.47096533333333346,,,,
train_episode,455100,64.16106666666671,0.427072,,,,
train_episode,455250,72.4928,0.483008,,,,
train_episode,455400,72.25173333333332,0.4811306666666665,,,,
train_episode,455550,79.90186666666659,0.5325973333333334,,,,
train_episode,455700,72.09813333333332,0.47956266666666675,,,,
train_episode,455850,69.23519999999999,0.45997866666666654,,,,
train_episode,456000,68.41279999999999,0.4553066666666667,,,,
eval,456000,,,,,67.46058666666666,0.4485909333333333
train_episode,456150,63.80106666666665,0.42382933333333334,,,,
train_episode,456300,67.08053333333334,0.44616533333333325,,,,
train_episode,456450,69.96959999999999,0.46566400000000013,,,,
train_episode,456600,57.49493333333336,0.3818453333333332,,,,
train_episode,456750,73.35680000000004,0.4882560000000002,,,,
train_episode,456900,63.44426666666664,0.4213333333333334,,,,
train_episode,457050,45.913599999999974,0.3034666666666668,,,,
train_episode,457200,43.27626666666668,0.2865493333333333,,,,
train_episode,457350,52.379200000000026,0.347264,,,,
train_episode,457500,38.85120000000002,0.25590399999999996,,,,
train_episode,457650,31.83413333333334,0.20919466666666672,,,,
train_episode,457800,23.40960000000001,0.1524266666666667,,,,
train_episode,457950,38.449066666666674,0.2534293333333335,,,,
train_episode,458100,41.26453333333333,0.27241599999999994,,,,
train_episode,458250,65.00213333333335,0.4316373333333336,,,,
train_episode,458400,69.36319999999999,0.46153599999999995,,,,
train_episode,458550,69.38399999999997,0.4612266666666667,,,,
train_episode,458700,59.9968,0.39785599999999993,,,,
train_episode,458850,56.78986666666667,0.37741866666666685,,,,
train_episode,459000,58.50240000000001,0.388256,,,,
train_episode,459150,59.62560000000001,0.39571200000000006,,,,
train_episode,459300,52.77333333333336,0.35019733333333347,,,,
train_episode,459450,48.68853333333333,0.3224213333333334,,,,
train_episode,459600,57.613866666666695,0.3821333333333332,,,,
train_episode,459750,57.34613333333335,0.38034133333333314,,,,
train_episode,459900,47.326400000000014,0.3128106666666667,,,,
train_episode,460050,49.89653333333338,0.3306453333333335,,,,
train_episode,460200,55.7488,0.3697066666666666,,,,
train_episode,460350,67.3130666666667,0.44658133333333344,,,,
train_episode,460500,34.47520000000004,0.22622933333333356,,,,
train_episode,460650,26.098666666666663,0.1707093333333333,,,,
train_episode,460800,23.681599999999985,0.1544639999999999,,,,
train_episode,460950,24.425066666666662,0.15961599999999998,,,,
train_episode,461100,33.32373333333333,0.21905066666666664,,,,
train_episode,461250,41.54240000000001,0.27457066666666663,,,,
train_episode,461400,23.771733333333305,0.1547946666666665,,,,
train_episode,461550,37.036266666666656,0.24373333333333325,,,,
train_episode,461700,36.297066666666666,0.23895466666666668,,,,
train_episode,461850,40.04693333333334,0.26397866666666675,,,,
train_episode,462000,34.99146666666667,0.22951466666666662,,,,
eval,462000,,,,,33.43626666666667,0.2198464
train_episode,462150,35.53280000000003,0.23433600000000013,,,,
train_episode,462300,38.91200000000002,0.2560640000000002,,,,
train_episode,462450,33.69439999999998,0.2211946666666666,,,,
train_episode,462600,39.16693333333333,0.25752533333333344,,,,
train_episode,462750,44.78293333333333,0.29602133333333336,,,,
train_episode,462900,37.98880000000001,0.24969600000000014,,,,
train_episode,463050,39.45173333333332,0.2602559999999999,,,,
train_episode,463200,66.18026666666664,0.44008533333333344,,,,
train_episode,463350,67.47626666666665,0.4485013333333333,,,,
train_episode,463500,75.01173333333331,0.49966933333333324,,,,
train_episode,463650,68.56266666666666,0.4554879999999999,,,,
train_episode,463800,44.911466666666634,0.2962026666666665,,,,
train_episode,463950,31.681066666666673,0.2079893333333334,,,,
train_episode,464100,33.7184,0.22136533333333328,,,,
train_episode,464250,34.5536,0.2268586666666668,,,,
train_episode,464400,46.08373333333334,0.3043946666666664,,,,
train_episode,464550,58.701333333333324,0.3901973333333334,,,,
train_episode,464700,76.85333333333331,0.5115200000000001,,,,
train_episode,464850,64.97279999999996,0.4319359999999998,,,,
train_episode,465000,69.60159999999998,0.46258133333333346,,,,
train_episode,465150,60.744533333333365,0.4029120000000002,,,,
train_episode,465300,53.54720000000001,0.3553066666666667,,,,
train_episode,465450,69.70613333333334,0.46374400000000016,,,,
train_episode,465600,59.923733333333324,0.3980159999999998,,,,
train_episode,465750,63.97439999999998,0.4250986666666668,,,,
train_episode,465900,78.06186666666666,0.5203946666666666,,,,
train_episode,466050,66.10186666666665,0.43906133333333325,,,,
train_episode,466200,71.68106666666672,0.47684266666666675,,,,
train_episode,466350,80.10880000000002,0.5335253333333334,,,,
train_episode,466500,73.62613333333333,0.48994133333333356,,,,
train_episode,466650,49.59626666666667,0.3286826666666667,,,,
train_episode,466800,31.27946666666664,0.20523733333333308,,,,
train_episode,466950,34.76533333333331,0.22820266666666641,,,,
train_episode,467100,40.936533333333344,0.2701973333333335,,,,
train_episode,467250,49.539200000000015,0.32802133333333333,,,,
train_episode,467400,50.89120000000001,0.33670400000000006,,,,
train_episode,467550,47.67733333333334,0.31534933333333326,,,,
train_episode,467700,55.10453333333333,0.3655253333333333,,,,
train_episode,467850,49.1136,0.32467199999999985,,,,
train_episode,468000,71.81066666666666,0.47764266666666677,,,,
eval,468000,,,,,61.00533333333334,0.40520106666666666
train_episode,468150,66.77386666666663,0.44307200000000013,,,,
train_episode,468300,59.41386666666666,0.39413333333333345,,,,
train_episode,468450,71.73013333333333,0.47726933333333316,,,,
train_episode,468600,61.91466666666665,0.41154133333333315,,,,
train_episode,468750,64.54880000000001,0.428832,,,,
train_episode,468900,66.22880000000004,0.44049066666666675,,,,
train_episode,469050,64.92639999999997,0.43241599999999997,,,,
train_episode,469200,81.8426666666667,0.5451733333333334,,,,
train_episode,469350,71.21013333333336,0.4732906666666666,,,,
train_episode,469500,59.50506666666671,0.39555200000000007,,,,
train_episode,469650,70.32213333333333,0.46837333333333364,,,,
train_episode,469800,74.36639999999996,0.49499733333333323,,,,
train_episode,469950,75.85279999999999,0.5051733333333334,,,,
train_episode,470100,72.6768,0.48361599999999993,,,,
train_episode,470250,60.77919999999998,0.40325333333333324,,,,
train_episode,470400,54.46933333333333,0.3609280000000001,,,,
train_episode,470550,47.48319999999999,0.31316266666666676,,,,
train_episode,470700,64.47466666666668,0.42865066666666657,,,,
train_episode,470850,71.26133333333334,0.47400533333333317,,,,
train_episode,471000,66.45973333333336,0.4415253333333331,,,,
train_episode,471150,73.32639999999999,0.4882879999999999,,,,
train_episode,471300,53.865066666666635,0.3574613333333335,,,,
train_episode,471450,46.62186666666666,0.30870399999999987,,,,
train_episode,471600,70.37386666666667,0.4686186666666666,,,,
train_episode,471750,80.51946666666667,0.536672,,,,
train_episode,471900,84.68053333333333,0.5648426666666667,,,,
train_episode,472050,78.64693333333327,0.5237119999999997,,,,
train_episode,472200,71.74080000000002,0.47768533333333335,,,,
train_episode,472350,68.24480000000001,0.4536426666666668,,,,
train_episode,472500,62.89439999999997,0.41816533333333333,,,,
train_episode,472650,64.83626666666669,0.43149866666666675,,,,
train_episode,472800,53.843199999999996,0.35770666666666656,,,,
train_episode,472950,69.16746666666667,0.4601599999999999,,,,
train_episode,473100,69.39946666666668,0.46143999999999996,,,,
train_episode,473250,69.96906666666669,0.465248,,,,
train_episode,473400,60.46719999999996,0.4017066666666665,,,,
train_episode,473550,63.229866666666666,0.4197546666666667,,,,
train_episode,473700,47.518400000000014,0.31458133333333343,,,,
train_episode,473850,54.67359999999999,0.3611733333333332,,,,
train_episode,474000,33.593066666666665,0.22081066666666657,,,,
eval,474000,,,,,42.61333333333333,0.28126933333333326
train_episode,474150,50.17066666666666,0.3324160000000002,,,,
train_episode,474300,67.10933333333332,0.4461226666666668,,,,
train_episode,474450,55.43253333333333,0.3672106666666668,,,,
train_episode,474600,60.0864,0.39915733333333314,,,,
train_episode,474750,61.57066666666667,0.4087146666666667,,,,
train_episode,474900,54.59039999999995,0.3608533333333333,,,,
train_episode,475050,55.618133333333326,0.3684266666666666,,,,
train_episode,475200,57.11466666666668,0.3786666666666669,,,,
train_episode,475350,53.89333333333331,0.35737600000000014,,,,
train_episode,475500,56.56106666666665,0.3752853333333333,,,,
train_episode,475650,67.32266666666669,0.446986666666667,,,,
train_episode,475800,47.27093333333337,0.31171200000000016,,,,
train_episode,475950,41.90666666666671,0.2765546666666666,,,,
train_episode,476100,67.92213333333333,0.4516906666666667,,,,
train_episode,476250,67.74879999999997,0.4511786666666668,,,,
train_episode,476400,65.77706666666667,0.4373866666666668,,,,
train_episode,476550,64.96480000000005,0.4319039999999999,,,,
train_episode,476700,63.59839999999998,0.4222933333333332,,,,
train_episode,476850,71.03146666666665,0.4721066666666665,,,,
train_episode,477000,61.277866666666675,0.4073173333333334,,,,
train_episode,477150,62.390933333333315,0.414272,,,,
train_episode,477300,48.85386666666662,0.32296533333333355,,,,
train_episode,477450,40.635200000000005,0.2668053333333334,,,,
train_episode,477600,42.500800000000005,0.2804160000000001,,,,
train_episode,477750,37.193066666666674,0.24435200000000012,,,,
train_episode,477900,45.293866666666666,0.2990293333333335,,,,
train_episode,478050,52.38826666666665,0.34681599999999996,,,,
train_episode,478200,49.42613333333335,0.32677333333333347,,,,
train_episode,478350,47.038933333333325,0.3104853333333333,,,,
train_episode,478500,65.60266666666666,0.43587200000000015,,,,
train_episode,478650,55.340800000000016,0.36704000000000025,,,,
train_episode,478800,68.54293333333335,0.45542399999999966,,,,
train_episode,478950,58.49653333333335,0.3879680000000001,,,,
train_episode,479100,62.36693333333336,0.41459199999999985,,,,
train_episode,479250,56.14560000000002,0.37227733333333324,,,,
train_episode,479400,65.39680000000001,0.4341973333333334,,,,
train_episode,479550,60.832533333333345,0.4035413333333334,,,,
train_episode,479700,55.45066666666668,0.36739200000000005,,,,
train_episode,479850,57.47306666666669,0.3810026666666668,,,,
train_episode,480000,66.12373333333333,0.4387626666666669,,,,
eval,480000,,,,,71.29951999999999,0.4744383999999999
train_episode,480150,71.68320000000003,0.4766293333333334,,,,
train_episode,480300,71.50453333333333,0.4753279999999997,,,,
train_episode,480450,79.34080000000002,0.5290666666666668,,,,
train_episode,480600,77.11199999999995,0.513152,,,,
train_episode,480750,65.87786666666669,0.43769599999999986,,,,
train_episode,480900,64.1749333333333,0.4268586666666666,,,,
train_episode,481050,63.13066666666667,0.4193706666666666,,,,
train_episode,481200,74.5717333333333,0.4963626666666666,,,,
train_episode,481350,73.76533333333334,0.49073066666666665,,,,
train_episode,481500,75.04800000000004,0.4991253333333333,,,,
train_episode,481650,62.43520000000004,0.41451733333333324,,,,
train_episode,481800,60.488,0.4012800000000003,,,,
train_episode,481950,52.52639999999998,0.34800000000000014,,,,
train_episode,482100,61.89493333333334,0.41132799999999997,,,,
train_episode,482250,73.97653333333334,0.4927893333333332,,,,
train_episode,482400,71.86560000000001,0.4774720000000001,,,,
train_episode,482550,62.304000000000016,0.41357866666666654,,,,
train_episode,482700,58.66079999999998,0.3895786666666665,,,,
train_episode,482850,71.35199999999999,0.4745279999999998,,,,
train_episode,483000,75.18986666666667,0.5003093333333334,,,,
train_episode,483150,68.73386666666669,0.4566720000000002,,,,
train_episode,483300,65.99893333333334,0.43941333333333327,,,,
train_episode,483450,76.94666666666667,0.5119039999999998,,,,
train_episode,483600,69.94880000000002,0.4663893333333333,,,,
train_episode,483750,80.1845333333333,0.533909333333333,,,,
train_episode,483900,76.99146666666665,0.5126719999999998,,,,
train_episode,484050,77.90186666666666,0.5189226666666666,,,,
train_episode,484200,82.2464,0.5477226666666666,,,,
train_episode,484350,81.99733333333336,0.5459946666666669,,,,
train_episode,484500,88.64000000000001,0.5910400000000005,,,,
train_episode,484650,85.00693333333334,0.5665813333333334,,,,
train_episode,484800,79.84319999999998,0.5316159999999998,,,,
train_episode,484950,64.6432,0.42992,,,,
train_episode,485100,78.21013333333336,0.5202453333333332,,,,
train_episode,485250,76.28160000000003,0.5074453333333334,,,,
train_episode,485400,71.74346666666666,0.47692799999999985,,,,
train_episode,485550,74.31093333333332,0.49404800000000043,,,,
train_episode,485700,80.16053333333332,0.5337066666666668,,,,
train_episode,485850,78.19413333333333,0.5207039999999997,,,,
train_episode,486000,75.61439999999999,0.5031786666666669,,,,
eval,486000,,,,,68.61013333333332,0.45609599999999995
train_episode,486150,78.38186666666671,0.5214399999999999,,,,
train_episode,486300,86.6224,0.5770986666666666,,,,
train_episode,486450,84.55093333333335,0.5628159999999999,,,,
train_episode,486600,72.99786666666667,0.48518400000000034,,,,
train_episode,486750,82.18506666666667,0.54816,,,,
train_episode,486900,84.48800000000003,0.5631040000000003,,,,
train_episode,487050,82.62720000000002,0.5504213333333332,,,,
train_episode,487200,80.8485333333333,0.5392959999999999,,,,
train_episode,487350,77.33119999999998,0.5151893333333333,,,,
train_episode,487500,76.18293333333332,0.5072,,,,
train_episode,487650,85.9733333333333,0.5724159999999998,,,,
train_episode,487800,77.97653333333328,0.5191146666666666,,,,
train_episode,487950,82.16693333333332,0.5472426666666665,,,,
train_episode,488100,83.43466666666671,0.5556906666666664,,,,
train_episode,488250,78.94506666666672,0.5253226666666668,,,,
train_episode,488400,73.488,0.4889706666666667,,,,
train_episode,488550,74.74186666666667,0.49742933333333356,,,,
train_episode,488700,80.28426666666672,0.5346133333333333,,,,
train_episode,488850,79.4549333333333,0.5292480000000002,,,,
train_episode,489000,70.12106666666665,0.4666346666666668,,,,
train_episode,489150,62.88373333333336,0.4177066666666668,,,,
train_episode,489300,73.84906666666666,0.49138133333333317,,,,
train_episode,489450,71.46773333333333,0.47523199999999977,,,,
train_episode,489600,61.39626666666669,0.40748799999999996,,,,
train_episode,489750,71.80266666666671,0.4771200000000001,,,,
train_episode,489900,74.67786666666672,0.4961493333333335,,,,
train_episode,490050,46.598400000000034,0.308352,,,,
train_episode,490200,60.729599999999984,0.40268800000000005,,,,
train_episode,490350,62.226133333333365,0.4130879999999999,,,,
train_episode,490500,76.0218666666667,0.506336,,,,
train_episode,490650,69.47039999999996,0.46193066666666655,,,,
train_episode,490800,76.48853333333335,0.5090559999999997,,,,
train_episode,490950,77.08266666666665,0.5131306666666666,,,,
train_episode,491100,77.64320000000002,0.5169493333333333,,,,
train_episode,491250,68.54399999999995,0.4556586666666668,,,,
train_episode,491400,62.13653333333337,0.4126933333333334,,,,
train_episode,491550,77.76746666666669,0.5182613333333331,,,,
train_episode,491700,75.55946666666667,0.5035946666666667,,,,
train_episode,491850,70.89653333333332,0.4719466666666664,,,,
train_episode,492000,83.19466666666665,0.5547413333333333,,,,
eval,492000,,,,,80.65759999999997,0.5372458666666667
train_episode,492150,82.0992,0.5468053333333333,,,,
train_episode,492300,77.02613333333329,0.5126293333333336,,,,
train_episode,492450,74.25813333333333,0.4941440000000002,,,,
train_episode,492600,71.18933333333331,0.4734506666666668,,,,
train_episode,492750,78.40266666666665,0.5225066666666665,,,,
train_episode,492900,74.52373333333333,0.4958613333333332,,,,
train_episode,493050,77.07573333333336,0.5130986666666668,,,,
train_episode,493200,64.20213333333336,0.4264426666666666,,,,
train_episode,493350,57.69066666666668,0.3825920000000001,,,,
train_episode,493500,62.97599999999998,0.41881599999999997,,,,
train_episode,493650,75.2672,0.5014506666666669,,,,
train_episode,493800,70.1925333333333,0.46703999999999996,,,,
train_episode,493950,80.24319999999999,0.5339839999999997,,,,
train_episode,494100,76.98880000000003,0.512448,,,,
train_episode,494250,77.44053333333338,0.51552,,,,
train_episode,494400,75.47466666666668,0.5017279999999997,,,,
train_episode,494550,76.67466666666668,0.5109333333333335,,,,
train_episode,494700,78.97813333333333,0.5256639999999998,,,,
train_episode,494850,76.93333333333331,0.5127040000000002,,,,
train_episode,495000,78.50986666666668,0.5230293333333331,,,,
train_episode,495150,75.1493333333333,0.5004053333333333,,,,
train_episode,495300,82.53386666666664,0.5495893333333335,,,,
train_episode,495450,73.22986666666667,0.4869973333333332,,,,
train_episode,495600,79.52906666666665,0.530208,,,,
train_episode,495750,91.77653333333328,0.6116906666666669,,,,
train_episode,495900,74.86773333333335,0.4978986666666668,,,,
train_episode,496050,80.51306666666666,0.5358080000000001,,,,
train_episode,496200,80.56,0.5368213333333332,,,,
train_episode,496350,81.37599999999996,0.5413973333333332,,,,
train_episode,496500,83.2586666666667,0.554570666666667,,,,
train_episode,496650,74.62933333333339,0.49672533333333346,,,,
train_episode,496800,73.57333333333335,0.490144,,,,
train_episode,496950,77.90506666666671,0.5191253333333334,,,,
train_episode,497100,74.32373333333332,0.49444266666666636,,,,
train_episode,497250,70.4176,0.4681066666666666,,,,
train_episode,497400,75.9349333333334,0.5055253333333335,,,,
train_episode,497550,74.20480000000002,0.49373866666666666,,,,
train_episode,497700,76.36693333333332,0.5093653333333336,,,,
train_episode,497850,83.49973333333331,0.5564799999999995,,,,
train_episode,498000,85.4597333333333,0.5691413333333336,,,,
eval,498000,,,,,84.64714666666666,0.5636010666666667
train_episode,498150,84.24373333333332,0.5613013333333334,,,,
train_episode,498300,89.46293333333331,0.5963519999999998,,,,
train_episode,498450,89.51093333333331,0.5966826666666666,,,,
train_episode,498600,91.8672,0.6119680000000001,,,,
train_episode,498750,92.832,0.6187519999999997,,,,
train_episode,498900,93.8117333333333,0.6250453333333332,,,,
train_episode,499050,89.12426666666673,0.5943893333333333,,,,
train_episode,499200,93.85866666666669,0.6258346666666663,,,,
train_episode,499350,84.89920000000006,0.5656426666666666,,,,
train_episode,499500,85.95413333333336,0.5724800000000002,,,,
train_episode,499650,83.56799999999998,0.5570026666666666,,,,
train_episode,499800,80.05226666666668,0.5328853333333331,,,,
train_episode,499950,89.73173333333334,0.5982400000000002,,,,
train_episode,500100,90.43413333333339,0.6029866666666668,,,,
train_episode,500250,91.9002666666667,0.6126400000000004,,,,
train_episode,500400,94.05226666666664,0.6270506666666664,,,,
train_episode,500550,82.03626666666662,0.5465386666666664,,,,
train_episode,500700,87.82560000000004,0.5855573333333335,,,,
train_episode,500850,89.12906666666663,0.5939733333333332,,,,
train_episode,501000,89.40586666666667,0.5958933333333335,,,,
train_episode,501150,85.91466666666668,0.5717226666666666,,,,
train_episode,501300,83.4592,0.5554880000000001,,,,
train_episode,501450,86.14773333333338,0.5733653333333333,,,,
train_episode,501600,73.65066666666664,0.4904213333333332,,,,
train_episode,501750,80.8933333333333,0.5389653333333329,,,,
train_episode,501900,70.41546666666665,0.46802133333333323,,,,
train_episode,502050,83.24426666666665,0.5545066666666668,,,,
train_episode,502200,79.79413333333332,0.531178666666667,,,,
train_episode,502350,82.53386666666663,0.5497386666666668,,,,
train_episode,502500,82.81013333333333,0.5514240000000001,,,,
train_episode,502650,85.19466666666668,0.5675093333333334,,,,
train_episode,502800,80.58453333333331,0.5365226666666666,,,,
train_episode,502950,82.24319999999999,0.5472213333333334,,,,
train_episode,503100,81.70666666666669,0.5438933333333336,,,,
train_episode,503250,83.06719999999999,0.5534186666666667,,,,
train_episode,503400,78.08906666666672,0.5202026666666666,,,,
train_episode,503550,70.17173333333328,0.4667733333333331,,,,
train_episode,503700,67.67413333333334,0.4496853333333334,,,,
train_episode,503850,65.83306666666662,0.4380693333333333,,,,
train_episode,504000,74.31946666666664,0.49463466666666706,,,,
eval,504000,,,,,73.00778666666666,0.48587946666666665
train_episode,504150,74.74986666666669,0.49780266666666656,,,,
train_episode,504300,82.03679999999999,0.5467093333333335,,,,
train_episode,504450,77.48960000000001,0.5158506666666669,,,,
train_episode,504600,77.77813333333336,0.5178453333333334,,,,
train_episode,504750,81.80479999999999,0.5453333333333336,,,,
train_episode,504900,91.03786666666664,0.6067413333333331,,,,
train_episode,505050,93.41493333333334,0.6227626666666666,,,,
train_episode,505200,90.72853333333337,0.6046719999999998,,,,
train_episode,505350,70.8432,0.4709760000000001,,,,
train_episode,505500,73.04586666666668,0.4869333333333335,,,,
train_episode,505650,83.54719999999995,0.5565546666666665,,,,
train_episode,505800,86.52853333333333,0.5768106666666668,,,,
train_episode,505950,85.13066666666667,0.5673600000000002,,,,
train_episode,506100,82.5824,0.5502720000000001,,,,
train_episode,506250,86.76373333333325,0.5787306666666668,,,,
train_episode,506400,90.90826666666668,0.6053120000000004,,,,
train_episode,506550,82.9248,0.552544,,,,
train_episode,506700,77.89386666666671,0.5187519999999999,,,,
train_episode,506850,80.7829333333333,0.537504,,,,
train_episode,507000,83.61119999999993,0.5569706666666668,,,,
train_episode,507150,81.43039999999999,0.5424533333333336,,,,
train_episode,507300,78.27146666666674,0.5207680000000003,,,,
train_episode,507450,76.73119999999997,0.5112426666666667,,,,
train_episode,507600,77.76640000000002,0.5180586666666669,,,,
train_episode,507750,83.46986666666668,0.5559999999999996,,,,
train_episode,507900,84.91360000000002,0.5655359999999999,,,,
train_episode,508050,86.4549333333334,0.5763840000000005,,,,
train_episode,508200,90.90933333333336,0.6066026666666662,,,,
train_episode,508350,94.17440000000002,0.6281919999999998,,,,
train_episode,508500,92.53599999999997,0.6173439999999999,,,,
train_episode,508650,90.39893333333333,0.602752,,,,
train_episode,508800,86.83893333333336,0.5787413333333334,,,,
train_episode,508950,87.27946666666664,0.5817706666666668,,,,
train_episode,509100,88.43146666666665,0.589472,,,,
train_episode,509250,88.34879999999995,0.5889279999999998,,,,
train_episode,509400,87.03946666666666,0.5800426666666664,,,,
train_episode,509550,83.25600000000004,0.5544533333333335,,,,
train_episode,509700,50.367466666666665,0.3338453333333335,,,,
train_episode,509850,72.83039999999995,0.48466133333333317,,,,
train_episode,510000,81.29333333333336,0.5417173333333333,,,,
eval,510000,,,,,84.62496000000002,0.5639850666666666
train_episode,510150,87.64533333333338,0.5839786666666671,,,,
train_episode,510300,78.8064,0.5247893333333336,,,,
train_episode,510450,77.2032,0.5143786666666667,,,,
train_episode,510600,84.3392,0.5621866666666665,,,,
train_episode,510750,85.7584,0.5711893333333332,,,,
train_episode,510900,76.50933333333332,0.5098133333333333,,,,
train_episode,511050,77.55413333333333,0.5165866666666669,,,,
train_episode,511200,80.76640000000003,0.5377813333333333,,,,
train_episode,511350,79.7109333333333,0.5304533333333332,,,,
train_episode,511500,68.00266666666668,0.45195733333333304,,,,
train_episode,511650,66.64693333333335,0.44294400000000006,,,,
train_episode,511800,80.56586666666668,0.5367039999999997,,,,
train_episode,511950,83.8949333333334,0.5586133333333336,,,,
train_episode,512100,78.8021333333333,0.5243413333333334,,,,
train_episode,512250,78.90080000000005,0.5248746666666668,,,,
train_episode,512400,75.94240000000002,0.5056746666666666,,,,
train_episode,512550,65.99679999999998,0.4381866666666666,,,,
train_episode,512700,80.04213333333333,0.5326613333333332,,,,
train_episode,512850,82.99039999999998,0.5536106666666669,,,,
train_episode,513000,86.98720000000003,0.5794560000000001,,,,
train_episode,513150,66.28960000000002,0.4394986666666667,,,,
train_episode,513300,81.38399999999997,0.5423893333333331,,,,
train_episode,513450,69.55199999999998,0.46299733333333315,,,,
train_episode,513600,78.40853333333334,0.5221439999999999,,,,
train_episode,513750,85.6336,0.570624,,,,
train_episode,513900,82.52,0.5501226666666671,,,,
train_episode,514050,84.21866666666666,0.5606186666666664,,,,
train_episode,514200,74.80320000000002,0.49729066666666655,,,,
train_episode,514350,84.9898666666667,0.5658773333333333,,,,
train_episode,514500,89.99946666666666,0.5999573333333333,,,,
train_episode,514650,84.70453333333329,0.5641066666666668,,,,
train_episode,514800,74.88053333333335,0.4983573333333332,,,,
train_episode,514950,67.7578666666667,0.4502399999999999,,,,
train_episode,515100,80.60586666666663,0.5376106666666663,,,,
train_episode,515250,91.04639999999998,0.606592,,,,
train_episode,515400,75.95360000000001,0.5056853333333338,,,,
train_episode,515550,77.0832,0.5135573333333334,,,,
train_episode,515700,83.62240000000001,0.5566293333333331,,,,
train_episode,515850,77.63893333333333,0.5171093333333332,,,,
train_episode,516000,70.61493333333334,0.46908799999999995,,,,
eval,516000,,,,,72.08138666666667,0.4792597333333334
train_episode,516150,68.6704,0.45655466666666666,,,,
train_episode,516300,74.15786666666664,0.49373866666666655,,,,
train_episode,516450,88.09706666666662,0.587445333333333,,,,
train_episode,516600,70.15359999999997,0.4662080000000001,,,,
train_episode,516750,51.15306666666666,0.3388373333333331,,,,
train_episode,516900,65.37653333333334,0.43415466666666686,,,,
train_episode,517050,36.63413333333335,0.24199466666666675,,,,
train_episode,517200,79.176,0.5278186666666668,,,,
train_episode,517350,75.63146666666664,0.5038186666666669,,,,
train_episode,517500,86.84266666666666,0.5790186666666663,,,,
train_episode,517650,86.2757333333333,0.574848,,,,
train_episode,517800,83.64053333333338,0.5576,,,,
train_episode,517950,76.96479999999998,0.5129386666666669,,,,
train_episode,518100,80.81119999999997,0.5382613333333334,,,,
train_episode,518250,74.21653333333333,0.4935040000000003,,,,
train_episode,518400,53.90666666666665,0.35697066666666666,,,,
train_episode,518550,62.672533333333334,0.41550933333333356,,,,
train_episode,518700,66.21386666666666,0.43985066666666656,,,,
train_episode,518850,73.29759999999999,0.487093333333333,,,,
train_episode,519000,56.611733333333326,0.37483733333333336,,,,
train_episode,519150,56.709866666666656,0.37586133333333344,,,,
train_episode,519300,61.36106666666669,0.40747733333333364,,,,
train_episode,519450,61.54719999999998,0.4090239999999999,,,,
train_episode,519600,58.71413333333334,0.38907733333333333,,,,
train_episode,519750,46.85493333333335,0.30993066666666663,,,,
train_episode,519900,69.52373333333333,0.46228266666666684,,,,
train_episode,520050,69.02666666666669,0.4580480000000002,,,,
train_episode,520200,38.364266666666666,0.252576,,,,
train_episode,520350,54.960533333333295,0.3639039999999999,,,,
train_episode,520500,48.379200000000004,0.3204053333333334,,,,
train_episode,520650,58.54986666666665,0.38860799999999995,,,,
train_episode,520800,85.4517333333333,0.5697599999999999,,,,
train_episode,520950,87.07306666666668,0.5804800000000003,,,,
train_episode,521100,86.47573333333331,0.5765973333333334,,,,
train_episode,521250,83.25333333333332,0.5547733333333333,,,,
train_episode,521400,79.6032,0.5304213333333336,,,,
train_episode,521550,70.47733333333339,0.4688213333333333,,,,
train_episode,521700,67.14293333333332,0.4467306666666669,,,,
train_episode,521850,79.6773333333333,0.5306559999999999,,,,
train_episode,522000,91.17386666666665,0.6081173333333333,,,,
eval,522000,,,,,95.08629333333333,0.6342016
train_episode,522150,75.24960000000002,0.5004159999999997,,,,
train_episode,522300,71.76693333333333,0.47710933333333355,,,,
train_episode,522450,90.69386666666664,0.6044693333333333,,,,
train_episode,522600,80.66506666666668,0.5374826666666667,,,,
train_episode,522750,88.45813333333331,0.5901973333333332,,,,
train_episode,522900,75.24959999999999,0.5012800000000003,,,,
train_episode,523050,90.46826666666668,0.6031679999999998,,,,
train_episode,523200,78.84533333333334,0.5254080000000001,,,,
train_episode,523350,85.45226666666665,0.5702186666666668,,,,
train_episode,523500,80.37706666666668,0.5349120000000002,,,,
train_episode,523650,74.89866666666664,0.49798400000000004,,,,
train_episode,523800,52.90506666666665,0.3506453333333332,,,,
train_episode,523950,43.962133333333334,0.29046400000000017,,,,
train_episode,524100,52.58239999999999,0.34820266666666666,,,,
train_episode,524250,50.24000000000001,0.3329599999999999,,,,
train_episode,524400,74.33013333333331,0.4949120000000003,,,,
train_episode,524550,82.216,0.5476053333333333,,,,
train_episode,524700,71.33546666666663,0.4743786666666666,,,,
train_episode,524850,72.83999999999996,0.48459733333333316,,,,
train_episode,525000,58.53493333333335,0.3882986666666665,,,,
train_episode,525150,72.14133333333331,0.4798933333333333,,,,
train_episode,525300,63.342400000000005,0.42088533333333333,,,,
train_episode,525450,54.9184,0.3631999999999999,,,,
train_episode,525600,22.556266666666676,0.14688000000000012,,,,
train_episode,525750,35.75840000000002,0.2356586666666668,,,,
train_episode,525900,55.78879999999994,0.36935466666666616,,,,
train_episode,526050,69.77706666666674,0.463392,,,,
train_episode,526200,55.09973333333332,0.36506666666666654,,,,
train_episode,526350,76.36000000000001,0.5078186666666665,,,,
train_episode,526500,84.3157333333333,0.5612053333333333,,,,
train_episode,526650,75.99146666666665,0.5055039999999997,,,,
train_episode,526800,67.40266666666665,0.4484479999999999,,,,
train_episode,526950,61.19840000000003,0.40592000000000006,,,,
train_episode,527100,40.3744,0.2669226666666668,,,,
train_episode,527250,77.9381333333333,0.5192853333333332,,,,
train_episode,527400,87.62453333333339,0.5842773333333335,,,,
train_episode,527550,91.20639999999995,0.608245333333333,,,,
train_episode,527700,80.40106666666672,0.5350293333333337,,,,
train_episode,527850,72.92106666666672,0.48444800000000005,,,,
train_episode,528000,97.66933333333337,0.6517439999999998,,,,
eval,528000,,,,,95.42496000000001,0.6360042666666667
train_episode,528150,82.5338666666667,0.5493333333333333,,,,
train_episode,528300,80.51893333333334,0.53632,,,,
train_episode,528450,78.73013333333334,0.5242560000000004,,,,
train_episode,528600,79.09493333333334,0.5266026666666664,,,,
train_episode,528750,81.33386666666661,0.5420053333333332,,,,
train_episode,528900,85.26826666666662,0.5683306666666668,,,,
train_episode,529050,75.71306666666666,0.5037973333333332,,,,
train_episode,529200,38.5232,0.2530240000000001,,,,
train_episode,529350,43.444266666666636,0.28714666666666677,,,,
train_episode,529500,67.33813333333333,0.4475413333333333,,,,
train_episode,529650,82.73493333333332,0.5521386666666667,,,,
train_episode,529800,79.36533333333337,0.5283306666666671,,,,
train_episode,529950,56.118933333333345,0.3719786666666666,,,,
train_episode,530100,57.021866666666654,0.3779733333333333,,,,
train_episode,530250,48.12426666666666,0.3176853333333333,,,,
train_episode,530400,66.16320000000002,0.43968,,,,
train_episode,530550,75.12800000000003,0.4997653333333334,,,,
train_episode,530700,64.12693333333331,0.4257066666666668,,,,
train_episode,530850,64.01653333333333,0.4245013333333334,,,,
train_episode,531000,82.25333333333332,0.5472533333333331,,,,
train_episode,531150,66.30293333333333,0.44055466666666643,,,,
train_episode,531300,85.24266666666665,0.5680640000000001,,,,
train_episode,531450,83.89440000000002,0.5589333333333335,,,,
train_episode,531600,79.2896,0.5282133333333333,,,,
train_episode,531750,81.3018666666667,0.5415786666666665,,,,
train_episode,531900,82.34613333333337,0.5485760000000003,,,,
train_episode,532050,83.85813333333336,0.5591360000000001,,,,
train_episode,532200,69.79840000000006,0.4644906666666669,,,,
train_episode,532350,72.5573333333333,0.483648,,,,
train_episode,532500,84.09013333333336,0.5597226666666667,,,,
train_episode,532650,76.23253333333335,0.5075413333333336,,,,
train_episode,532800,85.27413333333335,0.5686293333333335,,,,
train_episode,532950,73.25600000000001,0.48705066666666663,,,,
train_episode,533100,87.77653333333338,0.5858986666666669,,,,
train_episode,533250,84.5664,0.5639893333333333,,,,
train_episode,533400,82.17493333333337,0.5473173333333335,,,,
train_episode,533550,82.40479999999997,0.5488959999999998,,,,
train_episode,533700,83.12213333333334,0.5534506666666665,,,,
train_episode,533850,84.72373333333336,0.564896,,,,
train_episode,534000,80.7402666666667,0.5382826666666666,,,,
eval,534000,,,,,82.25344,0.5481365333333333
train_episode,534150,78.53280000000002,0.5232213333333335,,,,
train_episode,534300,81.62399999999998,0.5440959999999999,,,,
train_episode,534450,82.84159999999994,0.5514559999999998,,,,
train_episode,534600,67.44480000000001,0.447648,,,,
train_episode,534750,75.8485333333333,0.505109333333333,,,,
train_episode,534900,77.32799999999999,0.5147199999999998,,,,
train_episode,535050,78.3402666666667,0.521408,,,,
train_episode,535200,68.25653333333335,0.4535679999999999,,,,
train_episode,535350,52.21333333333332,0.3455253333333333,,,,
train_episode,535500,56.13653333333334,0.37248000000000014,,,,
train_episode,535650,42.54720000000002,0.2801706666666668,,,,
train_episode,535800,26.859200000000016,0.17545600000000008,,,,
train_episode,535950,42.38879999999995,0.2801279999999999,,,,
train_episode,536100,68.95839999999997,0.4584533333333333,,,,
train_episode,536250,62.529066666666694,0.4152640000000001,,,,
train_episode,536400,62.26773333333331,0.41332266666666656,,,,
train_episode,536550,58.30879999999997,0.38561066666666655,,,,
train_episode,536700,60.16106666666666,0.39931733333333314,,,,
train_episode,536850,80.98240000000001,0.5397439999999999,,,,
train_episode,537000,76.86346666666661,0.5115946666666666,,,,
train_episode,537150,60.72746666666667,0.4036160000000002,,,,
train_episode,537300,79.264,0.5284693333333329,,,,
train_episode,537450,75.98506666666668,0.5057706666666669,,,,
train_episode,537600,57.66080000000002,0.38199466666666687,,,,
train_episode,537750,48.533333333333324,0.32113066666666656,,,,
train_episode,537900,48.58240000000002,0.3211946666666668,,,,
train_episode,538050,66.53013333333338,0.4422826666666668,,,,
train_episode,538200,68.42133333333331,0.4548799999999999,,,,
train_episode,538350,57.64319999999998,0.3828159999999999,,,,
train_episode,538500,59.53013333333331,0.39498666666666643,,,,
train_episode,538650,69.8858666666667,0.4639466666666664,,,,
train_episode,538800,26.044266666666662,0.16977066666666668,,,,
train_episode,538950,32.5344,0.21401600000000007,,,,
train_episode,539100,50.86559999999997,0.3364373333333334,,,,
train_episode,539250,33.90506666666667,0.22337066666666677,,,,
train_episode,539400,63.36586666666667,0.4203733333333334,,,,
train_episode,539550,47.58933333333335,0.3146346666666668,,,,
train_episode,539700,63.757333333333335,0.42368000000000006,,,,
train_episode,539850,48.47999999999997,0.32028799999999996,,,,
train_episode,540000,51.873599999999996,0.3434453333333333,,,,
eval,540000,,,,,58.189440000000005,0.38573866666666673
train_episode,540150,57.63413333333331,0.3824639999999999,,,,
train_episode,540300,50.03573333333336,0.3309226666666666,,,,
train_episode,540450,56.05013333333332,0.3718293333333333,,,,
train_episode,540600,50.76853333333332,0.3358293333333331,,,,
train_episode,540750,32.76586666666664,0.21468799999999988,,,,
train_episode,540900,30.231466666666662,0.19769599999999993,,,,
train_episode,541050,31.403733333333317,0.20584533333333327,,,,
train_episode,541200,23.83040000000002,0.1553600000000001,,,,
train_episode,541350,27.77973333333332,0.18164266666666662,,,,
train_episode,541500,30.64533333333334,0.20113066666666674,,,,
train_episode,541650,50.47680000000001,0.33393066666666693,,,,
train_episode,541800,39.39626666666664,0.25932799999999984,,,,
train_episode,541950,33.741866666666674,0.2218666666666667,,,,
train_episode,542100,45.73546666666667,0.3031786666666667,,,,
train_episode,542250,53.87093333333333,0.35766400000000015,,,,
train_episode,542400,41.73973333333332,0.27548799999999984,,,,
train_episode,542550,54.32053333333333,0.3601386666666667,,,,
train_episode,542700,43.378666666666675,0.28614400000000006,,,,
train_episode,542850,48.19893333333335,0.3185386666666666,,,,
train_episode,543000,61.738133333333316,0.4104959999999999,,,,
train_episode,543150,68.07520000000004,0.45232,,,,
train_episode,543300,71.04426666666666,0.47258666666666643,,,,
train_episode,543450,67.90560000000002,0.4518293333333334,,,,
train_episode,543600,61.48213333333333,0.4080533333333333,,,,
train_episode,543750,51.984000000000016,0.34429866666666653,,,,
train_episode,543900,50.92266666666668,0.33705600000000024,,,,
train_episode,544050,49.913599999999995,0.33016533333333326,,,,
train_episode,544200,45.27306666666667,0.2991253333333333,,,,
train_episode,544350,30.368533333333335,0.19959466666666664,,,,
train_episode,544500,51.4336,0.34046933333333335,,,,
train_episode,544650,62.919999999999966,0.41834666666666653,,,,
train_episode,544800,47.780799999999964,0.315808,,,,
train_episode,544950,55.412266666666646,0.3672426666666668,,,,
train_episode,545100,55.90559999999999,0.37087999999999993,,,,
train_episode,545250,54.2448,0.359296,,,,
train_episode,545400,54.731733333333324,0.3629440000000001,,,,
train_episode,545550,52.33546666666666,0.34692266666666677,,,,
train_episode,545700,58.113066666666676,0.38496,,,,
train_episode,545850,58.92373333333332,0.39039999999999975,,,,
train_episode,546000,20.35626666666666,0.13265066666666656,,,,
eval,546000,,,,,58.53130666666667,0.38837333333333335
train_episode,546150,46.429333333333346,0.30628266666666676,,,,
train_episode,546300,34.142400000000016,0.224512,,,,
train_episode,546450,38.322666666666656,0.252224,,,,
train_episode,546600,56.318399999999976,0.3731306666666665,,,,
train_episode,546750,40.47840000000001,0.26668800000000026,,,,
train_episode,546900,29.83999999999999,0.19531733333333332,,,,
train_episode,547050,50.06293333333334,0.33181866666666643,,,,
train_episode,547200,46.6368,0.3082666666666666,,,,
train_episode,547350,39.86879999999997,0.2626773333333334,,,,
train_episode,547500,46.40373333333335,0.3068266666666664,,,,
train_episode,547650,40.540266666666696,0.26754133333333335,,,,
train_episode,547800,21.86026666666666,0.1417813333333333,,,,
train_episode,547950,41.51839999999999,0.27378133333333343,,,,
train_episode,548100,30.10613333333332,0.19759999999999994,,,,
train_episode,548250,30.555200000000013,0.20022400000000004,,,,
train_episode,548400,25.892266666666654,0.16869333333333325,,,,
train_episode,548550,19.34506666666664,0.12513066666666656,,,,
train_episode,548700,20.9216,0.13575466666666666,,,,
train_episode,548850,35.01866666666669,0.23047466666666666,,,,
train_episode,549000,43.16426666666668,0.28564266666666666,,,,
train_episode,549150,53.212799999999994,0.35209599999999985,,,,
train_episode,549300,40.50133333333332,0.2669119999999999,,,,
train_episode,549450,40.59040000000002,0.26693333333333347,,,,
train_episode,549600,41.57813333333331,0.27441066666666675,,,,
train_episode,549750,57.9488,0.3841066666666666,,,,
train_episode,549900,57.877333333333354,0.3840106666666669,,,,
train_episode,550050,49.45333333333336,0.3272000000000002,,,,
train_episode,550200,40.993600000000015,0.27050666666666684,,,,
train_episode,550350,41.532266666666665,0.2738346666666666,,,,
train_episode,550500,34.82186666666668,0.22884266666666675,,,,
train_episode,550650,50.95679999999999,0.33771733333333337,,,,
train_episode,550800,50.83146666666667,0.3366826666666666,,,,
train_episode,550950,38.895466666666664,0.2568106666666667,,,,
train_episode,551100,44.72906666666666,0.29578666666666675,,,,
train_episode,551250,35.59306666666665,0.23396266666666662,,,,
train_episode,551400,35.78079999999999,0.23537066666666664,,,,
train_episode,551550,31.569066666666664,0.20667733333333335,,,,
train_episode,551700,15.536,0.100032,,,,
train_episode,551850,8.508799999999992,0.053354666666666675,,,,
train_episode,552000,9.901333333333323,0.06255999999999991,,,,
eval,552000,,,,,7.789546666666668,0.048347733333333344
train_episode,552150,7.027733333333331,0.04333866666666666,,,,
train_episode,552300,5.295466666666666,0.03208533333333334,,,,
train_episode,552450,15.670933333333341,0.10082133333333335,,,,
train_episode,552600,22.55786666666666,0.14679466666666666,,,,
train_episode,552750,11.020266666666659,0.06981333333333328,,,,
train_episode,552900,6.290666666666672,0.03891200000000004,,,,
train_episode,553050,6.725333333333334,0.04139733333333335,,,,
train_episode,553200,9.578666666666669,0.060576000000000005,,,,
train_episode,553350,24.88053333333332,0.16287999999999997,,,,
train_episode,553500,48.38026666666667,0.3199680000000001,,,,
train_episode,553650,58.184533333333356,0.3863146666666667,,,,
train_episode,553800,58.159466666666646,0.3858559999999999,,,,
train_episode,553950,49.28906666666664,0.3257706666666665,,,,
train_episode,554100,50.95999999999998,0.33787733333333353,,,,
train_episode,554250,49.60746666666669,0.3288959999999999,,,,
train_episode,554400,42.13653333333334,0.27795200000000014,,,,
train_episode,554550,27.285333333333316,0.1782399999999999,,,,
train_episode,554700,35.28480000000001,0.23212799999999997,,,,
train_episode,554850,18.48213333333333,0.11991466666666666,,,,
train_episode,555000,12.33653333333333,0.07861333333333326,,,,
train_episode,555150,39.56426666666668,0.2604373333333334,,,,
train_episode,555300,24.636800000000008,0.16069333333333338,,,,
train_episode,555450,17.151999999999987,0.11043199999999996,,,,
train_episode,555600,13.677866666666663,0.087488,,,,
train_episode,555750,7.538133333333334,0.04666666666666667,,,,
train_episode,555900,4.564266666666665,0.027061333333333326,,,,
train_episode,556050,7.661333333333331,0.047626666666666664,,,,
train_episode,556200,25.678933333333354,0.16812800000000014,,,,
train_episode,556350,24.86559999999999,0.16223999999999997,,,,
train_episode,556500,38.17066666666668,0.25166933333333336,,,,
train_episode,556650,32.89759999999998,0.216032,,,,
train_episode,556800,16.765333333333324,0.10810666666666657,,,,
train_episode,556950,16.369599999999974,0.10523733333333316,,,,
train_episode,557100,41.12106666666668,0.27155200000000007,,,,
train_episode,557250,48.616533333333344,0.3213013333333336,,,,
train_episode,557400,27.250666666666657,0.17788799999999994,,,,
train_episode,557550,44.42879999999998,0.29351466666666665,,,,
train_episode,557700,34.6928,0.22794666666666658,,,,
train_episode,557850,16.725866666666636,0.10772266666666652,,,,
train_episode,558000,25.528533333333318,0.16639999999999996,,,,
eval,558000,,,,,9.63221333333333,0.06070613333333332
train_episode,558150,5.8309333333333315,0.035487999999999985,,,,
train_episode,558300,7.701333333333333,0.04782933333333334,,,,
train_episode,558450,36.47413333333334,0.23959466666666682,,,,
train_episode,558600,34.73493333333333,0.22808533333333325,,,,
train_episode,558750,35.10826666666668,0.23036800000000004,,,,
train_episode,558900,19.27413333333333,0.1250986666666666,,,,
train_episode,559050,24.202666666666662,0.15784533333333334,,,,
train_episode,559200,40.42239999999998,0.2661013333333333,,,,
train_episode,559350,19.996266666666653,0.12995199999999996,,,,
train_episode,559500,11.642666666666663,0.07410133333333332,,,,
train_episode,559650,7.270933333333335,0.04526933333333335,,,,
train_episode,559800,36.79626666666669,0.24272000000000019,,,,
train_episode,559950,40.21920000000003,0.26510933333333336,,,,
train_episode,560100,28.2746666666667,0.18508800000000025,,,,
train_episode,560250,16.33066666666667,0.10525866666666661,,,,
train_episode,560400,20.13493333333336,0.13086933333333348,,,,
train_episode,560550,15.99893333333332,0.10309333333333326,,,,
train_episode,560700,16.56319999999999,0.10664533333333331,,,,
train_episode,560850,16.33493333333334,0.1051733333333333,,,,
train_episode,561000,12.588266666666666,0.08022399999999999,,,,
train_episode,561150,10.253866666666653,0.06488533333333324,,,,
train_episode,561300,17.34933333333336,0.11208533333333352,,,,
train_episode,561450,11.457066666666663,0.07272533333333328,,,,
train_episode,561600,25.859199999999984,0.16930133333333325,,,,
train_episode,561750,42.82613333333333,0.28303999999999985,,,,
train_episode,561900,23.79146666666666,0.15505066666666661,,,,
train_episode,562050,15.169599999999994,0.09718399999999999,,,,
train_episode,562200,14.69066666666666,0.09429333333333326,,,,
train_episode,562350,22.3728,0.14530133333333328,,,,
train_episode,562500,23.540800000000004,0.15317333333333327,,,,
train_episode,562650,30.72426666666667,0.201824,,,,
train_episode,562800,24.84373333333332,0.16219733333333328,,,,
train_episode,562950,17.552533333333333,0.11303466666666667,,,,
train_episode,563100,26.179733333333388,0.17064533333333376,,,,
train_episode,563250,7.254399999999999,0.045183999999999995,,,,
train_episode,563400,5.962133333333331,0.03614933333333333,,,,
train_episode,563550,18.321600000000025,0.11843200000000015,,,,
train_episode,563700,21.48266666666666,0.139968,,,,
train_episode,563850,25.469333333333307,0.16620799999999986,,,,
train_episode,564000,24.799466666666653,0.16186666666666655,,,,
eval,564000,,,,,23.098773333333334,0.15046186666666672
train_episode,564150,36.607466666666674,0.24088533333333345,,,,
train_episode,564300,20.462933333333318,0.13290666666666653,,,,
train_episode,564450,38.42026666666668,0.25368533333333343,,,,
train_episode,564600,41.930133333333345,0.276608,,,,
train_episode,564750,58.95146666666668,0.39050666666666684,,,,
train_episode,564900,37.820800000000006,0.2487679999999998,,,,
train_episode,565050,33.642133333333334,0.22069333333333344,,,,
train_episode,565200,14.465599999999993,0.09261866666666659,,,,
train_episode,565350,9.68693333333333,0.06109866666666666,,,,
train_episode,565500,14.670399999999992,0.09428266666666663,,,,
train_episode,565650,28.491200000000003,0.18657066666666666,,,,
train_episode,565800,23.285866666666653,0.15175466666666662,,,,
train_episode,565950,16.334933333333314,0.10510933333333329,,,,
train_episode,566100,21.493333333333325,0.13967999999999983,,,,
train_episode,566250,15.08106666666666,0.0970346666666666,,,,
train_episode,566400,14.227199999999987,0.09146666666666659,,,,
train_episode,566550,29.98666666666668,0.19707733333333344,,,,
train_episode,566700,34.46720000000003,0.22594133333333352,,,,
train_episode,566850,36.122666666666646,0.23748266666666665,,,,
train_episode,567000,30.517333333333344,0.2003200000000001,,,,
train_episode,567150,31.156266666666653,0.2043306666666666,,,,
train_episode,567300,28.83253333333335,0.18915200000000013,,,,
train_episode,567450,33.54026666666667,0.2198720000000001,,,,
train_episode,567600,15.192000000000005,0.0976106666666667,,,,
train_episode,567750,9.163199999999998,0.057824000000000035,,,,
train_episode,567900,29.619199999999996,0.19425066666666665,,,,
train_episode,568050,31.29226666666666,0.20513066666666652,,,,
train_episode,568200,32.50773333333335,0.2128426666666667,,,,
train_episode,568350,18.774933333333323,0.12171733333333332,,,,
train_episode,568500,32.115199999999994,0.21054933333333334,,,,
train_episode,568650,28.65813333333335,0.18764800000000012,,,,
train_episode,568800,25.998933333333337,0.1695893333333334,,,,
train_episode,568950,28.75200000000001,0.18780800000000009,,,,
train_episode,569100,17.356266666666652,0.11210666666666662,,,,
train_episode,569250,16.476799999999983,0.10613333333333329,,,,
train_episode,569400,21.20159999999999,0.13720533333333323,,,,
train_episode,569550,15.681599999999992,0.10091733333333326,,,,
train_episode,569700,15.185066666666666,0.09773866666666663,,,,
train_episode,569850,16.629333333333335,0.10715733333333335,,,,
train_episode,570000,15.437866666666665,0.09946666666666665,,,,
eval,570000,,,,,25.494186666666675,0.1663765333333334
train_episode,570150,27.504000000000005,0.18029866666666672,,,,
train_episode,570300,45.13919999999999,0.29783466666666675,,,,
train_episode,570450,36.103466666666655,0.23743999999999998,,,,
train_episode,570600,28.13653333333334,0.18437333333333342,,,,
train_episode,570750,21.422933333333333,0.13916800000000007,,,,
train_episode,570900,24.06986666666665,0.15675733333333325,,,,
train_episode,571050,21.116266666666668,0.1373866666666668,,,,
train_episode,571200,17.036800000000003,0.11013333333333336,,,,
train_episode,571350,11.513600000000004,0.07320533333333336,,,,
train_episode,571500,4.8666666666666645,0.02894933333333332,,,,
train_episode,571650,10.53866666666667,0.06661333333333336,,,,
train_episode,571800,8.185066666666662,0.05091199999999998,,,,
train_episode,571950,5.258133333333333,0.031904,,,,
train_episode,572100,5.082133333333335,0.03047466666666668,,,,
train_episode,572250,7.266666666666667,0.045152,,,,
train_episode,572400,6.6517333333333335,0.041034666666666664,,,,
train_episode,572550,7.985066666666666,0.049503999999999986,,,,
train_episode,572700,7.082666666666666,0.04381866666666665,,,,
train_episode,572850,9.3408,0.05872000000000002,,,,
train_episode,573000,18.09493333333334,0.11696000000000012,,,,
train_episode,573150,17.501333333333356,0.1131946666666668,,,,
train_episode,573300,24.01493333333331,0.15647999999999987,,,,
train_episode,573450,14.348266666666676,0.09217066666666665,,,,
train_episode,573600,25.115199999999984,0.16410666666666657,,,,
train_episode,573750,30.1728,0.19792000000000004,,,,
train_episode,573900,17.095999999999993,0.1104213333333333,,,,
train_episode,574050,6.141333333333332,0.037728000000000005,,,,
train_episode,574200,9.398399999999995,0.05894399999999999,,,,
train_episode,574350,5.651200000000005,0.034378666666666696,,,,
train_episode,574500,19.14506666666668,0.12413866666666669,,,,
train_episode,574650,10.235199999999987,0.06471466666666659,,,,
train_episode,574800,8.131199999999994,0.05090133333333333,,,,
train_episode,574950,14.519466666666649,0.09316266666666652,,,,
train_episode,575100,5.434133333333331,0.03282133333333332,,,,
train_episode,575250,12.14026666666666,0.07770666666666656,,,,
train_episode,575400,14.68533333333334,0.09436800000000001,,,,
train_episode,575550,20.89013333333334,0.13566933333333334,,,,
train_episode,575700,9.645866666666661,0.06079999999999997,,,,
train_episode,575850,7.808,0.04867200000000001,,,,
train_episode,576000,9.45119999999999,0.05962666666666661,,,,
eval,576000,,,,,8.880213333333325,0.05576106666666664
train_episode,576150,8.557333333333336,0.05366399999999999,,,,
train_episode,576300,16.013333333333343,0.102848,,,,
train_episode,576450,7.281600000000003,0.04526933333333334,,,,
train_episode,576600,6.657066666666665,0.041151999999999994,,,,
train_episode,576750,4.638933333333334,0.027765333333333343,,,,
train_episode,576900,30.82240000000001,0.20219733333333334,,,,
train_episode,577050,13.874666666666657,0.08873599999999997,,,,
train_episode,577200,8.460799999999997,0.05264,,,,
train_episode,577350,6.164800000000001,0.037792000000000006,,,,
train_episode,577500,5.357866666666665,0.03233066666666667,,,,
train_episode,577650,7.996800000000001,0.04990933333333334,,,,
train_episode,577800,8.723733333333323,0.05461333333333331,,,,
train_episode,577950,5.625066666666665,0.034047999999999995,,,,
train_episode,578100,6.538133333333332,0.04013866666666665,,,,
train_episode,578250,11.886933333333324,0.07577599999999993,,,,
train_episode,578400,12.327999999999998,0.07883733333333329,,,,
train_episode,578550,8.459199999999989,0.052992,,,,
train_episode,578700,8.019733333333331,0.05004800000000001,,,,
train_episode,578850,12.564266666666661,0.0803946666666666,,,,
train_episode,579000,8.359466666666663,0.052234666666666686,,,,
train_episode,579150,8.676799999999998,0.05416533333333336,,,,
train_episode,579300,7.9909333333333326,0.04974933333333333,,,,
train_episode,579450,11.074133333333323,0.07030399999999994,,,,
train_episode,579600,11.340266666666665,0.0720853333333333,,,,
train_episode,579750,8.003200000000003,0.04976,,,,
train_episode,579900,9.793066666666668,0.0619626666666667,,,,
train_episode,580050,9.622399999999992,0.06060799999999995,,,,
train_episode,580200,8.513066666666663,0.05338666666666667,,,,
train_episode,580350,6.268800000000003,0.038282666666666694,,,,
train_episode,580500,12.731733333333343,0.081408,,,,
train_episode,580650,16.34186666666667,0.10540799999999993,,,,
train_episode,580800,10.439999999999996,0.06634666666666662,,,,
train_episode,580950,15.604266666666655,0.1001706666666666,,,,
train_episode,581100,7.537066666666665,0.046634666666666665,,,,
train_episode,581250,14.481600000000002,0.09282133333333335,,,,
train_episode,581400,15.9904,0.10327466666666667,,,,
train_episode,581550,17.806399999999982,0.11538133333333318,,,,
train_episode,581700,13.431999999999992,0.08585599999999992,,,,
train_episode,581850,11.173866666666662,0.07097599999999996,,,,
train_episode,582000,28.403200000000002,0.18598400000000004,,,,
eval,582000,,,,,34.71882666666666,0.22833493333333332
train_episode,582150,26.482666666666663,0.17268266666666662,,,,
train_episode,582300,14.028799999999977,0.08982399999999983,,,,
train_episode,582450,14.885866666666665,0.09548799999999999,,,,
train_episode,582600,21.13120000000002,0.1374186666666668,,,,
train_episode,582750,16.641599999999993,0.10719999999999999,,,,
train_episode,582900,8.012266666666667,0.049877333333333336,,,,
train_episode,583050,20.6416,0.13407999999999995,,,,
train_episode,583200,18.383466666666656,0.11868799999999993,,,,
train_episode,583350,8.761600000000008,0.05494400000000005,,,,
train_episode,583500,9.438933333333333,0.059093333333333324,,,,
train_episode,583650,9.12639999999998,0.057205333333333226,,,,
train_episode,583800,10.002666666666675,0.0631573333333334,,,,
train_episode,583950,15.917333333333337,0.10279466666666667,,,,
train_episode,584100,15.736,0.10110933333333337,,,,
train_episode,584250,16.083733333333324,0.10346666666666664,,,,
train_episode,584400,15.428799999999999,0.09914666666666658,,,,
train_episode,584550,15.062400000000007,0.09677866666666671,,,,
train_episode,584700,38.84799999999999,0.25587199999999993,,,,
train_episode,584850,34.72000000000001,0.22823466666666684,,,,
train_episode,585000,16.2592,0.104864,,,,
train_episode,585150,9.896000000000004,0.06270933333333337,,,,
train_episode,585300,12.020266666666657,0.07658666666666661,,,,
train_episode,585450,14.268266666666662,0.09162666666666665,,,,
train_episode,585600,10.050666666666677,0.06368000000000001,,,,
train_episode,585750,11.305600000000004,0.07168,,,,
train_episode,585900,12.847466666666657,0.08195199999999994,,,,
train_episode,586050,8.38079999999999,0.052256,,,,
train_episode,586200,7.803199999999999,0.04853333333333334,,,,
train_episode,586350,6.993066666666668,0.04321066666666668,,,,
train_episode,586500,10.910933333333327,0.06900266666666663,,,,
train_episode,586650,6.164799999999999,0.037834666666666676,,,,
train_episode,586800,6.008000000000003,0.03684266666666668,,,,
train_episode,586950,6.459199999999998,0.03968,,,,
train_episode,587100,6.6208,0.04059733333333334,,,,
train_episode,587250,10.38346666666667,0.06577066666666667,,,,
train_episode,587400,8.522666666666666,0.05333333333333333,,,,
train_episode,587550,8.820266666666658,0.05529599999999997,,,,
train_episode,587700,10.273599999999991,0.06495999999999989,,,,
train_episode,587850,6.758933333333328,0.04155733333333331,,,,
train_episode,588000,6.988799999999999,0.04318933333333332,,,,
eval,588000,,,,,12.211519999999995,0.07780479999999997
train_episode,588150,13.958399999999994,0.08955733333333325,,,,
train_episode,588300,23.206400000000023,0.15101866666666677,,,,
train_episode,588450,21.92106666666668,0.1421546666666667,,,,
train_episode,588600,10.134399999999982,0.06409599999999988,,,,
train_episode,588750,10.907199999999992,0.0694613333333333,,,,
train_episode,588900,9.294933333333327,0.058559999999999966,,,,
train_episode,589050,7.086399999999999,0.043882666666666674,,,,
train_episode,589200,5.2464,0.03180799999999999,,,,
train_episode,589350,4.123199999999999,0.023978666666666672,,,,
train_episode,589500,4.536533333333333,0.027061333333333337,,,,
train_episode,589650,4.833599999999998,0.02873599999999998,,,,
train_episode,589800,6.608533333333335,0.04054400000000002,,,,
train_episode,589950,9.279999999999996,0.05836799999999997,,,,
train_episode,590100,5.427733333333336,0.03298133333333334,,,,
train_episode,590250,16.329600000000003,0.10511999999999999,,,,
train_episode,590400,13.431999999999999,0.08591999999999998,,,,
train_episode,590550,12.779199999999996,0.08178133333333328,,,,
train_episode,590700,6.694933333333333,0.04122666666666666,,,,
train_episode,590850,7.282133333333331,0.04521599999999998,,,,
train_episode,591000,4.668800000000001,0.027882666666666674,,,,
train_episode,591150,9.24,0.05799466666666666,,,,
train_episode,591300,9.0,0.05640533333333335,,,,
train_episode,591450,4.7184,0.028309333333333325,,,,
train_episode,591600,11.259733333333326,0.07141333333333327,,,,
train_episode,591750,7.454933333333331,0.04626133333333332,,,,
train_episode,591900,12.970666666666668,0.082752,,,,
train_episode,592050,12.803200000000002,0.08180266666666663,,,,
train_episode,592200,6.2069333333333345,0.03794133333333333,,,,
train_episode,592350,12.813866666666659,0.08191999999999992,,,,
train_episode,592500,10.239466666666662,0.06497066666666663,,,,
train_episode,592650,7.323733333333334,0.04526933333333334,,,,
train_episode,592800,4.764800000000001,0.028544,,,,
train_episode,592950,7.796266666666656,0.04866133333333328,,,,
train_episode,593100,9.500266666666656,0.059711999999999946,,,,
train_episode,593250,6.884266666666668,0.04253866666666667,,,,
train_episode,593400,8.803733333333339,0.055328,,,,
train_episode,593550,5.737599999999999,0.03491199999999999,,,,
train_episode,593700,7.4735999999999985,0.04635733333333333,,,,
train_episode,593850,4.5797333333333325,0.027295999999999997,,,,
train_episode,594000,5.8277333333333345,0.03554133333333334,,,,
eval,594000,,,,,6.079893333333333,0.0372672
train_episode,594150,6.5946666666666625,0.040682666666666645,,,,
train_episode,594300,8.581333333333326,0.053792,,,,
train_episode,594450,11.297600000000001,0.07182933333333331,,,,
train_episode,594600,9.035733333333333,0.05663999999999998,,,,
train_episode,594750,6.665066666666666,0.04094933333333334,,,,
train_episode,594900,9.572266666666662,0.06018133333333332,,,,
train_episode,595050,7.576533333333331,0.04717866666666667,,,,
train_episode,595200,6.211199999999998,0.03804799999999999,,,,
train_episode,595350,10.981866666666667,0.06963199999999999,,,,
train_episode,595500,28.92693333333331,0.18936533333333322,,,,
train_episode,595650,22.565866666666675,0.14695466666666673,,,,
train_episode,595800,17.989866666666657,0.11636266666666661,,,,
train_episode,595950,18.054400000000005,0.11653333333333338,,,,
train_episode,596100,8.785599999999999,0.05517866666666664,,,,
train_episode,596250,12.018133333333308,0.07636266666666648,,,,
train_episode,596400,17.858133333333328,0.1151466666666666,,,,
train_episode,596550,11.61386666666665,0.07420799999999991,,,,
train_episode,596700,15.18986666666666,0.09788799999999993,,,,
train_episode,596850,9.84693333333333,0.062048,,,,
train_episode,597000,10.435199999999995,0.06598399999999997,,,,
train_episode,597150,11.727999999999987,0.07449599999999991,,,,
train_episode,597300,13.790933333333326,0.08804266666666664,,,,
train_episode,597450,11.873599999999996,0.07573333333333332,,,,
train_episode,597600,6.895999999999999,0.042613333333333336,,,,
train_episode,597750,10.158933333333323,0.0642879999999999,,,,
train_episode,597900,12.148266666666675,0.07730133333333339,,,,
train_episode,598050,10.039466666666664,0.06303999999999998,,,,
train_episode,598200,9.80533333333332,0.061738666666666595,,,,
train_episode,598350,17.83733333333333,0.11543466666666664,,,,
train_episode,598500,9.599466666666663,0.06070399999999997,,,,
train_episode,598650,15.470400000000001,0.09959466666666666,,,,
train_episode,598800,12.4672,0.07977599999999999,,,,
train_episode,598950,6.394133333333334,0.039327999999999995,,,,
train_episode,599100,7.89493333333333,0.04921599999999999,,,,
train_episode,599250,6.6304000000000025,0.040704000000000025,,,,
train_episode,599400,9.487466666666666,0.05994666666666666,,,,
train_episode,599550,12.437333333333337,0.07921066666666668,,,,
train_episode,599700,10.110399999999979,0.06398933333333315,,,,
train_episode,599850,12.936533333333323,0.08261333333333326,,,,
train_episode,600000,9.7632,0.0615893333333333,,,,
eval,600000,,,,,12.428479999999992,0.07941546666666661
