type,step,episode_reward,mean_episode_fC,actor_loss,critic_loss,eval_reward,eval_mean_fC
train_episode,150,1.5520000000000005,0.0070933333333333334,,,,
train_episode,300,2.0831999999999993,0.010656000000000004,,,,
train_episode,450,1.4416000000000002,0.0063360000000000005,,,,
train_episode,600,5.471466666666665,0.03305600000000001,,,,
train_episode,750,1.0608000000000002,0.003925333333333334,,,,
train_episode,900,1.3600000000000003,0.0057280000000000005,,,,
train_episode,1050,2.5087999999999995,0.013237333333333332,,,,
train_episode,1200,1.3471999999999997,0.0056106666666666674,,,,
train_episode,1350,2.0319999999999996,0.009930666666666666,,,,
train_episode,1500,2.689599999999999,0.014805333333333332,,,,
train_episode,1650,6.362133333333333,0.039125333333333324,,,,
train_episode,1800,1.3408,0.005749333333333334,,,,
train_episode,1950,2.699199999999999,0.014709333333333333,,,,
train_episode,2100,2.3487999999999998,0.012330666666666665,,,,
train_episode,2250,4.3728,0.025952000000000013,,,,
train_episode,2400,2.5823999999999994,0.013887999999999996,,,,
train_episode,2550,1.9776,0.009706666666666666,,,,
train_episode,2700,1.5168000000000004,0.006816000000000002,,,,
train_episode,2850,1.8512,0.009152,,,,
train_episode,3000,2.8432,0.015637333333333333,,,,
eval,3000,,,,,3.7609599999999994,0.021702399999999993
train_episode,3150,1.3184,0.005674666666666667,,,,
train_episode,3300,3.5232000000000014,0.020298666666666673,,,,
train_episode,3450,13.779200000000003,0.08914133333333335,,,,
train_episode,3600,4.463999999999999,0.026304000000000004,,,,
train_episode,3750,1.4032000000000002,0.006090666666666666,,,,
train_episode,3900,2.5696000000000008,0.013781333333333331,,,,
train_episode,4050,2.948800000000001,0.016224000000000006,,,,
train_episode,4200,1.8384000000000005,0.008992000000000002,,,,
train_episode,4350,1.488,0.006783999999999999,,,,
train_episode,4500,4.1872,0.024437333333333332,,,,
train_episode,4650,3.7397333333333345,0.021770666666666667,,,,
train_episode,4800,1.6464000000000005,0.007722666666666666,,,,
train_episode,4950,2.7152,0.014357333333333333,,,,
train_episode,5100,2.5909333333333335,0.014112,,,,
train_episode,5250,3.0991999999999997,0.017162666666666666,,,,
train_episode,5400,12.18826666666666,0.07784533333333328,,,,
train_episode,5550,10.678399999999998,0.06815999999999998,,,,
train_episode,5700,2.9349333333333334,0.016213333333333333,,,,
train_episode,5850,2.734399999999999,0.015114666666666665,,,,
train_episode,6000,2.644800000000002,0.014346666666666674,,,,
eval,6000,,,,,3.7599999999999993,0.02172799999999999
train_episode,6150,6.6885333333333366,0.04135466666666669,,,,
train_episode,6300,14.380799999999994,0.09233066666666664,,,,
train_episode,6450,19.046933333333335,0.12487466666666665,,,,
train_episode,6600,2.1168,0.010730666666666668,,,,
train_episode,6750,9.862933333333336,0.06257066666666666,,,,
train_episode,6900,1.2320000000000002,0.0051199999999999996,,,,
train_episode,7050,3.6048000000000004,0.020608000000000008,,,,
train_episode,7200,5.429333333333332,0.03268266666666666,,,,
train_episode,7350,3.5232000000000023,0.02011733333333334,,,,
train_episode,7500,2.3439999999999994,0.012074666666666666,,,,
train_episode,7650,15.303999999999995,0.09902933333333332,,,,
train_episode,7800,1.7232,0.008362666666666668,,,,
train_episode,7950,3.8208000000000006,0.022016,,,,
train_episode,8100,3.451199999999999,0.019648,,,,
train_episode,8250,3.046399999999999,0.016917333333333333,,,,
train_episode,8400,1.1119999999999999,0.004437333333333333,,,,
train_episode,8550,1.9376000000000002,0.009504000000000002,,,,
train_episode,8700,1.3184000000000002,0.0052906666666666675,,,,
train_episode,8850,1.5951999999999997,0.007477333333333333,,,,
train_episode,9000,4.3610666666666695,0.025856000000000018,,,,
eval,9000,,,,,4.15648,0.02436906666666667
train_episode,9150,1.6512000000000002,0.007818666666666666,,,,
train_episode,9300,3.4431999999999974,0.01971199999999999,,,,
train_episode,9450,1.9327999999999999,0.009461333333333335,,,,
train_episode,9600,5.2943999999999996,0.03225599999999999,,,,
train_episode,9750,1.6096000000000001,0.007392000000000002,,,,
train_episode,9900,3.390400000000002,0.01940266666666667,,,,
train_episode,10050,1.7168000000000005,0.007893333333333334,,,,
train_episode,10200,4.216000000000002,0.02469333333333334,,,,
train_episode,10350,3.1194666666666664,0.017408,,,,
train_episode,10500,2.826133333333333,0.015424,,,,
train_episode,10650,3.5183999999999993,0.02002133333333333,,,,
train_episode,10800,3.543999999999999,0.020138666666666662,,,,
train_episode,10950,2.8309333333333324,0.015562666666666664,,,,
train_episode,11100,3.3381333333333325,0.019050666666666664,,,,
train_episode,11250,3.726933333333333,0.021290666666666666,,,,
train_episode,11400,2.5573333333333337,0.013663999999999999,,,,
train_episode,11550,2.3712,0.012479999999999998,,,,
train_episode,11700,4.492800000000001,0.02637866666666666,,,,
train_episode,11850,4.667733333333334,0.027648,,,,
train_episode,12000,4.0592,0.023786666666666664,,,,
eval,12000,,,,,3.452373333333333,0.019667200000000003
train_episode,12150,2.6143999999999994,0.014421333333333335,,,,
train_episode,12300,3.242666666666666,0.018090666666666668,,,,
train_episode,12450,3.8266666666666653,0.021973333333333327,,,,
train_episode,12600,2.9861333333333335,0.016554666666666676,,,,
train_episode,12750,4.829866666666668,0.028714666666666673,,,,
train_episode,12900,3.1696000000000004,0.017728,,,,
train_episode,13050,2.6037333333333335,0.014154666666666668,,,,
train_episode,13200,5.122666666666668,0.030890666666666674,,,,
train_episode,13350,3.363200000000001,0.019146666666666673,,,,
train_episode,13500,2.648533333333334,0.014400000000000001,,,,
train_episode,13650,3.473600000000001,0.019658666666666675,,,,
train_episode,13800,2.6442666666666663,0.014271999999999996,,,,
train_episode,13950,3.089066666666666,0.017408,,,,
train_episode,14100,3.754666666666667,0.02154666666666667,,,,
train_episode,14250,2.7088000000000005,0.014794666666666666,,,,
train_episode,14400,3.517333333333333,0.02021333333333333,,,,
train_episode,14550,5.070400000000002,0.030368000000000006,,,,
train_episode,14700,9.453866666666668,0.05964800000000004,,,,
train_episode,14850,9.715199999999992,0.06170666666666663,,,,
train_episode,15000,18.372799999999984,0.11953066666666658,,,,
eval,15000,,,,,21.295680000000015,0.13901013333333342
train_episode,15150,33.77546666666668,0.2223786666666668,,,,
train_episode,15300,28.625066666666633,0.18737066666666644,,,,
train_episode,15450,20.583466666666666,0.13335466666666657,,,,
train_episode,15600,22.324266666666645,0.14417066666666656,,,,
train_episode,15750,20.21066666666667,0.1301973333333334,,,,
train_episode,15900,19.636266666666685,0.12707200000000005,,,,
train_episode,16050,21.58399999999999,0.14024533333333328,,,,
train_episode,16200,20.45173333333334,0.13316266666666673,,,,
train_episode,16350,20.085866666666654,0.13086933333333325,,,,
train_episode,16500,21.773333333333305,0.14219733333333318,,,,
train_episode,16650,22.32373333333332,0.14568533333333325,,,,
train_episode,16800,20.851733333333335,0.13568000000000002,,,,
train_episode,16950,19.517866666666684,0.1269546666666668,,,,
train_episode,17100,18.57173333333334,0.121024,,,,
train_episode,17250,20.963199999999997,0.13637333333333332,,,,
train_episode,17400,17.923200000000016,0.11662933333333339,,,,
train_episode,17550,18.79733333333335,0.1221120000000001,,,,
train_episode,17700,19.466666666666665,0.12676266666666666,,,,
train_episode,17850,22.160533333333344,0.1447893333333334,,,,
train_episode,18000,19.5296,0.1270933333333333,,,,
eval,18000,,,,,21.84821333333333,0.14261973333333336
train_episode,18150,20.716800000000003,0.13530666666666671,,,,
train_episode,18300,22.887999999999987,0.14958933333333324,,,,
train_episode,18450,18.886400000000005,0.12279466666666673,,,,
train_episode,18600,22.026666666666635,0.14393599999999981,,,,
train_episode,18750,22.126399999999993,0.14438399999999998,,,,
train_episode,18900,22.32053333333334,0.14570666666666673,,,,
train_episode,19050,22.259200000000007,0.14548266666666673,,,,
train_episode,19200,25.92906666666667,0.16951466666666676,,,,
train_episode,19350,24.634666666666668,0.16146133333333335,,,,
train_episode,19500,18.030933333333337,0.11722666666666666,,,,
train_episode,19650,24.34559999999999,0.15977599999999992,,,,
train_episode,19800,24.225066666666677,0.15790933333333343,,,,
train_episode,19950,26.392533333333336,0.17245866666666673,,,,
train_episode,20100,26.86720000000002,0.17553066666666692,,,,
train_episode,20250,23.850666666666648,0.15588266666666659,,,,
train_episode,20400,23.685866666666676,0.15458133333333338,,,,
train_episode,20550,28.72106666666666,0.18835200000000007,,,,
train_episode,20700,22.897066666666667,0.14964266666666667,,,,
train_episode,20850,19.089066666666668,0.12417066666666668,,,,
train_episode,21000,21.848000000000027,0.1422186666666669,,,,
eval,21000,,,,,28.17386666666666,0.18446293333333333
train_episode,21150,23.365866666666683,0.1524693333333334,,,,
train_episode,21300,28.169600000000003,0.1847573333333334,,,,
train_episode,21450,30.392533333333354,0.19918933333333344,,,,
train_episode,21600,13.87893333333334,0.08993066666666671,,,,
train_episode,21750,28.40586666666665,0.18611199999999992,,,,
train_episode,21900,21.030933333333333,0.13715199999999997,,,,
train_episode,22050,22.82560000000002,0.14894933333333352,,,,
train_episode,22200,17.807466666666663,0.11625600000000001,,,,
train_episode,22350,23.66079999999999,0.15475199999999997,,,,
train_episode,22500,16.42399999999999,0.10616533333333328,,,,
train_episode,22650,28.05386666666667,0.18356266666666668,,,,
train_episode,22800,20.920533333333342,0.1365546666666667,,,,
train_episode,22950,20.46400000000001,0.13370666666666675,,,,
train_episode,23100,33.35840000000001,0.2188906666666667,,,,
train_episode,23250,20.959466666666653,0.13709866666666662,,,,
train_episode,23400,22.64266666666667,0.14823466666666674,,,,
train_episode,23550,20.9648,0.13650133333333336,,,,
train_episode,23700,27.03786666666668,0.17733333333333345,,,,
train_episode,23850,26.820799999999988,0.17642666666666662,,,,
train_episode,24000,12.713066666666663,0.08186666666666664,,,,
eval,24000,,,,,23.12256,0.15124480000000004
train_episode,24150,18.491200000000017,0.12030933333333342,,,,
train_episode,24300,15.394666666666675,0.10006400000000006,,,,
train_episode,24450,14.52853333333333,0.09386666666666664,,,,
train_episode,24600,14.388266666666656,0.09307733333333325,,,,
train_episode,24750,17.970133333333337,0.1170453333333334,,,,
train_episode,24900,21.995733333333344,0.1436160000000001,,,,
train_episode,25050,13.386666666666668,0.08640000000000005,,,,
train_episode,25200,13.912533333333336,0.08962133333333333,,,,
train_episode,25350,19.940800000000007,0.13009066666666672,,,,
train_episode,25500,13.516800000000002,0.086976,,,,
train_episode,25650,14.718933333333329,0.0953493333333333,,,,
train_episode,25800,21.16639999999999,0.1381546666666666,,,,
train_episode,25950,15.252800000000004,0.09881599999999997,,,,
train_episode,26100,10.165866666666673,0.06514133333333338,,,,
train_episode,26250,20.464533333333332,0.13371733333333333,,,,
train_episode,26400,22.202133333333318,0.1451733333333333,,,,
train_episode,26550,16.07093333333333,0.10425599999999995,,,,
train_episode,26700,21.72426666666667,0.14206933333333335,,,,
train_episode,26850,18.5712,0.12074666666666665,,,,
train_episode,27000,19.397866666666662,0.12633599999999998,,,,
eval,27000,,,,,14.962239999999998,0.09671253333333331
train_episode,27150,17.26079999999999,0.11188266666666663,,,,
train_episode,27300,8.280000000000001,0.052053333333333354,,,,
train_episode,27450,16.621866666666662,0.10781866666666663,,,,
train_episode,27600,13.930133333333329,0.09000533333333333,,,,
train_episode,27750,16.614399999999993,0.10754133333333331,,,,
train_episode,27900,15.615466666666663,0.10081066666666665,,,,
train_episode,28050,15.865066666666674,0.10298666666666674,,,,
train_episode,28200,16.17706666666667,0.10482133333333332,,,,
train_episode,28350,17.949333333333335,0.11641600000000002,,,,
train_episode,28500,13.499200000000009,0.08718933333333338,,,,
train_episode,28650,14.263466666666668,0.09180800000000004,,,,
train_episode,28800,19.35839999999997,0.12588799999999986,,,,
train_episode,28950,17.132266666666677,0.11159466666666672,,,,
train_episode,29100,16.567999999999987,0.10758399999999994,,,,
train_episode,29250,16.775999999999996,0.10891733333333327,,,,
train_episode,29400,16.373866666666675,0.10602666666666674,,,,
train_episode,29550,16.2512,0.10514133333333334,,,,
train_episode,29700,14.412266666666666,0.09333333333333335,,,,
train_episode,29850,17.020799999999998,0.11029333333333331,,,,
train_episode,30000,13.630399999999998,0.08802133333333333,,,,
eval,30000,,,,,13.397440000000003,0.08631893333333338
train_episode,30150,11.41226666666666,0.07286399999999997,,,,
train_episode,30300,13.917866666666665,0.08964266666666666,,,,
train_episode,30450,15.81866666666666,0.10268799999999995,,,,
train_episode,30600,1.7482666666666666,0.008458666666666666,,,,
train_episode,30750,12.676800000000009,0.08138666666666673,,,,
train_episode,30900,14.150399999999998,0.09130666666666665,,,,
train_episode,31050,11.68426666666667,0.07502933333333335,,,,
train_episode,31200,2.312,0.011871999999999999,,,,
train_episode,31350,18.761599999999998,0.12181333333333333,,,,
train_episode,31500,11.235733333333345,0.07177600000000006,,,,
train_episode,31650,16.18773333333333,0.10484266666666665,,,,
train_episode,31800,10.063999999999998,0.06408533333333336,,,,
train_episode,31950,13.827199999999984,0.08874666666666661,,,,
train_episode,32100,12.153600000000003,0.07795200000000001,,,,
train_episode,32250,9.02453333333334,0.05717333333333338,,,,
train_episode,32400,10.357333333333338,0.06630400000000004,,,,
train_episode,32550,13.789333333333326,0.08872533333333331,,,,
train_episode,32700,14.6864,0.09511466666666671,,,,
train_episode,32850,11.004266666666668,0.070656,,,,
train_episode,33000,12.723733333333335,0.08172800000000001,,,,
eval,33000,,,,,12.495680000000002,0.0801728
train_episode,33150,13.851733333333339,0.08931200000000004,,,,
train_episode,33300,12.778666666666664,0.08213333333333332,,,,
train_episode,33450,14.26026666666667,0.09218133333333338,,,,
train_episode,33600,15.085333333333335,0.09746133333333336,,,,
train_episode,33750,9.996800000000004,0.06382933333333335,,,,
train_episode,33900,14.398400000000006,0.0931946666666667,,,,
train_episode,34050,10.836266666666665,0.06916266666666665,,,,
train_episode,34200,8.524266666666668,0.054069333333333344,,,,
train_episode,34350,10.70773333333334,0.06840533333333339,,,,
train_episode,34500,11.56426666666666,0.07423999999999994,,,,
train_episode,34650,9.764266666666668,0.06232533333333335,,,,
train_episode,34800,12.997866666666672,0.08355200000000007,,,,
train_episode,34950,12.241600000000005,0.07830400000000004,,,,
train_episode,35100,11.982399999999995,0.07675733333333332,,,,
train_episode,35250,12.528533333333344,0.08045866666666675,,,,
train_episode,35400,13.33173333333334,0.08588800000000003,,,,
train_episode,35550,8.02986666666667,0.050592000000000026,,,,
train_episode,35700,11.65653333333334,0.07461333333333335,,,,
train_episode,35850,12.4672,0.07994666666666667,,,,
train_episode,36000,11.619733333333334,0.07428266666666668,,,,
eval,36000,,,,,12.340800000000002,0.07918506666666668
train_episode,36150,12.67306666666667,0.08120533333333337,,,,
train_episode,36300,10.688533333333334,0.06818133333333336,,,,
train_episode,36450,11.812266666666675,0.07522133333333338,,,,
train_episode,36600,5.169066666666667,0.03115733333333333,,,,
train_episode,36750,4.768533333333336,0.028245333333333338,,,,
train_episode,36900,2.8224,0.015626666666666664,,,,
train_episode,37050,19.587200000000006,0.12793600000000002,,,,
train_episode,37200,9.065066666666674,0.05719466666666669,,,,
train_episode,37350,10.845333333333327,0.06887466666666665,,,,
train_episode,37500,17.112000000000005,0.11059199999999997,,,,
train_episode,37650,15.901333333333332,0.10221866666666661,,,,
train_episode,37800,26.842666666666666,0.17588266666666666,,,,
train_episode,37950,33.86400000000001,0.22276266666666672,,,,
train_episode,38100,21.012799999999988,0.1371199999999999,,,,
train_episode,38250,49.10293333333333,0.3250986666666667,,,,
train_episode,38400,65.89493333333334,0.4384106666666668,,,,
train_episode,38550,71.96639999999998,0.4802560000000002,,,,
train_episode,38700,70.0005333333334,0.46552533333333346,,,,
train_episode,38850,51.587733333333354,0.34191999999999995,,,,
train_episode,39000,59.55253333333331,0.39640533333333333,,,,
eval,39000,,,,,111.95957333333335,0.7481791999999999
train_episode,39150,74.7274666666667,0.498336,,,,
train_episode,39300,87.69226666666665,0.5843626666666666,,,,
train_episode,39450,75.72426666666667,0.5053866666666668,,,,
train_episode,39600,100.30879999999996,0.6688000000000002,,,,
train_episode,39750,81.58133333333332,0.5431573333333332,,,,
train_episode,39900,93.48320000000005,0.6230720000000002,,,,
train_episode,40050,111.14613333333331,0.7419306666666663,,,,
train_episode,40200,91.33013333333334,0.6090026666666669,,,,
train_episode,40350,107.10666666666667,0.7138026666666666,,,,
train_episode,40500,81.73866666666667,0.5448746666666665,,,,
train_episode,40650,83.0688,0.5539839999999997,,,,
train_episode,40800,84.98400000000001,0.5668266666666668,,,,
train_episode,40950,58.441066666666664,0.38922666666666683,,,,
train_episode,41100,43.01599999999999,0.2837333333333332,,,,
train_episode,41250,44.406399999999984,0.2945599999999999,,,,
train_episode,41400,45.43199999999999,0.30055466666666675,,,,
train_episode,41550,17.42026666666668,0.11290666666666674,,,,
train_episode,41700,18.167466666666666,0.11748266666666668,,,,
train_episode,41850,3.1381333333333337,0.01771733333333333,,,,
train_episode,42000,4.978133333333334,0.02973866666666667,,,,
eval,42000,,,,,5.60704,0.03385600000000001
train_episode,42150,4.392533333333331,0.02586666666666667,,,,
train_episode,42300,3.7061333333333324,0.021344,,,,
train_episode,42450,2.8853333333333344,0.015946666666666682,,,,
train_episode,42600,3.0496000000000008,0.017002666666666673,,,,
train_episode,42750,2.551466666666667,0.013610666666666668,,,,
train_episode,42900,2.9696000000000007,0.016256000000000007,,,,
train_episode,43050,2.6421333333333332,0.014165333333333334,,,,
train_episode,43200,1.8997333333333333,0.009461333333333334,,,,
train_episode,43350,2.9487999999999985,0.01618133333333333,,,,
train_episode,43500,3.134400000000001,0.01748266666666667,,,,
train_episode,43650,2.983466666666668,0.016394666666666675,,,,
train_episode,43800,3.3610666666666655,0.019264,,,,
train_episode,43950,2.745600000000001,0.014805333333333328,,,,
train_episode,44100,3.1946666666666674,0.017845333333333338,,,,
train_episode,44250,3.9039999999999995,0.02256,,,,
train_episode,44400,6.308800000000004,0.0382506666666667,,,,
train_episode,44550,3.4117333333333337,0.019264000000000003,,,,
train_episode,44700,5.95253333333333,0.036149333333333325,,,,
train_episode,44850,5.644266666666661,0.03415466666666664,,,,
train_episode,45000,7.377066666666662,0.04548266666666666,,,,
eval,45000,,,,,5.903893333333333,0.03585706666666667
train_episode,45150,6.309866666666668,0.03835733333333334,,,,
train_episode,45300,6.366399999999999,0.03885866666666666,,,,
train_episode,45450,6.604799999999999,0.040352,,,,
train_episode,45600,6.97866666666667,0.04304,,,,
train_episode,45750,8.382399999999988,0.052469333333333326,,,,
train_episode,45900,12.726933333333328,0.0813973333333333,,,,
train_episode,46050,8.42079999999999,0.052864,,,,
train_episode,46200,11.16586666666666,0.07073066666666661,,,,
train_episode,46350,6.482666666666669,0.039861333333333346,,,,
train_episode,46500,9.457600000000001,0.059605333333333316,,,,
train_episode,46650,11.344533333333326,0.07174399999999993,,,,
train_episode,46800,11.7936,0.07475200000000001,,,,
train_episode,46950,11.85013333333333,0.07536,,,,
train_episode,47100,21.69119999999999,0.14085333333333327,,,,
train_episode,47250,65.85760000000003,0.43730133333333326,,,,
train_episode,47400,24.907200000000007,0.16279466666666673,,,,
train_episode,47550,8.385066666666663,0.05225599999999999,,,,
train_episode,47700,26.971200000000007,0.17667200000000005,,,,
train_episode,47850,40.03359999999997,0.26367999999999975,,,,
train_episode,48000,54.70986666666668,0.36342399999999986,,,,
eval,48000,,,,,49.00138666666669,0.32370773333333336
train_episode,48150,69.77333333333334,0.46283733333333343,,,,
train_episode,48300,36.00053333333335,0.23697066666666666,,,,
train_episode,48450,58.816533333333325,0.38998399999999983,,,,
train_episode,48600,44.623999999999974,0.2949439999999999,,,,
train_episode,48750,61.5594666666667,0.4080639999999998,,,,
train_episode,48900,27.49013333333335,0.18022400000000013,,,,
train_episode,49050,21.191999999999986,0.13761066666666655,,,,
train_episode,49200,28.11946666666666,0.18443733333333331,,,,
train_episode,49350,32.6304,0.21476266666666666,,,,
train_episode,49500,70.70453333333333,0.46985600000000016,,,,
train_episode,49650,68.90026666666667,0.4585493333333333,,,,
train_episode,49800,51.83466666666664,0.341824,,,,
train_episode,49950,59.281066666666646,0.39289599999999986,,,,
train_episode,50100,29.246400000000033,0.1921386666666668,,,,
train_episode,50250,55.57546666666665,0.3687039999999999,,,,
train_episode,50400,48.6469333333333,0.3213226666666666,,,,
train_episode,50550,32.362133333333325,0.21323733333333325,,,,
train_episode,50700,49.4181333333333,0.3260373333333334,,,,
train_episode,50850,41.53173333333333,0.27411199999999986,,,,
train_episode,51000,48.28106666666667,0.3186453333333334,,,,
eval,51000,,,,,19.820906666666666,0.12851626666666663
train_episode,51150,45.43306666666671,0.30057599999999995,,,,
train_episode,51300,50.794133333333306,0.33566933333333315,,,,
train_episode,51450,58.51146666666671,0.3876160000000002,,,,
train_episode,51600,71.98133333333332,0.47890133333333335,,,,
train_episode,51750,52.26026666666667,0.3463253333333333,,,,
train_episode,51900,22.351999999999983,0.1457706666666666,,,,
train_episode,52050,29.797866666666653,0.1957759999999999,,,,
train_episode,52200,36.04853333333331,0.23830399999999982,,,,
train_episode,52350,33.02719999999998,0.21848533333333323,,,,
train_episode,52500,45.80853333333332,0.3022720000000001,,,,
train_episode,52650,40.87786666666666,0.2690346666666666,,,,
train_episode,52800,21.686400000000013,0.14083200000000012,,,,
train_episode,52950,35.09653333333334,0.23152000000000014,,,,
train_episode,53100,46.30826666666667,0.30560000000000015,,,,
train_episode,53250,47.64586666666666,0.31528533333333325,,,,
train_episode,53400,30.038399999999992,0.19656533333333323,,,,
train_episode,53550,18.057066666666678,0.11693866666666675,,,,
train_episode,53700,61.4874666666667,0.40818133333333334,,,,
train_episode,53850,13.308266666666627,0.0850026666666664,,,,
train_episode,54000,30.029333333333337,0.1974506666666667,,,,
eval,54000,,,,,69.52437333333334,0.4627221333333334
train_episode,54150,33.106666666666655,0.21798399999999996,,,,
train_episode,54300,43.43679999999999,0.28722133333333333,,,,
train_episode,54450,35.32213333333333,0.231968,,,,
train_episode,54600,15.960000000000003,0.10275200000000001,,,,
train_episode,54750,61.68266666666668,0.41086933333333336,,,,
train_episode,54900,75.16693333333332,0.5011626666666666,,,,
train_episode,55050,69.67306666666664,0.46360533333333337,,,,
train_episode,55200,76.45706666666669,0.5084906666666664,,,,
train_episode,55350,30.53706666666666,0.20128000000000001,,,,
train_episode,55500,53.46879999999999,0.3549333333333333,,,,
train_episode,55650,78.02453333333334,0.5187093333333334,,,,
train_episode,55800,56.79146666666664,0.37658666666666674,,,,
train_episode,55950,9.132800000000003,0.05787733333333338,,,,
train_episode,56100,55.323200000000014,0.3665173333333335,,,,
train_episode,56250,88.45653333333335,0.5895146666666669,,,,
train_episode,56400,16.661333333333324,0.10771199999999996,,,,
train_episode,56550,52.631466666666675,0.3492586666666666,,,,
train_episode,56700,88.3285333333333,0.5888106666666666,,,,
train_episode,56850,65.82293333333337,0.4365973333333333,,,,
train_episode,57000,32.74933333333334,0.21522133333333343,,,,
eval,57000,,,,,56.957653333333326,0.3783658666666666
train_episode,57150,42.603199999999994,0.2819733333333333,,,,
train_episode,57300,70.60693333333333,0.47004799999999997,,,,
train_episode,57450,67.96853333333335,0.4522773333333334,,,,
train_episode,57600,67.33866666666668,0.4472533333333333,,,,
train_episode,57750,56.63093333333328,0.37620266666666674,,,,
train_episode,57900,83.46080000000003,0.5566400000000002,,,,
train_episode,58050,54.21866666666668,0.360224,,,,
train_episode,58200,69.63093333333332,0.46274133333333317,,,,
train_episode,58350,72.29119999999998,0.4816000000000001,,,,
train_episode,58500,76.97333333333334,0.5132586666666666,,,,
train_episode,58650,46.45173333333333,0.3085013333333333,,,,
train_episode,58800,101.12480000000002,0.6754986666666667,,,,
train_episode,58950,93.07146666666668,0.620778666666667,,,,
train_episode,59100,72.37759999999999,0.48291199999999995,,,,
train_episode,59250,51.489600000000024,0.34129066666666663,,,,
train_episode,59400,23.394666666666655,0.1531093333333333,,,,
train_episode,59550,101.14986666666665,0.6758080000000001,,,,
train_episode,59700,90.24533333333338,0.6017386666666664,,,,
train_episode,59850,62.174400000000006,0.4133226666666667,,,,
train_episode,60000,22.9904,0.15108266666666664,,,,
eval,60000,,,,,100.99722666666668,0.6745621333333334
train_episode,60150,114.52266666666662,0.7648426666666662,,,,
train_episode,60300,87.33546666666665,0.5821546666666667,,,,
train_episode,60450,71.37973333333332,0.4754880000000002,,,,
train_episode,60600,98.36266666666667,0.6567679999999998,,,,
train_episode,60750,75.87093333333331,0.5049173333333336,,,,
train_episode,60900,81.41493333333337,0.5427306666666667,,,,
train_episode,61050,62.93973333333331,0.41840000000000005,,,,
train_episode,61200,94.71253333333337,0.6313066666666666,,,,
train_episode,61350,64.064,0.4270826666666667,,,,
train_episode,61500,81.44693333333332,0.5420159999999997,,,,
train_episode,61650,84.91733333333335,0.5668160000000002,,,,
train_episode,61800,91.4592,0.6089813333333333,,,,
train_episode,61950,75.62666666666671,0.5045973333333336,,,,
train_episode,62100,91.82826666666669,0.6127253333333336,,,,
train_episode,62250,87.43039999999995,0.5834880000000002,,,,
train_episode,62400,67.4608,0.4498666666666665,,,,
train_episode,62550,99.47573333333335,0.6644479999999998,,,,
train_episode,62700,96.07626666666664,0.6409493333333329,,,,
train_episode,62850,101.22773333333333,0.6749973333333334,,,,
train_episode,63000,86.72213333333335,0.5774400000000001,,,,
eval,63000,,,,,69.85887999999998,0.46516053333333335
train_episode,63150,76.58133333333333,0.5106986666666667,,,,
train_episode,63300,93.79573333333335,0.6261333333333334,,,,
train_episode,63450,75.52746666666667,0.5045759999999999,,,,
train_episode,63600,74.11360000000002,0.49441066666666644,,,,
train_episode,63750,97.2816,0.6498346666666666,,,,
train_episode,63900,92.8965333333333,0.6192640000000001,,,,
train_episode,64050,76.25493333333333,0.5086826666666667,,,,
train_episode,64200,90.64266666666667,0.6048319999999998,,,,
train_episode,64350,96.75519999999999,0.6456959999999999,,,,
train_episode,64500,94.5413333333333,0.6313173333333335,,,,
train_episode,64650,44.00426666666669,0.2904533333333334,,,,
train_episode,64800,5.058666666666668,0.030368000000000006,,,,
train_episode,64950,3.3136000000000005,0.018784000000000002,,,,
train_episode,65100,5.5322666666666676,0.03326933333333333,,,,
train_episode,65250,2.6304,0.014016000000000002,,,,
train_episode,65400,6.69706666666667,0.04126933333333334,,,,
train_episode,65550,4.710933333333331,0.028277333333333328,,,,
train_episode,65700,6.745066666666669,0.041557333333333356,,,,
train_episode,65850,9.059200000000004,0.05724800000000004,,,,
train_episode,66000,7.136533333333331,0.04417066666666664,,,,
eval,66000,,,,,11.387306666666664,0.07255039999999997
train_episode,66150,12.124799999999997,0.07744,,,,
train_episode,66300,11.070399999999992,0.07061333333333328,,,,
train_episode,66450,8.026133333333332,0.050154666666666674,,,,
train_episode,66600,8.175466666666667,0.051178666666666664,,,,
train_episode,66750,8.959466666666662,0.05612799999999993,,,,
train_episode,66900,6.9632,0.042954666666666676,,,,
train_episode,67050,4.29653333333333,0.025055999999999995,,,,
train_episode,67200,6.122666666666668,0.03742933333333335,,,,
train_episode,67350,4.7818666666666685,0.02858666666666667,,,,
train_episode,67500,3.4426666666666668,0.01957333333333333,,,,
train_episode,67650,5.260800000000002,0.03171200000000002,,,,
train_episode,67800,4.005866666666668,0.023562666666666673,,,,
train_episode,67950,5.4544,0.03287466666666667,,,,
train_episode,68100,7.4559999999999995,0.04628266666666665,,,,
train_episode,68250,5.250133333333333,0.031584,,,,
train_episode,68400,5.723200000000002,0.03480533333333335,,,,
train_episode,68550,4.693866666666666,0.028085333333333344,,,,
train_episode,68700,5.496533333333334,0.03335466666666668,,,,
train_episode,68850,5.1664,0.030912000000000005,,,,
train_episode,69000,3.9162666666666675,0.02277333333333333,,,,
eval,69000,,,,,4.37984,0.02580053333333333
train_episode,69150,3.575466666666666,0.020426666666666662,,,,
train_episode,69300,8.369066666666663,0.05218133333333332,,,,
train_episode,69450,5.699199999999999,0.034709333333333335,,,,
train_episode,69600,3.5616,0.020426666666666666,,,,
train_episode,69750,6.4677333333333324,0.039647999999999996,,,,
train_episode,69900,5.24373333333333,0.03144533333333331,,,,
train_episode,70050,4.1968000000000005,0.024725333333333335,,,,
train_episode,70200,3.9056000000000006,0.022549333333333334,,,,
train_episode,70350,4.319466666666666,0.02522666666666667,,,,
train_episode,70500,4.581333333333338,0.02732800000000001,,,,
train_episode,70650,6.069866666666668,0.03702400000000001,,,,
train_episode,70800,5.241599999999999,0.03147733333333333,,,,
train_episode,70950,6.2736,0.03841066666666667,,,,
train_episode,71100,9.068799999999996,0.057087999999999965,,,,
train_episode,71250,6.971733333333333,0.042922666666666665,,,,
train_episode,71400,11.780266666666662,0.07453866666666663,,,,
train_episode,71550,8.489600000000012,0.05312000000000002,,,,
train_episode,71700,7.9690666666666665,0.04945066666666667,,,,
train_episode,71850,10.160533333333325,0.06417066666666664,,,,
train_episode,72000,8.321066666666663,0.05245866666666665,,,,
eval,72000,,,,,11.876053333333303,0.07578666666666646
train_episode,72150,11.668266666666662,0.07448533333333324,,,,
train_episode,72300,9.803733333333332,0.06194133333333334,,,,
train_episode,72450,11.912533333333304,0.07604266666666648,,,,
train_episode,72600,13.999999999999961,0.0898346666666664,,,,
train_episode,72750,15.509866666666658,0.10020266666666658,,,,
train_episode,72900,11.991999999999981,0.07656533333333321,,,,
train_episode,73050,12.086399999999987,0.0771306666666665,,,,
train_episode,73200,10.465066666666646,0.06662399999999981,,,,
train_episode,73350,11.148799999999955,0.07103999999999974,,,,
train_episode,73500,13.021333333333295,0.08339199999999972,,,,
train_episode,73650,12.713066666666622,0.08140799999999968,,,,
train_episode,73800,16.551999999999992,0.10687999999999993,,,,
train_episode,73950,10.28213333333335,0.0652586666666668,,,,
train_episode,74100,10.341866666666649,0.06563199999999994,,,,
train_episode,74250,10.602133333333338,0.06677333333333339,,,,
train_episode,74400,15.408533333333354,0.09853866666666677,,,,
train_episode,74550,8.666666666666663,0.05386666666666668,,,,
train_episode,74700,8.085333333333338,0.05015466666666669,,,,
train_episode,74850,9.911999999999997,0.06179199999999996,,,,
train_episode,75000,9.961599999999992,0.06243199999999997,,,,
eval,75000,,,,,8.946346666666667,0.05583360000000004
train_episode,75150,6.261866666666668,0.03826133333333335,,,,
train_episode,75300,12.24586666666666,0.07754666666666654,,,,
train_episode,75450,56.78346666666665,0.37705600000000006,,,,
train_episode,75600,115.62400000000002,0.7718720000000002,,,,
train_episode,75750,113.07039999999998,0.7535786666666667,,,,
train_episode,75900,107.56640000000004,0.7163200000000002,,,,
train_episode,76050,102.0586666666667,0.6780266666666667,,,,
train_episode,76200,101.35199999999999,0.6736640000000006,,,,
train_episode,76350,107.80479999999999,0.7180479999999999,,,,
train_episode,76500,93.5994666666667,0.6223893333333333,,,,
train_episode,76650,93.58186666666661,0.621674666666667,,,,
train_episode,76800,88.05973333333336,0.5850773333333336,,,,
train_episode,76950,89.55359999999995,0.5952853333333332,,,,
train_episode,77100,87.2469333333333,0.5798399999999997,,,,
train_episode,77250,91.38826666666662,0.6074880000000001,,,,
train_episode,77400,85.49120000000006,0.5681066666666665,,,,
train_episode,77550,88.00906666666668,0.5850666666666665,,,,
train_episode,77700,86.54133333333334,0.5746240000000002,,,,
train_episode,77850,93.01279999999998,0.6180159999999999,,,,
train_episode,78000,93.38026666666667,0.6200426666666667,,,,
eval,78000,,,,,92.63562666666668,0.6153472000000002
train_episode,78150,90.40693333333331,0.6002986666666669,,,,
train_episode,78300,90.3168,0.599509333333333,,,,
train_episode,78450,97.01333333333336,0.6448853333333339,,,,
train_episode,78600,97.18666666666672,0.6452053333333335,,,,
train_episode,78750,78.87093333333331,0.5239253333333335,,,,
train_episode,78900,88.23466666666664,0.5851413333333337,,,,
train_episode,79050,99.66720000000001,0.6623040000000002,,,,
train_episode,79200,92.49600000000005,0.6140480000000004,,,,
train_episode,79350,89.4122666666666,0.5935146666666665,,,,
train_episode,79500,100.22506666666663,0.6653120000000002,,,,
train_episode,79650,110.67093333333337,0.7365866666666667,,,,
train_episode,79800,101.34400000000007,0.67376,,,,
train_episode,79950,99.5184,0.6621013333333333,,,,
train_episode,80100,101.28906666666664,0.6736426666666667,,,,
train_episode,80250,91.86933333333332,0.6098240000000003,,,,
train_episode,80400,93.35840000000005,0.6190506666666669,,,,
train_episode,80550,94.00800000000005,0.6240960000000003,,,,
train_episode,80700,117.39200000000001,0.7820159999999999,,,,
train_episode,80850,72.59039999999996,0.48252799999999996,,,,
train_episode,81000,55.41546666666665,0.36759466666666657,,,,
eval,81000,,,,,86.49599999999998,0.5761258666666665
train_episode,81150,79.70613333333334,0.5314560000000004,,,,
train_episode,81300,42.69439999999998,0.2821119999999998,,,,
train_episode,81450,25.900266666666667,0.16909866666666673,,,,
train_episode,81600,25.919466666666654,0.16895999999999992,,,,
train_episode,81750,17.91466666666667,0.11592533333333334,,,,
train_episode,81900,12.670933333333315,0.08086399999999984,,,,
train_episode,82050,20.45333333333329,0.132597333333333,,,,
train_episode,82200,22.798400000000022,0.14858666666666676,,,,
train_episode,82350,23.143999999999995,0.1506026666666666,,,,
train_episode,82500,19.721066666666665,0.12768000000000004,,,,
train_episode,82650,15.50719999999999,0.09990399999999991,,,,
train_episode,82800,35.75679999999998,0.23399466666666655,,,,
train_episode,82950,15.872533333333317,0.10209066666666654,,,,
train_episode,83100,21.581866666666677,0.14040533333333335,,,,
train_episode,83250,37.19733333333332,0.24439466666666645,,,,
train_episode,83400,24.859199999999984,0.16194133333333322,,,,
train_episode,83550,27.457599999999996,0.17921066666666655,,,,
train_episode,83700,24.163199999999996,0.15727999999999992,,,,
train_episode,83850,33.79893333333336,0.22176000000000007,,,,
train_episode,84000,46.96000000000002,0.3094506666666667,,,,
eval,84000,,,,,46.187626666666645,0.30465066666666674
train_episode,84150,27.424000000000007,0.17906133333333338,,,,
train_episode,84300,31.58346666666668,0.20723200000000006,,,,
train_episode,84450,39.193599999999996,0.25727999999999995,,,,
train_episode,84600,32.552533333333315,0.21307733333333337,,,,
train_episode,84750,43.7552,0.28873599999999994,,,,
train_episode,84900,44.593066666666644,0.29302400000000006,,,,
train_episode,85050,39.194133333333355,0.2583040000000001,,,,
train_episode,85200,58.66986666666665,0.3880746666666667,,,,
train_episode,85350,46.22986666666668,0.3060693333333334,,,,
train_episode,85500,36.8784,0.24180266666666686,,,,
train_episode,85650,75.84266666666664,0.5039253333333337,,,,
train_episode,85800,45.814400000000006,0.30209066666666673,,,,
train_episode,85950,52.76159999999999,0.3482986666666664,,,,
train_episode,86100,62.73653333333334,0.4153493333333334,,,,
train_episode,86250,56.38986666666665,0.3718933333333334,,,,
train_episode,86400,69.7808,0.4620479999999998,,,,
train_episode,86550,49.14346666666667,0.32370133333333345,,,,
train_episode,86700,52.87573333333334,0.34888533333333316,,,,
train_episode,86850,55.27199999999998,0.3649813333333332,,,,
train_episode,87000,67.18293333333335,0.44400000000000023,,,,
eval,87000,,,,,53.5168,0.3530453333333333
train_episode,87150,62.91520000000003,0.41667200000000026,,,,
train_episode,87300,51.82666666666666,0.34266666666666673,,,,
train_episode,87450,73.76586666666664,0.4886186666666665,,,,
train_episode,87600,72.57546666666667,0.48065066666666684,,,,
train_episode,87750,71.21119999999999,0.4717653333333333,,,,
train_episode,87900,66.6112,0.4414933333333332,,,,
train_episode,88050,68.09386666666668,0.45096533333333316,,,,
train_episode,88200,69.28053333333332,0.458496,,,,
train_episode,88350,62.42026666666665,0.4132480000000001,,,,
train_episode,88500,62.095999999999975,0.41002666666666654,,,,
train_episode,88650,61.4736,0.4062399999999999,,,,
train_episode,88800,49.81866666666665,0.32799999999999974,,,,
train_episode,88950,60.870400000000004,0.4019626666666667,,,,
train_episode,89100,66.81866666666666,0.44204800000000005,,,,
train_episode,89250,62.93546666666668,0.416544,,,,
train_episode,89400,54.66293333333336,0.3608853333333333,,,,
train_episode,89550,74.90079999999999,0.49662933333333315,,,,
train_episode,89700,70.26613333333333,0.46496,,,,
train_episode,89850,75.0693333333333,0.4965973333333335,,,,
train_episode,90000,40.680533333333344,0.2673386666666666,,,,
eval,90000,,,,,57.25482666666668,0.3779754666666667
train_episode,90150,53.945066666666655,0.3564906666666667,,,,
train_episode,90300,55.839999999999975,0.36809599999999987,,,,
train_episode,90450,64.65120000000003,0.4266773333333335,,,,
train_episode,90600,24.561066666666683,0.15936000000000017,,,,
train_episode,90750,49.884800000000006,0.32860800000000007,,,,
train_episode,90900,50.69653333333335,0.3338133333333333,,,,
train_episode,91050,44.40586666666668,0.29249066666666657,,,,
train_episode,91200,63.63519999999997,0.42051199999999983,,,,
train_episode,91350,47.31039999999997,0.31178666666666677,,,,
train_episode,91500,49.0672,0.32276266666666664,,,,
train_episode,91650,63.51840000000002,0.4203520000000001,,,,
train_episode,91800,62.94506666666666,0.4170986666666664,,,,
train_episode,91950,72.90293333333337,0.48286933333333326,,,,
train_episode,92100,60.86133333333332,0.4030933333333333,,,,
train_episode,92250,71.23306666666664,0.4716693333333336,,,,
train_episode,92400,58.1941333333333,0.38430933333333317,,,,
train_episode,92550,63.643733333333344,0.42018133333333346,,,,
train_episode,92700,56.378666666666646,0.3726613333333334,,,,
train_episode,92850,44.39200000000001,0.2924053333333333,,,,
train_episode,93000,55.90506666666666,0.36842666666666685,,,,
eval,93000,,,,,62.03978666666668,0.4103040000000001
train_episode,93150,43.014399999999995,0.28330666666666665,,,,
train_episode,93300,67.15520000000001,0.4439893333333334,,,,
train_episode,93450,71.93653333333336,0.4762986666666665,,,,
train_episode,93600,47.64373333333335,0.3139946666666666,,,,
train_episode,93750,59.343466666666664,0.3921813333333335,,,,
train_episode,93900,67.01546666666668,0.4440213333333337,,,,
train_episode,94050,53.207466666666676,0.3512426666666666,,,,
train_episode,94200,65.55733333333333,0.43351466666666644,,,,
train_episode,94350,65.73333333333332,0.43463466666666684,,,,
train_episode,94500,64.65440000000002,0.42803199999999997,,,,
train_episode,94650,48.887999999999984,0.3223359999999998,,,,
train_episode,94800,51.785066666666644,0.3412906666666665,,,,
train_episode,94950,47.05866666666666,0.3101226666666665,,,,
train_episode,95100,67.98933333333335,0.4507093333333333,,,,
train_episode,95250,61.67040000000001,0.407232,,,,
train_episode,95400,49.93226666666665,0.3282026666666666,,,,
train_episode,95550,28.8416,0.18831999999999996,,,,
train_episode,95700,60.68106666666666,0.40069333333333323,,,,
train_episode,95850,61.67466666666667,0.40752000000000005,,,,
train_episode,96000,46.633066666666664,0.3066346666666668,,,,
eval,96000,,,,,62.165440000000004,0.41064746666666674
train_episode,96150,54.432,0.359648,,,,
train_episode,96300,67.73653333333333,0.44867199999999996,,,,
train_episode,96450,55.87413333333333,0.3684693333333333,,,,
train_episode,96600,70.2533333333333,0.4651840000000002,,,,
train_episode,96750,48.43839999999998,0.31870933333333346,,,,
train_episode,96900,70.05493333333337,0.4634986666666668,,,,
train_episode,97050,60.87626666666663,0.401824,,,,
train_episode,97200,66.35893333333335,0.4395306666666668,,,,
train_episode,97350,48.21706666666666,0.3182400000000001,,,,
train_episode,97500,74.96426666666666,0.49705600000000005,,,,
train_episode,97650,41.67253333333334,0.27392,,,,
train_episode,97800,51.25866666666666,0.33789866666666685,,,,
train_episode,97950,52.93440000000003,0.3487466666666667,,,,
train_episode,98100,43.40266666666668,0.2854293333333335,,,,
train_episode,98250,68.01333333333334,0.45034666666666634,,,,
train_episode,98400,62.76693333333333,0.41518933333333324,,,,
train_episode,98550,61.94880000000005,0.4086613333333333,,,,
train_episode,98700,61.16746666666668,0.40389333333333327,,,,
train_episode,98850,67.288,0.4448533333333336,,,,
train_episode,99000,57.5952,0.38034133333333325,,,,
eval,99000,,,,,57.67733333333332,0.3808554666666666
train_episode,99150,61.08213333333334,0.40320000000000006,,,,
train_episode,99300,64.30986666666672,0.42465066666666684,,,,
train_episode,99450,52.809066666666645,0.3482026666666669,,,,
train_episode,99600,22.014933333333335,0.14243199999999986,,,,
train_episode,99750,71.67573333333334,0.47539200000000015,,,,
train_episode,99900,39.717333333333315,0.2611093333333333,,,,
train_episode,100050,32.979733333333364,0.21568000000000012,,,,
train_episode,100200,34.337599999999995,0.22483200000000012,,,,
train_episode,100350,62.57013333333336,0.413322666666667,,,,
train_episode,100500,38.68533333333335,0.25343999999999994,,,,
train_episode,100650,53.34666666666667,0.3528746666666665,,,,
train_episode,100800,83.00426666666667,0.5506026666666665,,,,
train_episode,100950,79.34986666666674,0.5253973333333335,,,,
train_episode,101100,74.50346666666665,0.493376,,,,
train_episode,101250,79.18933333333327,0.5243946666666663,,,,
train_episode,101400,80.48639999999999,0.5335999999999999,,,,
train_episode,101550,98.64746666666665,0.6548480000000001,,,,
train_episode,101700,88.38506666666665,0.5854613333333332,,,,
train_episode,101850,79.36693333333334,0.5256959999999999,,,,
train_episode,102000,86.65066666666668,0.5732586666666667,,,,
eval,102000,,,,,102.42591999999999,0.6802175999999998
train_episode,102150,102.1776,0.6782186666666667,,,,
train_episode,102300,103.21173333333327,0.6853546666666667,,,,
train_episode,102450,115.48693333333338,0.7688853333333333,,,,
train_episode,102600,95.63199999999998,0.6371306666666664,,,,
train_episode,102750,92.77333333333333,0.6163306666666666,,,,
train_episode,102900,108.11093333333339,0.7209920000000001,,,,
train_episode,103050,82.55840000000003,0.5493546666666665,,,,
train_episode,103200,84.82666666666664,0.5638826666666665,,,,
train_episode,103350,17.146666666666636,0.11075199999999981,,,,
train_episode,103500,54.22346666666666,0.3596053333333334,,,,
train_episode,103650,75.45599999999997,0.5011306666666666,,,,
train_episode,103800,84.93653333333329,0.5653973333333335,,,,
train_episode,103950,64.60693333333336,0.4289279999999999,,,,
train_episode,104100,75.62719999999997,0.5025280000000002,,,,
train_episode,104250,74.34239999999997,0.493696,,,,
train_episode,104400,66.08213333333333,0.43977600000000017,,,,
train_episode,104550,79.0693333333333,0.5255253333333335,,,,
train_episode,104700,56.358933333333354,0.37299199999999993,,,,
train_episode,104850,77.52480000000001,0.5154239999999997,,,,
train_episode,105000,83.76426666666671,0.556992,,,,
eval,105000,,,,,61.22144000000001,0.40609920000000005
train_episode,105150,83.48533333333333,0.556032,,,,
train_episode,105300,84.19519999999997,0.5606186666666667,,,,
train_episode,105450,78.30453333333334,0.521408,,,,
train_episode,105600,79.10559999999998,0.5263040000000002,,,,
train_episode,105750,74.04053333333333,0.49157333333333336,,,,
train_episode,105900,69.01226666666666,0.45854933333333303,,,,
train_episode,106050,80.25599999999994,0.5344,,,,
train_episode,106200,79.49333333333331,0.5289600000000001,,,,
train_episode,106350,82.82080000000005,0.5507626666666667,,,,
train_episode,106500,76.92800000000001,0.5119893333333332,,,,
train_episode,106650,82.25920000000005,0.5477333333333334,,,,
train_episode,106800,96.24106666666667,0.6431893333333335,,,,
train_episode,106950,123.45706666666665,0.8240853333333332,,,,
train_episode,107100,80.16480000000007,0.5340160000000002,,,,
train_episode,107250,80.14239999999998,0.5336106666666667,,,,
train_episode,107400,96.51146666666666,0.6441066666666666,,,,
train_episode,107550,98.61119999999998,0.6565440000000001,,,,
train_episode,107700,93.03253333333335,0.6198720000000001,,,,
train_episode,107850,66.74826666666668,0.44149333333333335,,,,
train_episode,108000,71.87413333333336,0.4783573333333333,,,,
eval,108000,,,,,82.43242666666666,0.5486293333333332
train_episode,108150,79.1786666666667,0.5275093333333335,,,,
train_episode,108300,93.94773333333333,0.6268053333333335,,,,
train_episode,108450,105.72586666666668,0.7054400000000002,,,,
train_episode,108600,96.27199999999999,0.6424426666666666,,,,
train_episode,108750,91.1082666666667,0.6061119999999999,,,,
train_episode,108900,94.24106666666668,0.6290453333333336,,,,
train_episode,109050,99.90613333333334,0.6664533333333331,,,,
train_episode,109200,100.95573333333334,0.6725119999999999,,,,
train_episode,109350,105.30506666666662,0.7030933333333338,,,,
train_episode,109500,109.58453333333333,0.7311040000000005,,,,
train_episode,109650,108.7744,0.7268479999999997,,,,
train_episode,109800,125.7472,0.8395946666666667,,,,
train_episode,109950,120.20746666666665,0.8024213333333331,,,,
train_episode,110100,113.67839999999997,0.7591360000000003,,,,
train_episode,110250,113.65013333333336,0.7580586666666669,,,,
train_episode,110400,105.81546666666664,0.7065706666666663,,,,
train_episode,110550,121.19519999999994,0.809408,,,,
train_episode,110700,109.66399999999997,0.7322453333333335,,,,
train_episode,110850,111.85653333333335,0.7470186666666665,,,,
train_episode,111000,110.27786666666665,0.7363093333333333,,,,
eval,111000,,,,,78.53621333333334,0.5236074666666667
train_episode,111150,84.61653333333328,0.5641706666666669,,,,
train_episode,111300,108.47520000000002,0.7239893333333334,,,,
train_episode,111450,111.54666666666668,0.7440213333333336,,,,
train_episode,111600,108.81386666666663,0.7259520000000002,,,,
train_episode,111750,104.01066666666665,0.6944426666666665,,,,
train_episode,111900,120.99146666666661,0.8075626666666665,,,,
train_episode,112050,96.95680000000011,0.6467306666666666,,,,
train_episode,112200,121.66559999999997,0.812416,,,,
train_episode,112350,105.5882666666667,0.7036373333333333,,,,
train_episode,112500,121.85546666666667,0.8135253333333332,,,,
train_episode,112650,123.02613333333339,0.8214826666666666,,,,
train_episode,112800,118.75413333333336,0.7920746666666666,,,,
train_episode,112950,119.43946666666673,0.7973226666666668,,,,
train_episode,113100,121.67253333333333,0.8119679999999997,,,,
train_episode,113250,110.8069333333333,0.7396159999999999,,,,
train_episode,113400,96.11839999999998,0.6411839999999999,,,,
train_episode,113550,101.85173333333333,0.6783893333333331,,,,
train_episode,113700,110.34559999999999,0.7364053333333334,,,,
train_episode,113850,121.5973333333333,0.8117653333333332,,,,
train_episode,114000,114.24159999999996,0.7616746666666667,,,,
eval,114000,,,,,96.80928000000003,0.645312
train_episode,114150,91.02080000000004,0.6080213333333333,,,,
train_episode,114300,119.66773333333333,0.7984640000000001,,,,
train_episode,114450,91.41066666666664,0.6107946666666668,,,,
train_episode,114600,108.35200000000003,0.7230613333333329,,,,
train_episode,114750,116.06506666666667,0.7746880000000004,,,,
train_episode,114900,113.46026666666667,0.7568746666666669,,,,
train_episode,115050,92.78346666666667,0.6182399999999999,,,,
train_episode,115200,91.35359999999999,0.6098986666666668,,,,
train_episode,115350,105.52746666666664,0.7042453333333335,,,,
train_episode,115500,122.06719999999993,0.8148373333333333,,,,
train_episode,115650,110.89226666666666,0.7402026666666669,,,,
train_episode,115800,117.82293333333331,0.7861226666666665,,,,
train_episode,115950,117.7136,0.7855359999999999,,,,
train_episode,116100,90.15040000000003,0.602112,,,,
train_episode,116250,121.29280000000001,0.8095359999999996,,,,
train_episode,116400,102.91733333333335,0.6870719999999998,,,,
train_episode,116550,61.93386666666666,0.4115413333333334,,,,
train_episode,116700,46.349333333333334,0.3063786666666665,,,,
train_episode,116850,51.80479999999999,0.3431146666666667,,,,
train_episode,117000,107.74560000000005,0.7196373333333332,,,,
eval,117000,,,,,119.55743999999997,0.7982272000000001
train_episode,117150,102.89013333333334,0.6867306666666668,,,,
train_episode,117300,71.39946666666665,0.47597866666666666,,,,
train_episode,117450,99.77386666666669,0.6660373333333335,,,,
train_episode,117600,58.82986666666665,0.3915733333333335,,,,
train_episode,117750,91.7248,0.6116800000000002,,,,
train_episode,117900,82.49653333333335,0.5495893333333335,,,,
train_episode,118050,108.03946666666666,0.7207253333333333,,,,
train_episode,118200,106.216,0.708896,,,,
train_episode,118350,89.65173333333331,0.5970773333333331,,,,
train_episode,118500,69.93173333333336,0.4644266666666669,,,,
train_episode,118650,88.52159999999996,0.5903893333333334,,,,
train_episode,118800,91.57066666666665,0.6085760000000003,,,,
train_episode,118950,23.97333333333333,0.15702400000000005,,,,
train_episode,119100,58.940266666666666,0.39098666666666676,,,,
train_episode,119250,22.317866666666646,0.14550399999999986,,,,
train_episode,119400,64.60640000000004,0.42935466666666666,,,,
train_episode,119550,24.364266666666687,0.1588266666666668,,,,
train_episode,119700,41.06933333333337,0.27114666666666665,,,,
train_episode,119850,41.529066666666665,0.2732053333333333,,,,
train_episode,120000,25.210666666666665,0.16455466666666663,,,,
eval,120000,,,,,22.903359999999992,0.14883199999999996
train_episode,120150,10.8288,0.06870399999999996,,,,
train_episode,120300,7.034133333333336,0.04342400000000002,,,,
train_episode,120450,17.573333333333295,0.11336533333333314,,,,
train_episode,120600,8.794666666666666,0.05513599999999999,,,,
train_episode,120750,22.08159999999998,0.1434453333333332,,,,
train_episode,120900,13.595733333333337,0.08705066666666669,,,,
train_episode,121050,13.222933333333332,0.08438400000000001,,,,
train_episode,121200,19.07573333333335,0.12344533333333345,,,,
train_episode,121350,13.476800000000006,0.08595200000000001,,,,
train_episode,121500,16.528533333333325,0.10618666666666665,,,,
train_episode,121650,20.170666666666637,0.13068799999999972,,,,
train_episode,121800,19.388800000000003,0.12526933333333334,,,,
train_episode,121950,17.776533333333326,0.11498666666666665,,,,
train_episode,122100,18.372800000000005,0.1185706666666667,,,,
train_episode,122250,14.502933333333331,0.09298133333333329,,,,
train_episode,122400,4.869333333333333,0.028991999999999997,,,,
train_episode,122550,7.388799999999999,0.045759999999999995,,,,
train_episode,122700,14.89226666666665,0.09557333333333322,,,,
train_episode,122850,9.696533333333331,0.06115199999999994,,,,
train_episode,123000,11.859733333333333,0.07540266666666666,,,,
eval,123000,,,,,15.171413333333328,0.09749333333333329
train_episode,123150,28.964266666666656,0.18898133333333328,,,,
train_episode,123300,19.700266666666664,0.12731733333333334,,,,
train_episode,123450,13.707733333333332,0.08778666666666664,,,,
train_episode,123600,11.601599999999998,0.07387733333333328,,,,
train_episode,123750,31.72319999999999,0.2071359999999999,,,,
train_episode,123900,16.71733333333333,0.10767999999999994,,,,
train_episode,124050,13.257600000000002,0.08487466666666667,,,,
train_episode,124200,15.308266666666658,0.09826133333333331,,,,
train_episode,124350,18.361066666666634,0.11877333333333309,,,,
train_episode,124500,17.060266666666674,0.11003733333333333,,,,
train_episode,124650,42.189333333333316,0.2774933333333333,,,,
train_episode,124800,55.25440000000001,0.3648746666666667,,,,
train_episode,124950,56.26293333333331,0.3710613333333332,,,,
train_episode,125100,49.086400000000005,0.3229013333333332,,,,
train_episode,125250,42.73173333333332,0.2803946666666668,,,,
train_episode,125400,30.772800000000014,0.20124800000000004,,,,
train_episode,125550,66.44213333333332,0.4395839999999999,,,,
train_episode,125700,56.49653333333337,0.3738880000000001,,,,
train_episode,125850,40.410666666666614,0.2658559999999999,,,,
train_episode,126000,41.54613333333329,0.27328,,,,
eval,126000,,,,,45.59957333333334,0.30042880000000005
train_episode,126150,57.11413333333333,0.37811199999999995,,,,
train_episode,126300,59.95786666666666,0.39598933333333325,,,,
train_episode,126450,35.668799999999976,0.23417599999999994,,,,
train_episode,126600,48.84319999999998,0.32232533333333324,,,,
train_episode,126750,74.1248,0.49157333333333353,,,,
train_episode,126900,61.36373333333336,0.4062933333333334,,,,
train_episode,127050,52.91253333333331,0.3495999999999999,,,,
train_episode,127200,44.19786666666667,0.2904640000000001,,,,
train_episode,127350,37.94186666666665,0.2495359999999998,,,,
train_episode,127500,75.9728,0.5036479999999999,,,,
train_episode,127650,72.77333333333337,0.4813866666666666,,,,
train_episode,127800,57.0672,0.3763733333333334,,,,
train_episode,127950,33.541333333333355,0.2198826666666668,,,,
train_episode,128100,46.03039999999998,0.3025813333333332,,,,
train_episode,128250,46.82880000000002,0.30803199999999986,,,,
train_episode,128400,60.50826666666666,0.39893333333333303,,,,
train_episode,128550,71.06133333333331,0.4697066666666668,,,,
train_episode,128700,53.516266666666624,0.35206399999999977,,,,
train_episode,128850,39.2816,0.2574613333333332,,,,
train_episode,129000,45.530666666666654,0.29988266666666685,,,,
eval,129000,,,,,62.61365333333333,0.41313919999999993
train_episode,129150,47.45120000000002,0.31166933333333335,,,,
train_episode,129300,74.84693333333334,0.4945386666666668,,,,
train_episode,129450,75.95839999999995,0.5019413333333331,,,,
train_episode,129600,53.76426666666667,0.3546880000000002,,,,
train_episode,129750,64.26559999999998,0.424661333333333,,,,
train_episode,129900,39.18826666666669,0.2565653333333333,,,,
train_episode,130050,62.721066666666665,0.4131199999999999,,,,
train_episode,130200,53.35466666666671,0.3515200000000002,,,,
train_episode,130350,64.82986666666667,0.4276053333333335,,,,
train_episode,130500,49.30559999999999,0.32453333333333345,,,,
train_episode,130650,47.800533333333355,0.3135679999999999,,,,
train_episode,130800,43.09386666666669,0.2826453333333333,,,,
train_episode,130950,43.15466666666666,0.28294399999999975,,,,
train_episode,131100,43.66773333333335,0.28536533333333314,,,,
train_episode,131250,50.70773333333329,0.3337813333333332,,,,
train_episode,131400,66.92373333333333,0.44283733333333347,,,,
train_episode,131550,50.93600000000002,0.334581333333333,,,,
train_episode,131700,60.5664,0.4011946666666667,,,,
train_episode,131850,61.52533333333338,0.4058026666666668,,,,
train_episode,132000,45.47999999999996,0.2984639999999998,,,,
eval,132000,,,,,58.81685333333333,0.3880277333333333
train_episode,132150,61.34666666666667,0.40468266666666664,,,,
train_episode,132300,71.44959999999998,0.4715626666666665,,,,
train_episode,132450,41.73226666666666,0.2741226666666665,,,,
train_episode,132600,43.88000000000002,0.2889493333333334,,,,
train_episode,132750,41.149866666666675,0.26945066666666656,,,,
train_episode,132900,21.456533333333343,0.13923200000000005,,,,
train_episode,133050,54.86186666666668,0.36125866666666684,,,,
train_episode,133200,53.91306666666668,0.35525333333333325,,,,
train_episode,133350,50.9328,0.3354880000000001,,,,
train_episode,133500,51.71573333333334,0.3410026666666668,,,,
train_episode,133650,49.21226666666667,0.32319999999999993,,,,
train_episode,133800,42.85226666666666,0.28057599999999994,,,,
train_episode,133950,53.014399999999995,0.34883200000000003,,,,
train_episode,134100,40.696533333333306,0.2673066666666666,,,,
train_episode,134250,58.233066666666645,0.3834986666666666,,,,
train_episode,134400,34.8576,0.22842666666666656,,,,
train_episode,134550,44.49066666666664,0.2917759999999999,,,,
train_episode,134700,25.245333333333324,0.16410666666666665,,,,
train_episode,134850,51.858133333333356,0.3416746666666667,,,,
train_episode,135000,46.85173333333335,0.3078933333333334,,,,
eval,135000,,,,,43.635840000000016,0.2869141333333333
train_episode,135150,37.925866666666664,0.2495893333333333,,,,
train_episode,135300,64.80746666666664,0.4287893333333335,,,,
train_episode,135450,22.772800000000004,0.14757333333333333,,,,
train_episode,135600,54.21226666666666,0.3576319999999998,,,,
train_episode,135750,22.956799999999998,0.1493653333333333,,,,
train_episode,135900,28.108799999999984,0.18270933333333328,,,,
train_episode,136050,35.4368,0.23123200000000016,,,,
train_episode,136200,14.705066666666674,0.0943573333333334,,,,
train_episode,136350,34.39786666666668,0.224736,,,,
train_episode,136500,30.40373333333333,0.19867733333333326,,,,
train_episode,136650,30.9184,0.20201599999999995,,,,
train_episode,136800,61.696000000000005,0.4069226666666667,,,,
train_episode,136950,11.972799999999998,0.07611733333333333,,,,
train_episode,137100,48.373333333333335,0.3188480000000002,,,,
train_episode,137250,18.860799999999998,0.12216533333333326,,,,
train_episode,137400,28.392533333333322,0.1847466666666666,,,,
train_episode,137550,30.83573333333332,0.20210133333333327,,,,
train_episode,137700,34.46826666666668,0.22516266666666668,,,,
train_episode,137850,47.33119999999998,0.31122133333333335,,,,
train_episode,138000,42.651733333333326,0.2805440000000001,,,,
eval,138000,,,,,45.827839999999995,0.30107306666666667
train_episode,138150,50.10773333333336,0.3306986666666666,,,,
train_episode,138300,69.72853333333337,0.4608959999999999,,,,
train_episode,138450,44.063466666666656,0.2908799999999999,,,,
train_episode,138600,58.51466666666666,0.3862720000000002,,,,
train_episode,138750,31.269333333333332,0.20451200000000005,,,,
train_episode,138900,21.387733333333326,0.13849599999999998,,,,
train_episode,139050,15.904533333333335,0.10238933333333336,,,,
train_episode,139200,68.20800000000004,0.4501013333333334,,,,
train_episode,139350,24.40693333333334,0.15905066666666667,,,,
train_episode,139500,50.389333333333305,0.33353599999999994,,,,
train_episode,139650,70.80853333333337,0.468618666666667,,,,
train_episode,139800,16.514666666666674,0.1065386666666667,,,,
train_episode,139950,33.597333333333324,0.22041599999999997,,,,
train_episode,140100,75.13759999999995,0.4964480000000001,,,,
train_episode,140250,19.654933333333343,0.12729600000000008,,,,
train_episode,140400,35.22826666666668,0.23165866666666687,,,,
train_episode,140550,47.83466666666665,0.3152533333333334,,,,
train_episode,140700,36.444799999999994,0.24047999999999992,,,,
train_episode,140850,36.29546666666665,0.237728,,,,
train_episode,141000,61.827733333333335,0.408,,,,
eval,141000,,,,,48.73973333333335,0.3210623999999999
train_episode,141150,48.214400000000005,0.3180693333333333,,,,
train_episode,141300,65.97066666666669,0.43732266666666664,,,,
train_episode,141450,64.40160000000002,0.42671999999999977,,,,
train_episode,141600,70.70453333333333,0.4689493333333332,,,,
train_episode,141750,60.710933333333315,0.40203733333333336,,,,
train_episode,141900,53.84106666666664,0.35463466666666654,,,,
train_episode,142050,57.63573333333333,0.38467199999999985,,,,
train_episode,142200,106.6576,0.7080639999999999,,,,
train_episode,142350,31.366399999999988,0.20585599999999998,,,,
train_episode,142500,28.75626666666664,0.18817066666666657,,,,
train_episode,142650,47.012266666666676,0.3105066666666666,,,,
train_episode,142800,32.84159999999999,0.215328,,,,
train_episode,142950,67.58719999999998,0.44740266666666667,,,,
train_episode,143100,41.059199999999976,0.2705173333333332,,,,
train_episode,143250,51.15466666666664,0.33763200000000004,,,,
train_episode,143400,51.12373333333336,0.3367786666666666,,,,
train_episode,143550,69.1253333333333,0.4586453333333333,,,,
train_episode,143700,58.704,0.38828799999999997,,,,
train_episode,143850,41.71200000000001,0.27500800000000014,,,,
train_episode,144000,55.40159999999996,0.366453333333333,,,,
eval,144000,,,,,53.09792000000002,0.35089066666666663
train_episode,144150,52.46719999999996,0.3473386666666664,,,,
train_episode,144300,75.93973333333332,0.5026453333333333,,,,
train_episode,144450,56.234133333333325,0.37313066666666667,,,,
train_episode,144600,77.79413333333326,0.5149866666666665,,,,
train_episode,144750,56.04853333333333,0.37164800000000014,,,,
train_episode,144900,59.38293333333334,0.39363200000000015,,,,
train_episode,145050,57.99413333333333,0.38321066666666664,,,,
train_episode,145200,67.47146666666664,0.4484906666666667,,,,
train_episode,145350,78.54453333333329,0.5223253333333335,,,,
train_episode,145500,88.36480000000002,0.5872746666666667,,,,
train_episode,145650,94.40639999999999,0.6286080000000002,,,,
train_episode,145800,76.88640000000002,0.5101226666666666,,,,
train_episode,145950,81.21333333333338,0.5396159999999999,,,,
train_episode,146100,58.8618666666667,0.39068800000000026,,,,
train_episode,146250,78.44160000000001,0.5218879999999999,,,,
train_episode,146400,80.24853333333337,0.5325546666666667,,,,
train_episode,146550,44.907199999999996,0.297184,,,,
train_episode,146700,16.03413333333333,0.10314666666666664,,,,
train_episode,146850,45.44853333333334,0.3018133333333334,,,,
train_episode,147000,54.420799999999986,0.36053333333333326,,,,
eval,147000,,,,,67.28384,0.4468714666666666
train_episode,147150,81.00533333333335,0.5393920000000001,,,,
train_episode,147300,93.83999999999999,0.624586666666667,,,,
train_episode,147450,19.991466666666664,0.12993066666666667,,,,
train_episode,147600,57.161066666666684,0.37899733333333335,,,,
train_episode,147750,65.37439999999998,0.43450666666666676,,,,
train_episode,147900,26.26826666666666,0.17148799999999992,,,,
train_episode,148050,53.138666666666666,0.35131733333333337,,,,
train_episode,148200,64.44213333333335,0.42669866666666667,,,,
train_episode,148350,81.68693333333336,0.5412373333333332,,,,
train_episode,148500,81.27946666666672,0.5402026666666667,,,,
train_episode,148650,74.84906666666667,0.4964373333333334,,,,
train_episode,148800,74.98933333333332,0.49689599999999945,,,,
train_episode,148950,73.95679999999999,0.49123200000000017,,,,
train_episode,149100,72.33813333333332,0.48,,,,
train_episode,149250,91.18346666666662,0.6048746666666669,,,,
train_episode,149400,82.19040000000001,0.5462293333333335,,,,
train_episode,149550,72.69813333333332,0.4816853333333334,,,,
train_episode,149700,73.136,0.48386133333333325,,,,
train_episode,149850,74.41813333333332,0.4942186666666665,,,,
train_episode,150000,74.65706666666667,0.49528533333333324,,,,
eval,150000,,,,,83.25781333333332,0.5529429333333333
train_episode,150150,88.18986666666672,0.5861440000000002,,,,
train_episode,150300,70.41066666666667,0.4670826666666668,,,,
train_episode,150450,61.182933333333324,0.40562133333333333,,,,
train_episode,150600,84.62346666666672,0.5613333333333332,,,,
train_episode,150750,85.0805333333333,0.5642133333333332,,,,
train_episode,150900,74.08853333333332,0.49051733333333347,,,,
train_episode,151050,70.32800000000002,0.46732799999999997,,,,
train_episode,151200,90.89333333333337,0.6045866666666666,,,,
train_episode,151350,99.51626666666667,0.6615680000000003,,,,
train_episode,151500,87.33866666666668,0.5809066666666669,,,,
train_episode,151650,88.37973333333339,0.5868160000000001,,,,
train_episode,151800,79.25973333333333,0.5275733333333331,,,,
train_episode,151950,85.99893333333335,0.5716373333333334,,,,
train_episode,152100,70.9082666666667,0.4705600000000001,,,,
train_episode,152250,71.98719999999996,0.47807999999999995,,,,
train_episode,152400,76.32426666666663,0.5054933333333334,,,,
train_episode,152550,74.36959999999995,0.4937813333333334,,,,
train_episode,152700,84.33706666666664,0.5588159999999999,,,,
train_episode,152850,79.75040000000001,0.5282026666666669,,,,
train_episode,153000,81.30719999999997,0.5384640000000002,,,,
eval,153000,,,,,79.43978666666668,0.5271168000000002
train_episode,153150,78.77226666666661,0.522016,,,,
train_episode,153300,86.1008,0.5704319999999999,,,,
train_episode,153450,85.45866666666667,0.5674026666666668,,,,
train_episode,153600,72.72639999999998,0.48249600000000015,,,,
train_episode,153750,69.29333333333332,0.4597439999999998,,,,
train_episode,153900,81.6912,0.5427413333333336,,,,
train_episode,154050,86.23413333333333,0.5712213333333334,,,,
train_episode,154200,80.04479999999998,0.5312746666666667,,,,
train_episode,154350,83.82293333333332,0.5567786666666666,,,,
train_episode,154500,81.3472,0.5389759999999998,,,,
train_episode,154650,46.28639999999999,0.3077546666666666,,,,
train_episode,154800,70.75519999999999,0.46887466666666655,,,,
train_episode,154950,60.97546666666665,0.4038293333333331,,,,
train_episode,155100,78.2645333333333,0.5192853333333332,,,,
train_episode,155250,70.14613333333334,0.46523733333333306,,,,
train_episode,155400,73.6997333333334,0.48817066666666675,,,,
train_episode,155550,74.97973333333334,0.4971520000000002,,,,
train_episode,155700,68.26986666666664,0.4539626666666665,,,,
train_episode,155850,86.60853333333336,0.574016,,,,
train_episode,156000,83.87253333333332,0.5558933333333329,,,,
eval,156000,,,,,82.83637333333333,0.5497642666666668
train_episode,156150,81.64746666666669,0.5412906666666663,,,,
train_episode,156300,86.23413333333336,0.5735573333333333,,,,
train_episode,156450,88.616,0.5881493333333331,,,,
train_episode,156600,90.12533333333336,0.5991573333333333,,,,
train_episode,156750,92.08373333333331,0.6111786666666669,,,,
train_episode,156900,105.63093333333332,0.7031680000000001,,,,
train_episode,157050,100.92479999999998,0.6719040000000001,,,,
train_episode,157200,82.43680000000005,0.5473279999999999,,,,
train_episode,157350,82.99306666666666,0.5516479999999998,,,,
train_episode,157500,89.40373333333328,0.5943893333333337,,,,
train_episode,157650,90.60320000000003,0.6010346666666667,,,,
train_episode,157800,101.65706666666667,0.677728,,,,
train_episode,157950,104.36906666666663,0.695797333333333,,,,
train_episode,158100,111.92373333333335,0.7469546666666664,,,,
train_episode,158250,90.33919999999999,0.601376,,,,
train_episode,158400,97.33813333333336,0.6460373333333332,,,,
train_episode,158550,58.2576,0.3866026666666667,,,,
train_episode,158700,98.92906666666666,0.6592746666666668,,,,
train_episode,158850,87.9365333333333,0.5856853333333332,,,,
train_episode,159000,92.61013333333328,0.6171306666666666,,,,
eval,159000,,,,,92.40981333333332,0.6157333333333334
train_episode,159150,84.69813333333332,0.5632746666666668,,,,
train_episode,159300,79.37280000000003,0.5280000000000001,,,,
train_episode,159450,63.896533333333345,0.4235626666666667,,,,
train_episode,159600,78.69973333333336,0.522997333333334,,,,
train_episode,159750,75.81920000000004,0.5044159999999999,,,,
train_episode,159900,95.66879999999995,0.6367359999999999,,,,
train_episode,160050,81.49066666666673,0.5413759999999997,,,,
train_episode,160200,101.20053333333335,0.6743039999999997,,,,
train_episode,160350,94.91093333333332,0.6327360000000003,,,,
train_episode,160500,106.91840000000003,0.7126400000000005,,,,
train_episode,160650,62.7424,0.41765333333333343,,,,
train_episode,160800,91.50880000000005,0.6099519999999998,,,,
train_episode,160950,91.7061333333333,0.6119466666666665,,,,
train_episode,161100,73.70933333333338,0.4916160000000002,,,,
train_episode,161250,104.19359999999996,0.6952960000000001,,,,
train_episode,161400,108.99040000000002,0.7268906666666666,,,,
train_episode,161550,92.79413333333336,0.6185493333333334,,,,
train_episode,161700,110.65866666666665,0.7384213333333335,,,,
train_episode,161850,119.2576,0.7958613333333334,,,,
train_episode,162000,98.65226666666665,0.6576426666666667,,,,
eval,162000,,,,,46.94954666666666,0.3105194666666666
train_episode,162150,62.70346666666664,0.4170453333333334,,,,
train_episode,162300,90.16426666666678,0.6007360000000002,,,,
train_episode,162450,103.72373333333337,0.6920640000000001,,,,
train_episode,162600,110.43040000000005,0.7364373333333335,,,,
train_episode,162750,95.49813333333329,0.6356266666666669,,,,
train_episode,162900,84.35733333333332,0.563477333333333,,,,
train_episode,163050,102.04000000000005,0.6808,,,,
train_episode,163200,99.80266666666667,0.6658986666666667,,,,
train_episode,163350,78.42346666666674,0.5209600000000002,,,,
train_episode,163500,71.7888,0.47800533333333317,,,,
train_episode,163650,91.54026666666668,0.6094719999999995,,,,
train_episode,163800,93.89973333333337,0.6258773333333333,,,,
train_episode,163950,108.42666666666669,0.7233173333333331,,,,
train_episode,164100,100.44373333333337,0.669482666666667,,,,
train_episode,164250,77.64373333333326,0.5156266666666667,,,,
train_episode,164400,85.42880000000002,0.5696640000000002,,,,
train_episode,164550,115.55679999999995,0.7711893333333333,,,,
train_episode,164700,81.77493333333331,0.5445226666666666,,,,
train_episode,164850,92.1408,0.6132693333333333,,,,
train_episode,165000,101.31466666666668,0.6755413333333332,,,,
eval,165000,,,,,94.06880000000001,0.6266112000000001
train_episode,165150,104.46399999999997,0.6974400000000002,,,,
train_episode,165300,92.61493333333333,0.6173013333333336,,,,
train_episode,165450,84.66346666666672,0.5638720000000002,,,,
train_episode,165600,91.12586666666675,0.6064640000000002,,,,
train_episode,165750,82.27733333333329,0.5477973333333337,,,,
train_episode,165900,90.07893333333332,0.6001600000000002,,,,
train_episode,166050,101.76799999999996,0.6786880000000003,,,,
train_episode,166200,91.43200000000003,0.6093333333333331,,,,
train_episode,166350,103.97653333333331,0.6932906666666665,,,,
train_episode,166500,95.20053333333337,0.6346026666666669,,,,
train_episode,166650,90.67359999999996,0.6029973333333333,,,,
train_episode,166800,92.19413333333335,0.6149333333333334,,,,
train_episode,166950,92.0645333333333,0.6137493333333335,,,,
train_episode,167100,81.96320000000003,0.5451733333333333,,,,
train_episode,167250,80.8064,0.5383253333333333,,,,
train_episode,167400,80.56533333333333,0.5361066666666667,,,,
train_episode,167550,92.40479999999998,0.6152533333333332,,,,
train_episode,167700,80.71093333333334,0.5375786666666668,,,,
train_episode,167850,98.79999999999998,0.6591253333333333,,,,
train_episode,168000,106.29280000000004,0.707968,,,,
eval,168000,,,,,82.83114666666665,0.55184
train_episode,168150,87.70880000000002,0.5850986666666669,,,,
train_episode,168300,86.06773333333328,0.57344,,,,
train_episode,168450,96.70719999999994,0.6436053333333335,,,,
train_episode,168600,81.33066666666667,0.5411306666666666,,,,
train_episode,168750,77.07413333333332,0.5128426666666664,,,,
train_episode,168900,96.43946666666666,0.6433173333333334,,,,
train_episode,169050,89.39466666666674,0.5951253333333333,,,,
train_episode,169200,89.97706666666666,0.600416,,,,
train_episode,169350,86.08693333333333,0.5732053333333332,,,,
train_episode,169500,76.77226666666668,0.5110399999999999,,,,
train_episode,169650,88.55626666666663,0.5894826666666666,,,,
train_episode,169800,83.00480000000003,0.5528320000000001,,,,
train_episode,169950,64.21439999999998,0.42747733333333343,,,,
train_episode,170100,62.093333333333334,0.4123519999999998,,,,
train_episode,170250,60.884799999999956,0.40455466666666645,,,,
train_episode,170400,90.64106666666666,0.6044586666666666,,,,
train_episode,170550,93.09173333333335,0.6210773333333338,,,,
train_episode,170700,72.92319999999995,0.4850879999999999,,,,
train_episode,170850,79.66453333333334,0.5302719999999997,,,,
train_episode,171000,88.16693333333338,0.5867946666666667,,,,
eval,171000,,,,,77.69770666666668,0.5169109333333333
train_episode,171150,83.82880000000003,0.5577706666666664,,,,
train_episode,171300,72.32159999999999,0.4810773333333333,,,,
train_episode,171450,83.1728,0.5530773333333333,,,,
train_episode,171600,65.70186666666665,0.43713066666666656,,,,
train_episode,171750,66.58666666666666,0.44262400000000013,,,,
train_episode,171900,60.448,0.40090666666666674,,,,
train_episode,172050,59.724266666666644,0.3957866666666664,,,,
train_episode,172200,92.34719999999999,0.6161066666666665,,,,
train_episode,172350,76.01333333333334,0.5056426666666669,,,,
train_episode,172500,77.60959999999997,0.5164799999999997,,,,
train_episode,172650,70.29760000000002,0.4672853333333335,,,,
train_episode,172800,60.70719999999999,0.40302933333333324,,,,
train_episode,172950,68.25333333333334,0.4535893333333335,,,,
train_episode,173100,50.24320000000002,0.33293866666666677,,,,
train_episode,173250,62.87999999999999,0.4169066666666668,,,,
train_episode,173400,51.846933333333354,0.3427946666666669,,,,
train_episode,173550,40.68533333333334,0.2688426666666665,,,,
train_episode,173700,63.56800000000001,0.4223253333333333,,,,
train_episode,173850,65.95733333333335,0.437632,,,,
train_episode,174000,78.74293333333334,0.5241173333333332,,,,
eval,174000,,,,,74.95509333333334,0.4988672
train_episode,174150,58.00959999999999,0.3850133333333333,,,,
train_episode,174300,51.92159999999999,0.3448746666666669,,,,
train_episode,174450,63.38933333333334,0.4204693333333334,,,,
train_episode,174600,38.45973333333337,0.2531733333333333,,,,
train_episode,174750,22.044266666666676,0.14395733333333338,,,,
train_episode,174900,56.29119999999998,0.3726720000000001,,,,
train_episode,175050,66.92426666666664,0.4452053333333331,,,,
train_episode,175200,40.990933333333324,0.27079466666666663,,,,
train_episode,175350,70.31573333333333,0.4665813333333331,,,,
train_episode,175500,55.38613333333332,0.3669333333333334,,,,
train_episode,175650,14.949866666666665,0.09627733333333333,,,,
train_episode,175800,37.07146666666668,0.243456,,,,
train_episode,175950,11.556266666666659,0.07327999999999996,,,,
train_episode,176100,5.2133333333333365,0.031178666666666684,,,,
train_episode,176250,22.37066666666669,0.14537600000000012,,,,
train_episode,176400,41.8170666666667,0.2762560000000001,,,,
train_episode,176550,52.32160000000002,0.3460053333333333,,,,
train_episode,176700,52.779200000000024,0.3497493333333333,,,,
train_episode,176850,57.153066666666675,0.3791893333333334,,,,
train_episode,177000,53.7845333333333,0.35657599999999984,,,,
eval,177000,,,,,58.09408,0.3852352
train_episode,177150,57.697600000000016,0.3826880000000001,,,,
train_episode,177300,54.16053333333335,0.3588906666666667,,,,
train_episode,177450,44.249066666666636,0.2924159999999998,,,,
train_episode,177600,39.75093333333334,0.26305066666666665,,,,
train_episode,177750,55.308800000000026,0.3656640000000002,,,,
train_episode,177900,40.6512,0.2688,,,,
train_episode,178050,48.357333333333344,0.31874133333333343,,,,
train_episode,178200,37.69813333333331,0.2486933333333331,,,,
train_episode,178350,47.80266666666668,0.3160213333333335,,,,
train_episode,178500,66.84000000000002,0.4455253333333333,,,,
train_episode,178650,84.8128,0.5651626666666666,,,,
train_episode,178800,54.796266666666654,0.36338133333333333,,,,
train_episode,178950,43.5504,0.287648,,,,
train_episode,179100,40.16640000000001,0.2652159999999999,,,,
train_episode,179250,35.04426666666669,0.23051733333333335,,,,
train_episode,179400,31.025066666666664,0.20412800000000003,,,,
train_episode,179550,58.12320000000005,0.38491733333333344,,,,
train_episode,179700,49.94559999999997,0.3305279999999999,,,,
train_episode,179850,61.56320000000001,0.4087786666666668,,,,
train_episode,180000,58.7109333333333,0.3888319999999998,,,,
eval,180000,,,,,60.17504000000001,0.39912319999999996
train_episode,180150,60.896000000000015,0.404096,,,,
train_episode,180300,64.91306666666667,0.4311146666666668,,,,
train_episode,180450,56.04426666666665,0.3715839999999999,,,,
train_episode,180600,72.66773333333333,0.48301866666666676,,,,
train_episode,180750,54.7237333333333,0.36273066666666637,,,,
train_episode,180900,48.282133333333334,0.32002133333333344,,,,
train_episode,181050,55.07146666666666,0.3658346666666666,,,,
train_episode,181200,61.93546666666667,0.4103680000000002,,,,
train_episode,181350,42.22719999999999,0.2789226666666666,,,,
train_episode,181500,49.78933333333333,0.3290239999999999,,,,
train_episode,181650,25.310933333333356,0.1656426666666668,,,,
train_episode,181800,42.432533333333346,0.2808853333333332,,,,
train_episode,181950,36.420799999999986,0.23943466666666652,,,,
train_episode,182100,47.40373333333333,0.3134826666666666,,,,
train_episode,182250,13.02453333333333,0.08316799999999995,,,,
train_episode,182400,17.585599999999985,0.11386666666666666,,,,
train_episode,182550,35.60373333333335,0.23462400000000008,,,,
train_episode,182700,43.099199999999975,0.28347733333333314,,,,
train_episode,182850,35.76639999999999,0.23534933333333347,,,,
train_episode,183000,35.43253333333333,0.23272533333333328,,,,
eval,183000,,,,,32.84927999999999,0.21608746666666662
train_episode,183150,18.62613333333334,0.12061866666666667,,,,
train_episode,183300,16.75200000000001,0.1078186666666666,,,,
train_episode,183450,27.546666666666656,0.18001066666666654,,,,
train_episode,183600,36.24426666666666,0.23811199999999985,,,,
train_episode,183750,31.847466666666666,0.20908800000000005,,,,
train_episode,183900,37.62826666666671,0.24758400000000022,,,,
train_episode,184050,15.770666666666662,0.10156799999999994,,,,
train_episode,184200,22.996800000000015,0.14992000000000008,,,,
train_episode,184350,34.39626666666668,0.22649600000000006,,,,
train_episode,184500,47.000533333333344,0.3107413333333336,,,,
train_episode,184650,61.78453333333333,0.4101866666666665,,,,
train_episode,184800,38.664533333333324,0.2547733333333333,,,,
train_episode,184950,33.20266666666666,0.218272,,,,
train_episode,185100,71.86613333333335,0.47830400000000006,,,,
train_episode,185250,83.21973333333335,0.5544853333333328,,,,
train_episode,185400,68.26400000000001,0.453088,,,,
train_episode,185550,49.98079999999999,0.3303573333333332,,,,
train_episode,185700,59.15680000000001,0.3933333333333335,,,,
train_episode,185850,42.45813333333334,0.2802133333333333,,,,
train_episode,186000,41.33599999999999,0.2731413333333334,,,,
eval,186000,,,,,53.634879999999995,0.3553322666666667
train_episode,186150,28.22080000000001,0.18473600000000007,,,,
train_episode,186300,24.105600000000003,0.1574826666666667,,,,
train_episode,186450,30.541866666666664,0.20065066666666667,,,,
train_episode,186600,26.793599999999987,0.1751786666666666,,,,
train_episode,186750,42.70240000000003,0.2819519999999999,,,,
train_episode,186900,42.4272,0.2808000000000001,,,,
train_episode,187050,30.61440000000002,0.20099200000000014,,,,
train_episode,187200,29.890133333333324,0.19553066666666657,,,,
train_episode,187350,25.653866666666655,0.16810666666666665,,,,
train_episode,187500,41.83199999999999,0.2756693333333334,,,,
train_episode,187650,14.435199999999995,0.09272533333333331,,,,
train_episode,187800,20.123733333333345,0.13046400000000005,,,,
train_episode,187950,34.525333333333336,0.2266773333333334,,,,
train_episode,188100,20.273600000000012,0.13157333333333343,,,,
train_episode,188250,25.07786666666666,0.16395733333333334,,,,
train_episode,188400,29.773866666666688,0.19525333333333345,,,,
train_episode,188550,15.727466666666658,0.10150399999999993,,,,
train_episode,188700,15.199999999999998,0.09767466666666662,,,,
train_episode,188850,30.337599999999995,0.19933866666666664,,,,
train_episode,189000,25.729066666666654,0.1680746666666666,,,,
eval,189000,,,,,32.523839999999986,0.21372373333333322
train_episode,189150,28.497066666666672,0.18686933333333336,,,,
train_episode,189300,28.367466666666672,0.18541866666666673,,,,
train_episode,189450,18.390933333333315,0.1188693333333332,,,,
train_episode,189600,20.67306666666669,0.13427200000000017,,,,
train_episode,189750,43.35946666666665,0.285792,,,,
train_episode,189900,19.982399999999995,0.1296,,,,
train_episode,190050,16.14346666666664,0.10392533333333326,,,,
train_episode,190200,14.836800000000006,0.095008,,,,
train_episode,190350,19.028266666666664,0.12297600000000003,,,,
train_episode,190500,15.10986666666666,0.0970773333333333,,,,
train_episode,190650,45.70080000000001,0.3020906666666667,,,,
train_episode,190800,21.365866666666673,0.1386666666666667,,,,
train_episode,190950,17.318400000000008,0.1119466666666667,,,,
train_episode,191100,15.62666666666666,0.10065066666666661,,,,
train_episode,191250,18.470933333333345,0.1196373333333333,,,,
train_episode,191400,22.341333333333342,0.14539733333333335,,,,
train_episode,191550,17.848000000000006,0.1154773333333333,,,,
train_episode,191700,25.52213333333334,0.16640000000000002,,,,
train_episode,191850,16.610666666666663,0.10710399999999991,,,,
train_episode,192000,15.941333333333333,0.10279466666666663,,,,
eval,192000,,,,,11.596479999999996,0.07381759999999997
train_episode,192150,22.95999999999998,0.14941866666666645,,,,
train_episode,192300,22.61440000000001,0.1471040000000001,,,,
train_episode,192450,7.524266666666666,0.04667733333333332,,,,
train_episode,192600,11.86933333333333,0.07561599999999999,,,,
train_episode,192750,11.415999999999995,0.07243733333333328,,,,
train_episode,192900,12.375466666666663,0.07893333333333329,,,,
train_episode,193050,10.645866666666661,0.06725333333333326,,,,
train_episode,193200,13.279466666666663,0.08477866666666665,,,,
train_episode,193350,11.007466666666675,0.06990933333333336,,,,
train_episode,193500,13.035733333333337,0.08349866666666667,,,,
train_episode,193650,11.504533333333336,0.07323733333333336,,,,
train_episode,193800,12.9376,0.08275200000000003,,,,
train_episode,193950,11.71946666666667,0.07467733333333333,,,,
train_episode,194100,8.976533333333327,0.05639466666666663,,,,
train_episode,194250,13.899199999999999,0.08910933333333332,,,,
train_episode,194400,22.631466666666658,0.14700799999999997,,,,
train_episode,194550,27.184000000000033,0.17745066666666684,,,,
train_episode,194700,9.474666666666659,0.059839999999999935,,,,
train_episode,194850,7.7429333333333314,0.04821333333333333,,,,
train_episode,195000,14.457599999999996,0.09294933333333333,,,,
eval,195000,,,,,8.158613333333333,0.05096106666666668
train_episode,195150,11.195199999999998,0.07097599999999998,,,,
train_episode,195300,6.227733333333335,0.03821866666666667,,,,
train_episode,195450,10.027733333333336,0.06339200000000003,,,,
train_episode,195600,25.477866666666667,0.16597333333333333,,,,
train_episode,195750,10.721599999999995,0.0681493333333333,,,,
train_episode,195900,19.49333333333333,0.12589866666666658,,,,
train_episode,196050,14.67306666666666,0.09418666666666663,,,,
train_episode,196200,9.021866666666662,0.05680000000000001,,,,
train_episode,196350,11.679466666666668,0.07403733333333334,,,,
train_episode,196500,7.558933333333336,0.04706133333333335,,,,
train_episode,196650,5.764266666666664,0.035114666666666655,,,,
train_episode,196800,8.159999999999997,0.050794666666666634,,,,
train_episode,196950,21.797866666666657,0.14157866666666663,,,,
train_episode,197100,10.696533333333337,0.06796800000000001,,,,
train_episode,197250,17.322666666666663,0.11205333333333338,,,,
train_episode,197400,13.695466666666665,0.08766933333333331,,,,
train_episode,197550,21.758399999999973,0.14130133333333317,,,,
train_episode,197700,16.7808,0.10835199999999996,,,,
train_episode,197850,11.97973333333333,0.07631999999999999,,,,
train_episode,198000,11.798400000000008,0.07504000000000005,,,,
eval,198000,,,,,12.32405333333333,0.07862186666666662
train_episode,198150,17.302933333333364,0.11171200000000013,,,,
train_episode,198300,7.9568,0.04965333333333332,,,,
train_episode,198450,15.037866666666664,0.09678933333333331,,,,
train_episode,198600,8.161599999999998,0.05088,,,,
train_episode,198750,14.128533333333335,0.09032533333333335,,,,
train_episode,198900,10.768533333333329,0.06824533333333331,,,,
train_episode,199050,11.267733333333336,0.07164799999999998,,,,
train_episode,199200,11.054399999999989,0.07004799999999993,,,,
train_episode,199350,10.79466666666667,0.06870400000000003,,,,
train_episode,199500,13.464533333333335,0.08647466666666666,,,,
train_episode,199650,11.702399999999999,0.07465600000000001,,,,
train_episode,199800,14.811733333333331,0.09519999999999998,,,,
train_episode,199950,11.356799999999996,0.07226666666666663,,,,
train_episode,200100,11.78773333333333,0.07512533333333332,,,,
train_episode,200250,11.350933333333325,0.07203199999999994,,,,
train_episode,200400,15.398399999999999,0.09931733333333331,,,,
train_episode,200550,7.6128000000000045,0.04740266666666668,,,,
train_episode,200700,11.547733333333335,0.073504,,,,
train_episode,200850,15.446399999999995,0.09954133333333332,,,,
train_episode,201000,14.882133333333332,0.09565866666666666,,,,
eval,201000,,,,,16.147413333333333,0.10407039999999998
train_episode,201150,17.315733333333323,0.11171199999999994,,,,
train_episode,201300,11.19413333333333,0.07110399999999996,,,,
train_episode,201450,14.15146666666666,0.0907413333333333,,,,
train_episode,201600,9.737599999999997,0.06155733333333332,,,,
train_episode,201750,18.288000000000004,0.11834666666666668,,,,
train_episode,201900,14.772799999999998,0.09488,,,,
train_episode,202050,12.534399999999989,0.0801066666666666,,,,
train_episode,202200,8.790399999999995,0.055125333333333304,,,,
train_episode,202350,14.190933333333334,0.09107199999999997,,,,
train_episode,202500,8.313599999999994,0.05191466666666667,,,,
train_episode,202650,8.661866666666661,0.054176000000000016,,,,
train_episode,202800,7.592533333333332,0.04719999999999999,,,,
train_episode,202950,7.018133333333333,0.04358399999999999,,,,
train_episode,203100,12.767466666666667,0.08164266666666664,,,,
train_episode,203250,9.286933333333334,0.058581333333333326,,,,
train_episode,203400,7.838400000000002,0.048746666666666674,,,,
train_episode,203550,8.692799999999997,0.054410666666666656,,,,
train_episode,203700,7.293866666666666,0.04527999999999999,,,,
train_episode,203850,9.226666666666667,0.05785599999999999,,,,
train_episode,204000,7.294933333333331,0.04530133333333333,,,,
eval,204000,,,,,8.658986666666665,0.05426559999999999
train_episode,204150,8.890133333333331,0.05575466666666666,,,,
train_episode,204300,8.42826666666666,0.05269333333333333,,,,
train_episode,204450,10.077866666666667,0.064096,,,,
train_episode,204600,9.702400000000003,0.061397333333333345,,,,
train_episode,204750,4.420266666666667,0.02602666666666667,,,,
train_episode,204900,8.87626666666667,0.055477333333333344,,,,
train_episode,205050,5.831466666666666,0.03573333333333333,,,,
train_episode,205200,9.082133333333331,0.05722666666666666,,,,
train_episode,205350,14.541866666666667,0.09325866666666667,,,,
train_episode,205500,21.685866666666666,0.14087466666666668,,,,
train_episode,205650,13.674666666666658,0.0874666666666666,,,,
train_episode,205800,7.004799999999998,0.04324266666666665,,,,
train_episode,205950,7.9807999999999995,0.04965333333333333,,,,
train_episode,206100,7.0848,0.04370133333333334,,,,
train_episode,206250,10.902400000000002,0.06935466666666668,,,,
train_episode,206400,7.741866666666671,0.048245333333333355,,,,
train_episode,206550,7.901333333333334,0.049216,,,,
train_episode,206700,6.901866666666671,0.04270933333333336,,,,
train_episode,206850,12.742933333333335,0.08147200000000003,,,,
train_episode,207000,5.8074666666666666,0.035232000000000006,,,,
eval,207000,,,,,7.292266666666666,0.0450624
train_episode,207150,7.118933333333332,0.04392533333333333,,,,
train_episode,207300,13.13173333333334,0.08414933333333337,,,,
train_episode,207450,7.80266666666667,0.048501333333333355,,,,
train_episode,207600,10.170133333333329,0.06409599999999996,,,,
train_episode,207750,11.966399999999993,0.07618133333333327,,,,
train_episode,207900,9.309866666666663,0.05853866666666666,,,,
train_episode,208050,16.016533333333324,0.10310399999999995,,,,
train_episode,208200,8.26613333333333,0.051861333333333336,,,,
train_episode,208350,6.840533333333337,0.04215466666666669,,,,
train_episode,208500,8.76053333333334,0.05480533333333336,,,,
train_episode,208650,8.302399999999993,0.05187200000000001,,,,
train_episode,208800,7.4336,0.046261333333333356,,,,
train_episode,208950,7.242133333333336,0.04504533333333334,,,,
train_episode,209100,7.6213333333333315,0.047466666666666664,,,,
train_episode,209250,6.098666666666667,0.037130666666666666,,,,
train_episode,209400,10.434133333333326,0.06619733333333329,,,,
train_episode,209550,7.456533333333334,0.04622933333333334,,,,
train_episode,209700,9.2832,0.05818666666666668,,,,
train_episode,209850,7.5888,0.047264,,,,
train_episode,210000,13.675733333333328,0.08758399999999997,,,,
eval,210000,,,,,8.612799999999998,0.05389439999999999
train_episode,210150,10.185066666666662,0.0645333333333333,,,,
train_episode,210300,10.179733333333322,0.06435199999999988,,,,
train_episode,210450,8.920533333333335,0.05598933333333333,,,,
train_episode,210600,11.154666666666667,0.07058133333333336,,,,
train_episode,210750,7.801066666666667,0.04864000000000001,,,,
train_episode,210900,6.008533333333334,0.03666133333333334,,,,
train_episode,211050,7.520000000000004,0.04650666666666669,,,,
train_episode,211200,5.183466666666667,0.031264,,,,
train_episode,211350,6.591466666666666,0.04064,,,,
train_episode,211500,7.251200000000002,0.044789333333333334,,,,
train_episode,211650,7.559466666666666,0.04696533333333334,,,,
train_episode,211800,6.833066666666667,0.04204800000000002,,,,
train_episode,211950,7.332266666666667,0.045184,,,,
train_episode,212100,8.170666666666667,0.05093333333333335,,,,
train_episode,212250,7.956799999999998,0.04966399999999999,,,,
train_episode,212400,16.746666666666652,0.10810666666666663,,,,
train_episode,212550,7.115733333333336,0.04403200000000001,,,,
train_episode,212700,6.628800000000004,0.040757333333333354,,,,
train_episode,212850,3.9146666666666676,0.022976,,,,
train_episode,213000,4.6458666666666675,0.027680000000000007,,,,
eval,213000,,,,,9.17568,0.0576512
train_episode,213150,5.688533333333334,0.03457066666666668,,,,
train_episode,213300,7.4144,0.045888000000000005,,,,
train_episode,213450,9.028266666666669,0.056672,,,,
train_episode,213600,11.622399999999999,0.07413333333333333,,,,
train_episode,213750,5.278399999999999,0.03185066666666667,,,,
train_episode,213900,7.115733333333332,0.04385066666666666,,,,
train_episode,214050,5.339200000000001,0.03246933333333333,,,,
train_episode,214200,9.217599999999997,0.05766399999999995,,,,
train_episode,214350,7.6805333333333365,0.04759466666666669,,,,
train_episode,214500,7.906133333333335,0.049408000000000014,,,,
train_episode,214650,6.267733333333332,0.038144000000000004,,,,
train_episode,214800,4.210133333333333,0.024629333333333326,,,,
train_episode,214950,6.921599999999999,0.04271999999999999,,,,
train_episode,215100,7.4784000000000015,0.04648533333333335,,,,
train_episode,215250,5.514666666666665,0.03337599999999998,,,,
train_episode,215400,5.98826666666667,0.036426666666666684,,,,
train_episode,215550,9.210666666666667,0.05800533333333332,,,,
train_episode,215700,8.967466666666665,0.056341333333333334,,,,
train_episode,215850,5.551466666666665,0.03335466666666666,,,,
train_episode,216000,7.707199999999999,0.047743999999999995,,,,
eval,216000,,,,,6.073066666666667,0.037164800000000005
train_episode,216150,7.2768,0.045152,,,,
train_episode,216300,10.686933333333332,0.06775466666666667,,,,
train_episode,216450,11.815999999999999,0.07524266666666665,,,,
train_episode,216600,8.621333333333332,0.05410133333333332,,,,
train_episode,216750,10.710933333333331,0.067776,,,,
train_episode,216900,7.0336000000000025,0.04347733333333334,,,,
train_episode,217050,19.466666666666658,0.12611199999999997,,,,
train_episode,217200,7.833066666666669,0.04877866666666669,,,,
train_episode,217350,6.275733333333337,0.03861333333333335,,,,
train_episode,217500,9.154133333333329,0.05742933333333331,,,,
train_episode,217650,6.108266666666666,0.03739733333333333,,,,
train_episode,217800,8.019199999999998,0.04981333333333333,,,,
train_episode,217950,6.562133333333332,0.04041600000000001,,,,
train_episode,218100,6.353066666666667,0.038720000000000004,,,,
train_episode,218250,8.0768,0.05029333333333332,,,,
train_episode,218400,6.4704000000000015,0.039616000000000005,,,,
train_episode,218550,7.610133333333333,0.047370666666666665,,,,
train_episode,218700,7.612266666666669,0.04736000000000003,,,,
train_episode,218850,4.7728,0.028224000000000006,,,,
train_episode,219000,7.40266666666667,0.045632000000000034,,,,
eval,219000,,,,,6.2532266666666665,0.03827626666666667
train_episode,219150,7.3258666666666645,0.04538666666666666,,,,
train_episode,219300,8.666666666666675,0.05417600000000004,,,,
train_episode,219450,9.405333333333338,0.05926400000000001,,,,
train_episode,219600,6.3184000000000005,0.038560000000000004,,,,
train_episode,219750,9.481599999999995,0.05963733333333329,,,,
train_episode,219900,8.170666666666667,0.051040000000000016,,,,
train_episode,220050,6.13386666666667,0.0377386666666667,,,,
train_episode,220200,5.620266666666666,0.033834666666666666,,,,
train_episode,220350,6.696533333333336,0.04124800000000003,,,,
train_episode,220500,5.650133333333333,0.034250666666666645,,,,
train_episode,220650,8.645333333333335,0.054304,,,,
train_episode,220800,9.619200000000003,0.06059733333333335,,,,
train_episode,220950,8.198933333333335,0.051338666666666664,,,,
train_episode,221100,6.9130666666666665,0.042634666666666675,,,,
train_episode,221250,11.39626666666666,0.07243733333333331,,,,
train_episode,221400,10.935999999999998,0.06936533333333328,,,,
train_episode,221550,13.729600000000003,0.08801066666666668,,,,
train_episode,221700,10.24213333333333,0.06469333333333328,,,,
train_episode,221850,11.548799999999995,0.0731733333333333,,,,
train_episode,222000,15.792000000000002,0.10154666666666667,,,,
eval,222000,,,,,9.512533333333332,0.06004266666666665
train_episode,222150,7.450133333333335,0.04611200000000002,,,,
train_episode,222300,11.339199999999984,0.07212799999999989,,,,
train_episode,222450,8.119466666666666,0.05074133333333334,,,,
train_episode,222600,9.637866666666667,0.06088533333333332,,,,
train_episode,222750,8.096533333333337,0.050485333333333354,,,,
train_episode,222900,9.840533333333331,0.062175999999999974,,,,
train_episode,223050,9.624533333333334,0.060661333333333345,,,,
train_episode,223200,8.026133333333334,0.04981333333333333,,,,
train_episode,223350,10.455466666666663,0.06602666666666661,,,,
train_episode,223500,6.387733333333334,0.03895466666666668,,,,
train_episode,223650,5.000533333333332,0.030048000000000005,,,,
train_episode,223800,8.148799999999998,0.05080533333333333,,,,
train_episode,223950,5.446933333333335,0.03307733333333334,,,,
train_episode,224100,6.059200000000001,0.036885333333333346,,,,
train_episode,224250,4.974933333333332,0.02968533333333332,,,,
train_episode,224400,8.176533333333332,0.05118933333333335,,,,
train_episode,224550,6.3418666666666645,0.03901866666666665,,,,
train_episode,224700,5.3802666666666665,0.03269333333333333,,,,
train_episode,224850,10.763199999999994,0.06835199999999998,,,,
train_episode,225000,6.307733333333331,0.038485333333333316,,,,
eval,225000,,,,,9.61237333333333,0.06054826666666666
train_episode,225150,8.162666666666658,0.05107199999999998,,,,
train_episode,225300,6.003733333333335,0.03666133333333335,,,,
train_episode,225450,16.235199999999992,0.1046506666666666,,,,
train_episode,225600,9.819199999999997,0.06191999999999994,,,,
train_episode,225750,18.009066666666666,0.1163306666666666,,,,
train_episode,225900,12.386133333333328,0.07902933333333327,,,,
train_episode,226050,11.782933333333327,0.0750186666666666,,,,
train_episode,226200,9.021866666666662,0.056639999999999954,,,,
train_episode,226350,8.796800000000001,0.054816000000000004,,,,
train_episode,226500,8.563733333333335,0.053589333333333315,,,,
train_episode,226650,11.314666666666666,0.0716586666666666,,,,
train_episode,226800,8.942933333333325,0.0560426666666666,,,,
train_episode,226950,10.2512,0.0646933333333333,,,,
train_episode,227100,7.785599999999999,0.04861866666666665,,,,
train_episode,227250,9.773333333333332,0.061951999999999986,,,,
train_episode,227400,6.895466666666666,0.04285866666666667,,,,
train_episode,227550,15.804266666666665,0.10152533333333333,,,,
train_episode,227700,9.854933333333323,0.06219733333333327,,,,
train_episode,227850,10.665066666666673,0.06740266666666668,,,,
train_episode,228000,11.40479999999999,0.0723519999999999,,,,
eval,228000,,,,,7.397439999999999,0.04591786666666666
train_episode,228150,8.76213333333334,0.054773333333333354,,,,
train_episode,228300,11.6672,0.07427199999999999,,,,
train_episode,228450,14.418133333333332,0.09253333333333327,,,,
train_episode,228600,12.96106666666666,0.08278399999999997,,,,
train_episode,228750,20.45013333333331,0.13234133333333314,,,,
train_episode,228900,11.799999999999994,0.07526399999999994,,,,
train_episode,229050,11.426666666666657,0.07276799999999994,,,,
train_episode,229200,8.073599999999997,0.050378666666666676,,,,
train_episode,229350,11.678399999999998,0.07396266666666665,,,,
train_episode,229500,10.128533333333335,0.06398933333333333,,,,
train_episode,229650,14.038399999999994,0.0902293333333333,,,,
train_episode,229800,15.88906666666666,0.10230399999999996,,,,
train_episode,229950,7.928000000000002,0.049408000000000014,,,,
train_episode,230100,16.095999999999993,0.10369066666666664,,,,
train_episode,230250,12.322133333333326,0.07870933333333328,,,,
train_episode,230400,11.230400000000001,0.07148800000000001,,,,
train_episode,230550,8.005333333333335,0.04999466666666668,,,,
train_episode,230700,15.264533333333336,0.09787733333333329,,,,
train_episode,230850,8.08053333333333,0.05047466666666669,,,,
train_episode,231000,13.05440000000001,0.08353066666666674,,,,
eval,231000,,,,,10.230506666666665,0.06471253333333331
train_episode,231150,12.089066666666668,0.07709866666666669,,,,
train_episode,231300,17.72853333333334,0.11441066666666672,,,,
train_episode,231450,13.474666666666664,0.086144,,,,
train_episode,231600,20.81599999999999,0.13478399999999993,,,,
train_episode,231750,14.686399999999988,0.09427199999999993,,,,
train_episode,231900,29.613866666666674,0.19370666666666667,,,,
train_episode,232050,20.622933333333318,0.1338239999999999,,,,
train_episode,232200,15.511999999999992,0.09976533333333325,,,,
train_episode,232350,15.563199999999982,0.09998933333333322,,,,
train_episode,232500,27.075733333333325,0.1769386666666665,,,,
train_episode,232650,10.820266666666663,0.06872533333333329,,,,
train_episode,232800,15.71413333333333,0.10075733333333327,,,,
train_episode,232950,10.909866666666662,0.06913066666666665,,,,
train_episode,233100,25.045866666666647,0.16323199999999988,,,,
train_episode,233250,19.750400000000006,0.1279146666666667,,,,
train_episode,233400,15.394133333333333,0.09896533333333328,,,,
train_episode,233550,20.292800000000007,0.13149866666666676,,,,
train_episode,233700,14.964800000000004,0.0962026666666667,,,,
train_episode,233850,15.5552,0.10017066666666663,,,,
train_episode,234000,27.065599999999968,0.17656533333333313,,,,
eval,234000,,,,,26.77418666666666,0.17508693333333336
train_episode,234150,27.57013333333336,0.18049066666666683,,,,
train_episode,234300,25.939200000000017,0.16912000000000013,,,,
train_episode,234450,15.08906666666666,0.09684266666666662,,,,
train_episode,234600,11.531733333333333,0.07337599999999996,,,,
train_episode,234750,13.983466666666668,0.08977066666666667,,,,
train_episode,234900,14.634666666666668,0.09387733333333334,,,,
train_episode,235050,30.418666666666656,0.19905066666666663,,,,
train_episode,235200,21.931733333333323,0.14235733333333322,,,,
train_episode,235350,19.493866666666662,0.1260693333333333,,,,
train_episode,235500,15.214933333333327,0.0977173333333333,,,,
train_episode,235650,25.333866666666673,0.16488533333333333,,,,
train_episode,235800,32.97546666666669,0.21683200000000014,,,,
train_episode,235950,52.32533333333334,0.3459093333333333,,,,
train_episode,236100,31.817599999999977,0.20861866666666656,,,,
train_episode,236250,43.471999999999994,0.2868266666666667,,,,
train_episode,236400,35.87840000000002,0.23573333333333343,,,,
train_episode,236550,35.42346666666667,0.23304533333333344,,,,
train_episode,236700,54.865066666666664,0.363168,,,,
train_episode,236850,24.103466666666638,0.15674666666666648,,,,
train_episode,237000,52.07413333333332,0.3448533333333332,,,,
eval,237000,,,,,41.17226666666666,0.2713450666666667
train_episode,237150,33.19360000000001,0.2180693333333334,,,,
train_episode,237300,31.052266666666682,0.20393600000000006,,,,
train_episode,237450,38.54079999999999,0.2536853333333333,,,,
train_episode,237600,15.439466666666664,0.09923199999999999,,,,
train_episode,237750,17.48266666666665,0.11262933333333318,,,,
train_episode,237900,9.916266666666662,0.06260266666666664,,,,
train_episode,238050,30.24746666666667,0.1979733333333334,,,,
train_episode,238200,20.668800000000015,0.13397333333333342,,,,
train_episode,238350,50.601066666666696,0.3345280000000001,,,,
train_episode,238500,21.022399999999973,0.13647999999999988,,,,
train_episode,238650,15.579199999999997,0.1003093333333333,,,,
train_episode,238800,57.26773333333332,0.380128,,,,
train_episode,238950,44.17226666666666,0.29072,,,,
train_episode,239100,73.41546666666662,0.4874026666666669,,,,
train_episode,239250,49.631466666666675,0.32749866666666677,,,,
train_episode,239400,19.143466666666647,0.1236799999999999,,,,
train_episode,239550,51.671466666666696,0.34155733333333355,,,,
train_episode,239700,47.0213333333333,0.3119786666666666,,,,
train_episode,239850,31.43626666666667,0.20612266666666665,,,,
train_episode,240000,30.071466666666684,0.19677866666666674,,,,
eval,240000,,,,,58.71797333333332,0.3895936
train_episode,240150,38.69333333333334,0.2540586666666667,,,,
train_episode,240300,47.64426666666668,0.3157120000000001,,,,
train_episode,240450,64.40906666666665,0.4281493333333332,,,,
train_episode,240600,68.29973333333331,0.4543253333333334,,,,
train_episode,240750,52.63946666666668,0.3483733333333333,,,,
train_episode,240900,60.106666666666655,0.3985919999999999,,,,
train_episode,241050,40.32480000000001,0.2661226666666667,,,,
train_episode,241200,73.29226666666672,0.48693333333333355,,,,
train_episode,241350,54.42026666666668,0.35981866666666673,,,,
train_episode,241500,28.002133333333315,0.18351999999999985,,,,
train_episode,241650,78.91040000000001,0.5251520000000003,,,,
train_episode,241800,83.61546666666669,0.5575786666666666,,,,
train_episode,241950,96.15573333333336,0.640992,,,,
train_episode,242100,63.00960000000004,0.41824000000000017,,,,
train_episode,242250,45.54133333333336,0.30116266666666663,,,,
train_episode,242400,89.78986666666667,0.5977386666666663,,,,
train_episode,242550,87.00533333333328,0.5803306666666667,,,,
train_episode,242700,81.1888,0.5413226666666666,,,,
train_episode,242850,74.09119999999999,0.4927253333333334,,,,
train_episode,243000,66.87999999999997,0.4437653333333333,,,,
eval,243000,,,,,67.30698666666669,0.44757760000000013
train_episode,243150,80.82186666666672,0.5381760000000001,,,,
train_episode,243300,69.23626666666664,0.460341333333333,,,,
train_episode,243450,78.75306666666665,0.5238506666666664,,,,
train_episode,243600,70.49440000000001,0.4692906666666667,,,,
train_episode,243750,104.57813333333331,0.6969386666666664,,,,
train_episode,243900,90.43466666666669,0.6034346666666663,,,,
train_episode,244050,107.75306666666664,0.7197226666666663,,,,
train_episode,244200,102.61440000000002,0.6854933333333333,,,,
train_episode,244350,77.92586666666669,0.5179946666666668,,,,
train_episode,244500,11.615999999999998,0.07394133333333326,,,,
train_episode,244650,71.07413333333331,0.47299199999999997,,,,
train_episode,244800,81.45706666666669,0.5423360000000002,,,,
train_episode,244950,43.89973333333331,0.29057066666666653,,,,
train_episode,245100,86.64053333333331,0.5783573333333336,,,,
train_episode,245250,104.9466666666667,0.7002986666666666,,,,
train_episode,245400,86.37119999999997,0.5749653333333332,,,,
train_episode,245550,87.92106666666666,0.5860586666666666,,,,
train_episode,245700,88.65973333333334,0.5913706666666669,,,,
train_episode,245850,66.04160000000005,0.43692800000000015,,,,
train_episode,246000,31.18293333333335,0.20504533333333336,,,,
eval,246000,,,,,72.12448,0.47929386666666673
train_episode,246150,75.49280000000007,0.501248,,,,
train_episode,246300,96.54240000000001,0.6445866666666666,,,,
train_episode,246450,98.55199999999998,0.6577493333333334,,,,
train_episode,246600,74.49226666666667,0.4960106666666662,,,,
train_episode,246750,92.25119999999997,0.6152106666666667,,,,
train_episode,246900,91.43413333333334,0.6107733333333333,,,,
train_episode,247050,88.78133333333331,0.5916800000000003,,,,
train_episode,247200,96.14026666666669,0.6421226666666664,,,,
train_episode,247350,85.22293333333332,0.568064,,,,
train_episode,247500,77.98506666666663,0.5183893333333333,,,,
train_episode,247650,40.66933333333333,0.2681599999999999,,,,
train_episode,247800,105.94666666666667,0.706816,,,,
train_episode,247950,75.38773333333334,0.5018133333333332,,,,
train_episode,248100,82.9034666666667,0.5518613333333332,,,,
train_episode,248250,94.7984,0.6322346666666668,,,,
train_episode,248400,87.83306666666667,0.5855360000000004,,,,
train_episode,248550,93.50133333333332,0.6243306666666669,,,,
train_episode,248700,89.8778666666667,0.5989973333333335,,,,
train_episode,248850,94.12533333333334,0.6282773333333331,,,,
train_episode,249000,119.0773333333334,0.7952746666666666,,,,
eval,249000,,,,,101.91413333333333,0.6803029333333332
train_episode,249150,83.99679999999995,0.5594986666666668,,,,
train_episode,249300,67.78666666666665,0.4511253333333334,,,,
train_episode,249450,94.86826666666668,0.6327680000000004,,,,
train_episode,249600,117.51733333333333,0.7840533333333332,,,,
train_episode,249750,73.4538666666667,0.4880746666666668,,,,
train_episode,249900,86.43786666666665,0.5765653333333334,,,,
train_episode,250050,111.35573333333329,0.743424,,,,
train_episode,250200,106.6954666666667,0.7120640000000003,,,,
train_episode,250350,76.69546666666669,0.5117013333333332,,,,
train_episode,250500,109.14133333333326,0.7285013333333332,,,,
train_episode,250650,111.76320000000001,0.7465493333333332,,,,
train_episode,250800,121.69706666666667,0.8124053333333333,,,,
train_episode,250950,100.20213333333339,0.6679573333333332,,,,
train_episode,251100,65.83200000000001,0.43700266666666654,,,,
train_episode,251250,72.58293333333337,0.4832319999999998,,,,
train_episode,251400,89.34879999999998,0.5970133333333335,,,,
train_episode,251550,95.53440000000002,0.6370560000000001,,,,
train_episode,251700,49.08266666666664,0.32429866666666646,,,,
train_episode,251850,93.14079999999998,0.6217919999999997,,,,
train_episode,252000,92.3616,0.6164586666666665,,,,
eval,252000,,,,,94.5953066666667,0.6312746666666668
train_episode,252150,88.61706666666672,0.5901546666666669,,,,
train_episode,252300,96.0341333333334,0.6412159999999997,,,,
train_episode,252450,100.92906666666661,0.6732799999999999,,,,
train_episode,252600,108.59839999999998,0.7245013333333331,,,,
train_episode,252750,89.26400000000002,0.5960000000000001,,,,
train_episode,252900,111.1893333333333,0.7422080000000002,,,,
train_episode,253050,108.01386666666667,0.720874666666667,,,,
train_episode,253200,103.57173333333337,0.6909759999999999,,,,
train_episode,253350,95.60000000000002,0.6383039999999999,,,,
train_episode,253500,35.00960000000001,0.22938666666666663,,,,
train_episode,253650,53.50186666666665,0.3563946666666666,,,,
train_episode,253800,76.58186666666668,0.5095893333333334,,,,
train_episode,253950,78.62133333333328,0.5232213333333328,,,,
train_episode,254100,71.7322666666667,0.4773333333333332,,,,
train_episode,254250,108.63146666666671,0.7250453333333333,,,,
train_episode,254400,106.81226666666662,0.7131839999999999,,,,
train_episode,254550,103.10720000000002,0.6884586666666668,,,,
train_episode,254700,91.33386666666664,0.6090453333333335,,,,
train_episode,254850,84.74506666666665,0.5640959999999999,,,,
train_episode,255000,84.36266666666667,0.5631253333333331,,,,
eval,255000,,,,,101.61909333333334,0.6784085333333333
train_episode,255150,97.07839999999995,0.6474666666666664,,,,
train_episode,255300,95.63093333333337,0.6375573333333334,,,,
train_episode,255450,54.581866666666684,0.36272000000000004,,,,
train_episode,255600,91.22720000000002,0.6087039999999998,,,,
train_episode,255750,97.89546666666664,0.6522559999999998,,,,
train_episode,255900,58.4352,0.38907733333333344,,,,
train_episode,256050,93.4224,0.6239786666666668,,,,
train_episode,256200,69.85546666666669,0.4653866666666667,,,,
train_episode,256350,98.416,0.6571946666666664,,,,
train_episode,256500,101.62826666666669,0.6783786666666667,,,,
train_episode,256650,117.40746666666672,0.7841386666666665,,,,
train_episode,256800,117.3648,0.7837226666666667,,,,
train_episode,256950,109.6304,0.7319253333333333,,,,
train_episode,257100,116.02773333333334,0.7746986666666666,,,,
train_episode,257250,117.17759999999997,0.7824319999999999,,,,
train_episode,257400,88.27733333333333,0.5885440000000005,,,,
train_episode,257550,111.1765333333334,0.7422079999999996,,,,
train_episode,257700,118.19520000000001,0.7890346666666666,,,,
train_episode,257850,115.20853333333332,0.7688213333333331,,,,
train_episode,258000,81.3744,0.5405226666666668,,,,
eval,258000,,,,,56.259093333333325,0.37294933333333324
train_episode,258150,88.63413333333328,0.5919893333333334,,,,
train_episode,258300,97.62026666666662,0.6516586666666667,,,,
train_episode,258450,112.90506666666663,0.7544319999999999,,,,
train_episode,258600,99.29759999999999,0.6626346666666668,,,,
train_episode,258750,110.89066666666663,0.740085333333333,,,,
train_episode,258900,113.7770666666667,0.7592426666666666,,,,
train_episode,259050,110.89333333333332,0.741056,,,,
train_episode,259200,111.7616,0.7465813333333332,,,,
train_episode,259350,116.09866666666667,0.7755733333333332,,,,
train_episode,259500,84.14933333333332,0.5615893333333332,,,,
train_episode,259650,111.97600000000001,0.7482773333333331,,,,
train_episode,259800,101.06826666666669,0.675456,,,,
train_episode,259950,118.95573333333336,0.7948053333333337,,,,
train_episode,260100,115.10026666666667,0.7690879999999998,,,,
train_episode,260250,98.43946666666669,0.6574933333333332,,,,
train_episode,260400,112.41760000000001,0.7511680000000002,,,,
train_episode,260550,21.77226666666666,0.14241066666666663,,,,
train_episode,260700,111.7178666666666,0.7459093333333335,,,,
train_episode,260850,101.92533333333333,0.6799999999999994,,,,
train_episode,261000,92.06346666666667,0.6151253333333335,,,,
eval,261000,,,,,112.5056,0.7510378666666666
train_episode,261150,114.38720000000009,0.7636479999999999,,,,
train_episode,261300,112.62346666666673,0.7516800000000001,,,,
train_episode,261450,115.96960000000006,0.7744319999999999,,,,
train_episode,261600,112.39146666666664,0.751114666666667,,,,
train_episode,261750,123.07413333333336,0.8218986666666669,,,,
train_episode,261900,123.24426666666666,0.8232000000000002,,,,
train_episode,262050,71.67093333333335,0.47832533333333344,,,,
train_episode,262200,107.02133333333333,0.7147413333333332,,,,
train_episode,262350,110.7717333333333,0.7398506666666669,,,,
train_episode,262500,124.97440000000002,0.8346559999999996,,,,
train_episode,262650,114.00533333333337,0.7604373333333331,,,,
train_episode,262800,121.22826666666666,0.8093333333333335,,,,
train_episode,262950,123.44426666666666,0.8234666666666672,,,,
train_episode,263100,119.57973333333332,0.7979733333333335,,,,
train_episode,263250,109.50453333333327,0.7307306666666664,,,,
train_episode,263400,120.70026666666674,0.8050986666666672,,,,
train_episode,263550,123.59199999999998,0.8253653333333332,,,,
train_episode,263700,118.63946666666664,0.7919040000000004,,,,
train_episode,263850,118.95413333333337,0.7936960000000004,,,,
train_episode,264000,125.408,0.8370453333333342,,,,
eval,264000,,,,,101.57152,0.6776853333333335
train_episode,264150,113.8165333333333,0.7598506666666667,,,,
train_episode,264300,112.0821333333333,0.7483733333333333,,,,
train_episode,264450,110.31306666666667,0.7358293333333336,,,,
train_episode,264600,111.01493333333337,0.7412373333333334,,,,
train_episode,264750,121.88533333333336,0.8141013333333337,,,,
train_episode,264900,117.59626666666658,0.7838506666666666,,,,
train_episode,265050,109.47999999999993,0.7296426666666664,,,,
train_episode,265200,116.43093333333333,0.7764693333333335,,,,
train_episode,265350,124.02933333333331,0.828576,,,,
train_episode,265500,109.23253333333336,0.7298880000000003,,,,
train_episode,265650,125.41279999999996,0.8373120000000001,,,,
train_episode,265800,113.57333333333337,0.7580053333333333,,,,
train_episode,265950,127.20373333333323,0.8494506666666664,,,,
train_episode,266100,121.61546666666662,0.8120640000000001,,,,
train_episode,266250,121.70346666666663,0.8122240000000002,,,,
train_episode,266400,101.07200000000003,0.6736213333333331,,,,
train_episode,266550,100.23466666666668,0.6674880000000001,,,,
train_episode,266700,112.37599999999998,0.7497706666666667,,,,
train_episode,266850,121.6245333333333,0.811648,,,,
train_episode,267000,117.24106666666668,0.7818346666666662,,,,
eval,267000,,,,,120.78613333333332,0.8059050666666667
train_episode,267150,114.28853333333332,0.7621866666666666,,,,
train_episode,267300,124.2869333333333,0.8299626666666666,,,,
train_episode,267450,118.09919999999998,0.7870613333333331,,,,
train_episode,267600,120.77759999999995,0.805589333333333,,,,
train_episode,267750,119.68746666666667,0.7984746666666668,,,,
train_episode,267900,120.68213333333328,0.8043840000000001,,,,
train_episode,268050,119.02933333333334,0.7933653333333335,,,,
train_episode,268200,121.13973333333338,0.8076693333333336,,,,
train_episode,268350,117.43786666666665,0.7826880000000002,,,,
train_episode,268500,118.8037333333334,0.7922346666666673,,,,
train_episode,268650,115.44693333333335,0.7702613333333332,,,,
train_episode,268800,115.67893333333329,0.7709226666666661,,,,
train_episode,268950,114.61173333333338,0.7639786666666665,,,,
train_episode,269100,113.10239999999996,0.7547733333333333,,,,
train_episode,269250,110.6864,0.7373973333333336,,,,
train_episode,269400,117.29600000000002,0.7822613333333335,,,,
train_episode,269550,109.79786666666666,0.7314560000000001,,,,
train_episode,269700,108.76479999999998,0.7240746666666665,,,,
train_episode,269850,121.43466666666666,0.8094613333333336,,,,
train_episode,270000,116.52000000000004,0.7765226666666667,,,,
eval,270000,,,,,119.65855999999997,0.7975189333333333
train_episode,270150,123.91946666666666,0.8268159999999997,,,,
train_episode,270300,115.2394666666667,0.7676373333333336,,,,
train_episode,270450,114.4266666666667,0.7623893333333335,,,,
train_episode,270600,117.65813333333335,0.7839466666666666,,,,
train_episode,270750,112.56853333333338,0.7495679999999999,,,,
train_episode,270900,113.51519999999994,0.7569173333333329,,,,
train_episode,271050,115.26026666666667,0.7671786666666669,,,,
train_episode,271200,118.94293333333331,0.7925973333333333,,,,
train_episode,271350,121.81280000000002,0.8126293333333335,,,,
train_episode,271500,120.44373333333328,0.8033279999999997,,,,
train_episode,271650,121.74773333333333,0.8123093333333328,,,,
train_episode,271800,122.6122666666667,0.8181333333333332,,,,
train_episode,271950,122.56160000000007,0.8171200000000002,,,,
train_episode,272100,118.10560000000001,0.7865493333333332,,,,
train_episode,272250,122.36160000000001,0.8161493333333337,,,,
train_episode,272400,120.40000000000005,0.8034986666666669,,,,
train_episode,272550,119.44053333333333,0.7957866666666669,,,,
train_episode,272700,117.91573333333335,0.7863253333333331,,,,
train_episode,272850,121.5712,0.8104106666666665,,,,
train_episode,273000,114.66773333333336,0.764010666666667,,,,
eval,273000,,,,,120.12458666666664,0.8006826666666667
train_episode,273150,119.24213333333329,0.7940480000000001,,,,
train_episode,273300,115.40799999999996,0.7686399999999997,,,,
train_episode,273450,116.3594666666667,0.7744106666666666,,,,
train_episode,273600,113.08800000000001,0.7529813333333332,,,,
train_episode,273750,111.37226666666666,0.7409173333333334,,,,
train_episode,273900,115.80906666666662,0.770442666666666,,,,
train_episode,274050,120.20906666666667,0.8013546666666664,,,,
train_episode,274200,112.52373333333333,0.7492160000000005,,,,
train_episode,274350,119.21653333333335,0.7945706666666663,,,,
train_episode,274500,120.77866666666665,0.8045013333333336,,,,
train_episode,274650,113.05493333333335,0.7527253333333334,,,,
train_episode,274800,116.7264000000001,0.7775786666666663,,,,
train_episode,274950,111.46293333333334,0.7411733333333332,,,,
train_episode,275100,106.97066666666673,0.7123626666666664,,,,
train_episode,275250,114.83039999999998,0.7638933333333331,,,,
train_episode,275400,110.13173333333332,0.733205333333333,,,,
train_episode,275550,108.7749333333333,0.7240213333333333,,,,
train_episode,275700,118.75306666666661,0.7906560000000002,,,,
train_episode,275850,112.53066666666662,0.749152,,,,
train_episode,276000,110.41333333333326,0.73472,,,,
eval,276000,,,,,113.88992,0.758112
train_episode,276150,116.69066666666666,0.7771626666666668,,,,
train_episode,276300,109.58293333333332,0.7285119999999998,,,,
train_episode,276450,112.00746666666666,0.7456426666666661,,,,
train_episode,276600,117.21386666666666,0.7807893333333334,,,,
train_episode,276750,116.94293333333333,0.778090666666666,,,,
train_episode,276900,112.3173333333334,0.7477333333333336,,,,
train_episode,277050,113.24693333333332,0.7543253333333331,,,,
train_episode,277200,110.59306666666663,0.7360533333333337,,,,
train_episode,277350,109.24106666666668,0.7271466666666668,,,,
train_episode,277500,103.71626666666663,0.6888746666666666,,,,
train_episode,277650,113.55839999999999,0.7561599999999998,,,,
train_episode,277800,108.504,0.7217920000000001,,,,
train_episode,277950,115.8666666666667,0.7715519999999998,,,,
train_episode,278100,120.41066666666673,0.8021013333333333,,,,
train_episode,278250,111.10240000000002,0.7386026666666669,,,,
train_episode,278400,111.28853333333335,0.7405759999999999,,,,
train_episode,278550,113.33173333333336,0.7544106666666666,,,,
train_episode,278700,114.14613333333337,0.7596586666666664,,,,
train_episode,278850,112.31146666666673,0.7472426666666666,,,,
train_episode,279000,115.16319999999993,0.7666240000000001,,,,
eval,279000,,,,,113.13098666666667,0.7528042666666666
train_episode,279150,107.96586666666667,0.7181653333333331,,,,
train_episode,279300,111.26773333333335,0.7408,,,,
train_episode,279450,127.10239999999999,0.8480746666666672,,,,
train_episode,279600,114.36213333333333,0.7613866666666667,,,,
train_episode,279750,111.73706666666672,0.7433066666666667,,,,
train_episode,279900,109.39146666666666,0.7275520000000001,,,,
train_episode,280050,111.64853333333333,0.7429866666666669,,,,
train_episode,280200,113.3530666666666,0.7532479999999999,,,,
train_episode,280350,113.52053333333333,0.7556053333333336,,,,
train_episode,280500,112.79359999999996,0.7504000000000001,,,,
train_episode,280650,112.90293333333341,0.7509653333333336,,,,
train_episode,280800,109.73600000000006,0.7298133333333334,,,,
train_episode,280950,111.9248,0.744672,,,,
train_episode,281100,113.92159999999997,0.7582293333333332,,,,
train_episode,281250,112.40959999999995,0.7478506666666669,,,,
train_episode,281400,110.5237333333333,0.7354346666666665,,,,
train_episode,281550,111.72479999999996,0.7430399999999999,,,,
train_episode,281700,112.32533333333335,0.7476160000000001,,,,
train_episode,281850,106.75413333333336,0.7095466666666667,,,,
train_episode,282000,111.91573333333338,0.7445439999999999,,,,
eval,282000,,,,,112.88245333333332,0.7508671999999998
train_episode,282150,115.7114666666667,0.7701653333333331,,,,
train_episode,282300,110.87359999999994,0.7368639999999996,,,,
train_episode,282450,109.688,0.7301439999999999,,,,
train_episode,282600,108.40853333333334,0.7207573333333331,,,,
train_episode,282750,111.31093333333332,0.7402453333333332,,,,
train_episode,282900,113.34613333333338,0.7541439999999996,,,,
train_episode,283050,111.4698666666666,0.741344,,,,
train_episode,283200,107.31679999999994,0.713472,,,,
train_episode,283350,109.4282666666666,0.7280853333333335,,,,
train_episode,283500,113.85386666666666,0.7575146666666666,,,,
train_episode,283650,111.40000000000005,0.7409493333333332,,,,
train_episode,283800,112.62773333333337,0.7495359999999998,,,,
train_episode,283950,111.42720000000004,0.7408426666666666,,,,
train_episode,284100,113.536,0.7554453333333335,,,,
train_episode,284250,111.55146666666667,0.7420159999999996,,,,
train_episode,284400,107.51146666666666,0.7149013333333331,,,,
train_episode,284550,107.7813333333333,0.7170773333333333,,,,
train_episode,284700,112.20906666666669,0.7478613333333333,,,,
train_episode,284850,106.17546666666665,0.7055466666666669,,,,
train_episode,285000,107.4496,0.7148266666666662,,,,
eval,285000,,,,,110.50911999999998,0.7349781333333333
train_episode,285150,108.62560000000006,0.7228586666666668,,,,
train_episode,285300,113.39946666666668,0.75472,,,,
train_episode,285450,110.58986666666664,0.7355413333333333,,,,
train_episode,285600,110.25759999999997,0.7331840000000003,,,,
train_episode,285750,111.4933333333333,0.7413333333333332,,,,
train_episode,285900,112.35573333333332,0.7477013333333328,,,,
train_episode,286050,114.1386666666667,0.7595200000000002,,,,
train_episode,286200,111.95360000000002,0.7451413333333335,,,,
train_episode,286350,109.95040000000003,0.7320213333333334,,,,
train_episode,286500,114.74666666666663,0.7638293333333334,,,,
train_episode,286650,110.60533333333335,0.7358293333333333,,,,
train_episode,286800,110.87839999999996,0.7380799999999997,,,,
train_episode,286950,104.81439999999994,0.6968320000000001,,,,
train_episode,287100,111.14079999999998,0.7393386666666664,,,,
train_episode,287250,108.90719999999999,0.7242879999999999,,,,
train_episode,287400,112.44053333333338,0.7481493333333331,,,,
train_episode,287550,109.66773333333333,0.7292160000000001,,,,
train_episode,287700,115.40906666666663,0.7677333333333333,,,,
train_episode,287850,115.3530666666667,0.7677653333333332,,,,
train_episode,288000,109.34826666666659,0.7274026666666668,,,,
eval,288000,,,,,115.20501333333337,0.7667882666666663
train_episode,288150,120.77066666666666,0.8043413333333332,,,,
train_episode,288300,114.00853333333333,0.7587520000000002,,,,
train_episode,288450,112.6656,0.7499520000000001,,,,
train_episode,288600,113.35466666666662,0.7543679999999999,,,,
train_episode,288750,111.44693333333332,0.741248,,,,
train_episode,288900,101.73173333333337,0.676416,,,,
train_episode,289050,109.39200000000002,0.7276800000000002,,,,
train_episode,289200,113.48426666666668,0.754837333333333,,,,
train_episode,289350,112.60053333333326,0.7496426666666669,,,,
train_episode,289500,110.53280000000007,0.7346986666666665,,,,
train_episode,289650,113.80373333333331,0.7569066666666665,,,,
train_episode,289800,115.91680000000001,0.770858666666667,,,,
train_episode,289950,109.76639999999999,0.7294080000000001,,,,
train_episode,290100,104.55093333333336,0.6953386666666667,,,,
train_episode,290250,110.48266666666672,0.7355200000000002,,,,
train_episode,290400,113.88906666666668,0.7575893333333332,,,,
train_episode,290550,112.77226666666668,0.7506346666666665,,,,
train_episode,290700,113.02666666666666,0.7520000000000003,,,,
train_episode,290850,111.39946666666664,0.7406613333333332,,,,
train_episode,291000,112.21333333333328,0.7466133333333332,,,,
eval,291000,,,,,109.12,0.7255295999999998
train_episode,291150,106.27093333333333,0.7061013333333335,,,,
train_episode,291300,108.25440000000008,0.7197440000000004,,,,
train_episode,291450,110.43573333333336,0.7347413333333335,,,,
train_episode,291600,108.02826666666668,0.7184426666666666,,,,
train_episode,291750,106.72159999999997,0.7093866666666665,,,,
train_episode,291900,108.13120000000004,0.7194880000000003,,,,
train_episode,292050,105.26879999999997,0.6997226666666666,,,,
train_episode,292200,108.14560000000003,0.7189759999999993,,,,
train_episode,292350,108.34293333333333,0.7204373333333333,,,,
train_episode,292500,107.99146666666664,0.7180053333333334,,,,
train_episode,292650,107.23360000000002,0.712874666666667,,,,
train_episode,292800,106.65493333333332,0.7088320000000005,,,,
train_episode,292950,108.23786666666665,0.7197226666666665,,,,
train_episode,293100,109.81173333333331,0.7300800000000002,,,,
train_episode,293250,106.1482666666667,0.7055893333333333,,,,
train_episode,293400,107.048,0.7116693333333334,,,,
train_episode,293550,110.44639999999998,0.7343359999999998,,,,
train_episode,293700,109.49333333333327,0.7286079999999995,,,,
train_episode,293850,107.95093333333325,0.7175360000000001,,,,
train_episode,294000,110.1013333333334,0.7318826666666667,,,,
eval,294000,,,,,112.49322666666667,0.7486293333333334
train_episode,294150,113.15733333333331,0.7528106666666671,,,,
train_episode,294300,113.39413333333337,0.7544746666666671,,,,
train_episode,294450,111.60746666666671,0.7424426666666663,,,,
train_episode,294600,114.02506666666666,0.7581226666666664,,,,
train_episode,294750,111.68426666666667,0.7429119999999998,,,,
train_episode,294900,111.91413333333331,0.7444586666666666,,,,
train_episode,295050,116.79466666666671,0.777376,,,,
train_episode,295200,113.37973333333335,0.7540480000000002,,,,
train_episode,295350,108.36639999999998,0.7208533333333331,,,,
train_episode,295500,110.73120000000003,0.7365013333333332,,,,
train_episode,295650,111.73333333333332,0.7431466666666668,,,,
train_episode,295800,115.14080000000004,0.76576,,,,
train_episode,295950,114.6192,0.7625599999999997,,,,
train_episode,296100,112.48213333333331,0.7485653333333332,,,,
train_episode,296250,112.8581333333333,0.7511040000000002,,,,
train_episode,296400,114.65386666666673,0.7624853333333335,,,,
train_episode,296550,117.6992,0.7838293333333333,,,,
train_episode,296700,116.39840000000001,0.7746560000000001,,,,
train_episode,296850,108.6256,0.7224533333333332,,,,
train_episode,297000,110.95200000000006,0.7378773333333334,,,,
eval,297000,,,,,112.69120000000001,0.7496810666666666
train_episode,297150,110.94239999999999,0.7377279999999996,,,,
train_episode,297300,109.1754666666666,0.725141333333333,,,,
train_episode,297450,100.5461333333333,0.6689599999999997,,,,
train_episode,297600,108.46773333333337,0.7213333333333336,,,,
train_episode,297750,111.09653333333335,0.7395413333333329,,,,
train_episode,297900,118.09386666666663,0.7868586666666665,,,,
train_episode,298050,113.99733333333334,0.7592,,,,
train_episode,298200,113.32480000000007,0.7554453333333332,,,,
train_episode,298350,107.0410666666666,0.7115413333333339,,,,
train_episode,298500,110.34613333333334,0.7345493333333334,,,,
train_episode,298650,111.94186666666663,0.7444693333333331,,,,
train_episode,298800,108.97546666666672,0.7244266666666664,,,,
train_episode,298950,115.87093333333334,0.7721493333333334,,,,
train_episode,299100,106.75679999999996,0.7104959999999999,,,,
train_episode,299250,111.88373333333327,0.7436266666666663,,,,
train_episode,299400,114.65386666666667,0.7626453333333333,,,,
train_episode,299550,107.31466666666671,0.7129386666666665,,,,
train_episode,299700,107.95840000000001,0.7176000000000006,,,,
train_episode,299850,110.11893333333329,0.7325653333333334,,,,
train_episode,300000,107.28426666666664,0.7134079999999999,,,,
eval,300000,,,,,112.43701333333331,0.7483392
train_episode,300150,109.22666666666669,0.7269119999999997,,,,
train_episode,300300,111.58239999999996,0.7430826666666666,,,,
train_episode,300450,110.28799999999997,0.733834666666667,,,,
train_episode,300600,109.3509333333333,0.7277120000000004,,,,
train_episode,300750,112.78720000000004,0.7506666666666666,,,,
train_episode,300900,101.65226666666665,0.6755733333333335,,,,
train_episode,301050,111.76320000000005,0.7438399999999997,,,,
train_episode,301200,117.16000000000001,0.7802346666666667,,,,
train_episode,301350,113.58560000000004,0.7562773333333331,,,,
train_episode,301500,109.52959999999996,0.7291520000000002,,,,
train_episode,301650,115.23893333333335,0.7671360000000003,,,,
train_episode,301800,119.02666666666661,0.7925439999999997,,,,
train_episode,301950,111.47413333333331,0.7427199999999999,,,,
train_episode,302100,109.89013333333338,0.7312960000000001,,,,
train_episode,302250,114.21119999999999,0.7601493333333332,,,,
train_episode,302400,113.80906666666667,0.7584426666666665,,,,
train_episode,302550,109.58026666666666,0.7291946666666663,,,,
train_episode,302700,111.47520000000006,0.7417173333333337,,,,
train_episode,302850,112.94080000000001,0.7514666666666665,,,,
train_episode,303000,109.05920000000002,0.7259413333333333,,,,
eval,303000,,,,,105.79423999999999,0.7039018666666668
train_episode,303150,107.1765333333334,0.712928,,,,
train_episode,303300,108.26506666666663,0.7206719999999999,,,,
train_episode,303450,113.43786666666668,0.7551039999999998,,,,
train_episode,303600,109.89013333333338,0.7316373333333333,,,,
train_episode,303750,113.71946666666672,0.7577920000000002,,,,
train_episode,303900,110.50986666666665,0.7355199999999997,,,,
train_episode,304050,104.78399999999998,0.6972906666666668,,,,
train_episode,304200,110.21120000000003,0.7338560000000005,,,,
train_episode,304350,106.49066666666664,0.7088426666666667,,,,
train_episode,304500,112.97386666666665,0.7529706666666663,,,,
train_episode,304650,120.96479999999998,0.8063253333333334,,,,
train_episode,304800,118.50986666666664,0.7895360000000005,,,,
train_episode,304950,115.22026666666665,0.7678186666666665,,,,
train_episode,305100,112.17493333333326,0.7476799999999998,,,,
train_episode,305250,115.29706666666664,0.768864,,,,
train_episode,305400,117.20693333333331,0.7804480000000001,,,,
train_episode,305550,107.06880000000002,0.7117866666666661,,,,
train_episode,305700,114.10986666666665,0.759904,,,,
train_episode,305850,109.98506666666661,0.7321173333333334,,,,
train_episode,306000,110.24906666666669,0.7344000000000003,,,,
eval,306000,,,,,118.79968,0.7918805333333334
train_episode,306150,119.13120000000005,0.7933013333333335,,,,
train_episode,306300,108.70186666666667,0.7231680000000003,,,,
train_episode,306450,118.76266666666663,0.791349333333333,,,,
train_episode,306600,108.34773333333332,0.7210666666666666,,,,
train_episode,306750,113.09386666666664,0.7531306666666668,,,,
train_episode,306900,118.0682666666667,0.7865066666666674,,,,
train_episode,307050,116.41066666666666,0.776074666666667,,,,
train_episode,307200,123.39306666666663,0.8229759999999998,,,,
train_episode,307350,114.93920000000001,0.7664960000000001,,,,
train_episode,307500,121.30399999999996,0.8098880000000004,,,,
train_episode,307650,113.28906666666671,0.7555946666666669,,,,
train_episode,307800,108.97439999999992,0.7257066666666666,,,,
train_episode,307950,110.92533333333337,0.7384853333333334,,,,
train_episode,308100,113.97866666666667,0.759232,,,,
train_episode,308250,119.50400000000005,0.7966613333333338,,,,
train_episode,308400,118.06026666666669,0.7870613333333333,,,,
train_episode,308550,112.07786666666665,0.7474453333333334,,,,
train_episode,308700,114.67413333333337,0.7649386666666668,,,,
train_episode,308850,117.40799999999999,0.7830826666666667,,,,
train_episode,309000,112.93866666666669,0.7533653333333338,,,,
eval,309000,,,,,118.87936000000002,0.7928981333333334
train_episode,309150,115.03573333333328,0.7671893333333334,,,,
train_episode,309300,119.77813333333333,0.7990293333333329,,,,
train_episode,309450,113.7733333333333,0.7583146666666665,,,,
train_episode,309600,116.8405333333334,0.7795840000000002,,,,
train_episode,309750,114.69919999999998,0.7647253333333336,,,,
train_episode,309900,116.00960000000003,0.7729919999999999,,,,
train_episode,310050,128.4853333333333,0.8585386666666665,,,,
train_episode,310200,40.58879999999999,0.26769066666666674,,,,
train_episode,310350,99.59413333333339,0.666016,,,,
train_episode,310500,125.39359999999996,0.8371626666666666,,,,
train_episode,310650,125.52479999999998,0.837952,,,,
train_episode,310800,122.05599999999994,0.8137813333333332,,,,
train_episode,310950,111.71946666666662,0.7450879999999999,,,,
train_episode,311100,122.0650666666667,0.8152533333333332,,,,
train_episode,311250,127.61920000000008,0.8514986666666666,,,,
train_episode,311400,123.50773333333332,0.823466666666667,,,,
train_episode,311550,108.0570666666666,0.7200533333333333,,,,
train_episode,311700,120.00426666666664,0.799786666666667,,,,
train_episode,311850,108.48000000000008,0.7230613333333331,,,,
train_episode,312000,125.52106666666661,0.8369066666666662,,,,
eval,312000,,,,,115.47007999999998,0.7700010666666668
train_episode,312150,116.57173333333336,0.776618666666666,,,,
train_episode,312300,116.54986666666662,0.7774506666666663,,,,
train_episode,312450,116.74026666666666,0.7788586666666666,,,,
train_episode,312600,122.8272,0.8198080000000002,,,,
train_episode,312750,113.90186666666666,0.7595733333333334,,,,
train_episode,312900,121.48906666666662,0.8096639999999999,,,,
train_episode,313050,110.81226666666666,0.7387199999999997,,,,
train_episode,313200,125.51093333333333,0.837226666666666,,,,
train_episode,313350,123.06133333333327,0.8207573333333333,,,,
train_episode,313500,118.88639999999992,0.7936533333333334,,,,
train_episode,313650,118.23733333333334,0.7889279999999999,,,,
train_episode,313800,125.73600000000005,0.8397119999999999,,,,
train_episode,313950,115.85440000000001,0.7725866666666668,,,,
train_episode,314100,135.6448,0.9064106666666669,,,,
train_episode,314250,126.4272,0.8444906666666667,,,,
train_episode,314400,122.28053333333338,0.8173759999999998,,,,
train_episode,314550,126.9952,0.8479786666666669,,,,
train_episode,314700,120.33226666666667,0.8037226666666666,,,,
train_episode,314850,129.9146666666667,0.8674666666666667,,,,
train_episode,315000,128.83520000000004,0.8607253333333336,,,,
eval,315000,,,,,122.12949333333333,0.8159680000000001
train_episode,315150,124.4165333333333,0.8314986666666668,,,,
train_episode,315300,117.2298666666667,0.7830826666666666,,,,
train_episode,315450,119.28533333333337,0.7961173333333332,,,,
train_episode,315600,117.17919999999991,0.7811839999999997,,,,
train_episode,315750,117.90346666666673,0.786250666666667,,,,
train_episode,315900,116.79786666666666,0.779168,,,,
train_episode,316050,121.62666666666667,0.8109226666666666,,,,
train_episode,316200,113.6629333333333,0.7582080000000001,,,,
train_episode,316350,117.33493333333335,0.7829440000000004,,,,
train_episode,316500,120.86240000000002,0.8061333333333337,,,,
train_episode,316650,118.01493333333337,0.787296,,,,
train_episode,316800,123.7061333333334,0.8260266666666667,,,,
train_episode,316950,119.56746666666668,0.7979946666666664,,,,
train_episode,317100,121.89120000000003,0.8131946666666673,,,,
train_episode,317250,114.71306666666666,0.765717333333333,,,,
train_episode,317400,117.15306666666667,0.7825706666666666,,,,
train_episode,317550,118.95680000000002,0.7943573333333335,,,,
train_episode,317700,126.408,0.8440853333333332,,,,
train_episode,317850,126.02080000000001,0.8419733333333338,,,,
train_episode,318000,122.95733333333334,0.8215359999999999,,,,
eval,318000,,,,,122.68544,0.8197952000000001
train_episode,318150,119.06133333333334,0.795616,,,,
train_episode,318300,122.50240000000004,0.818218666666667,,,,
train_episode,318450,117.1488000000001,0.7825813333333332,,,,
train_episode,318600,120.84960000000002,0.8069120000000002,,,,
train_episode,318750,123.11200000000001,0.822112,,,,
train_episode,318900,124.46399999999997,0.8315413333333332,,,,
train_episode,319050,119.47360000000002,0.7981120000000004,,,,
train_episode,319200,119.83146666666669,0.8002240000000007,,,,
train_episode,319350,121.02773333333333,0.8086293333333333,,,,
train_episode,319500,129.4986666666667,0.8642346666666668,,,,
train_episode,319650,124.94826666666664,0.8346026666666667,,,,
train_episode,319800,120.65066666666658,0.8059626666666668,,,,
train_episode,319950,116.78186666666664,0.7800213333333327,,,,
train_episode,320100,119.21706666666671,0.7964586666666666,,,,
train_episode,320250,115.05386666666661,0.768821333333333,,,,
train_episode,320400,117.45119999999997,0.7838826666666665,,,,
train_episode,320550,117.16213333333333,0.7825706666666666,,,,
train_episode,320700,119.20959999999994,0.7960213333333334,,,,
train_episode,320850,116.05333333333334,0.7756906666666668,,,,
train_episode,321000,120.43626666666665,0.8049066666666663,,,,
eval,321000,,,,,121.98688,0.8149802666666668
train_episode,321150,119.84853333333335,0.8001066666666667,,,,
train_episode,321300,118.31093333333325,0.7903040000000003,,,,
train_episode,321450,109.10079999999998,0.7277653333333334,,,,
train_episode,321600,96.00479999999999,0.6403413333333334,,,,
train_episode,321750,102.18773333333328,0.6813973333333333,,,,
train_episode,321900,114.05919999999995,0.7621653333333337,,,,
train_episode,322050,117.73706666666665,0.7859413333333333,,,,
train_episode,322200,112.0250666666667,0.7481066666666671,,,,
train_episode,322350,114.53279999999998,0.7650666666666663,,,,
train_episode,322500,110.36479999999996,0.7365653333333334,,,,
train_episode,322650,118.0346666666667,0.7881813333333332,,,,
train_episode,322800,111.28639999999997,0.7429866666666666,,,,
train_episode,322950,111.02666666666666,0.7422079999999999,,,,
train_episode,323100,109.76533333333339,0.7330559999999997,,,,
train_episode,323250,119.35679999999998,0.7979839999999999,,,,
train_episode,323400,111.3376,0.7435413333333335,,,,
train_episode,323550,104.67413333333334,0.6985279999999999,,,,
train_episode,323700,106.84693333333327,0.7137386666666666,,,,
train_episode,323850,112.9712,0.7546240000000001,,,,
train_episode,324000,105.06026666666664,0.7019093333333334,,,,
eval,324000,,,,,106.4552533333333,0.7108415999999999
train_episode,324150,111.94506666666668,0.7472853333333335,,,,
train_episode,324300,112.03359999999998,0.7482666666666667,,,,
train_episode,324450,104.48160000000001,0.6973226666666664,,,,
train_episode,324600,105.67306666666664,0.7056106666666668,,,,
train_episode,324750,102.00586666666668,0.6810986666666665,,,,
train_episode,324900,110.65333333333334,0.7388373333333333,,,,
train_episode,325050,100.25120000000001,0.6691519999999999,,,,
train_episode,325200,114.97066666666656,0.7681386666666671,,,,
train_episode,325350,109.99093333333332,0.7344959999999998,,,,
train_episode,325500,111.03359999999995,0.741589333333333,,,,
train_episode,325650,105.68853333333333,0.7050133333333334,,,,
train_episode,325800,97.41599999999995,0.6503360000000001,,,,
train_episode,325950,100.4181333333333,0.6698239999999998,,,,
train_episode,326100,110.74506666666663,0.7389013333333334,,,,
train_episode,326250,108.66346666666666,0.7251840000000004,,,,
train_episode,326400,93.48479999999999,0.6234773333333332,,,,
train_episode,326550,97.74666666666667,0.6520106666666667,,,,
train_episode,326700,100.62506666666668,0.671552,,,,
train_episode,326850,101.2666666666667,0.675584,,,,
train_episode,327000,94.72053333333338,0.631445333333333,,,,
eval,327000,,,,,88.75082666666667,0.5914965333333335
train_episode,327150,83.26400000000007,0.5545173333333334,,,,
train_episode,327300,100.15200000000002,0.6686186666666668,,,,
train_episode,327450,92.61439999999997,0.617664,,,,
train_episode,327600,92.61599999999999,0.6178666666666667,,,,
train_episode,327750,100.66826666666664,0.6718400000000003,,,,
train_episode,327900,100.37013333333327,0.6688426666666664,,,,
train_episode,328050,102.712,0.6853973333333332,,,,
train_episode,328200,93.22933333333329,0.6220479999999999,,,,
train_episode,328350,89.63360000000003,0.5980373333333336,,,,
train_episode,328500,92.34026666666668,0.6155839999999996,,,,
train_episode,328650,89.98933333333335,0.6008960000000001,,,,
train_episode,328800,89.60426666666665,0.5979626666666664,,,,
train_episode,328950,93.80373333333337,0.6258026666666667,,,,
train_episode,329100,96.07040000000003,0.6409173333333332,,,,
train_episode,329250,101.14613333333334,0.6744853333333337,,,,
train_episode,329400,99.62559999999996,0.6647253333333331,,,,
train_episode,329550,96.32320000000003,0.6423999999999999,,,,
train_episode,329700,100.24853333333328,0.6687359999999998,,,,
train_episode,329850,96.88480000000001,0.6451840000000002,,,,
train_episode,330000,103.52320000000002,0.6910506666666666,,,,
eval,330000,,,,,96.17152000000002,0.6414677333333332
train_episode,330150,88.88533333333334,0.5925226666666663,,,,
train_episode,330300,94.66133333333337,0.6313493333333335,,,,
train_episode,330450,98.16266666666668,0.6540693333333336,,,,
train_episode,330600,100.26186666666662,0.6691519999999997,,,,
train_episode,330750,96.61013333333337,0.6443413333333332,,,,
train_episode,330900,98.66080000000004,0.6575893333333332,,,,
train_episode,331050,97.38719999999998,0.6484693333333337,,,,
train_episode,331200,97.7525333333333,0.6524799999999998,,,,
train_episode,331350,104.34613333333336,0.6957226666666664,,,,
train_episode,331500,107.86880000000005,0.7197546666666665,,,,
train_episode,331650,106.5024,0.7111253333333329,,,,
train_episode,331800,91.5562666666667,0.610336,,,,
train_episode,331950,96.34293333333329,0.6432746666666667,,,,
train_episode,332100,101.66933333333343,0.6783786666666668,,,,
train_episode,332250,101.87733333333335,0.679872,,,,
train_episode,332400,97.81013333333333,0.6525653333333331,,,,
train_episode,332550,100.3194666666667,0.6693866666666668,,,,
train_episode,332700,92.98080000000003,0.6204586666666669,,,,
train_episode,332850,100.46026666666667,0.6697813333333332,,,,
train_episode,333000,96.368,0.642954666666667,,,,
eval,333000,,,,,97.98656,0.6534208
train_episode,333150,95.17066666666669,0.6347626666666668,,,,
train_episode,333300,91.54400000000001,0.6100693333333334,,,,
train_episode,333450,93.20106666666665,0.6209706666666667,,,,
train_episode,333600,94.33280000000003,0.6290880000000002,,,,
train_episode,333750,102.97386666666672,0.6863573333333332,,,,
train_episode,333900,89.97439999999996,0.5995626666666667,,,,
train_episode,334050,98.42613333333328,0.6562240000000003,,,,
train_episode,334200,99.728,0.6660266666666662,,,,
train_episode,334350,100.96640000000001,0.6732906666666665,,,,
train_episode,334500,98.9733333333333,0.6603093333333334,,,,
train_episode,334650,100.48586666666674,0.6703893333333335,,,,
train_episode,334800,100.14719999999998,0.6684053333333335,,,,
train_episode,334950,99.32266666666665,0.6625813333333332,,,,
train_episode,335100,106.72373333333333,0.7129280000000001,,,,
train_episode,335250,99.72959999999996,0.6661226666666664,,,,
train_episode,335400,119.07360000000001,0.7949013333333336,,,,
train_episode,335550,114.16053333333336,0.7619519999999999,,,,
train_episode,335700,125.96799999999993,0.8405653333333329,,,,
train_episode,335850,115.25813333333333,0.7699946666666668,,,,
train_episode,336000,104.41813333333337,0.6967786666666662,,,,
eval,336000,,,,,107.01407999999999,0.7140672000000001
train_episode,336150,113.73599999999999,0.7587306666666667,,,,
train_episode,336300,98.96640000000006,0.6601920000000003,,,,
train_episode,336450,93.56373333333325,0.6242026666666668,,,,
train_episode,336600,93.85333333333335,0.6258773333333333,,,,
train_episode,336750,97.78240000000004,0.6515413333333335,,,,
train_episode,336900,91.82240000000002,0.6121813333333335,,,,
train_episode,337050,101.60106666666661,0.6778986666666664,,,,
train_episode,337200,102.56479999999999,0.6841493333333335,,,,
train_episode,337350,91.76959999999993,0.6125226666666669,,,,
train_episode,337500,86.19306666666665,0.5740693333333333,,,,
train_episode,337650,94.63146666666664,0.631445333333333,,,,
train_episode,337800,88.3232,0.5882986666666669,,,,
train_episode,337950,84.19946666666665,0.5605973333333338,,,,
train_episode,338100,90.52799999999998,0.6039253333333332,,,,
train_episode,338250,85.48800000000007,0.5702293333333337,,,,
train_episode,338400,91.06400000000002,0.6072746666666669,,,,
train_episode,338550,88.13706666666664,0.5881173333333334,,,,
train_episode,338700,85.56159999999996,0.5701013333333338,,,,
train_episode,338850,76.82986666666665,0.5118079999999999,,,,
train_episode,339000,80.15946666666669,0.5341440000000003,,,,
eval,339000,,,,,82.64938666666669,0.5508757333333334
train_episode,339150,83.77653333333332,0.5585813333333333,,,,
train_episode,339300,81.80479999999994,0.5457706666666666,,,,
train_episode,339450,72.8325333333333,0.48550399999999977,,,,
train_episode,339600,48.078400000000045,0.31750400000000006,,,,
train_episode,339750,22.306133333333328,0.14603733333333332,,,,
train_episode,339900,36.694933333333324,0.24244266666666667,,,,
train_episode,340050,50.65280000000001,0.3352960000000001,,,,
train_episode,340200,66.32853333333337,0.44115200000000016,,,,
train_episode,340350,31.50559999999999,0.20691199999999993,,,,
train_episode,340500,66.38933333333337,0.441568,,,,
train_episode,340650,75.9498666666667,0.5053440000000002,,,,
train_episode,340800,49.21280000000002,0.3262613333333334,,,,
train_episode,340950,79.23946666666667,0.5280213333333333,,,,
train_episode,341100,84.57439999999998,0.563296,,,,
train_episode,341250,67.37653333333333,0.44788266666666665,,,,
train_episode,341400,72.81066666666669,0.4851946666666666,,,,
train_episode,341550,58.50773333333331,0.3893119999999999,,,,
train_episode,341700,76.36106666666669,0.5082880000000004,,,,
train_episode,341850,78.14346666666664,0.5209813333333333,,,,
train_episode,342000,65.94400000000002,0.4389653333333334,,,,
eval,342000,,,,,77.00352000000001,0.5127850666666666
train_episode,342150,79.85546666666669,0.5318613333333335,,,,
train_episode,342300,81.38186666666667,0.5413546666666665,,,,
train_episode,342450,73.51146666666666,0.4899520000000001,,,,
train_episode,342600,69.08106666666666,0.45969066666666664,,,,
train_episode,342750,68.96639999999996,0.45927466666666655,,,,
train_episode,342900,70.51093333333331,0.46924799999999994,,,,
train_episode,343050,68.35199999999998,0.45464533333333323,,,,
train_episode,343200,66.27840000000003,0.4401173333333334,,,,
train_episode,343350,64.99946666666666,0.4324053333333333,,,,
train_episode,343500,57.537066666666675,0.38212266666666656,,,,
train_episode,343650,53.93599999999999,0.35793066666666656,,,,
train_episode,343800,53.1984,0.3524053333333333,,,,
train_episode,343950,38.73759999999998,0.25629866666666656,,,,
train_episode,344100,57.842666666666695,0.38434133333333337,,,,
train_episode,344250,52.95306666666665,0.3510613333333333,,,,
train_episode,344400,52.80533333333333,0.3495573333333331,,,,
train_episode,344550,29.56693333333334,0.19417600000000002,,,,
train_episode,344700,46.673066666666635,0.3089386666666666,,,,
train_episode,344850,57.19573333333334,0.37942400000000026,,,,
train_episode,345000,59.47146666666669,0.3944853333333332,,,,
eval,345000,,,,,38.74986666666667,0.2555434666666666
train_episode,345150,37.44586666666667,0.24753066666666665,,,,
train_episode,345300,63.41173333333333,0.4209066666666667,,,,
train_episode,345450,43.25973333333334,0.2859733333333333,,,,
train_episode,345600,46.53919999999998,0.30843733333333334,,,,
train_episode,345750,34.50773333333332,0.22738133333333319,,,,
train_episode,345900,17.172266666666655,0.11086933333333321,,,,
train_episode,346050,39.82560000000001,0.26278399999999996,,,,
train_episode,346200,26.32426666666666,0.17221333333333327,,,,
train_episode,346350,33.835199999999986,0.22215466666666658,,,,
train_episode,346500,6.30986666666667,0.03872000000000002,,,,
train_episode,346650,15.91413333333333,0.10251733333333328,,,,
train_episode,346800,15.986133333333322,0.1028906666666666,,,,
train_episode,346950,39.0565333333333,0.2565866666666666,,,,
train_episode,347100,14.493333333333338,0.09314133333333335,,,,
train_episode,347250,13.892266666666663,0.08913066666666664,,,,
train_episode,347400,10.244799999999998,0.06487466666666662,,,,
train_episode,347550,29.36853333333334,0.1928106666666667,,,,
train_episode,347700,15.036266666666668,0.09697066666666666,,,,
train_episode,347850,16.92746666666666,0.10939733333333329,,,,
train_episode,348000,13.510400000000008,0.08643200000000004,,,,
eval,348000,,,,,11.476479999999999,0.07306026666666664
train_episode,348150,10.541866666666666,0.06654933333333332,,,,
train_episode,348300,11.345066666666662,0.07211733333333331,,,,
train_episode,348450,19.20853333333331,0.1244906666666665,,,,
train_episode,348600,6.19733333333333,0.03761066666666665,,,,
train_episode,348750,16.135999999999996,0.103904,,,,
train_episode,348900,7.331733333333334,0.04568533333333335,,,,
train_episode,349050,10.362133333333329,0.0656213333333333,,,,
train_episode,349200,6.2448000000000015,0.03842133333333335,,,,
train_episode,349350,12.584533333333328,0.08042666666666663,,,,
train_episode,349500,20.429866666666666,0.132672,,,,
train_episode,349650,31.21066666666667,0.2052266666666667,,,,
train_episode,349800,28.760000000000005,0.18864000000000009,,,,
train_episode,349950,16.94026666666664,0.10938666666666653,,,,
train_episode,350100,18.649066666666634,0.12095999999999975,,,,
train_episode,350250,8.545066666666665,0.05356800000000001,,,,
train_episode,350400,7.611733333333333,0.047232,,,,
train_episode,350550,14.059733333333313,0.08999466666666654,,,,
train_episode,350700,13.987733333333336,0.08963200000000002,,,,
train_episode,350850,8.427733333333329,0.05273599999999999,,,,
train_episode,351000,22.10079999999998,0.1437013333333332,,,,
eval,351000,,,,,11.184746666666662,0.0710442666666666
train_episode,351150,15.438399999999998,0.09938133333333334,,,,
train_episode,351300,5.291733333333335,0.031861333333333346,,,,
train_episode,351450,7.114666666666665,0.04390399999999999,,,,
train_episode,351600,17.489599999999992,0.11285333333333333,,,,
train_episode,351750,7.892800000000003,0.04922666666666669,,,,
train_episode,351900,11.382933333333337,0.0723946666666667,,,,
train_episode,352050,14.738666666666665,0.09467733333333335,,,,
train_episode,352200,7.207466666666668,0.044287999999999994,,,,
train_episode,352350,7.939733333333335,0.04949333333333334,,,,
train_episode,352500,8.569600000000003,0.053610666666666695,,,,
train_episode,352650,6.993600000000005,0.04310400000000002,,,,
train_episode,352800,9.388799999999998,0.05898666666666668,,,,
train_episode,352950,7.490666666666666,0.04628266666666666,,,,
train_episode,353100,9.528533333333327,0.05990399999999995,,,,
train_episode,353250,6.597333333333331,0.04070399999999999,,,,
train_episode,353400,3.833066666666666,0.022282666666666662,,,,
train_episode,353550,8.372800000000002,0.052586666666666664,,,,
train_episode,353700,5.757333333333329,0.03483733333333332,,,,
train_episode,353850,5.44,0.03293866666666667,,,,
train_episode,354000,5.611199999999998,0.03396266666666666,,,,
eval,354000,,,,,8.848426666666668,0.055419733333333346
train_episode,354150,5.828800000000001,0.03550933333333335,,,,
train_episode,354300,6.974933333333333,0.042901333333333354,,,,
train_episode,354450,10.771733333333337,0.06833066666666668,,,,
train_episode,354600,8.48,0.05299200000000002,,,,
train_episode,354750,6.581866666666668,0.04050133333333334,,,,
train_episode,354900,7.979733333333334,0.049696000000000004,,,,
train_episode,355050,5.689066666666668,0.034400000000000014,,,,
train_episode,355200,5.965866666666668,0.036288000000000015,,,,
train_episode,355350,9.039999999999997,0.056479999999999926,,,,
train_episode,355500,9.020266666666664,0.056576,,,,
train_episode,355650,6.751466666666666,0.041536,,,,
train_episode,355800,7.097066666666667,0.043829333333333324,,,,
train_episode,355950,6.129066666666667,0.03747199999999999,,,,
train_episode,356100,5.7557333333333265,0.0347733333333333,,,,
train_episode,356250,8.0576,0.050474666666666654,,,,
train_episode,356400,8.206399999999983,0.05127466666666665,,,,
train_episode,356550,10.333866666666664,0.06522666666666668,,,,
train_episode,356700,4.932266666666667,0.029535999999999996,,,,
train_episode,356850,4.8287999999999975,0.028853333333333325,,,,
train_episode,357000,6.056000000000002,0.037013333333333336,,,,
eval,357000,,,,,5.8425600000000015,0.03547306666666668
train_episode,357150,6.017066666666666,0.03687466666666666,,,,
train_episode,357300,4.638933333333333,0.02750933333333333,,,,
train_episode,357450,7.2416,0.04476800000000001,,,,
train_episode,357600,5.021333333333334,0.03003733333333333,,,,
train_episode,357750,8.479999999999997,0.053279999999999994,,,,
train_episode,357900,7.275733333333336,0.04512000000000001,,,,
train_episode,358050,7.936000000000001,0.049216,,,,
train_episode,358200,6.887466666666672,0.042432000000000025,,,,
train_episode,358350,6.801066666666666,0.041941333333333344,,,,
train_episode,358500,6.668799999999999,0.040970666666666655,,,,
train_episode,358650,7.970666666666664,0.04945066666666666,,,,
train_episode,358800,7.958933333333332,0.04990933333333331,,,,
train_episode,358950,7.1424,0.04419200000000001,,,,
train_episode,359100,8.457066666666666,0.05280000000000002,,,,
train_episode,359250,9.330133333333336,0.05859200000000001,,,,
train_episode,359400,11.525333333333313,0.07322666666666654,,,,
train_episode,359550,10.807466666666665,0.06831999999999998,,,,
train_episode,359700,8.814400000000008,0.0552,,,,
train_episode,359850,10.539733333333333,0.06658133333333333,,,,
train_episode,360000,7.872533333333331,0.04899199999999999,,,,
eval,360000,,,,,8.739946666666667,0.05470933333333332
train_episode,360150,8.189333333333334,0.05117866666666667,,,,
train_episode,360300,6.595199999999997,0.04069333333333333,,,,
train_episode,360450,9.204266666666662,0.057813333333333314,,,,
train_episode,360600,6.742400000000003,0.041493333333333375,,,,
train_episode,360750,7.940800000000007,0.04954666666666672,,,,
train_episode,360900,8.376533333333333,0.052458666666666674,,,,
train_episode,361050,16.49760000000001,0.10611199999999994,,,,
train_episode,361200,16.436266666666675,0.10570666666666663,,,,
train_episode,361350,8.77173333333333,0.05481599999999997,,,,
train_episode,361500,8.215466666666666,0.051317333333333354,,,,
train_episode,361650,7.313600000000004,0.045312000000000005,,,,
train_episode,361800,10.577599999999984,0.06703999999999989,,,,
train_episode,361950,12.806399999999998,0.08140800000000001,,,,
train_episode,362100,11.422933333333336,0.07268266666666666,,,,
train_episode,362250,8.274666666666665,0.051584000000000005,,,,
train_episode,362400,5.002133333333332,0.029994666666666663,,,,
train_episode,362550,7.429866666666671,0.045813333333333366,,,,
train_episode,362700,8.15146666666667,0.05069866666666667,,,,
train_episode,362850,8.500799999999995,0.05308799999999998,,,,
train_episode,363000,9.883733333333335,0.062186666666666696,,,,
eval,363000,,,,,6.154986666666666,0.0375552
train_episode,363150,4.763733333333334,0.028394666666666665,,,,
train_episode,363300,6.347200000000002,0.03854933333333333,,,,
train_episode,363450,5.601066666666666,0.033824,,,,
train_episode,363600,9.418666666666669,0.059328000000000006,,,,
train_episode,363750,11.732800000000001,0.07450666666666665,,,,
train_episode,363900,7.060266666666667,0.043562666666666666,,,,
train_episode,364050,8.853866666666665,0.05555199999999997,,,,
train_episode,364200,6.8160000000000025,0.04216533333333334,,,,
train_episode,364350,11.786133333333334,0.07486933333333325,,,,
train_episode,364500,5.736000000000001,0.03490133333333335,,,,
train_episode,364650,5.705599999999998,0.03462399999999998,,,,
train_episode,364800,11.446399999999995,0.07255466666666657,,,,
train_episode,364950,7.363199999999999,0.04548266666666665,,,,
train_episode,365100,8.96533333333333,0.05624533333333331,,,,
train_episode,365250,8.623466666666653,0.05385599999999999,,,,
train_episode,365400,8.291733333333333,0.051637333333333334,,,,
train_episode,365550,5.816533333333331,0.035274666666666656,,,,
train_episode,365700,8.715200000000008,0.05446399999999999,,,,
train_episode,365850,5.207466666666669,0.031392,,,,
train_episode,366000,6.628266666666667,0.04081066666666666,,,,
eval,366000,,,,,9.138346666666665,0.0573824
train_episode,366150,12.207999999999993,0.07767466666666663,,,,
train_episode,366300,11.067733333333328,0.07030399999999991,,,,
train_episode,366450,9.606933333333327,0.06040533333333323,,,,
train_episode,366600,11.577066666666664,0.07375999999999996,,,,
train_episode,366750,9.457600000000001,0.05921066666666666,,,,
train_episode,366900,8.059733333333332,0.05020800000000001,,,,
train_episode,367050,11.038933333333333,0.07007999999999999,,,,
train_episode,367200,5.821333333333333,0.03525333333333333,,,,
train_episode,367350,8.255999999999997,0.051370666666666696,,,,
train_episode,367500,6.903466666666666,0.042474666666666654,,,,
train_episode,367650,9.949866666666665,0.062688,,,,
train_episode,367800,8.334399999999983,0.05205333333333334,,,,
train_episode,367950,6.796800000000001,0.04139733333333335,,,,
train_episode,368100,4.732266666666665,0.027935999999999985,,,,
train_episode,368250,7.7546666666666635,0.04805333333333333,,,,
train_episode,368400,7.96266666666667,0.049472000000000016,,,,
train_episode,368550,6.536000000000003,0.04002133333333335,,,,
train_episode,368700,6.927466666666663,0.04291199999999998,,,,
train_episode,368850,6.437333333333331,0.03940266666666666,,,,
train_episode,369000,4.819733333333332,0.028693333333333328,,,,
eval,369000,,,,,6.325120000000001,0.038636800000000006
train_episode,369150,5.959466666666664,0.03635199999999999,,,,
train_episode,369300,8.1072,0.050560000000000015,,,,
train_episode,369450,5.112533333333332,0.030623999999999995,,,,
train_episode,369600,6.799999999999999,0.042112000000000004,,,,
train_episode,369750,4.197866666666665,0.024768000000000002,,,,
train_episode,369900,10.981333333333332,0.06948266666666664,,,,
train_episode,370050,5.465600000000002,0.033088000000000006,,,,
train_episode,370200,10.125333333333325,0.06395733333333328,,,,
train_episode,370350,11.305066666666661,0.07177599999999996,,,,
train_episode,370500,7.077333333333333,0.043690666666666655,,,,
train_episode,370650,6.117866666666668,0.03738666666666667,,,,
train_episode,370800,6.670933333333334,0.04097066666666666,,,,
train_episode,370950,5.128533333333333,0.03093333333333333,,,,
train_episode,371100,5.643733333333333,0.03413333333333335,,,,
train_episode,371250,13.51253333333332,0.08651733333333322,,,,
train_episode,371400,4.259733333333333,0.02501333333333334,,,,
train_episode,371550,11.934933333333326,0.07580799999999996,,,,
train_episode,371700,6.131200000000001,0.03729066666666668,,,,
train_episode,371850,7.2032,0.04433066666666666,,,,
train_episode,372000,9.659733333333332,0.06077866666666662,,,,
eval,372000,,,,,6.227733333333333,0.038030933333333336
train_episode,372150,5.289599999999998,0.03185066666666666,,,,
train_episode,372300,8.831999999999995,0.05532799999999997,,,,
train_episode,372450,11.796800000000005,0.07499733333333335,,,,
train_episode,372600,8.584533333333333,0.05363200000000001,,,,
train_episode,372750,5.344,0.03207466666666667,,,,
train_episode,372900,4.631999999999997,0.027466666666666657,,,,
train_episode,373050,9.759466666666656,0.06127999999999995,,,,
train_episode,373200,7.78186666666667,0.048373333333333345,,,,
train_episode,373350,4.169066666666668,0.024501333333333333,,,,
train_episode,373500,7.3114666666666706,0.04537600000000002,,,,
train_episode,373650,8.607466666666665,0.05406933333333332,,,,
train_episode,373800,7.975466666666666,0.04951466666666666,,,,
train_episode,373950,5.766933333333333,0.03509333333333334,,,,
train_episode,374100,5.640533333333331,0.03378133333333332,,,,
train_episode,374250,6.6170666666666635,0.04082133333333333,,,,
train_episode,374400,7.369600000000001,0.04551466666666668,,,,
train_episode,374550,6.469866666666664,0.03954133333333332,,,,
train_episode,374700,12.454399999999994,0.07929599999999992,,,,
train_episode,374850,8.056533333333332,0.050272,,,,
train_episode,375000,6.626666666666664,0.04070399999999998,,,,
eval,375000,,,,,4.561493333333333,0.02704213333333333
train_episode,375150,4.813866666666668,0.028554666666666676,,,,
train_episode,375300,7.3519999999999985,0.045439999999999994,,,,
train_episode,375450,7.510400000000003,0.04634666666666669,,,,
train_episode,375600,5.084799999999998,0.030335999999999988,,,,
train_episode,375750,5.177600000000002,0.030933333333333344,,,,
train_episode,375900,5.484799999999998,0.03289599999999998,,,,
train_episode,376050,4.176533333333333,0.024447999999999998,,,,
train_episode,376200,8.221866666666665,0.051189333333333344,,,,
train_episode,376350,6.415999999999998,0.03926399999999999,,,,
train_episode,376500,5.074133333333328,0.030463999999999977,,,,
train_episode,376650,4.587199999999999,0.02721066666666666,,,,
train_episode,376800,4.020266666666668,0.023562666666666676,,,,
train_episode,376950,3.966933333333333,0.023008,,,,
train_episode,377100,7.085333333333332,0.04382933333333333,,,,
train_episode,377250,4.888,0.029482666666666664,,,,
train_episode,377400,4.504533333333333,0.02669866666666667,,,,
train_episode,377550,7.739199999999993,0.04794666666666664,,,,
train_episode,377700,6.789866666666665,0.04155733333333332,,,,
train_episode,377850,4.308266666666667,0.025301333333333332,,,,
train_episode,378000,7.246399999999999,0.04498133333333331,,,,
eval,378000,,,,,7.362346666666665,0.04554666666666665
train_episode,378150,7.223466666666667,0.044618666666666675,,,,
train_episode,378300,5.319999999999994,0.03197866666666664,,,,
train_episode,378450,6.917333333333331,0.04271999999999999,,,,
train_episode,378600,6.918933333333336,0.04245333333333335,,,,
train_episode,378750,9.017599999999998,0.0564053333333333,,,,
train_episode,378900,12.407466666666659,0.07914666666666663,,,,
train_episode,379050,6.029866666666666,0.03692799999999999,,,,
train_episode,379200,6.565866666666665,0.04034133333333333,,,,
train_episode,379350,11.352000000000004,0.07191466666666668,,,,
train_episode,379500,4.481066666666667,0.026634666666666657,,,,
train_episode,379650,6.498133333333315,0.03982933333333322,,,,
train_episode,379800,5.787199999999998,0.03492266666666666,,,,
train_episode,379950,11.1024,0.07021866666666667,,,,
train_episode,380100,4.862933333333332,0.02871466666666666,,,,
train_episode,380250,4.989333333333334,0.029941333333333344,,,,
train_episode,380400,7.470933333333329,0.04602666666666665,,,,
train_episode,380550,4.916266666666666,0.029194666666666667,,,,
train_episode,380700,6.604799999999995,0.040362666666666644,,,,
train_episode,380850,5.591466666666669,0.03374933333333335,,,,
train_episode,381000,5.313066666666667,0.03191466666666666,,,,
eval,381000,,,,,5.701013333333333,0.03465813333333333
train_episode,381150,8.666133333333333,0.054048000000000006,,,,
train_episode,381300,5.665066666666665,0.03443199999999999,,,,
train_episode,381450,4.778666666666664,0.028394666666666648,,,,
train_episode,381600,6.32053333333333,0.03876266666666666,,,,
train_episode,381750,6.504533333333336,0.03974400000000002,,,,
train_episode,381900,15.166399999999994,0.09718399999999995,,,,
train_episode,382050,8.222399999999993,0.051082666666666665,,,,
train_episode,382200,6.1466666666666665,0.037653333333333344,,,,
train_episode,382350,7.661866666666668,0.04789333333333334,,,,
train_episode,382500,8.757333333333321,0.05468800000000004,,,,
train_episode,382650,8.463999999999999,0.052981333333333346,,,,
train_episode,382800,5.669866666666667,0.03442133333333334,,,,
train_episode,382950,5.0112000000000005,0.029952000000000006,,,,
train_episode,383100,12.5808,0.08011733333333333,,,,
train_episode,383250,5.738666666666669,0.034826666666666686,,,,
train_episode,383400,10.111999999999995,0.06381866666666662,,,,
train_episode,383550,4.324266666666667,0.025344000000000002,,,,
train_episode,383700,4.004266666666667,0.02352,,,,
train_episode,383850,6.131200000000002,0.037621333333333354,,,,
train_episode,384000,4.153066666666667,0.024415999999999993,,,,
eval,384000,,,,,6.827946666666667,0.04205013333333334
train_episode,384150,5.465600000000001,0.032832,,,,
train_episode,384300,5.029333333333333,0.029909333333333333,,,,
train_episode,384450,5.605866666666666,0.033877333333333336,,,,
train_episode,384600,4.775466666666666,0.028266666666666662,,,,
train_episode,384750,5.635200000000001,0.03406933333333333,,,,
train_episode,384900,4.2064,0.024704000000000004,,,,
train_episode,385050,5.4026666666666685,0.03250133333333335,,,,
train_episode,385200,4.5632,0.027071999999999995,,,,
train_episode,385350,9.502400000000002,0.060074666666666644,,,,
train_episode,385500,20.938666666666666,0.13582933333333333,,,,
train_episode,385650,6.8336,0.042208,,,,
train_episode,385800,6.638399999999999,0.04065066666666667,,,,
train_episode,385950,9.621866666666667,0.06054399999999999,,,,
train_episode,386100,10.42773333333333,0.0660053333333333,,,,
train_episode,386250,10.523733333333327,0.06669866666666663,,,,
train_episode,386400,9.867733333333328,0.062186666666666626,,,,
train_episode,386550,4.2192,0.024842666666666673,,,,
train_episode,386700,6.7162666666666695,0.04125866666666667,,,,
train_episode,386850,7.9269333333333325,0.04911999999999998,,,,
train_episode,387000,5.378133333333334,0.03250133333333333,,,,
eval,387000,,,,,6.337173333333334,0.038752
train_episode,387150,5.405866666666668,0.032576000000000015,,,,
train_episode,387300,5.6634666666666655,0.034346666666666664,,,,
train_episode,387450,6.131199999999999,0.03726933333333332,,,,
train_episode,387600,10.405333333333319,0.06578133333333325,,,,
train_episode,387750,8.959999999999992,0.05602133333333326,,,,
train_episode,387900,9.43733333333333,0.05913599999999997,,,,
train_episode,388050,5.765866666666667,0.03493333333333334,,,,
train_episode,388200,8.371200000000002,0.05237333333333333,,,,
train_episode,388350,5.229333333333333,0.031413333333333335,,,,
train_episode,388500,6.563733333333332,0.04027733333333333,,,,
train_episode,388650,6.639466666666666,0.04090666666666667,,,,
train_episode,388800,7.382933333333333,0.04541866666666668,,,,
train_episode,388950,4.244266666666667,0.025066666666666675,,,,
train_episode,389100,6.793066666666666,0.04191999999999999,,,,
train_episode,389250,6.33866666666667,0.038709333333333366,,,,
train_episode,389400,7.577066666666666,0.04685866666666667,,,,
train_episode,389550,7.36213333333333,0.045834666666666656,,,,
train_episode,389700,20.497066666666665,0.13266133333333333,,,,
train_episode,389850,9.988799999999996,0.06292266666666665,,,,
train_episode,390000,14.12213333333333,0.09052799999999998,,,,
eval,390000,,,,,10.14986666666666,0.06403413333333333
train_episode,390150,8.634666666666659,0.05405866666666664,,,,
train_episode,390300,10.519466666666663,0.0663253333333333,,,,
train_episode,390450,6.097600000000003,0.03693866666666667,,,,
train_episode,390600,6.437333333333334,0.03945600000000002,,,,
train_episode,390750,6.394133333333334,0.039296000000000005,,,,
train_episode,390900,4.856533333333338,0.029013333333333346,,,,
train_episode,391050,6.982933333333336,0.042997333333333346,,,,
train_episode,391200,14.145599999999998,0.09060266666666666,,,,
train_episode,391350,7.474133333333336,0.04646400000000002,,,,
train_episode,391500,9.2704,0.05819733333333331,,,,
train_episode,391650,17.00213333333332,0.10979199999999989,,,,
train_episode,391800,12.905066666666663,0.0822613333333333,,,,
train_episode,391950,9.675199999999998,0.0610133333333333,,,,
train_episode,392100,6.382933333333332,0.039114666666666666,,,,
train_episode,392250,5.593599999999999,0.03412266666666667,,,,
train_episode,392400,6.992533333333332,0.04314666666666666,,,,
train_episode,392550,11.746133333333331,0.07468799999999998,,,,
train_episode,392700,9.241066666666669,0.058005333333333305,,,,
train_episode,392850,7.431466666666668,0.04637866666666667,,,,
train_episode,393000,6.636799999999999,0.04075733333333334,,,,
eval,393000,,,,,8.795946666666662,0.055059199999999996
train_episode,393150,7.403733333333333,0.04587733333333333,,,,
train_episode,393300,9.127999999999997,0.05733333333333327,,,,
train_episode,393450,6.795733333333333,0.04189866666666666,,,,
train_episode,393600,12.725866666666668,0.08123733333333336,,,,
train_episode,393750,11.477333333333332,0.07314133333333328,,,,
train_episode,393900,9.126399999999997,0.05734399999999997,,,,
train_episode,394050,10.297066666666666,0.06503466666666666,,,,
train_episode,394200,15.941866666666657,0.10239999999999988,,,,
train_episode,394350,15.427199999999997,0.09938133333333328,,,,
train_episode,394500,14.207999999999977,0.09098666666666651,,,,
train_episode,394650,18.169066666666634,0.11753599999999972,,,,
train_episode,394800,10.046399999999998,0.06366933333333333,,,,
train_episode,394950,7.863999999999997,0.048959999999999976,,,,
train_episode,395100,11.709333333333337,0.07444266666666666,,,,
train_episode,395250,15.479466666666667,0.09925333333333332,,,,
train_episode,395400,18.976000000000006,0.12311466666666672,,,,
train_episode,395550,16.08266666666666,0.10364799999999999,,,,
train_episode,395700,19.149333333333328,0.12380799999999996,,,,
train_episode,395850,17.619199999999985,0.11372799999999993,,,,
train_episode,396000,12.126400000000002,0.07714133333333334,,,,
eval,396000,,,,,9.345493333333332,0.058766933333333306
train_episode,396150,12.052799999999987,0.07675733333333326,,,,
train_episode,396300,7.790399999999998,0.04863999999999999,,,,
train_episode,396450,14.486399999999993,0.09321599999999992,,,,
train_episode,396600,14.572266666666668,0.09380266666666666,,,,
train_episode,396750,30.598933333333296,0.20005333333333314,,,,
train_episode,396900,47.77653333333334,0.3152213333333336,,,,
train_episode,397050,23.77386666666666,0.15469866666666665,,,,
train_episode,397200,23.418666666666667,0.15222399999999994,,,,
train_episode,397350,16.45973333333334,0.10624,,,,
train_episode,397500,24.923733333333324,0.16244266666666662,,,,
train_episode,397650,24.937599999999975,0.1626133333333332,,,,
train_episode,397800,12.358933333333333,0.07865599999999998,,,,
train_episode,397950,16.884799999999984,0.10882133333333321,,,,
train_episode,398100,10.168000000000001,0.06411733333333333,,,,
train_episode,398250,13.896533333333325,0.08883199999999991,,,,
train_episode,398400,14.947733333333328,0.09580799999999995,,,,
train_episode,398550,19.741866666666684,0.1278293333333334,,,,
train_episode,398700,14.76373333333334,0.09483733333333332,,,,
train_episode,398850,11.589866666666644,0.07359999999999985,,,,
train_episode,399000,7.329066666666663,0.045407999999999976,,,,
eval,399000,,,,,8.49578666666666,0.05307306666666663
train_episode,399150,10.567466666666649,0.06691199999999986,,,,
train_episode,399300,15.811733333333313,0.10161066666666653,,,,
train_episode,399450,15.563200000000004,0.10005333333333337,,,,
train_episode,399600,14.80586666666666,0.09485866666666663,,,,
train_episode,399750,13.816533333333332,0.08861866666666665,,,,
train_episode,399900,14.172266666666655,0.09079466666666662,,,,
train_episode,400050,14.203733333333334,0.09090133333333329,,,,
train_episode,400200,12.037866666666666,0.07658666666666664,,,,
train_episode,400350,18.336533333333314,0.11858133333333316,,,,
train_episode,400500,22.676799999999993,0.14738133333333334,,,,
train_episode,400650,20.48746666666665,0.13305599999999992,,,,
train_episode,400800,22.08746666666666,0.1440213333333333,,,,
train_episode,400950,27.23466666666664,0.17775999999999986,,,,
train_episode,401100,20.373333333333367,0.13241600000000017,,,,
train_episode,401250,41.03679999999998,0.2695146666666665,,,,
train_episode,401400,30.21119999999998,0.1978133333333332,,,,
train_episode,401550,29.030399999999997,0.1897066666666666,,,,
train_episode,401700,36.47946666666667,0.24026666666666657,,,,
train_episode,401850,37.28906666666666,0.24490666666666663,,,,
train_episode,402000,27.81653333333335,0.18234666666666682,,,,
eval,402000,,,,,33.04885333333334,0.2170602666666667
train_episode,402150,21.832533333333323,0.14198399999999994,,,,
train_episode,402300,21.078933333333353,0.13710933333333344,,,,
train_episode,402450,16.82719999999998,0.10830933333333315,,,,
train_episode,402600,21.503466666666668,0.14025600000000002,,,,
train_episode,402750,25.193066666666674,0.16489600000000007,,,,
train_episode,402900,30.171733333333343,0.1982506666666667,,,,
train_episode,403050,27.10453333333334,0.17742933333333338,,,,
train_episode,403200,29.922133333333306,0.19620266666666655,,,,
train_episode,403350,17.096000000000004,0.1103359999999999,,,,
train_episode,403500,18.86133333333334,0.12193066666666671,,,,
train_episode,403650,12.166933333333324,0.07742933333333321,,,,
train_episode,403800,32.96266666666667,0.21668266666666672,,,,
train_episode,403950,26.173333333333346,0.1712960000000001,,,,
train_episode,404100,30.978666666666655,0.20324266666666663,,,,
train_episode,404250,15.505600000000015,0.10030933333333336,,,,
train_episode,404400,26.37279999999999,0.17266133333333325,,,,
train_episode,404550,24.99466666666665,0.16276266666666647,,,,
train_episode,404700,13.957866666666668,0.08931199999999999,,,,
train_episode,404850,18.26186666666664,0.11813333333333326,,,,
train_episode,405000,42.91306666666665,0.2832319999999999,,,,
eval,405000,,,,,32.719359999999995,0.21502719999999997
train_episode,405150,41.329600000000006,0.2727466666666664,,,,
train_episode,405300,28.289066666666677,0.18517333333333333,,,,
train_episode,405450,16.65013333333334,0.10746666666666656,,,,
train_episode,405600,11.70773333333333,0.0745493333333333,,,,
train_episode,405750,17.397866666666648,0.11261866666666656,,,,
train_episode,405900,16.99786666666666,0.10963200000000001,,,,
train_episode,406050,10.560533333333334,0.06690133333333331,,,,
train_episode,406200,15.762133333333328,0.10131199999999993,,,,
train_episode,406350,15.078400000000006,0.09683200000000007,,,,
train_episode,406500,10.952533333333339,0.06951466666666668,,,,
train_episode,406650,9.019733333333331,0.05674666666666661,,,,
train_episode,406800,8.020266666666668,0.049994666666666666,,,,
train_episode,406950,22.566399999999987,0.14693333333333322,,,,
train_episode,407100,20.11520000000001,0.1303466666666667,,,,
train_episode,407250,17.850133333333343,0.11578666666666675,,,,
train_episode,407400,35.248533333333334,0.2316373333333334,,,,
train_episode,407550,21.466666666666654,0.13951999999999992,,,,
train_episode,407700,31.825599999999987,0.20970666666666665,,,,
train_episode,407850,42.17386666666667,0.2790186666666666,,,,
train_episode,408000,28.484266666666674,0.1868693333333334,,,,
eval,408000,,,,,37.78474666666666,0.24917973333333335
train_episode,408150,46.35039999999999,0.3055786666666668,,,,
train_episode,408300,27.191466666666653,0.17853866666666657,,,,
train_episode,408450,30.261866666666677,0.19861333333333342,,,,
train_episode,408600,35.19413333333333,0.2317546666666666,,,,
train_episode,408750,33.307199999999995,0.21847466666666662,,,,
train_episode,408900,28.32533333333333,0.18617599999999998,,,,
train_episode,409050,30.56213333333332,0.20041599999999996,,,,
train_episode,409200,34.79946666666667,0.22964266666666663,,,,
train_episode,409350,23.558400000000002,0.1543466666666667,,,,
train_episode,409500,49.11573333333333,0.3249813333333335,,,,
train_episode,409650,33.23413333333333,0.21869866666666676,,,,
train_episode,409800,35.53813333333332,0.23433599999999993,,,,
train_episode,409950,21.55733333333334,0.14045866666666668,,,,
train_episode,410100,22.686400000000003,0.14776533333333336,,,,
train_episode,410250,46.92479999999997,0.3104106666666664,,,,
train_episode,410400,31.296533333333343,0.20498133333333332,,,,
train_episode,410550,26.144533333333317,0.17075199999999993,,,,
train_episode,410700,29.974400000000003,0.19634133333333334,,,,
train_episode,410850,38.86293333333336,0.2556800000000002,,,,
train_episode,411000,20.57920000000001,0.13373866666666673,,,,
eval,411000,,,,,57.9072,0.38442240000000005
train_episode,411150,82.10613333333333,0.5473813333333334,,,,
train_episode,411300,75.39573333333334,0.5029866666666668,,,,
train_episode,411450,67.72853333333333,0.4503466666666665,,,,
train_episode,411600,53.48373333333336,0.3554346666666666,,,,
train_episode,411750,55.039466666666684,0.3649066666666667,,,,
train_episode,411900,42.60159999999999,0.28161066666666656,,,,
train_episode,412050,28.993600000000004,0.19037866666666672,,,,
train_episode,412200,37.15893333333335,0.24500266666666667,,,,
train_episode,412350,37.23093333333331,0.24561066666666662,,,,
train_episode,412500,37.378133333333345,0.24666666666666667,,,,
train_episode,412650,31.536533333333313,0.20676266666666657,,,,
train_episode,412800,28.150933333333334,0.1843306666666667,,,,
train_episode,412950,27.667733333333302,0.18066133333333317,,,,
train_episode,413100,26.908266666666663,0.17628799999999997,,,,
train_episode,413250,34.36213333333335,0.2260266666666668,,,,
train_episode,413400,33.399466666666655,0.21956266666666654,,,,
train_episode,413550,49.55146666666668,0.327712,,,,
train_episode,413700,64.97493333333334,0.43177600000000005,,,,
train_episode,413850,67.88480000000001,0.45094400000000007,,,,
train_episode,414000,30.420266666666663,0.20012799999999997,,,,
eval,414000,,,,,21.742826666666666,0.14151466666666662
train_episode,414150,23.925333333333334,0.15643733333333343,,,,
train_episode,414300,29.501866666666643,0.1936213333333332,,,,
train_episode,414450,37.754666666666665,0.24933333333333338,,,,
train_episode,414600,29.0432,0.19069866666666663,,,,
train_episode,414750,20.48213333333334,0.1337066666666667,,,,
train_episode,414900,43.875199999999985,0.28964266666666644,,,,
train_episode,415050,31.77973333333333,0.20815999999999987,,,,
train_episode,415200,22.016000000000023,0.14417066666666684,,,,
train_episode,415350,53.24106666666668,0.3523093333333337,,,,
train_episode,415500,44.16906666666666,0.2914559999999999,,,,
train_episode,415650,23.195733333333337,0.15145600000000004,,,,
train_episode,415800,55.574933333333284,0.36813866666666645,,,,
train_episode,415950,40.0512,0.26484266666666667,,,,
train_episode,416100,45.0016,0.2975679999999999,,,,
train_episode,416250,32.11733333333332,0.21075199999999997,,,,
train_episode,416400,28.425600000000003,0.18674133333333337,,,,
train_episode,416550,29.46079999999999,0.19327999999999995,,,,
train_episode,416700,29.663466666666675,0.19431466666666675,,,,
train_episode,416850,13.866666666666664,0.08887466666666666,,,,
train_episode,417000,19.04426666666669,0.12348800000000017,,,,
eval,417000,,,,,17.496213333333323,0.11309653333333328
train_episode,417150,6.482666666666667,0.040053333333333344,,,,
train_episode,417300,18.35146666666666,0.1194453333333333,,,,
train_episode,417450,8.507199999999994,0.053280000000000015,,,,
train_episode,417600,12.315733333333329,0.07869866666666665,,,,
train_episode,417750,9.39253333333333,0.059082666666666624,,,,
train_episode,417900,13.229866666666663,0.08462933333333329,,,,
train_episode,418050,19.538666666666625,0.12665599999999977,,,,
train_episode,418200,15.951999999999996,0.10269866666666665,,,,
train_episode,418350,12.3856,0.07915733333333333,,,,
train_episode,418500,35.959466666666664,0.23712000000000003,,,,
train_episode,418650,43.88266666666666,0.2892373333333332,,,,
train_episode,418800,11.278400000000001,0.07170133333333334,,,,
train_episode,418950,5.349333333333331,0.03238399999999999,,,,
train_episode,419100,6.008000000000001,0.03675733333333335,,,,
train_episode,419250,5.570666666666668,0.03362133333333334,,,,
train_episode,419400,5.779733333333332,0.035029333333333315,,,,
train_episode,419550,6.366400000000002,0.03920000000000002,,,,
train_episode,419700,4.294933333333335,0.025311999999999998,,,,
train_episode,419850,7.739733333333338,0.048064000000000044,,,,
train_episode,420000,8.5024,0.05316266666666666,,,,
eval,420000,,,,,4.811626666666667,0.028605866666666663
train_episode,420150,6.808533333333337,0.04168533333333336,,,,
train_episode,420300,3.964799999999999,0.023232000000000003,,,,
train_episode,420450,4.7951999999999995,0.028512,,,,
train_episode,420600,5.365333333333333,0.03242666666666668,,,,
train_episode,420750,6.465066666666667,0.03961600000000001,,,,
train_episode,420900,5.5578666666666665,0.033312,,,,
train_episode,421050,5.175466666666667,0.031039999999999998,,,,
train_episode,421200,3.7285333333333335,0.021504,,,,
train_episode,421350,5.099733333333332,0.03051733333333333,,,,
train_episode,421500,6.097066666666666,0.037301333333333325,,,,
train_episode,421650,6.984533333333338,0.0430186666666667,,,,
train_episode,421800,7.9520000000000035,0.04945066666666669,,,,
train_episode,421950,5.029866666666668,0.030250666666666662,,,,
train_episode,422100,4.147200000000001,0.024256,,,,
train_episode,422250,4.856,0.02897066666666667,,,,
train_episode,422400,4.258133333333332,0.024949333333333327,,,,
train_episode,422550,4.080000000000001,0.023754666666666677,,,,
train_episode,422700,5.352000000000001,0.03208533333333333,,,,
train_episode,422850,3.441599999999999,0.019466666666666663,,,,
train_episode,423000,3.267733333333332,0.01849599999999999,,,,
eval,423000,,,,,4.74496,0.028245333333333334
train_episode,423150,3.4304000000000006,0.019648,,,,
train_episode,423300,5.022399999999999,0.03031466666666666,,,,
train_episode,423450,7.242133333333335,0.04472533333333336,,,,
train_episode,423600,4.943466666666667,0.029504000000000006,,,,
train_episode,423750,4.579733333333333,0.02727466666666666,,,,
train_episode,423900,4.756800000000001,0.028298666666666663,,,,
train_episode,424050,5.669333333333334,0.03437866666666667,,,,
train_episode,424200,6.098666666666665,0.037162666666666656,,,,
train_episode,424350,3.9754666666666667,0.02333866666666667,,,,
train_episode,424500,4.4016,0.02612266666666666,,,,
train_episode,424650,6.683733333333333,0.04114133333333335,,,,
train_episode,424800,7.288000000000001,0.04516266666666666,,,,
train_episode,424950,4.794133333333334,0.028650666666666668,,,,
train_episode,425100,6.14826666666667,0.037269333333333356,,,,
train_episode,425250,4.1525333333333325,0.02436266666666667,,,,
train_episode,425400,5.176,0.031072,,,,
train_episode,425550,5.611199999999999,0.03410133333333333,,,,
train_episode,425700,4.328,0.025536,,,,
train_episode,425850,3.8997333333333333,0.022602666666666667,,,,
train_episode,426000,5.143466666666667,0.030698666666666666,,,,
eval,426000,,,,,6.148266666666666,0.037516799999999996
train_episode,426150,6.241599999999999,0.038079999999999996,,,,
train_episode,426300,6.906133333333331,0.04267733333333333,,,,
train_episode,426450,5.384000000000003,0.03259733333333335,,,,
train_episode,426600,5.4762666666666675,0.033077333333333334,,,,
train_episode,426750,2.734933333333334,0.015189333333333336,,,,
train_episode,426900,3.9797333333333333,0.023338666666666664,,,,
train_episode,427050,5.5264000000000015,0.033408000000000014,,,,
train_episode,427200,4.651733333333331,0.02762666666666665,,,,
train_episode,427350,4.8608,0.029354666666666678,,,,
train_episode,427500,5.638933333333331,0.03442133333333332,,,,
train_episode,427650,5.4549333333333365,0.03316266666666669,,,,
train_episode,427800,5.259733333333333,0.03157333333333333,,,,
train_episode,427950,4.764799999999998,0.02855466666666666,,,,
train_episode,428100,4.666666666666667,0.02786133333333334,,,,
train_episode,428250,8.28,0.05174400000000001,,,,
train_episode,428400,5.605333333333334,0.033909333333333326,,,,
train_episode,428550,6.142400000000001,0.03738666666666667,,,,
train_episode,428700,5.256533333333331,0.03172266666666666,,,,
train_episode,428850,4.047466666666665,0.023690666666666676,,,,
train_episode,429000,8.967466666666665,0.05633066666666665,,,,
eval,429000,,,,,6.697813333333333,0.04114346666666666
train_episode,429150,7.355733333333336,0.045642666666666686,,,,
train_episode,429300,5.7648,0.03524266666666667,,,,
train_episode,429450,5.044800000000001,0.030389333333333338,,,,
train_episode,429600,6.167466666666668,0.03745066666666668,,,,
train_episode,429750,4.667733333333337,0.027925333333333337,,,,
train_episode,429900,4.262933333333333,0.025194666666666664,,,,
train_episode,430050,5.239999999999999,0.031552000000000004,,,,
train_episode,430200,4.568533333333334,0.027072000000000002,,,,
train_episode,430350,5.1008000000000004,0.030730666666666663,,,,
train_episode,430500,3.6069333333333335,0.02096,,,,
train_episode,430650,4.758933333333333,0.028405333333333338,,,,
train_episode,430800,5.631466666666666,0.034218666666666654,,,,
train_episode,430950,6.479466666666656,0.039551999999999934,,,,
train_episode,431100,4.853866666666664,0.02875733333333333,,,,
train_episode,431250,7.008000000000001,0.04303999999999999,,,,
train_episode,431400,7.5072,0.04673066666666667,,,,
train_episode,431550,5.610133333333327,0.033781333333333316,,,,
train_episode,431700,6.115733333333334,0.037386666666666665,,,,
train_episode,431850,4.3557333333333315,0.025759999999999995,,,,
train_episode,432000,5.530666666666667,0.033536,,,,
eval,432000,,,,,7.297493333333333,0.04513066666666665
train_episode,432150,6.088533333333336,0.03713066666666667,,,,
train_episode,432300,11.977600000000002,0.07623466666666667,,,,
train_episode,432450,12.432533333333334,0.0794346666666667,,,,
train_episode,432600,5.4368,0.032576,,,,
train_episode,432750,9.294400000000003,0.05863466666666663,,,,
train_episode,432900,5.194133333333336,0.03125333333333334,,,,
train_episode,433050,8.64053333333333,0.05403733333333331,,,,
train_episode,433200,6.263999999999999,0.03837866666666668,,,,
train_episode,433350,6.2746666666666675,0.03868800000000001,,,,
train_episode,433500,4.693866666666668,0.02809600000000001,,,,
train_episode,433650,4.890666666666669,0.02940800000000001,,,,
train_episode,433800,5.284800000000005,0.031882666666666705,,,,
train_episode,433950,4.981333333333332,0.029834666666666662,,,,
train_episode,434100,3.9493333333333336,0.022944000000000006,,,,
train_episode,434250,6.875733333333331,0.042378666666666655,,,,
train_episode,434400,6.018666666666665,0.03668266666666666,,,,
train_episode,434550,4.567466666666666,0.027178666666666657,,,,
train_episode,434700,6.229866666666664,0.038303999999999984,,,,
train_episode,434850,7.799466666666669,0.04849066666666667,,,,
train_episode,435000,4.8464,0.028789333333333344,,,,
eval,435000,,,,,6.344853333333336,0.03888640000000002
train_episode,435150,6.019199999999997,0.03679999999999999,,,,
train_episode,435300,4.473599999999999,0.026485333333333336,,,,
train_episode,435450,6.429333333333336,0.039296,,,,
train_episode,435600,6.181866666666667,0.03748266666666668,,,,
train_episode,435750,5.687999999999999,0.034432,,,,
train_episode,435900,7.830933333333332,0.04872533333333333,,,,
train_episode,436050,3.9279999999999995,0.02292266666666666,,,,
train_episode,436200,3.957866666666666,0.023039999999999998,,,,
train_episode,436350,3.5157333333333334,0.020095999999999996,,,,
train_episode,436500,3.5311999999999992,0.020522666666666665,,,,
train_episode,436650,5.769066666666667,0.03498666666666667,,,,
train_episode,436800,3.893333333333333,0.022528,,,,
train_episode,436950,5.006399999999999,0.030090666666666675,,,,
train_episode,437100,7.128533333333332,0.043744,,,,
train_episode,437250,2.842133333333333,0.01592533333333333,,,,
train_episode,437400,4.291199999999998,0.025183999999999995,,,,
train_episode,437550,4.883199999999998,0.029066666666666657,,,,
train_episode,437700,3.901866666666667,0.02256,,,,
train_episode,437850,6.461866666666671,0.039573333333333356,,,,
train_episode,438000,5.735466666666666,0.03473066666666666,,,,
eval,438000,,,,,5.479466666666667,0.033088000000000006
train_episode,438150,5.085333333333332,0.030719999999999997,,,,
train_episode,438300,5.983466666666666,0.03643733333333333,,,,
train_episode,438450,4.407466666666669,0.026069333333333347,,,,
train_episode,438600,5.68693333333334,0.03443200000000005,,,,
train_episode,438750,3.5216000000000003,0.020309333333333332,,,,
train_episode,438900,3.6223999999999976,0.021002666666666656,,,,
train_episode,439050,4.515733333333336,0.026847999999999997,,,,
train_episode,439200,4.611199999999999,0.02728533333333333,,,,
train_episode,439350,5.3397333333333314,0.03208533333333332,,,,
train_episode,439500,5.355733333333335,0.03218133333333333,,,,
train_episode,439650,5.252266666666667,0.03169066666666667,,,,
train_episode,439800,4.516800000000001,0.02672,,,,
train_episode,439950,5.804799999999998,0.035424000000000004,,,,
train_episode,440100,5.800533333333335,0.03521066666666668,,,,
train_episode,440250,6.19573333333333,0.03797333333333332,,,,
train_episode,440400,5.179200000000001,0.03101866666666668,,,,
train_episode,440550,3.5765333333333325,0.020330666666666664,,,,
train_episode,440700,5.509866666666666,0.03341866666666666,,,,
train_episode,440850,3.8048,0.02200533333333334,,,,
train_episode,441000,3.9578666666666673,0.02328533333333333,,,,
eval,441000,,,,,5.240746666666666,0.03147733333333333
train_episode,441150,4.237866666666669,0.02494933333333333,,,,
train_episode,441300,6.174399999999998,0.03764266666666665,,,,
train_episode,441450,4.737066666666668,0.028202666666666664,,,,
train_episode,441600,5.039466666666667,0.029834666666666662,,,,
train_episode,441750,4.2352,0.024906666666666664,,,,
train_episode,441900,4.8624,0.028928000000000006,,,,
train_episode,442050,6.3808000000000025,0.03894400000000002,,,,
train_episode,442200,3.9242666666666666,0.022688,,,,
train_episode,442350,5.782933333333333,0.03496533333333334,,,,
train_episode,442500,5.372266666666666,0.03255466666666667,,,,
train_episode,442650,4.659733333333334,0.027743999999999994,,,,
train_episode,442800,4.650133333333334,0.02773333333333334,,,,
train_episode,442950,6.0917333333333366,0.03728000000000002,,,,
train_episode,443100,5.372266666666667,0.032533333333333345,,,,
train_episode,443250,6.785066666666664,0.041749333333333326,,,,
train_episode,443400,5.724266666666666,0.034719999999999994,,,,
train_episode,443550,6.1056,0.03717333333333333,,,,
train_episode,443700,7.309333333333336,0.045216000000000006,,,,
train_episode,443850,5.638399999999998,0.034037333333333336,,,,
train_episode,444000,5.084266666666667,0.030144000000000008,,,,
eval,444000,,,,,5.233279999999999,0.031513599999999996
train_episode,444150,3.8037333333333336,0.021994666666666666,,,,
train_episode,444300,4.5797333333333325,0.02706133333333333,,,,
train_episode,444450,4.0656000000000025,0.023818666666666675,,,,
train_episode,444600,6.4655999999999985,0.03965866666666666,,,,
train_episode,444750,5.682666666666666,0.034559999999999994,,,,
train_episode,444900,5.278933333333329,0.03162666666666665,,,,
train_episode,445050,5.742399999999999,0.034805333333333334,,,,
train_episode,445200,4.0485333333333315,0.023488000000000002,,,,
train_episode,445350,3.5696000000000003,0.020469333333333336,,,,
train_episode,445500,5.0447999999999995,0.03008000000000001,,,,
train_episode,445650,5.004800000000001,0.02989866666666666,,,,
train_episode,445800,3.9183999999999983,0.022634666666666657,,,,
train_episode,445950,5.4981333333333335,0.03331200000000001,,,,
train_episode,446100,5.114666666666666,0.030687999999999997,,,,
train_episode,446250,5.625600000000001,0.033984000000000014,,,,
train_episode,446400,8.095466666666667,0.050325333333333354,,,,
train_episode,446550,7.128000000000004,0.04417066666666669,,,,
train_episode,446700,3.3557333333333332,0.019168000000000004,,,,
train_episode,446850,4.926399999999999,0.029354666666666654,,,,
train_episode,447000,4.4079999999999995,0.026112000000000003,,,,
eval,447000,,,,,4.847893333333333,0.02886613333333334
train_episode,447150,4.691200000000002,0.02785066666666666,,,,
train_episode,447300,4.78186666666667,0.028426666666666673,,,,
train_episode,447450,4.231466666666667,0.02500266666666667,,,,
train_episode,447600,6.780266666666668,0.04155733333333334,,,,
train_episode,447750,5.655999999999999,0.034144,,,,
train_episode,447900,4.529066666666666,0.026805333333333337,,,,
train_episode,448050,4.105599999999999,0.024181333333333336,,,,
train_episode,448200,7.6490666666666725,0.04747733333333337,,,,
train_episode,448350,8.438933333333319,0.05272533333333334,,,,
train_episode,448500,6.217599999999998,0.037898666666666664,,,,
train_episode,448650,5.938133333333331,0.03605333333333333,,,,
train_episode,448800,4.725866666666666,0.028010666666666656,,,,
train_episode,448950,7.745066666666671,0.048213333333333344,,,,
train_episode,449100,7.878933333333335,0.04900266666666669,,,,
train_episode,449250,3.9178666666666673,0.022933333333333333,,,,
train_episode,449400,4.269333333333334,0.02522666666666667,,,,
train_episode,449550,5.2960000000000065,0.031882666666666705,,,,
train_episode,449700,4.872533333333332,0.029248,,,,
train_episode,449850,10.197866666666647,0.06466133333333318,,,,
train_episode,450000,6.417066666666667,0.03921066666666667,,,,
eval,450000,,,,,5.602986666666666,0.03401386666666666
train_episode,450150,3.4634666666666667,0.019786666666666664,,,,
train_episode,450300,5.744000000000002,0.034976000000000014,,,,
train_episode,450450,3.5344000000000007,0.020213333333333333,,,,
train_episode,450600,5.0847999999999995,0.030293333333333332,,,,
train_episode,450750,5.285333333333334,0.031530666666666665,,,,
train_episode,450900,3.165333333333332,0.017920000000000002,,,,
train_episode,451050,4.268800000000002,0.025098666666666672,,,,
train_episode,451200,4.744533333333333,0.028064,,,,
train_episode,451350,5.574400000000001,0.033728,,,,
train_episode,451500,7.025066666666667,0.043264,,,,
train_episode,451650,6.0901333333333305,0.03706666666666665,,,,
train_episode,451800,4.202666666666665,0.02481066666666667,,,,
train_episode,451950,5.124266666666665,0.03090133333333333,,,,
train_episode,452100,8.55733333333333,0.05336533333333333,,,,
train_episode,452250,4.484799999999999,0.026431999999999997,,,,
train_episode,452400,4.461866666666666,0.026410666666666655,,,,
train_episode,452550,4.869866666666669,0.029205333333333344,,,,
train_episode,452700,7.072533333333343,0.04364800000000007,,,,
train_episode,452850,5.667733333333339,0.03415466666666671,,,,
train_episode,453000,6.503999999999998,0.040031999999999984,,,,
eval,453000,,,,,6.987733333333331,0.04302933333333331
train_episode,453150,3.8458666666666654,0.022549333333333327,,,,
train_episode,453300,8.926400000000001,0.05606400000000001,,,,
train_episode,453450,4.187200000000001,0.02473600000000001,,,,
train_episode,453600,4.330133333333334,0.025450666666666663,,,,
train_episode,453750,5.462399999999998,0.03292799999999999,,,,
train_episode,453900,6.989866666666669,0.04317866666666669,,,,
train_episode,454050,3.7781333333333325,0.021930666666666664,,,,
train_episode,454200,5.2090666666666685,0.03146666666666668,,,,
train_episode,454350,7.417600000000004,0.04603733333333335,,,,
train_episode,454500,7.271466666666666,0.045119999999999987,,,,
train_episode,454650,9.983466666666663,0.06296533333333333,,,,
train_episode,454800,8.81173333333333,0.055242666666666655,,,,
train_episode,454950,4.388799999999999,0.025887999999999998,,,,
train_episode,455100,7.259733333333334,0.04478933333333334,,,,
train_episode,455250,6.414400000000004,0.03957333333333336,,,,
train_episode,455400,7.817066666666666,0.04868266666666667,,,,
train_episode,455550,5.446933333333332,0.03277866666666666,,,,
train_episode,455700,7.242666666666664,0.04495999999999998,,,,
train_episode,455850,6.692799999999998,0.041077333333333334,,,,
train_episode,456000,7.640000000000003,0.04738133333333336,,,,
eval,456000,,,,,6.444053333333334,0.03949866666666668
train_episode,456150,6.33333333333333,0.03874133333333332,,,,
train_episode,456300,9.30826666666666,0.058687999999999955,,,,
train_episode,456450,6.357333333333333,0.038847999999999994,,,,
train_episode,456600,8.473599999999985,0.053088,,,,
train_episode,456750,6.877333333333333,0.04247466666666667,,,,
train_episode,456900,7.9946666666666655,0.049888,,,,
train_episode,457050,6.433600000000001,0.039509333333333334,,,,
train_episode,457200,6.764800000000002,0.04169600000000001,,,,
train_episode,457350,6.125866666666667,0.037429333333333335,,,,
train_episode,457500,5.296533333333334,0.03195733333333334,,,,
train_episode,457650,12.117866666666666,0.07725866666666667,,,,
train_episode,457800,6.432533333333333,0.03925333333333333,,,,
train_episode,457950,7.091200000000002,0.04372266666666668,,,,
train_episode,458100,6.229866666666669,0.03806933333333333,,,,
train_episode,458250,9.21813333333333,0.057845333333333325,,,,
train_episode,458400,7.817066666666669,0.04882133333333334,,,,
train_episode,458550,7.477333333333333,0.04651733333333334,,,,
train_episode,458700,6.396266666666667,0.039242666666666676,,,,
train_episode,458850,6.788799999999997,0.041834666666666666,,,,
train_episode,459000,6.515733333333337,0.040032000000000026,,,,
eval,459000,,,,,7.92672,0.04927999999999999
train_episode,459150,8.630399999999995,0.05398399999999999,,,,
train_episode,459300,5.980266666666669,0.03624533333333336,,,,
train_episode,459450,8.377066666666655,0.05217066666666662,,,,
train_episode,459600,5.923733333333333,0.03622399999999999,,,,
train_episode,459750,6.073066666666665,0.03691733333333333,,,,
train_episode,459900,6.446399999999998,0.039552,,,,
train_episode,460050,9.83039999999998,0.06201599999999986,,,,
train_episode,460200,4.721599999999998,0.028234666666666665,,,,
train_episode,460350,8.531733333333321,0.053280000000000015,,,,
train_episode,460500,10.731199999999996,0.06809599999999999,,,,
train_episode,460650,9.004800000000005,0.056512000000000014,,,,
train_episode,460800,10.276799999999994,0.06490666666666663,,,,
train_episode,460950,6.127999999999999,0.037706666666666666,,,,
train_episode,461100,5.195733333333334,0.03113600000000001,,,,
train_episode,461250,9.152533333333333,0.05754666666666664,,,,
train_episode,461400,7.057600000000002,0.04360533333333334,,,,
train_episode,461550,7.94666666666667,0.0493866666666667,,,,
train_episode,461700,8.388266666666665,0.052319999999999985,,,,
train_episode,461850,8.249600000000001,0.051488000000000006,,,,
train_episode,462000,7.171733333333334,0.04436266666666667,,,,
eval,462000,,,,,6.678719999999998,0.04111573333333333
train_episode,462150,6.133333333333334,0.037514666666666675,,,,
train_episode,462300,8.529066666666667,0.053343999999999996,,,,
train_episode,462450,4.6304,0.027551999999999997,,,,
train_episode,462600,5.042133333333331,0.03015466666666665,,,,
train_episode,462750,9.153066666666643,0.05748266666666654,,,,
train_episode,462900,8.058133333333336,0.050144000000000015,,,,
train_episode,463050,7.472,0.04627200000000001,,,,
train_episode,463200,9.2192,0.05780266666666668,,,,
train_episode,463350,9.129066666666658,0.0574826666666666,,,,
train_episode,463500,11.241599999999998,0.07129600000000001,,,,
train_episode,463650,8.922133333333326,0.056159999999999946,,,,
train_episode,463800,7.530666666666669,0.046634666666666685,,,,
train_episode,463950,7.260800000000001,0.04492800000000001,,,,
train_episode,464100,6.646400000000003,0.04091733333333336,,,,
train_episode,464250,9.711466666666652,0.061045333333333264,,,,
train_episode,464400,7.25013333333333,0.04490666666666665,,,,
train_episode,464550,4.635733333333333,0.027541333333333327,,,,
train_episode,464700,9.561599999999986,0.06001066666666658,,,,
train_episode,464850,8.55786666666667,0.053546666666666666,,,,
train_episode,465000,4.916799999999998,0.029258666666666655,,,,
eval,465000,,,,,8.024319999999994,0.04996479999999996
train_episode,465150,6.472533333333334,0.04002133333333334,,,,
train_episode,465300,6.841066666666672,0.04218666666666671,,,,
train_episode,465450,5.887466666666664,0.035701333333333314,,,,
train_episode,465600,8.769066666666667,0.054890666666666664,,,,
train_episode,465750,7.785066666666666,0.04835200000000002,,,,
train_episode,465900,7.5040000000000004,0.04638933333333333,,,,
train_episode,466050,8.738133333333334,0.054869333333333305,,,,
train_episode,466200,8.773866666666674,0.05474133333333332,,,,
train_episode,466350,8.505066666666666,0.05342933333333335,,,,
train_episode,466500,11.209599999999996,0.07108266666666667,,,,
train_episode,466650,9.938133333333324,0.06270933333333327,,,,
train_episode,466800,14.459199999999994,0.09295999999999992,,,,
train_episode,466950,9.775466666666658,0.06150399999999994,,,,
train_episode,467100,6.540799999999998,0.04010666666666665,,,,
train_episode,467250,12.081066666666674,0.0770773333333334,,,,
train_episode,467400,9.931199999999988,0.06253866666666662,,,,
train_episode,467550,10.28746666666666,0.06511999999999997,,,,
train_episode,467700,6.151466666666668,0.037493333333333344,,,,
train_episode,467850,8.609599999999997,0.053941333333333376,,,,
train_episode,468000,9.529599999999974,0.06011733333333312,,,,
eval,468000,,,,,8.512213333333332,0.0531797333333333
train_episode,468150,10.095999999999986,0.0635946666666666,,,,
train_episode,468300,9.297599999999989,0.05843199999999992,,,,
train_episode,468450,7.46133333333334,0.04628266666666673,,,,
train_episode,468600,11.18346666666666,0.07117866666666663,,,,
train_episode,468750,12.660799999999995,0.08074666666666658,,,,
train_episode,468900,17.00853333333333,0.1099093333333333,,,,
train_episode,469050,13.919466666666672,0.08888533333333336,,,,
train_episode,469200,7.566933333333333,0.04730666666666666,,,,
train_episode,469350,9.525866666666674,0.06004266666666671,,,,
train_episode,469500,8.956799999999996,0.05625599999999997,,,,
train_episode,469650,10.25386666666666,0.06472533333333332,,,,
train_episode,469800,7.594666666666665,0.04706133333333333,,,,
train_episode,469950,11.15146666666667,0.07075199999999997,,,,
train_episode,470100,8.020266666666672,0.04986666666666672,,,,
train_episode,470250,12.443733333333327,0.07931733333333325,,,,
train_episode,470400,9.842133333333317,0.06207999999999991,,,,
train_episode,470550,11.075733333333332,0.07061333333333333,,,,
train_episode,470700,18.72746666666666,0.121088,,,,
train_episode,470850,10.632,0.06723199999999999,,,,
train_episode,471000,7.8224,0.048672000000000014,,,,
eval,471000,,,,,6.980906666666665,0.043078399999999996
train_episode,471150,6.115733333333334,0.03758933333333334,,,,
train_episode,471300,11.642666666666665,0.07413333333333331,,,,
train_episode,471450,12.03413333333334,0.07659733333333334,,,,
train_episode,471600,11.155733333333329,0.07066666666666666,,,,
train_episode,471750,10.99253333333333,0.06995199999999997,,,,
train_episode,471900,13.49439999999999,0.08650666666666657,,,,
train_episode,472050,12.389333333333324,0.07897599999999996,,,,
train_episode,472200,14.647466666666658,0.09386666666666663,,,,
train_episode,472350,12.72693333333333,0.08123733333333329,,,,
train_episode,472500,8.814933333333332,0.05546666666666667,,,,
train_episode,472650,15.982933333333339,0.10282666666666672,,,,
train_episode,472800,8.809599999999987,0.05514666666666668,,,,
train_episode,472950,13.93759999999999,0.0893226666666666,,,,
train_episode,473100,15.515199999999997,0.10017066666666657,,,,
train_episode,473250,11.07999999999999,0.07016533333333326,,,,
train_episode,473400,13.522666666666673,0.08654933333333333,,,,
train_episode,473550,20.86986666666667,0.1356266666666667,,,,
train_episode,473700,20.597866666666672,0.13315200000000005,,,,
train_episode,473850,14.857066666666654,0.09535999999999992,,,,
train_episode,474000,9.066666666666661,0.05694933333333329,,,,
eval,474000,,,,,8.964799999999993,0.05623893333333332
train_episode,474150,9.92213333333333,0.062367999999999965,,,,
train_episode,474300,8.231466666666668,0.05130666666666668,,,,
train_episode,474450,7.338666666666666,0.045450666666666674,,,,
train_episode,474600,6.400000000000002,0.03927466666666667,,,,
train_episode,474750,9.294933333333327,0.05836799999999997,,,,
train_episode,474900,8.006933333333333,0.04978133333333335,,,,
train_episode,475050,8.895466666666675,0.05609600000000006,,,,
train_episode,475200,9.179733333333331,0.05772799999999998,,,,
train_episode,475350,9.91786666666666,0.06252799999999993,,,,
train_episode,475500,9.070399999999996,0.05687466666666664,,,,
train_episode,475650,10.661866666666668,0.06712533333333333,,,,
train_episode,475800,8.628266666666672,0.054090666666666655,,,,
train_episode,475950,10.076266666666664,0.06360533333333328,,,,
train_episode,476100,13.610666666666667,0.08681599999999999,,,,
train_episode,476250,6.9056,0.04263466666666667,,,,
train_episode,476400,6.283733333333333,0.03841066666666667,,,,
train_episode,476550,6.422400000000002,0.0395306666666667,,,,
train_episode,476700,9.128533333333328,0.05727999999999998,,,,
train_episode,476850,10.974399999999989,0.06953599999999995,,,,
train_episode,477000,9.42986666666666,0.05945599999999997,,,,
eval,477000,,,,,8.443946666666665,0.052682666666666655
train_episode,477150,10.049066666666663,0.06353066666666664,,,,
train_episode,477300,8.239999999999997,0.05148800000000001,,,,
train_episode,477450,10.092800000000006,0.06360533333333333,,,,
train_episode,477600,6.386133333333332,0.039189333333333326,,,,
train_episode,477750,6.287466666666671,0.03866666666666671,,,,
train_episode,477900,9.297599999999997,0.058496,,,,
train_episode,478050,10.692266666666667,0.06806399999999994,,,,
train_episode,478200,8.3856,0.0525866666666667,,,,
train_episode,478350,8.391999999999985,0.052256000000000004,,,,
train_episode,478500,9.846399999999992,0.06217599999999994,,,,
train_episode,478650,9.565333333333323,0.05989333333333331,,,,
train_episode,478800,8.598399999999994,0.05373866666666667,,,,
train_episode,478950,6.8693333333333335,0.04214400000000002,,,,
train_episode,479100,11.240533333333323,0.07147733333333325,,,,
train_episode,479250,14.540800000000003,0.09349333333333334,,,,
train_episode,479400,9.320533333333328,0.05847466666666667,,,,
train_episode,479550,5.494399999999999,0.033248,,,,
train_episode,479700,7.278933333333332,0.045024,,,,
train_episode,479850,6.3328000000000015,0.03846400000000001,,,,
train_episode,480000,8.020266666666659,0.049823999999999966,,,,
eval,480000,,,,,10.783786666666662,0.06821546666666663
train_episode,480150,11.748266666666655,0.07462399999999994,,,,
train_episode,480300,8.204266666666662,0.05108266666666667,,,,
train_episode,480450,10.486933333333313,0.0662933333333332,,,,
train_episode,480600,10.644266666666667,0.06729599999999997,,,,
train_episode,480750,10.100800000000005,0.06405333333333338,,,,
train_episode,480900,13.1872,0.08438399999999999,,,,
train_episode,481050,10.646400000000016,0.06729600000000008,,,,
train_episode,481200,8.04746666666667,0.04987733333333336,,,,
train_episode,481350,6.7632,0.04168533333333335,,,,
train_episode,481500,11.491199999999996,0.0729813333333333,,,,
train_episode,481650,8.377066666666666,0.05236266666666671,,,,
train_episode,481800,6.266666666666666,0.03858133333333334,,,,
train_episode,481950,13.670399999999992,0.08740266666666659,,,,
train_episode,482100,14.449600000000009,0.09261866666666667,,,,
train_episode,482250,14.923200000000007,0.0957226666666667,,,,
train_episode,482400,10.898666666666653,0.06901333333333325,,,,
train_episode,482550,18.570666666666664,0.11965866666666658,,,,
train_episode,482700,14.009599999999995,0.08968533333333327,,,,
train_episode,482850,19.740266666666642,0.12778666666666658,,,,
train_episode,483000,18.14933333333332,0.11754666666666658,,,,
eval,483000,,,,,18.90965333333333,0.12255573333333332
train_episode,483150,17.26933333333334,0.11114666666666664,,,,
train_episode,483300,12.558399999999997,0.08039466666666666,,,,
train_episode,483450,9.289599999999995,0.05822933333333335,,,,
train_episode,483600,10.567466666666666,0.0665706666666667,,,,
train_episode,483750,11.159999999999972,0.07091199999999981,,,,
train_episode,483900,8.40906666666666,0.052576000000000005,,,,
train_episode,484050,9.327999999999983,0.058751999999999915,,,,
train_episode,484200,12.02186666666666,0.07663999999999994,,,,
train_episode,484350,13.222933333333332,0.08429866666666662,,,,
train_episode,484500,16.26720000000001,0.10467199999999996,,,,
train_episode,484650,7.16693333333333,0.04409599999999999,,,,
train_episode,484800,9.275733333333326,0.05839999999999999,,,,
train_episode,484950,18.349333333333316,0.11865599999999991,,,,
train_episode,485100,12.8832,0.08218666666666664,,,,
train_episode,485250,16.561066666666648,0.10685866666666671,,,,
train_episode,485400,38.752533333333346,0.25492266666666674,,,,
train_episode,485550,18.500799999999987,0.11941333333333326,,,,
train_episode,485700,12.501333333333333,0.0797013333333333,,,,
train_episode,485850,13.133333333333331,0.08373333333333328,,,,
train_episode,486000,22.904000000000014,0.14888533333333348,,,,
eval,486000,,,,,13.193919999999997,0.08424533333333328
train_episode,486150,10.45866666666666,0.06614399999999995,,,,
train_episode,486300,14.7904,0.09518933333333332,,,,
train_episode,486450,10.69813333333333,0.06750933333333327,,,,
train_episode,486600,10.964799999999995,0.06964266666666662,,,,
train_episode,486750,12.36693333333333,0.07866666666666658,,,,
train_episode,486900,11.617599999999987,0.07393066666666656,,,,
train_episode,487050,10.985599999999996,0.06943999999999999,,,,
train_episode,487200,9.46826666666667,0.059722666666666674,,,,
train_episode,487350,11.389866666666652,0.07206399999999995,,,,
train_episode,487500,10.635199999999992,0.06734933333333322,,,,
train_episode,487650,25.787200000000006,0.16800000000000004,,,,
train_episode,487800,10.774400000000004,0.0680853333333333,,,,
train_episode,487950,14.341333333333335,0.09187200000000004,,,,
train_episode,488100,10.41066666666666,0.06582399999999998,,,,
train_episode,488250,8.899200000000002,0.055818666666666676,,,,
train_episode,488400,12.398933333333327,0.0789226666666666,,,,
train_episode,488550,18.10186666666667,0.11707733333333346,,,,
train_episode,488700,16.758933333333342,0.10789333333333331,,,,
train_episode,488850,16.024533333333334,0.1030826666666667,,,,
train_episode,489000,16.306666666666647,0.1049066666666666,,,,
eval,489000,,,,,10.172693333333333,0.06429439999999999
train_episode,489150,12.973866666666654,0.08312533333333323,,,,
train_episode,489300,12.904533333333331,0.08214399999999994,,,,
train_episode,489450,17.564799999999998,0.11381333333333335,,,,
train_episode,489600,15.34933333333332,0.09869866666666655,,,,
train_episode,489750,16.3824,0.10558933333333329,,,,
train_episode,489900,22.549866666666663,0.14667733333333335,,,,
train_episode,490050,12.60479999999999,0.0808853333333333,,,,
train_episode,490200,16.054933333333324,0.10355199999999992,,,,
train_episode,490350,23.55039999999999,0.15307733333333326,,,,
train_episode,490500,7.633066666666664,0.047359999999999985,,,,
train_episode,490650,13.812266666666678,0.08883200000000005,,,,
train_episode,490800,9.037866666666666,0.05663999999999998,,,,
train_episode,490950,18.918933333333328,0.122816,,,,
train_episode,491100,22.251199999999987,0.14473599999999995,,,,
train_episode,491250,28.51413333333333,0.18633599999999995,,,,
train_episode,491400,19.47466666666667,0.1262400000000001,,,,
train_episode,491550,15.35733333333333,0.09930666666666665,,,,
train_episode,491700,14.618666666666668,0.09359999999999999,,,,
train_episode,491850,21.968000000000007,0.14275200000000005,,,,
train_episode,492000,16.085866666666668,0.10345599999999999,,,,
eval,492000,,,,,15.587626666666665,0.10025386666666661
train_episode,492150,16.80959999999999,0.10915199999999992,,,,
train_episode,492300,16.15253333333334,0.10388266666666668,,,,
train_episode,492450,15.164799999999994,0.09812266666666664,,,,
train_episode,492600,17.243733333333324,0.11130666666666661,,,,
train_episode,492750,18.928533333333327,0.12259199999999992,,,,
train_episode,492900,18.027733333333313,0.11677866666666653,,,,
train_episode,493050,20.099733333333344,0.13038933333333333,,,,
train_episode,493200,11.710933333333333,0.07468799999999996,,,,
train_episode,493350,9.717866666666668,0.061184,,,,
train_episode,493500,6.389333333333334,0.03914666666666668,,,,
train_episode,493650,7.419199999999998,0.04601599999999998,,,,
train_episode,493800,5.998400000000002,0.036522666666666675,,,,
train_episode,493950,6.960533333333334,0.04297599999999999,,,,
train_episode,494100,6.02826666666667,0.03677866666666669,,,,
train_episode,494250,8.497599999999993,0.053141333333333346,,,,
train_episode,494400,5.094399999999998,0.030421333333333335,,,,
train_episode,494550,10.246933333333319,0.06475733333333321,,,,
train_episode,494700,8.258666666666663,0.051840000000000004,,,,
train_episode,494850,9.937600000000002,0.06264533333333334,,,,
train_episode,495000,8.173866666666667,0.050730666666666674,,,,
eval,495000,,,,,10.823466666666667,0.06859093333333331
train_episode,495150,11.695466666666658,0.07427199999999995,,,,
train_episode,495300,5.809599999999991,0.03533866666666661,,,,
train_episode,495450,8.496000000000008,0.05326933333333332,,,,
train_episode,495600,7.2165333333333415,0.04453333333333337,,,,
train_episode,495750,6.746666666666665,0.041514666666666665,,,,
train_episode,495900,6.709333333333335,0.04094933333333335,,,,
train_episode,496050,10.881599999999997,0.06920533333333334,,,,
train_episode,496200,5.158399999999999,0.03085866666666668,,,,
train_episode,496350,5.4762666666666675,0.032991999999999994,,,,
train_episode,496500,7.390933333333335,0.04557866666666668,,,,
train_episode,496650,8.222933333333327,0.05133866666666666,,,,
train_episode,496800,7.010666666666664,0.04303999999999999,,,,
train_episode,496950,6.243199999999995,0.03802666666666665,,,,
train_episode,497100,5.822933333333335,0.035466666666666674,,,,
train_episode,497250,12.321066666666669,0.07827200000000001,,,,
train_episode,497400,11.176533333333335,0.07101866666666666,,,,
train_episode,497550,7.330666666666664,0.045311999999999984,,,,
train_episode,497700,7.525866666666666,0.04661333333333334,,,,
train_episode,497850,7.628266666666664,0.04737066666666667,,,,
train_episode,498000,7.533333333333331,0.04650666666666667,,,,
eval,498000,,,,,8.34336,0.05208533333333335
train_episode,498150,6.352533333333335,0.03897600000000003,,,,
train_episode,498300,6.401599999999994,0.0391893333333333,,,,
train_episode,498450,4.0128,0.02338133333333334,,,,
train_episode,498600,5.108266666666666,0.03037866666666668,,,,
train_episode,498750,3.3845333333333336,0.019424,,,,
train_episode,498900,3.8896000000000006,0.022752000000000005,,,,
train_episode,499050,7.380266666666667,0.04580266666666667,,,,
train_episode,499200,4.390933333333329,0.02592,,,,
train_episode,499350,5.379200000000001,0.03242666666666667,,,,
train_episode,499500,8.252799999999986,0.05152000000000002,,,,
train_episode,499650,6.4149333333333365,0.039349333333333354,,,,
train_episode,499800,4.545599999999999,0.026709333333333328,,,,
train_episode,499950,8.116266666666665,0.05047466666666671,,,,
train_episode,500100,5.9109333333333325,0.03598933333333334,,,,
train_episode,500250,6.688533333333334,0.04093866666666668,,,,
train_episode,500400,4.3904,0.025856,,,,
train_episode,500550,7.6992000000000065,0.047765333333333375,,,,
train_episode,500700,9.191999999999968,0.05779199999999973,,,,
train_episode,500850,4.474666666666667,0.026602666666666663,,,,
train_episode,501000,5.228266666666665,0.031296,,,,
eval,501000,,,,,6.402986666666666,0.039174400000000026
train_episode,501150,6.557333333333341,0.04020266666666673,,,,
train_episode,501300,4.2783999999999995,0.02531199999999999,,,,
train_episode,501450,6.354666666666668,0.03932800000000001,,,,
train_episode,501600,10.838399999999993,0.0688,,,,
train_episode,501750,5.291200000000001,0.031743999999999994,,,,
train_episode,501900,3.8986666666666667,0.022816,,,,
train_episode,502050,4.138666666666665,0.02429866666666666,,,,
train_episode,502200,4.767999999999999,0.02863999999999999,,,,
train_episode,502350,7.91946666666667,0.04917333333333336,,,,
train_episode,502500,9.85226666666667,0.06234666666666667,,,,
train_episode,502650,7.230933333333331,0.044703999999999994,,,,
train_episode,502800,4.325866666666667,0.025546666666666662,,,,
train_episode,502950,5.5856,0.033685333333333345,,,,
train_episode,503100,8.185599999999997,0.05102933333333333,,,,
train_episode,503250,4.777599999999998,0.028447999999999987,,,,
train_episode,503400,4.996266666666667,0.02989866666666667,,,,
train_episode,503550,6.0768,0.037013333333333336,,,,
train_episode,503700,8.515733333333339,0.053226666666666665,,,,
train_episode,503850,7.998400000000002,0.049770666666666685,,,,
train_episode,504000,5.997333333333332,0.03636266666666667,,,,
eval,504000,,,,,7.688853333333334,0.047697066666666676
train_episode,504150,4.6277333333333335,0.027456000000000008,,,,
train_episode,504300,5.032533333333335,0.030378666666666672,,,,
train_episode,504450,4.270400000000001,0.025130666666666662,,,,
train_episode,504600,4.891200000000001,0.02945066666666668,,,,
train_episode,504750,3.802666666666667,0.022047999999999998,,,,
train_episode,504900,5.6048,0.03405866666666667,,,,
train_episode,505050,3.342933333333334,0.018976000000000007,,,,
train_episode,505200,4.089066666666667,0.023647999999999992,,,,
train_episode,505350,2.823466666666666,0.015519999999999996,,,,
train_episode,505500,4.860266666666668,0.028960000000000003,,,,
train_episode,505650,6.6581333333333355,0.040682666666666686,,,,
train_episode,505800,8.397866666666664,0.05248,,,,
train_episode,505950,7.255999999999999,0.044896,,,,
train_episode,506100,11.659199999999997,0.0745813333333333,,,,
train_episode,506250,13.626666666666665,0.08768,,,,
train_episode,506400,14.494400000000006,0.09334400000000004,,,,
train_episode,506550,5.120533333333336,0.030816000000000017,,,,
train_episode,506700,4.8789333333333325,0.02919466666666667,,,,
train_episode,506850,9.87946666666666,0.06220799999999997,,,,
train_episode,507000,10.16906666666667,0.0642346666666667,,,,
eval,507000,,,,,9.878826666666667,0.062474666666666664
train_episode,507150,7.583466666666666,0.04744533333333333,,,,
train_episode,507300,7.3781333333333405,0.04569600000000004,,,,
train_episode,507450,11.370133333333335,0.07225600000000003,,,,
train_episode,507600,6.634666666666669,0.041098666666666686,,,,
train_episode,507750,4.560533333333335,0.02700799999999999,,,,
train_episode,507900,5.367466666666672,0.03252266666666671,,,,
train_episode,508050,4.465599999999999,0.026037333333333332,,,,
train_episode,508200,7.113599999999999,0.04396799999999999,,,,
train_episode,508350,11.599466666666663,0.07398399999999997,,,,
train_episode,508500,4.914133333333335,0.029418666666666666,,,,
train_episode,508650,11.8256,0.07525333333333335,,,,
train_episode,508800,8.374400000000003,0.05218133333333335,,,,
train_episode,508950,5.1626666666666665,0.030869333333333332,,,,
train_episode,509100,4.3919999999999995,0.025898666666666674,,,,
train_episode,509250,5.0725333333333325,0.03038933333333333,,,,
train_episode,509400,7.440533333333334,0.046122666666666666,,,,
train_episode,509550,3.742399999999999,0.02158933333333333,,,,
train_episode,509700,7.571733333333337,0.04706133333333336,,,,
train_episode,509850,7.532800000000003,0.04648533333333336,,,,
train_episode,510000,5.198933333333334,0.03154133333333334,,,,
eval,510000,,,,,4.087680000000001,0.02396373333333333
train_episode,510150,5.610133333333336,0.034058666666666675,,,,
train_episode,510300,7.082133333333332,0.04360533333333333,,,,
train_episode,510450,5.235199999999998,0.031413333333333335,,,,
train_episode,510600,7.653866666666669,0.047392000000000024,,,,
train_episode,510750,4.434666666666667,0.026250666666666665,,,,
train_episode,510900,4.805866666666667,0.028554666666666673,,,,
train_episode,511050,5.886933333333336,0.03561600000000003,,,,
train_episode,511200,2.723733333333335,0.01488000000000001,,,,
train_episode,511350,5.0586666666666655,0.03032533333333334,,,,
train_episode,511500,4.725866666666665,0.028138666666666652,,,,
train_episode,511650,5.883733333333334,0.035882666666666674,,,,
train_episode,511800,2.946133333333334,0.016128000000000003,,,,
train_episode,511950,6.6992,0.04120533333333334,,,,
train_episode,512100,5.686933333333331,0.03433599999999999,,,,
train_episode,512250,7.452266666666669,0.04624000000000003,,,,
train_episode,512400,6.973333333333337,0.04312533333333337,,,,
train_episode,512550,8.284266666666666,0.051541333333333356,,,,
train_episode,512700,4.98986666666667,0.029909333333333343,,,,
train_episode,512850,4.745600000000003,0.02819200000000001,,,,
train_episode,513000,3.2202666666666664,0.01824,,,,
eval,513000,,,,,5.829866666666665,0.03532373333333333
train_episode,513150,4.693866666666668,0.02785066666666668,,,,
train_episode,513300,3.781333333333334,0.021824000000000007,,,,
train_episode,513450,7.008,0.043445333333333336,,,,
train_episode,513600,3.680533333333333,0.021215999999999995,,,,
train_episode,513750,3.307733333333333,0.018794666666666668,,,,
train_episode,513900,3.589866666666667,0.020501333333333333,,,,
train_episode,514050,3.701333333333333,0.021130666666666666,,,,
train_episode,514200,6.278933333333332,0.03845333333333333,,,,
train_episode,514350,6.939199999999997,0.04274133333333333,,,,
train_episode,514500,9.726400000000002,0.06135466666666666,,,,
train_episode,514650,5.219733333333331,0.03128533333333332,,,,
train_episode,514800,5.457066666666668,0.032778666666666685,,,,
train_episode,514950,4.754666666666668,0.028032000000000005,,,,
train_episode,515100,7.521599999999999,0.046752,,,,
train_episode,515250,13.512000000000008,0.08646400000000004,,,,
train_episode,515400,12.004266666666663,0.07635199999999995,,,,
train_episode,515550,9.860799999999982,0.0620053333333332,,,,
train_episode,515700,6.604800000000002,0.04067200000000002,,,,
train_episode,515850,4.762666666666667,0.02837333333333333,,,,
train_episode,516000,10.485866666666668,0.06643199999999999,,,,
eval,516000,,,,,7.274666666666667,0.04505386666666666
train_episode,516150,6.681066666666666,0.04129066666666667,,,,
train_episode,516300,6.50506666666667,0.03994666666666669,,,,
train_episode,516450,15.277333333333333,0.098048,,,,
train_episode,516600,6.8911999999999995,0.042496000000000006,,,,
train_episode,516750,8.368533333333323,0.05227733333333332,,,,
train_episode,516900,9.364799999999972,0.05880533333333312,,,,
train_episode,517050,5.334933333333334,0.03229866666666667,,,,
train_episode,517200,4.678400000000002,0.028117333333333328,,,,
train_episode,517350,8.160533333333332,0.05073066666666667,,,,
train_episode,517500,7.396799999999999,0.04585599999999998,,,,
train_episode,517650,6.957333333333331,0.04291199999999998,,,,
train_episode,517800,7.809600000000004,0.04891733333333337,,,,
train_episode,517950,11.556799999999999,0.07341866666666667,,,,
train_episode,518100,7.809066666666668,0.04871466666666668,,,,
train_episode,518250,6.048533333333334,0.036842666666666676,,,,
train_episode,518400,13.891199999999998,0.08884266666666668,,,,
train_episode,518550,23.164266666666663,0.15147733333333335,,,,
train_episode,518700,18.305600000000002,0.11834666666666671,,,,
train_episode,518850,10.015466666666665,0.06324266666666664,,,,
train_episode,519000,20.216533333333334,0.13122133333333336,,,,
eval,519000,,,,,14.109013333333333,0.0905344
train_episode,519150,14.502933333333335,0.09310933333333335,,,,
train_episode,519300,17.13493333333331,0.11062399999999992,,,,
train_episode,519450,19.0208,0.12318933333333333,,,,
train_episode,519600,16.991466666666657,0.11031466666666655,,,,
train_episode,519750,9.492266666666666,0.059754666666666685,,,,
train_episode,519900,11.81813333333333,0.07536,,,,
train_episode,520050,18.170666666666655,0.11761066666666667,,,,
train_episode,520200,11.006933333333322,0.06993066666666659,,,,
train_episode,520350,18.746133333333333,0.12165333333333332,,,,
train_episode,520500,12.02986666666666,0.07649066666666662,,,,
train_episode,520650,9.36693333333333,0.058954666666666676,,,,
train_episode,520800,15.54186666666666,0.09995733333333326,,,,
train_episode,520950,23.673600000000008,0.1548266666666667,,,,
train_episode,521100,18.731199999999994,0.12130133333333329,,,,
train_episode,521250,33.673600000000015,0.22154666666666675,,,,
train_episode,521400,24.777066666666684,0.1618880000000001,,,,
train_episode,521550,20.128000000000025,0.1306560000000002,,,,
train_episode,521700,20.86826666666664,0.13643733333333322,,,,
train_episode,521850,16.816533333333332,0.10840533333333331,,,,
train_episode,522000,24.016000000000005,0.15633066666666673,,,,
eval,522000,,,,,26.846613333333334,0.17584853333333336
train_episode,522150,23.31893333333333,0.15236266666666667,,,,
train_episode,522300,12.361600000000003,0.07895466666666669,,,,
train_episode,522450,7.662933333333335,0.047424000000000015,,,,
train_episode,522600,6.229866666666669,0.03819733333333333,,,,
train_episode,522750,11.204799999999988,0.0710079999999999,,,,
train_episode,522900,12.476799999999995,0.07983999999999995,,,,
train_episode,523050,13.366400000000002,0.08555733333333333,,,,
train_episode,523200,5.567466666666667,0.033770666666666664,,,,
train_episode,523350,8.594666666666674,0.053781333333333306,,,,
train_episode,523500,8.859733333333335,0.055615999999999985,,,,
train_episode,523650,11.294933333333333,0.07186133333333335,,,,
train_episode,523800,7.053866666666669,0.043776000000000016,,,,
train_episode,523950,22.717333333333343,0.14851200000000006,,,,
train_episode,524100,19.13813333333334,0.12391466666666666,,,,
train_episode,524250,20.06666666666668,0.1302186666666668,,,,
train_episode,524400,20.250666666666653,0.13150933333333326,,,,
train_episode,524550,10.709866666666667,0.06787199999999999,,,,
train_episode,524700,10.86453333333334,0.06881066666666671,,,,
train_episode,524850,7.858133333333331,0.04935466666666666,,,,
train_episode,525000,14.67306666666665,0.09411199999999988,,,,
eval,525000,,,,,13.290559999999994,0.0850133333333333
train_episode,525150,13.048000000000004,0.08337066666666669,,,,
train_episode,525300,20.755199999999988,0.13467733333333323,,,,
train_episode,525450,14.266666666666671,0.09124266666666671,,,,
train_episode,525600,11.029333333333335,0.06995200000000003,,,,
train_episode,525750,15.410133333333329,0.09904,,,,
train_episode,525900,12.89493333333333,0.08237866666666663,,,,
train_episode,526050,14.804266666666662,0.09506133333333332,,,,
train_episode,526200,12.69386666666667,0.08108800000000004,,,,
train_episode,526350,38.96319999999999,0.2567680000000001,,,,
train_episode,526500,24.50133333333331,0.15967999999999985,,,,
train_episode,526650,9.324266666666665,0.05873066666666665,,,,
train_episode,526800,9.279466666666664,0.05852799999999998,,,,
train_episode,526950,5.923733333333335,0.03600000000000001,,,,
train_episode,527100,7.604266666666665,0.047359999999999985,,,,
train_episode,527250,14.878399999999997,0.09563733333333331,,,,
train_episode,527400,10.829333333333336,0.06848,,,,
train_episode,527550,10.11413333333333,0.06406399999999998,,,,
train_episode,527700,13.443199999999994,0.0859306666666666,,,,
train_episode,527850,5.858133333333332,0.03566933333333334,,,,
train_episode,528000,13.919466666666667,0.08922666666666665,,,,
eval,528000,,,,,12.76149333333333,0.08144213333333332
train_episode,528150,14.706666666666663,0.09443199999999996,,,,
train_episode,528300,5.989333333333333,0.03645866666666667,,,,
train_episode,528450,12.856000000000003,0.08203733333333336,,,,
train_episode,528600,10.841066666666665,0.06890666666666667,,,,
train_episode,528750,12.762666666666668,0.08169599999999999,,,,
train_episode,528900,12.862933333333334,0.08220799999999999,,,,
train_episode,529050,10.231999999999994,0.06489599999999997,,,,
train_episode,529200,17.884799999999995,0.11572266666666661,,,,
train_episode,529350,30.563200000000005,0.20034133333333334,,,,
train_episode,529500,30.857600000000012,0.20217600000000008,,,,
train_episode,529650,20.182933333333335,0.1312,,,,
train_episode,529800,9.568533333333336,0.06038399999999999,,,,
train_episode,529950,24.240533333333346,0.1582613333333334,,,,
train_episode,530100,7.681066666666668,0.04802133333333333,,,,
train_episode,530250,16.37440000000001,0.10543999999999992,,,,
train_episode,530400,26.3536,0.172096,,,,
train_episode,530550,27.117333333333328,0.17699199999999995,,,,
train_episode,530700,13.194666666666668,0.08437333333333333,,,,
train_episode,530850,7.15413333333333,0.04412799999999999,,,,
train_episode,531000,17.807999999999993,0.11583999999999996,,,,
eval,531000,,,,,25.083733333333335,0.1637248
train_episode,531150,46.90079999999999,0.31022933333333325,,,,
train_episode,531300,47.66826666666665,0.31462399999999985,,,,
train_episode,531450,28.329600000000013,0.18582400000000007,,,,
train_episode,531600,7.6464,0.047413333333333335,,,,
train_episode,531750,11.540266666666666,0.073472,,,,
train_episode,531900,40.15253333333333,0.26511999999999997,,,,
train_episode,532050,32.62613333333335,0.2139840000000001,,,,
train_episode,532200,17.77973333333332,0.1149013333333332,,,,
train_episode,532350,15.996799999999997,0.10305066666666667,,,,
train_episode,532500,12.529066666666665,0.0801173333333333,,,,
train_episode,532650,16.445866666666667,0.10601599999999999,,,,
train_episode,532800,9.390933333333335,0.05908266666666665,,,,
train_episode,532950,18.28639999999999,0.11820799999999997,,,,
train_episode,533100,15.591466666666674,0.10065066666666672,,,,
train_episode,533250,11.65973333333332,0.07406933333333326,,,,
train_episode,533400,12.418666666666661,0.07914666666666663,,,,
train_episode,533550,15.517866666666661,0.09978666666666663,,,,
train_episode,533700,13.770666666666676,0.08806400000000006,,,,
train_episode,533850,3.720533333333334,0.02162133333333334,,,,
train_episode,534000,11.50186666666667,0.07303466666666665,,,,
eval,534000,,,,,11.821653333333328,0.07521706666666662
train_episode,534150,11.901866666666672,0.07558400000000001,,,,
train_episode,534300,24.164800000000014,0.15733333333333338,,,,
train_episode,534450,12.908266666666668,0.08237866666666668,,,,
train_episode,534600,7.965866666666666,0.049536,,,,
train_episode,534750,12.802133333333336,0.08187733333333334,,,,
train_episode,534900,9.61706666666666,0.06065066666666662,,,,
train_episode,535050,11.454399999999998,0.07266133333333331,,,,
train_episode,535200,15.166933333333331,0.0974933333333333,,,,
train_episode,535350,12.7024,0.08107733333333332,,,,
train_episode,535500,20.070933333333333,0.12978133333333333,,,,
train_episode,535650,6.172800000000001,0.03788800000000001,,,,
train_episode,535800,12.165333333333336,0.07768533333333334,,,,
train_episode,535950,16.824000000000012,0.10855466666666667,,,,
train_episode,536100,11.745599999999996,0.07488,,,,
train_episode,536250,8.176,0.050848000000000004,,,,
train_episode,536400,9.068266666666664,0.05689599999999999,,,,
train_episode,536550,12.372799999999998,0.079232,,,,
train_episode,536700,11.993599999999992,0.07630933333333328,,,,
train_episode,536850,11.108799999999995,0.07063466666666661,,,,
train_episode,537000,6.444266666666667,0.03949866666666666,,,,
eval,537000,,,,,11.021119999999994,0.06995626666666663
train_episode,537150,11.759999999999996,0.07491199999999996,,,,
train_episode,537300,7.174400000000001,0.04434133333333334,,,,
train_episode,537450,9.150933333333327,0.0577173333333333,,,,
train_episode,537600,15.863999999999992,0.10211199999999994,,,,
train_episode,537750,13.25066666666667,0.08481066666666669,,,,
train_episode,537900,21.422399999999982,0.13911466666666653,,,,
train_episode,538050,14.75786666666667,0.09503999999999997,,,,
train_episode,538200,72.40959999999993,0.4819200000000002,,,,
train_episode,538350,8.33653333333333,0.052330666666666664,,,,
train_episode,538500,23.55360000000001,0.15300266666666676,,,,
train_episode,538650,13.493333333333341,0.08633600000000005,,,,
train_episode,538800,25.695466666666658,0.16733866666666655,,,,
train_episode,538950,17.778133333333304,0.11482666666666651,,,,
train_episode,539100,13.532266666666667,0.08669866666666666,,,,
train_episode,539250,15.02293333333333,0.09654399999999996,,,,
train_episode,539400,13.82666666666665,0.08874666666666657,,,,
train_episode,539550,11.221866666666664,0.07130666666666662,,,,
train_episode,539700,12.757333333333328,0.08148266666666663,,,,
train_episode,539850,9.106666666666666,0.057184000000000006,,,,
train_episode,540000,11.6256,0.07404799999999997,,,,
eval,540000,,,,,21.258559999999996,0.13810986666666664
train_episode,540150,28.067733333333322,0.18390399999999993,,,,
train_episode,540300,21.658666666666665,0.14077866666666666,,,,
train_episode,540450,16.76640000000002,0.10835199999999996,,,,
train_episode,540600,18.498133333333325,0.11964799999999996,,,,
train_episode,540750,16.439999999999994,0.10620799999999996,,,,
train_episode,540900,50.89653333333336,0.33670400000000017,,,,
train_episode,541050,23.357333333333326,0.15204266666666666,,,,
train_episode,541200,18.341866666666636,0.11889066666666648,,,,
train_episode,541350,15.514133333333339,0.10010666666666672,,,,
train_episode,541500,18.652266666666648,0.12077866666666656,,,,
train_episode,541650,13.686399999999992,0.08751999999999995,,,,
train_episode,541800,12.705599999999992,0.08131199999999991,,,,
train_episode,541950,12.077866666666658,0.07704533333333327,,,,
train_episode,542100,13.065600000000002,0.08355199999999996,,,,
train_episode,542250,26.862933333333316,0.17572266666666644,,,,
train_episode,542400,19.682666666666638,0.12765866666666648,,,,
train_episode,542550,30.021333333333335,0.1969173333333333,,,,
train_episode,542700,12.516266666666661,0.07972266666666662,,,,
train_episode,542850,8.674666666666662,0.054111999999999986,,,,
train_episode,543000,18.05973333333329,0.11661866666666647,,,,
eval,543000,,,,,19.482239999999997,0.12634879999999996
train_episode,543150,13.417066666666667,0.08565333333333335,,,,
train_episode,543300,24.332800000000006,0.1589546666666667,,,,
train_episode,543450,31.629866666666658,0.20763733333333328,,,,
train_episode,543600,17.9504,0.11594666666666664,,,,
train_episode,543750,15.842133333333326,0.10220799999999997,,,,
train_episode,543900,13.978133333333334,0.08986666666666668,,,,
train_episode,544050,18.55200000000001,0.12004266666666666,,,,
train_episode,544200,37.72959999999998,0.24929066666666666,,,,
train_episode,544350,61.28960000000001,0.40672,,,,
train_episode,544500,23.015999999999988,0.14969599999999994,,,,
train_episode,544650,21.59626666666668,0.14024533333333342,,,,
train_episode,544800,19.997866666666678,0.12978133333333344,,,,
train_episode,544950,21.221866666666664,0.13764266666666658,,,,
train_episode,545100,17.009600000000006,0.11001599999999999,,,,
train_episode,545250,27.44479999999999,0.17894399999999996,,,,
train_episode,545400,23.506666666666675,0.15323733333333342,,,,
train_episode,545550,28.833066666666657,0.18837333333333325,,,,
train_episode,545700,9.577599999999995,0.06019199999999999,,,,
train_episode,545850,22.394666666666666,0.14573866666666663,,,,
train_episode,546000,22.11306666666662,0.14354133333333305,,,,
eval,546000,,,,,30.031786666666665,0.1968832
train_episode,546150,35.47946666666663,0.23335466666666657,,,,
train_episode,546300,41.973866666666694,0.2762773333333333,,,,
train_episode,546450,6.2725333333333335,0.03856000000000001,,,,
train_episode,546600,10.379733333333322,0.06602666666666658,,,,
train_episode,546750,10.66773333333332,0.0675839999999999,,,,
train_episode,546900,19.981866666666658,0.1296533333333333,,,,
train_episode,547050,15.347199999999996,0.09857066666666663,,,,
train_episode,547200,27.070399999999985,0.17726933333333328,,,,
train_episode,547350,53.1893333333333,0.35251199999999994,,,,
train_episode,547500,43.71786666666668,0.28932266666666673,,,,
train_episode,547650,60.341866666666654,0.4010026666666668,,,,
train_episode,547800,73.97546666666666,0.4920533333333332,,,,
train_episode,547950,77.3866666666667,0.5151679999999998,,,,
train_episode,548100,71.33973333333336,0.4759573333333334,,,,
train_episode,548250,95.67786666666669,0.6387306666666667,,,,
train_episode,548400,82.8869333333333,0.5520746666666667,,,,
train_episode,548550,95.712,0.6385386666666666,,,,
train_episode,548700,77.66666666666673,0.5170026666666667,,,,
train_episode,548850,70.91253333333336,0.4711999999999998,,,,
train_episode,549000,71.25439999999999,0.4738026666666668,,,,
eval,549000,,,,,50.56458666666667,0.33502293333333333
train_episode,549150,54.28479999999996,0.3588373333333334,,,,
train_episode,549300,27.796800000000022,0.18188800000000008,,,,
train_episode,549450,12.66986666666666,0.08101333333333327,,,,
train_episode,549600,31.103999999999992,0.2043413333333333,,,,
train_episode,549750,19.686400000000006,0.1273386666666667,,,,
train_episode,549900,13.874133333333319,0.08885333333333323,,,,
train_episode,550050,14.030933333333325,0.08989866666666661,,,,
train_episode,550200,15.874666666666661,0.10207999999999998,,,,
train_episode,550350,21.21759999999999,0.13809066666666653,,,,
train_episode,550500,25.4224,0.16599466666666665,,,,
train_episode,550650,34.19413333333336,0.22449066666666675,,,,
train_episode,550800,26.822399999999984,0.17518933333333322,,,,
train_episode,550950,21.587733333333325,0.140512,,,,
train_episode,551100,21.672533333333327,0.14111999999999994,,,,
train_episode,551250,27.89013333333334,0.18309333333333336,,,,
train_episode,551400,28.668800000000022,0.1876480000000001,,,,
train_episode,551550,38.760533333333356,0.25601066666666683,,,,
train_episode,551700,23.016000000000005,0.15037866666666672,,,,
train_episode,551850,39.879999999999974,0.26318933333333333,,,,
train_episode,552000,40.92319999999998,0.2698453333333334,,,,
eval,552000,,,,,34.79936000000001,0.22887253333333346
train_episode,552150,37.24000000000002,0.24492800000000012,,,,
train_episode,552300,27.662400000000034,0.1806826666666669,,,,
train_episode,552450,12.081599999999987,0.07718399999999992,,,,
train_episode,552600,12.07733333333332,0.07701333333333324,,,,
train_episode,552750,15.617599999999992,0.10065066666666662,,,,
train_episode,552900,13.04693333333331,0.08324266666666652,,,,
train_episode,553050,11.769066666666662,0.07498666666666662,,,,
train_episode,553200,11.492799999999999,0.0729493333333333,,,,
train_episode,553350,17.06986666666666,0.11011199999999997,,,,
train_episode,553500,12.900799999999993,0.08241066666666662,,,,
train_episode,553650,12.110933333333328,0.0770666666666666,,,,
train_episode,553800,26.538666666666657,0.17361066666666664,,,,
train_episode,553950,27.28586666666666,0.17851733333333325,,,,
train_episode,554100,25.906133333333305,0.16925866666666653,,,,
train_episode,554250,25.09013333333333,0.16395733333333332,,,,
train_episode,554400,33.56906666666669,0.22045866666666683,,,,
train_episode,554550,31.88159999999999,0.2094293333333333,,,,
train_episode,554700,32.49920000000001,0.21362133333333347,,,,
train_episode,554850,50.32960000000002,0.3327786666666666,,,,
train_episode,555000,19.754133333333336,0.12799999999999997,,,,
eval,555000,,,,,21.72437333333333,0.14101546666666667
train_episode,555150,24.90239999999997,0.16230399999999987,,,,
train_episode,555300,32.50293333333333,0.21350400000000003,,,,
train_episode,555450,27.63840000000001,0.1815360000000001,,,,
train_episode,555600,23.644799999999996,0.1544853333333333,,,,
train_episode,555750,29.395733333333336,0.19268266666666667,,,,
train_episode,555900,44.42293333333335,0.29323733333333313,,,,
train_episode,556050,14.140266666666664,0.09066666666666666,,,,
train_episode,556200,33.586666666666694,0.22086400000000017,,,,
train_episode,556350,51.46080000000002,0.3404373333333335,,,,
train_episode,556500,37.2384,0.24512,,,,
train_episode,556650,33.86506666666669,0.22362666666666683,,,,
train_episode,556800,57.54773333333337,0.38235733333333344,,,,
train_episode,556950,61.19946666666666,0.40566400000000014,,,,
train_episode,557100,27.213866666666668,0.17835733333333334,,,,
train_episode,557250,32.45173333333334,0.2134293333333334,,,,
train_episode,557400,46.60213333333333,0.308288,,,,
train_episode,557550,31.83466666666668,0.2087680000000001,,,,
train_episode,557700,36.43626666666669,0.2399466666666667,,,,
train_episode,557850,37.09439999999999,0.24465066666666668,,,,
train_episode,558000,25.814400000000013,0.1686826666666667,,,,
eval,558000,,,,,28.781546666666667,0.18868906666666665
train_episode,558150,38.6272,0.25442133333333333,,,,
train_episode,558300,28.603733333333327,0.18760533333333324,,,,
train_episode,558450,26.037333333333322,0.1701866666666666,,,,
train_episode,558600,30.110933333333325,0.1975253333333333,,,,
train_episode,558750,35.71253333333334,0.23439999999999997,,,,
train_episode,558900,46.64853333333332,0.3089386666666664,,,,
train_episode,559050,75.6624,0.5042133333333336,,,,
train_episode,559200,74.32320000000001,0.49429333333333336,,,,
train_episode,559350,59.60319999999997,0.39637333333333336,,,,
train_episode,559500,73.88373333333332,0.49165866666666685,,,,
train_episode,559650,70.67839999999997,0.4711893333333333,,,,
train_episode,559800,81.20479999999999,0.541984,,,,
train_episode,559950,62.49493333333333,0.4165333333333335,,,,
train_episode,560100,72.4544,0.4829120000000001,,,,
train_episode,560250,58.987199999999994,0.392032,,,,
train_episode,560400,52.632533333333356,0.3484373333333335,,,,
train_episode,560550,72.23893333333332,0.4810026666666668,,,,
train_episode,560700,88.52906666666671,0.5904533333333336,,,,
train_episode,560850,83.1488,0.555210666666667,,,,
train_episode,561000,99.75253333333339,0.6656000000000003,,,,
eval,561000,,,,,96.67658666666668,0.6450858666666669
train_episode,561150,102.30239999999999,0.6831679999999998,,,,
train_episode,561300,87.04800000000002,0.5806186666666674,,,,
train_episode,561450,90.09066666666665,0.600650666666667,,,,
train_episode,561600,79.04266666666668,0.5265279999999999,,,,
train_episode,561750,81.52373333333328,0.543285333333333,,,,
train_episode,561900,56.741866666666645,0.37662933333333326,,,,
train_episode,562050,61.10560000000004,0.40559999999999996,,,,
train_episode,562200,51.03839999999998,0.33854933333333326,,,,
train_episode,562350,43.76053333333331,0.2889813333333333,,,,
train_episode,562500,44.091733333333345,0.29094400000000015,,,,
train_episode,562650,61.97173333333332,0.4123093333333334,,,,
train_episode,562800,85.1168,0.5661653333333334,,,,
train_episode,562950,47.285333333333305,0.31325866666666646,,,,
train_episode,563100,57.53439999999999,0.38278400000000007,,,,
train_episode,563250,65.06933333333336,0.432906666666667,,,,
train_episode,563400,66.13279999999999,0.43970133333333344,,,,
train_episode,563550,50.62666666666667,0.3358933333333334,,,,
train_episode,563700,39.676266666666656,0.26158933333333323,,,,
train_episode,563850,34.264000000000024,0.22484266666666675,,,,
train_episode,564000,46.92586666666665,0.3100479999999999,,,,
eval,564000,,,,,47.36992,0.3134442666666667
train_episode,564150,49.97440000000003,0.331072,,,,
train_episode,564300,46.69813333333334,0.30923733333333336,,,,
train_episode,564450,73.67786666666665,0.4912106666666665,,,,
train_episode,564600,60.1770666666667,0.39988266666666694,,,,
train_episode,564750,32.20213333333333,0.2124053333333333,,,,
train_episode,564900,36.885866666666665,0.24338133333333337,,,,
train_episode,565050,41.700799999999994,0.2752959999999999,,,,
train_episode,565200,72.2752,0.48196266666666654,,,,
train_episode,565350,61.74186666666669,0.4095040000000004,,,,
train_episode,565500,48.33866666666667,0.32060799999999984,,,,
train_episode,565650,75.0512,0.5007466666666669,,,,
train_episode,565800,63.32853333333334,0.42115200000000014,,,,
train_episode,565950,68.56,0.45708800000000027,,,,
train_episode,566100,83.21226666666665,0.5539413333333333,,,,
train_episode,566250,59.62879999999998,0.3955413333333332,,,,
train_episode,566400,56.15413333333333,0.3723520000000002,,,,
train_episode,566550,73.14826666666664,0.48781866666666673,,,,
train_episode,566700,79.24426666666666,0.5283519999999998,,,,
train_episode,566850,52.470933333333306,0.3481493333333332,,,,
train_episode,567000,80.688,0.5380906666666665,,,,
eval,567000,,,,,69.82901333333332,0.464832
train_episode,567150,78.89813333333335,0.5262186666666667,,,,
train_episode,567300,79.49599999999997,0.5298879999999998,,,,
train_episode,567450,82.55573333333336,0.5506346666666668,,,,
train_episode,567600,70.1557333333333,0.4661226666666665,,,,
train_episode,567750,88.03040000000003,0.5870826666666669,,,,
train_episode,567900,101.8101333333334,0.6787413333333336,,,,
train_episode,568050,88.22026666666663,0.5893226666666664,,,,
train_episode,568200,84.37333333333333,0.5627520000000003,,,,
train_episode,568350,89.16746666666671,0.5950826666666665,,,,
train_episode,568500,67.80426666666665,0.45120000000000005,,,,
train_episode,568650,66.2944,0.44168533333333326,,,,
train_episode,568800,69.9658666666667,0.46523733333333334,,,,
train_episode,568950,58.07200000000004,0.3851413333333335,,,,
train_episode,569100,89.20800000000006,0.5946240000000002,,,,
train_episode,569250,72.38346666666666,0.4824213333333331,,,,
train_episode,569400,104.47573333333331,0.6982186666666665,,,,
train_episode,569550,105.9018666666667,0.7072426666666668,,,,
train_episode,569700,98.55733333333333,0.6572906666666668,,,,
train_episode,569850,101.15039999999999,0.6749333333333337,,,,
train_episode,570000,78.45866666666669,0.5241173333333335,,,,
eval,570000,,,,,97.64245333333335,0.6518357333333332
train_episode,570150,112.25493333333335,0.7496959999999998,,,,
train_episode,570300,83.45813333333334,0.5557226666666669,,,,
train_episode,570450,62.85066666666665,0.41745066666666636,,,,
train_episode,570600,73.29173333333334,0.4874986666666665,,,,
train_episode,570750,76.21813333333336,0.5067093333333332,,,,
train_episode,570900,58.15306666666665,0.3862613333333332,,,,
train_episode,571050,83.55039999999997,0.5560746666666668,,,,
train_episode,571200,68.3888,0.45385600000000004,,,,
train_episode,571350,91.74666666666658,0.6124159999999995,,,,
train_episode,571500,84.2501333333333,0.5621546666666665,,,,
train_episode,571650,66.90186666666669,0.4456106666666665,,,,
train_episode,571800,88.75786666666659,0.5922133333333333,,,,
train_episode,571950,98.44853333333336,0.6574506666666667,,,,
train_episode,572100,114.47253333333333,0.7643200000000001,,,,
train_episode,572250,82.3685333333333,0.5489280000000003,,,,
train_episode,572400,89.5658666666667,0.5979519999999999,,,,
train_episode,572550,96.97226666666668,0.6458986666666668,,,,
train_episode,572700,96.69066666666669,0.6450133333333333,,,,
train_episode,572850,77.31146666666663,0.5164053333333332,,,,
train_episode,573000,88.7605333333333,0.59328,,,,
eval,573000,,,,,93.55989333333335,0.6242069333333335
train_episode,573150,95.00053333333337,0.6342080000000001,,,,
train_episode,573300,83.63413333333335,0.5576426666666668,,,,
train_episode,573450,62.21066666666664,0.412992,,,,
train_episode,573600,67.9365333333333,0.45235199999999964,,,,
train_episode,573750,92.05119999999998,0.6139733333333329,,,,
train_episode,573900,78.80266666666668,0.5261333333333335,,,,
train_episode,574050,72.12053333333334,0.4811413333333334,,,,
train_episode,574200,84.23680000000003,0.560992,,,,
train_episode,574350,61.61973333333334,0.40974933333333324,,,,
train_episode,574500,69.56266666666667,0.46237866666666655,,,,
train_episode,574650,81.63786666666664,0.5445866666666661,,,,
train_episode,574800,60.697066666666665,0.40287999999999985,,,,
train_episode,574950,36.05546666666667,0.23748266666666676,,,,
train_episode,575100,52.515200000000014,0.3479786666666667,,,,
train_episode,575250,76.72853333333335,0.5118933333333334,,,,
train_episode,575400,76.63253333333331,0.5094933333333331,,,,
train_episode,575550,66.63520000000001,0.44325333333333344,,,,
train_episode,575700,74.15626666666664,0.4938773333333331,,,,
train_episode,575850,78.63519999999998,0.5246826666666666,,,,
train_episode,576000,75.16053333333328,0.5000746666666669,,,,
eval,576000,,,,,59.85877333333332,0.397312
train_episode,576150,57.77226666666664,0.38364800000000004,,,,
train_episode,576300,75.42666666666669,0.5025813333333332,,,,
train_episode,576450,71.03946666666671,0.47223466666666686,,,,
train_episode,576600,32.99840000000001,0.21644800000000014,,,,
train_episode,576750,42.00746666666663,0.27687466666666666,,,,
train_episode,576900,62.79359999999999,0.41719466666666655,,,,
train_episode,577050,55.57973333333336,0.3689706666666667,,,,
train_episode,577200,63.995733333333334,0.42437333333333316,,,,
train_episode,577350,54.000000000000036,0.3584000000000001,,,,
train_episode,577500,42.4709333333333,0.27972266666666656,,,,
train_episode,577650,22.614933333333294,0.14730666666666642,,,,
train_episode,577800,104.21759999999999,0.6951360000000003,,,,
train_episode,577950,78.19040000000004,0.5209600000000001,,,,
train_episode,578100,87.64586666666668,0.5841706666666668,,,,
train_episode,578250,77.85439999999997,0.5184960000000001,,,,
train_episode,578400,67.49813333333336,0.4484159999999999,,,,
train_episode,578550,50.3344,0.33265066666666676,,,,
train_episode,578700,32.798933333333316,0.21534933333333334,,,,
train_episode,578850,37.94613333333333,0.2501653333333333,,,,
train_episode,579000,86.2272,0.5747520000000002,,,,
eval,579000,,,,,89.92618666666668,0.6001706666666665
train_episode,579150,61.21013333333334,0.40583466666666657,,,,
train_episode,579300,24.767999999999994,0.16172799999999998,,,,
train_episode,579450,27.7568,0.18176000000000003,,,,
train_episode,579600,40.06933333333334,0.2643519999999998,,,,
train_episode,579750,32.610133333333344,0.21441066666666675,,,,
train_episode,579900,78.11359999999999,0.5221973333333332,,,,
train_episode,580050,93.13973333333331,0.6215573333333334,,,,
train_episode,580200,86.92853333333333,0.5804160000000004,,,,
train_episode,580350,94.79626666666668,0.6322453333333335,,,,
train_episode,580500,99.8042666666667,0.6663680000000003,,,,
train_episode,580650,69.72426666666668,0.46311466666666623,,,,
train_episode,580800,70.23306666666669,0.4674986666666666,,,,
train_episode,580950,49.491199999999985,0.32807466666666674,,,,
train_episode,581100,60.86133333333335,0.40391466666666676,,,,
train_episode,581250,74.62079999999997,0.4961706666666667,,,,
train_episode,581400,53.29600000000002,0.35432533333333344,,,,
train_episode,581550,83.71786666666668,0.5572693333333335,,,,
train_episode,581700,91.4597333333334,0.6103040000000001,,,,
train_episode,581850,90.35520000000001,0.6025386666666664,,,,
train_episode,582000,76.71733333333334,0.5110933333333332,,,,
eval,582000,,,,,102.44864,0.6838656000000001
train_episode,582150,89.83093333333332,0.5987733333333334,,,,
train_episode,582300,97.72853333333333,0.6511466666666665,,,,
train_episode,582450,61.969600000000014,0.4102613333333335,,,,
train_episode,582600,69.70719999999999,0.46341333333333334,,,,
train_episode,582750,72.7226666666667,0.4839680000000004,,,,
train_episode,582900,78.85546666666671,0.5258026666666669,,,,
train_episode,583050,83.94346666666667,0.5585600000000001,,,,
train_episode,583200,59.68533333333332,0.39646933333333334,,,,
train_episode,583350,25.173333333333318,0.16422399999999984,,,,
train_episode,583500,84.91946666666668,0.5654186666666664,,,,
train_episode,583650,47.84586666666668,0.31706666666666655,,,,
train_episode,583800,28.504000000000016,0.18679466666666675,,,,
train_episode,583950,22.799466666666667,0.14857599999999993,,,,
train_episode,584100,59.36693333333334,0.3949226666666668,,,,
train_episode,584250,50.25120000000002,0.3329493333333335,,,,
train_episode,584400,53.864,0.3570773333333334,,,,
train_episode,584550,54.277866666666654,0.3590186666666664,,,,
train_episode,584700,22.690133333333275,0.14750933333333296,,,,
train_episode,584850,19.069333333333336,0.12336000000000004,,,,
train_episode,585000,80.25066666666667,0.5342826666666668,,,,
eval,585000,,,,,31.079893333333324,0.2037461333333333
train_episode,585150,40.38826666666668,0.26627199999999995,,,,
train_episode,585300,27.24693333333333,0.17812266666666662,,,,
train_episode,585450,22.820799999999984,0.14876799999999993,,,,
train_episode,585600,13.38133333333332,0.08547199999999992,,,,
train_episode,585750,57.26720000000001,0.37914666666666685,,,,
train_episode,585900,54.750399999999985,0.363552,,,,
train_episode,586050,40.231466666666655,0.2658666666666666,,,,
train_episode,586200,63.51519999999998,0.4222186666666667,,,,
train_episode,586350,52.649066666666684,0.34892799999999985,,,,
train_episode,586500,83.37173333333332,0.5560319999999999,,,,
train_episode,586650,84.60213333333336,0.5635733333333331,,,,
train_episode,586800,79.06240000000004,0.5276373333333331,,,,
train_episode,586950,104.09333333333333,0.6953066666666669,,,,
train_episode,587100,116.97280000000003,0.7815679999999999,,,,
train_episode,587250,113.98133333333337,0.7612373333333334,,,,
train_episode,587400,104.00746666666666,0.6948799999999997,,,,
train_episode,587550,97.88160000000003,0.6528746666666667,,,,
train_episode,587700,74.03999999999996,0.4931093333333332,,,,
train_episode,587850,13.28426666666666,0.08467199999999998,,,,
train_episode,588000,37.459733333333325,0.24617600000000006,,,,
eval,588000,,,,,25.357653333333335,0.1653290666666667
train_episode,588150,25.18506666666666,0.16416,,,,
train_episode,588300,22.38506666666664,0.14542933333333308,,,,
train_episode,588450,13.863999999999997,0.08908799999999997,,,,
train_episode,588600,42.04479999999998,0.2787093333333333,,,,
train_episode,588750,41.2208,0.2732053333333332,,,,
train_episode,588900,57.83893333333336,0.3855466666666667,,,,
train_episode,589050,70.89919999999998,0.471744,,,,
train_episode,589200,44.366933333333364,0.29239466666666675,,,,
train_episode,589350,37.5461333333333,0.24776533333333323,,,,
train_episode,589500,29.862933333333334,0.19539199999999998,,,,
train_episode,589650,54.384533333333316,0.36119466666666683,,,,
train_episode,589800,69.07626666666665,0.4596693333333333,,,,
train_episode,589950,66.50399999999999,0.44270933333333307,,,,
train_episode,590100,51.30186666666665,0.3403840000000001,,,,
train_episode,590250,40.247466666666654,0.2654613333333333,,,,
train_episode,590400,47.43413333333335,0.3132479999999999,,,,
train_episode,590550,50.31200000000001,0.33302400000000004,,,,
train_episode,590700,60.59786666666669,0.4019413333333332,,,,
train_episode,590850,40.81813333333336,0.2693333333333333,,,,
train_episode,591000,50.96373333333334,0.3382293333333335,,,,
eval,591000,,,,,62.675733333333326,0.41618773333333337
train_episode,591150,41.86879999999998,0.2756373333333334,,,,
train_episode,591300,62.712000000000025,0.41689600000000016,,,,
train_episode,591450,100.00693333333338,0.6678506666666667,,,,
train_episode,591600,100.02773333333342,0.6677759999999999,,,,
train_episode,591750,87.6752,0.5854186666666669,,,,
train_episode,591900,114.27893333333333,0.762869333333333,,,,
train_episode,592050,111.98079999999999,0.7480746666666667,,,,
train_episode,592200,108.95573333333328,0.7269013333333334,,,,
train_episode,592350,97.12959999999998,0.6479573333333332,,,,
train_episode,592500,100.75893333333335,0.6714666666666669,,,,
train_episode,592650,88.99040000000004,0.594037333333333,,,,
train_episode,592800,99.60213333333334,0.664928,,,,
train_episode,592950,80.9504,0.5390186666666669,,,,
train_episode,593100,72.74826666666667,0.48449066666666635,,,,
train_episode,593250,106.66133333333335,0.7125226666666663,,,,
train_episode,593400,96.10933333333332,0.6410453333333335,,,,
train_episode,593550,85.98186666666666,0.5736213333333333,,,,
train_episode,593700,108.02613333333329,0.7208426666666671,,,,
train_episode,593850,107.27360000000003,0.7163519999999997,,,,
train_episode,594000,103.07199999999993,0.6886399999999999,,,,
eval,594000,,,,,105.51167999999998,0.7045098666666666
train_episode,594150,108.08586666666665,0.7214186666666669,,,,
train_episode,594300,109.06080000000003,0.7280640000000005,,,,
train_episode,594450,117.71573333333332,0.786336,,,,
train_episode,594600,108.51359999999998,0.7246400000000004,,,,
train_episode,594750,101.47466666666666,0.6771840000000005,,,,
train_episode,594900,100.94453333333337,0.6745386666666671,,,,
train_episode,595050,95.12266666666667,0.634666666666667,,,,
train_episode,595200,85.63893333333338,0.5701013333333329,,,,
train_episode,595350,56.56533333333334,0.3750933333333335,,,,
train_episode,595500,77.29919999999998,0.5145386666666664,,,,
train_episode,595650,73.8768,0.4916160000000001,,,,
train_episode,595800,49.942400000000006,0.33020800000000006,,,,
train_episode,595950,25.080533333333335,0.1640106666666667,,,,
train_episode,596100,61.012266666666676,0.4061866666666666,,,,
train_episode,596250,105.84960000000004,0.7076586666666668,,,,
train_episode,596400,114.91733333333336,0.7668373333333331,,,,
train_episode,596550,93.87573333333333,0.6269226666666669,,,,
train_episode,596700,112.63093333333329,0.7526506666666667,,,,
train_episode,596850,103.41279999999996,0.6909759999999999,,,,
train_episode,597000,96.32746666666665,0.643168,,,,
eval,597000,,,,,113.43701333333331,0.7572927999999998
train_episode,597150,112.7429333333333,0.7527360000000001,,,,
train_episode,597300,75.68373333333332,0.5039253333333336,,,,
train_episode,597450,70.04479999999998,0.46697599999999995,,,,
train_episode,597600,87.11359999999998,0.5818239999999999,,,,
train_episode,597750,111.6016,0.7456426666666667,,,,
train_episode,597900,99.04799999999999,0.6617066666666666,,,,
train_episode,598050,111.78026666666663,0.7448746666666667,,,,
train_episode,598200,101.78080000000004,0.6788266666666668,,,,
train_episode,598350,87.3946666666667,0.5829333333333334,,,,
train_episode,598500,113.23520000000005,0.7562879999999997,,,,
train_episode,598650,103.98506666666664,0.6933546666666667,,,,
train_episode,598800,103.21173333333336,0.688736,,,,
train_episode,598950,114.84746666666665,0.7670186666666664,,,,
train_episode,599100,106.78773333333334,0.7129493333333332,,,,
train_episode,599250,118.64053333333334,0.7927040000000002,,,,
train_episode,599400,114.33920000000008,0.763562666666667,,,,
train_episode,599550,110.48533333333336,0.7358613333333334,,,,
train_episode,599700,117.26186666666668,0.7828906666666672,,,,
train_episode,599850,106.97919999999996,0.7145279999999999,,,,
train_episode,600000,114.02986666666665,0.760981333333333,,,,
eval,600000,,,,,117.31712000000002,0.7831232
